Setting printing level to: INFO
parameter T_imu_cam not found, trying T_cam_imu instead (will return T_imu_cam still)!
parameter T_imu_cam not found, trying T_cam_imu instead (will return T_imu_cam still)!
parameter T_imu_cam not found, trying T_cam_imu instead (will return T_imu_cam still)!
parameter T_imu_cam not found, trying T_cam_imu instead (will return T_imu_cam still)!
parameter T_imu_cam not found, trying T_cam_imu instead (will return T_imu_cam still)!
parameter T_imu_cam not found, trying T_cam_imu instead (will return T_imu_cam still)!
parameter T_imu_cam not found, trying T_cam_imu instead (will return T_imu_cam still)!
parameter T_imu_cam not found, trying T_cam_imu instead (will return T_imu_cam still)!
parameter T_imu_cam not found, trying T_cam_imu instead (will return T_imu_cam still)!
parameter T_imu_cam not found, trying T_cam_imu instead (will return T_imu_cam still)!
subscribing to IMU: /alphasense/imu
subscribing to cam (mono): /alphasense/cam0/image_raw
subscribing to cam (mono): /alphasense/cam1/image_raw
subscribing to cam (mono): /alphasense/cam2/image_raw
subscribing to cam (mono): /alphasense/cam3/image_raw
subscribing to cam (mono): /alphasense/cam4/image_raw
[34m[TIME]: 0.0022 seconds total (457.0 hz, 2.81 ms behind)
[0m[34m[TIME]: 0.0013 seconds total (757.0 hz, 2.81 ms behind)
[0m[34m[TIME]: 0.0011 seconds total (885.0 hz, 2.81 ms behind)
[0m[34m[TIME]: 0.0012 seconds total (843.9 hz, 2.81 ms behind)
[0m[34m[TIME]: 0.0010 seconds total (979.4 hz, 2.81 ms behind)
[0m[34m[TIME]: 0.0040 seconds total (247.8 hz, 0.32 ms behind)
[0m[33m[init]: not enough feats to compute disp: 0,0 < 15
[0m[34m[TIME]: 0.0010 seconds total (969.0 hz, 0.32 ms behind)
[0m[33m[init]: not enough feats to compute disp: 0,0 < 15
[0m[34m[TIME]: 0.0010 seconds total (960.6 hz, 0.32 ms behind)
[0m[33m[init]: not enough feats to compute disp: 0,0 < 15
[0m[34m[TIME]: 0.0010 seconds total (1039.5 hz, 0.32 ms behind)
[0m[33m[init]: not enough feats to compute disp: 0,0 < 15
[0m[34m[TIME]: 0.0009 seconds total (1075.3 hz, 0.32 ms behind)
[0m[33m[init]: not enough feats to compute disp: 0,0 < 15
[0m[34m[TIME]: 0.0036 seconds total (278.1 hz, 0.33 ms behind)
[0m[33m[init]: not enough feats to compute disp: 0,0 < 15
[0m[34m[TIME]: 0.0009 seconds total (1071.8 hz, 0.33 ms behind)
[0m[33m[init]: not enough feats to compute disp: 0,0 < 15
[0m[34m[TIME]: 0.0005 seconds total (1848.4 hz, 0.33 ms behind)
[0m[33m[init]: not enough feats to compute disp: 0,0 < 15
[0m[34m[TIME]: 0.0005 seconds total (1818.2 hz, 0.33 ms behind)
[0m[33m[init]: not enough feats to compute disp: 0,0 < 15
[0m[34m[TIME]: 0.0006 seconds total (1805.1 hz, 0.33 ms behind)
[0m[33m[init]: not enough feats to compute disp: 0,0 < 15
[0m[34m[TIME]: 0.0036 seconds total (279.1 hz, 0.34 ms behind)
[0m[33m[init]: not enough feats to compute disp: 0,76 < 15
[0m[34m[TIME]: 0.0006 seconds total (1610.3 hz, 0.34 ms behind)
[0m[33m[init]: not enough feats to compute disp: 0,76 < 15
[0m[34m[TIME]: 0.0005 seconds total (1926.8 hz, 0.34 ms behind)
[0m[33m[init]: not enough feats to compute disp: 0,76 < 15
[0m[34m[TIME]: 0.0006 seconds total (1792.1 hz, 0.34 ms behind)
[0m[33m[init]: not enough feats to compute disp: 0,76 < 15
[0m[34m[TIME]: 0.0005 seconds total (1865.7 hz, 0.34 ms behind)
[0m[33m[init]: not enough feats to compute disp: 0,76 < 15
[0m[34m[TIME]: 0.0041 seconds total (243.1 hz, 0.35 ms behind)
[0m[33m[init]: not enough feats to compute disp: 0,76 < 15
[0m[34m[TIME]: 0.0008 seconds total (1315.8 hz, 0.35 ms behind)
[0m[33m[init]: not enough feats to compute disp: 0,76 < 15
[0m[34m[TIME]: 0.0007 seconds total (1459.9 hz, 0.35 ms behind)
[0m[33m[init]: not enough feats to compute disp: 0,76 < 15
[0m[34m[TIME]: 0.0007 seconds total (1529.1 hz, 0.35 ms behind)
[0m[33m[init]: not enough feats to compute disp: 0,76 < 15
[0m[34m[TIME]: 0.0006 seconds total (1567.4 hz, 0.35 ms behind)
[0m[33m[init]: not enough feats to compute disp: 0,76 < 15
[0m[34m[TIME]: 0.0039 seconds total (256.6 hz, 0.36 ms behind)
[0m[33m[init]: not enough feats to compute disp: 0,76 < 15
[0m[34m[TIME]: 0.0007 seconds total (1457.7 hz, 0.36 ms behind)
[0m[33m[init]: not enough feats to compute disp: 0,76 < 15
[0m[34m[TIME]: 0.0005 seconds total (1834.9 hz, 0.36 ms behind)
[0m[33m[init]: not enough feats to compute disp: 0,76 < 15
[0m[34m[TIME]: 0.0005 seconds total (1919.4 hz, 0.36 ms behind)
[0m[33m[init]: not enough feats to compute disp: 0,76 < 15
[0m[34m[TIME]: 0.0005 seconds total (1901.1 hz, 0.36 ms behind)
[0m[33m[init]: not enough feats to compute disp: 0,76 < 15
[0m[34m[TIME]: 0.0042 seconds total (240.8 hz, 0.12 ms behind)
[0m[33m[init]: not enough feats to compute disp: 0,76 < 15
[0m[34m[TIME]: 0.0006 seconds total (1555.2 hz, 0.12 ms behind)
[0m[33m[init]: not enough feats to compute disp: 0,76 < 15
[0m[34m[TIME]: 0.0005 seconds total (1879.7 hz, 0.12 ms behind)
[0m[33m[init]: not enough feats to compute disp: 0,76 < 15
[0m[34m[TIME]: 0.0006 seconds total (1697.8 hz, 0.12 ms behind)
[0m[33m[init]: not enough feats to compute disp: 0,76 < 15
[0m[34m[TIME]: 0.0005 seconds total (1883.2 hz, 0.12 ms behind)
[0m[33m[init]: not enough feats to compute disp: 0,76 < 15
[0m[34m[TIME]: 0.0041 seconds total (244.3 hz, 0.38 ms behind)
[0m[33m[init]: not enough feats to compute disp: 0,76 < 15
[0m[34m[TIME]: 0.0007 seconds total (1336.9 hz, 0.38 ms behind)
[0m[33m[init]: not enough feats to compute disp: 0,76 < 15
[0m[34m[TIME]: 0.0007 seconds total (1408.5 hz, 0.38 ms behind)
[0m[33m[init]: not enough feats to compute disp: 0,76 < 15
[0m[34m[TIME]: 0.0007 seconds total (1477.1 hz, 0.38 ms behind)
[0m[33m[init]: not enough feats to compute disp: 0,76 < 15
[0m[34m[TIME]: 0.0006 seconds total (1548.0 hz, 0.38 ms behind)
[0m[33m[init]: not enough feats to compute disp: 0,76 < 15
[0m[34m[TIME]: 0.0041 seconds total (243.0 hz, 0.14 ms behind)
[0m[33m[init]: not enough feats to compute disp: 0,76 < 15
[0m[34m[TIME]: 0.0006 seconds total (1550.4 hz, 0.14 ms behind)
[0m[33m[init]: not enough feats to compute disp: 0,76 < 15
[0m[34m[TIME]: 0.0006 seconds total (1751.3 hz, 0.14 ms behind)
[0m[33m[init]: not enough feats to compute disp: 0,76 < 15
[0m[34m[TIME]: 0.0007 seconds total (1390.8 hz, 0.14 ms behind)
[0m[33m[init]: not enough feats to compute disp: 0,76 < 15
[0m[34m[TIME]: 0.0007 seconds total (1483.7 hz, 0.14 ms behind)
[0m[33m[init]: not enough feats to compute disp: 0,76 < 15
[0m[34m[TIME]: 0.0050 seconds total (201.4 hz, 0.15 ms behind)
[0m[33m[init]: not enough feats to compute disp: 0,76 < 15
[0m[34m[TIME]: 0.0014 seconds total (698.3 hz, 0.15 ms behind)
[0m[33m[init]: not enough feats to compute disp: 0,76 < 15
[0m[34m[TIME]: 0.0014 seconds total (737.5 hz, 0.15 ms behind)
[0m[33m[init]: not enough feats to compute disp: 0,76 < 15
[0m[34m[TIME]: 0.0014 seconds total (738.6 hz, 0.15 ms behind)
[0m[33m[init]: not enough feats to compute disp: 0,76 < 15
[0m[34m[TIME]: 0.0014 seconds total (731.5 hz, 0.15 ms behind)
[0m[33m[init]: not enough feats to compute disp: 0,76 < 15
[0m[34m[TIME]: 0.0015 seconds total (653.2 hz, 0.16 ms behind)
[0m[33m[init]: not enough feats to compute disp: 0,76 < 15
[0m[34m[TIME]: 0.0006 seconds total (1658.4 hz, 0.16 ms behind)
[0m[33m[init]: not enough feats to compute disp: 0,76 < 15
[0m[34m[TIME]: 0.0005 seconds total (1828.2 hz, 0.16 ms behind)
[0m[33m[init]: not enough feats to compute disp: 0,76 < 15
[0m[34m[TIME]: 0.0005 seconds total (1845.0 hz, 0.16 ms behind)
[0m[33m[init]: not enough feats to compute disp: 0,76 < 15
[0m[34m[TIME]: 0.0005 seconds total (1821.5 hz, 0.16 ms behind)
[0m[33m[init]: not enough feats to compute disp: 0,76 < 15
[0m[34m[TIME]: 0.0011 seconds total (927.6 hz, 0.17 ms behind)
[0m[33m[init]: not enough feats to compute disp: 0,76 < 15
[0m[34m[TIME]: 0.0008 seconds total (1312.3 hz, 0.17 ms behind)
[0m[33m[init]: not enough feats to compute disp: 0,76 < 15
[0m[34m[TIME]: 0.0007 seconds total (1422.5 hz, 0.17 ms behind)
[0m[33m[init]: not enough feats to compute disp: 0,76 < 15
[0m[34m[TIME]: 0.0007 seconds total (1434.7 hz, 0.17 ms behind)
[0m[33m[init]: not enough feats to compute disp: 0,76 < 15
[0m[34m[TIME]: 0.0007 seconds total (1524.4 hz, 0.17 ms behind)
[0m[33m[init]: not enough feats to compute disp: 0,76 < 15
[0m[34m[TIME]: 0.0029 seconds total (347.8 hz, 0.18 ms behind)
[0m[33m[init]: not enough feats to compute disp: 0,76 < 15
[0m[34m[TIME]: 0.0005 seconds total (1828.2 hz, 0.18 ms behind)
[0m[33m[init]: not enough feats to compute disp: 0,76 < 15
[0m[34m[TIME]: 0.0005 seconds total (1972.4 hz, 0.18 ms behind)
[0m[33m[init]: not enough feats to compute disp: 0,76 < 15
[0m[34m[TIME]: 0.0005 seconds total (2032.5 hz, 0.18 ms behind)
[0m[33m[init]: not enough feats to compute disp: 0,76 < 15
[0m[34m[TIME]: 0.0005 seconds total (2123.1 hz, 0.18 ms behind)
[0m[33m[init]: not enough feats to compute disp: 0,76 < 15
[0m[34m[TIME]: 0.0042 seconds total (239.2 hz, 0.19 ms behind)
[0m[33m[init]: not enough feats to compute disp: 0,76 < 15
[0m[34m[TIME]: 0.0009 seconds total (1087.0 hz, 0.19 ms behind)
[0m[33m[init]: not enough feats to compute disp: 0,76 < 15
[0m[34m[TIME]: 0.0006 seconds total (1567.4 hz, 0.19 ms behind)
[0m[33m[init]: not enough feats to compute disp: 0,76 < 15
[0m[34m[TIME]: 0.0006 seconds total (1545.6 hz, 0.19 ms behind)
[0m[33m[init]: not enough feats to compute disp: 0,76 < 15
[0m[34m[TIME]: 0.0006 seconds total (1545.6 hz, 0.19 ms behind)
[0m[33m[init]: not enough feats to compute disp: 0,76 < 15
[0m[34m[TIME]: 0.0039 seconds total (256.5 hz, 0.20 ms behind)
[0m[33m[init]: not enough feats to compute disp: 0,89 < 15
[0m[34m[TIME]: 0.0006 seconds total (1700.7 hz, 0.20 ms behind)
[0m[33m[init]: not enough feats to compute disp: 0,89 < 15
[0m[34m[TIME]: 0.0006 seconds total (1683.5 hz, 0.20 ms behind)
[0m[33m[init]: not enough feats to compute disp: 0,89 < 15
[0m[34m[TIME]: 0.0006 seconds total (1795.3 hz, 0.20 ms behind)
[0m[33m[init]: not enough feats to compute disp: 0,89 < 15
[0m[34m[TIME]: 0.0005 seconds total (1869.2 hz, 0.20 ms behind)
[0m[33m[init]: not enough feats to compute disp: 0,89 < 15
[0m[34m[TIME]: 0.0041 seconds total (245.0 hz, 0.21 ms behind)
[0m[33m[init]: not enough feats to compute disp: 0,89 < 15
[0m[34m[TIME]: 0.0008 seconds total (1270.6 hz, 0.21 ms behind)
[0m[33m[init]: not enough feats to compute disp: 0,89 < 15
[0m[34m[TIME]: 0.0006 seconds total (1557.6 hz, 0.21 ms behind)
[0m[33m[init]: not enough feats to compute disp: 0,89 < 15
[0m[34m[TIME]: 0.0006 seconds total (1574.8 hz, 0.21 ms behind)
[0m[33m[init]: not enough feats to compute disp: 0,89 < 15
[0m[34m[TIME]: 0.0006 seconds total (1610.3 hz, 0.21 ms behind)
[0m[33m[init]: not enough feats to compute disp: 0,89 < 15
[0m[34m[TIME]: 0.0030 seconds total (328.3 hz, 0.22 ms behind)
[0m[33m[init]: not enough feats to compute disp: 0,89 < 15
[0m[34m[TIME]: 0.0006 seconds total (1602.6 hz, 0.22 ms behind)
[0m[33m[init]: not enough feats to compute disp: 0,89 < 15
[0m[34m[TIME]: 0.0005 seconds total (1821.5 hz, 0.22 ms behind)
[0m[33m[init]: not enough feats to compute disp: 0,89 < 15
[0m[34m[TIME]: 0.0006 seconds total (1718.2 hz, 0.22 ms behind)
[0m[33m[init]: not enough feats to compute disp: 0,89 < 15
[0m[34m[TIME]: 0.0005 seconds total (1980.2 hz, 0.22 ms behind)
[0m[33m[init]: not enough feats to compute disp: 0,89 < 15
[0m[34m[TIME]: 0.0040 seconds total (249.2 hz, 0.24 ms behind)
[0m[33m[init]: not enough feats to compute disp: 0,88 < 15
[0m[34m[TIME]: 0.0007 seconds total (1381.2 hz, 0.24 ms behind)
[0m[33m[init]: not enough feats to compute disp: 0,88 < 15
[0m[34m[TIME]: 0.0007 seconds total (1356.9 hz, 0.24 ms behind)
[0m[33m[init]: not enough feats to compute disp: 0,88 < 15
[0m[34m[TIME]: 0.0007 seconds total (1517.5 hz, 0.24 ms behind)
[0m[33m[init]: not enough feats to compute disp: 0,88 < 15
[0m[34m[TIME]: 0.0007 seconds total (1508.3 hz, 0.24 ms behind)
[0m[33m[init]: not enough feats to compute disp: 0,88 < 15
[0m[34m[TIME]: 0.0008 seconds total (1297.0 hz, 0.25 ms behind)
[0m[33m[init]: not enough feats to compute disp: 0,88 < 15
[0m[34m[TIME]: 0.0010 seconds total (1050.4 hz, 0.25 ms behind)
[0m[33m[init]: disparity is 0.111,0.214 (15.00 thresh)
[0m[33m[init]: failed static init: no accel jerk detected
[0m[34m[TIME]: 0.0006 seconds total (1757.5 hz, 0.25 ms behind)
[0m[33m[init]: disparity is 0.111,0.214 (15.00 thresh)
[0m[33m[init]: failed static init: no accel jerk detected
[0m[34m[TIME]: 0.0005 seconds total (1912.0 hz, 0.25 ms behind)
[0m[33m[init]: disparity is 0.111,0.214 (15.00 thresh)
[0m[33m[init]: failed static init: no accel jerk detected
[0m[34m[TIME]: 0.0005 seconds total (1912.0 hz, 0.25 ms behind)
[0m[33m[init]: disparity is 0.111,0.214 (15.00 thresh)
[0m[33m[init]: failed static init: no accel jerk detected
[0m[34m[TIME]: 0.0011 seconds total (911.6 hz, 0.26 ms behind)
[0m[33m[init]: disparity is 0.111,0.214 (15.00 thresh)
[0m[33m[init]: failed static init: no accel jerk detected
[0m[34m[TIME]: 0.0008 seconds total (1322.8 hz, 0.26 ms behind)
[0m[33m[init]: disparity is 0.140,0.189 (15.00 thresh)
[0m[33m[init]: failed static init: no accel jerk detected
[0m[34m[TIME]: 0.0007 seconds total (1499.3 hz, 0.26 ms behind)
[0m[33m[init]: disparity is 0.140,0.189 (15.00 thresh)
[0m[33m[init]: failed static init: no accel jerk detected
[0m[34m[TIME]: 0.0006 seconds total (1538.5 hz, 0.26 ms behind)
[0m[33m[init]: disparity is 0.140,0.189 (15.00 thresh)
[0m[33m[init]: failed static init: no accel jerk detected
[0m[34m[TIME]: 0.0006 seconds total (1626.0 hz, 0.26 ms behind)
[0m[33m[init]: disparity is 0.140,0.189 (15.00 thresh)
[0m[33m[init]: failed static init: no accel jerk detected
[0m[34m[TIME]: 0.0041 seconds total (244.1 hz, 0.27 ms behind)
[0m[33m[init]: disparity is 0.163,0.213 (15.00 thresh)
[0m[33m[init]: failed static init: no accel jerk detected
[0m[34m[TIME]: 0.0008 seconds total (1326.3 hz, 0.27 ms behind)
[0m[33m[init]: disparity is 0.163,0.213 (15.00 thresh)
[0m[33m[init]: failed static init: no accel jerk detected
[0m[34m[TIME]: 0.0006 seconds total (1623.4 hz, 0.27 ms behind)
[0m[33m[init]: disparity is 0.163,0.213 (15.00 thresh)
[0m[33m[init]: failed static init: no accel jerk detected
[0m[34m[TIME]: 0.0006 seconds total (1600.0 hz, 0.27 ms behind)
[0m[33m[init]: disparity is 0.163,0.213 (15.00 thresh)
[0m[33m[init]: failed static init: no accel jerk detected
[0m[34m[TIME]: 0.0007 seconds total (1474.9 hz, 0.27 ms behind)
[0m[33m[init]: disparity is 0.163,0.213 (15.00 thresh)
[0m[33m[init]: failed static init: no accel jerk detected
[0m[34m[TIME]: 0.0036 seconds total (276.0 hz, 0.28 ms behind)
[0m[33m[init]: disparity is 0.227,0.166 (15.00 thresh)
[0m[33m[init]: failed static init: no accel jerk detected
[0m[34m[TIME]: 0.0006 seconds total (1721.2 hz, 0.28 ms behind)
[0m[33m[init]: disparity is 0.227,0.166 (15.00 thresh)
[0m[33m[init]: failed static init: no accel jerk detected
[0m[34m[TIME]: 0.0006 seconds total (1652.9 hz, 0.28 ms behind)
[0m[33m[init]: disparity is 0.227,0.166 (15.00 thresh)
[0m[33m[init]: failed static init: no accel jerk detected
[0m[34m[TIME]: 0.0005 seconds total (2114.2 hz, 0.28 ms behind)
[0m[33m[init]: disparity is 0.227,0.166 (15.00 thresh)
[0m[33m[init]: failed static init: no accel jerk detected
[0m[34m[TIME]: 0.0005 seconds total (2004.0 hz, 0.28 ms behind)
[0m[33m[init]: disparity is 0.227,0.166 (15.00 thresh)
[0m[33m[init]: failed static init: no accel jerk detected
[0m[34m[TIME]: 0.0041 seconds total (244.9 hz, 0.04 ms behind)
[0m[33m[init]: disparity is 0.209,0.170 (15.00 thresh)
[0m[33m[init]: failed static init: no accel jerk detected
[0m[34m[TIME]: 0.0007 seconds total (1418.4 hz, 0.04 ms behind)
[0m[33m[init]: disparity is 0.209,0.170 (15.00 thresh)
[0m[33m[init]: failed static init: no accel jerk detected
[0m[34m[TIME]: 0.0007 seconds total (1375.5 hz, 0.04 ms behind)
[0m[33m[init]: disparity is 0.209,0.170 (15.00 thresh)
[0m[33m[init]: failed static init: no accel jerk detected
[0m[34m[TIME]: 0.0007 seconds total (1434.7 hz, 0.04 ms behind)
[0m[33m[init]: disparity is 0.209,0.170 (15.00 thresh)
[0m[33m[init]: failed static init: no accel jerk detected
[0m[34m[TIME]: 0.0006 seconds total (1562.5 hz, 0.04 ms behind)
[0m[33m[init]: disparity is 0.209,0.170 (15.00 thresh)
[0m[33m[init]: failed static init: no accel jerk detected
[0m[34m[TIME]: 0.0038 seconds total (262.7 hz, 0.30 ms behind)
[0m[33m[init]: disparity is 0.255,0.197 (15.00 thresh)
[0m[33m[init]: failed static init: no accel jerk detected
[0m[34m[TIME]: 0.0009 seconds total (1171.0 hz, 0.30 ms behind)
[0m[33m[init]: disparity is 0.255,0.197 (15.00 thresh)
[0m[33m[init]: failed static init: no accel jerk detected
[0m[34m[TIME]: 0.0005 seconds total (1956.9 hz, 0.30 ms behind)
[0m[33m[init]: disparity is 0.255,0.197 (15.00 thresh)
[0m[33m[init]: failed static init: no accel jerk detected
[0m[34m[TIME]: 0.0005 seconds total (1818.2 hz, 0.30 ms behind)
[0m[33m[init]: disparity is 0.255,0.197 (15.00 thresh)
[0m[33m[init]: failed static init: no accel jerk detected
[0m[34m[TIME]: 0.0005 seconds total (1926.8 hz, 0.30 ms behind)
[0m[33m[init]: disparity is 0.255,0.197 (15.00 thresh)
[0m[33m[init]: failed static init: no accel jerk detected
[0m[34m[TIME]: 0.0041 seconds total (241.5 hz, 0.06 ms behind)
[0m[33m[init]: disparity is 0.277,0.234 (15.00 thresh)
[0m[33m[init]: failed static init: no accel jerk detected
[0m[34m[TIME]: 0.0008 seconds total (1293.7 hz, 0.06 ms behind)
[0m[33m[init]: disparity is 0.277,0.234 (15.00 thresh)
[0m[33m[init]: failed static init: no accel jerk detected
[0m[34m[TIME]: 0.0007 seconds total (1440.9 hz, 0.06 ms behind)
[0m[33m[init]: disparity is 0.277,0.234 (15.00 thresh)
[0m[33m[init]: failed static init: no accel jerk detected
[0m[34m[TIME]: 0.0006 seconds total (1579.8 hz, 0.06 ms behind)
[0m[33m[init]: disparity is 0.277,0.234 (15.00 thresh)
[0m[33m[init]: failed static init: no accel jerk detected
[0m[34m[TIME]: 0.0006 seconds total (1579.8 hz, 0.06 ms behind)
[0m[33m[init]: disparity is 0.277,0.234 (15.00 thresh)
[0m[33m[init]: failed static init: no accel jerk detected
[0m[34m[TIME]: 0.0041 seconds total (241.2 hz, 0.32 ms behind)
[0m[33m[init]: disparity is 0.281,0.216 (15.00 thresh)
[0m[33m[init]: failed static init: no accel jerk detected
[0m[34m[TIME]: 0.0007 seconds total (1388.9 hz, 0.32 ms behind)
[0m[33m[init]: disparity is 0.281,0.216 (15.00 thresh)
[0m[33m[init]: failed static init: no accel jerk detected
[0m[34m[TIME]: 0.0006 seconds total (1652.9 hz, 0.32 ms behind)
[0m[33m[init]: disparity is 0.281,0.216 (15.00 thresh)
[0m[33m[init]: failed static init: no accel jerk detected
[0m[34m[TIME]: 0.0007 seconds total (1522.1 hz, 0.32 ms behind)
[0m[33m[init]: disparity is 0.281,0.216 (15.00 thresh)
[0m[33m[init]: failed static init: no accel jerk detected
[0m[34m[TIME]: 0.0007 seconds total (1340.5 hz, 0.32 ms behind)
[0m[33m[init]: disparity is 0.281,0.216 (15.00 thresh)
[0m[33m[init]: failed static init: no accel jerk detected
[0m[34m[TIME]: 0.0041 seconds total (246.7 hz, 0.08 ms behind)
[0m[33m[init]: disparity is 0.265,0.220 (15.00 thresh)
[0m[33m[init]: failed static init: no accel jerk detected
[0m[34m[TIME]: 0.0007 seconds total (1347.7 hz, 0.08 ms behind)
[0m[33m[init]: disparity is 0.265,0.220 (15.00 thresh)
[0m[33m[init]: failed static init: no accel jerk detected
[0m[34m[TIME]: 0.0007 seconds total (1499.3 hz, 0.08 ms behind)
[0m[33m[init]: disparity is 0.265,0.220 (15.00 thresh)
[0m[33m[init]: failed static init: no accel jerk detected
[0m[34m[TIME]: 0.0006 seconds total (1683.5 hz, 0.08 ms behind)
[0m[33m[init]: disparity is 0.265,0.220 (15.00 thresh)
[0m[33m[init]: failed static init: no accel jerk detected
[0m[34m[TIME]: 0.0006 seconds total (1628.7 hz, 0.08 ms behind)
[0m[33m[init]: disparity is 0.265,0.220 (15.00 thresh)
[0m[33m[init]: failed static init: no accel jerk detected
[0m[34m[TIME]: 0.0029 seconds total (345.7 hz, 0.09 ms behind)
[0m[33m[init]: disparity is 0.261,0.225 (15.00 thresh)
[0m[33m[init]: failed static init: no accel jerk detected
[0m[34m[TIME]: 0.0006 seconds total (1788.9 hz, 0.09 ms behind)
[0m[33m[init]: disparity is 0.261,0.225 (15.00 thresh)
[0m[33m[init]: failed static init: no accel jerk detected
[0m[34m[TIME]: 0.0005 seconds total (2096.4 hz, 0.09 ms behind)
[0m[33m[init]: disparity is 0.261,0.225 (15.00 thresh)
[0m[33m[init]: failed static init: no accel jerk detected
[0m[34m[TIME]: 0.0005 seconds total (2123.1 hz, 0.09 ms behind)
[0m[33m[init]: disparity is 0.261,0.225 (15.00 thresh)
[0m[33m[init]: failed static init: no accel jerk detected
[0m[34m[TIME]: 0.0005 seconds total (2100.8 hz, 0.09 ms behind)
[0m[33m[init]: disparity is 0.261,0.225 (15.00 thresh)
[0m[33m[init]: failed static init: no accel jerk detected
[0m[34m[TIME]: 0.0041 seconds total (243.9 hz, 0.10 ms behind)
[0m[33m[init]: disparity is 0.279,0.213 (15.00 thresh)
[0m[33m[init]: failed static init: no accel jerk detected
[0m[34m[TIME]: 0.0007 seconds total (1408.5 hz, 0.10 ms behind)
[0m[33m[init]: disparity is 0.279,0.213 (15.00 thresh)
[0m[33m[init]: failed static init: no accel jerk detected
[0m[34m[TIME]: 0.0006 seconds total (1618.1 hz, 0.10 ms behind)
[0m[33m[init]: disparity is 0.279,0.213 (15.00 thresh)
[0m[33m[init]: failed static init: no accel jerk detected
[0m[34m[TIME]: 0.0006 seconds total (1663.9 hz, 0.10 ms behind)
[0m[33m[init]: disparity is 0.279,0.213 (15.00 thresh)
[0m[33m[init]: failed static init: no accel jerk detected
[0m[34m[TIME]: 0.0006 seconds total (1552.8 hz, 0.10 ms behind)
[0m[33m[init]: disparity is 0.279,0.213 (15.00 thresh)
[0m[33m[init]: failed static init: no accel jerk detected
[0m[34m[TIME]: 0.0041 seconds total (245.9 hz, 0.11 ms behind)
[0m[33m[init]: disparity is 0.223,0.222 (15.00 thresh)
[0m[33m[init]: failed static init: no accel jerk detected
[0m[34m[TIME]: 0.0007 seconds total (1466.3 hz, 0.11 ms behind)
[0m[33m[init]: disparity is 0.223,0.222 (15.00 thresh)
[0m[33m[init]: failed static init: no accel jerk detected
[0m[34m[TIME]: 0.0006 seconds total (1582.3 hz, 0.11 ms behind)
[0m[33m[init]: disparity is 0.223,0.222 (15.00 thresh)
[0m[33m[init]: failed static init: no accel jerk detected
[0m[34m[TIME]: 0.0006 seconds total (1692.0 hz, 0.11 ms behind)
[0m[33m[init]: disparity is 0.223,0.222 (15.00 thresh)
[0m[33m[init]: failed static init: no accel jerk detected
[0m[34m[TIME]: 0.0006 seconds total (1644.7 hz, 0.11 ms behind)
[0m[33m[init]: disparity is 0.223,0.222 (15.00 thresh)
[0m[33m[init]: failed static init: no accel jerk detected
[0m[34m[TIME]: 0.0030 seconds total (328.7 hz, 0.12 ms behind)
[0m[33m[init]: disparity is 0.245,0.194 (15.00 thresh)
[0m[33m[init]: failed static init: no accel jerk detected
[0m[34m[TIME]: 0.0005 seconds total (1923.1 hz, 0.12 ms behind)
[0m[33m[init]: disparity is 0.245,0.194 (15.00 thresh)
[0m[33m[init]: failed static init: no accel jerk detected
[0m[34m[TIME]: 0.0005 seconds total (1996.0 hz, 0.12 ms behind)
[0m[33m[init]: disparity is 0.245,0.194 (15.00 thresh)
[0m[33m[init]: failed static init: no accel jerk detected
[0m[34m[TIME]: 0.0005 seconds total (2114.2 hz, 0.12 ms behind)
[0m[33m[init]: disparity is 0.245,0.194 (15.00 thresh)
[0m[33m[init]: failed static init: no accel jerk detected
[0m[34m[TIME]: 0.0005 seconds total (1934.2 hz, 0.12 ms behind)
[0m[33m[init]: disparity is 0.245,0.194 (15.00 thresh)
[0m[33m[init]: failed static init: no accel jerk detected
[0m[34m[TIME]: 0.0041 seconds total (243.6 hz, 0.13 ms behind)
[0m[33m[init]: disparity is 0.217,0.179 (15.00 thresh)
[0m[33m[init]: failed static init: no accel jerk detected
[0m[34m[TIME]: 0.0008 seconds total (1201.9 hz, 0.13 ms behind)
[0m[33m[init]: disparity is 0.217,0.179 (15.00 thresh)
[0m[33m[init]: failed static init: no accel jerk detected
[0m[34m[TIME]: 0.0005 seconds total (1876.2 hz, 0.13 ms behind)
[0m[33m[init]: disparity is 0.217,0.179 (15.00 thresh)
[0m[33m[init]: failed static init: no accel jerk detected
[0m[34m[TIME]: 0.0005 seconds total (2012.1 hz, 0.13 ms behind)
[0m[33m[init]: disparity is 0.217,0.179 (15.00 thresh)
[0m[33m[init]: failed static init: no accel jerk detected
[0m[34m[TIME]: 0.0005 seconds total (2016.1 hz, 0.13 ms behind)
[0m[33m[init]: disparity is 0.217,0.179 (15.00 thresh)
[0m[33m[init]: failed static init: no accel jerk detected
[0m[34m[TIME]: 0.0029 seconds total (339.1 hz, 0.14 ms behind)
[0m[33m[init]: disparity is 0.249,0.223 (15.00 thresh)
[0m[33m[init]: failed static init: no accel jerk detected
[0m[34m[TIME]: 0.0007 seconds total (1466.3 hz, 0.14 ms behind)
[0m[33m[init]: disparity is 0.249,0.223 (15.00 thresh)
[0m[33m[init]: failed static init: no accel jerk detected
[0m[34m[TIME]: 0.0005 seconds total (1824.8 hz, 0.14 ms behind)
[0m[33m[init]: disparity is 0.249,0.223 (15.00 thresh)
[0m[33m[init]: failed static init: no accel jerk detected
[0m[34m[TIME]: 0.0005 seconds total (2132.2 hz, 0.14 ms behind)
[0m[33m[init]: disparity is 0.249,0.223 (15.00 thresh)
[0m[33m[init]: failed static init: no accel jerk detected
[0m[34m[TIME]: 0.0005 seconds total (1988.1 hz, 0.14 ms behind)
[0m[33m[init]: disparity is 0.249,0.223 (15.00 thresh)
[0m[33m[init]: failed static init: no accel jerk detected
[0m[34m[TIME]: 0.0040 seconds total (248.3 hz, 0.15 ms behind)
[0m[33m[init]: disparity is 0.267,0.209 (15.00 thresh)
[0m[33m[init]: failed static init: no accel jerk detected
[0m[34m[TIME]: 0.0007 seconds total (1383.1 hz, 0.15 ms behind)
[0m[33m[init]: disparity is 0.267,0.209 (15.00 thresh)
[0m[33m[init]: failed static init: no accel jerk detected
[0m[34m[TIME]: 0.0006 seconds total (1592.4 hz, 0.15 ms behind)
[0m[33m[init]: disparity is 0.267,0.209 (15.00 thresh)
[0m[33m[init]: failed static init: no accel jerk detected
[0m[34m[TIME]: 0.0007 seconds total (1466.3 hz, 0.15 ms behind)
[0m[33m[init]: disparity is 0.267,0.209 (15.00 thresh)
[0m[33m[init]: failed static init: no accel jerk detected
[0m[34m[TIME]: 0.0006 seconds total (1626.0 hz, 0.15 ms behind)
[0m[33m[init]: disparity is 0.267,0.209 (15.00 thresh)
[0m[33m[init]: failed static init: no accel jerk detected
[0m[34m[TIME]: 0.0040 seconds total (252.2 hz, 0.16 ms behind)
[0m[33m[init]: disparity is 0.226,0.191 (15.00 thresh)
[0m[33m[init]: failed static init: no accel jerk detected
[0m[34m[TIME]: 0.0007 seconds total (1414.4 hz, 0.16 ms behind)
[0m[33m[init]: disparity is 0.226,0.191 (15.00 thresh)
[0m[33m[init]: failed static init: no accel jerk detected
[0m[34m[TIME]: 0.0006 seconds total (1636.7 hz, 0.16 ms behind)
[0m[33m[init]: disparity is 0.226,0.191 (15.00 thresh)
[0m[33m[init]: failed static init: no accel jerk detected
[0m[34m[TIME]: 0.0005 seconds total (2136.8 hz, 0.16 ms behind)
[0m[33m[init]: disparity is 0.226,0.191 (15.00 thresh)
[0m[33m[init]: failed static init: no accel jerk detected
[0m[34m[TIME]: 0.0005 seconds total (1964.6 hz, 0.16 ms behind)
[0m[33m[init]: disparity is 0.226,0.191 (15.00 thresh)
[0m[33m[init]: failed static init: no accel jerk detected
[0m[34m[TIME]: 0.0041 seconds total (246.2 hz, 0.17 ms behind)
[0m[33m[init]: disparity is 0.213,0.190 (15.00 thresh)
[0m[33m[init]: failed static init: no accel jerk detected
[0m[34m[TIME]: 0.0007 seconds total (1455.6 hz, 0.17 ms behind)
[0m[33m[init]: disparity is 0.213,0.190 (15.00 thresh)
[0m[33m[init]: failed static init: no accel jerk detected
[0m[34m[TIME]: 0.0006 seconds total (1672.2 hz, 0.17 ms behind)
[0m[33m[init]: disparity is 0.213,0.190 (15.00 thresh)
[0m[33m[init]: failed static init: no accel jerk detected
[0m[34m[TIME]: 0.0006 seconds total (1650.2 hz, 0.17 ms behind)
[0m[33m[init]: disparity is 0.213,0.190 (15.00 thresh)
[0m[33m[init]: failed static init: no accel jerk detected
[0m[34m[TIME]: 0.0007 seconds total (1377.4 hz, 0.17 ms behind)
[0m[33m[init]: disparity is 0.213,0.190 (15.00 thresh)
[0m[33m[init]: failed static init: no accel jerk detected
[0m[34m[TIME]: 0.0039 seconds total (253.7 hz, 0.18 ms behind)
[0m[33m[init]: disparity is 0.200,0.194 (15.00 thresh)
[0m[33m[init]: failed static init: no accel jerk detected
[0m[34m[TIME]: 0.0006 seconds total (1692.0 hz, 0.18 ms behind)
[0m[33m[init]: disparity is 0.200,0.194 (15.00 thresh)
[0m[33m[init]: failed static init: no accel jerk detected
[0m[34m[TIME]: 0.0005 seconds total (2012.1 hz, 0.18 ms behind)
[0m[33m[init]: disparity is 0.200,0.194 (15.00 thresh)
[0m[33m[init]: failed static init: no accel jerk detected
[0m[34m[TIME]: 0.0005 seconds total (2053.4 hz, 0.18 ms behind)
[0m[33m[init]: disparity is 0.200,0.194 (15.00 thresh)
[0m[33m[init]: failed static init: no accel jerk detected
[0m[34m[TIME]: 0.0005 seconds total (1968.5 hz, 0.18 ms behind)
[0m[33m[init]: disparity is 0.200,0.194 (15.00 thresh)
[0m[33m[init]: failed static init: no accel jerk detected
[0m[34m[TIME]: 0.0040 seconds total (248.1 hz, 0.19 ms behind)
[0m[33m[init]: disparity is 0.198,0.181 (15.00 thresh)
[0m[33m[init]: failed static init: no accel jerk detected
[0m[34m[TIME]: 0.0007 seconds total (1336.9 hz, 0.19 ms behind)
[0m[33m[init]: disparity is 0.198,0.181 (15.00 thresh)
[0m[33m[init]: failed static init: no accel jerk detected
[0m[34m[TIME]: 0.0006 seconds total (1592.4 hz, 0.19 ms behind)
[0m[33m[init]: disparity is 0.198,0.181 (15.00 thresh)
[0m[33m[init]: failed static init: no accel jerk detected
[0m[34m[TIME]: 0.0006 seconds total (1655.6 hz, 0.19 ms behind)
[0m[33m[init]: disparity is 0.198,0.181 (15.00 thresh)
[0m[33m[init]: failed static init: no accel jerk detected
[0m[34m[TIME]: 0.0006 seconds total (1610.3 hz, 0.19 ms behind)
[0m[33m[init]: disparity is 0.198,0.181 (15.00 thresh)
[0m[33m[init]: failed static init: no accel jerk detected
[0m[34m[TIME]: 0.0007 seconds total (1472.8 hz, 0.20 ms behind)
[0m[33m[init]: disparity is 0.198,0.181 (15.00 thresh)
[0m[33m[init]: failed static init: no accel jerk detected
[0m[34m[TIME]: 0.0007 seconds total (1410.4 hz, 0.20 ms behind)
[0m[33m[init]: disparity is 0.162,0.159 (15.00 thresh)
[0m[33m[init]: failed static init: no accel jerk detected
[0m[34m[TIME]: 0.0006 seconds total (1562.5 hz, 0.20 ms behind)
[0m[33m[init]: disparity is 0.162,0.159 (15.00 thresh)
[0m[33m[init]: failed static init: no accel jerk detected
[0m[34m[TIME]: 0.0006 seconds total (1658.4 hz, 0.20 ms behind)
[0m[33m[init]: disparity is 0.162,0.159 (15.00 thresh)
[0m[33m[init]: failed static init: no accel jerk detected
[0m[34m[TIME]: 0.0006 seconds total (1600.0 hz, 0.20 ms behind)
[0m[33m[init]: disparity is 0.162,0.159 (15.00 thresh)
[0m[33m[init]: failed static init: no accel jerk detected
[0m[34m[TIME]: 0.0010 seconds total (1048.2 hz, 0.21 ms behind)
[0m[33m[init]: disparity is 0.162,0.159 (15.00 thresh)
[0m[33m[init]: failed static init: no accel jerk detected
[0m[34m[TIME]: 0.0006 seconds total (1672.2 hz, 0.21 ms behind)
[0m[33m[init]: disparity is 0.173,0.183 (15.00 thresh)
[0m[33m[init]: failed static init: no accel jerk detected
[0m[34m[TIME]: 0.0005 seconds total (1862.2 hz, 0.21 ms behind)
[0m[33m[init]: disparity is 0.173,0.183 (15.00 thresh)
[0m[33m[init]: failed static init: no accel jerk detected
[0m[34m[TIME]: 0.0005 seconds total (2079.0 hz, 0.21 ms behind)
[0m[33m[init]: disparity is 0.173,0.183 (15.00 thresh)
[0m[33m[init]: failed static init: no accel jerk detected
[0m[34m[TIME]: 0.0005 seconds total (2197.8 hz, 0.21 ms behind)
[0m[33m[init]: disparity is 0.173,0.183 (15.00 thresh)
[0m[33m[init]: failed static init: no accel jerk detected
[0m[34m[TIME]: 0.0029 seconds total (350.3 hz, 0.22 ms behind)
[0m[33m[init]: disparity is 0.207,0.184 (15.00 thresh)
[0m[33m[init]: failed static init: no accel jerk detected
[0m[34m[TIME]: 0.0006 seconds total (1647.4 hz, 0.22 ms behind)
[0m[33m[init]: disparity is 0.207,0.184 (15.00 thresh)
[0m[33m[init]: failed static init: no accel jerk detected
[0m[34m[TIME]: 0.0005 seconds total (2079.0 hz, 0.22 ms behind)
[0m[33m[init]: disparity is 0.207,0.184 (15.00 thresh)
[0m[33m[init]: failed static init: no accel jerk detected
[0m[34m[TIME]: 0.0005 seconds total (1960.8 hz, 0.22 ms behind)
[0m[33m[init]: disparity is 0.207,0.184 (15.00 thresh)
[0m[33m[init]: failed static init: no accel jerk detected
[0m[34m[TIME]: 0.0005 seconds total (2028.4 hz, 0.22 ms behind)
[0m[33m[init]: disparity is 0.207,0.184 (15.00 thresh)
[0m[33m[init]: failed static init: no accel jerk detected
[0m[34m[TIME]: 0.0041 seconds total (242.0 hz, 0.24 ms behind)
[0m[33m[init]: disparity is 0.240,0.192 (15.00 thresh)
[0m[33m[init]: failed static init: no accel jerk detected
[0m[34m[TIME]: 0.0007 seconds total (1426.5 hz, 0.24 ms behind)
[0m[33m[init]: disparity is 0.240,0.192 (15.00 thresh)
[0m[33m[init]: failed static init: no accel jerk detected
[0m[34m[TIME]: 0.0005 seconds total (2083.3 hz, 0.24 ms behind)
[0m[33m[init]: disparity is 0.240,0.192 (15.00 thresh)
[0m[33m[init]: failed static init: no accel jerk detected
[0m[34m[TIME]: 0.0005 seconds total (2169.2 hz, 0.24 ms behind)
[0m[33m[init]: disparity is 0.240,0.192 (15.00 thresh)
[0m[33m[init]: failed static init: no accel jerk detected
[0m[34m[TIME]: 0.0005 seconds total (2145.9 hz, 0.24 ms behind)
[0m[33m[init]: disparity is 0.240,0.192 (15.00 thresh)
[0m[33m[init]: failed static init: no accel jerk detected
[0m[34m[TIME]: 0.0031 seconds total (319.7 hz, 0.25 ms behind)
[0m[33m[init]: disparity is 0.231,0.171 (15.00 thresh)
[0m[33m[init]: failed static init: no accel jerk detected
[0m[34m[TIME]: 0.0006 seconds total (1782.5 hz, 0.25 ms behind)
[0m[33m[init]: disparity is 0.231,0.171 (15.00 thresh)
[0m[33m[init]: failed static init: no accel jerk detected
[0m[34m[TIME]: 0.0005 seconds total (2087.7 hz, 0.25 ms behind)
[0m[33m[init]: disparity is 0.231,0.171 (15.00 thresh)
[0m[33m[init]: failed static init: no accel jerk detected
[0m[34m[TIME]: 0.0005 seconds total (2136.8 hz, 0.25 ms behind)
[0m[33m[init]: disparity is 0.231,0.171 (15.00 thresh)
[0m[33m[init]: failed static init: no accel jerk detected
[0m[34m[TIME]: 0.0005 seconds total (1912.0 hz, 0.25 ms behind)
[0m[33m[init]: disparity is 0.231,0.171 (15.00 thresh)
[0m[33m[init]: failed static init: no accel jerk detected
[0m[34m[TIME]: 0.0040 seconds total (248.2 hz, 0.26 ms behind)
[0m[33m[init]: disparity is 0.224,0.202 (15.00 thresh)
[0m[33m[init]: failed static init: no accel jerk detected
[0m[34m[TIME]: 0.0008 seconds total (1312.3 hz, 0.26 ms behind)
[0m[33m[init]: disparity is 0.224,0.202 (15.00 thresh)
[0m[33m[init]: failed static init: no accel jerk detected
[0m[34m[TIME]: 0.0007 seconds total (1522.1 hz, 0.26 ms behind)
[0m[33m[init]: disparity is 0.224,0.202 (15.00 thresh)
[0m[33m[init]: failed static init: no accel jerk detected
[0m[34m[TIME]: 0.0007 seconds total (1430.6 hz, 0.26 ms behind)
[0m[33m[init]: disparity is 0.224,0.202 (15.00 thresh)
[0m[33m[init]: failed static init: no accel jerk detected
[0m[34m[TIME]: 0.0005 seconds total (1938.0 hz, 0.26 ms behind)
[0m[33m[init]: disparity is 0.224,0.202 (15.00 thresh)
[0m[33m[init]: failed static init: no accel jerk detected
[0m[34m[TIME]: 0.0031 seconds total (322.8 hz, 0.27 ms behind)
[0m[33m[init]: disparity is 0.229,0.238 (15.00 thresh)
[0m[33m[init]: failed static init: no accel jerk detected
[0m[34m[TIME]: 0.0006 seconds total (1555.2 hz, 0.27 ms behind)
[0m[33m[init]: disparity is 0.229,0.238 (15.00 thresh)
[0m[33m[init]: failed static init: no accel jerk detected
[0m[34m[TIME]: 0.0005 seconds total (2012.1 hz, 0.27 ms behind)
[0m[33m[init]: disparity is 0.229,0.238 (15.00 thresh)
[0m[33m[init]: failed static init: no accel jerk detected
[0m[34m[TIME]: 0.0005 seconds total (2083.3 hz, 0.27 ms behind)
[0m[33m[init]: disparity is 0.229,0.238 (15.00 thresh)
[0m[33m[init]: failed static init: no accel jerk detected
[0m[34m[TIME]: 0.0005 seconds total (2008.0 hz, 0.27 ms behind)
[0m[33m[init]: disparity is 0.229,0.238 (15.00 thresh)
[0m[33m[init]: failed static init: no accel jerk detected
[0m[34m[TIME]: 0.0032 seconds total (317.4 hz, 0.28 ms behind)
[0m[33m[init]: disparity is 0.234,0.262 (15.00 thresh)
[0m[33m[init]: failed static init: no accel jerk detected
[0m[34m[TIME]: 0.0006 seconds total (1652.9 hz, 0.28 ms behind)
[0m[33m[init]: disparity is 0.234,0.262 (15.00 thresh)
[0m[33m[init]: failed static init: no accel jerk detected
[0m[34m[TIME]: 0.0005 seconds total (2070.4 hz, 0.28 ms behind)
[0m[33m[init]: disparity is 0.234,0.262 (15.00 thresh)
[0m[33m[init]: failed static init: no accel jerk detected
[0m[34m[TIME]: 0.0005 seconds total (2159.8 hz, 0.28 ms behind)
[0m[33m[init]: disparity is 0.234,0.262 (15.00 thresh)
[0m[33m[init]: failed static init: no accel jerk detected
[0m[34m[TIME]: 0.0005 seconds total (1972.4 hz, 0.28 ms behind)
[0m[33m[init]: disparity is 0.234,0.262 (15.00 thresh)
[0m[33m[init]: failed static init: no accel jerk detected
[0m[34m[TIME]: 0.0007 seconds total (1481.5 hz, 0.04 ms behind)
[0m[33m[init]: disparity is 0.234,0.262 (15.00 thresh)
[0m[33m[init]: failed static init: no accel jerk detected
[0m[34m[TIME]: 0.0007 seconds total (1408.5 hz, 0.04 ms behind)
[0m[33m[init]: disparity is 0.240,0.361 (15.00 thresh)
[0m[33m[init]: failed static init: no accel jerk detected
[0m[34m[TIME]: 0.0007 seconds total (1424.5 hz, 0.04 ms behind)
[0m[33m[init]: disparity is 0.240,0.361 (15.00 thresh)
[0m[33m[init]: failed static init: no accel jerk detected
[0m[34m[TIME]: 0.0006 seconds total (1579.8 hz, 0.04 ms behind)
[0m[33m[init]: disparity is 0.240,0.361 (15.00 thresh)
[0m[33m[init]: failed static init: no accel jerk detected
[0m[34m[TIME]: 0.0006 seconds total (1703.6 hz, 0.04 ms behind)
[0m[33m[init]: disparity is 0.240,0.361 (15.00 thresh)
[0m[33m[init]: failed static init: no accel jerk detected
[0m[34m[TIME]: 0.0010 seconds total (1004.0 hz, 0.30 ms behind)
[0m[33m[init]: disparity is 0.240,0.361 (15.00 thresh)
[0m[33m[init]: failed static init: no accel jerk detected
[0m[34m[TIME]: 0.0006 seconds total (1602.6 hz, 0.30 ms behind)
[0m[33m[init]: disparity is 0.200,0.431 (15.00 thresh)
[0m[33m[init]: failed static init: no accel jerk detected
[0m[34m[TIME]: 0.0006 seconds total (1642.0 hz, 0.30 ms behind)
[0m[33m[init]: disparity is 0.200,0.431 (15.00 thresh)
[0m[33m[init]: failed static init: no accel jerk detected
[0m[34m[TIME]: 0.0006 seconds total (1680.7 hz, 0.30 ms behind)
[0m[33m[init]: disparity is 0.200,0.431 (15.00 thresh)
[0m[33m[init]: failed static init: no accel jerk detected
[0m[34m[TIME]: 0.0006 seconds total (1680.7 hz, 0.30 ms behind)
[0m[33m[init]: disparity is 0.200,0.431 (15.00 thresh)
[0m[33m[init]: failed static init: no accel jerk detected
[0m[34m[TIME]: 0.0010 seconds total (1002.0 hz, 0.06 ms behind)
[0m[33m[init]: disparity is 0.235,0.478 (15.00 thresh)
[0m[33m[init]: failed static init: no accel jerk detected
[0m[34m[TIME]: 0.0007 seconds total (1455.6 hz, 0.06 ms behind)
[0m[33m[init]: disparity is 0.235,0.478 (15.00 thresh)
[0m[33m[init]: failed static init: no accel jerk detected
[0m[34m[TIME]: 0.0007 seconds total (1366.1 hz, 0.06 ms behind)
[0m[33m[init]: disparity is 0.235,0.478 (15.00 thresh)
[0m[33m[init]: failed static init: no accel jerk detected
[0m[34m[TIME]: 0.0006 seconds total (1655.6 hz, 0.06 ms behind)
[0m[33m[init]: disparity is 0.235,0.478 (15.00 thresh)
[0m[33m[init]: failed static init: no accel jerk detected
[0m[34m[TIME]: 0.0006 seconds total (1555.2 hz, 0.06 ms behind)
[0m[33m[init]: disparity is 0.235,0.478 (15.00 thresh)
[0m[33m[init]: failed static init: no accel jerk detected
[0m[34m[TIME]: 0.0009 seconds total (1097.7 hz, 0.07 ms behind)
[0m[33m[init]: disparity is 0.239,0.497 (15.00 thresh)
[0m[33m[init]: failed static init: no accel jerk detected
[0m[34m[TIME]: 0.0007 seconds total (1524.4 hz, 0.07 ms behind)
[0m[33m[init]: disparity is 0.239,0.497 (15.00 thresh)
[0m[33m[init]: failed static init: no accel jerk detected
[0m[34m[TIME]: 0.0006 seconds total (1677.9 hz, 0.07 ms behind)
[0m[33m[init]: disparity is 0.239,0.497 (15.00 thresh)
[0m[33m[init]: failed static init: no accel jerk detected
[0m[34m[TIME]: 0.0005 seconds total (2024.3 hz, 0.07 ms behind)
[0m[33m[init]: disparity is 0.239,0.497 (15.00 thresh)
[0m[33m[init]: failed static init: no accel jerk detected
[0m[34m[TIME]: 0.0005 seconds total (2061.9 hz, 0.07 ms behind)
[0m[33m[init]: disparity is 0.239,0.497 (15.00 thresh)
[0m[33m[init]: failed static init: no accel jerk detected
[0m[34m[TIME]: 0.0009 seconds total (1165.5 hz, 0.08 ms behind)
[0m[33m[init]: disparity is 0.191,0.437 (15.00 thresh)
[0m[33m[init]: failed static init: no accel jerk detected
[0m[34m[TIME]: 0.0006 seconds total (1792.1 hz, 0.08 ms behind)
[0m[33m[init]: disparity is 0.191,0.437 (15.00 thresh)
[0m[33m[init]: failed static init: no accel jerk detected
[0m[34m[TIME]: 0.0004 seconds total (2232.1 hz, 0.08 ms behind)
[0m[33m[init]: disparity is 0.191,0.437 (15.00 thresh)
[0m[33m[init]: failed static init: no accel jerk detected
[0m[34m[TIME]: 0.0005 seconds total (2109.7 hz, 0.08 ms behind)
[0m[33m[init]: disparity is 0.191,0.437 (15.00 thresh)
[0m[33m[init]: failed static init: no accel jerk detected
[0m[34m[TIME]: 0.0005 seconds total (1908.4 hz, 0.08 ms behind)
[0m[33m[init]: disparity is 0.191,0.437 (15.00 thresh)
[0m[33m[init]: failed static init: no accel jerk detected
[0m[34m[TIME]: 0.0008 seconds total (1204.8 hz, 0.09 ms behind)
[0m[33m[init]: disparity is 0.199,0.455 (15.00 thresh)
[0m[33m[init]: failed static init: no accel jerk detected
[0m[34m[TIME]: 0.0006 seconds total (1631.3 hz, 0.09 ms behind)
[0m[33m[init]: disparity is 0.199,0.455 (15.00 thresh)
[0m[33m[init]: failed static init: no accel jerk detected
[0m[34m[TIME]: 0.0006 seconds total (1562.5 hz, 0.09 ms behind)
[0m[33m[init]: disparity is 0.199,0.455 (15.00 thresh)
[0m[33m[init]: failed static init: no accel jerk detected
[0m[34m[TIME]: 0.0006 seconds total (1569.9 hz, 0.09 ms behind)
[0m[33m[init]: disparity is 0.199,0.455 (15.00 thresh)
[0m[33m[init]: failed static init: no accel jerk detected
[0m[34m[TIME]: 0.0006 seconds total (1647.4 hz, 0.09 ms behind)
[0m[33m[init]: disparity is 0.199,0.455 (15.00 thresh)
[0m[33m[init]: failed static init: no accel jerk detected
[0m[34m[TIME]: 0.0009 seconds total (1052.6 hz, 0.10 ms behind)
[0m[33m[init]: disparity is 0.206,0.600 (15.00 thresh)
[0m[33m[init]: failed static init: no accel jerk detected
[0m[34m[TIME]: 0.0006 seconds total (1795.3 hz, 0.10 ms behind)
[0m[33m[init]: disparity is 0.206,0.600 (15.00 thresh)
[0m[33m[init]: failed static init: no accel jerk detected
[0m[34m[TIME]: 0.0005 seconds total (1996.0 hz, 0.10 ms behind)
[0m[33m[init]: disparity is 0.206,0.600 (15.00 thresh)
[0m[33m[init]: failed static init: no accel jerk detected
[0m[34m[TIME]: 0.0005 seconds total (2118.6 hz, 0.10 ms behind)
[0m[33m[init]: disparity is 0.206,0.600 (15.00 thresh)
[0m[33m[init]: failed static init: no accel jerk detected
[0m[34m[TIME]: 0.0005 seconds total (2105.3 hz, 0.10 ms behind)
[0m[33m[init]: disparity is 0.206,0.600 (15.00 thresh)
[0m[33m[init]: failed static init: no accel jerk detected
[0m[34m[TIME]: 0.0010 seconds total (1044.9 hz, 0.11 ms behind)
[0m[33m[init]: disparity is 0.194,0.991 (15.00 thresh)
[0m[33m[init]: failed static init: no accel jerk detected
[0m[34m[TIME]: 0.0007 seconds total (1508.3 hz, 0.11 ms behind)
[0m[33m[init]: disparity is 0.194,0.991 (15.00 thresh)
[0m[33m[init]: failed static init: no accel jerk detected
[0m[34m[TIME]: 0.0006 seconds total (1623.4 hz, 0.11 ms behind)
[0m[33m[init]: disparity is 0.194,0.991 (15.00 thresh)
[0m[33m[init]: failed static init: no accel jerk detected
[0m[34m[TIME]: 0.0006 seconds total (1540.8 hz, 0.11 ms behind)
[0m[33m[init]: disparity is 0.194,0.991 (15.00 thresh)
[0m[33m[init]: failed static init: no accel jerk detected
[0m[34m[TIME]: 0.0006 seconds total (1548.0 hz, 0.11 ms behind)
[0m[33m[init]: disparity is 0.194,0.991 (15.00 thresh)
[0m[33m[init]: failed static init: no accel jerk detected
[0m[34m[TIME]: 0.0009 seconds total (1128.7 hz, 0.12 ms behind)
[0m[33m[init]: disparity is 0.181,0.865 (15.00 thresh)
[0m[33m[init]: failed static init: no accel jerk detected
[0m[34m[TIME]: 0.0007 seconds total (1508.3 hz, 0.12 ms behind)
[0m[33m[init]: disparity is 0.181,0.865 (15.00 thresh)
[0m[33m[init]: failed static init: no accel jerk detected
[0m[34m[TIME]: 0.0006 seconds total (1584.8 hz, 0.12 ms behind)
[0m[33m[init]: disparity is 0.181,0.865 (15.00 thresh)
[0m[33m[init]: failed static init: no accel jerk detected
[0m[34m[TIME]: 0.0006 seconds total (1589.8 hz, 0.12 ms behind)
[0m[33m[init]: disparity is 0.181,0.865 (15.00 thresh)
[0m[33m[init]: failed static init: no accel jerk detected
[0m[34m[TIME]: 0.0007 seconds total (1519.8 hz, 0.12 ms behind)
[0m[33m[init]: disparity is 0.181,0.865 (15.00 thresh)
[0m[33m[init]: failed static init: no accel jerk detected
[0m[34m[TIME]: 0.0009 seconds total (1060.4 hz, 0.13 ms behind)
[0m[33m[init]: disparity is 0.141,0.973 (15.00 thresh)
[0m[33m[init]: failed static init: no accel jerk detected
[0m[34m[TIME]: 0.0006 seconds total (1577.3 hz, 0.13 ms behind)
[0m[33m[init]: disparity is 0.141,0.973 (15.00 thresh)
[0m[33m[init]: failed static init: no accel jerk detected
[0m[34m[TIME]: 0.0006 seconds total (1540.8 hz, 0.13 ms behind)
[0m[33m[init]: disparity is 0.141,0.973 (15.00 thresh)
[0m[33m[init]: failed static init: no accel jerk detected
[0m[34m[TIME]: 0.0006 seconds total (1589.8 hz, 0.13 ms behind)
[0m[33m[init]: disparity is 0.141,0.973 (15.00 thresh)
[0m[33m[init]: failed static init: no accel jerk detected
[0m[34m[TIME]: 0.0006 seconds total (1666.7 hz, 0.13 ms behind)
[0m[33m[init]: disparity is 0.141,0.973 (15.00 thresh)
[0m[33m[init]: failed static init: no accel jerk detected
[0m[34m[TIME]: 0.0009 seconds total (1149.4 hz, 0.14 ms behind)
[0m[33m[init]: disparity is 0.195,1.046 (15.00 thresh)
[0m[33m[init]: failed static init: no accel jerk detected
[0m[34m[TIME]: 0.0006 seconds total (1560.1 hz, 0.14 ms behind)
[0m[33m[init]: disparity is 0.195,1.046 (15.00 thresh)
[0m[33m[init]: failed static init: no accel jerk detected
[0m[34m[TIME]: 0.0007 seconds total (1508.3 hz, 0.14 ms behind)
[0m[33m[init]: disparity is 0.195,1.046 (15.00 thresh)
[0m[33m[init]: failed static init: no accel jerk detected
[0m[34m[TIME]: 0.0006 seconds total (1669.4 hz, 0.14 ms behind)
[0m[33m[init]: disparity is 0.195,1.046 (15.00 thresh)
[0m[33m[init]: failed static init: no accel jerk detected
[0m[34m[TIME]: 0.0006 seconds total (1600.0 hz, 0.14 ms behind)
[0m[33m[init]: disparity is 0.195,1.046 (15.00 thresh)
[0m[33m[init]: failed static init: no accel jerk detected
[0m[34m[TIME]: 0.0009 seconds total (1150.7 hz, 0.15 ms behind)
[0m[33m[init]: disparity is 0.173,1.132 (15.00 thresh)
[0m[33m[init]: failed static init: no accel jerk detected
[0m[34m[TIME]: 0.0007 seconds total (1457.7 hz, 0.15 ms behind)
[0m[33m[init]: disparity is 0.173,1.132 (15.00 thresh)
[0m[33m[init]: failed static init: no accel jerk detected
[0m[34m[TIME]: 0.0007 seconds total (1451.4 hz, 0.15 ms behind)
[0m[33m[init]: disparity is 0.173,1.132 (15.00 thresh)
[0m[33m[init]: failed static init: no accel jerk detected
[0m[34m[TIME]: 0.0006 seconds total (1647.4 hz, 0.15 ms behind)
[0m[33m[init]: disparity is 0.173,1.132 (15.00 thresh)
[0m[33m[init]: failed static init: no accel jerk detected
[0m[34m[TIME]: 0.0006 seconds total (1579.8 hz, 0.15 ms behind)
[0m[33m[init]: disparity is 0.173,1.132 (15.00 thresh)
[0m[33m[init]: failed static init: no accel jerk detected
[0m[34m[TIME]: 0.0009 seconds total (1117.3 hz, 0.16 ms behind)
[0m[33m[init]: disparity is 0.197,1.234 (15.00 thresh)
[0m[33m[init]: failed static init: no accel jerk detected
[0m[34m[TIME]: 0.0007 seconds total (1347.7 hz, 0.16 ms behind)
[0m[33m[init]: disparity is 0.197,1.234 (15.00 thresh)
[0m[33m[init]: failed static init: no accel jerk detected
[0m[34m[TIME]: 0.0007 seconds total (1481.5 hz, 0.16 ms behind)
[0m[33m[init]: disparity is 0.197,1.234 (15.00 thresh)
[0m[33m[init]: failed static init: no accel jerk detected
[0m[34m[TIME]: 0.0007 seconds total (1524.4 hz, 0.16 ms behind)
[0m[33m[init]: disparity is 0.197,1.234 (15.00 thresh)
[0m[33m[init]: failed static init: no accel jerk detected
[0m[34m[TIME]: 0.0005 seconds total (1915.7 hz, 0.16 ms behind)
[0m[33m[init]: disparity is 0.197,1.234 (15.00 thresh)
[0m[33m[init]: failed static init: no accel jerk detected
[0m[34m[TIME]: 0.0009 seconds total (1173.7 hz, 0.17 ms behind)
[0m[33m[init]: disparity is 0.236,2.124 (15.00 thresh)
[0m[33m[init]: failed static init: no accel jerk detected
[0m[34m[TIME]: 0.0007 seconds total (1436.8 hz, 0.17 ms behind)
[0m[33m[init]: disparity is 0.236,2.124 (15.00 thresh)
[0m[33m[init]: failed static init: no accel jerk detected
[0m[34m[TIME]: 0.0006 seconds total (1631.3 hz, 0.17 ms behind)
[0m[33m[init]: disparity is 0.236,2.124 (15.00 thresh)
[0m[33m[init]: failed static init: no accel jerk detected
[0m[34m[TIME]: 0.0007 seconds total (1485.9 hz, 0.17 ms behind)
[0m[33m[init]: disparity is 0.236,2.124 (15.00 thresh)
[0m[33m[init]: failed static init: no accel jerk detected
[0m[34m[TIME]: 0.0006 seconds total (1555.2 hz, 0.17 ms behind)
[0m[33m[init]: disparity is 0.236,2.124 (15.00 thresh)
[0m[33m[init]: failed static init: no accel jerk detected
[0m[34m[TIME]: 0.0009 seconds total (1173.7 hz, 0.18 ms behind)
[0m[33m[init]: disparity is 0.258,2.260 (15.00 thresh)
[0m[33m[init]: failed static init: no accel jerk detected
[0m[34m[TIME]: 0.0005 seconds total (1949.3 hz, 0.18 ms behind)
[0m[33m[init]: disparity is 0.258,2.260 (15.00 thresh)
[0m[33m[init]: failed static init: no accel jerk detected
[0m[34m[TIME]: 0.0005 seconds total (2040.8 hz, 0.18 ms behind)
[0m[33m[init]: disparity is 0.258,2.260 (15.00 thresh)
[0m[33m[init]: failed static init: no accel jerk detected
[0m[34m[TIME]: 0.0005 seconds total (1968.5 hz, 0.18 ms behind)
[0m[33m[init]: disparity is 0.258,2.260 (15.00 thresh)
[0m[33m[init]: failed static init: no accel jerk detected
[0m[34m[TIME]: 0.0005 seconds total (2212.4 hz, 0.18 ms behind)
[0m[33m[init]: disparity is 0.258,2.260 (15.00 thresh)
[0m[33m[init]: failed static init: no accel jerk detected
[0m[34m[TIME]: 0.0009 seconds total (1117.3 hz, 0.19 ms behind)
[0m[33m[init]: disparity is 0.346,2.349 (15.00 thresh)
[0m[33m[init]: failed static init: no accel jerk detected
[0m[34m[TIME]: 0.0007 seconds total (1349.5 hz, 0.19 ms behind)
[0m[33m[init]: disparity is 0.346,2.349 (15.00 thresh)
[0m[33m[init]: failed static init: no accel jerk detected
[0m[34m[TIME]: 0.0006 seconds total (1600.0 hz, 0.19 ms behind)
[0m[33m[init]: disparity is 0.346,2.349 (15.00 thresh)
[0m[33m[init]: failed static init: no accel jerk detected
[0m[34m[TIME]: 0.0008 seconds total (1275.5 hz, 0.19 ms behind)
[0m[33m[init]: disparity is 0.346,2.349 (15.00 thresh)
[0m[33m[init]: failed static init: no accel jerk detected
[0m[34m[TIME]: 0.0007 seconds total (1515.2 hz, 0.19 ms behind)
[0m[33m[init]: disparity is 0.346,2.349 (15.00 thresh)
[0m[33m[init]: failed static init: no accel jerk detected
[0m[34m[TIME]: 0.0009 seconds total (1112.3 hz, 0.20 ms behind)
[0m[33m[init]: disparity is 0.403,3.254 (15.00 thresh)
[0m[33m[init]: failed static init: no accel jerk detected
[0m[34m[TIME]: 0.0008 seconds total (1302.1 hz, 0.20 ms behind)
[0m[33m[init]: disparity is 0.403,3.254 (15.00 thresh)
[0m[33m[init]: failed static init: no accel jerk detected
[0m[34m[TIME]: 0.0007 seconds total (1536.1 hz, 0.20 ms behind)
[0m[33m[init]: disparity is 0.403,3.254 (15.00 thresh)
[0m[33m[init]: failed static init: no accel jerk detected
[0m[34m[TIME]: 0.0038 seconds total (260.7 hz, 0.20 ms behind)
[0m[33m[init]: disparity is 0.403,3.254 (15.00 thresh)
[0m[33m[init]: failed static init: no accel jerk detected
[0m[34m[TIME]: 0.0006 seconds total (1564.9 hz, 0.20 ms behind)
[0m[33m[init]: disparity is 0.403,3.254 (15.00 thresh)
[0m[33m[init]: failed static init: no accel jerk detected
[0m[34m[TIME]: 0.0011 seconds total (911.6 hz, 0.21 ms behind)
[0m[33m[init]: disparity is 0.475,3.234 (15.00 thresh)
[0m[33m[init]: failed static init: no accel jerk detected
[0m[34m[TIME]: 0.0007 seconds total (1449.3 hz, 0.21 ms behind)
[0m[33m[init]: disparity is 0.475,3.234 (15.00 thresh)
[0m[33m[init]: failed static init: no accel jerk detected
[0m[34m[TIME]: 0.0006 seconds total (1600.0 hz, 0.21 ms behind)
[0m[33m[init]: disparity is 0.475,3.234 (15.00 thresh)
[0m[33m[init]: failed static init: no accel jerk detected
[0m[34m[TIME]: 0.0039 seconds total (258.1 hz, 0.21 ms behind)
[0m[33m[init]: disparity is 0.475,3.234 (15.00 thresh)
[0m[33m[init]: failed static init: no accel jerk detected
[0m[34m[TIME]: 0.0007 seconds total (1440.9 hz, 0.21 ms behind)
[0m[33m[init]: disparity is 0.475,3.234 (15.00 thresh)
[0m[33m[init]: failed static init: no accel jerk detected
[0m[34m[TIME]: 0.0009 seconds total (1117.3 hz, 0.22 ms behind)
[0m[33m[init]: disparity is 0.509,3.245 (15.00 thresh)
[0m[33m[init]: failed static init: no accel jerk detected
[0m[34m[TIME]: 0.0006 seconds total (1572.3 hz, 0.22 ms behind)
[0m[33m[init]: disparity is 0.509,3.245 (15.00 thresh)
[0m[33m[init]: failed static init: no accel jerk detected
[0m[34m[TIME]: 0.0006 seconds total (1618.1 hz, 0.22 ms behind)
[0m[33m[init]: disparity is 0.509,3.245 (15.00 thresh)
[0m[33m[init]: failed static init: no accel jerk detected
[0m[34m[TIME]: 0.0005 seconds total (1992.0 hz, 0.22 ms behind)
[0m[33m[init]: disparity is 0.509,3.245 (15.00 thresh)
[0m[33m[init]: failed static init: no accel jerk detected
[0m[34m[TIME]: 0.0006 seconds total (1589.8 hz, 0.22 ms behind)
[0m[33m[init]: disparity is 0.509,3.245 (15.00 thresh)
[0m[33m[init]: failed static init: no accel jerk detected
[0m[34m[TIME]: 0.0008 seconds total (1259.4 hz, 0.23 ms behind)
[0m[33m[init]: disparity is 0.458,3.244 (15.00 thresh)
[0m[33m[init]: failed static init: no accel jerk detected
[0m[34m[TIME]: 0.0007 seconds total (1536.1 hz, 0.23 ms behind)
[0m[33m[init]: disparity is 0.458,3.244 (15.00 thresh)
[0m[33m[init]: failed static init: no accel jerk detected
[0m[34m[TIME]: 0.0007 seconds total (1457.7 hz, 0.23 ms behind)
[0m[33m[init]: disparity is 0.458,3.244 (15.00 thresh)
[0m[33m[init]: failed static init: no accel jerk detected
[0m[34m[TIME]: 0.0007 seconds total (1358.7 hz, 0.23 ms behind)
[0m[33m[init]: disparity is 0.458,3.244 (15.00 thresh)
[0m[33m[init]: failed static init: no accel jerk detected
[0m[34m[TIME]: 0.0007 seconds total (1483.7 hz, 0.23 ms behind)
[0m[33m[init]: disparity is 0.458,3.244 (15.00 thresh)
[0m[33m[init]: failed static init: no accel jerk detected
[0m[34m[TIME]: 0.0009 seconds total (1141.6 hz, 0.24 ms behind)
[0m[33m[init]: disparity is 0.441,3.227 (15.00 thresh)
[0m[33m[init]: failed static init: no accel jerk detected
[0m[34m[TIME]: 0.0006 seconds total (1610.3 hz, 0.24 ms behind)
[0m[33m[init]: disparity is 0.441,3.227 (15.00 thresh)
[0m[33m[init]: failed static init: no accel jerk detected
[0m[34m[TIME]: 0.0006 seconds total (1555.2 hz, 0.24 ms behind)
[0m[33m[init]: disparity is 0.441,3.227 (15.00 thresh)
[0m[33m[init]: failed static init: no accel jerk detected
[0m[34m[TIME]: 0.0007 seconds total (1345.9 hz, 0.24 ms behind)
[0m[33m[init]: disparity is 0.441,3.227 (15.00 thresh)
[0m[33m[init]: failed static init: no accel jerk detected
[0m[34m[TIME]: 0.0006 seconds total (1661.1 hz, 0.24 ms behind)
[0m[33m[init]: disparity is 0.441,3.227 (15.00 thresh)
[0m[33m[init]: failed static init: no accel jerk detected
[0m[34m[TIME]: 0.0008 seconds total (1184.8 hz, 0.00 ms behind)
[0m[33m[init]: disparity is 0.526,2.997 (15.00 thresh)
[0m[33m[init]: failed static init: no accel jerk detected
[0m[34m[TIME]: 0.0007 seconds total (1524.4 hz, 0.00 ms behind)
[0m[33m[init]: disparity is 0.526,2.997 (15.00 thresh)
[0m[33m[init]: failed static init: no accel jerk detected
[0m[34m[TIME]: 0.0007 seconds total (1510.6 hz, 0.00 ms behind)
[0m[33m[init]: disparity is 0.526,2.997 (15.00 thresh)
[0m[33m[init]: failed static init: no accel jerk detected
[0m[34m[TIME]: 0.0039 seconds total (259.1 hz, 0.00 ms behind)
[0m[33m[init]: disparity is 0.526,2.997 (15.00 thresh)
[0m[33m[init]: failed static init: no accel jerk detected
[0m[34m[TIME]: 0.0006 seconds total (1564.9 hz, 0.00 ms behind)
[0m[33m[init]: disparity is 0.526,2.997 (15.00 thresh)
[0m[33m[init]: failed static init: no accel jerk detected
[0m[34m[TIME]: 0.0009 seconds total (1154.7 hz, 0.27 ms behind)
[0m[33m[init]: disparity is 0.924,2.845 (15.00 thresh)
[0m[33m[init]: failed static init: no accel jerk detected
[0m[34m[TIME]: 0.0006 seconds total (1612.9 hz, 0.27 ms behind)
[0m[33m[init]: disparity is 0.924,2.845 (15.00 thresh)
[0m[33m[init]: failed static init: no accel jerk detected
[0m[34m[TIME]: 0.0007 seconds total (1379.3 hz, 0.27 ms behind)
[0m[33m[init]: disparity is 0.924,2.845 (15.00 thresh)
[0m[33m[init]: failed static init: no accel jerk detected
[0m[34m[TIME]: 0.0026 seconds total (387.4 hz, 0.27 ms behind)
[0m[33m[init]: disparity is 0.924,2.845 (15.00 thresh)
[0m[33m[init]: failed static init: no accel jerk detected
[0m[34m[TIME]: 0.0005 seconds total (2087.7 hz, 0.27 ms behind)
[0m[33m[init]: disparity is 0.924,2.845 (15.00 thresh)
[0m[33m[init]: failed static init: no accel jerk detected
[0m[34m[TIME]: 0.0008 seconds total (1264.2 hz, 0.28 ms behind)
[0m[33m[init]: disparity is 0.886,2.842 (15.00 thresh)
[0m[33m[init]: failed static init: no accel jerk detected
[0m[34m[TIME]: 0.0007 seconds total (1379.3 hz, 0.28 ms behind)
[0m[33m[init]: disparity is 0.886,2.842 (15.00 thresh)
[0m[33m[init]: failed static init: no accel jerk detected
[0m[34m[TIME]: 0.0005 seconds total (2141.3 hz, 0.28 ms behind)
[0m[33m[init]: disparity is 0.886,2.842 (15.00 thresh)
[0m[33m[init]: failed static init: no accel jerk detected
[0m[34m[TIME]: 0.0004 seconds total (2386.6 hz, 0.28 ms behind)
[0m[33m[init]: disparity is 0.886,2.842 (15.00 thresh)
[0m[33m[init]: failed static init: no accel jerk detected
[0m[34m[TIME]: 0.0005 seconds total (2212.4 hz, 0.28 ms behind)
[0m[33m[init]: disparity is 0.886,2.842 (15.00 thresh)
[0m[33m[init]: failed static init: no accel jerk detected
[0m[34m[TIME]: 0.0009 seconds total (1149.4 hz, 0.29 ms behind)
[0m[33m[init]: disparity is 0.991,2.777 (15.00 thresh)
[0m[33m[init]: failed static init: no accel jerk detected
[0m[34m[TIME]: 0.0006 seconds total (1795.3 hz, 0.29 ms behind)
[0m[33m[init]: disparity is 0.991,2.777 (15.00 thresh)
[0m[33m[init]: failed static init: no accel jerk detected
[0m[34m[TIME]: 0.0005 seconds total (2079.0 hz, 0.29 ms behind)
[0m[33m[init]: disparity is 0.991,2.777 (15.00 thresh)
[0m[33m[init]: failed static init: no accel jerk detected
[0m[34m[TIME]: 0.0006 seconds total (1650.2 hz, 0.29 ms behind)
[0m[33m[init]: disparity is 0.991,2.777 (15.00 thresh)
[0m[33m[init]: failed static init: no accel jerk detected
[0m[34m[TIME]: 0.0005 seconds total (1968.5 hz, 0.29 ms behind)
[0m[33m[init]: disparity is 0.991,2.777 (15.00 thresh)
[0m[33m[init]: failed static init: no accel jerk detected
[0m[34m[TIME]: 0.0009 seconds total (1149.4 hz, 0.30 ms behind)
[0m[33m[init]: disparity is 1.097,2.702 (15.00 thresh)
[0m[33m[init]: failed static init: no accel jerk detected
[0m[34m[TIME]: 0.0006 seconds total (1706.5 hz, 0.30 ms behind)
[0m[33m[init]: disparity is 1.097,2.702 (15.00 thresh)
[0m[33m[init]: failed static init: no accel jerk detected
[0m[34m[TIME]: 0.0006 seconds total (1650.2 hz, 0.30 ms behind)
[0m[33m[init]: disparity is 1.097,2.702 (15.00 thresh)
[0m[33m[init]: failed static init: no accel jerk detected
[0m[34m[TIME]: 0.0038 seconds total (266.6 hz, 0.30 ms behind)
[0m[33m[init]: disparity is 1.097,2.702 (15.00 thresh)
[0m[33m[init]: failed static init: no accel jerk detected
[0m[34m[TIME]: 0.0006 seconds total (1677.9 hz, 0.30 ms behind)
[0m[33m[init]: disparity is 1.097,2.702 (15.00 thresh)
[0m[33m[init]: failed static init: no accel jerk detected
[0m[34m[TIME]: 0.0009 seconds total (1074.1 hz, 0.06 ms behind)
[0m[33m[init]: disparity is 1.179,2.587 (15.00 thresh)
[0m[33m[init]: failed static init: no accel jerk detected
[0m[34m[TIME]: 0.0006 seconds total (1715.3 hz, 0.06 ms behind)
[0m[33m[init]: disparity is 1.179,2.587 (15.00 thresh)
[0m[33m[init]: failed static init: no accel jerk detected
[0m[34m[TIME]: 0.0006 seconds total (1644.7 hz, 0.06 ms behind)
[0m[33m[init]: disparity is 1.179,2.587 (15.00 thresh)
[0m[33m[init]: failed static init: no accel jerk detected
[0m[34m[TIME]: 0.0005 seconds total (2105.3 hz, 0.06 ms behind)
[0m[33m[init]: disparity is 1.179,2.587 (15.00 thresh)
[0m[33m[init]: failed static init: no accel jerk detected
[0m[34m[TIME]: 0.0006 seconds total (1677.9 hz, 0.06 ms behind)
[0m[33m[init]: disparity is 1.179,2.587 (15.00 thresh)
[0m[33m[init]: failed static init: no accel jerk detected
[0m[34m[TIME]: 0.0011 seconds total (935.5 hz, 0.32 ms behind)
[0m[33m[init]: disparity is 1.287,1.303 (15.00 thresh)
[0m[33m[init]: failed static init: no accel jerk detected
[0m[34m[TIME]: 0.0007 seconds total (1388.9 hz, 0.32 ms behind)
[0m[33m[init]: disparity is 1.287,1.303 (15.00 thresh)
[0m[33m[init]: failed static init: no accel jerk detected
[0m[34m[TIME]: 0.0006 seconds total (1788.9 hz, 0.32 ms behind)
[0m[33m[init]: disparity is 1.287,1.303 (15.00 thresh)
[0m[33m[init]: failed static init: no accel jerk detected
[0m[34m[TIME]: 0.0006 seconds total (1658.4 hz, 0.32 ms behind)
[0m[33m[init]: disparity is 1.287,1.303 (15.00 thresh)
[0m[33m[init]: failed static init: no accel jerk detected
[0m[34m[TIME]: 0.0005 seconds total (1915.7 hz, 0.32 ms behind)
[0m[33m[init]: disparity is 1.287,1.303 (15.00 thresh)
[0m[33m[init]: failed static init: no accel jerk detected
[0m[34m[TIME]: 0.0008 seconds total (1300.4 hz, 0.08 ms behind)
[0m[33m[init]: disparity is 2.157,1.285 (15.00 thresh)
[0m[33m[init]: failed static init: no accel jerk detected
[0m[34m[TIME]: 0.0006 seconds total (1650.2 hz, 0.08 ms behind)
[0m[33m[init]: disparity is 2.157,1.285 (15.00 thresh)
[0m[33m[init]: failed static init: no accel jerk detected
[0m[34m[TIME]: 0.0006 seconds total (1739.1 hz, 0.08 ms behind)
[0m[33m[init]: disparity is 2.157,1.285 (15.00 thresh)
[0m[33m[init]: failed static init: no accel jerk detected
[0m[34m[TIME]: 0.0034 seconds total (291.3 hz, 0.08 ms behind)
[0m[33m[init]: disparity is 2.157,1.285 (15.00 thresh)
[0m[33m[init]: failed static init: no accel jerk detected
[0m[34m[TIME]: 0.0006 seconds total (1773.0 hz, 0.08 ms behind)
[0m[33m[init]: disparity is 2.157,1.285 (15.00 thresh)
[0m[33m[init]: failed static init: no accel jerk detected
[0m[34m[TIME]: 0.0010 seconds total (1008.1 hz, 0.34 ms behind)
[0m[33m[init]: disparity is 2.125,1.158 (15.00 thresh)
[0m[33m[init]: failed static init: no accel jerk detected
[0m[34m[TIME]: 0.0007 seconds total (1515.2 hz, 0.34 ms behind)
[0m[33m[init]: disparity is 2.125,1.158 (15.00 thresh)
[0m[33m[init]: failed static init: no accel jerk detected
[0m[34m[TIME]: 0.0006 seconds total (1600.0 hz, 0.34 ms behind)
[0m[33m[init]: disparity is 2.125,1.158 (15.00 thresh)
[0m[33m[init]: failed static init: no accel jerk detected
[0m[34m[TIME]: 0.0037 seconds total (268.4 hz, 0.34 ms behind)
[0m[33m[init]: disparity is 2.125,1.158 (15.00 thresh)
[0m[33m[init]: failed static init: no accel jerk detected
[0m[34m[TIME]: 0.0007 seconds total (1438.8 hz, 0.34 ms behind)
[0m[33m[init]: disparity is 2.125,1.158 (15.00 thresh)
[0m[33m[init]: failed static init: no accel jerk detected
[0m[34m[TIME]: 0.0010 seconds total (1027.7 hz, 0.10 ms behind)
[0m[33m[init]: disparity is 2.280,0.550 (15.00 thresh)
[0m[33m[init]: failed static init: no accel jerk detected
[0m[34m[TIME]: 0.0007 seconds total (1522.1 hz, 0.10 ms behind)
[0m[33m[init]: disparity is 2.280,0.550 (15.00 thresh)
[0m[33m[init]: failed static init: no accel jerk detected
[0m[34m[TIME]: 0.0006 seconds total (1658.4 hz, 0.10 ms behind)
[0m[33m[init]: disparity is 2.280,0.550 (15.00 thresh)
[0m[33m[init]: failed static init: no accel jerk detected
[0m[34m[TIME]: 0.0005 seconds total (1886.8 hz, 0.10 ms behind)
[0m[33m[init]: disparity is 2.280,0.550 (15.00 thresh)
[0m[33m[init]: failed static init: no accel jerk detected
[0m[34m[TIME]: 0.0006 seconds total (1683.5 hz, 0.10 ms behind)
[0m[33m[init]: disparity is 2.280,0.550 (15.00 thresh)
[0m[33m[init]: failed static init: no accel jerk detected
[0m[34m[TIME]: 0.0008 seconds total (1193.3 hz, 0.11 ms behind)
[0m[33m[init]: disparity is 3.397,0.530 (15.00 thresh)
[0m[33m[init]: failed static init: no accel jerk detected
[0m[34m[TIME]: 0.0006 seconds total (1798.6 hz, 0.11 ms behind)
[0m[33m[init]: disparity is 3.397,0.530 (15.00 thresh)
[0m[33m[init]: failed static init: no accel jerk detected
[0m[34m[TIME]: 0.0004 seconds total (2304.1 hz, 0.11 ms behind)
[0m[33m[init]: disparity is 3.397,0.530 (15.00 thresh)
[0m[33m[init]: failed static init: no accel jerk detected
[0m[34m[TIME]: 0.0005 seconds total (1988.1 hz, 0.11 ms behind)
[0m[33m[init]: disparity is 3.397,0.530 (15.00 thresh)
[0m[33m[init]: failed static init: no accel jerk detected
[0m[34m[TIME]: 0.0004 seconds total (2232.1 hz, 0.11 ms behind)
[0m[33m[init]: disparity is 3.397,0.530 (15.00 thresh)
[0m[33m[init]: failed static init: no accel jerk detected
[0m[34m[TIME]: 0.0009 seconds total (1118.6 hz, 0.12 ms behind)
[0m[33m[init]: disparity is 3.347,0.527 (15.00 thresh)
[0m[33m[init]: failed static init: no accel jerk detected
[0m[34m[TIME]: 0.0007 seconds total (1512.9 hz, 0.12 ms behind)
[0m[33m[init]: disparity is 3.347,0.527 (15.00 thresh)
[0m[33m[init]: failed static init: no accel jerk detected
[0m[34m[TIME]: 0.0008 seconds total (1257.9 hz, 0.12 ms behind)
[0m[33m[init]: disparity is 3.347,0.527 (15.00 thresh)
[0m[33m[init]: failed static init: no accel jerk detected
[0m[34m[TIME]: 0.0026 seconds total (381.2 hz, 0.12 ms behind)
[0m[33m[init]: disparity is 3.347,0.527 (15.00 thresh)
[0m[33m[init]: failed static init: no accel jerk detected
[0m[34m[TIME]: 0.0005 seconds total (1869.2 hz, 0.12 ms behind)
[0m[33m[init]: disparity is 3.347,0.527 (15.00 thresh)
[0m[33m[init]: failed static init: no accel jerk detected
[0m[34m[TIME]: 0.0008 seconds total (1234.6 hz, 0.13 ms behind)
[0m[33m[init]: disparity is 3.306,0.528 (15.00 thresh)
[0m[33m[init]: failed static init: no accel jerk detected
[0m[34m[TIME]: 0.0006 seconds total (1587.3 hz, 0.13 ms behind)
[0m[33m[init]: disparity is 3.306,0.528 (15.00 thresh)
[0m[33m[init]: failed static init: no accel jerk detected
[0m[34m[TIME]: 0.0006 seconds total (1712.3 hz, 0.13 ms behind)
[0m[33m[init]: disparity is 3.306,0.528 (15.00 thresh)
[0m[33m[init]: failed static init: no accel jerk detected
[0m[34m[TIME]: 0.0037 seconds total (268.2 hz, 0.13 ms behind)
[0m[33m[init]: disparity is 3.306,0.528 (15.00 thresh)
[0m[33m[init]: failed static init: no accel jerk detected
[0m[34m[TIME]: 0.0007 seconds total (1424.5 hz, 0.13 ms behind)
[0m[33m[init]: disparity is 3.306,0.528 (15.00 thresh)
[0m[33m[init]: failed static init: no accel jerk detected
[0m[34m[TIME]: 0.0010 seconds total (982.3 hz, 0.14 ms behind)
[0m[33m[init]: disparity is 3.254,1.166 (15.00 thresh)
[0m[33m[init]: failed static init: no accel jerk detected
[0m[34m[TIME]: 0.0008 seconds total (1285.3 hz, 0.14 ms behind)
[0m[33m[init]: disparity is 3.254,1.166 (15.00 thresh)
[0m[33m[init]: failed static init: no accel jerk detected
[0m[34m[TIME]: 0.0007 seconds total (1455.6 hz, 0.14 ms behind)
[0m[33m[init]: disparity is 3.254,1.166 (15.00 thresh)
[0m[33m[init]: failed static init: no accel jerk detected
[0m[34m[TIME]: 0.0006 seconds total (1733.1 hz, 0.14 ms behind)
[0m[33m[init]: disparity is 3.254,1.166 (15.00 thresh)
[0m[33m[init]: failed static init: no accel jerk detected
[0m[34m[TIME]: 0.0006 seconds total (1577.3 hz, 0.14 ms behind)
[0m[33m[init]: disparity is 3.254,1.166 (15.00 thresh)
[0m[33m[init]: failed static init: no accel jerk detected
[0m[34m[TIME]: 0.0010 seconds total (965.3 hz, 0.15 ms behind)
[0m[33m[init]: disparity is 3.244,1.170 (15.00 thresh)
[0m[33m[init]: failed static init: no accel jerk detected
[0m[34m[TIME]: 0.0006 seconds total (1686.3 hz, 0.15 ms behind)
[0m[33m[init]: disparity is 3.244,1.170 (15.00 thresh)
[0m[33m[init]: failed static init: no accel jerk detected
[0m[34m[TIME]: 0.0006 seconds total (1675.0 hz, 0.15 ms behind)
[0m[33m[init]: disparity is 3.244,1.170 (15.00 thresh)
[0m[33m[init]: failed static init: no accel jerk detected
[0m[34m[TIME]: 0.0007 seconds total (1379.3 hz, 0.15 ms behind)
[0m[33m[init]: disparity is 3.244,1.170 (15.00 thresh)
[0m[33m[init]: failed static init: no accel jerk detected
[0m[34m[TIME]: 0.0006 seconds total (1642.0 hz, 0.15 ms behind)
[0m[33m[init]: disparity is 3.244,1.170 (15.00 thresh)
[0m[33m[init]: failed static init: no accel jerk detected
[0m[34m[TIME]: 0.0011 seconds total (947.9 hz, 0.16 ms behind)
[0m[33m[init]: disparity is 3.262,1.141 (15.00 thresh)
[0m[33m[init]: failed static init: no accel jerk detected
[0m[34m[TIME]: 0.0008 seconds total (1300.4 hz, 0.16 ms behind)
[0m[33m[init]: disparity is 3.262,1.141 (15.00 thresh)
[0m[33m[init]: failed static init: no accel jerk detected
[0m[34m[TIME]: 0.0006 seconds total (1548.0 hz, 0.16 ms behind)
[0m[33m[init]: disparity is 3.262,1.141 (15.00 thresh)
[0m[33m[init]: failed static init: no accel jerk detected
[0m[34m[TIME]: 0.0008 seconds total (1295.3 hz, 0.16 ms behind)
[0m[33m[init]: disparity is 3.262,1.141 (15.00 thresh)
[0m[33m[init]: failed static init: no accel jerk detected
[0m[34m[TIME]: 0.0007 seconds total (1472.8 hz, 0.16 ms behind)
[0m[33m[init]: disparity is 3.262,1.141 (15.00 thresh)
[0m[33m[init]: failed static init: no accel jerk detected
[0m[34m[TIME]: 0.0009 seconds total (1089.3 hz, 0.17 ms behind)
[0m[33m[init]: disparity is 2.906,1.225 (15.00 thresh)
[0m[33m[init]: failed static init: no accel jerk detected
[0m[34m[TIME]: 0.0007 seconds total (1510.6 hz, 0.17 ms behind)
[0m[33m[init]: disparity is 2.906,1.225 (15.00 thresh)
[0m[33m[init]: failed static init: no accel jerk detected
[0m[34m[TIME]: 0.0007 seconds total (1381.2 hz, 0.17 ms behind)
[0m[33m[init]: disparity is 2.906,1.225 (15.00 thresh)
[0m[33m[init]: failed static init: no accel jerk detected
[0m[34m[TIME]: 0.0039 seconds total (253.7 hz, 0.17 ms behind)
[0m[33m[init]: disparity is 2.906,1.225 (15.00 thresh)
[0m[33m[init]: failed static init: no accel jerk detected
[0m[34m[TIME]: 0.0007 seconds total (1414.4 hz, 0.17 ms behind)
[0m[33m[init]: disparity is 2.906,1.225 (15.00 thresh)
[0m[33m[init]: failed static init: no accel jerk detected
[0m[34m[TIME]: 0.0011 seconds total (902.5 hz, 0.18 ms behind)
[0m[33m[init]: disparity is 2.695,1.131 (15.00 thresh)
[0m[33m[init]: failed static init: no accel jerk detected
[0m[34m[TIME]: 0.0007 seconds total (1483.7 hz, 0.18 ms behind)
[0m[33m[init]: disparity is 2.695,1.131 (15.00 thresh)
[0m[33m[init]: failed static init: no accel jerk detected
[0m[34m[TIME]: 0.0006 seconds total (1605.1 hz, 0.18 ms behind)
[0m[33m[init]: disparity is 2.695,1.131 (15.00 thresh)
[0m[33m[init]: failed static init: no accel jerk detected
[0m[34m[TIME]: 0.0031 seconds total (323.1 hz, 0.18 ms behind)
[0m[33m[init]: disparity is 2.695,1.131 (15.00 thresh)
[0m[33m[init]: failed static init: no accel jerk detected
[0m[34m[TIME]: 0.0006 seconds total (1579.8 hz, 0.18 ms behind)
[0m[33m[init]: disparity is 2.695,1.131 (15.00 thresh)
[0m[33m[init]: failed static init: no accel jerk detected
[0m[34m[TIME]: 0.0009 seconds total (1054.9 hz, 0.19 ms behind)
[0m[33m[init]: disparity is 2.858,1.168 (15.00 thresh)
[0m[33m[init]: failed static init: no accel jerk detected
[0m[34m[TIME]: 0.0007 seconds total (1385.0 hz, 0.19 ms behind)
[0m[33m[init]: disparity is 2.858,1.168 (15.00 thresh)
[0m[33m[init]: failed static init: no accel jerk detected
[0m[34m[TIME]: 0.0007 seconds total (1414.4 hz, 0.19 ms behind)
[0m[33m[init]: disparity is 2.858,1.168 (15.00 thresh)
[0m[33m[init]: failed static init: no accel jerk detected
[0m[34m[TIME]: 0.0006 seconds total (1795.3 hz, 0.19 ms behind)
[0m[33m[init]: disparity is 2.858,1.168 (15.00 thresh)
[0m[33m[init]: failed static init: no accel jerk detected
[0m[34m[TIME]: 0.0006 seconds total (1552.8 hz, 0.19 ms behind)
[0m[33m[init]: disparity is 2.858,1.168 (15.00 thresh)
[0m[33m[init]: failed static init: no accel jerk detected
[0m[34m[TIME]: 0.0010 seconds total (981.4 hz, 0.20 ms behind)
[0m[33m[init]: disparity is 2.865,1.191 (15.00 thresh)
[0m[33m[init]: failed static init: no accel jerk detected
[0m[34m[TIME]: 0.0006 seconds total (1639.3 hz, 0.20 ms behind)
[0m[33m[init]: disparity is 2.865,1.191 (15.00 thresh)
[0m[33m[init]: failed static init: no accel jerk detected
[0m[34m[TIME]: 0.0006 seconds total (1557.6 hz, 0.20 ms behind)
[0m[33m[init]: disparity is 2.865,1.191 (15.00 thresh)
[0m[33m[init]: failed static init: no accel jerk detected
[0m[34m[TIME]: 0.0008 seconds total (1253.1 hz, 0.20 ms behind)
[0m[33m[init]: disparity is 2.865,1.191 (15.00 thresh)
[0m[33m[init]: failed static init: no accel jerk detected
[0m[34m[TIME]: 0.0006 seconds total (1579.8 hz, 0.20 ms behind)
[0m[33m[init]: disparity is 2.865,1.191 (15.00 thresh)
[0m[33m[init]: failed static init: no accel jerk detected
[0m[34m[TIME]: 0.0010 seconds total (966.2 hz, 0.21 ms behind)
[0m[33m[init]: disparity is 2.791,1.204 (15.00 thresh)
[0m[33m[init]: failed static init: no accel jerk detected
[0m[34m[TIME]: 0.0007 seconds total (1455.6 hz, 0.21 ms behind)
[0m[33m[init]: disparity is 2.791,1.204 (15.00 thresh)
[0m[33m[init]: failed static init: no accel jerk detected
[0m[34m[TIME]: 0.0006 seconds total (1574.8 hz, 0.21 ms behind)
[0m[33m[init]: disparity is 2.791,1.204 (15.00 thresh)
[0m[33m[init]: failed static init: no accel jerk detected
[0m[34m[TIME]: 0.0007 seconds total (1472.8 hz, 0.21 ms behind)
[0m[33m[init]: disparity is 2.791,1.204 (15.00 thresh)
[0m[33m[init]: failed static init: no accel jerk detected
[0m[34m[TIME]: 0.0007 seconds total (1356.9 hz, 0.21 ms behind)
[0m[33m[init]: disparity is 2.791,1.204 (15.00 thresh)
[0m[33m[init]: failed static init: no accel jerk detected
[0m[34m[TIME]: 0.0008 seconds total (1184.8 hz, 0.22 ms behind)
[0m[33m[init]: disparity is 2.723,1.212 (15.00 thresh)
[0m[33m[init]: failed static init: no accel jerk detected
[0m[34m[TIME]: 0.0006 seconds total (1692.0 hz, 0.22 ms behind)
[0m[33m[init]: disparity is 2.723,1.212 (15.00 thresh)
[0m[33m[init]: failed static init: no accel jerk detected
[0m[34m[TIME]: 0.0006 seconds total (1577.3 hz, 0.22 ms behind)
[0m[33m[init]: disparity is 2.723,1.212 (15.00 thresh)
[0m[33m[init]: failed static init: no accel jerk detected
[0m[34m[TIME]: 0.0006 seconds total (1709.4 hz, 0.22 ms behind)
[0m[33m[init]: disparity is 2.723,1.212 (15.00 thresh)
[0m[33m[init]: failed static init: no accel jerk detected
[0m[34m[TIME]: 0.0006 seconds total (1620.7 hz, 0.22 ms behind)
[0m[33m[init]: disparity is 2.723,1.212 (15.00 thresh)
[0m[33m[init]: failed static init: no accel jerk detected
[0m[34m[TIME]: 0.0010 seconds total (972.8 hz, 0.23 ms behind)
[0m[33m[init]: disparity is 2.611,1.133 (15.00 thresh)
[0m[33m[init]: failed static init: no accel jerk detected
[0m[34m[TIME]: 0.0006 seconds total (1560.1 hz, 0.23 ms behind)
[0m[33m[init]: disparity is 2.611,1.133 (15.00 thresh)
[0m[33m[init]: failed static init: no accel jerk detected
[0m[34m[TIME]: 0.0007 seconds total (1533.7 hz, 0.23 ms behind)
[0m[33m[init]: disparity is 2.611,1.133 (15.00 thresh)
[0m[33m[init]: failed static init: no accel jerk detected
[0m[34m[TIME]: 0.0007 seconds total (1506.0 hz, 0.23 ms behind)
[0m[33m[init]: disparity is 2.611,1.133 (15.00 thresh)
[0m[33m[init]: failed static init: no accel jerk detected
[0m[34m[TIME]: 0.0006 seconds total (1700.7 hz, 0.23 ms behind)
[0m[33m[init]: disparity is 2.611,1.133 (15.00 thresh)
[0m[33m[init]: failed static init: no accel jerk detected
[0m[34m[TIME]: 0.0011 seconds total (874.1 hz, 0.24 ms behind)
[0m[33m[init]: disparity is 1.298,1.076 (15.00 thresh)
[0m[33m[init]: failed static init: no accel jerk detected
[0m[34m[TIME]: 0.0005 seconds total (1904.8 hz, 0.24 ms behind)
[0m[33m[init]: disparity is 1.298,1.076 (15.00 thresh)
[0m[33m[init]: failed static init: no accel jerk detected
[0m[34m[TIME]: 0.0005 seconds total (1919.4 hz, 0.24 ms behind)
[0m[33m[init]: disparity is 1.298,1.076 (15.00 thresh)
[0m[33m[init]: failed static init: no accel jerk detected
[0m[34m[TIME]: 0.0005 seconds total (2024.3 hz, 0.24 ms behind)
[0m[33m[init]: disparity is 1.298,1.076 (15.00 thresh)
[0m[33m[init]: failed static init: no accel jerk detected
[0m[34m[TIME]: 0.0005 seconds total (1941.7 hz, 0.24 ms behind)
[0m[33m[init]: disparity is 1.298,1.076 (15.00 thresh)
[0m[33m[init]: failed static init: no accel jerk detected
[0m[34m[TIME]: 0.0010 seconds total (1040.6 hz, 0.26 ms behind)
[0m[33m[init]: disparity is 1.438,1.160 (15.00 thresh)
[0m[33m[init]: failed static init: no accel jerk detected
[0m[34m[TIME]: 0.0007 seconds total (1453.5 hz, 0.26 ms behind)
[0m[33m[init]: disparity is 1.438,1.160 (15.00 thresh)
[0m[33m[init]: failed static init: no accel jerk detected
[0m[34m[TIME]: 0.0006 seconds total (1574.8 hz, 0.26 ms behind)
[0m[33m[init]: disparity is 1.438,1.160 (15.00 thresh)
[0m[33m[init]: failed static init: no accel jerk detected
[0m[34m[TIME]: 0.0006 seconds total (1636.7 hz, 0.26 ms behind)
[0m[33m[init]: disparity is 1.438,1.160 (15.00 thresh)
[0m[33m[init]: failed static init: no accel jerk detected
[0m[34m[TIME]: 0.0006 seconds total (1795.3 hz, 0.26 ms behind)
[0m[33m[init]: disparity is 1.438,1.160 (15.00 thresh)
[0m[33m[init]: failed static init: no accel jerk detected
[0m[34m[TIME]: 0.0010 seconds total (1021.5 hz, 0.27 ms behind)
[0m[33m[init]: disparity is 1.351,1.244 (15.00 thresh)
[0m[33m[init]: failed static init: no accel jerk detected
[0m[34m[TIME]: 0.0007 seconds total (1474.9 hz, 0.27 ms behind)
[0m[33m[init]: disparity is 1.351,1.244 (15.00 thresh)
[0m[33m[init]: failed static init: no accel jerk detected
[0m[34m[TIME]: 0.0007 seconds total (1529.1 hz, 0.27 ms behind)
[0m[33m[init]: disparity is 1.351,1.244 (15.00 thresh)
[0m[33m[init]: failed static init: no accel jerk detected
[0m[34m[TIME]: 0.0007 seconds total (1522.1 hz, 0.27 ms behind)
[0m[33m[init]: disparity is 1.351,1.244 (15.00 thresh)
[0m[33m[init]: failed static init: no accel jerk detected
[0m[34m[TIME]: 0.0006 seconds total (1675.0 hz, 0.27 ms behind)
[0m[33m[init]: disparity is 1.351,1.244 (15.00 thresh)
[0m[33m[init]: failed static init: no accel jerk detected
[0m[34m[TIME]: 0.0010 seconds total (991.1 hz, 0.28 ms behind)
[0m[33m[init]: disparity is 0.523,1.336 (15.00 thresh)
[0m[33m[init]: failed static init: no accel jerk detected
[0m[34m[TIME]: 0.0007 seconds total (1506.0 hz, 0.28 ms behind)
[0m[33m[init]: disparity is 0.523,1.336 (15.00 thresh)
[0m[33m[init]: failed static init: no accel jerk detected
[0m[34m[TIME]: 0.0005 seconds total (2145.9 hz, 0.28 ms behind)
[0m[33m[init]: disparity is 0.523,1.336 (15.00 thresh)
[0m[33m[init]: failed static init: no accel jerk detected
[0m[34m[TIME]: 0.0005 seconds total (1949.3 hz, 0.28 ms behind)
[0m[33m[init]: disparity is 0.523,1.336 (15.00 thresh)
[0m[33m[init]: failed static init: no accel jerk detected
[0m[34m[TIME]: 0.0004 seconds total (2298.9 hz, 0.28 ms behind)
[0m[33m[init]: disparity is 0.523,1.336 (15.00 thresh)
[0m[33m[init]: failed static init: no accel jerk detected
[0m[34m[TIME]: 0.0009 seconds total (1172.3 hz, 0.29 ms behind)
[0m[33m[init]: disparity is 0.501,0.841 (15.00 thresh)
[0m[33m[init]: failed static init: no accel jerk detected
[0m[34m[TIME]: 0.0007 seconds total (1434.7 hz, 0.29 ms behind)
[0m[33m[init]: disparity is 0.501,0.841 (15.00 thresh)
[0m[33m[init]: failed static init: no accel jerk detected
[0m[34m[TIME]: 0.0006 seconds total (1692.0 hz, 0.29 ms behind)
[0m[33m[init]: disparity is 0.501,0.841 (15.00 thresh)
[0m[33m[init]: failed static init: no accel jerk detected
[0m[34m[TIME]: 0.0006 seconds total (1677.9 hz, 0.29 ms behind)
[0m[33m[init]: disparity is 0.501,0.841 (15.00 thresh)
[0m[33m[init]: failed static init: no accel jerk detected
[0m[34m[TIME]: 0.0006 seconds total (1572.3 hz, 0.29 ms behind)
[0m[33m[init]: disparity is 0.501,0.841 (15.00 thresh)
[0m[33m[init]: failed static init: no accel jerk detected
[0m[34m[TIME]: 0.0009 seconds total (1060.4 hz, 0.30 ms behind)
[0m[33m[init]: disparity is 1.177,0.894 (15.00 thresh)
[0m[33m[init]: failed static init: no accel jerk detected
[0m[34m[TIME]: 0.0007 seconds total (1428.6 hz, 0.30 ms behind)
[0m[33m[init]: disparity is 1.177,0.894 (15.00 thresh)
[0m[33m[init]: failed static init: no accel jerk detected
[0m[34m[TIME]: 0.0007 seconds total (1402.5 hz, 0.30 ms behind)
[0m[33m[init]: disparity is 1.177,0.894 (15.00 thresh)
[0m[33m[init]: failed static init: no accel jerk detected
[0m[34m[TIME]: 0.0007 seconds total (1375.5 hz, 0.30 ms behind)
[0m[33m[init]: disparity is 1.177,0.894 (15.00 thresh)
[0m[33m[init]: failed static init: no accel jerk detected
[0m[34m[TIME]: 0.0006 seconds total (1644.7 hz, 0.30 ms behind)
[0m[33m[init]: disparity is 1.177,0.894 (15.00 thresh)
[0m[33m[init]: failed static init: no accel jerk detected
[0m[34m[TIME]: 0.0012 seconds total (852.5 hz, 0.06 ms behind)
[0m[33m[init]: disparity is 1.159,0.920 (15.00 thresh)
[0m[33m[init]: failed static init: no accel jerk detected
[0m[34m[TIME]: 0.0008 seconds total (1293.7 hz, 0.06 ms behind)
[0m[33m[init]: disparity is 1.159,0.920 (15.00 thresh)
[0m[33m[init]: failed static init: no accel jerk detected
[0m[34m[TIME]: 0.0007 seconds total (1508.3 hz, 0.06 ms behind)
[0m[33m[init]: disparity is 1.159,0.920 (15.00 thresh)
[0m[33m[init]: failed static init: no accel jerk detected
[0m[34m[TIME]: 0.0006 seconds total (1626.0 hz, 0.06 ms behind)
[0m[33m[init]: disparity is 1.159,0.920 (15.00 thresh)
[0m[33m[init]: failed static init: no accel jerk detected
[0m[34m[TIME]: 0.0007 seconds total (1474.9 hz, 0.06 ms behind)
[0m[33m[init]: disparity is 1.159,0.920 (15.00 thresh)
[0m[33m[init]: failed static init: no accel jerk detected
[0m[34m[TIME]: 0.0009 seconds total (1096.5 hz, 0.32 ms behind)
[0m[33m[init]: disparity is 1.150,0.910 (15.00 thresh)
[0m[33m[init]: failed static init: no accel jerk detected
[0m[34m[TIME]: 0.0005 seconds total (1869.2 hz, 0.32 ms behind)
[0m[33m[init]: disparity is 1.150,0.910 (15.00 thresh)
[0m[33m[init]: failed static init: no accel jerk detected
[0m[34m[TIME]: 0.0006 seconds total (1715.3 hz, 0.32 ms behind)
[0m[33m[init]: disparity is 1.150,0.910 (15.00 thresh)
[0m[33m[init]: failed static init: no accel jerk detected
[0m[34m[TIME]: 0.0005 seconds total (1919.4 hz, 0.32 ms behind)
[0m[33m[init]: disparity is 1.150,0.910 (15.00 thresh)
[0m[33m[init]: failed static init: no accel jerk detected
[0m[34m[TIME]: 0.0005 seconds total (1968.5 hz, 0.32 ms behind)
[0m[33m[init]: disparity is 1.150,0.910 (15.00 thresh)
[0m[33m[init]: failed static init: no accel jerk detected
[0m[34m[TIME]: 0.0010 seconds total (957.9 hz, 0.08 ms behind)
[0m[33m[init]: disparity is 1.146,0.949 (15.00 thresh)
[0m[33m[init]: failed static init: no accel jerk detected
[0m[34m[TIME]: 0.0007 seconds total (1479.3 hz, 0.08 ms behind)
[0m[33m[init]: disparity is 1.146,0.949 (15.00 thresh)
[0m[33m[init]: failed static init: no accel jerk detected
[0m[34m[TIME]: 0.0004 seconds total (2222.2 hz, 0.08 ms behind)
[0m[33m[init]: disparity is 1.146,0.949 (15.00 thresh)
[0m[33m[init]: failed static init: no accel jerk detected
[0m[34m[TIME]: 0.0004 seconds total (2304.1 hz, 0.08 ms behind)
[0m[33m[init]: disparity is 1.146,0.949 (15.00 thresh)
[0m[33m[init]: failed static init: no accel jerk detected
[0m[34m[TIME]: 0.0004 seconds total (2293.6 hz, 0.08 ms behind)
[0m[33m[init]: disparity is 1.146,0.949 (15.00 thresh)
[0m[33m[init]: failed static init: no accel jerk detected
[0m[34m[TIME]: 0.0009 seconds total (1102.5 hz, 0.09 ms behind)
[0m[33m[init]: disparity is 1.036,1.076 (15.00 thresh)
[0m[33m[init]: failed static init: no accel jerk detected
[0m[34m[TIME]: 0.0006 seconds total (1569.9 hz, 0.09 ms behind)
[0m[33m[init]: disparity is 1.036,1.076 (15.00 thresh)
[0m[33m[init]: failed static init: no accel jerk detected
[0m[34m[TIME]: 0.0006 seconds total (1692.0 hz, 0.09 ms behind)
[0m[33m[init]: disparity is 1.036,1.076 (15.00 thresh)
[0m[33m[init]: failed static init: no accel jerk detected
[0m[34m[TIME]: 0.0006 seconds total (1552.8 hz, 0.09 ms behind)
[0m[33m[init]: disparity is 1.036,1.076 (15.00 thresh)
[0m[33m[init]: failed static init: no accel jerk detected
[0m[34m[TIME]: 0.0006 seconds total (1666.7 hz, 0.09 ms behind)
[0m[33m[init]: disparity is 1.036,1.076 (15.00 thresh)
[0m[33m[init]: failed static init: no accel jerk detected
[0m[34m[TIME]: 0.0010 seconds total (1051.5 hz, 0.10 ms behind)
[0m[33m[init]: disparity is 1.142,1.053 (15.00 thresh)
[0m[33m[init]: failed static init: no accel jerk detected
[0m[34m[TIME]: 0.0008 seconds total (1322.8 hz, 0.10 ms behind)
[0m[33m[init]: disparity is 1.142,1.053 (15.00 thresh)
[0m[33m[init]: failed static init: no accel jerk detected
[0m[34m[TIME]: 0.0008 seconds total (1265.8 hz, 0.10 ms behind)
[0m[33m[init]: disparity is 1.142,1.053 (15.00 thresh)
[0m[33m[init]: failed static init: no accel jerk detected
[0m[34m[TIME]: 0.0007 seconds total (1459.9 hz, 0.10 ms behind)
[0m[33m[init]: disparity is 1.142,1.053 (15.00 thresh)
[0m[33m[init]: failed static init: no accel jerk detected
[0m[34m[TIME]: 0.0007 seconds total (1517.5 hz, 0.10 ms behind)
[0m[33m[init]: disparity is 1.142,1.053 (15.00 thresh)
[0m[33m[init]: failed static init: no accel jerk detected
[0m[34m[TIME]: 0.0009 seconds total (1075.3 hz, 0.11 ms behind)
[0m[33m[init]: disparity is 1.185,1.037 (15.00 thresh)
[0m[33m[init]: failed static init: no accel jerk detected
[0m[34m[TIME]: 0.0007 seconds total (1398.6 hz, 0.11 ms behind)
[0m[33m[init]: disparity is 1.185,1.037 (15.00 thresh)
[0m[33m[init]: failed static init: no accel jerk detected
[0m[34m[TIME]: 0.0008 seconds total (1314.1 hz, 0.11 ms behind)
[0m[33m[init]: disparity is 1.185,1.037 (15.00 thresh)
[0m[33m[init]: failed static init: no accel jerk detected
[0m[34m[TIME]: 0.0007 seconds total (1497.0 hz, 0.11 ms behind)
[0m[33m[init]: disparity is 1.185,1.037 (15.00 thresh)
[0m[33m[init]: failed static init: no accel jerk detected
[0m[34m[TIME]: 0.0007 seconds total (1375.5 hz, 0.11 ms behind)
[0m[33m[init]: disparity is 1.185,1.037 (15.00 thresh)
[0m[33m[init]: failed static init: no accel jerk detected
[0m[34m[TIME]: 0.0009 seconds total (1077.6 hz, 0.12 ms behind)
[0m[33m[init]: disparity is 1.204,1.098 (15.00 thresh)
[0m[33m[init]: failed static init: no accel jerk detected
[0m[34m[TIME]: 0.0007 seconds total (1406.5 hz, 0.12 ms behind)
[0m[33m[init]: disparity is 1.204,1.098 (15.00 thresh)
[0m[33m[init]: failed static init: no accel jerk detected
[0m[34m[TIME]: 0.0006 seconds total (1615.5 hz, 0.12 ms behind)
[0m[33m[init]: disparity is 1.204,1.098 (15.00 thresh)
[0m[33m[init]: failed static init: no accel jerk detected
[0m[34m[TIME]: 0.0006 seconds total (1623.4 hz, 0.12 ms behind)
[0m[33m[init]: disparity is 1.204,1.098 (15.00 thresh)
[0m[33m[init]: failed static init: no accel jerk detected
[0m[34m[TIME]: 0.0006 seconds total (1543.2 hz, 0.12 ms behind)
[0m[33m[init]: disparity is 1.204,1.098 (15.00 thresh)
[0m[33m[init]: failed static init: no accel jerk detected
[0m[34m[TIME]: 0.0013 seconds total (794.9 hz, 0.38 ms behind)
[0m[33m[init]: disparity is 1.208,0.997 (15.00 thresh)
[0m[33m[init]: failed static init: no accel jerk detected
[0m[34m[TIME]: 0.0007 seconds total (1453.5 hz, 0.38 ms behind)
[0m[33m[init]: disparity is 1.208,0.997 (15.00 thresh)
[0m[33m[init]: failed static init: no accel jerk detected
[0m[34m[TIME]: 0.0006 seconds total (1669.4 hz, 0.38 ms behind)
[0m[33m[init]: disparity is 1.208,0.997 (15.00 thresh)
[0m[33m[init]: failed static init: no accel jerk detected
[0m[34m[TIME]: 0.0006 seconds total (1639.3 hz, 0.38 ms behind)
[0m[33m[init]: disparity is 1.208,0.997 (15.00 thresh)
[0m[33m[init]: failed static init: no accel jerk detected
[0m[34m[TIME]: 0.0006 seconds total (1634.0 hz, 0.38 ms behind)
[0m[33m[init]: disparity is 1.208,0.997 (15.00 thresh)
[0m[33m[init]: failed static init: no accel jerk detected
[0m[34m[TIME]: 0.0010 seconds total (1021.5 hz, 0.14 ms behind)
[0m[33m[init]: disparity is 1.152,0.946 (15.00 thresh)
[0m[33m[init]: failed static init: no accel jerk detected
[0m[34m[TIME]: 0.0006 seconds total (1587.3 hz, 0.14 ms behind)
[0m[33m[init]: disparity is 1.152,0.946 (15.00 thresh)
[0m[33m[init]: failed static init: no accel jerk detected
[0m[34m[TIME]: 0.0007 seconds total (1472.8 hz, 0.14 ms behind)
[0m[33m[init]: disparity is 1.152,0.946 (15.00 thresh)
[0m[33m[init]: failed static init: no accel jerk detected
[0m[34m[TIME]: 0.0007 seconds total (1529.1 hz, 0.14 ms behind)
[0m[33m[init]: disparity is 1.152,0.946 (15.00 thresh)
[0m[33m[init]: failed static init: no accel jerk detected
[0m[34m[TIME]: 0.0007 seconds total (1533.7 hz, 0.14 ms behind)
[0m[33m[init]: disparity is 1.152,0.946 (15.00 thresh)
[0m[33m[init]: failed static init: no accel jerk detected
[0m[34m[TIME]: 0.0011 seconds total (939.8 hz, 0.15 ms behind)
[0m[33m[init]: disparity is 1.216,0.883 (15.00 thresh)
[0m[33m[init]: failed static init: no accel jerk detected
[0m[34m[TIME]: 0.0008 seconds total (1236.1 hz, 0.15 ms behind)
[0m[33m[init]: disparity is 1.216,0.883 (15.00 thresh)
[0m[33m[init]: failed static init: no accel jerk detected
[0m[34m[TIME]: 0.0006 seconds total (1592.4 hz, 0.15 ms behind)
[0m[33m[init]: disparity is 1.216,0.883 (15.00 thresh)
[0m[33m[init]: failed static init: no accel jerk detected
[0m[34m[TIME]: 0.0008 seconds total (1270.6 hz, 0.15 ms behind)
[0m[33m[init]: disparity is 1.216,0.883 (15.00 thresh)
[0m[33m[init]: failed static init: no accel jerk detected
[0m[34m[TIME]: 0.0005 seconds total (1858.7 hz, 0.15 ms behind)
[0m[33m[init]: disparity is 1.216,0.883 (15.00 thresh)
[0m[33m[init]: failed static init: no accel jerk detected
[0m[34m[TIME]: 0.0009 seconds total (1077.6 hz, 0.16 ms behind)
[0m[33m[init]: disparity is 1.285,0.813 (15.00 thresh)
[0m[33m[init]: failed static init: no accel jerk detected
[0m[34m[TIME]: 0.0007 seconds total (1406.5 hz, 0.16 ms behind)
[0m[33m[init]: disparity is 1.285,0.813 (15.00 thresh)
[0m[33m[init]: failed static init: no accel jerk detected
[0m[34m[TIME]: 0.0007 seconds total (1445.1 hz, 0.16 ms behind)
[0m[33m[init]: disparity is 1.285,0.813 (15.00 thresh)
[0m[33m[init]: failed static init: no accel jerk detected
[0m[34m[TIME]: 0.0007 seconds total (1392.8 hz, 0.16 ms behind)
[0m[33m[init]: disparity is 1.285,0.813 (15.00 thresh)
[0m[33m[init]: failed static init: no accel jerk detected
[0m[34m[TIME]: 0.0007 seconds total (1519.8 hz, 0.16 ms behind)
[0m[33m[init]: disparity is 1.285,0.813 (15.00 thresh)
[0m[33m[init]: failed static init: no accel jerk detected
[0m[34m[TIME]: 0.0010 seconds total (1037.3 hz, 0.17 ms behind)
[0m[33m[init]: disparity is 1.267,0.741 (15.00 thresh)
[0m[33m[init]: failed static init: no accel jerk detected
[0m[34m[TIME]: 0.0006 seconds total (1562.5 hz, 0.17 ms behind)
[0m[33m[init]: disparity is 1.267,0.741 (15.00 thresh)
[0m[33m[init]: failed static init: no accel jerk detected
[0m[34m[TIME]: 0.0007 seconds total (1515.2 hz, 0.17 ms behind)
[0m[33m[init]: disparity is 1.267,0.741 (15.00 thresh)
[0m[33m[init]: failed static init: no accel jerk detected
[0m[34m[TIME]: 0.0008 seconds total (1212.1 hz, 0.17 ms behind)
[0m[33m[init]: disparity is 1.267,0.741 (15.00 thresh)
[0m[33m[init]: failed static init: no accel jerk detected
[0m[34m[TIME]: 0.0006 seconds total (1718.2 hz, 0.17 ms behind)
[0m[33m[init]: disparity is 1.267,0.741 (15.00 thresh)
[0m[33m[init]: failed static init: no accel jerk detected
[0m[34m[TIME]: 0.0010 seconds total (992.1 hz, 0.18 ms behind)
[0m[33m[init]: disparity is 1.356,0.643 (15.00 thresh)
[0m[33m[init]: failed static init: no accel jerk detected
[0m[34m[TIME]: 0.0007 seconds total (1483.7 hz, 0.18 ms behind)
[0m[33m[init]: disparity is 1.356,0.643 (15.00 thresh)
[0m[33m[init]: failed static init: no accel jerk detected
[0m[34m[TIME]: 0.0007 seconds total (1335.1 hz, 0.18 ms behind)
[0m[33m[init]: disparity is 1.356,0.643 (15.00 thresh)
[0m[33m[init]: failed static init: no accel jerk detected
[0m[34m[TIME]: 0.0006 seconds total (1618.1 hz, 0.18 ms behind)
[0m[33m[init]: disparity is 1.356,0.643 (15.00 thresh)
[0m[33m[init]: failed static init: no accel jerk detected
[0m[34m[TIME]: 0.0006 seconds total (1689.2 hz, 0.18 ms behind)
[0m[33m[init]: disparity is 1.356,0.643 (15.00 thresh)
[0m[33m[init]: failed static init: no accel jerk detected
[0m[34m[TIME]: 0.0009 seconds total (1152.1 hz, 0.19 ms behind)
[0m[33m[init]: disparity is 1.398,0.555 (15.00 thresh)
[0m[33m[init]: failed static init: no accel jerk detected
[0m[34m[TIME]: 0.0006 seconds total (1642.0 hz, 0.19 ms behind)
[0m[33m[init]: disparity is 1.398,0.555 (15.00 thresh)
[0m[33m[init]: failed static init: no accel jerk detected
[0m[34m[TIME]: 0.0006 seconds total (1663.9 hz, 0.19 ms behind)
[0m[33m[init]: disparity is 1.398,0.555 (15.00 thresh)
[0m[33m[init]: failed static init: no accel jerk detected
[0m[34m[TIME]: 0.0006 seconds total (1663.9 hz, 0.19 ms behind)
[0m[33m[init]: disparity is 1.398,0.555 (15.00 thresh)
[0m[33m[init]: failed static init: no accel jerk detected
[0m[34m[TIME]: 0.0006 seconds total (1727.1 hz, 0.19 ms behind)
[0m[33m[init]: disparity is 1.398,0.555 (15.00 thresh)
[0m[33m[init]: failed static init: no accel jerk detected
[0m[34m[TIME]: 0.0009 seconds total (1061.6 hz, 0.20 ms behind)
[0m[33m[init]: disparity is 1.449,0.530 (15.00 thresh)
[0m[33m[init]: failed static init: no accel jerk detected
[0m[34m[TIME]: 0.0006 seconds total (1548.0 hz, 0.20 ms behind)
[0m[33m[init]: disparity is 1.449,0.530 (15.00 thresh)
[0m[33m[init]: failed static init: no accel jerk detected
[0m[34m[TIME]: 0.0006 seconds total (1557.6 hz, 0.20 ms behind)
[0m[33m[init]: disparity is 1.449,0.530 (15.00 thresh)
[0m[33m[init]: failed static init: no accel jerk detected
[0m[34m[TIME]: 0.0006 seconds total (1650.2 hz, 0.20 ms behind)
[0m[33m[init]: disparity is 1.449,0.530 (15.00 thresh)
[0m[33m[init]: failed static init: no accel jerk detected
[0m[34m[TIME]: 0.0006 seconds total (1592.4 hz, 0.20 ms behind)
[0m[33m[init]: disparity is 1.449,0.530 (15.00 thresh)
[0m[33m[init]: failed static init: no accel jerk detected
[0m[34m[TIME]: 0.0009 seconds total (1063.8 hz, 0.21 ms behind)
[0m[33m[init]: disparity is 0.956,0.519 (15.00 thresh)
[0m[33m[init]: failed static init: no accel jerk detected
[0m[34m[TIME]: 0.0008 seconds total (1262.6 hz, 0.21 ms behind)
[0m[33m[init]: disparity is 0.956,0.519 (15.00 thresh)
[0m[33m[init]: failed static init: no accel jerk detected
[0m[34m[TIME]: 0.0006 seconds total (1628.7 hz, 0.21 ms behind)
[0m[33m[init]: disparity is 0.956,0.519 (15.00 thresh)
[0m[33m[init]: failed static init: no accel jerk detected
[0m[34m[TIME]: 0.0007 seconds total (1492.5 hz, 0.21 ms behind)
[0m[33m[init]: disparity is 0.956,0.519 (15.00 thresh)
[0m[33m[init]: failed static init: no accel jerk detected
[0m[34m[TIME]: 0.0006 seconds total (1607.7 hz, 0.21 ms behind)
[0m[33m[init]: disparity is 0.956,0.519 (15.00 thresh)
[0m[33m[init]: failed static init: no accel jerk detected
[0m[34m[TIME]: 0.0010 seconds total (1000.0 hz, 0.22 ms behind)
[0m[33m[init]: disparity is 0.947,0.570 (15.00 thresh)
[0m[33m[init]: failed static init: no accel jerk detected
[0m[34m[TIME]: 0.0007 seconds total (1416.4 hz, 0.22 ms behind)
[0m[33m[init]: disparity is 0.947,0.570 (15.00 thresh)
[0m[33m[init]: failed static init: no accel jerk detected
[0m[34m[TIME]: 0.0006 seconds total (1550.4 hz, 0.22 ms behind)
[0m[33m[init]: disparity is 0.947,0.570 (15.00 thresh)
[0m[33m[init]: failed static init: no accel jerk detected
[0m[34m[TIME]: 0.0007 seconds total (1390.8 hz, 0.22 ms behind)
[0m[33m[init]: disparity is 0.947,0.570 (15.00 thresh)
[0m[33m[init]: failed static init: no accel jerk detected
[0m[34m[TIME]: 0.0006 seconds total (1686.3 hz, 0.22 ms behind)
[0m[33m[init]: disparity is 0.947,0.570 (15.00 thresh)
[0m[33m[init]: failed static init: no accel jerk detected
[0m[34m[TIME]: 0.0007 seconds total (1422.5 hz, 0.23 ms behind)
[0m[33m[init]: disparity is 0.967,0.899 (15.00 thresh)
[0m[33m[init]: failed static init: no accel jerk detected
[0m[34m[TIME]: 0.0005 seconds total (2118.6 hz, 0.23 ms behind)
[0m[33m[init]: disparity is 0.967,0.899 (15.00 thresh)
[0m[33m[init]: failed static init: no accel jerk detected
[0m[34m[TIME]: 0.0004 seconds total (2358.5 hz, 0.23 ms behind)
[0m[33m[init]: disparity is 0.967,0.899 (15.00 thresh)
[0m[33m[init]: failed static init: no accel jerk detected
[0m[34m[TIME]: 0.0004 seconds total (2293.6 hz, 0.23 ms behind)
[0m[33m[init]: disparity is 0.967,0.899 (15.00 thresh)
[0m[33m[init]: failed static init: no accel jerk detected
[0m[34m[TIME]: 0.0005 seconds total (2164.5 hz, 0.23 ms behind)
[0m[33m[init]: disparity is 0.967,0.899 (15.00 thresh)
[0m[33m[init]: failed static init: no accel jerk detected
[0m[34m[TIME]: 0.0009 seconds total (1144.2 hz, 0.24 ms behind)
[0m[33m[init]: disparity is 1.001,0.875 (15.00 thresh)
[0m[33m[init]: failed static init: no accel jerk detected
[0m[34m[TIME]: 0.0006 seconds total (1538.5 hz, 0.24 ms behind)
[0m[33m[init]: disparity is 1.001,0.875 (15.00 thresh)
[0m[33m[init]: failed static init: no accel jerk detected
[0m[34m[TIME]: 0.0006 seconds total (1666.7 hz, 0.24 ms behind)
[0m[33m[init]: disparity is 1.001,0.875 (15.00 thresh)
[0m[33m[init]: failed static init: no accel jerk detected
[0m[34m[TIME]: 0.0007 seconds total (1531.4 hz, 0.24 ms behind)
[0m[33m[init]: disparity is 1.001,0.875 (15.00 thresh)
[0m[33m[init]: failed static init: no accel jerk detected
[0m[34m[TIME]: 0.0006 seconds total (1626.0 hz, 0.24 ms behind)
[0m[33m[init]: disparity is 1.001,0.875 (15.00 thresh)
[0m[33m[init]: failed static init: no accel jerk detected
[0m[34m[TIME]: 0.0008 seconds total (1280.4 hz, 0.25 ms behind)
[0m[33m[init]: disparity is 1.006,0.837 (15.00 thresh)
[0m[33m[init]: failed static init: no accel jerk detected
[0m[34m[TIME]: 0.0007 seconds total (1443.0 hz, 0.25 ms behind)
[0m[33m[init]: disparity is 1.006,0.837 (15.00 thresh)
[0m[33m[init]: failed static init: no accel jerk detected
[0m[34m[TIME]: 0.0007 seconds total (1474.9 hz, 0.25 ms behind)
[0m[33m[init]: disparity is 1.006,0.837 (15.00 thresh)
[0m[33m[init]: failed static init: no accel jerk detected
[0m[34m[TIME]: 0.0006 seconds total (1548.0 hz, 0.25 ms behind)
[0m[33m[init]: disparity is 1.006,0.837 (15.00 thresh)
[0m[33m[init]: failed static init: no accel jerk detected
[0m[34m[TIME]: 0.0007 seconds total (1459.9 hz, 0.25 ms behind)
[0m[33m[init]: disparity is 1.006,0.837 (15.00 thresh)
[0m[33m[init]: failed static init: no accel jerk detected
[0m[34m[TIME]: 0.0009 seconds total (1063.8 hz, 0.27 ms behind)
[0m[33m[init]: disparity is 1.073,0.895 (15.00 thresh)
[0m[33m[init]: failed static init: no accel jerk detected
[0m[34m[TIME]: 0.0008 seconds total (1292.0 hz, 0.27 ms behind)
[0m[33m[init]: disparity is 1.073,0.895 (15.00 thresh)
[0m[33m[init]: failed static init: no accel jerk detected
[0m[34m[TIME]: 0.0006 seconds total (1615.5 hz, 0.27 ms behind)
[0m[33m[init]: disparity is 1.073,0.895 (15.00 thresh)
[0m[33m[init]: failed static init: no accel jerk detected
[0m[34m[TIME]: 0.0006 seconds total (1605.1 hz, 0.27 ms behind)
[0m[33m[init]: disparity is 1.073,0.895 (15.00 thresh)
[0m[33m[init]: failed static init: no accel jerk detected
[0m[34m[TIME]: 0.0006 seconds total (1652.9 hz, 0.27 ms behind)
[0m[33m[init]: disparity is 1.073,0.895 (15.00 thresh)
[0m[33m[init]: failed static init: no accel jerk detected
[0m[34m[TIME]: 0.0008 seconds total (1191.9 hz, 0.28 ms behind)
[0m[33m[init]: disparity is 1.092,0.946 (15.00 thresh)
[0m[33m[init]: failed static init: no accel jerk detected
[0m[34m[TIME]: 0.0008 seconds total (1293.7 hz, 0.28 ms behind)
[0m[33m[init]: disparity is 1.092,0.946 (15.00 thresh)
[0m[33m[init]: failed static init: no accel jerk detected
[0m[34m[TIME]: 0.0007 seconds total (1474.9 hz, 0.28 ms behind)
[0m[33m[init]: disparity is 1.092,0.946 (15.00 thresh)
[0m[33m[init]: failed static init: no accel jerk detected
[0m[34m[TIME]: 0.0007 seconds total (1488.1 hz, 0.28 ms behind)
[0m[33m[init]: disparity is 1.092,0.946 (15.00 thresh)
[0m[33m[init]: failed static init: no accel jerk detected
[0m[34m[TIME]: 0.0006 seconds total (1689.2 hz, 0.28 ms behind)
[0m[33m[init]: disparity is 1.092,0.946 (15.00 thresh)
[0m[33m[init]: failed static init: no accel jerk detected
[0m[34m[TIME]: 0.0010 seconds total (956.0 hz, 0.29 ms behind)
[0m[33m[init]: disparity is 1.074,0.801 (15.00 thresh)
[0m[33m[init]: failed static init: no accel jerk detected
[0m[34m[TIME]: 0.0007 seconds total (1490.3 hz, 0.29 ms behind)
[0m[33m[init]: disparity is 1.074,0.801 (15.00 thresh)
[0m[33m[init]: failed static init: no accel jerk detected
[0m[34m[TIME]: 0.0007 seconds total (1388.9 hz, 0.29 ms behind)
[0m[33m[init]: disparity is 1.074,0.801 (15.00 thresh)
[0m[33m[init]: failed static init: no accel jerk detected
[0m[34m[TIME]: 0.0007 seconds total (1477.1 hz, 0.29 ms behind)
[0m[33m[init]: disparity is 1.074,0.801 (15.00 thresh)
[0m[33m[init]: failed static init: no accel jerk detected
[0m[34m[TIME]: 0.0007 seconds total (1477.1 hz, 0.29 ms behind)
[0m[33m[init]: disparity is 1.074,0.801 (15.00 thresh)
[0m[33m[init]: failed static init: no accel jerk detected
[0m[34m[TIME]: 0.0009 seconds total (1067.2 hz, 0.30 ms behind)
[0m[33m[init]: disparity is 1.104,0.852 (15.00 thresh)
[0m[33m[init]: failed static init: no accel jerk detected
[0m[34m[TIME]: 0.0006 seconds total (1612.9 hz, 0.30 ms behind)
[0m[33m[init]: disparity is 1.104,0.852 (15.00 thresh)
[0m[33m[init]: failed static init: no accel jerk detected
[0m[34m[TIME]: 0.0007 seconds total (1533.7 hz, 0.30 ms behind)
[0m[33m[init]: disparity is 1.104,0.852 (15.00 thresh)
[0m[33m[init]: failed static init: no accel jerk detected
[0m[34m[TIME]: 0.0006 seconds total (1620.7 hz, 0.30 ms behind)
[0m[33m[init]: disparity is 1.104,0.852 (15.00 thresh)
[0m[33m[init]: failed static init: no accel jerk detected
[0m[34m[TIME]: 0.0006 seconds total (1610.3 hz, 0.30 ms behind)
[0m[33m[init]: disparity is 1.104,0.852 (15.00 thresh)
[0m[33m[init]: failed static init: no accel jerk detected
[0m[34m[TIME]: 0.0010 seconds total (1011.1 hz, 0.06 ms behind)
[0m[33m[init]: disparity is 0.988,0.818 (15.00 thresh)
[0m[33m[init]: failed static init: no accel jerk detected
[0m[34m[TIME]: 0.0007 seconds total (1494.8 hz, 0.06 ms behind)
[0m[33m[init]: disparity is 0.988,0.818 (15.00 thresh)
[0m[33m[init]: failed static init: no accel jerk detected
[0m[34m[TIME]: 0.0006 seconds total (1548.0 hz, 0.06 ms behind)
[0m[33m[init]: disparity is 0.988,0.818 (15.00 thresh)
[0m[33m[init]: failed static init: no accel jerk detected
[0m[34m[TIME]: 0.0007 seconds total (1364.3 hz, 0.06 ms behind)
[0m[33m[init]: disparity is 0.988,0.818 (15.00 thresh)
[0m[33m[init]: failed static init: no accel jerk detected
[0m[34m[TIME]: 0.0005 seconds total (1869.2 hz, 0.06 ms behind)
[0m[33m[init]: disparity is 0.988,0.818 (15.00 thresh)
[0m[33m[init]: failed static init: no accel jerk detected
[0m[34m[TIME]: 0.0009 seconds total (1122.3 hz, 0.07 ms behind)
[0m[33m[init]: disparity is 0.932,0.798 (15.00 thresh)
[0m[33m[init]: failed static init: no accel jerk detected
[0m[34m[TIME]: 0.0008 seconds total (1333.3 hz, 0.07 ms behind)
[0m[33m[init]: disparity is 0.932,0.798 (15.00 thresh)
[0m[33m[init]: failed static init: no accel jerk detected
[0m[34m[TIME]: 0.0007 seconds total (1464.1 hz, 0.07 ms behind)
[0m[33m[init]: disparity is 0.932,0.798 (15.00 thresh)
[0m[33m[init]: failed static init: no accel jerk detected
[0m[34m[TIME]: 0.0007 seconds total (1526.7 hz, 0.07 ms behind)
[0m[33m[init]: disparity is 0.932,0.798 (15.00 thresh)
[0m[33m[init]: failed static init: no accel jerk detected
[0m[34m[TIME]: 0.0007 seconds total (1526.7 hz, 0.07 ms behind)
[0m[33m[init]: disparity is 0.932,0.798 (15.00 thresh)
[0m[33m[init]: failed static init: no accel jerk detected
[0m[34m[TIME]: 0.0010 seconds total (1012.1 hz, 0.08 ms behind)
[0m[33m[init]: disparity is 0.873,0.742 (15.00 thresh)
[0m[33m[init]: failed static init: no accel jerk detected
[0m[34m[TIME]: 0.0008 seconds total (1278.8 hz, 0.08 ms behind)
[0m[33m[init]: disparity is 0.873,0.742 (15.00 thresh)
[0m[33m[init]: failed static init: no accel jerk detected
[0m[34m[TIME]: 0.0007 seconds total (1379.3 hz, 0.08 ms behind)
[0m[33m[init]: disparity is 0.873,0.742 (15.00 thresh)
[0m[33m[init]: failed static init: no accel jerk detected
[0m[34m[TIME]: 0.0005 seconds total (1926.8 hz, 0.08 ms behind)
[0m[33m[init]: disparity is 0.873,0.742 (15.00 thresh)
[0m[33m[init]: failed static init: no accel jerk detected
[0m[34m[TIME]: 0.0005 seconds total (1996.0 hz, 0.08 ms behind)
[0m[33m[init]: disparity is 0.873,0.742 (15.00 thresh)
[0m[33m[init]: failed static init: no accel jerk detected
[0m[34m[TIME]: 0.0010 seconds total (960.6 hz, 0.09 ms behind)
[0m[33m[init]: disparity is 0.758,0.784 (15.00 thresh)
[0m[33m[init]: failed static init: no accel jerk detected
[0m[34m[TIME]: 0.0007 seconds total (1506.0 hz, 0.09 ms behind)
[0m[33m[init]: disparity is 0.758,0.784 (15.00 thresh)
[0m[33m[init]: failed static init: no accel jerk detected
[0m[34m[TIME]: 0.0008 seconds total (1333.3 hz, 0.09 ms behind)
[0m[33m[init]: disparity is 0.758,0.784 (15.00 thresh)
[0m[33m[init]: failed static init: no accel jerk detected
[0m[34m[TIME]: 0.0007 seconds total (1477.1 hz, 0.09 ms behind)
[0m[33m[init]: disparity is 0.758,0.784 (15.00 thresh)
[0m[33m[init]: failed static init: no accel jerk detected
[0m[34m[TIME]: 0.0007 seconds total (1533.7 hz, 0.09 ms behind)
[0m[33m[init]: disparity is 0.758,0.784 (15.00 thresh)
[0m[33m[init]: failed static init: no accel jerk detected
[0m[34m[TIME]: 0.0009 seconds total (1091.7 hz, 0.10 ms behind)
[0m[33m[init]: disparity is 0.683,0.800 (15.00 thresh)
[0m[33m[init]: failed static init: no accel jerk detected
[0m[34m[TIME]: 0.0007 seconds total (1445.1 hz, 0.10 ms behind)
[0m[33m[init]: disparity is 0.683,0.800 (15.00 thresh)
[0m[33m[init]: failed static init: no accel jerk detected
[0m[34m[TIME]: 0.0006 seconds total (1600.0 hz, 0.10 ms behind)
[0m[33m[init]: disparity is 0.683,0.800 (15.00 thresh)
[0m[33m[init]: failed static init: no accel jerk detected
[0m[34m[TIME]: 0.0008 seconds total (1298.7 hz, 0.10 ms behind)
[0m[33m[init]: disparity is 0.683,0.800 (15.00 thresh)
[0m[33m[init]: failed static init: no accel jerk detected
[0m[34m[TIME]: 0.0007 seconds total (1375.5 hz, 0.10 ms behind)
[0m[33m[init]: disparity is 0.683,0.800 (15.00 thresh)
[0m[33m[init]: failed static init: no accel jerk detected
[0m[34m[TIME]: 0.0009 seconds total (1161.4 hz, 0.11 ms behind)
[0m[33m[init]: disparity is 0.611,0.767 (15.00 thresh)
[0m[33m[init]: failed static init: no accel jerk detected
[0m[34m[TIME]: 0.0006 seconds total (1569.9 hz, 0.11 ms behind)
[0m[33m[init]: disparity is 0.611,0.767 (15.00 thresh)
[0m[33m[init]: failed static init: no accel jerk detected
[0m[34m[TIME]: 0.0005 seconds total (1841.6 hz, 0.11 ms behind)
[0m[33m[init]: disparity is 0.611,0.767 (15.00 thresh)
[0m[33m[init]: failed static init: no accel jerk detected
[0m[34m[TIME]: 0.0006 seconds total (1683.5 hz, 0.11 ms behind)
[0m[33m[init]: disparity is 0.611,0.767 (15.00 thresh)
[0m[33m[init]: failed static init: no accel jerk detected
[0m[34m[TIME]: 0.0006 seconds total (1644.7 hz, 0.11 ms behind)
[0m[33m[init]: disparity is 0.611,0.767 (15.00 thresh)
[0m[33m[init]: failed static init: no accel jerk detected
[0m[34m[TIME]: 0.0009 seconds total (1071.8 hz, 0.12 ms behind)
[0m[33m[init]: disparity is 0.533,0.772 (15.00 thresh)
[0m[33m[init]: failed static init: no accel jerk detected
[0m[34m[TIME]: 0.0006 seconds total (1589.8 hz, 0.12 ms behind)
[0m[33m[init]: disparity is 0.533,0.772 (15.00 thresh)
[0m[33m[init]: failed static init: no accel jerk detected
[0m[34m[TIME]: 0.0006 seconds total (1703.6 hz, 0.12 ms behind)
[0m[33m[init]: disparity is 0.533,0.772 (15.00 thresh)
[0m[33m[init]: failed static init: no accel jerk detected
[0m[34m[TIME]: 0.0006 seconds total (1545.6 hz, 0.12 ms behind)
[0m[33m[init]: disparity is 0.533,0.772 (15.00 thresh)
[0m[33m[init]: failed static init: no accel jerk detected
[0m[34m[TIME]: 0.0006 seconds total (1538.5 hz, 0.12 ms behind)
[0m[33m[init]: disparity is 0.533,0.772 (15.00 thresh)
[0m[33m[init]: failed static init: no accel jerk detected
[0m[34m[TIME]: 0.0009 seconds total (1154.7 hz, 0.13 ms behind)
[0m[33m[init]: disparity is 0.591,1.009 (15.00 thresh)
[0m[33m[init]: failed static init: no accel jerk detected
[0m[34m[TIME]: 0.0006 seconds total (1552.8 hz, 0.13 ms behind)
[0m[33m[init]: disparity is 0.591,1.009 (15.00 thresh)
[0m[33m[init]: failed static init: no accel jerk detected
[0m[34m[TIME]: 0.0006 seconds total (1733.1 hz, 0.13 ms behind)
[0m[33m[init]: disparity is 0.591,1.009 (15.00 thresh)
[0m[33m[init]: failed static init: no accel jerk detected
[0m[34m[TIME]: 0.0007 seconds total (1536.1 hz, 0.13 ms behind)
[0m[33m[init]: disparity is 0.591,1.009 (15.00 thresh)
[0m[33m[init]: failed static init: no accel jerk detected
[0m[34m[TIME]: 0.0006 seconds total (1584.8 hz, 0.13 ms behind)
[0m[33m[init]: disparity is 0.591,1.009 (15.00 thresh)
[0m[33m[init]: failed static init: no accel jerk detected
[0m[34m[TIME]: 0.0008 seconds total (1191.9 hz, 0.14 ms behind)
[0m[33m[init]: disparity is 0.891,0.881 (15.00 thresh)
[0m[33m[init]: failed static init: no accel jerk detected
[0m[34m[TIME]: 0.0006 seconds total (1634.0 hz, 0.14 ms behind)
[0m[33m[init]: disparity is 0.891,0.881 (15.00 thresh)
[0m[33m[init]: failed static init: no accel jerk detected
[0m[34m[TIME]: 0.0007 seconds total (1485.9 hz, 0.14 ms behind)
[0m[33m[init]: disparity is 0.891,0.881 (15.00 thresh)
[0m[33m[init]: failed static init: no accel jerk detected
[0m[34m[TIME]: 0.0006 seconds total (1562.5 hz, 0.14 ms behind)
[0m[33m[init]: disparity is 0.891,0.881 (15.00 thresh)
[0m[33m[init]: failed static init: no accel jerk detected
[0m[34m[TIME]: 0.0006 seconds total (1712.3 hz, 0.14 ms behind)
[0m[33m[init]: disparity is 0.891,0.881 (15.00 thresh)
[0m[33m[init]: failed static init: no accel jerk detected
[0m[34m[TIME]: 0.0008 seconds total (1262.6 hz, 0.15 ms behind)
[0m[33m[init]: disparity is 0.871,0.807 (15.00 thresh)
[0m[33m[init]: failed static init: no accel jerk detected
[0m[34m[TIME]: 0.0007 seconds total (1340.5 hz, 0.15 ms behind)
[0m[33m[init]: disparity is 0.871,0.807 (15.00 thresh)
[0m[33m[init]: failed static init: no accel jerk detected
[0m[34m[TIME]: 0.0005 seconds total (2000.0 hz, 0.15 ms behind)
[0m[33m[init]: disparity is 0.871,0.807 (15.00 thresh)
[0m[33m[init]: failed static init: no accel jerk detected
[0m[34m[TIME]: 0.0005 seconds total (1980.2 hz, 0.15 ms behind)
[0m[33m[init]: disparity is 0.871,0.807 (15.00 thresh)
[0m[33m[init]: failed static init: no accel jerk detected
[0m[34m[TIME]: 0.0005 seconds total (2000.0 hz, 0.15 ms behind)
[0m[33m[init]: disparity is 0.871,0.807 (15.00 thresh)
[0m[33m[init]: failed static init: no accel jerk detected
[0m[34m[TIME]: 0.0012 seconds total (823.7 hz, 0.16 ms behind)
[0m[33m[init]: disparity is 0.859,0.784 (15.00 thresh)
[0m[33m[init]: failed static init: no accel jerk detected
[0m[34m[TIME]: 0.0006 seconds total (1545.6 hz, 0.16 ms behind)
[0m[33m[init]: disparity is 0.859,0.784 (15.00 thresh)
[0m[33m[init]: failed static init: no accel jerk detected
[0m[34m[TIME]: 0.0007 seconds total (1349.5 hz, 0.16 ms behind)
[0m[33m[init]: disparity is 0.859,0.784 (15.00 thresh)
[0m[33m[init]: failed static init: no accel jerk detected
[0m[34m[TIME]: 0.0005 seconds total (2118.6 hz, 0.16 ms behind)
[0m[33m[init]: disparity is 0.859,0.784 (15.00 thresh)
[0m[33m[init]: failed static init: no accel jerk detected
[0m[34m[TIME]: 0.0005 seconds total (2024.3 hz, 0.16 ms behind)
[0m[33m[init]: disparity is 0.859,0.784 (15.00 thresh)
[0m[33m[init]: failed static init: no accel jerk detected
[0m[34m[TIME]: 0.0009 seconds total (1162.8 hz, 0.17 ms behind)
[0m[33m[init]: disparity is 0.846,0.846 (15.00 thresh)
[0m[33m[init]: failed static init: no accel jerk detected
[0m[34m[TIME]: 0.0005 seconds total (1923.1 hz, 0.17 ms behind)
[0m[33m[init]: disparity is 0.846,0.846 (15.00 thresh)
[0m[33m[init]: failed static init: no accel jerk detected
[0m[34m[TIME]: 0.0005 seconds total (2061.9 hz, 0.17 ms behind)
[0m[33m[init]: disparity is 0.846,0.846 (15.00 thresh)
[0m[33m[init]: failed static init: no accel jerk detected
[0m[34m[TIME]: 0.0005 seconds total (1984.1 hz, 0.17 ms behind)
[0m[33m[init]: disparity is 0.846,0.846 (15.00 thresh)
[0m[33m[init]: failed static init: no accel jerk detected
[0m[34m[TIME]: 0.0004 seconds total (2325.6 hz, 0.17 ms behind)
[0m[33m[init]: disparity is 0.846,0.846 (15.00 thresh)
[0m[33m[init]: failed static init: no accel jerk detected
[0m[34m[TIME]: 0.0010 seconds total (978.5 hz, 0.18 ms behind)
[0m[33m[init]: disparity is 0.957,0.469 (15.00 thresh)
[0m[33m[init]: failed static init: no accel jerk detected
[0m[34m[TIME]: 0.0007 seconds total (1499.3 hz, 0.18 ms behind)
[0m[33m[init]: disparity is 0.957,0.469 (15.00 thresh)
[0m[33m[init]: failed static init: no accel jerk detected
[0m[34m[TIME]: 0.0006 seconds total (1697.8 hz, 0.18 ms behind)
[0m[33m[init]: disparity is 0.957,0.469 (15.00 thresh)
[0m[33m[init]: failed static init: no accel jerk detected
[0m[34m[TIME]: 0.0006 seconds total (1540.8 hz, 0.18 ms behind)
[0m[33m[init]: disparity is 0.957,0.469 (15.00 thresh)
[0m[33m[init]: failed static init: no accel jerk detected
[0m[34m[TIME]: 0.0006 seconds total (1607.7 hz, 0.18 ms behind)
[0m[33m[init]: disparity is 0.957,0.469 (15.00 thresh)
[0m[33m[init]: failed static init: no accel jerk detected
[0m[34m[TIME]: 0.0009 seconds total (1158.7 hz, 0.19 ms behind)
[0m[33m[init]: disparity is 0.800,0.480 (15.00 thresh)
[0m[33m[init]: failed static init: no accel jerk detected
[0m[34m[TIME]: 0.0006 seconds total (1615.5 hz, 0.19 ms behind)
[0m[33m[init]: disparity is 0.800,0.480 (15.00 thresh)
[0m[33m[init]: failed static init: no accel jerk detected
[0m[34m[TIME]: 0.0006 seconds total (1579.8 hz, 0.19 ms behind)
[0m[33m[init]: disparity is 0.800,0.480 (15.00 thresh)
[0m[33m[init]: failed static init: no accel jerk detected
[0m[34m[TIME]: 0.0006 seconds total (1623.4 hz, 0.19 ms behind)
[0m[33m[init]: disparity is 0.800,0.480 (15.00 thresh)
[0m[33m[init]: failed static init: no accel jerk detected
[0m[34m[TIME]: 0.0006 seconds total (1658.4 hz, 0.19 ms behind)
[0m[33m[init]: disparity is 0.800,0.480 (15.00 thresh)
[0m[33m[init]: failed static init: no accel jerk detected
[0m[34m[TIME]: 0.0009 seconds total (1141.6 hz, 0.20 ms behind)
[0m[33m[init]: disparity is 0.862,0.507 (15.00 thresh)
[0m[33m[init]: failed static init: no accel jerk detected
[0m[34m[TIME]: 0.0007 seconds total (1533.7 hz, 0.20 ms behind)
[0m[33m[init]: disparity is 0.862,0.507 (15.00 thresh)
[0m[33m[init]: failed static init: no accel jerk detected
[0m[34m[TIME]: 0.0008 seconds total (1275.5 hz, 0.20 ms behind)
[0m[33m[init]: disparity is 0.862,0.507 (15.00 thresh)
[0m[33m[init]: failed static init: no accel jerk detected
[0m[34m[TIME]: 0.0008 seconds total (1302.1 hz, 0.20 ms behind)
[0m[33m[init]: disparity is 0.862,0.507 (15.00 thresh)
[0m[33m[init]: failed static init: no accel jerk detected
[0m[34m[TIME]: 0.0006 seconds total (1555.2 hz, 0.20 ms behind)
[0m[33m[init]: disparity is 0.862,0.507 (15.00 thresh)
[0m[33m[init]: failed static init: no accel jerk detected
[0m[34m[TIME]: 0.0011 seconds total (872.6 hz, 0.21 ms behind)
[0m[33m[init]: disparity is 0.888,0.518 (15.00 thresh)
[0m[33m[init]: failed static init: no accel jerk detected
[0m[34m[TIME]: 0.0007 seconds total (1414.4 hz, 0.21 ms behind)
[0m[33m[init]: disparity is 0.888,0.518 (15.00 thresh)
[0m[33m[init]: failed static init: no accel jerk detected
[0m[34m[TIME]: 0.0007 seconds total (1529.1 hz, 0.21 ms behind)
[0m[33m[init]: disparity is 0.888,0.518 (15.00 thresh)
[0m[33m[init]: failed static init: no accel jerk detected
[0m[34m[TIME]: 0.0006 seconds total (1686.3 hz, 0.21 ms behind)
[0m[33m[init]: disparity is 0.888,0.518 (15.00 thresh)
[0m[33m[init]: failed static init: no accel jerk detected
[0m[34m[TIME]: 0.0006 seconds total (1602.6 hz, 0.21 ms behind)
[0m[33m[init]: disparity is 0.888,0.518 (15.00 thresh)
[0m[33m[init]: failed static init: no accel jerk detected
[0m[34m[TIME]: 0.0010 seconds total (1020.4 hz, 0.22 ms behind)
[0m[33m[init]: disparity is 0.885,0.543 (15.00 thresh)
[0m[33m[init]: failed static init: no accel jerk detected
[0m[34m[TIME]: 0.0006 seconds total (1801.8 hz, 0.22 ms behind)
[0m[33m[init]: disparity is 0.885,0.543 (15.00 thresh)
[0m[33m[init]: failed static init: no accel jerk detected
[0m[34m[TIME]: 0.0004 seconds total (2309.5 hz, 0.22 ms behind)
[0m[33m[init]: disparity is 0.885,0.543 (15.00 thresh)
[0m[33m[init]: failed static init: no accel jerk detected
[0m[34m[TIME]: 0.0004 seconds total (2364.1 hz, 0.22 ms behind)
[0m[33m[init]: disparity is 0.885,0.543 (15.00 thresh)
[0m[33m[init]: failed static init: no accel jerk detected
[0m[34m[TIME]: 0.0004 seconds total (2283.1 hz, 0.22 ms behind)
[0m[33m[init]: disparity is 0.885,0.543 (15.00 thresh)
[0m[33m[init]: failed static init: no accel jerk detected
[0m[34m[TIME]: 0.0010 seconds total (1019.4 hz, 0.23 ms behind)
[0m[33m[init]: disparity is 0.872,0.594 (15.00 thresh)
[0m[33m[init]: failed static init: no accel jerk detected
[0m[34m[TIME]: 0.0007 seconds total (1368.0 hz, 0.23 ms behind)
[0m[33m[init]: disparity is 0.872,0.594 (15.00 thresh)
[0m[33m[init]: failed static init: no accel jerk detected
[0m[34m[TIME]: 0.0007 seconds total (1515.2 hz, 0.23 ms behind)
[0m[33m[init]: disparity is 0.872,0.594 (15.00 thresh)
[0m[33m[init]: failed static init: no accel jerk detected
[0m[34m[TIME]: 0.0007 seconds total (1494.8 hz, 0.23 ms behind)
[0m[33m[init]: disparity is 0.872,0.594 (15.00 thresh)
[0m[33m[init]: failed static init: no accel jerk detected
[0m[34m[TIME]: 0.0007 seconds total (1472.8 hz, 0.23 ms behind)
[0m[33m[init]: disparity is 0.872,0.594 (15.00 thresh)
[0m[33m[init]: failed static init: no accel jerk detected
[0m[34m[TIME]: 0.0011 seconds total (939.8 hz, 0.24 ms behind)
[0m[33m[init]: disparity is 0.860,0.619 (15.00 thresh)
[0m[33m[init]: failed static init: no accel jerk detected
[0m[34m[TIME]: 0.0006 seconds total (1628.7 hz, 0.24 ms behind)
[0m[33m[init]: disparity is 0.860,0.619 (15.00 thresh)
[0m[33m[init]: failed static init: no accel jerk detected
[0m[34m[TIME]: 0.0006 seconds total (1642.0 hz, 0.24 ms behind)
[0m[33m[init]: disparity is 0.860,0.619 (15.00 thresh)
[0m[33m[init]: failed static init: no accel jerk detected
[0m[34m[TIME]: 0.0006 seconds total (1689.2 hz, 0.24 ms behind)
[0m[33m[init]: disparity is 0.860,0.619 (15.00 thresh)
[0m[33m[init]: failed static init: no accel jerk detected
[0m[34m[TIME]: 0.0006 seconds total (1689.2 hz, 0.24 ms behind)
[0m[33m[init]: disparity is 0.860,0.619 (15.00 thresh)
[0m[33m[init]: failed static init: no accel jerk detected
[0m[34m[TIME]: 0.0009 seconds total (1077.6 hz, 0.00 ms behind)
[0m[33m[init]: disparity is 0.809,0.599 (15.00 thresh)
[0m[33m[init]: failed static init: no accel jerk detected
[0m[34m[TIME]: 0.0006 seconds total (1564.9 hz, 0.00 ms behind)
[0m[33m[init]: disparity is 0.809,0.599 (15.00 thresh)
[0m[33m[init]: failed static init: no accel jerk detected
[0m[34m[TIME]: 0.0007 seconds total (1531.4 hz, 0.00 ms behind)
[0m[33m[init]: disparity is 0.809,0.599 (15.00 thresh)
[0m[33m[init]: failed static init: no accel jerk detected
[0m[34m[TIME]: 0.0006 seconds total (1663.9 hz, 0.00 ms behind)
[0m[33m[init]: disparity is 0.809,0.599 (15.00 thresh)
[0m[33m[init]: failed static init: no accel jerk detected
[0m[34m[TIME]: 0.0006 seconds total (1644.7 hz, 0.00 ms behind)
[0m[33m[init]: disparity is 0.809,0.599 (15.00 thresh)
[0m[33m[init]: failed static init: no accel jerk detected
[0m[34m[TIME]: 0.0009 seconds total (1111.1 hz, 0.27 ms behind)
[0m[33m[init]: disparity is 0.798,0.634 (15.00 thresh)
[0m[33m[init]: failed static init: no accel jerk detected
[0m[34m[TIME]: 0.0006 seconds total (1584.8 hz, 0.27 ms behind)
[0m[33m[init]: disparity is 0.798,0.634 (15.00 thresh)
[0m[33m[init]: failed static init: no accel jerk detected
[0m[34m[TIME]: 0.0006 seconds total (1647.4 hz, 0.27 ms behind)
[0m[33m[init]: disparity is 0.798,0.634 (15.00 thresh)
[0m[33m[init]: failed static init: no accel jerk detected
[0m[34m[TIME]: 0.0006 seconds total (1612.9 hz, 0.27 ms behind)
[0m[33m[init]: disparity is 0.798,0.634 (15.00 thresh)
[0m[33m[init]: failed static init: no accel jerk detected
[0m[34m[TIME]: 0.0006 seconds total (1574.8 hz, 0.27 ms behind)
[0m[33m[init]: disparity is 0.798,0.634 (15.00 thresh)
[0m[33m[init]: failed static init: no accel jerk detected
[0m[34m[TIME]: 0.0010 seconds total (990.1 hz, 0.28 ms behind)
[0m[33m[init]: disparity is 0.786,0.602 (15.00 thresh)
[0m[33m[init]: failed static init: no accel jerk detected
[0m[34m[TIME]: 0.0007 seconds total (1443.0 hz, 0.28 ms behind)
[0m[33m[init]: disparity is 0.786,0.602 (15.00 thresh)
[0m[33m[init]: failed static init: no accel jerk detected
[0m[34m[TIME]: 0.0007 seconds total (1492.5 hz, 0.28 ms behind)
[0m[33m[init]: disparity is 0.786,0.602 (15.00 thresh)
[0m[33m[init]: failed static init: no accel jerk detected
[0m[34m[TIME]: 0.0007 seconds total (1394.7 hz, 0.28 ms behind)
[0m[33m[init]: disparity is 0.786,0.602 (15.00 thresh)
[0m[33m[init]: failed static init: no accel jerk detected
[0m[34m[TIME]: 0.0006 seconds total (1555.2 hz, 0.28 ms behind)
[0m[33m[init]: disparity is 0.786,0.602 (15.00 thresh)
[0m[33m[init]: failed static init: no accel jerk detected
[0m[34m[TIME]: 0.0009 seconds total (1113.6 hz, 0.29 ms behind)
[0m[33m[init]: disparity is 0.784,0.592 (15.00 thresh)
[0m[33m[init]: failed static init: no accel jerk detected
[0m[34m[TIME]: 0.0005 seconds total (1976.3 hz, 0.29 ms behind)
[0m[33m[init]: disparity is 0.784,0.592 (15.00 thresh)
[0m[33m[init]: failed static init: no accel jerk detected
[0m[34m[TIME]: 0.0004 seconds total (2325.6 hz, 0.29 ms behind)
[0m[33m[init]: disparity is 0.784,0.592 (15.00 thresh)
[0m[33m[init]: failed static init: no accel jerk detected
[0m[34m[TIME]: 0.0004 seconds total (2232.1 hz, 0.29 ms behind)
[0m[33m[init]: disparity is 0.784,0.592 (15.00 thresh)
[0m[33m[init]: failed static init: no accel jerk detected
[0m[34m[TIME]: 0.0004 seconds total (2538.1 hz, 0.29 ms behind)
[0m[33m[init]: disparity is 0.784,0.592 (15.00 thresh)
[0m[33m[init]: failed static init: no accel jerk detected
[0m[34m[TIME]: 0.0015 seconds total (673.9 hz, 0.30 ms behind)
[0m[33m[init]: disparity is 0.784,0.561 (15.00 thresh)
[0m[33m[init]: failed static init: no accel jerk detected
[0m[34m[TIME]: 0.0006 seconds total (1602.6 hz, 0.30 ms behind)
[0m[33m[init]: disparity is 0.784,0.561 (15.00 thresh)
[0m[33m[init]: failed static init: no accel jerk detected
[0m[34m[TIME]: 0.0006 seconds total (1724.1 hz, 0.30 ms behind)
[0m[33m[init]: disparity is 0.784,0.561 (15.00 thresh)
[0m[33m[init]: failed static init: no accel jerk detected
[0m[34m[TIME]: 0.0006 seconds total (1751.3 hz, 0.30 ms behind)
[0m[33m[init]: disparity is 0.784,0.561 (15.00 thresh)
[0m[33m[init]: failed static init: no accel jerk detected
[0m[34m[TIME]: 0.0005 seconds total (2087.7 hz, 0.30 ms behind)
[0m[33m[init]: disparity is 0.784,0.561 (15.00 thresh)
[0m[33m[init]: failed static init: no accel jerk detected
[0m[34m[TIME]: 0.0009 seconds total (1068.4 hz, 0.31 ms behind)
[0m[33m[init]: disparity is 0.997,0.527 (15.00 thresh)
[0m[33m[init]: failed static init: no accel jerk detected
[0m[34m[TIME]: 0.0007 seconds total (1416.4 hz, 0.31 ms behind)
[0m[33m[init]: disparity is 0.997,0.527 (15.00 thresh)
[0m[33m[init]: failed static init: no accel jerk detected
[0m[34m[TIME]: 0.0006 seconds total (1639.3 hz, 0.31 ms behind)
[0m[33m[init]: disparity is 0.997,0.527 (15.00 thresh)
[0m[33m[init]: failed static init: no accel jerk detected
[0m[34m[TIME]: 0.0007 seconds total (1414.4 hz, 0.31 ms behind)
[0m[33m[init]: disparity is 0.997,0.527 (15.00 thresh)
[0m[33m[init]: failed static init: no accel jerk detected
[0m[34m[TIME]: 0.0007 seconds total (1503.8 hz, 0.31 ms behind)
[0m[33m[init]: disparity is 0.997,0.527 (15.00 thresh)
[0m[33m[init]: failed static init: no accel jerk detected
[0m[34m[TIME]: 0.0009 seconds total (1095.3 hz, 0.32 ms behind)
[0m[33m[init]: disparity is 0.883,0.528 (15.00 thresh)
[0m[33m[init]: failed static init: no accel jerk detected
[0m[34m[TIME]: 0.0007 seconds total (1443.0 hz, 0.32 ms behind)
[0m[33m[init]: disparity is 0.883,0.528 (15.00 thresh)
[0m[33m[init]: failed static init: no accel jerk detected
[0m[34m[TIME]: 0.0006 seconds total (1666.7 hz, 0.32 ms behind)
[0m[33m[init]: disparity is 0.883,0.528 (15.00 thresh)
[0m[33m[init]: failed static init: no accel jerk detected
[0m[34m[TIME]: 0.0007 seconds total (1494.8 hz, 0.32 ms behind)
[0m[33m[init]: disparity is 0.883,0.528 (15.00 thresh)
[0m[33m[init]: failed static init: no accel jerk detected
[0m[34m[TIME]: 0.0006 seconds total (1597.4 hz, 0.32 ms behind)
[0m[33m[init]: disparity is 0.883,0.528 (15.00 thresh)
[0m[33m[init]: failed static init: no accel jerk detected
[0m[34m[TIME]: 0.0008 seconds total (1194.7 hz, 0.33 ms behind)
[0m[33m[init]: disparity is 0.836,0.505 (15.00 thresh)
[0m[33m[init]: failed static init: no accel jerk detected
[0m[34m[TIME]: 0.0006 seconds total (1557.6 hz, 0.33 ms behind)
[0m[33m[init]: disparity is 0.836,0.505 (15.00 thresh)
[0m[33m[init]: failed static init: no accel jerk detected
[0m[34m[TIME]: 0.0006 seconds total (1605.1 hz, 0.33 ms behind)
[0m[33m[init]: disparity is 0.836,0.505 (15.00 thresh)
[0m[33m[init]: failed static init: no accel jerk detected
[0m[34m[TIME]: 0.0006 seconds total (1620.7 hz, 0.33 ms behind)
[0m[33m[init]: disparity is 0.836,0.505 (15.00 thresh)
[0m[33m[init]: failed static init: no accel jerk detected
[0m[34m[TIME]: 0.0006 seconds total (1718.2 hz, 0.33 ms behind)
[0m[33m[init]: disparity is 0.836,0.505 (15.00 thresh)
[0m[33m[init]: failed static init: no accel jerk detected
[0m[34m[TIME]: 0.0009 seconds total (1065.0 hz, 0.34 ms behind)
[0m[33m[init]: disparity is 0.806,0.479 (15.00 thresh)
[0m[33m[init]: failed static init: no accel jerk detected
[0m[34m[TIME]: 0.0007 seconds total (1526.7 hz, 0.34 ms behind)
[0m[33m[init]: disparity is 0.806,0.479 (15.00 thresh)
[0m[33m[init]: failed static init: no accel jerk detected
[0m[34m[TIME]: 0.0006 seconds total (1587.3 hz, 0.34 ms behind)
[0m[33m[init]: disparity is 0.806,0.479 (15.00 thresh)
[0m[33m[init]: failed static init: no accel jerk detected
[0m[34m[TIME]: 0.0007 seconds total (1459.9 hz, 0.34 ms behind)
[0m[33m[init]: disparity is 0.806,0.479 (15.00 thresh)
[0m[33m[init]: failed static init: no accel jerk detected
[0m[34m[TIME]: 0.0006 seconds total (1647.4 hz, 0.34 ms behind)
[0m[33m[init]: disparity is 0.806,0.479 (15.00 thresh)
[0m[33m[init]: failed static init: no accel jerk detected
[0m[34m[TIME]: 0.0008 seconds total (1303.8 hz, 0.10 ms behind)
[0m[33m[init]: disparity is 0.903,0.633 (15.00 thresh)
[0m[33m[init]: failed static init: no accel jerk detected
[0m[34m[TIME]: 0.0006 seconds total (1543.2 hz, 0.10 ms behind)
[0m[33m[init]: disparity is 0.903,0.633 (15.00 thresh)
[0m[33m[init]: failed static init: no accel jerk detected
[0m[34m[TIME]: 0.0006 seconds total (1703.6 hz, 0.10 ms behind)
[0m[33m[init]: disparity is 0.903,0.633 (15.00 thresh)
[0m[33m[init]: failed static init: no accel jerk detected
[0m[34m[TIME]: 0.0006 seconds total (1569.9 hz, 0.10 ms behind)
[0m[33m[init]: disparity is 0.903,0.633 (15.00 thresh)
[0m[33m[init]: failed static init: no accel jerk detected
[0m[34m[TIME]: 0.0006 seconds total (1730.1 hz, 0.10 ms behind)
[0m[33m[init]: disparity is 0.903,0.633 (15.00 thresh)
[0m[33m[init]: failed static init: no accel jerk detected
[0m[34m[TIME]: 0.0007 seconds total (1410.4 hz, 0.11 ms behind)
[0m[33m[init]: disparity is 0.545,0.714 (15.00 thresh)
[0m[33m[init]: failed static init: no accel jerk detected
[0m[34m[TIME]: 0.0006 seconds total (1677.9 hz, 0.11 ms behind)
[0m[33m[init]: disparity is 0.545,0.714 (15.00 thresh)
[0m[33m[init]: failed static init: no accel jerk detected
[0m[34m[TIME]: 0.0006 seconds total (1751.3 hz, 0.11 ms behind)
[0m[33m[init]: disparity is 0.545,0.714 (15.00 thresh)
[0m[33m[init]: failed static init: no accel jerk detected
[0m[34m[TIME]: 0.0005 seconds total (2040.8 hz, 0.11 ms behind)
[0m[33m[init]: disparity is 0.545,0.714 (15.00 thresh)
[0m[33m[init]: failed static init: no accel jerk detected
[0m[34m[TIME]: 0.0005 seconds total (2197.8 hz, 0.11 ms behind)
[0m[33m[init]: disparity is 0.545,0.714 (15.00 thresh)
[0m[33m[init]: failed static init: no accel jerk detected
[0m[34m[TIME]: 0.0008 seconds total (1290.3 hz, 0.12 ms behind)
[0m[33m[init]: disparity is 0.522,0.631 (15.00 thresh)
[0m[33m[init]: failed static init: no accel jerk detected
[0m[34m[TIME]: 0.0006 seconds total (1557.6 hz, 0.12 ms behind)
[0m[33m[init]: disparity is 0.522,0.631 (15.00 thresh)
[0m[33m[init]: failed static init: no accel jerk detected
[0m[34m[TIME]: 0.0006 seconds total (1658.4 hz, 0.12 ms behind)
[0m[33m[init]: disparity is 0.522,0.631 (15.00 thresh)
[0m[33m[init]: failed static init: no accel jerk detected
[0m[34m[TIME]: 0.0006 seconds total (1748.3 hz, 0.12 ms behind)
[0m[33m[init]: disparity is 0.522,0.631 (15.00 thresh)
[0m[33m[init]: failed static init: no accel jerk detected
[0m[34m[TIME]: 0.0006 seconds total (1626.0 hz, 0.12 ms behind)
[0m[33m[init]: disparity is 0.522,0.631 (15.00 thresh)
[0m[33m[init]: failed static init: no accel jerk detected
[0m[34m[TIME]: 0.0008 seconds total (1200.5 hz, 0.13 ms behind)
[0m[33m[init]: disparity is 0.567,0.562 (15.00 thresh)
[0m[33m[init]: failed static init: no accel jerk detected
[0m[34m[TIME]: 0.0006 seconds total (1706.5 hz, 0.13 ms behind)
[0m[33m[init]: disparity is 0.567,0.562 (15.00 thresh)
[0m[33m[init]: failed static init: no accel jerk detected
[0m[34m[TIME]: 0.0006 seconds total (1607.7 hz, 0.13 ms behind)
[0m[33m[init]: disparity is 0.567,0.562 (15.00 thresh)
[0m[33m[init]: failed static init: no accel jerk detected
[0m[34m[TIME]: 0.0006 seconds total (1709.4 hz, 0.13 ms behind)
[0m[33m[init]: disparity is 0.567,0.562 (15.00 thresh)
[0m[33m[init]: failed static init: no accel jerk detected
[0m[34m[TIME]: 0.0006 seconds total (1572.3 hz, 0.13 ms behind)
[0m[33m[init]: disparity is 0.567,0.562 (15.00 thresh)
[0m[33m[init]: failed static init: no accel jerk detected
[0m[34m[TIME]: 0.0010 seconds total (976.6 hz, 0.14 ms behind)
[0m[33m[init]: disparity is 0.609,0.549 (15.00 thresh)
[0m[33m[init]: failed static init: no accel jerk detected
[0m[34m[TIME]: 0.0007 seconds total (1515.2 hz, 0.14 ms behind)
[0m[33m[init]: disparity is 0.609,0.549 (15.00 thresh)
[0m[33m[init]: failed static init: no accel jerk detected
[0m[34m[TIME]: 0.0006 seconds total (1628.7 hz, 0.14 ms behind)
[0m[33m[init]: disparity is 0.609,0.549 (15.00 thresh)
[0m[33m[init]: failed static init: no accel jerk detected
[0m[34m[TIME]: 0.0006 seconds total (1587.3 hz, 0.14 ms behind)
[0m[33m[init]: disparity is 0.609,0.549 (15.00 thresh)
[0m[33m[init]: failed static init: no accel jerk detected
[0m[34m[TIME]: 0.0006 seconds total (1724.1 hz, 0.14 ms behind)
[0m[33m[init]: disparity is 0.609,0.549 (15.00 thresh)
[0m[33m[init]: failed static init: no accel jerk detected
[0m[34m[TIME]: 0.0009 seconds total (1079.9 hz, 0.15 ms behind)
[0m[33m[init]: disparity is 0.636,0.516 (15.00 thresh)
[0m[33m[init]: failed static init: no accel jerk detected
[0m[34m[TIME]: 0.0006 seconds total (1569.9 hz, 0.15 ms behind)
[0m[33m[init]: disparity is 0.636,0.516 (15.00 thresh)
[0m[33m[init]: failed static init: no accel jerk detected
[0m[34m[TIME]: 0.0006 seconds total (1644.7 hz, 0.15 ms behind)
[0m[33m[init]: disparity is 0.636,0.516 (15.00 thresh)
[0m[33m[init]: failed static init: no accel jerk detected
[0m[34m[TIME]: 0.0006 seconds total (1607.7 hz, 0.15 ms behind)
[0m[33m[init]: disparity is 0.636,0.516 (15.00 thresh)
[0m[33m[init]: failed static init: no accel jerk detected
[0m[34m[TIME]: 0.0006 seconds total (1587.3 hz, 0.15 ms behind)
[0m[33m[init]: disparity is 0.636,0.516 (15.00 thresh)
[0m[33m[init]: failed static init: no accel jerk detected
[0m[34m[TIME]: 0.0010 seconds total (995.0 hz, 0.16 ms behind)
[0m[33m[init]: disparity is 0.684,0.537 (15.00 thresh)
[0m[33m[init]: failed static init: no accel jerk detected
[0m[34m[TIME]: 0.0007 seconds total (1462.0 hz, 0.16 ms behind)
[0m[33m[init]: disparity is 0.684,0.537 (15.00 thresh)
[0m[33m[init]: failed static init: no accel jerk detected
[0m[34m[TIME]: 0.0007 seconds total (1499.3 hz, 0.16 ms behind)
[0m[33m[init]: disparity is 0.684,0.537 (15.00 thresh)
[0m[33m[init]: failed static init: no accel jerk detected
[0m[34m[TIME]: 0.0006 seconds total (1652.9 hz, 0.16 ms behind)
[0m[33m[init]: disparity is 0.684,0.537 (15.00 thresh)
[0m[33m[init]: failed static init: no accel jerk detected
[0m[34m[TIME]: 0.0007 seconds total (1424.5 hz, 0.16 ms behind)
[0m[33m[init]: disparity is 0.684,0.537 (15.00 thresh)
[0m[33m[init]: failed static init: no accel jerk detected
[0m[34m[TIME]: 0.0009 seconds total (1156.1 hz, 0.17 ms behind)
[0m[33m[init]: disparity is 0.705,0.536 (15.00 thresh)
[0m[33m[init]: failed static init: no accel jerk detected
[0m[34m[TIME]: 0.0006 seconds total (1579.8 hz, 0.17 ms behind)
[0m[33m[init]: disparity is 0.705,0.536 (15.00 thresh)
[0m[33m[init]: failed static init: no accel jerk detected
[0m[34m[TIME]: 0.0006 seconds total (1661.1 hz, 0.17 ms behind)
[0m[33m[init]: disparity is 0.705,0.536 (15.00 thresh)
[0m[33m[init]: failed static init: no accel jerk detected
[0m[34m[TIME]: 0.0006 seconds total (1626.0 hz, 0.17 ms behind)
[0m[33m[init]: disparity is 0.705,0.536 (15.00 thresh)
[0m[33m[init]: failed static init: no accel jerk detected
[0m[34m[TIME]: 0.0006 seconds total (1661.1 hz, 0.17 ms behind)
[0m[33m[init]: disparity is 0.705,0.536 (15.00 thresh)
[0m[33m[init]: failed static init: no accel jerk detected
[0m[34m[TIME]: 0.0011 seconds total (932.0 hz, 0.18 ms behind)
[0m[33m[init]: disparity is 0.656,0.535 (15.00 thresh)
[0m[33m[init]: failed static init: no accel jerk detected
[0m[34m[TIME]: 0.0007 seconds total (1416.4 hz, 0.18 ms behind)
[0m[33m[init]: disparity is 0.656,0.535 (15.00 thresh)
[0m[33m[init]: failed static init: no accel jerk detected
[0m[34m[TIME]: 0.0007 seconds total (1477.1 hz, 0.18 ms behind)
[0m[33m[init]: disparity is 0.656,0.535 (15.00 thresh)
[0m[33m[init]: failed static init: no accel jerk detected
[0m[34m[TIME]: 0.0007 seconds total (1494.8 hz, 0.18 ms behind)
[0m[33m[init]: disparity is 0.656,0.535 (15.00 thresh)
[0m[33m[init]: failed static init: no accel jerk detected
[0m[34m[TIME]: 0.0006 seconds total (1618.1 hz, 0.18 ms behind)
[0m[33m[init]: disparity is 0.656,0.535 (15.00 thresh)
[0m[33m[init]: failed static init: no accel jerk detected
[0m[34m[TIME]: 0.0009 seconds total (1149.4 hz, 0.19 ms behind)
[0m[33m[init]: disparity is 0.658,0.554 (15.00 thresh)
[0m[33m[init]: failed static init: no accel jerk detected
[0m[34m[TIME]: 0.0007 seconds total (1369.9 hz, 0.19 ms behind)
[0m[33m[init]: disparity is 0.658,0.554 (15.00 thresh)
[0m[33m[init]: failed static init: no accel jerk detected
[0m[34m[TIME]: 0.0006 seconds total (1703.6 hz, 0.19 ms behind)
[0m[33m[init]: disparity is 0.658,0.554 (15.00 thresh)
[0m[33m[init]: failed static init: no accel jerk detected
[0m[34m[TIME]: 0.0007 seconds total (1533.7 hz, 0.19 ms behind)
[0m[33m[init]: disparity is 0.658,0.554 (15.00 thresh)
[0m[33m[init]: failed static init: no accel jerk detected
[0m[34m[TIME]: 0.0006 seconds total (1564.9 hz, 0.19 ms behind)
[0m[33m[init]: disparity is 0.658,0.554 (15.00 thresh)
[0m[33m[init]: failed static init: no accel jerk detected
[0m[34m[TIME]: 0.0008 seconds total (1206.3 hz, 0.20 ms behind)
[0m[33m[init]: disparity is 0.634,0.538 (15.00 thresh)
[0m[33m[init]: failed static init: no accel jerk detected
[0m[34m[TIME]: 0.0007 seconds total (1515.2 hz, 0.20 ms behind)
[0m[33m[init]: disparity is 0.634,0.538 (15.00 thresh)
[0m[33m[init]: failed static init: no accel jerk detected
[0m[34m[TIME]: 0.0006 seconds total (1569.9 hz, 0.20 ms behind)
[0m[33m[init]: disparity is 0.634,0.538 (15.00 thresh)
[0m[33m[init]: failed static init: no accel jerk detected
[0m[34m[TIME]: 0.0006 seconds total (1666.7 hz, 0.20 ms behind)
[0m[33m[init]: disparity is 0.634,0.538 (15.00 thresh)
[0m[33m[init]: failed static init: no accel jerk detected
[0m[34m[TIME]: 0.0008 seconds total (1333.3 hz, 0.20 ms behind)
[0m[33m[init]: disparity is 0.634,0.538 (15.00 thresh)
[0m[33m[init]: failed static init: no accel jerk detected
[0m[34m[TIME]: 0.0009 seconds total (1097.7 hz, 0.21 ms behind)
[0m[33m[init]: disparity is 0.599,0.501 (15.00 thresh)
[0m[33m[init]: failed static init: no accel jerk detected
[0m[34m[TIME]: 0.0005 seconds total (2114.2 hz, 0.21 ms behind)
[0m[33m[init]: disparity is 0.599,0.501 (15.00 thresh)
[0m[33m[init]: failed static init: no accel jerk detected
[0m[34m[TIME]: 0.0005 seconds total (2070.4 hz, 0.21 ms behind)
[0m[33m[init]: disparity is 0.599,0.501 (15.00 thresh)
[0m[33m[init]: failed static init: no accel jerk detected
[0m[34m[TIME]: 0.0005 seconds total (2118.6 hz, 0.21 ms behind)
[0m[33m[init]: disparity is 0.599,0.501 (15.00 thresh)
[0m[33m[init]: failed static init: no accel jerk detected
[0m[34m[TIME]: 0.0004 seconds total (2257.3 hz, 0.21 ms behind)
[0m[33m[init]: disparity is 0.599,0.501 (15.00 thresh)
[0m[33m[init]: failed static init: no accel jerk detected
[0m[34m[TIME]: 0.0010 seconds total (1040.6 hz, 0.22 ms behind)
[0m[33m[init]: disparity is 0.559,0.502 (15.00 thresh)
[0m[33m[init]: failed static init: no accel jerk detected
[0m[34m[TIME]: 0.0007 seconds total (1414.4 hz, 0.22 ms behind)
[0m[33m[init]: disparity is 0.559,0.502 (15.00 thresh)
[0m[33m[init]: failed static init: no accel jerk detected
[0m[34m[TIME]: 0.0006 seconds total (1552.8 hz, 0.22 ms behind)
[0m[33m[init]: disparity is 0.559,0.502 (15.00 thresh)
[0m[33m[init]: failed static init: no accel jerk detected
[0m[34m[TIME]: 0.0006 seconds total (1612.9 hz, 0.22 ms behind)
[0m[33m[init]: disparity is 0.559,0.502 (15.00 thresh)
[0m[33m[init]: failed static init: no accel jerk detected
[0m[34m[TIME]: 0.0007 seconds total (1536.1 hz, 0.22 ms behind)
[0m[33m[init]: disparity is 0.559,0.502 (15.00 thresh)
[0m[33m[init]: failed static init: no accel jerk detected
[0m[34m[TIME]: 0.0009 seconds total (1113.6 hz, 0.23 ms behind)
[0m[33m[init]: disparity is 0.552,0.494 (15.00 thresh)
[0m[33m[init]: failed static init: no accel jerk detected
[0m[34m[TIME]: 0.0006 seconds total (1727.1 hz, 0.23 ms behind)
[0m[33m[init]: disparity is 0.552,0.494 (15.00 thresh)
[0m[33m[init]: failed static init: no accel jerk detected
[0m[34m[TIME]: 0.0005 seconds total (1901.1 hz, 0.23 ms behind)
[0m[33m[init]: disparity is 0.552,0.494 (15.00 thresh)
[0m[33m[init]: failed static init: no accel jerk detected
[0m[34m[TIME]: 0.0005 seconds total (1908.4 hz, 0.23 ms behind)
[0m[33m[init]: disparity is 0.552,0.494 (15.00 thresh)
[0m[33m[init]: failed static init: no accel jerk detected
[0m[34m[TIME]: 0.0005 seconds total (2105.3 hz, 0.23 ms behind)
[0m[33m[init]: disparity is 0.552,0.494 (15.00 thresh)
[0m[33m[init]: failed static init: no accel jerk detected
[0m[34m[TIME]: 0.0009 seconds total (1148.1 hz, 0.24 ms behind)
[0m[33m[init]: disparity is 0.546,0.286 (15.00 thresh)
[0m[33m[init]: failed static init: no accel jerk detected
[0m[34m[TIME]: 0.0006 seconds total (1602.6 hz, 0.24 ms behind)
[0m[33m[init]: disparity is 0.546,0.286 (15.00 thresh)
[0m[33m[init]: failed static init: no accel jerk detected
[0m[34m[TIME]: 0.0006 seconds total (1715.3 hz, 0.24 ms behind)
[0m[33m[init]: disparity is 0.546,0.286 (15.00 thresh)
[0m[33m[init]: failed static init: no accel jerk detected
[0m[34m[TIME]: 0.0006 seconds total (1669.4 hz, 0.24 ms behind)
[0m[33m[init]: disparity is 0.546,0.286 (15.00 thresh)
[0m[33m[init]: failed static init: no accel jerk detected
[0m[34m[TIME]: 0.0006 seconds total (1636.7 hz, 0.24 ms behind)
[0m[33m[init]: disparity is 0.546,0.286 (15.00 thresh)
[0m[33m[init]: failed static init: no accel jerk detected
[0m[34m[TIME]: 0.0009 seconds total (1150.7 hz, 0.00 ms behind)
[0m[33m[init]: disparity is 0.689,0.313 (15.00 thresh)
[0m[33m[init]: failed static init: no accel jerk detected
[0m[34m[TIME]: 0.0007 seconds total (1449.3 hz, 0.00 ms behind)
[0m[33m[init]: disparity is 0.689,0.313 (15.00 thresh)
[0m[33m[init]: failed static init: no accel jerk detected
[0m[34m[TIME]: 0.0006 seconds total (1669.4 hz, 0.00 ms behind)
[0m[33m[init]: disparity is 0.689,0.313 (15.00 thresh)
[0m[33m[init]: failed static init: no accel jerk detected
[0m[34m[TIME]: 0.0006 seconds total (1594.9 hz, 0.00 ms behind)
[0m[33m[init]: disparity is 0.689,0.313 (15.00 thresh)
[0m[33m[init]: failed static init: no accel jerk detected
[0m[34m[TIME]: 0.0006 seconds total (1582.3 hz, 0.00 ms behind)
[0m[33m[init]: disparity is 0.689,0.313 (15.00 thresh)
[0m[33m[init]: failed static init: no accel jerk detected
[0m[34m[TIME]: 0.0008 seconds total (1190.5 hz, 0.01 ms behind)
[0m[33m[init]: disparity is 0.751,0.306 (15.00 thresh)
[0m[33m[init]: failed static init: no accel jerk detected
[0m[34m[TIME]: 0.0007 seconds total (1459.9 hz, 0.01 ms behind)
[0m[33m[init]: disparity is 0.751,0.306 (15.00 thresh)
[0m[33m[init]: failed static init: no accel jerk detected
[0m[34m[TIME]: 0.0007 seconds total (1406.5 hz, 0.01 ms behind)
[0m[33m[init]: disparity is 0.751,0.306 (15.00 thresh)
[0m[33m[init]: failed static init: no accel jerk detected
[0m[34m[TIME]: 0.0007 seconds total (1430.6 hz, 0.01 ms behind)
[0m[33m[init]: disparity is 0.751,0.306 (15.00 thresh)
[0m[33m[init]: failed static init: no accel jerk detected
[0m[34m[TIME]: 0.0006 seconds total (1680.7 hz, 0.01 ms behind)
[0m[33m[init]: disparity is 0.751,0.306 (15.00 thresh)
[0m[33m[init]: failed static init: no accel jerk detected
[0m[34m[TIME]: 0.0008 seconds total (1265.8 hz, 0.03 ms behind)
[0m[33m[init]: disparity is 0.666,0.282 (15.00 thresh)
[0m[33m[init]: failed static init: no accel jerk detected
[0m[34m[TIME]: 0.0006 seconds total (1636.7 hz, 0.03 ms behind)
[0m[33m[init]: disparity is 0.666,0.282 (15.00 thresh)
[0m[33m[init]: failed static init: no accel jerk detected
[0m[34m[TIME]: 0.0006 seconds total (1618.1 hz, 0.03 ms behind)
[0m[33m[init]: disparity is 0.666,0.282 (15.00 thresh)
[0m[33m[init]: failed static init: no accel jerk detected
[0m[34m[TIME]: 0.0006 seconds total (1655.6 hz, 0.03 ms behind)
[0m[33m[init]: disparity is 0.666,0.282 (15.00 thresh)
[0m[33m[init]: failed static init: no accel jerk detected
[0m[34m[TIME]: 0.0006 seconds total (1543.2 hz, 0.03 ms behind)
[0m[33m[init]: disparity is 0.666,0.282 (15.00 thresh)
[0m[33m[init]: failed static init: no accel jerk detected
[0m[34m[TIME]: 0.0009 seconds total (1067.2 hz, 0.04 ms behind)
[0m[33m[init]: disparity is 0.675,0.242 (15.00 thresh)
[0m[33m[init]: failed static init: no accel jerk detected
[0m[34m[TIME]: 0.0006 seconds total (1628.7 hz, 0.04 ms behind)
[0m[33m[init]: disparity is 0.675,0.242 (15.00 thresh)
[0m[33m[init]: failed static init: no accel jerk detected
[0m[34m[TIME]: 0.0007 seconds total (1404.5 hz, 0.04 ms behind)
[0m[33m[init]: disparity is 0.675,0.242 (15.00 thresh)
[0m[33m[init]: failed static init: no accel jerk detected
[0m[34m[TIME]: 0.0007 seconds total (1383.1 hz, 0.04 ms behind)
[0m[33m[init]: disparity is 0.675,0.242 (15.00 thresh)
[0m[33m[init]: failed static init: no accel jerk detected
[0m[34m[TIME]: 0.0005 seconds total (2032.5 hz, 0.04 ms behind)
[0m[33m[init]: disparity is 0.675,0.242 (15.00 thresh)
[0m[33m[init]: failed static init: no accel jerk detected
[0m[34m[TIME]: 0.0009 seconds total (1102.5 hz, 0.05 ms behind)
[0m[33m[init]: disparity is 0.653,0.232 (15.00 thresh)
[0m[33m[init]: failed static init: no accel jerk detected
[0m[34m[TIME]: 0.0006 seconds total (1600.0 hz, 0.05 ms behind)
[0m[33m[init]: disparity is 0.653,0.232 (15.00 thresh)
[0m[33m[init]: failed static init: no accel jerk detected
[0m[34m[TIME]: 0.0007 seconds total (1494.8 hz, 0.05 ms behind)
[0m[33m[init]: disparity is 0.653,0.232 (15.00 thresh)
[0m[33m[init]: failed static init: no accel jerk detected
[0m[34m[TIME]: 0.0007 seconds total (1474.9 hz, 0.05 ms behind)
[0m[33m[init]: disparity is 0.653,0.232 (15.00 thresh)
[0m[33m[init]: failed static init: no accel jerk detected
[0m[34m[TIME]: 0.0006 seconds total (1628.7 hz, 0.05 ms behind)
[0m[33m[init]: disparity is 0.653,0.232 (15.00 thresh)
[0m[33m[init]: failed static init: no accel jerk detected
[0m[34m[TIME]: 0.0009 seconds total (1165.5 hz, 0.31 ms behind)
[0m[33m[init]: disparity is 0.603,0.234 (15.00 thresh)
[0m[33m[init]: failed static init: no accel jerk detected
[0m[34m[TIME]: 0.0006 seconds total (1727.1 hz, 0.31 ms behind)
[0m[33m[init]: disparity is 0.603,0.234 (15.00 thresh)
[0m[33m[init]: failed static init: no accel jerk detected
[0m[34m[TIME]: 0.0005 seconds total (2008.0 hz, 0.31 ms behind)
[0m[33m[init]: disparity is 0.603,0.234 (15.00 thresh)
[0m[33m[init]: failed static init: no accel jerk detected
[0m[34m[TIME]: 0.0005 seconds total (1890.4 hz, 0.31 ms behind)
[0m[33m[init]: disparity is 0.603,0.234 (15.00 thresh)
[0m[33m[init]: failed static init: no accel jerk detected
[0m[34m[TIME]: 0.0005 seconds total (2036.7 hz, 0.31 ms behind)
[0m[33m[init]: disparity is 0.603,0.234 (15.00 thresh)
[0m[33m[init]: failed static init: no accel jerk detected
[0m[34m[TIME]: 0.0008 seconds total (1234.6 hz, 0.32 ms behind)
[0m[33m[init]: disparity is 0.573,0.235 (15.00 thresh)
[0m[33m[init]: failed static init: no accel jerk detected
[0m[34m[TIME]: 0.0007 seconds total (1396.6 hz, 0.32 ms behind)
[0m[33m[init]: disparity is 0.573,0.235 (15.00 thresh)
[0m[33m[init]: failed static init: no accel jerk detected
[0m[34m[TIME]: 0.0006 seconds total (1626.0 hz, 0.32 ms behind)
[0m[33m[init]: disparity is 0.573,0.235 (15.00 thresh)
[0m[33m[init]: failed static init: no accel jerk detected
[0m[34m[TIME]: 0.0007 seconds total (1470.6 hz, 0.32 ms behind)
[0m[33m[init]: disparity is 0.573,0.235 (15.00 thresh)
[0m[33m[init]: failed static init: no accel jerk detected
[0m[34m[TIME]: 0.0005 seconds total (2000.0 hz, 0.32 ms behind)
[0m[33m[init]: disparity is 0.573,0.235 (15.00 thresh)
[0m[33m[init]: failed static init: no accel jerk detected
[0m[34m[TIME]: 0.0009 seconds total (1111.1 hz, 0.08 ms behind)
[0m[33m[init]: disparity is 0.548,0.560 (15.00 thresh)
[0m[33m[init]: failed static init: no accel jerk detected
[0m[34m[TIME]: 0.0006 seconds total (1610.3 hz, 0.08 ms behind)
[0m[33m[init]: disparity is 0.548,0.560 (15.00 thresh)
[0m[33m[init]: failed static init: no accel jerk detected
[0m[34m[TIME]: 0.0006 seconds total (1742.2 hz, 0.08 ms behind)
[0m[33m[init]: disparity is 0.548,0.560 (15.00 thresh)
[0m[33m[init]: failed static init: no accel jerk detected
[0m[34m[TIME]: 0.0007 seconds total (1455.6 hz, 0.08 ms behind)
[0m[33m[init]: disparity is 0.548,0.560 (15.00 thresh)
[0m[33m[init]: failed static init: no accel jerk detected
[0m[34m[TIME]: 0.0006 seconds total (1652.9 hz, 0.08 ms behind)
[0m[33m[init]: disparity is 0.548,0.560 (15.00 thresh)
[0m[33m[init]: failed static init: no accel jerk detected
[0m[34m[TIME]: 0.0010 seconds total (1017.3 hz, 0.09 ms behind)
[0m[33m[init]: disparity is 0.579,0.527 (15.00 thresh)
[0m[33m[init]: failed static init: no accel jerk detected
[0m[34m[TIME]: 0.0006 seconds total (1814.9 hz, 0.09 ms behind)
[0m[33m[init]: disparity is 0.579,0.527 (15.00 thresh)
[0m[33m[init]: failed static init: no accel jerk detected
[0m[34m[TIME]: 0.0005 seconds total (2004.0 hz, 0.09 ms behind)
[0m[33m[init]: disparity is 0.579,0.527 (15.00 thresh)
[0m[33m[init]: failed static init: no accel jerk detected
[0m[34m[TIME]: 0.0005 seconds total (1988.1 hz, 0.09 ms behind)
[0m[33m[init]: disparity is 0.579,0.527 (15.00 thresh)
[0m[33m[init]: failed static init: no accel jerk detected
[0m[34m[TIME]: 0.0005 seconds total (2100.8 hz, 0.09 ms behind)
[0m[33m[init]: disparity is 0.579,0.527 (15.00 thresh)
[0m[33m[init]: failed static init: no accel jerk detected
[0m[34m[TIME]: 0.0009 seconds total (1105.0 hz, 0.10 ms behind)
[0m[33m[init]: disparity is 0.563,0.545 (15.00 thresh)
[0m[33m[init]: failed static init: no accel jerk detected
[0m[34m[TIME]: 0.0006 seconds total (1557.6 hz, 0.10 ms behind)
[0m[33m[init]: disparity is 0.563,0.545 (15.00 thresh)
[0m[33m[init]: failed static init: no accel jerk detected
[0m[34m[TIME]: 0.0006 seconds total (1672.2 hz, 0.10 ms behind)
[0m[33m[init]: disparity is 0.563,0.545 (15.00 thresh)
[0m[33m[init]: failed static init: no accel jerk detected
[0m[34m[TIME]: 0.0006 seconds total (1652.9 hz, 0.10 ms behind)
[0m[33m[init]: disparity is 0.563,0.545 (15.00 thresh)
[0m[33m[init]: failed static init: no accel jerk detected
[0m[34m[TIME]: 0.0007 seconds total (1455.6 hz, 0.10 ms behind)
[0m[33m[init]: disparity is 0.563,0.545 (15.00 thresh)
[0m[33m[init]: failed static init: no accel jerk detected
[0m[34m[TIME]: 0.0008 seconds total (1180.6 hz, 0.11 ms behind)
[0m[33m[init]: disparity is 0.557,0.523 (15.00 thresh)
[0m[33m[init]: failed static init: no accel jerk detected
[0m[34m[TIME]: 0.0005 seconds total (1818.2 hz, 0.11 ms behind)
[0m[33m[init]: disparity is 0.557,0.523 (15.00 thresh)
[0m[33m[init]: failed static init: no accel jerk detected
[0m[34m[TIME]: 0.0005 seconds total (2074.7 hz, 0.11 ms behind)
[0m[33m[init]: disparity is 0.557,0.523 (15.00 thresh)
[0m[33m[init]: failed static init: no accel jerk detected
[0m[34m[TIME]: 0.0006 seconds total (1569.9 hz, 0.11 ms behind)
[0m[33m[init]: disparity is 0.557,0.523 (15.00 thresh)
[0m[33m[init]: failed static init: no accel jerk detected
[0m[34m[TIME]: 0.0006 seconds total (1792.1 hz, 0.11 ms behind)
[0m[33m[init]: disparity is 0.557,0.523 (15.00 thresh)
[0m[33m[init]: failed static init: no accel jerk detected
[0m[34m[TIME]: 0.0010 seconds total (1049.3 hz, 0.12 ms behind)
[0m[33m[init]: disparity is 0.580,0.527 (15.00 thresh)
[0m[33m[init]: failed static init: no accel jerk detected
[0m[34m[TIME]: 0.0007 seconds total (1479.3 hz, 0.12 ms behind)
[0m[33m[init]: disparity is 0.580,0.527 (15.00 thresh)
[0m[33m[init]: failed static init: no accel jerk detected
[0m[34m[TIME]: 0.0007 seconds total (1462.0 hz, 0.12 ms behind)
[0m[33m[init]: disparity is 0.580,0.527 (15.00 thresh)
[0m[33m[init]: failed static init: no accel jerk detected
[0m[34m[TIME]: 0.0007 seconds total (1485.9 hz, 0.12 ms behind)
[0m[33m[init]: disparity is 0.580,0.527 (15.00 thresh)
[0m[33m[init]: failed static init: no accel jerk detected
[0m[34m[TIME]: 0.0007 seconds total (1466.3 hz, 0.12 ms behind)
[0m[33m[init]: disparity is 0.580,0.527 (15.00 thresh)
[0m[33m[init]: failed static init: no accel jerk detected
[0m[34m[TIME]: 0.0010 seconds total (1034.1 hz, 0.13 ms behind)
[0m[33m[init]: disparity is 0.543,0.528 (15.00 thresh)
[0m[33m[init]: failed static init: no accel jerk detected
[0m[34m[TIME]: 0.0008 seconds total (1212.1 hz, 0.13 ms behind)
[0m[33m[init]: disparity is 0.543,0.528 (15.00 thresh)
[0m[33m[init]: failed static init: no accel jerk detected
[0m[34m[TIME]: 0.0006 seconds total (1754.4 hz, 0.13 ms behind)
[0m[33m[init]: disparity is 0.543,0.528 (15.00 thresh)
[0m[33m[init]: failed static init: no accel jerk detected
[0m[34m[TIME]: 0.0005 seconds total (1824.8 hz, 0.13 ms behind)
[0m[33m[init]: disparity is 0.543,0.528 (15.00 thresh)
[0m[33m[init]: failed static init: no accel jerk detected
[0m[34m[TIME]: 0.0006 seconds total (1757.5 hz, 0.13 ms behind)
[0m[33m[init]: disparity is 0.543,0.528 (15.00 thresh)
[0m[33m[init]: failed static init: no accel jerk detected
[0m[34m[TIME]: 0.0010 seconds total (1016.3 hz, 0.14 ms behind)
[0m[33m[init]: disparity is 0.510,0.556 (15.00 thresh)
[0m[33m[init]: failed static init: no accel jerk detected
[0m[34m[TIME]: 0.0007 seconds total (1406.5 hz, 0.14 ms behind)
[0m[33m[init]: disparity is 0.510,0.556 (15.00 thresh)
[0m[33m[init]: failed static init: no accel jerk detected
[0m[34m[TIME]: 0.0006 seconds total (1655.6 hz, 0.14 ms behind)
[0m[33m[init]: disparity is 0.510,0.556 (15.00 thresh)
[0m[33m[init]: failed static init: no accel jerk detected
[0m[34m[TIME]: 0.0006 seconds total (1584.8 hz, 0.14 ms behind)
[0m[33m[init]: disparity is 0.510,0.556 (15.00 thresh)
[0m[33m[init]: failed static init: no accel jerk detected
[0m[34m[TIME]: 0.0006 seconds total (1663.9 hz, 0.14 ms behind)
[0m[33m[init]: disparity is 0.510,0.556 (15.00 thresh)
[0m[33m[init]: failed static init: no accel jerk detected
[0m[34m[TIME]: 0.0009 seconds total (1070.7 hz, 0.15 ms behind)
[0m[33m[init]: disparity is 0.511,0.541 (15.00 thresh)
[0m[33m[init]: failed static init: no accel jerk detected
[0m[34m[TIME]: 0.0008 seconds total (1324.5 hz, 0.15 ms behind)
[0m[33m[init]: disparity is 0.511,0.541 (15.00 thresh)
[0m[33m[init]: failed static init: no accel jerk detected
[0m[34m[TIME]: 0.0007 seconds total (1510.6 hz, 0.15 ms behind)
[0m[33m[init]: disparity is 0.511,0.541 (15.00 thresh)
[0m[33m[init]: failed static init: no accel jerk detected
[0m[34m[TIME]: 0.0006 seconds total (1574.8 hz, 0.15 ms behind)
[0m[33m[init]: disparity is 0.511,0.541 (15.00 thresh)
[0m[33m[init]: failed static init: no accel jerk detected
[0m[34m[TIME]: 0.0006 seconds total (1572.3 hz, 0.15 ms behind)
[0m[33m[init]: disparity is 0.511,0.541 (15.00 thresh)
[0m[33m[init]: failed static init: no accel jerk detected
[0m[34m[TIME]: 0.0010 seconds total (1001.0 hz, 0.16 ms behind)
[0m[33m[init]: disparity is 0.489,0.583 (15.00 thresh)
[0m[33m[init]: failed static init: no accel jerk detected
[0m[34m[TIME]: 0.0008 seconds total (1292.0 hz, 0.16 ms behind)
[0m[33m[init]: disparity is 0.489,0.583 (15.00 thresh)
[0m[33m[init]: failed static init: no accel jerk detected
[0m[34m[TIME]: 0.0007 seconds total (1347.7 hz, 0.16 ms behind)
[0m[33m[init]: disparity is 0.489,0.583 (15.00 thresh)
[0m[33m[init]: failed static init: no accel jerk detected
[0m[34m[TIME]: 0.0007 seconds total (1373.6 hz, 0.16 ms behind)
[0m[33m[init]: disparity is 0.489,0.583 (15.00 thresh)
[0m[33m[init]: failed static init: no accel jerk detected
[0m[34m[TIME]: 0.0007 seconds total (1464.1 hz, 0.16 ms behind)
[0m[33m[init]: disparity is 0.489,0.583 (15.00 thresh)
[0m[33m[init]: failed static init: no accel jerk detected
[0m[34m[TIME]: 0.0009 seconds total (1128.7 hz, 0.17 ms behind)
[0m[33m[init]: disparity is 0.316,0.584 (15.00 thresh)
[0m[33m[init]: failed static init: no accel jerk detected
[0m[34m[TIME]: 0.0007 seconds total (1408.5 hz, 0.17 ms behind)
[0m[33m[init]: disparity is 0.316,0.584 (15.00 thresh)
[0m[33m[init]: failed static init: no accel jerk detected
[0m[34m[TIME]: 0.0008 seconds total (1254.7 hz, 0.17 ms behind)
[0m[33m[init]: disparity is 0.316,0.584 (15.00 thresh)
[0m[33m[init]: failed static init: no accel jerk detected
[0m[34m[TIME]: 0.0006 seconds total (1763.7 hz, 0.17 ms behind)
[0m[33m[init]: disparity is 0.316,0.584 (15.00 thresh)
[0m[33m[init]: failed static init: no accel jerk detected
[0m[34m[TIME]: 0.0006 seconds total (1736.1 hz, 0.17 ms behind)
[0m[33m[init]: disparity is 0.316,0.584 (15.00 thresh)
[0m[33m[init]: failed static init: no accel jerk detected
[0m[34m[TIME]: 0.0010 seconds total (1019.4 hz, 0.18 ms behind)
[0m[33m[init]: disparity is 0.360,0.598 (15.00 thresh)
[0m[33m[init]: failed static init: no accel jerk detected
[0m[34m[TIME]: 0.0007 seconds total (1392.8 hz, 0.18 ms behind)
[0m[33m[init]: disparity is 0.360,0.598 (15.00 thresh)
[0m[33m[init]: failed static init: no accel jerk detected
[0m[34m[TIME]: 0.0007 seconds total (1488.1 hz, 0.18 ms behind)
[0m[33m[init]: disparity is 0.360,0.598 (15.00 thresh)
[0m[33m[init]: failed static init: no accel jerk detected
[0m[34m[TIME]: 0.0007 seconds total (1430.6 hz, 0.18 ms behind)
[0m[33m[init]: disparity is 0.360,0.598 (15.00 thresh)
[0m[33m[init]: failed static init: no accel jerk detected
[0m[34m[TIME]: 0.0007 seconds total (1481.5 hz, 0.18 ms behind)
[0m[33m[init]: disparity is 0.360,0.598 (15.00 thresh)
[0m[33m[init]: failed static init: no accel jerk detected
[0m[34m[TIME]: 0.0009 seconds total (1075.3 hz, 0.19 ms behind)
[0m[33m[init]: disparity is 0.325,0.617 (15.00 thresh)
[0m[33m[init]: failed static init: no accel jerk detected
[0m[34m[TIME]: 0.0007 seconds total (1499.3 hz, 0.19 ms behind)
[0m[33m[init]: disparity is 0.325,0.617 (15.00 thresh)
[0m[33m[init]: failed static init: no accel jerk detected
[0m[34m[TIME]: 0.0007 seconds total (1462.0 hz, 0.19 ms behind)
[0m[33m[init]: disparity is 0.325,0.617 (15.00 thresh)
[0m[33m[init]: failed static init: no accel jerk detected
[0m[34m[TIME]: 0.0006 seconds total (1709.4 hz, 0.19 ms behind)
[0m[33m[init]: disparity is 0.325,0.617 (15.00 thresh)
[0m[33m[init]: failed static init: no accel jerk detected
[0m[34m[TIME]: 0.0006 seconds total (1779.4 hz, 0.19 ms behind)
[0m[33m[init]: disparity is 0.325,0.617 (15.00 thresh)
[0m[33m[init]: failed static init: no accel jerk detected
[0m[34m[TIME]: 0.0012 seconds total (854.7 hz, 0.20 ms behind)
[0m[33m[init]: disparity is 0.289,0.696 (15.00 thresh)
[0m[33m[init]: failed static init: no accel jerk detected
[0m[34m[TIME]: 0.0007 seconds total (1440.9 hz, 0.20 ms behind)
[0m[33m[init]: disparity is 0.289,0.696 (15.00 thresh)
[0m[33m[init]: failed static init: no accel jerk detected
[0m[34m[TIME]: 0.0006 seconds total (1550.4 hz, 0.20 ms behind)
[0m[33m[init]: disparity is 0.289,0.696 (15.00 thresh)
[0m[33m[init]: failed static init: no accel jerk detected
[0m[34m[TIME]: 0.0008 seconds total (1321.0 hz, 0.20 ms behind)
[0m[33m[init]: disparity is 0.289,0.696 (15.00 thresh)
[0m[33m[init]: failed static init: no accel jerk detected
[0m[34m[TIME]: 0.0007 seconds total (1451.4 hz, 0.20 ms behind)
[0m[33m[init]: disparity is 0.289,0.696 (15.00 thresh)
[0m[33m[init]: failed static init: no accel jerk detected
[0m[34m[TIME]: 0.0010 seconds total (1039.5 hz, 0.21 ms behind)
[0m[33m[init]: disparity is 0.259,0.741 (15.00 thresh)
[0m[33m[init]: failed static init: no accel jerk detected
[0m[34m[TIME]: 0.0006 seconds total (1543.2 hz, 0.21 ms behind)
[0m[33m[init]: disparity is 0.259,0.741 (15.00 thresh)
[0m[33m[init]: failed static init: no accel jerk detected
[0m[34m[TIME]: 0.0007 seconds total (1479.3 hz, 0.21 ms behind)
[0m[33m[init]: disparity is 0.259,0.741 (15.00 thresh)
[0m[33m[init]: failed static init: no accel jerk detected
[0m[34m[TIME]: 0.0007 seconds total (1404.5 hz, 0.21 ms behind)
[0m[33m[init]: disparity is 0.259,0.741 (15.00 thresh)
[0m[33m[init]: failed static init: no accel jerk detected
[0m[34m[TIME]: 0.0006 seconds total (1538.5 hz, 0.21 ms behind)
[0m[33m[init]: disparity is 0.259,0.741 (15.00 thresh)
[0m[33m[init]: failed static init: no accel jerk detected
[0m[34m[TIME]: 0.0011 seconds total (926.8 hz, 0.22 ms behind)
[0m[33m[init]: disparity is 0.283,0.464 (15.00 thresh)
[0m[33m[init]: failed static init: no accel jerk detected
[0m[34m[TIME]: 0.0006 seconds total (1543.2 hz, 0.22 ms behind)
[0m[33m[init]: disparity is 0.283,0.464 (15.00 thresh)
[0m[33m[init]: failed static init: no accel jerk detected
[0m[34m[TIME]: 0.0005 seconds total (1841.6 hz, 0.22 ms behind)
[0m[33m[init]: disparity is 0.283,0.464 (15.00 thresh)
[0m[33m[init]: failed static init: no accel jerk detected
[0m[34m[TIME]: 0.0006 seconds total (1776.2 hz, 0.22 ms behind)
[0m[33m[init]: disparity is 0.283,0.464 (15.00 thresh)
[0m[33m[init]: failed static init: no accel jerk detected
[0m[34m[TIME]: 0.0006 seconds total (1805.1 hz, 0.22 ms behind)
[0m[33m[init]: disparity is 0.283,0.464 (15.00 thresh)
[0m[33m[init]: failed static init: no accel jerk detected
[0m[34m[TIME]: 0.0010 seconds total (1041.7 hz, 0.23 ms behind)
[0m[33m[init]: disparity is 0.604,0.429 (15.00 thresh)
[0m[33m[init]: failed static init: no accel jerk detected
[0m[34m[TIME]: 0.0007 seconds total (1355.0 hz, 0.23 ms behind)
[0m[33m[init]: disparity is 0.604,0.429 (15.00 thresh)
[0m[33m[init]: failed static init: no accel jerk detected
[0m[34m[TIME]: 0.0007 seconds total (1379.3 hz, 0.23 ms behind)
[0m[33m[init]: disparity is 0.604,0.429 (15.00 thresh)
[0m[33m[init]: failed static init: no accel jerk detected
[0m[34m[TIME]: 0.0007 seconds total (1364.3 hz, 0.23 ms behind)
[0m[33m[init]: disparity is 0.604,0.429 (15.00 thresh)
[0m[33m[init]: failed static init: no accel jerk detected
[0m[34m[TIME]: 0.0007 seconds total (1394.7 hz, 0.23 ms behind)
[0m[33m[init]: disparity is 0.604,0.429 (15.00 thresh)
[0m[33m[init]: failed static init: no accel jerk detected
[0m[34m[TIME]: 0.0010 seconds total (1026.7 hz, 0.24 ms behind)
[0m[33m[init]: disparity is 0.554,0.433 (15.00 thresh)
[0m[33m[init]: failed static init: no accel jerk detected
[0m[34m[TIME]: 0.0008 seconds total (1308.9 hz, 0.24 ms behind)
[0m[33m[init]: disparity is 0.554,0.433 (15.00 thresh)
[0m[33m[init]: failed static init: no accel jerk detected
[0m[34m[TIME]: 0.0007 seconds total (1453.5 hz, 0.24 ms behind)
[0m[33m[init]: disparity is 0.554,0.433 (15.00 thresh)
[0m[33m[init]: failed static init: no accel jerk detected
[0m[34m[TIME]: 0.0007 seconds total (1381.2 hz, 0.24 ms behind)
[0m[33m[init]: disparity is 0.554,0.433 (15.00 thresh)
[0m[33m[init]: failed static init: no accel jerk detected
[0m[34m[TIME]: 0.0007 seconds total (1394.7 hz, 0.24 ms behind)
[0m[33m[init]: disparity is 0.554,0.433 (15.00 thresh)
[0m[33m[init]: failed static init: no accel jerk detected
[0m[34m[TIME]: 0.0010 seconds total (1020.4 hz, 0.25 ms behind)
[0m[33m[init]: disparity is 0.540,0.396 (15.00 thresh)
[0m[33m[init]: failed static init: no accel jerk detected
[0m[34m[TIME]: 0.0008 seconds total (1329.8 hz, 0.25 ms behind)
[0m[33m[init]: disparity is 0.540,0.396 (15.00 thresh)
[0m[33m[init]: failed static init: no accel jerk detected
[0m[34m[TIME]: 0.0007 seconds total (1422.5 hz, 0.25 ms behind)
[0m[33m[init]: disparity is 0.540,0.396 (15.00 thresh)
[0m[33m[init]: failed static init: no accel jerk detected
[0m[34m[TIME]: 0.0008 seconds total (1231.5 hz, 0.25 ms behind)
[0m[33m[init]: disparity is 0.540,0.396 (15.00 thresh)
[0m[33m[init]: failed static init: no accel jerk detected
[0m[34m[TIME]: 0.0006 seconds total (1766.8 hz, 0.25 ms behind)
[0m[33m[init]: disparity is 0.540,0.396 (15.00 thresh)
[0m[33m[init]: failed static init: no accel jerk detected
[0m[34m[TIME]: 0.0009 seconds total (1069.5 hz, 0.26 ms behind)
[0m[33m[init]: disparity is 0.507,0.372 (15.00 thresh)
[0m[33m[init]: failed static init: no accel jerk detected
[0m[34m[TIME]: 0.0006 seconds total (1620.7 hz, 0.26 ms behind)
[0m[33m[init]: disparity is 0.507,0.372 (15.00 thresh)
[0m[33m[init]: failed static init: no accel jerk detected
[0m[34m[TIME]: 0.0005 seconds total (1858.7 hz, 0.26 ms behind)
[0m[33m[init]: disparity is 0.507,0.372 (15.00 thresh)
[0m[33m[init]: failed static init: no accel jerk detected
[0m[34m[TIME]: 0.0005 seconds total (1872.7 hz, 0.26 ms behind)
[0m[33m[init]: disparity is 0.507,0.372 (15.00 thresh)
[0m[33m[init]: failed static init: no accel jerk detected
[0m[34m[TIME]: 0.0006 seconds total (1795.3 hz, 0.26 ms behind)
[0m[33m[init]: disparity is 0.507,0.372 (15.00 thresh)
[0m[33m[init]: failed static init: no accel jerk detected
[0m[34m[TIME]: 0.0008 seconds total (1328.0 hz, 0.28 ms behind)
[0m[33m[init]: disparity is 0.542,0.368 (15.00 thresh)
[0m[33m[init]: failed static init: no accel jerk detected
[0m[34m[TIME]: 0.0006 seconds total (1610.3 hz, 0.28 ms behind)
[0m[33m[init]: disparity is 0.542,0.368 (15.00 thresh)
[0m[33m[init]: failed static init: no accel jerk detected
[0m[34m[TIME]: 0.0006 seconds total (1736.1 hz, 0.28 ms behind)
[0m[33m[init]: disparity is 0.542,0.368 (15.00 thresh)
[0m[33m[init]: failed static init: no accel jerk detected
[0m[34m[TIME]: 0.0005 seconds total (1862.2 hz, 0.28 ms behind)
[0m[33m[init]: disparity is 0.542,0.368 (15.00 thresh)
[0m[33m[init]: failed static init: no accel jerk detected
[0m[34m[TIME]: 0.0006 seconds total (1607.7 hz, 0.28 ms behind)
[0m[33m[init]: disparity is 0.542,0.368 (15.00 thresh)
[0m[33m[init]: failed static init: no accel jerk detected
[0m[34m[TIME]: 0.0009 seconds total (1060.4 hz, 0.04 ms behind)
[0m[33m[init]: disparity is 0.541,0.348 (15.00 thresh)
[0m[33m[init]: failed static init: no accel jerk detected
[0m[34m[TIME]: 0.0007 seconds total (1434.7 hz, 0.04 ms behind)
[0m[33m[init]: disparity is 0.541,0.348 (15.00 thresh)
[0m[33m[init]: failed static init: no accel jerk detected
[0m[34m[TIME]: 0.0006 seconds total (1661.1 hz, 0.04 ms behind)
[0m[33m[init]: disparity is 0.541,0.348 (15.00 thresh)
[0m[33m[init]: failed static init: no accel jerk detected
[0m[34m[TIME]: 0.0006 seconds total (1634.0 hz, 0.04 ms behind)
[0m[33m[init]: disparity is 0.541,0.348 (15.00 thresh)
[0m[33m[init]: failed static init: no accel jerk detected
[0m[34m[TIME]: 0.0007 seconds total (1466.3 hz, 0.04 ms behind)
[0m[33m[init]: disparity is 0.541,0.348 (15.00 thresh)
[0m[33m[init]: failed static init: no accel jerk detected
[0m[34m[TIME]: 0.0010 seconds total (1018.3 hz, 0.30 ms behind)
[0m[33m[init]: disparity is 0.558,0.375 (15.00 thresh)
[0m[33m[init]: failed static init: no accel jerk detected
[0m[34m[TIME]: 0.0006 seconds total (1811.6 hz, 0.30 ms behind)
[0m[33m[init]: disparity is 0.558,0.375 (15.00 thresh)
[0m[33m[init]: failed static init: no accel jerk detected
[0m[34m[TIME]: 0.0005 seconds total (1934.2 hz, 0.30 ms behind)
[0m[33m[init]: disparity is 0.558,0.375 (15.00 thresh)
[0m[33m[init]: failed static init: no accel jerk detected
[0m[34m[TIME]: 0.0005 seconds total (1890.4 hz, 0.30 ms behind)
[0m[33m[init]: disparity is 0.558,0.375 (15.00 thresh)
[0m[33m[init]: failed static init: no accel jerk detected
[0m[34m[TIME]: 0.0005 seconds total (1862.2 hz, 0.30 ms behind)
[0m[33m[init]: disparity is 0.558,0.375 (15.00 thresh)
[0m[33m[init]: failed static init: no accel jerk detected
[0m[34m[TIME]: 0.0009 seconds total (1073.0 hz, 0.06 ms behind)
[0m[33m[init]: disparity is 0.539,0.412 (15.00 thresh)
[0m[33m[init]: failed static init: no accel jerk detected
[0m[34m[TIME]: 0.0008 seconds total (1285.3 hz, 0.06 ms behind)
[0m[33m[init]: disparity is 0.539,0.412 (15.00 thresh)
[0m[33m[init]: failed static init: no accel jerk detected
[0m[34m[TIME]: 0.0007 seconds total (1385.0 hz, 0.06 ms behind)
[0m[33m[init]: disparity is 0.539,0.412 (15.00 thresh)
[0m[33m[init]: failed static init: no accel jerk detected
[0m[34m[TIME]: 0.0006 seconds total (1730.1 hz, 0.06 ms behind)
[0m[33m[init]: disparity is 0.539,0.412 (15.00 thresh)
[0m[33m[init]: failed static init: no accel jerk detected
[0m[34m[TIME]: 0.0005 seconds total (1908.4 hz, 0.06 ms behind)
[0m[33m[init]: disparity is 0.539,0.412 (15.00 thresh)
[0m[33m[init]: failed static init: no accel jerk detected
[0m[34m[TIME]: 0.0009 seconds total (1075.3 hz, 0.32 ms behind)
[0m[33m[init]: disparity is 0.566,0.447 (15.00 thresh)
[0m[33m[init]: failed static init: no accel jerk detected
[0m[34m[TIME]: 0.0007 seconds total (1410.4 hz, 0.32 ms behind)
[0m[33m[init]: disparity is 0.566,0.447 (15.00 thresh)
[0m[33m[init]: failed static init: no accel jerk detected
[0m[34m[TIME]: 0.0007 seconds total (1443.0 hz, 0.32 ms behind)
[0m[33m[init]: disparity is 0.566,0.447 (15.00 thresh)
[0m[33m[init]: failed static init: no accel jerk detected
[0m[34m[TIME]: 0.0006 seconds total (1584.8 hz, 0.32 ms behind)
[0m[33m[init]: disparity is 0.566,0.447 (15.00 thresh)
[0m[33m[init]: failed static init: no accel jerk detected
[0m[34m[TIME]: 0.0007 seconds total (1468.4 hz, 0.32 ms behind)
[0m[33m[init]: disparity is 0.566,0.447 (15.00 thresh)
[0m[33m[init]: failed static init: no accel jerk detected
[0m[34m[TIME]: 0.0009 seconds total (1076.4 hz, 0.08 ms behind)
[0m[33m[init]: disparity is 0.594,0.496 (15.00 thresh)
[0m[33m[init]: failed static init: no accel jerk detected
[0m[34m[TIME]: 0.0007 seconds total (1335.1 hz, 0.08 ms behind)
[0m[33m[init]: disparity is 0.594,0.496 (15.00 thresh)
[0m[33m[init]: failed static init: no accel jerk detected
[0m[34m[TIME]: 0.0005 seconds total (1828.2 hz, 0.08 ms behind)
[0m[33m[init]: disparity is 0.594,0.496 (15.00 thresh)
[0m[33m[init]: failed static init: no accel jerk detected
[0m[34m[TIME]: 0.0005 seconds total (1915.7 hz, 0.08 ms behind)
[0m[33m[init]: disparity is 0.594,0.496 (15.00 thresh)
[0m[33m[init]: failed static init: no accel jerk detected
[0m[34m[TIME]: 0.0006 seconds total (1814.9 hz, 0.08 ms behind)
[0m[33m[init]: disparity is 0.594,0.496 (15.00 thresh)
[0m[33m[init]: failed static init: no accel jerk detected
[0m[34m[TIME]: 0.0010 seconds total (953.3 hz, 0.09 ms behind)
[0m[33m[init]: disparity is 0.630,0.570 (15.00 thresh)
[0m[33m[init]: failed static init: no accel jerk detected
[0m[34m[TIME]: 0.0007 seconds total (1404.5 hz, 0.09 ms behind)
[0m[33m[init]: disparity is 0.630,0.570 (15.00 thresh)
[0m[33m[init]: failed static init: no accel jerk detected
[0m[34m[TIME]: 0.0006 seconds total (1540.8 hz, 0.09 ms behind)
[0m[33m[init]: disparity is 0.630,0.570 (15.00 thresh)
[0m[33m[init]: failed static init: no accel jerk detected
[0m[34m[TIME]: 0.0006 seconds total (1569.9 hz, 0.09 ms behind)
[0m[33m[init]: disparity is 0.630,0.570 (15.00 thresh)
[0m[33m[init]: failed static init: no accel jerk detected
[0m[34m[TIME]: 0.0006 seconds total (1538.5 hz, 0.09 ms behind)
[0m[33m[init]: disparity is 0.630,0.570 (15.00 thresh)
[0m[33m[init]: failed static init: no accel jerk detected
[0m[34m[TIME]: 0.0009 seconds total (1096.5 hz, 0.10 ms behind)
[0m[33m[init]: disparity is 0.646,0.661 (15.00 thresh)
[0m[33m[init]: failed static init: no accel jerk detected
[0m[34m[TIME]: 0.0006 seconds total (1607.7 hz, 0.10 ms behind)
[0m[33m[init]: disparity is 0.646,0.661 (15.00 thresh)
[0m[33m[init]: failed static init: no accel jerk detected
[0m[34m[TIME]: 0.0006 seconds total (1592.4 hz, 0.10 ms behind)
[0m[33m[init]: disparity is 0.646,0.661 (15.00 thresh)
[0m[33m[init]: failed static init: no accel jerk detected
[0m[34m[TIME]: 0.0006 seconds total (1760.6 hz, 0.10 ms behind)
[0m[33m[init]: disparity is 0.646,0.661 (15.00 thresh)
[0m[33m[init]: failed static init: no accel jerk detected
[0m[34m[TIME]: 0.0005 seconds total (1904.8 hz, 0.10 ms behind)
[0m[33m[init]: disparity is 0.646,0.661 (15.00 thresh)
[0m[33m[init]: failed static init: no accel jerk detected
[0m[34m[TIME]: 0.0009 seconds total (1063.8 hz, 0.36 ms behind)
[0m[33m[init]: disparity is 0.710,0.766 (15.00 thresh)
[0m[33m[init]: failed static init: no accel jerk detected
[0m[34m[TIME]: 0.0008 seconds total (1269.0 hz, 0.36 ms behind)
[0m[33m[init]: disparity is 0.710,0.766 (15.00 thresh)
[0m[33m[init]: failed static init: no accel jerk detected
[0m[34m[TIME]: 0.0005 seconds total (2000.0 hz, 0.36 ms behind)
[0m[33m[init]: disparity is 0.710,0.766 (15.00 thresh)
[0m[33m[init]: failed static init: no accel jerk detected
[0m[34m[TIME]: 0.0005 seconds total (1960.8 hz, 0.36 ms behind)
[0m[33m[init]: disparity is 0.710,0.766 (15.00 thresh)
[0m[33m[init]: failed static init: no accel jerk detected
[0m[34m[TIME]: 0.0005 seconds total (1953.1 hz, 0.36 ms behind)
[0m[33m[init]: disparity is 0.710,0.766 (15.00 thresh)
[0m[33m[init]: failed static init: no accel jerk detected
[0m[34m[TIME]: 0.0010 seconds total (1032.0 hz, 0.12 ms behind)
[0m[33m[init]: disparity is 0.740,0.819 (15.00 thresh)
[0m[33m[init]: failed static init: no accel jerk detected
[0m[34m[TIME]: 0.0007 seconds total (1519.8 hz, 0.12 ms behind)
[0m[33m[init]: disparity is 0.740,0.819 (15.00 thresh)
[0m[33m[init]: failed static init: no accel jerk detected
[0m[34m[TIME]: 0.0007 seconds total (1455.6 hz, 0.12 ms behind)
[0m[33m[init]: disparity is 0.740,0.819 (15.00 thresh)
[0m[33m[init]: failed static init: no accel jerk detected
[0m[34m[TIME]: 0.0008 seconds total (1269.0 hz, 0.12 ms behind)
[0m[33m[init]: disparity is 0.740,0.819 (15.00 thresh)
[0m[33m[init]: failed static init: no accel jerk detected
[0m[34m[TIME]: 0.0005 seconds total (1901.1 hz, 0.12 ms behind)
[0m[33m[init]: disparity is 0.740,0.819 (15.00 thresh)
[0m[33m[init]: failed static init: no accel jerk detected
[0m[34m[TIME]: 0.0010 seconds total (1028.8 hz, 0.13 ms behind)
[0m[33m[init]: disparity is 0.715,0.902 (15.00 thresh)
[0m[33m[init]: failed static init: no accel jerk detected
[0m[34m[TIME]: 0.0007 seconds total (1501.5 hz, 0.13 ms behind)
[0m[33m[init]: disparity is 0.715,0.902 (15.00 thresh)
[0m[33m[init]: failed static init: no accel jerk detected
[0m[34m[TIME]: 0.0006 seconds total (1560.1 hz, 0.13 ms behind)
[0m[33m[init]: disparity is 0.715,0.902 (15.00 thresh)
[0m[33m[init]: failed static init: no accel jerk detected
[0m[34m[TIME]: 0.0006 seconds total (1626.0 hz, 0.13 ms behind)
[0m[33m[init]: disparity is 0.715,0.902 (15.00 thresh)
[0m[33m[init]: failed static init: no accel jerk detected
[0m[34m[TIME]: 0.0006 seconds total (1552.8 hz, 0.13 ms behind)
[0m[33m[init]: disparity is 0.715,0.902 (15.00 thresh)
[0m[33m[init]: failed static init: no accel jerk detected
[0m[34m[TIME]: 0.0010 seconds total (1026.7 hz, 0.14 ms behind)
[0m[33m[init]: disparity is 0.713,1.020 (15.00 thresh)
[0m[33m[init]: failed static init: no accel jerk detected
[0m[34m[TIME]: 0.0007 seconds total (1414.4 hz, 0.14 ms behind)
[0m[33m[init]: disparity is 0.713,1.020 (15.00 thresh)
[0m[33m[init]: failed static init: no accel jerk detected
[0m[34m[TIME]: 0.0007 seconds total (1533.7 hz, 0.14 ms behind)
[0m[33m[init]: disparity is 0.713,1.020 (15.00 thresh)
[0m[33m[init]: failed static init: no accel jerk detected
[0m[34m[TIME]: 0.0007 seconds total (1451.4 hz, 0.14 ms behind)
[0m[33m[init]: disparity is 0.713,1.020 (15.00 thresh)
[0m[33m[init]: failed static init: no accel jerk detected
[0m[34m[TIME]: 0.0006 seconds total (1792.1 hz, 0.14 ms behind)
[0m[33m[init]: disparity is 0.713,1.020 (15.00 thresh)
[0m[33m[init]: failed static init: no accel jerk detected
[0m[34m[TIME]: 0.0009 seconds total (1062.7 hz, 0.15 ms behind)
[0m[33m[init]: disparity is 0.438,1.154 (15.00 thresh)
[0m[33m[init]: failed static init: no accel jerk detected
[0m[34m[TIME]: 0.0007 seconds total (1483.7 hz, 0.15 ms behind)
[0m[33m[init]: disparity is 0.438,1.154 (15.00 thresh)
[0m[33m[init]: failed static init: no accel jerk detected
[0m[34m[TIME]: 0.0006 seconds total (1615.5 hz, 0.15 ms behind)
[0m[33m[init]: disparity is 0.438,1.154 (15.00 thresh)
[0m[33m[init]: failed static init: no accel jerk detected
[0m[34m[TIME]: 0.0006 seconds total (1555.2 hz, 0.15 ms behind)
[0m[33m[init]: disparity is 0.438,1.154 (15.00 thresh)
[0m[33m[init]: failed static init: no accel jerk detected
[0m[34m[TIME]: 0.0006 seconds total (1644.7 hz, 0.15 ms behind)
[0m[33m[init]: disparity is 0.438,1.154 (15.00 thresh)
[0m[33m[init]: failed static init: no accel jerk detected
[0m[34m[TIME]: 0.0009 seconds total (1060.4 hz, 0.16 ms behind)
[0m[33m[init]: disparity is 0.409,1.265 (15.00 thresh)
[0m[33m[init]: failed static init: no accel jerk detected
[0m[34m[TIME]: 0.0007 seconds total (1455.6 hz, 0.16 ms behind)
[0m[33m[init]: disparity is 0.409,1.265 (15.00 thresh)
[0m[33m[init]: failed static init: no accel jerk detected
[0m[34m[TIME]: 0.0007 seconds total (1492.5 hz, 0.16 ms behind)
[0m[33m[init]: disparity is 0.409,1.265 (15.00 thresh)
[0m[33m[init]: failed static init: no accel jerk detected
[0m[34m[TIME]: 0.0007 seconds total (1466.3 hz, 0.16 ms behind)
[0m[33m[init]: disparity is 0.409,1.265 (15.00 thresh)
[0m[33m[init]: failed static init: no accel jerk detected
[0m[34m[TIME]: 0.0006 seconds total (1647.4 hz, 0.16 ms behind)
[0m[33m[init]: disparity is 0.409,1.265 (15.00 thresh)
[0m[33m[init]: failed static init: no accel jerk detected
[0m[34m[TIME]: 0.0009 seconds total (1126.1 hz, 0.17 ms behind)
[0m[33m[init]: disparity is 0.449,1.396 (15.00 thresh)
[0m[33m[init]: failed static init: no accel jerk detected
[0m[34m[TIME]: 0.0007 seconds total (1522.1 hz, 0.17 ms behind)
[0m[33m[init]: disparity is 0.449,1.396 (15.00 thresh)
[0m[33m[init]: failed static init: no accel jerk detected
[0m[34m[TIME]: 0.0006 seconds total (1567.4 hz, 0.17 ms behind)
[0m[33m[init]: disparity is 0.449,1.396 (15.00 thresh)
[0m[33m[init]: failed static init: no accel jerk detected
[0m[34m[TIME]: 0.0007 seconds total (1515.2 hz, 0.17 ms behind)
[0m[33m[init]: disparity is 0.449,1.396 (15.00 thresh)
[0m[33m[init]: failed static init: no accel jerk detected
[0m[34m[TIME]: 0.0006 seconds total (1582.3 hz, 0.17 ms behind)
[0m[33m[init]: disparity is 0.449,1.396 (15.00 thresh)
[0m[33m[init]: failed static init: no accel jerk detected
[0m[34m[TIME]: 0.0007 seconds total (1394.7 hz, 0.18 ms behind)
[0m[33m[init]: disparity is 0.434,1.389 (15.00 thresh)
[0m[33m[init]: failed static init: no accel jerk detected
[0m[34m[TIME]: 0.0006 seconds total (1655.6 hz, 0.18 ms behind)
[0m[33m[init]: disparity is 0.434,1.389 (15.00 thresh)
[0m[33m[init]: failed static init: no accel jerk detected
[0m[34m[TIME]: 0.0005 seconds total (2016.1 hz, 0.18 ms behind)
[0m[33m[init]: disparity is 0.434,1.389 (15.00 thresh)
[0m[33m[init]: failed static init: no accel jerk detected
[0m[34m[TIME]: 0.0026 seconds total (385.4 hz, 0.18 ms behind)
[0m[33m[init]: disparity is 0.434,1.389 (15.00 thresh)
[0m[33m[init]: failed static init: no accel jerk detected
[0m[34m[TIME]: 0.0007 seconds total (1506.0 hz, 0.18 ms behind)
[0m[33m[init]: disparity is 0.434,1.389 (15.00 thresh)
[0m[33m[init]: failed static init: no accel jerk detected
[0m[34m[TIME]: 0.0007 seconds total (1373.6 hz, 0.19 ms behind)
[0m[33m[init]: disparity is 0.398,1.389 (15.00 thresh)
[0m[33m[init]: failed static init: no accel jerk detected
[0m[34m[TIME]: 0.0006 seconds total (1814.9 hz, 0.19 ms behind)
[0m[33m[init]: disparity is 0.398,1.389 (15.00 thresh)
[0m[33m[init]: failed static init: no accel jerk detected
[0m[34m[TIME]: 0.0005 seconds total (2197.8 hz, 0.19 ms behind)
[0m[33m[init]: disparity is 0.398,1.389 (15.00 thresh)
[0m[33m[init]: failed static init: no accel jerk detected
[0m[34m[TIME]: 0.0004 seconds total (2785.5 hz, 0.19 ms behind)
[0m[33m[init]: disparity is 0.398,1.389 (15.00 thresh)
[0m[33m[init]: failed static init: no accel jerk detected
[0m[34m[TIME]: 0.0005 seconds total (2193.0 hz, 0.19 ms behind)
[0m[33m[init]: disparity is 0.398,1.389 (15.00 thresh)
[0m[33m[init]: failed static init: no accel jerk detected
[0m[34m[TIME]: 0.0009 seconds total (1088.1 hz, 0.20 ms behind)
[0m[33m[init]: disparity is 0.402,1.397 (15.00 thresh)
[0m[33m[init]: failed static init: no accel jerk detected
[0m[34m[TIME]: 0.0007 seconds total (1443.0 hz, 0.20 ms behind)
[0m[33m[init]: disparity is 0.402,1.397 (15.00 thresh)
[0m[33m[init]: failed static init: no accel jerk detected
[0m[34m[TIME]: 0.0006 seconds total (1658.4 hz, 0.20 ms behind)
[0m[33m[init]: disparity is 0.402,1.397 (15.00 thresh)
[0m[33m[init]: failed static init: no accel jerk detected
[0m[34m[TIME]: 0.0007 seconds total (1373.6 hz, 0.20 ms behind)
[0m[33m[init]: disparity is 0.402,1.397 (15.00 thresh)
[0m[33m[init]: failed static init: no accel jerk detected
[0m[34m[TIME]: 0.0006 seconds total (1644.7 hz, 0.20 ms behind)
[0m[33m[init]: disparity is 0.402,1.397 (15.00 thresh)
[0m[33m[init]: failed static init: no accel jerk detected
[0m[34m[TIME]: 0.0007 seconds total (1434.7 hz, 0.21 ms behind)
[0m[33m[init]: disparity is 0.418,1.366 (15.00 thresh)
[0m[33m[init]: failed static init: no accel jerk detected
[0m[34m[TIME]: 0.0004 seconds total (2227.2 hz, 0.21 ms behind)
[0m[33m[init]: disparity is 0.418,1.366 (15.00 thresh)
[0m[33m[init]: failed static init: no accel jerk detected
[0m[34m[TIME]: 0.0004 seconds total (2262.4 hz, 0.21 ms behind)
[0m[33m[init]: disparity is 0.418,1.366 (15.00 thresh)
[0m[33m[init]: failed static init: no accel jerk detected
[0m[34m[TIME]: 0.0005 seconds total (2202.6 hz, 0.21 ms behind)
[0m[33m[init]: disparity is 0.418,1.366 (15.00 thresh)
[0m[33m[init]: failed static init: no accel jerk detected
[0m[34m[TIME]: 0.0004 seconds total (2232.1 hz, 0.21 ms behind)
[0m[33m[init]: disparity is 0.418,1.366 (15.00 thresh)
[0m[33m[init]: failed static init: no accel jerk detected
[0m[34m[TIME]: 0.0009 seconds total (1157.4 hz, 0.22 ms behind)
[0m[33m[init]: disparity is 0.469,1.305 (15.00 thresh)
[0m[33m[init]: failed static init: no accel jerk detected
[0m[34m[TIME]: 0.0006 seconds total (1567.4 hz, 0.22 ms behind)
[0m[33m[init]: disparity is 0.469,1.305 (15.00 thresh)
[0m[33m[init]: failed static init: no accel jerk detected
[0m[34m[TIME]: 0.0006 seconds total (1610.3 hz, 0.22 ms behind)
[0m[33m[init]: disparity is 0.469,1.305 (15.00 thresh)
[0m[33m[init]: failed static init: no accel jerk detected
[0m[34m[TIME]: 0.0006 seconds total (1634.0 hz, 0.22 ms behind)
[0m[33m[init]: disparity is 0.469,1.305 (15.00 thresh)
[0m[33m[init]: failed static init: no accel jerk detected
[0m[34m[TIME]: 0.0006 seconds total (1709.4 hz, 0.22 ms behind)
[0m[33m[init]: disparity is 0.469,1.305 (15.00 thresh)
[0m[33m[init]: failed static init: no accel jerk detected
[0m[34m[TIME]: 0.0009 seconds total (1116.1 hz, 0.23 ms behind)
[0m[33m[init]: disparity is 0.503,1.092 (15.00 thresh)
[0m[33m[init]: failed static init: no accel jerk detected
[0m[34m[TIME]: 0.0007 seconds total (1340.5 hz, 0.23 ms behind)
[0m[33m[init]: disparity is 0.503,1.092 (15.00 thresh)
[0m[33m[init]: failed static init: no accel jerk detected
[0m[34m[TIME]: 0.0007 seconds total (1338.7 hz, 0.23 ms behind)
[0m[33m[init]: disparity is 0.503,1.092 (15.00 thresh)
[0m[33m[init]: failed static init: no accel jerk detected
[0m[34m[TIME]: 0.0007 seconds total (1428.6 hz, 0.23 ms behind)
[0m[33m[init]: disparity is 0.503,1.092 (15.00 thresh)
[0m[33m[init]: failed static init: no accel jerk detected
[0m[34m[TIME]: 0.0007 seconds total (1447.2 hz, 0.23 ms behind)
[0m[33m[init]: disparity is 0.503,1.092 (15.00 thresh)
[0m[33m[init]: failed static init: no accel jerk detected
[0m[34m[TIME]: 0.0009 seconds total (1162.8 hz, 0.24 ms behind)
[0m[33m[init]: disparity is 0.574,1.109 (15.00 thresh)
[0m[33m[init]: failed static init: no accel jerk detected
[0m[34m[TIME]: 0.0006 seconds total (1597.4 hz, 0.24 ms behind)
[0m[33m[init]: disparity is 0.574,1.109 (15.00 thresh)
[0m[33m[init]: failed static init: no accel jerk detected
[0m[34m[TIME]: 0.0006 seconds total (1555.2 hz, 0.24 ms behind)
[0m[33m[init]: disparity is 0.574,1.109 (15.00 thresh)
[0m[33m[init]: failed static init: no accel jerk detected
[0m[34m[TIME]: 0.0005 seconds total (1883.2 hz, 0.24 ms behind)
[0m[33m[init]: disparity is 0.574,1.109 (15.00 thresh)
[0m[33m[init]: failed static init: no accel jerk detected
[0m[34m[TIME]: 0.0005 seconds total (1908.4 hz, 0.24 ms behind)
[0m[33m[init]: disparity is 0.574,1.109 (15.00 thresh)
[0m[33m[init]: failed static init: no accel jerk detected
[0m[34m[TIME]: 0.0010 seconds total (1043.8 hz, 0.00 ms behind)
[0m[33m[init]: disparity is 0.680,1.107 (15.00 thresh)
[0m[33m[init]: failed static init: no accel jerk detected
[0m[34m[TIME]: 0.0007 seconds total (1349.5 hz, 0.00 ms behind)
[0m[33m[init]: disparity is 0.680,1.107 (15.00 thresh)
[0m[33m[init]: failed static init: no accel jerk detected
[0m[34m[TIME]: 0.0006 seconds total (1545.6 hz, 0.00 ms behind)
[0m[33m[init]: disparity is 0.680,1.107 (15.00 thresh)
[0m[33m[init]: failed static init: no accel jerk detected
[0m[34m[TIME]: 0.0040 seconds total (250.8 hz, 0.00 ms behind)
[0m[33m[init]: disparity is 0.680,1.107 (15.00 thresh)
[0m[33m[init]: failed static init: no accel jerk detected
[0m[34m[TIME]: 0.0007 seconds total (1377.4 hz, 0.00 ms behind)
[0m[33m[init]: disparity is 0.680,1.107 (15.00 thresh)
[0m[33m[init]: failed static init: no accel jerk detected
[0m[34m[TIME]: 0.0008 seconds total (1191.9 hz, 0.27 ms behind)
[0m[33m[init]: disparity is 0.774,1.050 (15.00 thresh)
[0m[33m[init]: failed static init: no accel jerk detected
[0m[34m[TIME]: 0.0005 seconds total (1851.9 hz, 0.27 ms behind)
[0m[33m[init]: disparity is 0.774,1.050 (15.00 thresh)
[0m[33m[init]: failed static init: no accel jerk detected
[0m[34m[TIME]: 0.0005 seconds total (2173.9 hz, 0.27 ms behind)
[0m[33m[init]: disparity is 0.774,1.050 (15.00 thresh)
[0m[33m[init]: failed static init: no accel jerk detected
[0m[34m[TIME]: 0.0025 seconds total (397.5 hz, 0.27 ms behind)
[0m[33m[init]: disparity is 0.774,1.050 (15.00 thresh)
[0m[33m[init]: failed static init: no accel jerk detected
[0m[34m[TIME]: 0.0005 seconds total (1972.4 hz, 0.27 ms behind)
[0m[33m[init]: disparity is 0.774,1.050 (15.00 thresh)
[0m[33m[init]: failed static init: no accel jerk detected
[0m[34m[TIME]: 0.0009 seconds total (1164.1 hz, 0.28 ms behind)
[0m[33m[init]: disparity is 0.847,0.985 (15.00 thresh)
[0m[33m[init]: failed static init: no accel jerk detected
[0m[34m[TIME]: 0.0008 seconds total (1315.8 hz, 0.28 ms behind)
[0m[33m[init]: disparity is 0.847,0.985 (15.00 thresh)
[0m[33m[init]: failed static init: no accel jerk detected
[0m[34m[TIME]: 0.0005 seconds total (2008.0 hz, 0.28 ms behind)
[0m[33m[init]: disparity is 0.847,0.985 (15.00 thresh)
[0m[33m[init]: failed static init: no accel jerk detected
[0m[34m[TIME]: 0.0025 seconds total (407.8 hz, 0.28 ms behind)
[0m[33m[init]: disparity is 0.847,0.985 (15.00 thresh)
[0m[33m[init]: failed static init: no accel jerk detected
[0m[34m[TIME]: 0.0005 seconds total (1855.3 hz, 0.28 ms behind)
[0m[33m[init]: disparity is 0.847,0.985 (15.00 thresh)
[0m[33m[init]: failed static init: no accel jerk detected
[0m[34m[TIME]: 0.0008 seconds total (1265.8 hz, 0.04 ms behind)
[0m[33m[init]: disparity is 0.932,0.924 (15.00 thresh)
[0m[33m[init]: failed static init: no accel jerk detected
[0m[34m[TIME]: 0.0006 seconds total (1555.2 hz, 0.04 ms behind)
[0m[33m[init]: disparity is 0.932,0.924 (15.00 thresh)
[0m[33m[init]: failed static init: no accel jerk detected
[0m[34m[TIME]: 0.0006 seconds total (1620.7 hz, 0.04 ms behind)
[0m[33m[init]: disparity is 0.932,0.924 (15.00 thresh)
[0m[33m[init]: failed static init: no accel jerk detected
[0m[34m[TIME]: 0.0005 seconds total (2105.3 hz, 0.04 ms behind)
[0m[33m[init]: disparity is 0.932,0.924 (15.00 thresh)
[0m[33m[init]: failed static init: no accel jerk detected
[0m[34m[TIME]: 0.0006 seconds total (1545.6 hz, 0.04 ms behind)
[0m[33m[init]: disparity is 0.932,0.924 (15.00 thresh)
[0m[33m[init]: failed static init: no accel jerk detected
[0m[34m[TIME]: 0.0010 seconds total (1044.9 hz, 0.30 ms behind)
[0m[33m[init]: disparity is 1.031,0.791 (15.00 thresh)
[0m[33m[init]: failed static init: no accel jerk detected
[0m[34m[TIME]: 0.0006 seconds total (1644.7 hz, 0.30 ms behind)
[0m[33m[init]: disparity is 1.031,0.791 (15.00 thresh)
[0m[33m[init]: failed static init: no accel jerk detected
[0m[34m[TIME]: 0.0006 seconds total (1636.7 hz, 0.30 ms behind)
[0m[33m[init]: disparity is 1.031,0.791 (15.00 thresh)
[0m[33m[init]: failed static init: no accel jerk detected
[0m[34m[TIME]: 0.0007 seconds total (1360.5 hz, 0.30 ms behind)
[0m[33m[init]: disparity is 1.031,0.791 (15.00 thresh)
[0m[33m[init]: failed static init: no accel jerk detected
[0m[34m[TIME]: 0.0006 seconds total (1612.9 hz, 0.30 ms behind)
[0m[33m[init]: disparity is 1.031,0.791 (15.00 thresh)
[0m[33m[init]: failed static init: no accel jerk detected
[0m[34m[TIME]: 0.0009 seconds total (1128.7 hz, 0.31 ms behind)
[0m[33m[init]: disparity is 1.166,0.656 (15.00 thresh)
[0m[33m[init]: failed static init: no accel jerk detected
[0m[34m[TIME]: 0.0006 seconds total (1543.2 hz, 0.31 ms behind)
[0m[33m[init]: disparity is 1.166,0.656 (15.00 thresh)
[0m[33m[init]: failed static init: no accel jerk detected
[0m[34m[TIME]: 0.0006 seconds total (1577.3 hz, 0.31 ms behind)
[0m[33m[init]: disparity is 1.166,0.656 (15.00 thresh)
[0m[33m[init]: failed static init: no accel jerk detected
[0m[34m[TIME]: 0.0038 seconds total (262.2 hz, 0.31 ms behind)
[0m[33m[init]: disparity is 1.166,0.656 (15.00 thresh)
[0m[33m[init]: failed static init: no accel jerk detected
[0m[34m[TIME]: 0.0007 seconds total (1445.1 hz, 0.31 ms behind)
[0m[33m[init]: disparity is 1.166,0.656 (15.00 thresh)
[0m[33m[init]: failed static init: no accel jerk detected
[0m[34m[TIME]: 0.0009 seconds total (1160.1 hz, 0.07 ms behind)
[0m[33m[init]: disparity is 1.262,0.552 (15.00 thresh)
[0m[33m[init]: failed static init: no accel jerk detected
[0m[34m[TIME]: 0.0006 seconds total (1562.5 hz, 0.07 ms behind)
[0m[33m[init]: disparity is 1.262,0.552 (15.00 thresh)
[0m[33m[init]: failed static init: no accel jerk detected
[0m[34m[TIME]: 0.0006 seconds total (1650.2 hz, 0.07 ms behind)
[0m[33m[init]: disparity is 1.262,0.552 (15.00 thresh)
[0m[33m[init]: failed static init: no accel jerk detected
[0m[34m[TIME]: 0.0005 seconds total (2004.0 hz, 0.07 ms behind)
[0m[33m[init]: disparity is 1.262,0.552 (15.00 thresh)
[0m[33m[init]: failed static init: no accel jerk detected
[0m[34m[TIME]: 0.0006 seconds total (1689.2 hz, 0.07 ms behind)
[0m[33m[init]: disparity is 1.262,0.552 (15.00 thresh)
[0m[33m[init]: failed static init: no accel jerk detected
[0m[34m[TIME]: 0.0008 seconds total (1250.0 hz, 0.08 ms behind)
[0m[33m[init]: disparity is 1.393,0.475 (15.00 thresh)
[0m[33m[init]: failed static init: no accel jerk detected
[0m[34m[TIME]: 0.0006 seconds total (1675.0 hz, 0.08 ms behind)
[0m[33m[init]: disparity is 1.393,0.475 (15.00 thresh)
[0m[33m[init]: failed static init: no accel jerk detected
[0m[34m[TIME]: 0.0006 seconds total (1689.2 hz, 0.08 ms behind)
[0m[33m[init]: disparity is 1.393,0.475 (15.00 thresh)
[0m[33m[init]: failed static init: no accel jerk detected
[0m[34m[TIME]: 0.0007 seconds total (1356.9 hz, 0.08 ms behind)
[0m[33m[init]: disparity is 1.393,0.475 (15.00 thresh)
[0m[33m[init]: failed static init: no accel jerk detected
[0m[34m[TIME]: 0.0006 seconds total (1677.9 hz, 0.08 ms behind)
[0m[33m[init]: disparity is 1.393,0.475 (15.00 thresh)
[0m[33m[init]: failed static init: no accel jerk detected
[0m[34m[TIME]: 0.0009 seconds total (1096.5 hz, 0.09 ms behind)
[0m[33m[init]: disparity is 1.413,0.464 (15.00 thresh)
[0m[33m[init]: failed static init: no accel jerk detected
[0m[34m[TIME]: 0.0007 seconds total (1494.8 hz, 0.09 ms behind)
[0m[33m[init]: disparity is 1.413,0.464 (15.00 thresh)
[0m[33m[init]: failed static init: no accel jerk detected
[0m[34m[TIME]: 0.0006 seconds total (1567.4 hz, 0.09 ms behind)
[0m[33m[init]: disparity is 1.413,0.464 (15.00 thresh)
[0m[33m[init]: failed static init: no accel jerk detected
[0m[34m[TIME]: 0.0038 seconds total (260.1 hz, 0.09 ms behind)
[0m[33m[init]: disparity is 1.413,0.464 (15.00 thresh)
[0m[33m[init]: failed static init: no accel jerk detected
[0m[34m[TIME]: 0.0008 seconds total (1259.4 hz, 0.09 ms behind)
[0m[33m[init]: disparity is 1.413,0.464 (15.00 thresh)
[0m[33m[init]: failed static init: no accel jerk detected
[0m[34m[TIME]: 0.0009 seconds total (1094.1 hz, 0.10 ms behind)
[0m[33m[init]: disparity is 1.468,0.480 (15.00 thresh)
[0m[33m[init]: failed static init: no accel jerk detected
[0m[34m[TIME]: 0.0007 seconds total (1501.5 hz, 0.10 ms behind)
[0m[33m[init]: disparity is 1.468,0.480 (15.00 thresh)
[0m[33m[init]: failed static init: no accel jerk detected
[0m[34m[TIME]: 0.0006 seconds total (1683.5 hz, 0.10 ms behind)
[0m[33m[init]: disparity is 1.468,0.480 (15.00 thresh)
[0m[33m[init]: failed static init: no accel jerk detected
[0m[34m[TIME]: 0.0038 seconds total (262.3 hz, 0.10 ms behind)
[0m[33m[init]: disparity is 1.468,0.480 (15.00 thresh)
[0m[33m[init]: failed static init: no accel jerk detected
[0m[34m[TIME]: 0.0006 seconds total (1594.9 hz, 0.10 ms behind)
[0m[33m[init]: disparity is 1.468,0.480 (15.00 thresh)
[0m[33m[init]: failed static init: no accel jerk detected
[0m[34m[TIME]: 0.0010 seconds total (994.0 hz, 0.11 ms behind)
[0m[33m[init]: disparity is 1.441,0.410 (15.00 thresh)
[0m[33m[init]: failed static init: no accel jerk detected
[0m[34m[TIME]: 0.0007 seconds total (1375.5 hz, 0.11 ms behind)
[0m[33m[init]: disparity is 1.441,0.410 (15.00 thresh)
[0m[33m[init]: failed static init: no accel jerk detected
[0m[34m[TIME]: 0.0006 seconds total (1594.9 hz, 0.11 ms behind)
[0m[33m[init]: disparity is 1.441,0.410 (15.00 thresh)
[0m[33m[init]: failed static init: no accel jerk detected
[0m[34m[TIME]: 0.0038 seconds total (264.4 hz, 0.11 ms behind)
[0m[33m[init]: disparity is 1.441,0.410 (15.00 thresh)
[0m[33m[init]: failed static init: no accel jerk detected
[0m[34m[TIME]: 0.0007 seconds total (1449.3 hz, 0.11 ms behind)
[0m[33m[init]: disparity is 1.441,0.410 (15.00 thresh)
[0m[33m[init]: failed static init: no accel jerk detected
[0m[34m[TIME]: 0.0009 seconds total (1063.8 hz, 0.12 ms behind)
[0m[33m[init]: disparity is 1.405,0.414 (15.00 thresh)
[0m[33m[init]: failed static init: no accel jerk detected
[0m[34m[TIME]: 0.0007 seconds total (1414.4 hz, 0.12 ms behind)
[0m[33m[init]: disparity is 1.405,0.414 (15.00 thresh)
[0m[33m[init]: failed static init: no accel jerk detected
[0m[34m[TIME]: 0.0007 seconds total (1468.4 hz, 0.12 ms behind)
[0m[33m[init]: disparity is 1.405,0.414 (15.00 thresh)
[0m[33m[init]: failed static init: no accel jerk detected
[0m[34m[TIME]: 0.0038 seconds total (263.2 hz, 0.12 ms behind)
[0m[33m[init]: disparity is 1.405,0.414 (15.00 thresh)
[0m[33m[init]: failed static init: no accel jerk detected
[0m[34m[TIME]: 0.0007 seconds total (1387.0 hz, 0.12 ms behind)
[0m[33m[init]: disparity is 1.405,0.414 (15.00 thresh)
[0m[33m[init]: failed static init: no accel jerk detected
[0m[34m[TIME]: 0.0010 seconds total (1004.0 hz, 0.13 ms behind)
[0m[33m[init]: disparity is 1.411,0.384 (15.00 thresh)
[0m[33m[init]: failed static init: no accel jerk detected
[0m[34m[TIME]: 0.0008 seconds total (1331.6 hz, 0.13 ms behind)
[0m[33m[init]: disparity is 1.411,0.384 (15.00 thresh)
[0m[33m[init]: failed static init: no accel jerk detected
[0m[34m[TIME]: 0.0006 seconds total (1697.8 hz, 0.13 ms behind)
[0m[33m[init]: disparity is 1.411,0.384 (15.00 thresh)
[0m[33m[init]: failed static init: no accel jerk detected
[0m[34m[TIME]: 0.0038 seconds total (262.8 hz, 0.13 ms behind)
[0m[33m[init]: disparity is 1.411,0.384 (15.00 thresh)
[0m[33m[init]: failed static init: no accel jerk detected
[0m[34m[TIME]: 0.0008 seconds total (1314.1 hz, 0.13 ms behind)
[0m[33m[init]: disparity is 1.411,0.384 (15.00 thresh)
[0m[33m[init]: failed static init: no accel jerk detected
[0m[34m[TIME]: 0.0009 seconds total (1069.5 hz, 0.14 ms behind)
[0m[33m[init]: disparity is 1.211,0.363 (15.00 thresh)
[0m[33m[init]: failed static init: no accel jerk detected
[0m[34m[TIME]: 0.0007 seconds total (1351.4 hz, 0.14 ms behind)
[0m[33m[init]: disparity is 1.211,0.363 (15.00 thresh)
[0m[33m[init]: failed static init: no accel jerk detected
[0m[34m[TIME]: 0.0007 seconds total (1485.9 hz, 0.14 ms behind)
[0m[33m[init]: disparity is 1.211,0.363 (15.00 thresh)
[0m[33m[init]: failed static init: no accel jerk detected
[0m[34m[TIME]: 0.0035 seconds total (286.5 hz, 0.14 ms behind)
[0m[33m[init]: disparity is 1.211,0.363 (15.00 thresh)
[0m[33m[init]: failed static init: no accel jerk detected
[0m[34m[TIME]: 0.0006 seconds total (1754.4 hz, 0.14 ms behind)
[0m[33m[init]: disparity is 1.211,0.363 (15.00 thresh)
[0m[33m[init]: failed static init: no accel jerk detected
[0m[34m[TIME]: 0.0010 seconds total (960.6 hz, 0.15 ms behind)
[0m[33m[init]: disparity is 1.214,0.322 (15.00 thresh)
[0m[33m[init]: failed static init: no accel jerk detected
[0m[34m[TIME]: 0.0007 seconds total (1536.1 hz, 0.15 ms behind)
[0m[33m[init]: disparity is 1.214,0.322 (15.00 thresh)
[0m[33m[init]: failed static init: no accel jerk detected
[0m[34m[TIME]: 0.0006 seconds total (1636.7 hz, 0.15 ms behind)
[0m[33m[init]: disparity is 1.214,0.322 (15.00 thresh)
[0m[33m[init]: failed static init: no accel jerk detected
[0m[34m[TIME]: 0.0033 seconds total (302.0 hz, 0.15 ms behind)
[0m[33m[init]: disparity is 1.214,0.322 (15.00 thresh)
[0m[33m[init]: failed static init: no accel jerk detected
[0m[34m[TIME]: 0.0005 seconds total (1865.7 hz, 0.15 ms behind)
[0m[33m[init]: disparity is 1.214,0.322 (15.00 thresh)
[0m[33m[init]: failed static init: no accel jerk detected
[0m[34m[TIME]: 0.0009 seconds total (1145.5 hz, 0.16 ms behind)
[0m[33m[init]: disparity is 1.213,0.314 (15.00 thresh)
[0m[33m[init]: failed static init: no accel jerk detected
[0m[34m[TIME]: 0.0006 seconds total (1618.1 hz, 0.16 ms behind)
[0m[33m[init]: disparity is 1.213,0.314 (15.00 thresh)
[0m[33m[init]: failed static init: no accel jerk detected
[0m[34m[TIME]: 0.0006 seconds total (1686.3 hz, 0.16 ms behind)
[0m[33m[init]: disparity is 1.213,0.314 (15.00 thresh)
[0m[33m[init]: failed static init: no accel jerk detected
[0m[34m[TIME]: 0.0038 seconds total (262.3 hz, 0.16 ms behind)
[0m[33m[init]: disparity is 1.213,0.314 (15.00 thresh)
[0m[33m[init]: failed static init: no accel jerk detected
[0m[34m[TIME]: 0.0007 seconds total (1344.1 hz, 0.16 ms behind)
[0m[33m[init]: disparity is 1.213,0.314 (15.00 thresh)
[0m[33m[init]: failed static init: no accel jerk detected
[0m[34m[TIME]: 0.0008 seconds total (1222.5 hz, 0.17 ms behind)
[0m[33m[init]: disparity is 1.202,0.296 (15.00 thresh)
[0m[33m[init]: failed static init: no accel jerk detected
[0m[34m[TIME]: 0.0006 seconds total (1589.8 hz, 0.17 ms behind)
[0m[33m[init]: disparity is 1.202,0.296 (15.00 thresh)
[0m[33m[init]: failed static init: no accel jerk detected
[0m[34m[TIME]: 0.0006 seconds total (1712.3 hz, 0.17 ms behind)
[0m[33m[init]: disparity is 1.202,0.296 (15.00 thresh)
[0m[33m[init]: failed static init: no accel jerk detected
[0m[34m[TIME]: 0.0038 seconds total (266.0 hz, 0.17 ms behind)
[0m[33m[init]: disparity is 1.202,0.296 (15.00 thresh)
[0m[33m[init]: failed static init: no accel jerk detected
[0m[34m[TIME]: 0.0007 seconds total (1445.1 hz, 0.17 ms behind)
[0m[33m[init]: disparity is 1.202,0.296 (15.00 thresh)
[0m[33m[init]: failed static init: no accel jerk detected
[0m[34m[TIME]: 0.0011 seconds total (924.2 hz, 0.18 ms behind)
[0m[33m[init]: disparity is 1.199,0.256 (15.00 thresh)
[0m[33m[init]: failed static init: no accel jerk detected
[0m[34m[TIME]: 0.0006 seconds total (1814.9 hz, 0.18 ms behind)
[0m[33m[init]: disparity is 1.199,0.256 (15.00 thresh)
[0m[33m[init]: failed static init: no accel jerk detected
[0m[34m[TIME]: 0.0005 seconds total (1876.2 hz, 0.18 ms behind)
[0m[33m[init]: disparity is 1.199,0.256 (15.00 thresh)
[0m[33m[init]: failed static init: no accel jerk detected
[0m[34m[TIME]: 0.0025 seconds total (393.4 hz, 0.18 ms behind)
[0m[33m[init]: disparity is 1.199,0.256 (15.00 thresh)
[0m[33m[init]: failed static init: no accel jerk detected
[0m[34m[TIME]: 0.0006 seconds total (1552.8 hz, 0.18 ms behind)
[0m[33m[init]: disparity is 1.199,0.256 (15.00 thresh)
[0m[33m[init]: failed static init: no accel jerk detected
[0m[34m[TIME]: 0.0009 seconds total (1136.4 hz, 0.19 ms behind)
[0m[33m[init]: disparity is 1.152,0.246 (15.00 thresh)
[0m[33m[init]: failed static init: no accel jerk detected
[0m[34m[TIME]: 0.0006 seconds total (1605.1 hz, 0.19 ms behind)
[0m[33m[init]: disparity is 1.152,0.246 (15.00 thresh)
[0m[33m[init]: failed static init: no accel jerk detected
[0m[34m[TIME]: 0.0006 seconds total (1692.0 hz, 0.19 ms behind)
[0m[33m[init]: disparity is 1.152,0.246 (15.00 thresh)
[0m[33m[init]: failed static init: no accel jerk detected
[0m[34m[TIME]: 0.0005 seconds total (2127.7 hz, 0.19 ms behind)
[0m[33m[init]: disparity is 1.152,0.246 (15.00 thresh)
[0m[33m[init]: failed static init: no accel jerk detected
[0m[34m[TIME]: 0.0006 seconds total (1579.8 hz, 0.19 ms behind)
[0m[33m[init]: disparity is 1.152,0.246 (15.00 thresh)
[0m[33m[init]: failed static init: no accel jerk detected
[0m[34m[TIME]: 0.0009 seconds total (1117.3 hz, 0.20 ms behind)
[0m[33m[init]: disparity is 1.023,0.260 (15.00 thresh)
[0m[33m[init]: failed static init: no accel jerk detected
[0m[34m[TIME]: 0.0005 seconds total (1949.3 hz, 0.20 ms behind)
[0m[33m[init]: disparity is 1.023,0.260 (15.00 thresh)
[0m[33m[init]: failed static init: no accel jerk detected
[0m[34m[TIME]: 0.0005 seconds total (2164.5 hz, 0.20 ms behind)
[0m[33m[init]: disparity is 1.023,0.260 (15.00 thresh)
[0m[33m[init]: failed static init: no accel jerk detected
[0m[34m[TIME]: 0.0006 seconds total (1655.6 hz, 0.20 ms behind)
[0m[33m[init]: disparity is 1.023,0.260 (15.00 thresh)
[0m[33m[init]: failed static init: no accel jerk detected
[0m[34m[TIME]: 0.0005 seconds total (2024.3 hz, 0.20 ms behind)
[0m[33m[init]: disparity is 1.023,0.260 (15.00 thresh)
[0m[33m[init]: failed static init: no accel jerk detected
[0m[34m[TIME]: 0.0009 seconds total (1140.3 hz, 0.21 ms behind)
[0m[33m[init]: disparity is 0.908,0.284 (15.00 thresh)
[0m[33m[init]: failed static init: no accel jerk detected
[0m[34m[TIME]: 0.0007 seconds total (1424.5 hz, 0.21 ms behind)
[0m[33m[init]: disparity is 0.908,0.284 (15.00 thresh)
[0m[33m[init]: failed static init: no accel jerk detected
[0m[34m[TIME]: 0.0006 seconds total (1538.5 hz, 0.21 ms behind)
[0m[33m[init]: disparity is 0.908,0.284 (15.00 thresh)
[0m[33m[init]: failed static init: no accel jerk detected
[0m[34m[TIME]: 0.0006 seconds total (1650.2 hz, 0.21 ms behind)
[0m[33m[init]: disparity is 0.908,0.284 (15.00 thresh)
[0m[33m[init]: failed static init: no accel jerk detected
[0m[34m[TIME]: 0.0006 seconds total (1700.7 hz, 0.21 ms behind)
[0m[33m[init]: disparity is 0.908,0.284 (15.00 thresh)
[0m[33m[init]: failed static init: no accel jerk detected
[0m[34m[TIME]: 0.0008 seconds total (1216.5 hz, 0.22 ms behind)
[0m[33m[init]: disparity is 0.785,0.268 (15.00 thresh)
[0m[33m[init]: failed static init: no accel jerk detected
[0m[34m[TIME]: 0.0006 seconds total (1658.4 hz, 0.22 ms behind)
[0m[33m[init]: disparity is 0.785,0.268 (15.00 thresh)
[0m[33m[init]: failed static init: no accel jerk detected
[0m[34m[TIME]: 0.0006 seconds total (1739.1 hz, 0.22 ms behind)
[0m[33m[init]: disparity is 0.785,0.268 (15.00 thresh)
[0m[33m[init]: failed static init: no accel jerk detected
[0m[34m[TIME]: 0.0006 seconds total (1675.0 hz, 0.22 ms behind)
[0m[33m[init]: disparity is 0.785,0.268 (15.00 thresh)
[0m[33m[init]: failed static init: no accel jerk detected
[0m[34m[TIME]: 0.0006 seconds total (1607.7 hz, 0.22 ms behind)
[0m[33m[init]: disparity is 0.785,0.268 (15.00 thresh)
[0m[33m[init]: failed static init: no accel jerk detected
[0m[34m[TIME]: 0.0009 seconds total (1053.7 hz, 0.23 ms behind)
[0m[33m[init]: disparity is 0.663,0.252 (15.00 thresh)
[0m[33m[init]: failed static init: no accel jerk detected
[0m[34m[TIME]: 0.0006 seconds total (1548.0 hz, 0.23 ms behind)
[0m[33m[init]: disparity is 0.663,0.252 (15.00 thresh)
[0m[33m[init]: failed static init: no accel jerk detected
[0m[34m[TIME]: 0.0005 seconds total (1956.9 hz, 0.23 ms behind)
[0m[33m[init]: disparity is 0.663,0.252 (15.00 thresh)
[0m[33m[init]: failed static init: no accel jerk detected
[0m[34m[TIME]: 0.0005 seconds total (2155.2 hz, 0.23 ms behind)
[0m[33m[init]: disparity is 0.663,0.252 (15.00 thresh)
[0m[33m[init]: failed static init: no accel jerk detected
[0m[34m[TIME]: 0.0005 seconds total (2070.4 hz, 0.23 ms behind)
[0m[33m[init]: disparity is 0.663,0.252 (15.00 thresh)
[0m[33m[init]: failed static init: no accel jerk detected
[0m[34m[TIME]: 0.0009 seconds total (1112.3 hz, 0.24 ms behind)
[0m[33m[init]: disparity is 0.585,0.291 (15.00 thresh)
[0m[33m[init]: failed static init: no accel jerk detected
[0m[34m[TIME]: 0.0007 seconds total (1390.8 hz, 0.24 ms behind)
[0m[33m[init]: disparity is 0.585,0.291 (15.00 thresh)
[0m[33m[init]: failed static init: no accel jerk detected
[0m[34m[TIME]: 0.0006 seconds total (1557.6 hz, 0.24 ms behind)
[0m[33m[init]: disparity is 0.585,0.291 (15.00 thresh)
[0m[33m[init]: failed static init: no accel jerk detected
[0m[34m[TIME]: 0.0004 seconds total (2227.2 hz, 0.24 ms behind)
[0m[33m[init]: disparity is 0.585,0.291 (15.00 thresh)
[0m[33m[init]: failed static init: no accel jerk detected
[0m[34m[TIME]: 0.0005 seconds total (2016.1 hz, 0.24 ms behind)
[0m[33m[init]: disparity is 0.585,0.291 (15.00 thresh)
[0m[33m[init]: failed static init: no accel jerk detected
[0m[34m[TIME]: 0.0008 seconds total (1207.7 hz, 0.25 ms behind)
[0m[33m[init]: disparity is 0.494,0.320 (15.00 thresh)
[0m[33m[init]: failed static init: no accel jerk detected
[0m[34m[TIME]: 0.0007 seconds total (1432.7 hz, 0.25 ms behind)
[0m[33m[init]: disparity is 0.494,0.320 (15.00 thresh)
[0m[33m[init]: failed static init: no accel jerk detected
[0m[34m[TIME]: 0.0006 seconds total (1642.0 hz, 0.25 ms behind)
[0m[33m[init]: disparity is 0.494,0.320 (15.00 thresh)
[0m[33m[init]: failed static init: no accel jerk detected
[0m[34m[TIME]: 0.0006 seconds total (1677.9 hz, 0.25 ms behind)
[0m[33m[init]: disparity is 0.494,0.320 (15.00 thresh)
[0m[33m[init]: failed static init: no accel jerk detected
[0m[34m[TIME]: 0.0006 seconds total (1730.1 hz, 0.25 ms behind)
[0m[33m[init]: disparity is 0.494,0.320 (15.00 thresh)
[0m[33m[init]: failed static init: no accel jerk detected
[0m[34m[TIME]: 0.0009 seconds total (1069.5 hz, 0.27 ms behind)
[0m[33m[init]: disparity is 0.411,0.367 (15.00 thresh)
[0m[33m[init]: failed static init: no accel jerk detected
[0m[34m[TIME]: 0.0009 seconds total (1119.8 hz, 0.27 ms behind)
[0m[33m[init]: disparity is 0.411,0.367 (15.00 thresh)
[0m[33m[init]: failed static init: no accel jerk detected
[0m[34m[TIME]: 0.0007 seconds total (1371.7 hz, 0.27 ms behind)
[0m[33m[init]: disparity is 0.411,0.367 (15.00 thresh)
[0m[33m[init]: failed static init: no accel jerk detected
[0m[34m[TIME]: 0.0006 seconds total (1543.2 hz, 0.27 ms behind)
[0m[33m[init]: disparity is 0.411,0.367 (15.00 thresh)
[0m[33m[init]: failed static init: no accel jerk detected
[0m[34m[TIME]: 0.0007 seconds total (1464.1 hz, 0.27 ms behind)
[0m[33m[init]: disparity is 0.411,0.367 (15.00 thresh)
[0m[33m[init]: failed static init: no accel jerk detected
[0m[34m[TIME]: 0.0009 seconds total (1139.0 hz, 0.28 ms behind)
[0m[33m[init]: disparity is 0.420,0.373 (15.00 thresh)
[0m[33m[init]: failed static init: no accel jerk detected
[0m[34m[TIME]: 0.0008 seconds total (1204.8 hz, 0.28 ms behind)
[0m[33m[init]: disparity is 0.420,0.373 (15.00 thresh)
[0m[33m[init]: failed static init: no accel jerk detected
[0m[34m[TIME]: 0.0006 seconds total (1538.5 hz, 0.28 ms behind)
[0m[33m[init]: disparity is 0.420,0.373 (15.00 thresh)
[0m[33m[init]: failed static init: no accel jerk detected
[0m[34m[TIME]: 0.0006 seconds total (1636.7 hz, 0.28 ms behind)
[0m[33m[init]: disparity is 0.420,0.373 (15.00 thresh)
[0m[33m[init]: failed static init: no accel jerk detected
[0m[34m[TIME]: 0.0006 seconds total (1655.6 hz, 0.28 ms behind)
[0m[33m[init]: disparity is 0.420,0.373 (15.00 thresh)
[0m[33m[init]: failed static init: no accel jerk detected
[0m[34m[TIME]: 0.0010 seconds total (1017.3 hz, 0.04 ms behind)
[0m[33m[init]: disparity is 0.424,0.383 (15.00 thresh)
[0m[33m[init]: failed static init: no accel jerk detected
[0m[34m[TIME]: 0.0006 seconds total (1600.0 hz, 0.04 ms behind)
[0m[33m[init]: disparity is 0.424,0.383 (15.00 thresh)
[0m[33m[init]: failed static init: no accel jerk detected
[0m[34m[TIME]: 0.0006 seconds total (1680.7 hz, 0.04 ms behind)
[0m[33m[init]: disparity is 0.424,0.383 (15.00 thresh)
[0m[33m[init]: failed static init: no accel jerk detected
[0m[34m[TIME]: 0.0006 seconds total (1592.4 hz, 0.04 ms behind)
[0m[33m[init]: disparity is 0.424,0.383 (15.00 thresh)
[0m[33m[init]: failed static init: no accel jerk detected
[0m[34m[TIME]: 0.0006 seconds total (1706.5 hz, 0.04 ms behind)
[0m[33m[init]: disparity is 0.424,0.383 (15.00 thresh)
[0m[33m[init]: failed static init: no accel jerk detected
[0m[34m[TIME]: 0.0009 seconds total (1132.5 hz, 0.05 ms behind)
[0m[33m[init]: disparity is 0.435,0.379 (15.00 thresh)
[0m[33m[init]: failed static init: no accel jerk detected
[0m[34m[TIME]: 0.0006 seconds total (1562.5 hz, 0.05 ms behind)
[0m[33m[init]: disparity is 0.435,0.379 (15.00 thresh)
[0m[33m[init]: failed static init: no accel jerk detected
[0m[34m[TIME]: 0.0006 seconds total (1689.2 hz, 0.05 ms behind)
[0m[33m[init]: disparity is 0.435,0.379 (15.00 thresh)
[0m[33m[init]: failed static init: no accel jerk detected
[0m[34m[TIME]: 0.0006 seconds total (1557.6 hz, 0.05 ms behind)
[0m[33m[init]: disparity is 0.435,0.379 (15.00 thresh)
[0m[33m[init]: failed static init: no accel jerk detected
[0m[34m[TIME]: 0.0006 seconds total (1647.4 hz, 0.05 ms behind)
[0m[33m[init]: disparity is 0.435,0.379 (15.00 thresh)
[0m[33m[init]: failed static init: no accel jerk detected
[0m[34m[TIME]: 0.0009 seconds total (1076.4 hz, 0.06 ms behind)
[0m[33m[init]: disparity is 0.414,0.451 (15.00 thresh)
[0m[33m[init]: failed static init: no accel jerk detected
[0m[34m[TIME]: 0.0008 seconds total (1203.4 hz, 0.06 ms behind)
[0m[33m[init]: disparity is 0.414,0.451 (15.00 thresh)
[0m[33m[init]: failed static init: no accel jerk detected
[0m[34m[TIME]: 0.0007 seconds total (1385.0 hz, 0.06 ms behind)
[0m[33m[init]: disparity is 0.414,0.451 (15.00 thresh)
[0m[33m[init]: failed static init: no accel jerk detected
[0m[34m[TIME]: 0.0007 seconds total (1443.0 hz, 0.06 ms behind)
[0m[33m[init]: disparity is 0.414,0.451 (15.00 thresh)
[0m[33m[init]: failed static init: no accel jerk detected
[0m[34m[TIME]: 0.0007 seconds total (1394.7 hz, 0.06 ms behind)
[0m[33m[init]: disparity is 0.414,0.451 (15.00 thresh)
[0m[33m[init]: failed static init: no accel jerk detected
[0m[34m[TIME]: 0.0009 seconds total (1079.9 hz, 0.07 ms behind)
[0m[33m[init]: disparity is 0.408,0.455 (15.00 thresh)
[0m[33m[init]: failed static init: no accel jerk detected
[0m[34m[TIME]: 0.0007 seconds total (1468.4 hz, 0.07 ms behind)
[0m[33m[init]: disparity is 0.408,0.455 (15.00 thresh)
[0m[33m[init]: failed static init: no accel jerk detected
[0m[34m[TIME]: 0.0006 seconds total (1560.1 hz, 0.07 ms behind)
[0m[33m[init]: disparity is 0.408,0.455 (15.00 thresh)
[0m[33m[init]: failed static init: no accel jerk detected
[0m[34m[TIME]: 0.0007 seconds total (1464.1 hz, 0.07 ms behind)
[0m[33m[init]: disparity is 0.408,0.455 (15.00 thresh)
[0m[33m[init]: failed static init: no accel jerk detected
[0m[34m[TIME]: 0.0007 seconds total (1529.1 hz, 0.07 ms behind)
[0m[33m[init]: disparity is 0.408,0.455 (15.00 thresh)
[0m[33m[init]: failed static init: no accel jerk detected
[0m[34m[TIME]: 0.0009 seconds total (1061.6 hz, 0.08 ms behind)
[0m[33m[init]: disparity is 0.361,0.412 (15.00 thresh)
[0m[33m[init]: failed static init: no accel jerk detected
[0m[34m[TIME]: 0.0007 seconds total (1406.5 hz, 0.08 ms behind)
[0m[33m[init]: disparity is 0.361,0.412 (15.00 thresh)
[0m[33m[init]: failed static init: no accel jerk detected
[0m[34m[TIME]: 0.0006 seconds total (1666.7 hz, 0.08 ms behind)
[0m[33m[init]: disparity is 0.361,0.412 (15.00 thresh)
[0m[33m[init]: failed static init: no accel jerk detected
[0m[34m[TIME]: 0.0007 seconds total (1503.8 hz, 0.08 ms behind)
[0m[33m[init]: disparity is 0.361,0.412 (15.00 thresh)
[0m[33m[init]: failed static init: no accel jerk detected
[0m[34m[TIME]: 0.0006 seconds total (1675.0 hz, 0.08 ms behind)
[0m[33m[init]: disparity is 0.361,0.412 (15.00 thresh)
[0m[33m[init]: failed static init: no accel jerk detected
[0m[34m[TIME]: 0.0009 seconds total (1081.1 hz, 0.09 ms behind)
[0m[33m[init]: disparity is 0.337,0.465 (15.00 thresh)
[0m[33m[init]: failed static init: no accel jerk detected
[0m[34m[TIME]: 0.0006 seconds total (1766.8 hz, 0.09 ms behind)
[0m[33m[init]: disparity is 0.337,0.465 (15.00 thresh)
[0m[33m[init]: failed static init: no accel jerk detected
[0m[34m[TIME]: 0.0005 seconds total (2070.4 hz, 0.09 ms behind)
[0m[33m[init]: disparity is 0.337,0.465 (15.00 thresh)
[0m[33m[init]: failed static init: no accel jerk detected
[0m[34m[TIME]: 0.0005 seconds total (2057.6 hz, 0.09 ms behind)
[0m[33m[init]: disparity is 0.337,0.465 (15.00 thresh)
[0m[33m[init]: failed static init: no accel jerk detected
[0m[34m[TIME]: 0.0005 seconds total (2045.0 hz, 0.09 ms behind)
[0m[33m[init]: disparity is 0.337,0.465 (15.00 thresh)
[0m[33m[init]: failed static init: no accel jerk detected
[0m[34m[TIME]: 0.0010 seconds total (954.2 hz, 0.10 ms behind)
[0m[33m[init]: disparity is 0.296,0.468 (15.00 thresh)
[0m[33m[init]: failed static init: no accel jerk detected
[0m[34m[TIME]: 0.0008 seconds total (1315.8 hz, 0.10 ms behind)
[0m[33m[init]: disparity is 0.296,0.468 (15.00 thresh)
[0m[33m[init]: failed static init: no accel jerk detected
[0m[34m[TIME]: 0.0007 seconds total (1453.5 hz, 0.10 ms behind)
[0m[33m[init]: disparity is 0.296,0.468 (15.00 thresh)
[0m[33m[init]: failed static init: no accel jerk detected
[0m[34m[TIME]: 0.0006 seconds total (1644.7 hz, 0.10 ms behind)
[0m[33m[init]: disparity is 0.296,0.468 (15.00 thresh)
[0m[33m[init]: failed static init: no accel jerk detected
[0m[34m[TIME]: 0.0007 seconds total (1345.9 hz, 0.10 ms behind)
[0m[33m[init]: disparity is 0.296,0.468 (15.00 thresh)
[0m[33m[init]: failed static init: no accel jerk detected
[0m[34m[TIME]: 0.0008 seconds total (1245.3 hz, 0.11 ms behind)
[0m[33m[init]: disparity is 0.276,0.430 (15.00 thresh)
[0m[33m[init]: failed static init: no accel jerk detected
[0m[34m[TIME]: 0.0007 seconds total (1394.7 hz, 0.11 ms behind)
[0m[33m[init]: disparity is 0.276,0.430 (15.00 thresh)
[0m[33m[init]: failed static init: no accel jerk detected
[0m[34m[TIME]: 0.0006 seconds total (1602.6 hz, 0.11 ms behind)
[0m[33m[init]: disparity is 0.276,0.430 (15.00 thresh)
[0m[33m[init]: failed static init: no accel jerk detected
[0m[34m[TIME]: 0.0006 seconds total (1697.8 hz, 0.11 ms behind)
[0m[33m[init]: disparity is 0.276,0.430 (15.00 thresh)
[0m[33m[init]: failed static init: no accel jerk detected
[0m[34m[TIME]: 0.0006 seconds total (1628.7 hz, 0.11 ms behind)
[0m[33m[init]: disparity is 0.276,0.430 (15.00 thresh)
[0m[33m[init]: failed static init: no accel jerk detected
[0m[34m[TIME]: 0.0009 seconds total (1129.9 hz, 0.12 ms behind)
[0m[33m[init]: disparity is 0.280,0.449 (15.00 thresh)
[0m[33m[init]: failed static init: no accel jerk detected
[0m[34m[TIME]: 0.0006 seconds total (1562.5 hz, 0.12 ms behind)
[0m[33m[init]: disparity is 0.280,0.449 (15.00 thresh)
[0m[33m[init]: failed static init: no accel jerk detected
[0m[34m[TIME]: 0.0007 seconds total (1503.8 hz, 0.12 ms behind)
[0m[33m[init]: disparity is 0.280,0.449 (15.00 thresh)
[0m[33m[init]: failed static init: no accel jerk detected
[0m[34m[TIME]: 0.0006 seconds total (1577.3 hz, 0.12 ms behind)
[0m[33m[init]: disparity is 0.280,0.449 (15.00 thresh)
[0m[33m[init]: failed static init: no accel jerk detected
[0m[34m[TIME]: 0.0006 seconds total (1564.9 hz, 0.12 ms behind)
[0m[33m[init]: disparity is 0.280,0.449 (15.00 thresh)
[0m[33m[init]: failed static init: no accel jerk detected
[0m[34m[TIME]: 0.0009 seconds total (1069.5 hz, 0.13 ms behind)
[0m[33m[init]: disparity is 0.275,0.701 (15.00 thresh)
[0m[33m[init]: failed static init: no accel jerk detected
[0m[34m[TIME]: 0.0007 seconds total (1515.2 hz, 0.13 ms behind)
[0m[33m[init]: disparity is 0.275,0.701 (15.00 thresh)
[0m[33m[init]: failed static init: no accel jerk detected
[0m[34m[TIME]: 0.0007 seconds total (1400.6 hz, 0.13 ms behind)
[0m[33m[init]: disparity is 0.275,0.701 (15.00 thresh)
[0m[33m[init]: failed static init: no accel jerk detected
[0m[34m[TIME]: 0.0006 seconds total (1574.8 hz, 0.13 ms behind)
[0m[33m[init]: disparity is 0.275,0.701 (15.00 thresh)
[0m[33m[init]: failed static init: no accel jerk detected
[0m[34m[TIME]: 0.0006 seconds total (1686.3 hz, 0.13 ms behind)
[0m[33m[init]: disparity is 0.275,0.701 (15.00 thresh)
[0m[33m[init]: failed static init: no accel jerk detected
[0m[34m[TIME]: 0.0009 seconds total (1081.1 hz, 0.14 ms behind)
[0m[33m[init]: disparity is 0.261,1.746 (15.00 thresh)
[0m[33m[init]: failed static init: no accel jerk detected
[0m[34m[TIME]: 0.0007 seconds total (1492.5 hz, 0.14 ms behind)
[0m[33m[init]: disparity is 0.261,1.746 (15.00 thresh)
[0m[33m[init]: failed static init: no accel jerk detected
[0m[34m[TIME]: 0.0006 seconds total (1587.3 hz, 0.14 ms behind)
[0m[33m[init]: disparity is 0.261,1.746 (15.00 thresh)
[0m[33m[init]: failed static init: no accel jerk detected
[0m[34m[TIME]: 0.0006 seconds total (1550.4 hz, 0.14 ms behind)
[0m[33m[init]: disparity is 0.261,1.746 (15.00 thresh)
[0m[33m[init]: failed static init: no accel jerk detected
[0m[34m[TIME]: 0.0006 seconds total (1694.9 hz, 0.14 ms behind)
[0m[33m[init]: disparity is 0.261,1.746 (15.00 thresh)
[0m[33m[init]: failed static init: no accel jerk detected
[0m[34m[TIME]: 0.0009 seconds total (1108.6 hz, 0.15 ms behind)
[0m[33m[init]: disparity is 0.302,2.651 (15.00 thresh)
[0m[33m[init]: failed static init: no accel jerk detected
[0m[34m[TIME]: 0.0006 seconds total (1564.9 hz, 0.15 ms behind)
[0m[33m[init]: disparity is 0.302,2.651 (15.00 thresh)
[0m[33m[init]: failed static init: no accel jerk detected
[0m[34m[TIME]: 0.0007 seconds total (1524.4 hz, 0.15 ms behind)
[0m[33m[init]: disparity is 0.302,2.651 (15.00 thresh)
[0m[33m[init]: failed static init: no accel jerk detected
[0m[34m[TIME]: 0.0006 seconds total (1751.3 hz, 0.15 ms behind)
[0m[33m[init]: disparity is 0.302,2.651 (15.00 thresh)
[0m[33m[init]: failed static init: no accel jerk detected
[0m[34m[TIME]: 0.0006 seconds total (1661.1 hz, 0.15 ms behind)
[0m[33m[init]: disparity is 0.302,2.651 (15.00 thresh)
[0m[33m[init]: failed static init: no accel jerk detected
[0m[34m[TIME]: 0.0009 seconds total (1102.5 hz, 0.16 ms behind)
[0m[33m[init]: disparity is 0.341,3.731 (15.00 thresh)
[0m[33m[init]: failed static init: no accel jerk detected
[0m[34m[TIME]: 0.0007 seconds total (1474.9 hz, 0.16 ms behind)
[0m[33m[init]: disparity is 0.341,3.731 (15.00 thresh)
[0m[33m[init]: failed static init: no accel jerk detected
[0m[34m[TIME]: 0.0038 seconds total (260.9 hz, 0.16 ms behind)
[0m[33m[init]: disparity is 0.341,3.731 (15.00 thresh)
[0m[33m[init]: failed static init: no accel jerk detected
[0m[34m[TIME]: 0.0008 seconds total (1278.8 hz, 0.16 ms behind)
[0m[33m[init]: disparity is 0.341,3.731 (15.00 thresh)
[0m[33m[init]: failed static init: no accel jerk detected
[0m[34m[TIME]: 0.0006 seconds total (1594.9 hz, 0.16 ms behind)
[0m[33m[init]: disparity is 0.341,3.731 (15.00 thresh)
[0m[33m[init]: failed static init: no accel jerk detected
[0m[34m[TIME]: 0.0010 seconds total (1032.0 hz, 0.17 ms behind)
[0m[33m[init]: disparity is 0.383,5.017 (15.00 thresh)
[0m[33m[init]: failed static init: no accel jerk detected
[0m[34m[TIME]: 0.0006 seconds total (1639.3 hz, 0.17 ms behind)
[0m[33m[init]: disparity is 0.383,5.017 (15.00 thresh)
[0m[33m[init]: failed static init: no accel jerk detected
[0m[34m[TIME]: 0.0031 seconds total (326.7 hz, 0.17 ms behind)
[0m[33m[init]: disparity is 0.383,5.017 (15.00 thresh)
[0m[33m[init]: failed static init: no accel jerk detected
[0m[34m[TIME]: 0.0007 seconds total (1536.1 hz, 0.17 ms behind)
[0m[33m[init]: disparity is 0.383,5.017 (15.00 thresh)
[0m[33m[init]: failed static init: no accel jerk detected
[0m[34m[TIME]: 0.0005 seconds total (1838.2 hz, 0.17 ms behind)
[0m[33m[init]: disparity is 0.383,5.017 (15.00 thresh)
[0m[33m[init]: failed static init: no accel jerk detected
[0m[34m[TIME]: 0.0007 seconds total (1445.1 hz, 0.18 ms behind)
[0m[33m[init]: disparity is 0.397,6.225 (15.00 thresh)
[0m[33m[init]: failed static init: no accel jerk detected
[0m[34m[TIME]: 0.0006 seconds total (1652.9 hz, 0.18 ms behind)
[0m[33m[init]: disparity is 0.397,6.225 (15.00 thresh)
[0m[33m[init]: failed static init: no accel jerk detected
[0m[34m[TIME]: 0.0025 seconds total (397.9 hz, 0.18 ms behind)
[0m[33m[init]: disparity is 0.397,6.225 (15.00 thresh)
[0m[33m[init]: failed static init: no accel jerk detected
[0m[34m[TIME]: 0.0006 seconds total (1792.1 hz, 0.18 ms behind)
[0m[33m[init]: disparity is 0.397,6.225 (15.00 thresh)
[0m[33m[init]: failed static init: no accel jerk detected
[0m[34m[TIME]: 0.0025 seconds total (399.7 hz, 0.18 ms behind)
[0m[33m[init]: disparity is 0.397,6.225 (15.00 thresh)
[0m[33m[init]: failed static init: no accel jerk detected
[0m[34m[TIME]: 0.0009 seconds total (1067.2 hz, 0.19 ms behind)
[0m[33m[init]: disparity is 0.404,8.181 (15.00 thresh)
[0m[33m[init]: failed static init: no accel jerk detected
[0m[34m[TIME]: 0.0032 seconds total (317.0 hz, 0.19 ms behind)
[0m[33m[init]: disparity is 0.404,8.181 (15.00 thresh)
[0m[33m[init]: failed static init: no accel jerk detected
[0m[34m[TIME]: 0.0004 seconds total (2445.0 hz, 0.19 ms behind)
[0m[33m[init]: disparity is 0.404,8.181 (15.00 thresh)
[0m[33m[init]: failed static init: no accel jerk detected
[0m[34m[TIME]: 0.0005 seconds total (1834.9 hz, 0.19 ms behind)
[0m[33m[init]: disparity is 0.404,8.181 (15.00 thresh)
[0m[33m[init]: failed static init: no accel jerk detected
[0m[34m[TIME]: 0.0025 seconds total (402.6 hz, 0.19 ms behind)
[0m[33m[init]: disparity is 0.404,8.181 (15.00 thresh)
[0m[33m[init]: failed static init: no accel jerk detected
[0m[34m[TIME]: 0.0009 seconds total (1091.7 hz, 0.20 ms behind)
[0m[33m[init]: disparity is 0.402,8.705 (15.00 thresh)
[0m[33m[init]: failed static init: no accel jerk detected
[0m[34m[TIME]: 0.0033 seconds total (298.8 hz, 0.20 ms behind)
[0m[33m[init]: disparity is 0.402,8.705 (15.00 thresh)
[0m[33m[init]: failed static init: no accel jerk detected
[0m[34m[TIME]: 0.0006 seconds total (1658.4 hz, 0.20 ms behind)
[0m[33m[init]: disparity is 0.402,8.705 (15.00 thresh)
[0m[33m[init]: failed static init: no accel jerk detected
[0m[34m[TIME]: 0.0005 seconds total (1972.4 hz, 0.20 ms behind)
[0m[33m[init]: disparity is 0.402,8.705 (15.00 thresh)
[0m[33m[init]: failed static init: no accel jerk detected
[0m[34m[TIME]: 0.0004 seconds total (2659.6 hz, 0.20 ms behind)
[0m[33m[init]: disparity is 0.402,8.705 (15.00 thresh)
[0m[33m[init]: failed static init: no accel jerk detected
[0m[34m[TIME]: 0.0007 seconds total (1402.5 hz, 0.21 ms behind)
[0m[33m[init]: disparity is 0.476,8.921 (15.00 thresh)
[0m[33m[init]: failed static init: no accel jerk detected
[0m[34m[TIME]: 0.0005 seconds total (2070.4 hz, 0.21 ms behind)
[0m[33m[init]: disparity is 0.476,8.921 (15.00 thresh)
[0m[33m[init]: failed static init: no accel jerk detected
[0m[34m[TIME]: 0.0006 seconds total (1736.1 hz, 0.21 ms behind)
[0m[33m[init]: disparity is 0.476,8.921 (15.00 thresh)
[0m[33m[init]: failed static init: no accel jerk detected
[0m[34m[TIME]: 0.0005 seconds total (1972.4 hz, 0.21 ms behind)
[0m[33m[init]: disparity is 0.476,8.921 (15.00 thresh)
[0m[33m[init]: failed static init: no accel jerk detected
[0m[34m[TIME]: 0.0005 seconds total (1858.7 hz, 0.21 ms behind)
[0m[33m[init]: disparity is 0.476,8.921 (15.00 thresh)
[0m[33m[init]: failed static init: no accel jerk detected
[0m[34m[TIME]: 0.0041 seconds total (243.7 hz, 0.22 ms behind)
[0m[33m[init]: disparity is 0.472,10.462 (15.00 thresh)
[0m[33m[init]: failed static init: no accel jerk detected
[0m[34m[TIME]: 0.0009 seconds total (1129.9 hz, 0.22 ms behind)
[0m[33m[init]: disparity is 0.472,10.462 (15.00 thresh)
[0m[33m[init]: failed static init: no accel jerk detected
[0m[34m[TIME]: 0.0039 seconds total (254.3 hz, 0.22 ms behind)
[0m[33m[init]: disparity is 0.472,10.462 (15.00 thresh)
[0m[33m[init]: failed static init: no accel jerk detected
[0m[34m[TIME]: 0.0007 seconds total (1360.5 hz, 0.22 ms behind)
[0m[33m[init]: disparity is 0.472,10.462 (15.00 thresh)
[0m[33m[init]: failed static init: no accel jerk detected
[0m[34m[TIME]: 0.0032 seconds total (312.9 hz, 0.22 ms behind)
[0m[33m[init]: disparity is 0.472,10.462 (15.00 thresh)
[0m[33m[init]: failed static init: no accel jerk detected
[0m[34m[TIME]: 0.0008 seconds total (1331.6 hz, 0.23 ms behind)
[0m[33m[init]: disparity is 0.472,10.462 (15.00 thresh)
[0m[33m[init]: failed static init: no accel jerk detected
[0m[34m[TIME]: 0.0014 seconds total (699.3 hz, 0.23 ms behind)
[0m[33m[init]: disparity is 0.440,11.034 (15.00 thresh)
[0m[33m[init]: failed static init: no accel jerk detected
[0m[34m[TIME]: 0.0006 seconds total (1666.7 hz, 0.23 ms behind)
[0m[33m[init]: disparity is 0.440,11.034 (15.00 thresh)
[0m[33m[init]: failed static init: no accel jerk detected
[0m[34m[TIME]: 0.0039 seconds total (255.7 hz, 0.23 ms behind)
[0m[33m[init]: disparity is 0.440,11.034 (15.00 thresh)
[0m[33m[init]: failed static init: no accel jerk detected
[0m[34m[TIME]: 0.0006 seconds total (1697.8 hz, 0.23 ms behind)
[0m[33m[init]: disparity is 0.440,11.034 (15.00 thresh)
[0m[33m[init]: failed static init: no accel jerk detected
[0m[34m[TIME]: 0.0009 seconds total (1107.4 hz, 0.24 ms behind)
[0m[33m[init]: disparity is 0.440,11.034 (15.00 thresh)
[0m[33m[init]: failed static init: no accel jerk detected
[0m[34m[TIME]: 0.0032 seconds total (317.2 hz, 0.24 ms behind)
[0m[33m[init]: disparity is 0.433,11.391 (15.00 thresh)
[0m[33m[init]: failed static init: no accel jerk detected
[0m[34m[TIME]: 0.0006 seconds total (1694.9 hz, 0.24 ms behind)
[0m[33m[init]: disparity is 0.433,11.391 (15.00 thresh)
[0m[33m[init]: failed static init: no accel jerk detected
[0m[34m[TIME]: 0.0004 seconds total (2272.7 hz, 0.24 ms behind)
[0m[33m[init]: disparity is 0.433,11.391 (15.00 thresh)
[0m[33m[init]: failed static init: no accel jerk detected
[0m[34m[TIME]: 0.0005 seconds total (1984.1 hz, 0.24 ms behind)
[0m[33m[init]: disparity is 0.433,11.391 (15.00 thresh)
[0m[33m[init]: failed static init: no accel jerk detected
[0m[34m[TIME]: 0.0042 seconds total (239.4 hz, 0.25 ms behind)
[0m[33m[init]: disparity is 0.429,11.365 (15.00 thresh)
[0m[33m[init]: failed static init: no accel jerk detected
[0m[34m[TIME]: 0.0005 seconds total (1953.1 hz, 0.25 ms behind)
[0m[33m[init]: disparity is 0.429,11.365 (15.00 thresh)
[0m[33m[init]: failed static init: no accel jerk detected
[0m[34m[TIME]: 0.0039 seconds total (254.5 hz, 0.25 ms behind)
[0m[33m[init]: disparity is 0.429,11.365 (15.00 thresh)
[0m[33m[init]: failed static init: no accel jerk detected
[0m[34m[TIME]: 0.0009 seconds total (1150.7 hz, 0.25 ms behind)
[0m[33m[init]: disparity is 0.429,11.365 (15.00 thresh)
[0m[33m[init]: failed static init: no accel jerk detected
[0m[34m[TIME]: 0.0011 seconds total (905.0 hz, 0.25 ms behind)
[0m[33m[init]: disparity is 0.429,11.365 (15.00 thresh)
[0m[33m[init]: failed static init: no accel jerk detected
[0m[34m[TIME]: 0.0007 seconds total (1398.6 hz, 0.27 ms behind)
[0m[33m[init]: disparity is 0.429,11.365 (15.00 thresh)
[0m[33m[init]: failed static init: no accel jerk detected
[0m[34m[TIME]: 0.0009 seconds total (1136.4 hz, 0.27 ms behind)
[0m[33m[init]: disparity is 0.429,11.365 (15.00 thresh)
[0m[33m[init]: failed static init: no accel jerk detected
[0m[34m[TIME]: 0.0007 seconds total (1377.4 hz, 0.27 ms behind)
[0m[33m[init]: disparity is 0.429,11.365 (15.00 thresh)
[0m[33m[init]: failed static init: no accel jerk detected
[0m[34m[TIME]: 0.0010 seconds total (991.1 hz, 0.27 ms behind)
[0m[33m[init]: disparity is 0.469,11.309 (15.00 thresh)
[0m[33m[init]: failed static init: no accel jerk detected
[0m[34m[TIME]: 0.0026 seconds total (382.7 hz, 0.27 ms behind)
[0m[33m[init]: disparity is 0.469,11.309 (15.00 thresh)
[0m[33m[init]: failed static init: no accel jerk detected
[0m[34m[TIME]: 0.0009 seconds total (1087.0 hz, 0.28 ms behind)
[0m[33m[init]: disparity is 0.469,11.309 (15.00 thresh)
[0m[33m[init]: failed static init: no accel jerk detected
[0m[34m[TIME]: 0.0019 seconds total (512.8 hz, 0.28 ms behind)
[0m[33m[init]: disparity is 0.465,12.113 (15.00 thresh)
[0m[33m[init]: failed static init: no accel jerk detected
[0m[34m[TIME]: 0.0008 seconds total (1240.7 hz, 0.28 ms behind)
[0m[33m[init]: disparity is 0.465,12.113 (15.00 thresh)
[0m[33m[init]: failed static init: no accel jerk detected
[0m[34m[TIME]: 0.0038 seconds total (266.2 hz, 0.28 ms behind)
[0m[33m[init]: disparity is 0.465,12.113 (15.00 thresh)
[0m[33m[init]: failed static init: no accel jerk detected
[0m[34m[TIME]: 0.0006 seconds total (1706.5 hz, 0.28 ms behind)
[0m[33m[init]: disparity is 0.465,12.113 (15.00 thresh)
[0m[33m[init]: failed static init: no accel jerk detected
[0m[34m[TIME]: 0.0043 seconds total (232.9 hz, 0.29 ms behind)
[0m[33m[init]: disparity is 0.721,11.841 (15.00 thresh)
[0m[33m[init]: failed static init: no accel jerk detected
[0m[34m[TIME]: 0.0039 seconds total (255.8 hz, 0.29 ms behind)
[0m[33m[init]: disparity is 0.721,11.841 (15.00 thresh)
[0m[33m[init]: failed static init: no accel jerk detected
[0m[34m[TIME]: 0.0009 seconds total (1094.1 hz, 0.29 ms behind)
[0m[33m[init]: disparity is 0.721,11.841 (15.00 thresh)
[0m[33m[init]: failed static init: no accel jerk detected
[0m[34m[TIME]: 0.0005 seconds total (1984.1 hz, 0.29 ms behind)
[0m[33m[init]: disparity is 0.721,11.841 (15.00 thresh)
[0m[33m[init]: failed static init: no accel jerk detected
[0m[34m[TIME]: 0.0008 seconds total (1298.7 hz, 0.29 ms behind)
[0m[33m[init]: disparity is 0.721,11.841 (15.00 thresh)
[0m[33m[init]: failed static init: no accel jerk detected
[0m[34m[TIME]: 0.0008 seconds total (1277.1 hz, 0.30 ms behind)
[0m[33m[init]: disparity is 0.721,11.841 (15.00 thresh)
[0m[33m[init]: failed static init: no accel jerk detected
[0m[34m[TIME]: 0.0006 seconds total (1706.5 hz, 0.30 ms behind)
[0m[33m[init]: disparity is 0.721,11.841 (15.00 thresh)
[0m[33m[init]: failed static init: no accel jerk detected
[0m[34m[TIME]: 0.0039 seconds total (256.3 hz, 0.30 ms behind)
[0m[33m[init]: disparity is 1.787,12.490 (15.00 thresh)
[0m[33m[init]: failed static init: no accel jerk detected
[0m[34m[TIME]: 0.0009 seconds total (1061.6 hz, 0.30 ms behind)
[0m[33m[init]: disparity is 1.787,12.490 (15.00 thresh)
[0m[33m[init]: failed static init: no accel jerk detected
[0m[34m[TIME]: 0.0009 seconds total (1058.2 hz, 0.30 ms behind)
[0m[33m[init]: disparity is 1.787,12.490 (15.00 thresh)
[0m[33m[init]: failed static init: no accel jerk detected
[0m[34m[TIME]: 0.0010 seconds total (964.3 hz, 0.06 ms behind)
[0m[33m[init]: disparity is 1.787,12.490 (15.00 thresh)
[0m[33m[init]: failed static init: no accel jerk detected
[0m[34m[TIME]: 0.0008 seconds total (1302.1 hz, 0.06 ms behind)
[0m[33m[init]: disparity is 1.787,12.490 (15.00 thresh)
[0m[33m[init]: failed static init: no accel jerk detected
[0m[34m[TIME]: 0.0005 seconds total (1883.2 hz, 0.06 ms behind)
[0m[33m[init]: disparity is 1.787,12.490 (15.00 thresh)
[0m[33m[init]: failed static init: no accel jerk detected
[0m[34m[TIME]: 0.0011 seconds total (947.9 hz, 0.06 ms behind)
[0m[33m[init]: disparity is 2.665,12.259 (15.00 thresh)
[0m[33m[init]: failed static init: no accel jerk detected
[0m[34m[TIME]: 0.0038 seconds total (261.1 hz, 0.06 ms behind)
[0m[33m[init]: disparity is 2.665,12.259 (15.00 thresh)
[0m[33m[init]: failed static init: no accel jerk detected
[0m[34m[TIME]: 0.0014 seconds total (695.9 hz, 0.07 ms behind)
[0m[33m[init]: disparity is 3.700,12.095 (15.00 thresh)
[0m[33m[init]: failed static init: no accel jerk detected
[0m[34m[TIME]: 0.0039 seconds total (257.9 hz, 0.07 ms behind)
[0m[33m[init]: disparity is 3.700,12.095 (15.00 thresh)
[0m[33m[init]: failed static init: no accel jerk detected
[0m[34m[TIME]: 0.0008 seconds total (1303.8 hz, 0.07 ms behind)
[0m[33m[init]: disparity is 3.700,12.095 (15.00 thresh)
[0m[33m[init]: failed static init: no accel jerk detected
[0m[34m[TIME]: 0.0027 seconds total (372.3 hz, 0.07 ms behind)
[0m[33m[init]: disparity is 3.700,12.095 (15.00 thresh)
[0m[33m[init]: failed static init: no accel jerk detected
[0m[34m[TIME]: 0.0004 seconds total (2267.6 hz, 0.07 ms behind)
[0m[33m[init]: disparity is 3.700,12.095 (15.00 thresh)
[0m[33m[init]: failed static init: no accel jerk detected
[0m[34m[TIME]: 0.0040 seconds total (247.3 hz, 0.08 ms behind)
[0m[33m[init]: disparity is 4.994,12.061 (15.00 thresh)
[0m[33m[init]: failed static init: no accel jerk detected
[0m[34m[TIME]: 0.0006 seconds total (1557.6 hz, 0.08 ms behind)
[0m[33m[init]: disparity is 4.994,12.061 (15.00 thresh)
[0m[33m[init]: failed static init: no accel jerk detected
[0m[34m[TIME]: 0.0039 seconds total (256.9 hz, 0.08 ms behind)
[0m[33m[init]: disparity is 4.994,12.061 (15.00 thresh)
[0m[33m[init]: failed static init: no accel jerk detected
[0m[34m[TIME]: 0.0006 seconds total (1763.7 hz, 0.08 ms behind)
[0m[33m[init]: disparity is 4.994,12.061 (15.00 thresh)
[0m[33m[init]: failed static init: no accel jerk detected
[0m[34m[TIME]: 0.0008 seconds total (1326.3 hz, 0.08 ms behind)
[0m[33m[init]: disparity is 4.994,12.061 (15.00 thresh)
[0m[33m[init]: failed static init: no accel jerk detected
[0m[34m[TIME]: 0.0008 seconds total (1236.1 hz, 0.34 ms behind)
[0m[33m[init]: disparity is 4.994,12.061 (15.00 thresh)
[0m[33m[init]: failed static init: no accel jerk detected
[0m[34m[TIME]: 0.0007 seconds total (1536.1 hz, 0.34 ms behind)
[0m[34m[TIME]: 0.0004 seconds total (2439.0 hz, 0.34 ms behind)
[0m[33m[init]: disparity is 4.994,12.061 (15.00 thresh)
[0m[33m[init]: failed static init: no accel jerk detected
[0m[34m[TIME]: 0.0006 seconds total (1792.1 hz, 0.34 ms behind)
[0m[33m[init]: disparity is 4.994,12.061 (15.00 thresh)
[0m[33m[init]: failed static init: no accel jerk detected
[0m[34m[TIME]: 0.0008 seconds total (1228.5 hz, 0.34 ms behind)
[0m[33m[init]: disparity is 6.231,13.263 (15.00 thresh)
[0m[33m[init]: failed static init: no accel jerk detected
[0m[34m[TIME]: 0.0010 seconds total (1034.1 hz, 0.10 ms behind)
[0m[33m[init]: disparity is 6.231,13.263 (15.00 thresh)
[0m[33m[init]: failed static init: no accel jerk detected
[0m[34m[TIME]: 0.0025 seconds total (395.1 hz, 0.10 ms behind)
[0m[33m[init]: disparity is 8.180,12.765 (15.00 thresh)
[0m[33m[init]: failed static init: no accel jerk detected
[0m[34m[TIME]: 0.0006 seconds total (1612.9 hz, 0.10 ms behind)
[0m[33m[init]: disparity is 8.180,12.765 (15.00 thresh)
[0m[33m[init]: failed static init: no accel jerk detected
[0m[34m[TIME]: 0.0006 seconds total (1742.2 hz, 0.10 ms behind)
[0m[33m[init]: disparity is 8.180,12.765 (15.00 thresh)
[0m[33m[init]: failed static init: no accel jerk detected
[0m[34m[TIME]: 0.0026 seconds total (391.1 hz, 0.10 ms behind)
[0m[33m[init]: disparity is 8.180,12.765 (15.00 thresh)
[0m[33m[init]: failed static init: no accel jerk detected
[0m[34m[TIME]: 0.0031 seconds total (326.3 hz, 0.11 ms behind)
[0m[33m[init]: disparity is 8.680,12.753 (15.00 thresh)
[0m[33m[init]: failed static init: no accel jerk detected
[0m[34m[TIME]: 0.0004 seconds total (2331.0 hz, 0.11 ms behind)
[0m[33m[init]: disparity is 8.680,12.753 (15.00 thresh)
[0m[33m[init]: failed static init: no accel jerk detected
[0m[34m[TIME]: 0.0025 seconds total (392.6 hz, 0.11 ms behind)
[0m[33m[init]: disparity is 8.680,12.753 (15.00 thresh)
[0m[33m[init]: failed static init: no accel jerk detected
[0m[34m[TIME]: 0.0026 seconds total (391.4 hz, 0.11 ms behind)
[0m[33m[init]: disparity is 8.680,12.753 (15.00 thresh)
[0m[33m[init]: failed static init: no accel jerk detected
[0m[34m[TIME]: 0.0005 seconds total (2173.9 hz, 0.11 ms behind)
[0m[33m[init]: disparity is 8.680,12.753 (15.00 thresh)
[0m[33m[init]: failed static init: no accel jerk detected
[0m[34m[TIME]: 0.0007 seconds total (1373.6 hz, 0.12 ms behind)
[0m[33m[init]: disparity is 8.680,12.753 (15.00 thresh)
[0m[33m[init]: failed static init: no accel jerk detected
[0m[34m[TIME]: 0.0008 seconds total (1321.0 hz, 0.12 ms behind)
[0m[33m[init]: disparity is 8.680,12.753 (15.00 thresh)
[0m[33m[init]: failed static init: no accel jerk detected
[0m[34m[TIME]: 0.0006 seconds total (1766.8 hz, 0.12 ms behind)
[0m[33m[init]: disparity is 8.680,12.753 (15.00 thresh)
[0m[33m[init]: failed static init: no accel jerk detected
[0m[34m[TIME]: 0.0005 seconds total (2053.4 hz, 0.12 ms behind)
[0m[33m[init]: disparity is 8.680,12.753 (15.00 thresh)
[0m[33m[init]: failed static init: no accel jerk detected
[0m[34m[TIME]: 0.0007 seconds total (1485.9 hz, 0.12 ms behind)
[0m[33m[init]: disparity is 8.680,12.753 (15.00 thresh)
[0m[33m[init]: failed static init: no accel jerk detected
[0m[34m[TIME]: 0.0009 seconds total (1148.1 hz, 0.13 ms behind)
[0m[33m[init]: disparity is 8.680,12.753 (15.00 thresh)
[0m[33m[init]: failed static init: no accel jerk detected
[0m[34m[TIME]: 0.0038 seconds total (264.2 hz, 0.13 ms behind)
[0m[33m[init]: disparity is 10.485,13.587 (15.00 thresh)
[0m[33m[init]: failed static init: no accel jerk detected
[0m[34m[TIME]: 0.0008 seconds total (1282.1 hz, 0.13 ms behind)
[0m[33m[init]: disparity is 10.485,13.587 (15.00 thresh)
[0m[33m[init]: failed static init: no accel jerk detected
[0m[34m[TIME]: 0.0007 seconds total (1338.7 hz, 0.13 ms behind)
[0m[33m[init]: disparity is 10.485,13.587 (15.00 thresh)
[0m[33m[init]: failed static init: no accel jerk detected
[0m[34m[TIME]: 0.0038 seconds total (260.1 hz, 0.13 ms behind)
[0m[33m[init]: disparity is 10.485,13.587 (15.00 thresh)
[0m[33m[init]: failed static init: no accel jerk detected
[0m[34m[TIME]: 0.0031 seconds total (323.9 hz, 0.14 ms behind)
[0m[33m[init]: disparity is 11.057,14.637 (15.00 thresh)
[0m[33m[init]: failed static init: no accel jerk detected
[0m[34m[TIME]: 0.0004 seconds total (2252.3 hz, 0.14 ms behind)
[0m[33m[init]: disparity is 11.057,14.637 (15.00 thresh)
[0m[33m[init]: failed static init: no accel jerk detected
[0m[34m[TIME]: 0.0007 seconds total (1506.0 hz, 0.14 ms behind)
[0m[33m[init]: disparity is 11.057,14.637 (15.00 thresh)
[0m[33m[init]: failed static init: no accel jerk detected
[0m[34m[TIME]: 0.0026 seconds total (382.7 hz, 0.14 ms behind)
[0m[33m[init]: disparity is 11.057,14.637 (15.00 thresh)
[0m[33m[init]: failed static init: no accel jerk detected
[0m[34m[TIME]: 0.0005 seconds total (2212.4 hz, 0.14 ms behind)
[0m[33m[init]: disparity is 11.057,14.637 (15.00 thresh)
[0m[33m[init]: failed static init: no accel jerk detected
[0m[34m[TIME]: 0.0007 seconds total (1412.4 hz, 0.15 ms behind)
[0m[33m[init]: disparity is 11.057,14.637 (15.00 thresh)
[0m[33m[init]: failed static init: no accel jerk detected
[0m[34m[TIME]: 0.0007 seconds total (1351.4 hz, 0.15 ms behind)
[0m[33m[init]: disparity is 11.057,14.637 (15.00 thresh)
[0m[33m[init]: failed static init: no accel jerk detected
[0m[34m[TIME]: 0.0038 seconds total (261.9 hz, 0.15 ms behind)
[0m[33m[init]: disparity is 11.403,15.007 (15.00 thresh)
[0m[33m[init-s]: to much IMU excitation, above threshold 0.989 > 0.450
[0m[34m[TIME]: 0.0005 seconds total (1851.9 hz, 0.15 ms behind)
[0m[33m[init]: disparity is 11.403,15.007 (15.00 thresh)
[0m[33m[init-s]: to much IMU excitation, above threshold 0.989 > 0.450
[0m[34m[TIME]: 0.0007 seconds total (1515.2 hz, 0.15 ms behind)
[0m[33m[init]: disparity is 11.403,15.007 (15.00 thresh)
[0m[33m[init-s]: to much IMU excitation, above threshold 0.989 > 0.450
[0m[34m[TIME]: 0.0009 seconds total (1139.0 hz, 0.16 ms behind)
[0m[33m[init]: disparity is 11.403,15.007 (15.00 thresh)
[0m[33m[init-s]: to much IMU excitation, above threshold 0.991 > 0.450
[0m[34m[TIME]: 0.0011 seconds total (924.2 hz, 0.16 ms behind)
[0m[33m[init]: disparity is 11.379,15.119 (15.00 thresh)
[0m[33m[init-s]: to much IMU excitation, above threshold 0.991 > 0.450
[0m[34m[TIME]: 0.0006 seconds total (1718.2 hz, 0.16 ms behind)
[0m[33m[init]: disparity is 11.379,15.119 (15.00 thresh)
[0m[33m[init-s]: to much IMU excitation, above threshold 0.991 > 0.450
[0m[34m[TIME]: 0.0008 seconds total (1288.7 hz, 0.16 ms behind)
[0m[33m[init]: disparity is 11.379,15.119 (15.00 thresh)
[0m[33m[init-s]: to much IMU excitation, above threshold 0.991 > 0.450
[0m[34m[TIME]: 0.0025 seconds total (398.9 hz, 0.16 ms behind)
[0m[33m[init]: disparity is 11.379,15.119 (15.00 thresh)
[0m[33m[init-s]: to much IMU excitation, above threshold 0.991 > 0.450
[0m[34m[TIME]: 0.0030 seconds total (333.4 hz, 0.17 ms behind)
[0m[33m[init]: disparity is 11.369,14.292 (15.00 thresh)
[0m[33m[init]: failed static init: no accel jerk detected
[0m[34m[TIME]: 0.0024 seconds total (408.3 hz, 0.17 ms behind)
[0m[33m[init]: disparity is 11.369,14.292 (15.00 thresh)
[0m[33m[init]: failed static init: no accel jerk detected
[0m[34m[TIME]: 0.0006 seconds total (1689.2 hz, 0.17 ms behind)
[0m[33m[init]: disparity is 11.369,14.292 (15.00 thresh)
[0m[33m[init]: failed static init: no accel jerk detected
[0m[34m[TIME]: 0.0026 seconds total (386.8 hz, 0.17 ms behind)
[0m[33m[init]: disparity is 11.369,14.292 (15.00 thresh)
[0m[33m[init]: failed static init: no accel jerk detected
[0m[34m[TIME]: 0.0005 seconds total (2100.8 hz, 0.17 ms behind)
[0m[33m[init]: disparity is 11.369,14.292 (15.00 thresh)
[0m[33m[init]: failed static init: no accel jerk detected
[0m[34m[TIME]: 0.0008 seconds total (1293.7 hz, 0.18 ms behind)
[0m[33m[init]: disparity is 11.369,14.292 (15.00 thresh)
[0m[33m[init]: failed static init: no accel jerk detected
[0m[34m[TIME]: 0.0005 seconds total (1845.0 hz, 0.18 ms behind)
[0m[33m[init]: disparity is 11.369,14.292 (15.00 thresh)
[0m[33m[init]: failed static init: no accel jerk detected
[0m[34m[TIME]: 0.0040 seconds total (251.5 hz, 0.18 ms behind)
[0m[33m[init]: disparity is 12.182,14.373 (15.00 thresh)
[0m[33m[init]: failed static init: no accel jerk detected
[0m[34m[TIME]: 0.0006 seconds total (1602.6 hz, 0.18 ms behind)
[0m[33m[init]: disparity is 12.182,14.373 (15.00 thresh)
[0m[33m[init]: failed static init: no accel jerk detected
[0m[34m[TIME]: 0.0008 seconds total (1317.5 hz, 0.18 ms behind)
[0m[33m[init]: disparity is 12.182,14.373 (15.00 thresh)
[0m[33m[init]: failed static init: no accel jerk detected
[0m[34m[TIME]: 0.0009 seconds total (1092.9 hz, 0.19 ms behind)
[0m[33m[init]: disparity is 12.182,14.373 (15.00 thresh)
[0m[33m[init]: failed static init: no accel jerk detected
[0m[34m[TIME]: 0.0007 seconds total (1455.6 hz, 0.19 ms behind)
[0m[33m[init]: disparity is 12.182,14.373 (15.00 thresh)
[0m[33m[init]: failed static init: no accel jerk detected
[0m[34m[TIME]: 0.0005 seconds total (2074.7 hz, 0.19 ms behind)
[0m[33m[init]: disparity is 12.182,14.373 (15.00 thresh)
[0m[33m[init]: failed static init: no accel jerk detected
[0m[34m[TIME]: 0.0006 seconds total (1721.2 hz, 0.19 ms behind)
[0m[33m[init]: disparity is 12.182,14.373 (15.00 thresh)
[0m[33m[init]: failed static init: no accel jerk detected
[0m[34m[TIME]: 0.0026 seconds total (388.3 hz, 0.19 ms behind)
[0m[33m[init]: disparity is 11.932,13.108 (15.00 thresh)
[0m[33m[init]: failed static init: no accel jerk detected
[0m[34m[TIME]: 0.0042 seconds total (240.3 hz, 0.20 ms behind)
[0m[33m[init]: disparity is 12.716,13.612 (15.00 thresh)
[0m[33m[init]: failed static init: no accel jerk detected
[0m[34m[TIME]: 0.0039 seconds total (257.1 hz, 0.20 ms behind)
[0m[33m[init]: disparity is 12.716,13.612 (15.00 thresh)
[0m[33m[init]: failed static init: no accel jerk detected
[0m[34m[TIME]: 0.0009 seconds total (1173.7 hz, 0.20 ms behind)
[0m[33m[init]: disparity is 12.716,13.612 (15.00 thresh)
[0m[33m[init]: failed static init: no accel jerk detected
[0m[34m[TIME]: 0.0009 seconds total (1078.7 hz, 0.20 ms behind)
[0m[33m[init]: disparity is 12.716,13.612 (15.00 thresh)
[0m[33m[init]: failed static init: no accel jerk detected
[0m[34m[TIME]: 0.0005 seconds total (1841.6 hz, 0.20 ms behind)
[0m[33m[init]: disparity is 12.716,13.612 (15.00 thresh)
[0m[33m[init]: failed static init: no accel jerk detected
[0m[34m[TIME]: 0.0008 seconds total (1177.9 hz, 0.21 ms behind)
[0m[34m[TIME]: 0.0005 seconds total (2207.5 hz, 0.21 ms behind)
[0m[33m[init]: disparity is 12.716,13.612 (15.00 thresh)
[0m[33m[init]: failed static init: no accel jerk detected
[0m[34m[TIME]: 0.0026 seconds total (387.6 hz, 0.21 ms behind)
[0m[33m[init]: disparity is 12.465,13.802 (15.00 thresh)
[0m[33m[init]: failed static init: no accel jerk detected
[0m[34m[TIME]: 0.0027 seconds total (376.5 hz, 0.21 ms behind)
[0m[33m[init]: disparity is 12.465,13.802 (15.00 thresh)
[0m[33m[init]: failed static init: no accel jerk detected
[0m[34m[TIME]: 0.0007 seconds total (1488.1 hz, 0.21 ms behind)
[0m[33m[init]: disparity is 12.465,13.802 (15.00 thresh)
[0m[33m[init]: failed static init: no accel jerk detected
[0m[34m[TIME]: 0.0009 seconds total (1097.7 hz, 0.22 ms behind)
[0m[33m[init]: disparity is 12.465,13.802 (15.00 thresh)
[0m[33m[init]: failed static init: no accel jerk detected
[0m[34m[TIME]: 0.0007 seconds total (1472.8 hz, 0.22 ms behind)
[0m[33m[init]: disparity is 12.465,13.802 (15.00 thresh)
[0m[33m[init]: failed static init: no accel jerk detected
[0m[34m[TIME]: 0.0006 seconds total (1801.8 hz, 0.22 ms behind)
[0m[33m[init]: disparity is 12.465,13.802 (15.00 thresh)
[0m[33m[init]: failed static init: no accel jerk detected
[0m[34m[TIME]: 0.0005 seconds total (1996.0 hz, 0.22 ms behind)
[0m[33m[init]: disparity is 12.465,13.802 (15.00 thresh)
[0m[33m[init]: failed static init: no accel jerk detected
[0m[34m[TIME]: 0.0038 seconds total (260.0 hz, 0.22 ms behind)
[0m[33m[init]: disparity is 12.337,12.994 (15.00 thresh)
[0m[33m[init]: failed static init: no accel jerk detected
[0m[34m[TIME]: 0.0010 seconds total (963.4 hz, 0.23 ms behind)
[0m[33m[init]: disparity is 12.244,12.666 (15.00 thresh)
[0m[33m[init]: failed static init: no accel jerk detected
[0m[34m[TIME]: 0.0025 seconds total (392.5 hz, 0.23 ms behind)
[0m[33m[init]: disparity is 12.244,12.666 (15.00 thresh)
[0m[33m[init]: failed static init: no accel jerk detected
[0m[34m[TIME]: 0.0006 seconds total (1584.8 hz, 0.23 ms behind)
[0m[33m[init]: disparity is 12.244,12.666 (15.00 thresh)
[0m[33m[init]: failed static init: no accel jerk detected
[0m[34m[TIME]: 0.0006 seconds total (1600.0 hz, 0.23 ms behind)
[0m[34m[TIME]: 0.0004 seconds total (2427.2 hz, 0.23 ms behind)
[0m[33m[init]: disparity is 12.244,12.666 (15.00 thresh)
[0m[33m[init]: failed static init: no accel jerk detected
[0m[34m[TIME]: 0.0030 seconds total (330.8 hz, 0.24 ms behind)
[0m[33m[init]: disparity is 12.200,12.666 (15.00 thresh)
[0m[33m[init]: failed static init: no accel jerk detected
[0m[34m[TIME]: 0.0005 seconds total (2123.1 hz, 0.24 ms behind)
[0m[33m[init]: disparity is 12.200,12.666 (15.00 thresh)
[0m[33m[init]: failed static init: no accel jerk detected
[0m[34m[TIME]: 0.0028 seconds total (354.0 hz, 0.24 ms behind)
[0m[33m[init]: disparity is 12.200,12.666 (15.00 thresh)
[0m[33m[init]: failed static init: no accel jerk detected
[0m[34m[TIME]: 0.0007 seconds total (1470.6 hz, 0.24 ms behind)
[0m[33m[init]: disparity is 12.200,12.666 (15.00 thresh)
[0m[33m[init]: failed static init: no accel jerk detected
[0m[34m[TIME]: 0.0006 seconds total (1589.8 hz, 0.24 ms behind)
[0m[33m[init]: disparity is 12.200,12.666 (15.00 thresh)
[0m[33m[init]: failed static init: no accel jerk detected
[0m[34m[TIME]: 0.0007 seconds total (1381.2 hz, 0.00 ms behind)
[0m[33m[init]: disparity is 12.200,12.666 (15.00 thresh)
[0m[33m[init]: failed static init: no accel jerk detected
[0m[34m[TIME]: 0.0009 seconds total (1133.8 hz, 0.00 ms behind)
[0m[33m[init]: disparity is 12.200,12.666 (15.00 thresh)
[0m[33m[init]: failed static init: no accel jerk detected
[0m[34m[TIME]: 0.0005 seconds total (2057.6 hz, 0.00 ms behind)
[0m[33m[init]: disparity is 12.200,12.666 (15.00 thresh)
[0m[33m[init]: failed static init: no accel jerk detected
[0m[34m[TIME]: 0.0027 seconds total (376.5 hz, 0.00 ms behind)
[0m[33m[init]: disparity is 12.201,11.306 (15.00 thresh)
[0m[33m[init]: failed static init: no accel jerk detected
[0m[34m[TIME]: 0.0007 seconds total (1336.9 hz, 0.00 ms behind)
[0m[33m[init]: disparity is 12.201,11.306 (15.00 thresh)
[0m[33m[init]: failed static init: no accel jerk detected
[0m[34m[TIME]: 0.0009 seconds total (1088.1 hz, 0.01 ms behind)
[0m[33m[init]: disparity is 12.201,11.306 (15.00 thresh)
[0m[33m[init]: failed static init: no accel jerk detected
[0m[34m[TIME]: 0.0008 seconds total (1203.4 hz, 0.01 ms behind)
[0m[33m[init]: disparity is 13.663,11.109 (15.00 thresh)
[0m[33m[init]: failed static init: no accel jerk detected
[0m[34m[TIME]: 0.0007 seconds total (1336.9 hz, 0.01 ms behind)
[0m[33m[init]: disparity is 13.663,11.109 (15.00 thresh)
[0m[33m[init]: failed static init: no accel jerk detected
[0m[34m[TIME]: 0.0005 seconds total (1938.0 hz, 0.01 ms behind)
[0m[33m[init]: disparity is 13.663,11.109 (15.00 thresh)
[0m[33m[init]: failed static init: no accel jerk detected
[0m[34m[TIME]: 0.0038 seconds total (264.1 hz, 0.01 ms behind)
[0m[33m[init]: disparity is 13.663,11.109 (15.00 thresh)
[0m[33m[init]: failed static init: no accel jerk detected
[0m[34m[TIME]: 0.0010 seconds total (1030.9 hz, 0.03 ms behind)
[0m[33m[init]: disparity is 13.089,12.209 (15.00 thresh)
[0m[33m[init]: failed static init: no accel jerk detected
[0m[34m[TIME]: 0.0007 seconds total (1483.7 hz, 0.03 ms behind)
[0m[33m[init]: disparity is 13.089,12.209 (15.00 thresh)
[0m[33m[init]: failed static init: no accel jerk detected
[0m[34m[TIME]: 0.0007 seconds total (1455.6 hz, 0.03 ms behind)
[0m[33m[init]: disparity is 13.089,12.209 (15.00 thresh)
[0m[33m[init]: failed static init: no accel jerk detected
[0m[34m[TIME]: 0.0008 seconds total (1283.7 hz, 0.03 ms behind)
[0m[33m[init]: disparity is 13.089,12.209 (15.00 thresh)
[0m[33m[init]: failed static init: no accel jerk detected
[0m[34m[TIME]: 0.0005 seconds total (2083.3 hz, 0.03 ms behind)
[0m[33m[init]: disparity is 13.089,12.209 (15.00 thresh)
[0m[33m[init]: failed static init: no accel jerk detected
[0m[34m[TIME]: 0.0042 seconds total (240.5 hz, 0.04 ms behind)
[0m[33m[init]: disparity is 12.630,12.698 (15.00 thresh)
[0m[33m[init]: failed static init: no accel jerk detected
[0m[34m[TIME]: 0.0008 seconds total (1182.0 hz, 0.04 ms behind)
[0m[33m[init]: disparity is 12.630,12.698 (15.00 thresh)
[0m[33m[init]: failed static init: no accel jerk detected
[0m[34m[TIME]: 0.0005 seconds total (1934.2 hz, 0.04 ms behind)
[0m[33m[init]: disparity is 12.630,12.698 (15.00 thresh)
[0m[33m[init]: failed static init: no accel jerk detected
[0m[34m[TIME]: 0.0006 seconds total (1683.5 hz, 0.04 ms behind)
[0m[33m[init]: disparity is 12.630,12.698 (15.00 thresh)
[0m[33m[init]: failed static init: no accel jerk detected
[0m[34m[TIME]: 0.0006 seconds total (1600.0 hz, 0.04 ms behind)
[0m[33m[init]: disparity is 12.630,12.698 (15.00 thresh)
[0m[33m[init]: failed static init: no accel jerk detected
[0m[34m[TIME]: 0.0008 seconds total (1270.6 hz, 0.30 ms behind)
[0m[33m[init]: disparity is 12.630,12.698 (15.00 thresh)
[0m[33m[init]: failed static init: no accel jerk detected
[0m[34m[TIME]: 0.0007 seconds total (1402.5 hz, 0.30 ms behind)
[0m[33m[init]: disparity is 12.178,14.829 (15.00 thresh)
[0m[33m[init]: failed static init: no accel jerk detected
[0m[34m[TIME]: 0.0007 seconds total (1522.1 hz, 0.30 ms behind)
[0m[33m[init]: disparity is 12.178,14.829 (15.00 thresh)
[0m[33m[init]: failed static init: no accel jerk detected
[0m[34m[TIME]: 0.0038 seconds total (264.1 hz, 0.30 ms behind)
[0m[33m[init]: disparity is 12.178,14.829 (15.00 thresh)
[0m[33m[init]: failed static init: no accel jerk detected
[0m[34m[TIME]: 0.0008 seconds total (1303.8 hz, 0.30 ms behind)
[0m[33m[init]: disparity is 12.178,14.829 (15.00 thresh)
[0m[33m[init]: failed static init: no accel jerk detected
[0m[34m[TIME]: 0.0010 seconds total (1038.4 hz, 0.06 ms behind)
[0m[33m[init]: disparity is 12.178,14.829 (15.00 thresh)
[0m[33m[init]: failed static init: no accel jerk detected
[0m[34m[TIME]: 0.0040 seconds total (253.0 hz, 0.06 ms behind)
[0m[33m[init]: disparity is 13.587,18.268 (15.00 thresh)
[0m[33m[init-s]: to much IMU excitation, above threshold 1.200 > 0.450
[0m[34m[TIME]: 0.0040 seconds total (252.6 hz, 0.06 ms behind)
[0m[33m[init]: disparity is 13.587,18.268 (15.00 thresh)
[0m[33m[init-s]: to much IMU excitation, above threshold 1.200 > 0.450
[0m[34m[TIME]: 0.0006 seconds total (1634.0 hz, 0.06 ms behind)
[0m[33m[init]: disparity is 13.587,18.268 (15.00 thresh)
[0m[33m[init-s]: to much IMU excitation, above threshold 1.200 > 0.450
[0m[34m[TIME]: 0.0039 seconds total (256.1 hz, 0.06 ms behind)
[0m[33m[init]: disparity is 13.587,18.268 (15.00 thresh)
[0m[33m[init-s]: to much IMU excitation, above threshold 1.200 > 0.450
[0m[34m[TIME]: 0.0010 seconds total (963.4 hz, 0.32 ms behind)
[0m[33m[init]: disparity is 14.772,18.756 (15.00 thresh)
[0m[33m[init-s]: to much IMU excitation, above threshold 1.216 > 0.450
[0m[34m[TIME]: 0.0039 seconds total (253.7 hz, 0.32 ms behind)
[0m[33m[init]: disparity is 14.772,18.756 (15.00 thresh)
[0m[33m[init-s]: to much IMU excitation, above threshold 1.216 > 0.450
[0m[34m[TIME]: 0.0006 seconds total (1647.4 hz, 0.32 ms behind)
[0m[33m[init]: disparity is 14.772,18.756 (15.00 thresh)
[0m[33m[init-s]: to much IMU excitation, above threshold 1.216 > 0.450
[0m[34m[TIME]: 0.0008 seconds total (1216.5 hz, 0.32 ms behind)
[0m[33m[init]: disparity is 14.772,18.756 (15.00 thresh)
[0m[33m[init-s]: to much IMU excitation, above threshold 1.216 > 0.450
[0m[34m[TIME]: 0.0037 seconds total (268.9 hz, 0.32 ms behind)
[0m[33m[init]: disparity is 14.772,18.756 (15.00 thresh)
[0m[33m[init-s]: to much IMU excitation, above threshold 1.216 > 0.450
[0m[34m[TIME]: 0.0038 seconds total (261.3 hz, 0.08 ms behind)
[0m[33m[init]: disparity is 15.119,19.832 (15.00 thresh)
[0m[33m[init]: failed static init: no accel jerk detected, platform moving too much
[0m[34m[TIME]: 0.0007 seconds total (1418.4 hz, 0.08 ms behind)
[0m[34m[TIME]: 0.0011 seconds total (922.5 hz, 0.08 ms behind)
[0m[33m[init]: disparity is 15.119,19.832 (15.00 thresh)
[0m[33m[init]: failed static init: no accel jerk detected, platform moving too much
[0m[34m[TIME]: 0.0012 seconds total (865.8 hz, 0.08 ms behind)
[0m[33m[init]: disparity is 15.119,19.832 (15.00 thresh)
[0m[33m[init]: failed static init: no accel jerk detected, platform moving too much
[0m[34m[TIME]: 0.0007 seconds total (1398.6 hz, 0.08 ms behind)
[0m[33m[init]: disparity is 15.119,19.832 (15.00 thresh)
[0m[33m[init]: failed static init: no accel jerk detected, platform moving too much
[0m[34m[TIME]: 0.0010 seconds total (974.7 hz, 0.09 ms behind)
[0m[33m[init]: disparity is 14.637,18.798 (15.00 thresh)
[0m[33m[init-s]: to much IMU excitation, above threshold 1.171 > 0.450
[0m[34m[TIME]: 0.0007 seconds total (1440.9 hz, 0.09 ms behind)
[0m[33m[init]: disparity is 14.637,18.798 (15.00 thresh)
[0m[33m[init-s]: to much IMU excitation, above threshold 1.171 > 0.450
[0m[34m[TIME]: 0.0041 seconds total (244.9 hz, 0.09 ms behind)
[0m[33m[init]: disparity is 14.637,18.798 (15.00 thresh)
[0m[33m[init-s]: to much IMU excitation, above threshold 1.171 > 0.450
[0m[34m[TIME]: 0.0037 seconds total (272.0 hz, 0.09 ms behind)
[0m[33m[init]: disparity is 14.637,18.798 (15.00 thresh)
[0m[33m[init-s]: to much IMU excitation, above threshold 1.171 > 0.450
[0m[34m[TIME]: 0.0007 seconds total (1338.7 hz, 0.09 ms behind)
[0m[33m[init]: disparity is 14.637,18.798 (15.00 thresh)
[0m[33m[init-s]: to much IMU excitation, above threshold 1.171 > 0.450
[0m[34m[TIME]: 0.0032 seconds total (309.4 hz, 0.10 ms behind)
[0m[33m[init]: disparity is 13.842,19.481 (15.00 thresh)
[0m[33m[init-s]: to much IMU excitation, above threshold 1.119 > 0.450
[0m[34m[TIME]: 0.0006 seconds total (1754.4 hz, 0.10 ms behind)
[0m[33m[init]: disparity is 13.842,19.481 (15.00 thresh)
[0m[33m[init-s]: to much IMU excitation, above threshold 1.119 > 0.450
[0m[34m[TIME]: 0.0025 seconds total (393.4 hz, 0.10 ms behind)
[0m[34m[TIME]: 0.0004 seconds total (2257.3 hz, 0.10 ms behind)
[0m[33m[init]: disparity is 13.842,19.481 (15.00 thresh)
[0m[33m[init-s]: to much IMU excitation, above threshold 1.119 > 0.450
[0m[34m[TIME]: 0.0026 seconds total (390.9 hz, 0.10 ms behind)
[0m[33m[init]: disparity is 13.842,19.481 (15.00 thresh)
[0m[33m[init-s]: to much IMU excitation, above threshold 1.119 > 0.450
[0m[34m[TIME]: 0.0042 seconds total (237.8 hz, 0.11 ms behind)
[0m[33m[init]: disparity is 14.373,19.057 (15.00 thresh)
[0m[33m[init-s]: to much IMU excitation, above threshold 1.088 > 0.450
[0m[34m[TIME]: 0.0009 seconds total (1123.6 hz, 0.11 ms behind)
[0m[33m[init]: disparity is 14.373,19.057 (15.00 thresh)
[0m[33m[init-s]: to much IMU excitation, above threshold 1.088 > 0.450
[0m[34m[TIME]: 0.0005 seconds total (1923.1 hz, 0.11 ms behind)
[0m[33m[init]: disparity is 14.373,19.057 (15.00 thresh)
[0m[33m[init-s]: to much IMU excitation, above threshold 1.088 > 0.450
[0m[34m[TIME]: 0.0008 seconds total (1253.1 hz, 0.11 ms behind)
[0m[33m[init]: disparity is 14.373,19.057 (15.00 thresh)
[0m[33m[init-s]: to much IMU excitation, above threshold 1.088 > 0.450
[0m[34m[TIME]: 0.0006 seconds total (1766.8 hz, 0.11 ms behind)
[0m[33m[init]: disparity is 14.373,19.057 (15.00 thresh)
[0m[33m[init-s]: to much IMU excitation, above threshold 1.088 > 0.450
[0m[34m[TIME]: 0.0007 seconds total (1408.5 hz, 0.12 ms behind)
[0m[33m[init]: disparity is 14.373,19.057 (15.00 thresh)
[0m[33m[init-s]: to much IMU excitation, above threshold 1.091 > 0.450
[0m[34m[TIME]: 0.0039 seconds total (255.7 hz, 0.12 ms behind)
[0m[33m[init]: disparity is 13.108,18.689 (15.00 thresh)
[0m[33m[init-s]: to much IMU excitation, above threshold 1.091 > 0.450
[0m[34m[TIME]: 0.0008 seconds total (1257.9 hz, 0.12 ms behind)
[0m[33m[init]: disparity is 13.108,18.689 (15.00 thresh)
[0m[33m[init-s]: to much IMU excitation, above threshold 1.091 > 0.450
[0m[34m[TIME]: 0.0009 seconds total (1098.9 hz, 0.12 ms behind)
[0m[33m[init]: disparity is 13.108,18.689 (15.00 thresh)
[0m[33m[init-s]: to much IMU excitation, above threshold 1.091 > 0.450
[0m[34m[TIME]: 0.0010 seconds total (1007.0 hz, 0.12 ms behind)
[0m[33m[init]: disparity is 13.108,18.689 (15.00 thresh)
[0m[33m[init-s]: to much IMU excitation, above threshold 1.091 > 0.450
[0m[34m[TIME]: 0.0010 seconds total (1034.1 hz, 0.13 ms behind)
[0m[33m[init]: disparity is 13.108,18.689 (15.00 thresh)
[0m[33m[init-s]: to much IMU excitation, above threshold 1.114 > 0.450
[0m[34m[TIME]: 0.0007 seconds total (1526.7 hz, 0.13 ms behind)
[0m[33m[init]: disparity is 13.108,18.689 (15.00 thresh)
[0m[33m[init-s]: to much IMU excitation, above threshold 1.114 > 0.450
[0m[34m[TIME]: 0.0032 seconds total (312.0 hz, 0.13 ms behind)
[0m[33m[init]: disparity is 12.760,19.343 (15.00 thresh)
[0m[33m[init-s]: to much IMU excitation, above threshold 1.114 > 0.450
[0m[34m[TIME]: 0.0027 seconds total (366.4 hz, 0.13 ms behind)
[0m[33m[init]: disparity is 12.760,19.343 (15.00 thresh)
[0m[33m[init-s]: to much IMU excitation, above threshold 1.114 > 0.450
[0m[34m[TIME]: 0.0007 seconds total (1510.6 hz, 0.13 ms behind)
[0m[33m[init]: disparity is 12.760,19.343 (15.00 thresh)
[0m[33m[init-s]: to much IMU excitation, above threshold 1.114 > 0.450
[0m[34m[TIME]: 0.0034 seconds total (289.9 hz, 0.14 ms behind)
[0m[33m[init]: disparity is 12.787,18.643 (15.00 thresh)
[0m[33m[init-s]: to much IMU excitation, above threshold 1.112 > 0.450
[0m[34m[TIME]: 0.0007 seconds total (1529.1 hz, 0.14 ms behind)
[0m[34m[TIME]: 0.0004 seconds total (2347.4 hz, 0.14 ms behind)
[0m[33m[init]: disparity is 12.787,18.643 (15.00 thresh)
[0m[33m[init-s]: to much IMU excitation, above threshold 1.112 > 0.450
[0m[34m[TIME]: 0.0006 seconds total (1683.5 hz, 0.14 ms behind)
[0m[33m[init]: disparity is 12.787,18.643 (15.00 thresh)
[0m[33m[init-s]: to much IMU excitation, above threshold 1.112 > 0.450
[0m[34m[TIME]: 0.0026 seconds total (383.9 hz, 0.14 ms behind)
[0m[33m[init]: disparity is 12.787,18.643 (15.00 thresh)
[0m[33m[init-s]: to much IMU excitation, above threshold 1.112 > 0.450
[0m[34m[TIME]: 0.0008 seconds total (1261.0 hz, 0.15 ms behind)
[0m[33m[init]: disparity is 12.787,18.643 (15.00 thresh)
[0m[33m[init-s]: to much IMU excitation, above threshold 1.106 > 0.450
[0m[34m[TIME]: 0.0040 seconds total (252.3 hz, 0.15 ms behind)
[0m[33m[init]: disparity is 12.994,18.485 (15.00 thresh)
[0m[33m[init-s]: to much IMU excitation, above threshold 1.106 > 0.450
[0m[34m[TIME]: 0.0010 seconds total (1027.7 hz, 0.15 ms behind)
[0m[33m[init]: disparity is 12.994,18.485 (15.00 thresh)
[0m[33m[init-s]: to much IMU excitation, above threshold 1.106 > 0.450
[0m[34m[TIME]: 0.0010 seconds total (996.0 hz, 0.15 ms behind)
[0m[33m[init]: disparity is 12.994,18.485 (15.00 thresh)
[0m[33m[init-s]: to much IMU excitation, above threshold 1.106 > 0.450
[0m[34m[TIME]: 0.0006 seconds total (1763.7 hz, 0.15 ms behind)
[0m[33m[init]: disparity is 12.994,18.485 (15.00 thresh)
[0m[33m[init-s]: to much IMU excitation, above threshold 1.106 > 0.450
[0m[34m[TIME]: 0.0010 seconds total (997.0 hz, 0.16 ms behind)
[0m[33m[init]: disparity is 12.994,18.485 (15.00 thresh)
[0m[33m[init-s]: to much IMU excitation, above threshold 1.108 > 0.450
[0m[34m[TIME]: 0.0005 seconds total (1890.4 hz, 0.16 ms behind)
[0m[33m[init]: disparity is 12.994,18.485 (15.00 thresh)
[0m[33m[init-s]: to much IMU excitation, above threshold 1.108 > 0.450
[0m[34m[TIME]: 0.0039 seconds total (255.3 hz, 0.16 ms behind)
[0m[33m[init]: disparity is 12.758,19.036 (15.00 thresh)
[0m[33m[init-s]: to much IMU excitation, above threshold 1.108 > 0.450
[0m[34m[TIME]: 0.0008 seconds total (1245.3 hz, 0.16 ms behind)
[0m[33m[init]: disparity is 12.758,19.036 (15.00 thresh)
[0m[33m[init-s]: to much IMU excitation, above threshold 1.108 > 0.450
[0m[34m[TIME]: 0.0008 seconds total (1221.0 hz, 0.16 ms behind)
[0m[33m[init]: disparity is 12.758,19.036 (15.00 thresh)
[0m[33m[init-s]: to much IMU excitation, above threshold 1.108 > 0.450
[0m[34m[TIME]: 0.0030 seconds total (329.5 hz, 0.17 ms behind)
[0m[33m[init]: disparity is 12.318,19.097 (15.00 thresh)
[0m[33m[init-s]: to much IMU excitation, above threshold 1.161 > 0.450
[0m[34m[TIME]: 0.0007 seconds total (1526.7 hz, 0.17 ms behind)
[0m[33m[init]: disparity is 12.318,19.097 (15.00 thresh)
[0m[33m[init-s]: to much IMU excitation, above threshold 1.161 > 0.450
[0m[34m[TIME]: 0.0026 seconds total (390.9 hz, 0.17 ms behind)
[0m[33m[init]: disparity is 12.318,19.097 (15.00 thresh)
[0m[33m[init-s]: to much IMU excitation, above threshold 1.161 > 0.450
[0m[34m[TIME]: 0.0006 seconds total (1658.4 hz, 0.17 ms behind)
[0m[33m[init]: disparity is 12.318,19.097 (15.00 thresh)
[0m[33m[init-s]: to much IMU excitation, above threshold 1.161 > 0.450
[0m[34m[TIME]: 0.0006 seconds total (1754.4 hz, 0.17 ms behind)
[0m[33m[init]: disparity is 12.318,19.097 (15.00 thresh)
[0m[33m[init-s]: to much IMU excitation, above threshold 1.161 > 0.450
[0m[34m[TIME]: 0.0007 seconds total (1344.1 hz, 0.18 ms behind)
[0m[33m[init]: disparity is 12.318,19.097 (15.00 thresh)
[0m[33m[init-s]: to much IMU excitation, above threshold 1.188 > 0.450
[0m[34m[TIME]: 0.0008 seconds total (1312.3 hz, 0.18 ms behind)
[0m[33m[init]: disparity is 12.016,15.387 (15.00 thresh)
[0m[33m[init-s]: to much IMU excitation, above threshold 1.188 > 0.450
[0m[34m[TIME]: 0.0005 seconds total (1821.5 hz, 0.18 ms behind)
[0m[33m[init]: disparity is 12.016,15.387 (15.00 thresh)
[0m[33m[init-s]: to much IMU excitation, above threshold 1.188 > 0.450
[0m[34m[TIME]: 0.0030 seconds total (332.1 hz, 0.18 ms behind)
[0m[33m[init]: disparity is 12.016,15.387 (15.00 thresh)
[0m[33m[init-s]: to much IMU excitation, above threshold 1.188 > 0.450
[0m[34m[TIME]: 0.0006 seconds total (1582.3 hz, 0.18 ms behind)
[0m[33m[init]: disparity is 12.016,15.387 (15.00 thresh)
[0m[33m[init-s]: to much IMU excitation, above threshold 1.188 > 0.450
[0m[34m[TIME]: 0.0012 seconds total (801.3 hz, 0.19 ms behind)
[0m[33m[init]: disparity is 12.016,15.387 (15.00 thresh)
[0m[33m[init-s]: to much IMU excitation, above threshold 1.228 > 0.450
[0m[34m[TIME]: 0.0008 seconds total (1251.6 hz, 0.19 ms behind)
[0m[33m[init]: disparity is 12.698,12.220 (15.00 thresh)
[0m[33m[init]: failed static init: no accel jerk detected
[0m[34m[TIME]: 0.0009 seconds total (1079.9 hz, 0.19 ms behind)
[0m[33m[init]: disparity is 12.698,12.220 (15.00 thresh)
[0m[33m[init]: failed static init: no accel jerk detected
[0m[34m[TIME]: 0.0006 seconds total (1623.4 hz, 0.19 ms behind)
[0m[33m[init]: disparity is 12.698,12.220 (15.00 thresh)
[0m[33m[init]: failed static init: no accel jerk detected
[0m[34m[TIME]: 0.0008 seconds total (1204.8 hz, 0.19 ms behind)
[0m[33m[init]: disparity is 12.698,12.220 (15.00 thresh)
[0m[33m[init]: failed static init: no accel jerk detected
[0m[34m[TIME]: 0.0009 seconds total (1112.3 hz, 0.20 ms behind)
[0m[33m[init]: disparity is 14.829,10.555 (15.00 thresh)
[0m[33m[init]: failed static init: no accel jerk detected
[0m[34m[TIME]: 0.0007 seconds total (1422.5 hz, 0.20 ms behind)
[0m[33m[init]: disparity is 14.829,10.555 (15.00 thresh)
[0m[33m[init]: failed static init: no accel jerk detected
[0m[34m[TIME]: 0.0006 seconds total (1700.7 hz, 0.20 ms behind)
[0m[33m[init]: disparity is 14.829,10.555 (15.00 thresh)
[0m[33m[init]: failed static init: no accel jerk detected
[0m[34m[TIME]: 0.0006 seconds total (1769.9 hz, 0.20 ms behind)
[0m[33m[init]: disparity is 14.829,10.555 (15.00 thresh)
[0m[33m[init]: failed static init: no accel jerk detected
[0m[34m[TIME]: 0.0026 seconds total (390.8 hz, 0.20 ms behind)
[0m[33m[init]: disparity is 14.829,10.555 (15.00 thresh)
[0m[33m[init]: failed static init: no accel jerk detected
[0m[34m[TIME]: 0.0010 seconds total (1029.9 hz, 0.21 ms behind)
[0m[33m[init]: disparity is 18.105,11.622 (15.00 thresh)
[0m[33m[init]: failed static init: no accel jerk detected, platform moving too much
[0m[34m[TIME]: 0.0007 seconds total (1440.9 hz, 0.21 ms behind)
[0m[33m[init]: disparity is 18.105,11.622 (15.00 thresh)
[0m[33m[init]: failed static init: no accel jerk detected, platform moving too much
[0m[34m[TIME]: 0.0038 seconds total (266.2 hz, 0.21 ms behind)
[0m[33m[init]: disparity is 18.105,11.622 (15.00 thresh)
[0m[33m[init]: failed static init: no accel jerk detected, platform moving too much
[0m[34m[TIME]: 0.0008 seconds total (1329.8 hz, 0.21 ms behind)
[0m[33m[init]: disparity is 18.105,11.622 (15.00 thresh)
[0m[33m[init]: failed static init: no accel jerk detected, platform moving too much
[0m[34m[TIME]: 0.0038 seconds total (263.9 hz, 0.21 ms behind)
[0m[33m[init]: disparity is 18.105,11.622 (15.00 thresh)
[0m[33m[init]: failed static init: no accel jerk detected, platform moving too much
[0m[34m[TIME]: 0.0009 seconds total (1106.2 hz, 0.22 ms behind)
[0m[33m[init]: disparity is 18.575,12.224 (15.00 thresh)
[0m[33m[init]: failed static init: no accel jerk detected, platform moving too much
[0m[34m[TIME]: 0.0007 seconds total (1519.8 hz, 0.22 ms behind)
[0m[33m[init]: disparity is 18.575,12.224 (15.00 thresh)
[0m[33m[init]: failed static init: no accel jerk detected, platform moving too much
[0m[34m[TIME]: 0.0005 seconds total (2053.4 hz, 0.22 ms behind)
[0m[33m[init]: disparity is 18.575,12.224 (15.00 thresh)
[0m[33m[init]: failed static init: no accel jerk detected, platform moving too much
[0m[34m[TIME]: 0.0008 seconds total (1265.8 hz, 0.22 ms behind)
[0m[33m[init]: disparity is 18.575,12.224 (15.00 thresh)
[0m[33m[init]: failed static init: no accel jerk detected, platform moving too much
[0m[34m[TIME]: 0.0015 seconds total (689.2 hz, 0.22 ms behind)
[0m[33m[init]: disparity is 18.575,12.224 (15.00 thresh)
[0m[33m[init]: failed static init: no accel jerk detected, platform moving too much
[0m[34m[TIME]: 0.0041 seconds total (242.0 hz, 0.23 ms behind)
[0m[33m[init]: disparity is 19.049,11.867 (15.00 thresh)
[0m[33m[init]: failed static init: no accel jerk detected, platform moving too much
[0m[34m[TIME]: 0.0007 seconds total (1351.4 hz, 0.23 ms behind)
[0m[33m[init]: disparity is 19.049,11.867 (15.00 thresh)
[0m[33m[init]: failed static init: no accel jerk detected, platform moving too much
[0m[34m[TIME]: 0.0007 seconds total (1420.5 hz, 0.23 ms behind)
[0m[33m[init]: disparity is 19.049,11.867 (15.00 thresh)
[0m[33m[init]: failed static init: no accel jerk detected, platform moving too much
[0m[34m[TIME]: 0.0038 seconds total (262.7 hz, 0.23 ms behind)
[0m[33m[init]: disparity is 19.049,11.867 (15.00 thresh)
[0m[33m[init]: failed static init: no accel jerk detected, platform moving too much
[0m[34m[TIME]: 0.0027 seconds total (374.3 hz, 0.23 ms behind)
[0m[33m[init]: disparity is 19.049,11.867 (15.00 thresh)
[0m[33m[init]: failed static init: no accel jerk detected, platform moving too much
[0m[34m[TIME]: 0.0042 seconds total (238.6 hz, 0.24 ms behind)
[0m[33m[init]: disparity is 18.192,13.028 (15.00 thresh)
[0m[33m[init]: failed static init: no accel jerk detected, platform moving too much
[0m[34m[TIME]: 0.0037 seconds total (269.6 hz, 0.24 ms behind)
[0m[33m[init]: disparity is 18.192,13.028 (15.00 thresh)
[0m[33m[init]: failed static init: no accel jerk detected, platform moving too much
[0m[34m[TIME]: 0.0007 seconds total (1344.1 hz, 0.24 ms behind)
[0m[33m[init]: disparity is 18.192,13.028 (15.00 thresh)
[0m[33m[init]: failed static init: no accel jerk detected, platform moving too much
[0m[34m[TIME]: 0.0004 seconds total (2386.6 hz, 0.24 ms behind)
[0m[34m[TIME]: 0.0004 seconds total (2732.2 hz, 0.24 ms behind)
[0m[33m[init]: disparity is 18.192,13.028 (15.00 thresh)
[0m[33m[init]: failed static init: no accel jerk detected, platform moving too much
[0m[34m[TIME]: 0.0007 seconds total (1360.5 hz, 0.26 ms behind)
[0m[33m[init]: disparity is 18.192,13.028 (15.00 thresh)
[0m[33m[init]: failed static init: no accel jerk detected, platform moving too much
[0m[34m[TIME]: 0.0038 seconds total (266.4 hz, 0.26 ms behind)
[0m[33m[init]: disparity is 19.481,14.276 (15.00 thresh)
[0m[33m[init]: failed static init: no accel jerk detected, platform moving too much
[0m[34m[TIME]: 0.0040 seconds total (252.1 hz, 0.26 ms behind)
[0m[33m[init]: disparity is 19.481,14.276 (15.00 thresh)
[0m[33m[init]: failed static init: no accel jerk detected, platform moving too much
[0m[34m[TIME]: 0.0009 seconds total (1103.8 hz, 0.26 ms behind)
[0m[33m[init]: disparity is 19.481,14.276 (15.00 thresh)
[0m[33m[init]: failed static init: no accel jerk detected, platform moving too much
[0m[34m[TIME]: 0.0009 seconds total (1102.5 hz, 0.26 ms behind)
[0m[33m[init]: disparity is 19.481,14.276 (15.00 thresh)
[0m[33m[init]: failed static init: no accel jerk detected, platform moving too much
[0m[34m[TIME]: 0.0012 seconds total (836.8 hz, 0.27 ms behind)
[0m[33m[init]: disparity is 19.481,14.276 (15.00 thresh)
[0m[33m[init]: failed static init: no accel jerk detected, platform moving too much
[0m[34m[TIME]: 0.0006 seconds total (1801.8 hz, 0.27 ms behind)
[0m[33m[init]: disparity is 19.481,14.276 (15.00 thresh)
[0m[33m[init]: failed static init: no accel jerk detected, platform moving too much
[0m[34m[TIME]: 0.0006 seconds total (1811.6 hz, 0.27 ms behind)
[0m[33m[init]: disparity is 19.481,14.276 (15.00 thresh)
[0m[33m[init]: failed static init: no accel jerk detected, platform moving too much
[0m[34m[TIME]: 0.0008 seconds total (1272.3 hz, 0.27 ms behind)
[0m[33m[init]: disparity is 19.057,15.084 (15.00 thresh)
[0m[33m[init]: failed static init: no accel jerk detected, platform moving too much
[0m[34m[TIME]: 0.0039 seconds total (255.6 hz, 0.27 ms behind)
[0m[33m[init]: disparity is 19.057,15.084 (15.00 thresh)
[0m[33m[init]: failed static init: no accel jerk detected, platform moving too much
[0m[34m[TIME]: 0.0010 seconds total (965.3 hz, 0.03 ms behind)
[0m[33m[init]: disparity is 18.006,15.414 (15.00 thresh)
[0m[33m[init]: failed static init: no accel jerk detected, platform moving too much
[0m[34m[TIME]: 0.0007 seconds total (1447.2 hz, 0.03 ms behind)
[0m[33m[init]: disparity is 18.006,15.414 (15.00 thresh)
[0m[33m[init]: failed static init: no accel jerk detected, platform moving too much
[0m[34m[TIME]: 0.0007 seconds total (1349.5 hz, 0.03 ms behind)
[0m[33m[init]: disparity is 18.006,15.414 (15.00 thresh)
[0m[33m[init]: failed static init: no accel jerk detected, platform moving too much
[0m[34m[TIME]: 0.0039 seconds total (257.5 hz, 0.03 ms behind)
[0m[33m[init]: disparity is 18.006,15.414 (15.00 thresh)
[0m[33m[init]: failed static init: no accel jerk detected, platform moving too much
[0m[34m[TIME]: 0.0005 seconds total (1919.4 hz, 0.03 ms behind)
[0m[33m[init]: disparity is 18.006,15.414 (15.00 thresh)
[0m[33m[init]: failed static init: no accel jerk detected, platform moving too much
[0m[34m[TIME]: 0.0041 seconds total (243.2 hz, 0.29 ms behind)
[0m[33m[init]: disparity is 18.621,15.598 (15.00 thresh)
[0m[33m[init]: failed static init: no accel jerk detected, platform moving too much
[0m[34m[TIME]: 0.0008 seconds total (1256.3 hz, 0.29 ms behind)
[0m[33m[init]: disparity is 18.621,15.598 (15.00 thresh)
[0m[33m[init]: failed static init: no accel jerk detected, platform moving too much
[0m[34m[TIME]: 0.0039 seconds total (259.5 hz, 0.29 ms behind)
[0m[33m[init]: disparity is 18.621,15.598 (15.00 thresh)
[0m[33m[init]: failed static init: no accel jerk detected, platform moving too much
[0m[34m[TIME]: 0.0006 seconds total (1628.7 hz, 0.29 ms behind)
[0m[33m[init]: disparity is 18.621,15.598 (15.00 thresh)
[0m[33m[init]: failed static init: no accel jerk detected, platform moving too much
[0m[34m[TIME]: 0.0007 seconds total (1387.0 hz, 0.29 ms behind)
[0m[33m[init]: disparity is 18.621,15.598 (15.00 thresh)
[0m[33m[init]: failed static init: no accel jerk detected, platform moving too much
[0m[34m[TIME]: 0.0031 seconds total (324.3 hz, 0.05 ms behind)
[0m[33m[init]: disparity is 18.643,16.404 (15.00 thresh)
[0m[33m[init]: failed static init: no accel jerk detected, platform moving too much
[0m[34m[TIME]: 0.0007 seconds total (1485.9 hz, 0.05 ms behind)
[0m[34m[TIME]: 0.0004 seconds total (2262.4 hz, 0.05 ms behind)
[0m[33m[init]: disparity is 18.643,16.404 (15.00 thresh)
[0m[33m[init]: failed static init: no accel jerk detected, platform moving too much
[0m[34m[TIME]: 0.0006 seconds total (1615.5 hz, 0.05 ms behind)
[0m[33m[init]: disparity is 18.643,16.404 (15.00 thresh)
[0m[33m[init]: failed static init: no accel jerk detected, platform moving too much
[0m[34m[TIME]: 0.0026 seconds total (390.2 hz, 0.05 ms behind)
[0m[33m[init]: disparity is 18.643,16.404 (15.00 thresh)
[0m[33m[init]: failed static init: no accel jerk detected, platform moving too much
[0m[34m[TIME]: 0.0007 seconds total (1360.5 hz, 0.31 ms behind)
[0m[33m[init]: disparity is 18.643,16.404 (15.00 thresh)
[0m[33m[init]: failed static init: no accel jerk detected, platform moving too much
[0m[34m[TIME]: 0.0009 seconds total (1113.6 hz, 0.31 ms behind)
[0m[33m[init]: disparity is 18.221,18.508 (15.00 thresh)
[0m[33m[init]: failed static init: no accel jerk detected, platform moving too much
[0m[34m[TIME]: 0.0008 seconds total (1308.9 hz, 0.31 ms behind)
[0m[33m[init]: disparity is 18.221,18.508 (15.00 thresh)
[0m[33m[init]: failed static init: no accel jerk detected, platform moving too much
[0m[34m[TIME]: 0.0006 seconds total (1689.2 hz, 0.31 ms behind)
[0m[33m[init]: disparity is 18.221,18.508 (15.00 thresh)
[0m[34m[TIME]: 0.0004 seconds total (2673.8 hz, 0.31 ms behind)
[0m[33m[init]: failed static init: no accel jerk detected, platform moving too much
[0m[34m[TIME]: 0.0009 seconds total (1066.1 hz, 0.32 ms behind)
[0m[33m[init]: disparity is 18.221,18.508 (15.00 thresh)
[0m[33m[init]: failed static init: no accel jerk detected, platform moving too much
[0m[34m[TIME]: 0.0038 seconds total (260.8 hz, 0.32 ms behind)
[0m[33m[init]: disparity is 18.221,20.683 (15.00 thresh)
[0m[33m[init]: failed static init: no accel jerk detected, platform moving too much
[0m[34m[TIME]: 0.0012 seconds total (858.4 hz, 0.32 ms behind)
[0m[33m[init]: disparity is 18.221,20.683 (15.00 thresh)
[0m[33m[init]: failed static init: no accel jerk detected, platform moving too much
[0m[34m[TIME]: 0.0040 seconds total (251.1 hz, 0.32 ms behind)
[0m[33m[init]: disparity is 18.221,20.683 (15.00 thresh)
[0m[33m[init]: failed static init: no accel jerk detected, platform moving too much
[0m[34m[TIME]: 0.0009 seconds total (1171.0 hz, 0.32 ms behind)
[0m[33m[init]: disparity is 18.221,20.683 (15.00 thresh)
[0m[33m[init]: failed static init: no accel jerk detected, platform moving too much
[0m[34m[TIME]: 0.0010 seconds total (955.1 hz, 0.08 ms behind)
[0m[33m[init]: disparity is 18.485,22.768 (15.00 thresh)
[0m[33m[init]: failed static init: no accel jerk detected, platform moving too much
[0m[34m[TIME]: 0.0004 seconds total (2409.6 hz, 0.08 ms behind)
[0m[33m[init]: disparity is 18.485,22.768 (15.00 thresh)
[0m[33m[init]: failed static init: no accel jerk detected, platform moving too much
[0m[34m[TIME]: 0.0026 seconds total (392.0 hz, 0.08 ms behind)
[0m[33m[init]: disparity is 18.485,22.768 (15.00 thresh)
[0m[33m[init]: failed static init: no accel jerk detected, platform moving too much
[0m[34m[TIME]: 0.0005 seconds total (2000.0 hz, 0.08 ms behind)
[0m[33m[init]: disparity is 18.485,22.768 (15.00 thresh)
[0m[33m[init]: failed static init: no accel jerk detected, platform moving too much
[0m[34m[TIME]: 0.0011 seconds total (883.4 hz, 0.08 ms behind)
[0m[33m[init]: disparity is 18.485,22.768 (15.00 thresh)
[0m[33m[init]: failed static init: no accel jerk detected, platform moving too much
[0m[34m[TIME]: 0.0040 seconds total (249.0 hz, 0.09 ms behind)
[0m[33m[init]: disparity is 16.893,23.506 (15.00 thresh)
[0m[33m[init]: failed static init: no accel jerk detected, platform moving too much
[0m[34m[TIME]: 0.0009 seconds total (1092.9 hz, 0.09 ms behind)
[0m[33m[init]: disparity is 16.893,23.506 (15.00 thresh)
[0m[33m[init]: failed static init: no accel jerk detected, platform moving too much
[0m[34m[TIME]: 0.0005 seconds total (1949.3 hz, 0.09 ms behind)
[0m[33m[init]: disparity is 16.893,23.506 (15.00 thresh)
[0m[33m[init]: failed static init: no accel jerk detected, platform moving too much
[0m[34m[TIME]: 0.0008 seconds total (1245.3 hz, 0.09 ms behind)
[0m[33m[init]: disparity is 16.893,23.506 (15.00 thresh)
[0m[33m[init]: failed static init: no accel jerk detected, platform moving too much
[0m[34m[TIME]: 0.0031 seconds total (325.2 hz, 0.09 ms behind)
[0m[33m[init]: disparity is 16.893,23.506 (15.00 thresh)
[0m[33m[init]: failed static init: no accel jerk detected, platform moving too much
[0m[34m[TIME]: 0.0008 seconds total (1278.8 hz, 0.10 ms behind)
[0m[33m[init]: disparity is 16.893,23.506 (15.00 thresh)
[0m[33m[init]: failed static init: no accel jerk detected, platform moving too much
[0m[34m[TIME]: 0.0019 seconds total (515.2 hz, 0.10 ms behind)
[0m[33m[init]: disparity is 15.789,24.224 (15.00 thresh)
[0m[33m[init]: failed static init: no accel jerk detected, platform moving too much
[0m[34m[TIME]: 0.0009 seconds total (1148.1 hz, 0.10 ms behind)
[0m[33m[init]: disparity is 15.789,24.224 (15.00 thresh)
[0m[33m[init]: failed static init: no accel jerk detected, platform moving too much
[0m[34m[TIME]: 0.0008 seconds total (1278.8 hz, 0.10 ms behind)
[0m[33m[init]: disparity is 15.789,24.224 (15.00 thresh)
[0m[33m[init]: failed static init: no accel jerk detected, platform moving too much
[0m[34m[TIME]: 0.0012 seconds total (849.6 hz, 0.10 ms behind)
[0m[33m[init]: disparity is 15.789,24.224 (15.00 thresh)
[0m[33m[init]: failed static init: no accel jerk detected, platform moving too much
[0m[34m[TIME]: 0.0011 seconds total (930.2 hz, 0.11 ms behind)
[0m[34m[TIME]: 0.0004 seconds total (2604.2 hz, 0.11 ms behind)
[0m[33m[init]: disparity is 15.789,24.224 (15.00 thresh)
[0m[33m[init]: failed static init: no accel jerk detected, platform moving too much
[0m[34m[TIME]: 0.0026 seconds total (389.4 hz, 0.11 ms behind)
[0m[33m[init]: disparity is 14.038,24.286 (15.00 thresh)
[0m[33m[init-s]: to much IMU excitation, above threshold 1.183 > 0.450
[0m[34m[TIME]: 0.0026 seconds total (384.3 hz, 0.11 ms behind)
[0m[34m[TIME]: 0.0004 seconds total (2551.0 hz, 0.11 ms behind)
[0m[33m[init]: disparity is 14.038,24.286 (15.00 thresh)
[0m[33m[init-s]: to much IMU excitation, above threshold 1.183 > 0.450
[0m[34m[TIME]: 0.0023 seconds total (438.0 hz, 0.12 ms behind)
[0m[33m[init]: disparity is 12.913,24.209 (15.00 thresh)
[0m[33m[init-s]: to much IMU excitation, above threshold 1.136 > 0.450
[0m[34m[TIME]: 0.0009 seconds total (1137.7 hz, 0.12 ms behind)
[0m[33m[init]: disparity is 12.913,24.209 (15.00 thresh)
[0m[33m[init-s]: to much IMU excitation, above threshold 1.136 > 0.450
[0m[34m[TIME]: 0.0040 seconds total (247.8 hz, 0.12 ms behind)
[0m[33m[init]: disparity is 12.913,24.209 (15.00 thresh)
[0m[33m[init-s]: to much IMU excitation, above threshold 1.136 > 0.450
[0m[34m[TIME]: 0.0006 seconds total (1666.7 hz, 0.12 ms behind)
[0m[33m[init]: disparity is 12.913,24.209 (15.00 thresh)
[0m[33m[init-s]: to much IMU excitation, above threshold 1.136 > 0.450
[0m[34m[TIME]: 0.0008 seconds total (1264.2 hz, 0.12 ms behind)
[0m[33m[init]: disparity is 12.913,24.209 (15.00 thresh)
[0m[33m[init-s]: to much IMU excitation, above threshold 1.136 > 0.450
[0m[34m[TIME]: 0.0008 seconds total (1315.8 hz, 0.13 ms behind)
[0m[33m[init]: disparity is 12.913,24.209 (15.00 thresh)
[0m[33m[init-s]: to much IMU excitation, above threshold 1.036 > 0.450
[0m[34m[TIME]: 0.0032 seconds total (309.7 hz, 0.13 ms behind)
[0m[33m[init]: disparity is 11.597,23.652 (15.00 thresh)
[0m[33m[init-s]: to much IMU excitation, above threshold 1.036 > 0.450
[0m[34m[TIME]: 0.0044 seconds total (225.3 hz, 0.13 ms behind)
[0m[33m[init]: disparity is 11.597,23.652 (15.00 thresh)
[0m[33m[init-s]: to much IMU excitation, above threshold 1.036 > 0.450
[0m[34m[TIME]: 0.0011 seconds total (936.3 hz, 0.13 ms behind)
[0m[33m[init]: disparity is 11.597,23.652 (15.00 thresh)
[0m[33m[init-s]: to much IMU excitation, above threshold 1.036 > 0.450
[0m[34m[TIME]: 0.0008 seconds total (1186.2 hz, 0.13 ms behind)
[0m[33m[init]: disparity is 11.597,23.652 (15.00 thresh)
[0m[33m[init-s]: to much IMU excitation, above threshold 1.036 > 0.450
[0m[34m[TIME]: 0.0011 seconds total (940.7 hz, 0.14 ms behind)
[0m[33m[init]: disparity is 11.597,23.652 (15.00 thresh)
[0m[34m[TIME]: 0.0005 seconds total (1893.9 hz, 0.14 ms behind)
[0m[33m[init-s]: to much IMU excitation, above threshold 1.007 > 0.450
[0m[34m[TIME]: 0.0006 seconds total (1811.6 hz, 0.14 ms behind)
[0m[33m[init]: disparity is 11.597,23.652 (15.00 thresh)
[0m[33m[init-s]: to much IMU excitation, above threshold 1.007 > 0.450
[0m[34m[TIME]: 0.0038 seconds total (261.9 hz, 0.14 ms behind)
[0m[33m[init]: disparity is 12.349,27.015 (15.00 thresh)
[0m[33m[init-s]: to much IMU excitation, above threshold 1.007 > 0.450
[0m[34m[TIME]: 0.0035 seconds total (286.8 hz, 0.14 ms behind)
[0m[33m[init]: disparity is 12.349,27.015 (15.00 thresh)
[0m[33m[init-s]: to much IMU excitation, above threshold 1.007 > 0.450
[0m[34m[TIME]: 0.0032 seconds total (311.3 hz, 0.15 ms behind)
[0m[33m[init]: disparity is 14.598,27.259 (15.00 thresh)
[0m[33m[init-s]: to much IMU excitation, above threshold 0.996 > 0.450
[0m[34m[TIME]: 0.0009 seconds total (1071.8 hz, 0.15 ms behind)
[0m[33m[init]: disparity is 14.598,27.259 (15.00 thresh)
[0m[33m[init-s]: to much IMU excitation, above threshold 0.996 > 0.450
[0m[34m[TIME]: 0.0008 seconds total (1280.4 hz, 0.15 ms behind)
[0m[33m[init]: disparity is 14.598,27.259 (15.00 thresh)
[0m[33m[init-s]: to much IMU excitation, above threshold 0.996 > 0.450
[0m[34m[TIME]: 0.0006 seconds total (1754.4 hz, 0.15 ms behind)
[0m[33m[init]: disparity is 14.598,27.259 (15.00 thresh)
[0m[33m[init-s]: to much IMU excitation, above threshold 0.996 > 0.450
[0m[34m[TIME]: 0.0005 seconds total (1953.1 hz, 0.15 ms behind)
[0m[33m[init]: disparity is 14.598,27.259 (15.00 thresh)
[0m[33m[init-s]: to much IMU excitation, above threshold 0.996 > 0.450
[0m[34m[TIME]: 0.0007 seconds total (1432.7 hz, 0.16 ms behind)
[0m[33m[init]: disparity is 14.598,27.259 (15.00 thresh)
[0m[33m[init-s]: to much IMU excitation, above threshold 1.011 > 0.450
[0m[34m[TIME]: 0.0034 seconds total (289.9 hz, 0.16 ms behind)
[0m[33m[init]: disparity is 14.441,30.717 (15.00 thresh)
[0m[33m[init-s]: to much IMU excitation, above threshold 1.011 > 0.450
[0m[34m[TIME]: 0.0039 seconds total (255.8 hz, 0.16 ms behind)
[0m[33m[init]: disparity is 14.441,30.717 (15.00 thresh)
[0m[33m[init-s]: to much IMU excitation, above threshold 1.011 > 0.450
[0m[34m[TIME]: 0.0008 seconds total (1290.3 hz, 0.16 ms behind)
[0m[33m[init]: disparity is 14.441,30.717 (15.00 thresh)
[0m[33m[init-s]: to much IMU excitation, above threshold 1.011 > 0.450
[0m[34m[TIME]: 0.0008 seconds total (1257.9 hz, 0.16 ms behind)
[0m[33m[init]: disparity is 14.441,30.717 (15.00 thresh)
[0m[33m[init-s]: to much IMU excitation, above threshold 1.011 > 0.450
[0m[34m[TIME]: 0.0010 seconds total (994.0 hz, 0.17 ms behind)
[0m[33m[init]: disparity is 14.441,30.717 (15.00 thresh)
[0m[33m[init-s]: to much IMU excitation, above threshold 1.057 > 0.450
[0m[34m[TIME]: 0.0006 seconds total (1748.3 hz, 0.17 ms behind)
[0m[33m[init]: disparity is 14.441,30.717 (15.00 thresh)
[0m[33m[init-s]: to much IMU excitation, above threshold 1.057 > 0.450
[0m[34m[TIME]: 0.0005 seconds total (1845.0 hz, 0.17 ms behind)
[0m[33m[init]: disparity is 14.441,30.717 (15.00 thresh)
[0m[33m[init-s]: to much IMU excitation, above threshold 1.057 > 0.450
[0m[34m[TIME]: 0.0011 seconds total (883.4 hz, 0.17 ms behind)
[0m[33m[init]: disparity is 14.316,30.717 (15.00 thresh)
[0m[33m[init-s]: to much IMU excitation, above threshold 1.057 > 0.450
[0m[34m[TIME]: 0.0039 seconds total (257.7 hz, 0.17 ms behind)
[0m[33m[init]: disparity is 14.316,30.717 (15.00 thresh)
[0m[33m[init-s]: to much IMU excitation, above threshold 1.057 > 0.450
[0m[34m[TIME]: 0.0020 seconds total (500.5 hz, 0.18 ms behind)
[0m[33m[init]: disparity is 14.613,33.197 (15.00 thresh)
[0m[33m[init-s]: to much IMU excitation, above threshold 1.089 > 0.450
[0m[34m[TIME]: 0.0012 seconds total (813.0 hz, 0.18 ms behind)
[0m[33m[init]: disparity is 14.613,33.197 (15.00 thresh)
[0m[33m[init-s]: to much IMU excitation, above threshold 1.089 > 0.450
[0m[34m[TIME]: 0.0010 seconds total (1020.4 hz, 0.18 ms behind)
[0m[33m[init]: disparity is 14.613,33.197 (15.00 thresh)
[0m[33m[init-s]: to much IMU excitation, above threshold 1.089 > 0.450
[0m[34m[TIME]: 0.0039 seconds total (256.9 hz, 0.18 ms behind)
[0m[33m[init]: disparity is 14.613,33.197 (15.00 thresh)
[0m[33m[init-s]: to much IMU excitation, above threshold 1.089 > 0.450
[0m[34m[TIME]: 0.0039 seconds total (258.1 hz, 0.18 ms behind)
[0m[33m[init]: disparity is 14.613,33.197 (15.00 thresh)
[0m[33m[init-s]: to much IMU excitation, above threshold 1.090 > 0.450
[0m[34m[TIME]: 0.0007 seconds total (1360.5 hz, 0.19 ms behind)
[0m[33m[init]: disparity is 14.613,33.197 (15.00 thresh)
[0m[33m[init-s]: to much IMU excitation, above threshold 1.102 > 0.450
[0m[34m[TIME]: 0.0018 seconds total (552.2 hz, 0.19 ms behind)
[0m[33m[init]: disparity is 14.780,29.130 (15.00 thresh)
[0m[33m[init-s]: to much IMU excitation, above threshold 1.102 > 0.450
[0m[34m[TIME]: 0.0026 seconds total (386.0 hz, 0.19 ms behind)
[0m[34m[TIME]: 0.0005 seconds total (2141.3 hz, 0.19 ms behind)
[0m[33m[init]: disparity is 14.780,29.130 (15.00 thresh)
[0m[33m[init-s]: to much IMU excitation, above threshold 1.102 > 0.450
[0m[34m[TIME]: 0.0004 seconds total (2570.7 hz, 0.19 ms behind)
[0m[33m[init]: disparity is 14.780,29.130 (15.00 thresh)
[0m[33m[init-s]: to much IMU excitation, above threshold 1.102 > 0.450
[0m[34m[TIME]: 0.0013 seconds total (794.3 hz, 0.20 ms behind)
[0m[33m[init]: disparity is 14.780,29.130 (15.00 thresh)
[0m[33m[init-s]: to much IMU excitation, above threshold 1.122 > 0.450
[0m[34m[TIME]: 0.0007 seconds total (1470.6 hz, 0.20 ms behind)
[0m[33m[init]: disparity is 14.780,29.130 (15.00 thresh)
[0m[33m[init-s]: to much IMU excitation, above threshold 1.122 > 0.450
[0m[34m[TIME]: 0.0005 seconds total (2032.5 hz, 0.20 ms behind)
[0m[33m[init]: disparity is 14.780,29.130 (15.00 thresh)
[0m[33m[init-s]: to much IMU excitation, above threshold 1.122 > 0.450
[0m[34m[TIME]: 0.0007 seconds total (1455.6 hz, 0.20 ms behind)
[0m[33m[init]: disparity is 14.780,29.130 (15.00 thresh)
[0m[33m[init-s]: to much IMU excitation, above threshold 1.122 > 0.450
[0m[34m[TIME]: 0.0007 seconds total (1349.5 hz, 0.20 ms behind)
[0m[33m[init]: disparity is 14.780,29.130 (15.00 thresh)
[0m[33m[init-s]: to much IMU excitation, above threshold 1.122 > 0.450
[0m[34m[TIME]: 0.0011 seconds total (926.8 hz, 0.21 ms behind)
[0m[33m[init]: disparity is 18.110,23.344 (15.00 thresh)
[0m[33m[init]: failed static init: no accel jerk detected, platform moving too much
[0m[34m[TIME]: 0.0010 seconds total (983.3 hz, 0.21 ms behind)
[0m[33m[init]: disparity is 18.110,23.344 (15.00 thresh)
[0m[33m[init]: failed static init: no accel jerk detected, platform moving too much
[0m[34m[TIME]: 0.0009 seconds total (1111.1 hz, 0.21 ms behind)
[0m[33m[init]: disparity is 18.110,23.344 (15.00 thresh)
[0m[33m[init]: failed static init: no accel jerk detected, platform moving too much
[0m[34m[TIME]: 0.0010 seconds total (978.5 hz, 0.21 ms behind)
[0m[33m[init]: disparity is 18.110,23.344 (15.00 thresh)
[0m[33m[init]: failed static init: no accel jerk detected, platform moving too much
[0m[34m[TIME]: 0.0005 seconds total (2079.0 hz, 0.21 ms behind)
[0m[33m[init]: disparity is 18.110,23.344 (15.00 thresh)
[0m[33m[init]: failed static init: no accel jerk detected, platform moving too much
[0m[34m[TIME]: 0.0038 seconds total (261.0 hz, 0.22 ms behind)
[0m[33m[init]: disparity is 20.683,25.649 (15.00 thresh)
[0m[33m[init]: failed static init: no accel jerk detected, platform moving too much
[0m[34m[TIME]: 0.0027 seconds total (366.7 hz, 0.22 ms behind)
[0m[33m[init]: disparity is 20.683,25.649 (15.00 thresh)
[0m[33m[init]: failed static init: no accel jerk detected, platform moving too much
[0m[34m[TIME]: 0.0027 seconds total (365.9 hz, 0.22 ms behind)
[0m[33m[init]: disparity is 20.683,25.649 (15.00 thresh)
[0m[33m[init]: failed static init: no accel jerk detected, platform moving too much
[0m[34m[TIME]: 0.0026 seconds total (380.8 hz, 0.22 ms behind)
[0m[33m[init]: disparity is 20.683,25.649 (15.00 thresh)
[0m[33m[init]: failed static init: no accel jerk detected, platform moving too much
[0m[34m[TIME]: 0.0006 seconds total (1574.8 hz, 0.22 ms behind)
[0m[33m[init]: disparity is 20.683,25.649 (15.00 thresh)
[0m[33m[init]: failed static init: no accel jerk detected, platform moving too much
[0m[34m[TIME]: 0.0008 seconds total (1298.7 hz, 0.23 ms behind)
[0m[33m[init]: disparity is 20.683,25.649 (15.00 thresh)
[0m[33m[init]: failed static init: no accel jerk detected, platform moving too much
[0m[34m[TIME]: 0.0006 seconds total (1626.0 hz, 0.23 ms behind)
[0m[33m[init]: disparity is 20.683,25.649 (15.00 thresh)
[0m[33m[init]: failed static init: no accel jerk detected, platform moving too much
[0m[34m[TIME]: 0.0006 seconds total (1724.1 hz, 0.23 ms behind)
[0m[33m[init]: disparity is 20.683,25.649 (15.00 thresh)
[0m[33m[init]: failed static init: no accel jerk detected, platform moving too much
[0m[34m[TIME]: 0.0006 seconds total (1745.2 hz, 0.23 ms behind)
[0m[33m[init]: disparity is 20.683,25.649 (15.00 thresh)
[0m[33m[init]: failed static init: no accel jerk detected, platform moving too much
[0m[34m[TIME]: 0.0008 seconds total (1245.3 hz, 0.23 ms behind)
[0m[33m[init]: disparity is 21.267,21.954 (15.00 thresh)
[0m[33m[init]: failed static init: no accel jerk detected, platform moving too much
[0m[34m[TIME]: 0.0012 seconds total (803.2 hz, 0.25 ms behind)
[0m[33m[init]: disparity is 21.267,21.954 (15.00 thresh)
[0m[33m[init]: failed static init: no accel jerk detected, platform moving too much
[0m[34m[TIME]: 0.0011 seconds total (933.7 hz, 0.25 ms behind)
[0m[33m[init]: disparity is 21.267,21.954 (15.00 thresh)
[0m[33m[init]: failed static init: no accel jerk detected, platform moving too much
[0m[34m[TIME]: 0.0010 seconds total (997.0 hz, 0.25 ms behind)
[0m[33m[init]: disparity is 21.267,21.954 (15.00 thresh)
[0m[33m[init]: failed static init: no accel jerk detected, platform moving too much
[0m[34m[TIME]: 0.0009 seconds total (1070.7 hz, 0.25 ms behind)
[0m[33m[init]: disparity is 21.267,21.954 (15.00 thresh)
[0m[33m[init]: failed static init: no accel jerk detected, platform moving too much
[0m[34m[TIME]: 0.0040 seconds total (251.8 hz, 0.25 ms behind)
[0m[33m[init]: disparity is 21.117,18.891 (15.00 thresh)
[0m[33m[init]: failed static init: no accel jerk detected, platform moving too much
[0m[34m[TIME]: 0.0036 seconds total (275.6 hz, 0.26 ms behind)
[0m[33m[init]: disparity is 23.809,20.023 (15.00 thresh)
[0m[33m[init]: failed static init: no accel jerk detected, platform moving too much
[0m[34m[TIME]: 0.0009 seconds total (1124.9 hz, 0.26 ms behind)
[0m[33m[init]: disparity is 23.809,20.023 (15.00 thresh)
[0m[33m[init]: failed static init: no accel jerk detected, platform moving too much
[0m[34m[TIME]: 0.0025 seconds total (393.9 hz, 0.26 ms behind)
[0m[33m[init]: disparity is 23.809,20.023 (15.00 thresh)
[0m[33m[init]: failed static init: no accel jerk detected, platform moving too much
[0m[34m[TIME]: 0.0027 seconds total (374.0 hz, 0.26 ms behind)
[0m[33m[init]: disparity is 23.809,20.023 (15.00 thresh)
[0m[33m[init]: failed static init: no accel jerk detected, platform moving too much
[0m[34m[TIME]: 0.0005 seconds total (1992.0 hz, 0.26 ms behind)
[0m[33m[init]: disparity is 23.809,20.023 (15.00 thresh)
[0m[33m[init]: failed static init: no accel jerk detected, platform moving too much
[0m[34m[TIME]: 0.0010 seconds total (1034.1 hz, 0.27 ms behind)
[0m[33m[init]: disparity is 23.809,20.023 (15.00 thresh)
[0m[33m[init]: failed static init: no accel jerk detected, platform moving too much
[0m[34m[TIME]: 0.0026 seconds total (390.0 hz, 0.27 ms behind)
[0m[33m[init]: disparity is 25.267,19.976 (15.00 thresh)
[0m[33m[init]: failed static init: no accel jerk detected, platform moving too much
[0m[34m[TIME]: 0.0005 seconds total (1934.2 hz, 0.27 ms behind)
[0m[34m[TIME]: 0.0004 seconds total (2398.1 hz, 0.27 ms behind)
[0m[33m[init]: disparity is 25.267,19.976 (15.00 thresh)
[0m[33m[init]: failed static init: no accel jerk detected, platform moving too much
[0m[34m[TIME]: 0.0006 seconds total (1631.3 hz, 0.27 ms behind)
[0m[33m[init]: disparity is 25.267,19.976 (15.00 thresh)
[0m[33m[init]: failed static init: no accel jerk detected, platform moving too much
[0m[34m[TIME]: 0.0014 seconds total (729.9 hz, 0.28 ms behind)
[0m[33m[init]: disparity is 25.267,19.976 (15.00 thresh)
[0m[33m[init]: failed static init: no accel jerk detected, platform moving too much
[0m[34m[TIME]: 0.0007 seconds total (1356.9 hz, 0.28 ms behind)
[0m[33m[init]: disparity is 25.267,19.976 (15.00 thresh)
[0m[33m[init]: failed static init: no accel jerk detected, platform moving too much
[0m[34m[TIME]: 0.0010 seconds total (975.6 hz, 0.28 ms behind)
[0m[33m[init]: disparity is 25.267,19.976 (15.00 thresh)
[0m[33m[init]: failed static init: no accel jerk detected, platform moving too much
[0m[34m[TIME]: 0.0009 seconds total (1084.6 hz, 0.28 ms behind)
[0m[33m[init]: disparity is 25.267,19.976 (15.00 thresh)
[0m[33m[init]: failed static init: no accel jerk detected, platform moving too much
[0m[34m[TIME]: 0.0041 seconds total (242.5 hz, 0.28 ms behind)
[0m[33m[init]: disparity is 24.494,17.594 (15.00 thresh)
[0m[33m[init]: failed static init: no accel jerk detected, platform moving too much
[0m[34m[TIME]: 0.0013 seconds total (772.2 hz, 0.29 ms behind)
[0m[33m[init]: disparity is 23.902,17.503 (15.00 thresh)
[0m[33m[init]: failed static init: no accel jerk detected, platform moving too much
[0m[34m[TIME]: 0.0010 seconds total (969.9 hz, 0.29 ms behind)
[0m[33m[init]: disparity is 23.902,17.503 (15.00 thresh)
[0m[33m[init]: failed static init: no accel jerk detected, platform moving too much
[0m[34m[TIME]: 0.0040 seconds total (247.3 hz, 0.29 ms behind)
[0m[33m[init]: disparity is 23.902,17.503 (15.00 thresh)
[0m[33m[init]: failed static init: no accel jerk detected, platform moving too much
[0m[34m[TIME]: 0.0017 seconds total (597.0 hz, 0.29 ms behind)
[0m[33m[init]: disparity is 23.902,17.503 (15.00 thresh)
[0m[33m[init]: failed static init: no accel jerk detected, platform moving too much
[0m[34m[TIME]: 0.0006 seconds total (1733.1 hz, 0.29 ms behind)
[0m[33m[init]: disparity is 23.902,17.503 (15.00 thresh)
[0m[33m[init]: failed static init: no accel jerk detected, platform moving too much
[0m[34m[TIME]: 0.0034 seconds total (290.3 hz, 0.30 ms behind)
[0m[33m[init]: disparity is 24.383,17.054 (15.00 thresh)
[0m[33m[init]: failed static init: no accel jerk detected, platform moving too much
[0m[34m[TIME]: 0.0007 seconds total (1387.0 hz, 0.30 ms behind)
[0m[33m[init]: disparity is 24.383,17.054 (15.00 thresh)
[0m[34m[TIME]: 0.0005 seconds total (2155.2 hz, 0.30 ms behind)
[0m[33m[init]: failed static init: no accel jerk detected, platform moving too much
[0m[34m[TIME]: 0.0026 seconds total (381.7 hz, 0.30 ms behind)
[0m[33m[init]: disparity is 24.383,17.054 (15.00 thresh)
[0m[33m[init]: failed static init: no accel jerk detected, platform moving too much
[0m[34m[TIME]: 0.0007 seconds total (1447.2 hz, 0.30 ms behind)
[0m[33m[init]: disparity is 24.383,17.054 (15.00 thresh)
[0m[33m[init]: failed static init: no accel jerk detected, platform moving too much
[0m[34m[TIME]: 0.0008 seconds total (1290.3 hz, 0.31 ms behind)
[0m[33m[init]: disparity is 24.383,17.054 (15.00 thresh)
[0m[33m[init]: failed static init: no accel jerk detected, platform moving too much
[0m[34m[TIME]: 0.0027 seconds total (375.4 hz, 0.31 ms behind)
[0m[33m[init]: disparity is 23.891,16.836 (15.00 thresh)
[0m[33m[init]: failed static init: no accel jerk detected, platform moving too much
[0m[34m[TIME]: 0.0007 seconds total (1447.2 hz, 0.31 ms behind)
[0m[33m[init]: disparity is 23.891,16.836 (15.00 thresh)
[0m[33m[init]: failed static init: no accel jerk detected, platform moving too much
[0m[34m[TIME]: 0.0005 seconds total (2066.1 hz, 0.31 ms behind)
[0m[33m[init]: disparity is 23.891,16.836 (15.00 thresh)
[0m[33m[init]: failed static init: no accel jerk detected, platform moving too much
[0m[34m[TIME]: 0.0007 seconds total (1477.1 hz, 0.31 ms behind)
[0m[33m[init]: disparity is 23.891,16.836 (15.00 thresh)
[0m[33m[init]: failed static init: no accel jerk detected, platform moving too much
[0m[34m[TIME]: 0.0014 seconds total (733.7 hz, 0.32 ms behind)
[0m[33m[init]: disparity is 23.891,16.836 (15.00 thresh)
[0m[33m[init]: failed static init: no accel jerk detected, platform moving too much
[0m[34m[TIME]: 0.0006 seconds total (1579.8 hz, 0.32 ms behind)
[0m[33m[init]: disparity is 23.891,16.836 (15.00 thresh)
[0m[33m[init]: failed static init: no accel jerk detected, platform moving too much
[0m[34m[TIME]: 0.0012 seconds total (858.4 hz, 0.32 ms behind)
[0m[33m[init]: disparity is 26.602,15.729 (15.00 thresh)
[0m[33m[init]: failed static init: no accel jerk detected, platform moving too much
[0m[34m[TIME]: 0.0013 seconds total (767.5 hz, 0.32 ms behind)
[0m[33m[init]: disparity is 26.602,15.729 (15.00 thresh)
[0m[33m[init]: failed static init: no accel jerk detected, platform moving too much
[0m[34m[TIME]: 0.0040 seconds total (247.2 hz, 0.32 ms behind)
[0m[33m[init]: disparity is 26.602,15.729 (15.00 thresh)
[0m[33m[init]: failed static init: no accel jerk detected, platform moving too much
[0m[34m[TIME]: 0.0010 seconds total (1048.2 hz, 0.08 ms behind)
[0m[33m[init]: disparity is 27.259,15.834 (15.00 thresh)
[0m[33m[init]: failed static init: no accel jerk detected, platform moving too much
[0m[34m[TIME]: 0.0011 seconds total (909.1 hz, 0.08 ms behind)
[0m[33m[init]: disparity is 27.259,15.834 (15.00 thresh)
[0m[33m[init]: failed static init: no accel jerk detected, platform moving too much
[0m[34m[TIME]: 0.0039 seconds total (258.9 hz, 0.08 ms behind)
[0m[33m[init]: disparity is 27.259,15.834 (15.00 thresh)
[0m[33m[init]: failed static init: no accel jerk detected, platform moving too much
[0m[34m[TIME]: 0.0028 seconds total (354.2 hz, 0.08 ms behind)
[0m[33m[init]: disparity is 27.259,15.834 (15.00 thresh)
[0m[33m[init]: failed static init: no accel jerk detected, platform moving too much
[0m[34m[TIME]: 0.0005 seconds total (1976.3 hz, 0.08 ms behind)
[0m[33m[init]: disparity is 27.259,15.834 (15.00 thresh)
[0m[33m[init]: failed static init: no accel jerk detected, platform moving too much
[0m[34m[TIME]: 0.0040 seconds total (252.0 hz, 0.34 ms behind)
[0m[33m[init]: disparity is 30.717,14.813 (15.00 thresh)
[0m[33m[init]: failed static init: no accel jerk detected, platform moving too much
[0m[34m[TIME]: 0.0009 seconds total (1088.1 hz, 0.34 ms behind)
[0m[33m[init]: disparity is 30.717,14.813 (15.00 thresh)
[0m[33m[init]: failed static init: no accel jerk detected, platform moving too much
[0m[34m[TIME]: 0.0006 seconds total (1694.9 hz, 0.34 ms behind)
[0m[33m[init]: disparity is 30.717,14.813 (15.00 thresh)
[0m[33m[init]: failed static init: no accel jerk detected, platform moving too much
[0m[34m[TIME]: 0.0006 seconds total (1628.7 hz, 0.34 ms behind)
[0m[33m[init]: disparity is 30.717,14.813 (15.00 thresh)
[0m[33m[init]: failed static init: no accel jerk detected, platform moving too much
[0m[34m[TIME]: 0.0008 seconds total (1246.9 hz, 0.34 ms behind)
[0m[33m[init]: disparity is 30.717,14.813 (15.00 thresh)
[0m[33m[init]: failed static init: no accel jerk detected, platform moving too much
[0m[34m[TIME]: 0.0007 seconds total (1508.3 hz, 0.10 ms behind)
[0m[33m[init]: disparity is 30.717,14.813 (15.00 thresh)
[0m[33m[init]: failed static init: no accel jerk detected, platform moving too much
[0m[34m[TIME]: 0.0030 seconds total (337.0 hz, 0.10 ms behind)
[0m[33m[init]: disparity is 28.775,13.744 (15.00 thresh)
[0m[33m[init]: failed static init: no accel jerk detected, platform moving too much
[0m[34m[TIME]: 0.0007 seconds total (1342.3 hz, 0.10 ms behind)
[0m[33m[init]: disparity is 28.775,13.744 (15.00 thresh)
[0m[33m[init]: failed static init: no accel jerk detected, platform moving too much
[0m[34m[TIME]: 0.0014 seconds total (723.1 hz, 0.10 ms behind)
[0m[33m[init]: disparity is 28.775,13.744 (15.00 thresh)
[0m[33m[init]: failed static init: no accel jerk detected, platform moving too much
[0m[34m[TIME]: 0.0025 seconds total (398.2 hz, 0.10 ms behind)
[0m[33m[init]: disparity is 28.775,13.744 (15.00 thresh)
[0m[33m[init]: failed static init: no accel jerk detected, platform moving too much
[0m[34m[TIME]: 0.0016 seconds total (637.8 hz, 0.11 ms behind)
[0m[33m[init]: disparity is 28.775,13.744 (15.00 thresh)
[0m[33m[init]: failed static init: no accel jerk detected, platform moving too much
[0m[34m[TIME]: 0.0007 seconds total (1362.4 hz, 0.11 ms behind)
[0m[33m[init]: disparity is 28.775,13.744 (15.00 thresh)
[0m[33m[init]: failed static init: no accel jerk detected, platform moving too much
[0m[34m[TIME]: 0.0011 seconds total (878.0 hz, 0.11 ms behind)
[0m[33m[init]: disparity is 30.634,13.219 (15.00 thresh)
[0m[33m[init]: failed static init: no accel jerk detected, platform moving too much
[0m[34m[TIME]: 0.0021 seconds total (465.8 hz, 0.11 ms behind)
[0m[33m[init]: disparity is 30.634,13.219 (15.00 thresh)
[0m[33m[init]: failed static init: no accel jerk detected, platform moving too much
[0m[34m[TIME]: 0.0007 seconds total (1400.6 hz, 0.11 ms behind)
[0m[33m[init]: disparity is 30.634,13.219 (15.00 thresh)
[0m[33m[init]: failed static init: no accel jerk detected, platform moving too much
[0m[34m[TIME]: 0.0012 seconds total (809.1 hz, 0.12 ms behind)
[0m[33m[init]: disparity is 29.130,13.219 (15.00 thresh)
[0m[33m[init]: failed static init: no accel jerk detected, platform moving too much
[0m[34m[TIME]: 0.0015 seconds total (675.7 hz, 0.12 ms behind)
[0m[33m[init]: disparity is 29.130,13.219 (15.00 thresh)
[0m[33m[init]: failed static init: no accel jerk detected, platform moving too much
[0m[34m[TIME]: 0.0026 seconds total (386.8 hz, 0.12 ms behind)
[0m[33m[init]: disparity is 29.130,13.219 (15.00 thresh)
[0m[33m[init]: failed static init: no accel jerk detected, platform moving too much
[0m[34m[TIME]: 0.0005 seconds total (1908.4 hz, 0.12 ms behind)
[0m[33m[init]: disparity is 29.130,13.219 (15.00 thresh)
[0m[33m[init]: failed static init: no accel jerk detected, platform moving too much
[0m[34m[TIME]: 0.0006 seconds total (1618.1 hz, 0.12 ms behind)
[0m[33m[init]: disparity is 29.130,13.219 (15.00 thresh)
[0m[33m[init]: failed static init: no accel jerk detected, platform moving too much
[0m[34m[TIME]: 0.0037 seconds total (271.2 hz, 0.13 ms behind)
[0m[33m[init]: disparity is 25.477,11.091 (15.00 thresh)
[0m[33m[init]: failed static init: no accel jerk detected, platform moving too much
[0m[34m[TIME]: 0.0008 seconds total (1189.1 hz, 0.13 ms behind)
[0m[34m[TIME]: 0.0004 seconds total (2475.2 hz, 0.13 ms behind)
[0m[33m[init]: disparity is 25.477,11.091 (15.00 thresh)
[0m[33m[init]: failed static init: no accel jerk detected, platform moving too much
[0m[34m[TIME]: 0.0013 seconds total (765.7 hz, 0.13 ms behind)
[0m[33m[init]: disparity is 25.477,11.091 (15.00 thresh)
[0m[33m[init]: failed static init: no accel jerk detected, platform moving too much
[0m[34m[TIME]: 0.0014 seconds total (729.4 hz, 0.13 ms behind)
[0m[33m[init]: disparity is 25.477,11.091 (15.00 thresh)
[0m[33m[init]: failed static init: no accel jerk detected, platform moving too much
[0m[34m[TIME]: 0.0007 seconds total (1410.4 hz, 0.14 ms behind)
[0m[33m[init]: disparity is 25.477,11.091 (15.00 thresh)
[0m[33m[init]: failed static init: no accel jerk detected, platform moving too much
[0m[34m[TIME]: 0.0028 seconds total (351.1 hz, 0.14 ms behind)
[0m[33m[init]: disparity is 20.650,10.221 (15.00 thresh)
[0m[33m[init]: failed static init: no accel jerk detected, platform moving too much
[0m[34m[TIME]: 0.0011 seconds total (947.9 hz, 0.14 ms behind)
[0m[33m[init]: disparity is 20.650,10.221 (15.00 thresh)
[0m[33m[init]: failed static init: no accel jerk detected, platform moving too much
[0m[34m[TIME]: 0.0010 seconds total (1020.4 hz, 0.14 ms behind)
[0m[33m[init]: disparity is 20.650,10.221 (15.00 thresh)
[0m[33m[init]: failed static init: no accel jerk detected, platform moving too much
[0m[34m[TIME]: 0.0005 seconds total (1956.9 hz, 0.14 ms behind)
[0m[33m[init]: disparity is 20.650,10.221 (15.00 thresh)
[0m[33m[init]: failed static init: no accel jerk detected, platform moving too much
[0m[34m[TIME]: 0.0014 seconds total (707.2 hz, 0.15 ms behind)
[0m[33m[init]: disparity is 20.650,10.221 (15.00 thresh)
[0m[33m[init]: failed static init: no accel jerk detected, platform moving too much
[0m[34m[TIME]: 0.0006 seconds total (1751.3 hz, 0.15 ms behind)
[0m[33m[init]: disparity is 20.650,10.221 (15.00 thresh)
[0m[33m[init]: failed static init: no accel jerk detected, platform moving too much
[0m[34m[TIME]: 0.0010 seconds total (1034.1 hz, 0.15 ms behind)
[0m[33m[init]: disparity is 22.613,10.343 (15.00 thresh)
[0m[33m[init]: failed static init: no accel jerk detected, platform moving too much
[0m[34m[TIME]: 0.0026 seconds total (386.2 hz, 0.15 ms behind)
[0m[33m[init]: disparity is 22.613,10.343 (15.00 thresh)
[0m[33m[init]: failed static init: no accel jerk detected, platform moving too much
[0m[34m[TIME]: 0.0008 seconds total (1333.3 hz, 0.15 ms behind)
[0m[33m[init]: disparity is 22.613,10.343 (15.00 thresh)
[0m[33m[init]: failed static init: no accel jerk detected, platform moving too much
[0m[34m[TIME]: 0.0012 seconds total (852.5 hz, 0.16 ms behind)
[0m[33m[init]: disparity is 23.867,10.954 (15.00 thresh)
[0m[33m[init]: failed static init: no accel jerk detected, platform moving too much
[0m[34m[TIME]: 0.0013 seconds total (744.0 hz, 0.16 ms behind)
[0m[33m[init]: disparity is 23.867,10.954 (15.00 thresh)
[0m[33m[init]: failed static init: no accel jerk detected, platform moving too much
[0m[34m[TIME]: 0.0039 seconds total (259.5 hz, 0.16 ms behind)
[0m[33m[init]: disparity is 23.867,10.954 (15.00 thresh)
[0m[33m[init]: failed static init: no accel jerk detected, platform moving too much
[0m[34m[TIME]: 0.0007 seconds total (1453.5 hz, 0.16 ms behind)
[0m[33m[init]: disparity is 23.867,10.954 (15.00 thresh)
[0m[33m[init]: failed static init: no accel jerk detected, platform moving too much
[0m[34m[TIME]: 0.0021 seconds total (484.0 hz, 0.16 ms behind)
[0m[33m[init]: disparity is 23.867,10.954 (15.00 thresh)
[0m[33m[init]: failed static init: no accel jerk detected, platform moving too much
[0m[34m[TIME]: 0.0033 seconds total (306.8 hz, 0.17 ms behind)
[0m[33m[init]: disparity is 19.810,11.278 (15.00 thresh)
[0m[33m[init]: failed static init: no accel jerk detected, platform moving too much
[0m[34m[TIME]: 0.0008 seconds total (1210.7 hz, 0.17 ms behind)
[0m[33m[init]: disparity is 19.810,11.278 (15.00 thresh)
[0m[33m[init]: failed static init: no accel jerk detected, platform moving too much
[0m[34m[TIME]: 0.0005 seconds total (1915.7 hz, 0.17 ms behind)
[0m[33m[init]: disparity is 19.810,11.278 (15.00 thresh)
[0m[33m[init]: failed static init: no accel jerk detected, platform moving too much
[0m[34m[TIME]: 0.0014 seconds total (735.3 hz, 0.17 ms behind)
[0m[33m[init]: disparity is 19.810,11.278 (15.00 thresh)
[0m[33m[init]: failed static init: no accel jerk detected, platform moving too much
[0m[34m[TIME]: 0.0005 seconds total (2040.8 hz, 0.17 ms behind)
[0m[33m[init]: disparity is 19.810,11.278 (15.00 thresh)
[0m[33m[init]: failed static init: no accel jerk detected, platform moving too much
[0m[34m[TIME]: 0.0009 seconds total (1114.8 hz, 0.18 ms behind)
[0m[33m[init]: disparity is 19.810,11.278 (15.00 thresh)
[0m[33m[init]: failed static init: no accel jerk detected, platform moving too much
[0m[34m[TIME]: 0.0026 seconds total (387.4 hz, 0.18 ms behind)
[0m[33m[init]: disparity is 18.605,11.095 (15.00 thresh)
[0m[33m[init]: failed static init: no accel jerk detected, platform moving too much
[0m[34m[TIME]: 0.0010 seconds total (1001.0 hz, 0.18 ms behind)
[0m[33m[init]: disparity is 18.605,11.095 (15.00 thresh)
[0m[33m[init]: failed static init: no accel jerk detected, platform moving too much
[0m[34m[TIME]: 0.0012 seconds total (859.8 hz, 0.18 ms behind)
[0m[33m[init]: disparity is 18.605,11.095 (15.00 thresh)
[0m[33m[init]: failed static init: no accel jerk detected, platform moving too much
[0m[34m[TIME]: 0.0009 seconds total (1112.3 hz, 0.18 ms behind)
[0m[33m[init]: disparity is 18.605,11.095 (15.00 thresh)
[0m[33m[init]: failed static init: no accel jerk detected, platform moving too much
[0m[34m[TIME]: 0.0014 seconds total (703.2 hz, 0.19 ms behind)
[0m[33m[init]: disparity is 18.605,11.095 (15.00 thresh)
[0m[33m[init]: failed static init: no accel jerk detected, platform moving too much
[0m[34m[TIME]: 0.0007 seconds total (1457.7 hz, 0.19 ms behind)
[0m[33m[init]: disparity is 18.605,11.095 (15.00 thresh)
[0m[33m[init]: failed static init: no accel jerk detected, platform moving too much
[0m[34m[TIME]: 0.0015 seconds total (646.0 hz, 0.19 ms behind)
[0m[33m[init]: disparity is 18.405,10.722 (15.00 thresh)
[0m[33m[init]: failed static init: no accel jerk detected, platform moving too much
[0m[34m[TIME]: 0.0038 seconds total (260.1 hz, 0.19 ms behind)
[0m[33m[init]: disparity is 18.405,10.722 (15.00 thresh)
[0m[33m[init]: failed static init: no accel jerk detected, platform moving too much
[0m[34m[TIME]: 0.0028 seconds total (360.5 hz, 0.19 ms behind)
[0m[33m[init]: disparity is 18.405,10.722 (15.00 thresh)
[0m[33m[init]: failed static init: no accel jerk detected, platform moving too much
[0m[34m[TIME]: 0.0014 seconds total (737.5 hz, 0.20 ms behind)
[0m[33m[init]: disparity is 17.594,10.945 (15.00 thresh)
[0m[33m[init]: failed static init: no accel jerk detected, platform moving too much
[0m[34m[TIME]: 0.0012 seconds total (823.0 hz, 0.20 ms behind)
[0m[33m[init]: disparity is 17.594,10.945 (15.00 thresh)
[0m[33m[init]: failed static init: no accel jerk detected, platform moving too much
[0m[34m[TIME]: 0.0005 seconds total (2074.7 hz, 0.20 ms behind)
[0m[33m[init]: disparity is 17.594,10.945 (15.00 thresh)
[0m[33m[init]: failed static init: no accel jerk detected, platform moving too much
[0m[34m[TIME]: 0.0004 seconds total (2242.2 hz, 0.20 ms behind)
[0m[33m[init]: disparity is 17.594,10.945 (15.00 thresh)
[0m[33m[init]: failed static init: no accel jerk detected, platform moving too much
[0m[34m[TIME]: 0.0004 seconds total (2304.1 hz, 0.20 ms behind)
[0m[33m[init]: disparity is 17.594,10.945 (15.00 thresh)
[0m[33m[init]: failed static init: no accel jerk detected, platform moving too much
[0m[34m[TIME]: 0.0042 seconds total (240.4 hz, 0.21 ms behind)
[0m[33m[init]: disparity is 17.213,11.328 (15.00 thresh)
[0m[33m[init]: failed static init: no accel jerk detected, platform moving too much
[0m[34m[TIME]: 0.0012 seconds total (842.5 hz, 0.21 ms behind)
[0m[33m[init]: disparity is 17.213,11.328 (15.00 thresh)
[0m[33m[init]: failed static init: no accel jerk detected, platform moving too much
[0m[34m[TIME]: 0.0012 seconds total (805.8 hz, 0.21 ms behind)
[0m[33m[init]: disparity is 17.213,11.328 (15.00 thresh)
[0m[33m[init]: failed static init: no accel jerk detected, platform moving too much
[0m[34m[TIME]: 0.0014 seconds total (701.8 hz, 0.21 ms behind)
[0m[33m[init]: disparity is 17.213,11.328 (15.00 thresh)
[0m[33m[init]: failed static init: no accel jerk detected, platform moving too much
[0m[34m[TIME]: 0.0012 seconds total (826.4 hz, 0.21 ms behind)
[0m[33m[init]: disparity is 17.213,11.328 (15.00 thresh)
[0m[33m[init]: failed static init: no accel jerk detected, platform moving too much
[0m[34m[TIME]: 0.0009 seconds total (1074.1 hz, 0.22 ms behind)
[0m[33m[init]: disparity is 17.213,11.328 (15.00 thresh)
[0m[33m[init]: failed static init: no accel jerk detected, platform moving too much
[0m[34m[TIME]: 0.0026 seconds total (389.6 hz, 0.22 ms behind)
[0m[33m[init]: disparity is 15.729,10.389 (15.00 thresh)
[0m[33m[init]: failed static init: no accel jerk detected, platform moving too much
[0m[34m[TIME]: 0.0012 seconds total (825.8 hz, 0.22 ms behind)
[0m[33m[init]: disparity is 15.729,10.389 (15.00 thresh)
[0m[33m[init]: failed static init: no accel jerk detected, platform moving too much
[0m[34m[TIME]: 0.0013 seconds total (754.7 hz, 0.22 ms behind)
[0m[33m[init]: disparity is 15.729,10.389 (15.00 thresh)
[0m[33m[init]: failed static init: no accel jerk detected, platform moving too much
[0m[34m[TIME]: 0.0026 seconds total (387.1 hz, 0.22 ms behind)
[0m[33m[init]: disparity is 15.729,10.389 (15.00 thresh)
[0m[33m[init]: failed static init: no accel jerk detected, platform moving too much
[0m[34m[TIME]: 0.0014 seconds total (708.7 hz, 0.24 ms behind)
[0m[33m[init]: disparity is 15.729,10.389 (15.00 thresh)
[0m[33m[init]: failed static init: no accel jerk detected, platform moving too much
[0m[34m[TIME]: 0.0006 seconds total (1631.3 hz, 0.24 ms behind)
[0m[33m[init]: disparity is 15.729,10.389 (15.00 thresh)
[0m[33m[init]: failed static init: no accel jerk detected, platform moving too much
[0m[34m[TIME]: 0.0006 seconds total (1808.3 hz, 0.24 ms behind)
[0m[33m[init]: disparity is 15.729,10.389 (15.00 thresh)
[0m[33m[init]: failed static init: no accel jerk detected, platform moving too much
[0m[34m[TIME]: 0.0038 seconds total (260.3 hz, 0.24 ms behind)
[0m[33m[init]: disparity is 15.834,10.388 (15.00 thresh)
[0m[33m[init]: failed static init: no accel jerk detected, platform moving too much
[0m[34m[TIME]: 0.0048 seconds total (208.9 hz, 0.24 ms behind)
[0m[33m[init]: disparity is 15.834,10.388 (15.00 thresh)
[0m[33m[init]: failed static init: no accel jerk detected, platform moving too much
[0m[34m[TIME]: 0.0013 seconds total (749.6 hz, 0.25 ms behind)
[0m[33m[init]: disparity is 15.377,12.416 (15.00 thresh)
[0m[33m[init]: failed static init: no accel jerk detected, platform moving too much
[0m[34m[TIME]: 0.0012 seconds total (856.9 hz, 0.25 ms behind)
[0m[33m[init]: disparity is 15.377,12.416 (15.00 thresh)
[0m[33m[init]: failed static init: no accel jerk detected, platform moving too much
[0m[34m[TIME]: 0.0012 seconds total (840.3 hz, 0.25 ms behind)
[0m[33m[init]: disparity is 15.377,12.416 (15.00 thresh)
[0m[33m[init]: failed static init: no accel jerk detected, platform moving too much
[0m[34m[TIME]: 0.0005 seconds total (2004.0 hz, 0.25 ms behind)
[0m[33m[init]: disparity is 15.377,12.416 (15.00 thresh)
[0m[33m[init]: failed static init: no accel jerk detected, platform moving too much
[0m[34m[TIME]: 0.0005 seconds total (2136.8 hz, 0.25 ms behind)
[0m[33m[init]: disparity is 15.377,12.416 (15.00 thresh)
[0m[33m[init]: failed static init: no accel jerk detected, platform moving too much
[0m[34m[TIME]: 0.0041 seconds total (242.8 hz, 0.01 ms behind)
[0m[33m[init]: disparity is 14.420,12.875 (15.00 thresh)
[0m[33m[init]: failed static init: no accel jerk detected
[0m[34m[TIME]: 0.0008 seconds total (1322.8 hz, 0.01 ms behind)
[0m[33m[init]: disparity is 14.420,12.875 (15.00 thresh)
[0m[33m[init]: failed static init: no accel jerk detected
[0m[34m[TIME]: 0.0006 seconds total (1538.5 hz, 0.01 ms behind)
[0m[33m[init]: disparity is 14.420,12.875 (15.00 thresh)
[0m[33m[init]: failed static init: no accel jerk detected
[0m[34m[TIME]: 0.0013 seconds total (777.0 hz, 0.01 ms behind)
[0m[33m[init]: disparity is 14.420,12.875 (15.00 thresh)
[0m[33m[init]: failed static init: no accel jerk detected
[0m[34m[TIME]: 0.0011 seconds total (929.4 hz, 0.01 ms behind)
[0m[33m[init]: disparity is 14.420,12.875 (15.00 thresh)
[0m[33m[init]: failed static init: no accel jerk detected
[0m[34m[TIME]: 0.0008 seconds total (1293.7 hz, 0.02 ms behind)
[0m[33m[init]: disparity is 14.420,12.875 (15.00 thresh)
[0m[33m[init]: failed static init: no accel jerk detected
[0m[34m[TIME]: 0.0040 seconds total (252.7 hz, 0.02 ms behind)
[0m[33m[init]: disparity is 13.219,12.816 (15.00 thresh)
[0m[33m[init]: failed static init: no accel jerk detected
[0m[34m[TIME]: 0.0035 seconds total (281.8 hz, 0.02 ms behind)
[0m[33m[init]: disparity is 13.219,12.816 (15.00 thresh)
[0m[33m[init]: failed static init: no accel jerk detected
[0m[34m[TIME]: 0.0011 seconds total (894.5 hz, 0.02 ms behind)
[0m[33m[init]: disparity is 13.219,12.816 (15.00 thresh)
[0m[33m[init]: failed static init: no accel jerk detected
[0m[34m[TIME]: 0.0028 seconds total (359.5 hz, 0.02 ms behind)
[0m[33m[init]: disparity is 13.219,12.816 (15.00 thresh)
[0m[33m[init]: failed static init: no accel jerk detected
[0m[34m[TIME]: 0.0015 seconds total (680.7 hz, 0.28 ms behind)
[0m[34m[TIME]: 0.0005 seconds total (2045.0 hz, 0.28 ms behind)
[0m[33m[init]: disparity is 13.219,12.816 (15.00 thresh)
[0m[33m[init]: failed static init: no accel jerk detected
[0m[34m[TIME]: 0.0004 seconds total (2320.2 hz, 0.28 ms behind)
[0m[33m[init]: disparity is 13.219,12.816 (15.00 thresh)
[0m[33m[init]: failed static init: no accel jerk detected
[0m[34m[TIME]: 0.0026 seconds total (379.5 hz, 0.28 ms behind)
[0m[33m[init]: disparity is 13.219,11.779 (15.00 thresh)
[0m[33m[init]: failed static init: no accel jerk detected
[0m[34m[TIME]: 0.0018 seconds total (550.7 hz, 0.28 ms behind)
[0m[33m[init]: disparity is 13.219,11.779 (15.00 thresh)
[0m[33m[init]: failed static init: no accel jerk detected
[0m[34m[TIME]: 0.0013 seconds total (747.4 hz, 0.04 ms behind)
[0m[33m[init]: disparity is 13.444,14.781 (15.00 thresh)
[0m[33m[init]: failed static init: no accel jerk detected
[0m[34m[TIME]: 0.0014 seconds total (727.3 hz, 0.04 ms behind)
[0m[33m[init]: disparity is 13.444,14.781 (15.00 thresh)
[0m[33m[init]: failed static init: no accel jerk detected
[0m[34m[TIME]: 0.0014 seconds total (739.1 hz, 0.04 ms behind)
[0m[33m[init]: disparity is 13.444,14.781 (15.00 thresh)
[0m[33m[init]: failed static init: no accel jerk detected
[0m[34m[TIME]: 0.0007 seconds total (1453.5 hz, 0.04 ms behind)
[0m[33m[init]: disparity is 13.444,14.781 (15.00 thresh)
[0m[33m[init]: failed static init: no accel jerk detected
[0m[34m[TIME]: 0.0005 seconds total (2057.6 hz, 0.04 ms behind)
[0m[33m[init]: disparity is 13.444,14.781 (15.00 thresh)
[0m[33m[init]: failed static init: no accel jerk detected
[0m[34m[TIME]: 0.0042 seconds total (235.8 hz, 0.05 ms behind)
[0m[33m[init]: disparity is 12.862,15.305 (15.00 thresh)
[0m[33m[init-s]: to much IMU excitation, above threshold 0.856 > 0.450
[0m[34m[TIME]: 0.0022 seconds total (459.6 hz, 0.05 ms behind)
[0m[33m[init]: disparity is 12.862,15.305 (15.00 thresh)
[0m[33m[init-s]: to much IMU excitation, above threshold 0.856 > 0.450
[0m[34m[TIME]: 0.0032 seconds total (307.9 hz, 0.05 ms behind)
[0m[33m[init]: disparity is 12.862,15.305 (15.00 thresh)
[0m[33m[init-s]: to much IMU excitation, above threshold 0.857 > 0.450
[0m[34m[TIME]: 0.0015 seconds total (647.2 hz, 0.05 ms behind)
[0m[33m[init]: disparity is 12.862,15.305 (15.00 thresh)
[0m[33m[init-s]: to much IMU excitation, above threshold 0.857 > 0.450
[0m[34m[TIME]: 0.0013 seconds total (768.6 hz, 0.05 ms behind)
[0m[33m[init]: disparity is 12.862,15.305 (15.00 thresh)
[0m[33m[init-s]: to much IMU excitation, above threshold 0.857 > 0.450
[0m[34m[TIME]: 0.0009 seconds total (1103.8 hz, 0.06 ms behind)
[0m[33m[init]: disparity is 12.862,15.305 (15.00 thresh)
[0m[33m[init-s]: to much IMU excitation, above threshold 0.851 > 0.450
[0m[34m[TIME]: 0.0040 seconds total (249.3 hz, 0.06 ms behind)
[0m[33m[init]: disparity is 10.466,15.010 (15.00 thresh)
[0m[33m[init-s]: to much IMU excitation, above threshold 0.851 > 0.450
[0m[34m[TIME]: 0.0006 seconds total (1610.3 hz, 0.06 ms behind)
[0m[33m[init]: disparity is 10.466,15.010 (15.00 thresh)
[0m[33m[init-s]: to much IMU excitation, above threshold 0.851 > 0.450
[0m[34m[TIME]: 0.0039 seconds total (253.5 hz, 0.06 ms behind)
[0m[33m[init]: disparity is 10.466,15.010 (15.00 thresh)
[0m[33m[init-s]: to much IMU excitation, above threshold 0.851 > 0.450
[0m[34m[TIME]: 0.0039 seconds total (255.3 hz, 0.06 ms behind)
[0m[33m[init]: disparity is 10.466,15.010 (15.00 thresh)
[0m[33m[init-s]: to much IMU excitation, above threshold 0.850 > 0.450
[0m[34m[TIME]: 0.0015 seconds total (658.3 hz, 0.32 ms behind)
[0m[33m[init]: disparity is 10.466,15.010 (15.00 thresh)
[0m[33m[init-s]: to much IMU excitation, above threshold 0.842 > 0.450
[0m[34m[TIME]: 0.0006 seconds total (1538.5 hz, 0.32 ms behind)
[0m[33m[init]: disparity is 10.466,15.010 (15.00 thresh)
[0m[33m[init-s]: to much IMU excitation, above threshold 0.842 > 0.450
[0m[34m[TIME]: 0.0012 seconds total (864.3 hz, 0.32 ms behind)
[0m[33m[init]: disparity is 10.466,15.010 (15.00 thresh)
[0m[33m[init-s]: to much IMU excitation, above threshold 0.842 > 0.450
[0m[34m[TIME]: 0.0007 seconds total (1517.5 hz, 0.32 ms behind)
[0m[33m[init]: disparity is 10.466,15.010 (15.00 thresh)
[0m[33m[init-s]: to much IMU excitation, above threshold 0.842 > 0.450
[0m[34m[TIME]: 0.0005 seconds total (1838.2 hz, 0.32 ms behind)
[0m[33m[init]: disparity is 10.466,15.010 (15.00 thresh)
[0m[33m[init-s]: to much IMU excitation, above threshold 0.842 > 0.450
[0m[34m[TIME]: 0.0042 seconds total (239.0 hz, 0.08 ms behind)
[0m[33m[init]: disparity is 10.898,16.016 (15.00 thresh)
[0m[33m[init-s]: to much IMU excitation, above threshold 0.809 > 0.450
[0m[34m[TIME]: 0.0015 seconds total (669.3 hz, 0.08 ms behind)
[0m[33m[init]: disparity is 10.898,16.016 (15.00 thresh)
[0m[33m[init-s]: to much IMU excitation, above threshold 0.809 > 0.450
[0m[34m[TIME]: 0.0009 seconds total (1061.6 hz, 0.08 ms behind)
[0m[33m[init]: disparity is 10.898,16.016 (15.00 thresh)
[0m[33m[init-s]: to much IMU excitation, above threshold 0.809 > 0.450
[0m[34m[TIME]: 0.0016 seconds total (609.4 hz, 0.08 ms behind)
[0m[33m[init]: disparity is 10.898,16.016 (15.00 thresh)
[0m[33m[init-s]: to much IMU excitation, above threshold 0.809 > 0.450
[0m[34m[TIME]: 0.0018 seconds total (561.5 hz, 0.08 ms behind)
[0m[33m[init]: disparity is 10.898,16.016 (15.00 thresh)
[0m[33m[init-s]: to much IMU excitation, above threshold 0.809 > 0.450
[0m[34m[TIME]: 0.0009 seconds total (1148.1 hz, 0.34 ms behind)
[0m[33m[init]: disparity is 10.898,16.016 (15.00 thresh)
[0m[33m[init-s]: to much IMU excitation, above threshold 0.780 > 0.450
[0m[34m[TIME]: 0.0015 seconds total (676.1 hz, 0.34 ms behind)
[0m[33m[init]: disparity is 10.751,17.008 (15.00 thresh)
[0m[33m[init-s]: to much IMU excitation, above threshold 0.780 > 0.450
[0m[34m[TIME]: 0.0027 seconds total (375.9 hz, 0.34 ms behind)
[0m[33m[init]: disparity is 10.751,17.008 (15.00 thresh)
[0m[33m[init-s]: to much IMU excitation, above threshold 0.780 > 0.450
[0m[34m[TIME]: 0.0015 seconds total (672.9 hz, 0.34 ms behind)
[0m[33m[init]: disparity is 10.751,17.008 (15.00 thresh)
[0m[33m[init-s]: to much IMU excitation, above threshold 0.780 > 0.450
[0m[34m[TIME]: 0.0011 seconds total (875.7 hz, 0.34 ms behind)
[0m[33m[init]: disparity is 10.751,17.008 (15.00 thresh)
[0m[33m[init-s]: to much IMU excitation, above threshold 0.780 > 0.450
[0m[34m[TIME]: 0.0013 seconds total (742.4 hz, 0.10 ms behind)
[0m[33m[init]: disparity is 10.751,17.008 (15.00 thresh)
[0m[33m[init-s]: to much IMU excitation, above threshold 0.799 > 0.450
[0m[34m[TIME]: 0.0006 seconds total (1709.4 hz, 0.10 ms behind)
[0m[33m[init]: disparity is 10.751,17.008 (15.00 thresh)
[0m[33m[init-s]: to much IMU excitation, above threshold 0.799 > 0.450
[0m[34m[TIME]: 0.0005 seconds total (1862.2 hz, 0.10 ms behind)
[0m[33m[init]: disparity is 10.751,17.008 (15.00 thresh)
[0m[33m[init-s]: to much IMU excitation, above threshold 0.799 > 0.450
[0m[34m[TIME]: 0.0039 seconds total (258.8 hz, 0.10 ms behind)
[0m[33m[init]: disparity is 10.722,15.950 (15.00 thresh)
[0m[33m[init-s]: to much IMU excitation, above threshold 0.799 > 0.450
[0m[34m[TIME]: 0.0026 seconds total (386.2 hz, 0.10 ms behind)
[0m[33m[init]: disparity is 10.722,15.950 (15.00 thresh)
[0m[33m[init-s]: to much IMU excitation, above threshold 0.799 > 0.450
[0m[34m[TIME]: 0.0017 seconds total (605.0 hz, 0.11 ms behind)
[0m[33m[init]: disparity is 11.622,18.513 (15.00 thresh)
[0m[33m[init-s]: to much IMU excitation, above threshold 0.790 > 0.450
[0m[34m[TIME]: 0.0012 seconds total (856.2 hz, 0.11 ms behind)
[0m[33m[init]: disparity is 11.622,18.513 (15.00 thresh)
[0m[33m[init-s]: to much IMU excitation, above threshold 0.790 > 0.450
[0m[34m[TIME]: 0.0011 seconds total (928.5 hz, 0.11 ms behind)
[0m[33m[init]: disparity is 11.622,18.513 (15.00 thresh)
[0m[33m[init-s]: to much IMU excitation, above threshold 0.790 > 0.450
[0m[34m[TIME]: 0.0006 seconds total (1814.9 hz, 0.11 ms behind)
[0m[33m[init]: disparity is 11.622,18.513 (15.00 thresh)
[0m[33m[init-s]: to much IMU excitation, above threshold 0.790 > 0.450
[0m[34m[TIME]: 0.0005 seconds total (2164.5 hz, 0.11 ms behind)
[0m[33m[init]: disparity is 11.622,18.513 (15.00 thresh)
[0m[33m[init-s]: to much IMU excitation, above threshold 0.790 > 0.450
[0m[34m[TIME]: 0.0043 seconds total (233.3 hz, 0.12 ms behind)
[0m[33m[init]: disparity is 11.622,19.522 (15.00 thresh)
[0m[33m[init-s]: to much IMU excitation, above threshold 0.802 > 0.450
[0m[34m[TIME]: 0.0016 seconds total (633.7 hz, 0.12 ms behind)
[0m[33m[init]: disparity is 11.622,19.522 (15.00 thresh)
[0m[33m[init-s]: to much IMU excitation, above threshold 0.802 > 0.450
[0m[34m[TIME]: 0.0042 seconds total (239.6 hz, 0.12 ms behind)
[0m[33m[init]: disparity is 11.622,19.522 (15.00 thresh)
[0m[33m[init-s]: to much IMU excitation, above threshold 0.802 > 0.450
[0m[34m[TIME]: 0.0014 seconds total (691.6 hz, 0.12 ms behind)
[0m[33m[init]: disparity is 11.622,19.522 (15.00 thresh)
[0m[33m[init-s]: to much IMU excitation, above threshold 0.802 > 0.450
[0m[34m[TIME]: 0.0014 seconds total (739.6 hz, 0.12 ms behind)
[0m[33m[init]: disparity is 11.622,19.522 (15.00 thresh)
[0m[33m[init-s]: to much IMU excitation, above threshold 0.802 > 0.450
[0m[34m[TIME]: 0.0008 seconds total (1212.1 hz, 0.13 ms behind)
[0m[33m[init]: disparity is 11.622,19.522 (15.00 thresh)
[0m[33m[init-s]: to much IMU excitation, above threshold 0.767 > 0.450
[0m[34m[TIME]: 0.0027 seconds total (373.6 hz, 0.13 ms behind)
[0m[33m[init]: disparity is 10.589,19.357 (15.00 thresh)
[0m[33m[init-s]: to much IMU excitation, above threshold 0.767 > 0.450
[0m[34m[TIME]: 0.0005 seconds total (1838.2 hz, 0.13 ms behind)
[0m[33m[init]: disparity is 10.589,19.357 (15.00 thresh)
[0m[33m[init-s]: to much IMU excitation, above threshold 0.767 > 0.450
[0m[34m[TIME]: 0.0011 seconds total (873.4 hz, 0.13 ms behind)
[0m[33m[init]: disparity is 10.589,19.357 (15.00 thresh)
[0m[33m[init-s]: to much IMU excitation, above threshold 0.767 > 0.450
[0m[34m[TIME]: 0.0012 seconds total (836.1 hz, 0.13 ms behind)
[0m[33m[init]: disparity is 10.589,19.357 (15.00 thresh)
[0m[33m[init-s]: to much IMU excitation, above threshold 0.767 > 0.450
[0m[34m[TIME]: 0.0014 seconds total (691.1 hz, 0.14 ms behind)
[0m[33m[init]: disparity is 10.589,19.357 (15.00 thresh)
[0m[33m[init-s]: to much IMU excitation, above threshold 0.730 > 0.450
[0m[34m[TIME]: 0.0007 seconds total (1445.1 hz, 0.14 ms behind)
[0m[33m[init]: disparity is 10.589,19.357 (15.00 thresh)
[0m[33m[init-s]: to much IMU excitation, above threshold 0.730 > 0.450
[0m[34m[TIME]: 0.0012 seconds total (813.7 hz, 0.14 ms behind)
[0m[33m[init]: disparity is 10.589,19.357 (15.00 thresh)
[0m[33m[init-s]: to much IMU excitation, above threshold 0.730 > 0.450
[0m[34m[TIME]: 0.0029 seconds total (346.6 hz, 0.14 ms behind)
[0m[33m[init]: disparity is 10.857,17.554 (15.00 thresh)
[0m[33m[init-s]: to much IMU excitation, above threshold 0.730 > 0.450
[0m[34m[TIME]: 0.0006 seconds total (1792.1 hz, 0.14 ms behind)
[0m[33m[init]: disparity is 10.857,17.554 (15.00 thresh)
[0m[33m[init-s]: to much IMU excitation, above threshold 0.730 > 0.450
[0m[34m[TIME]: 0.0015 seconds total (679.8 hz, 0.15 ms behind)
[0m[33m[init]: disparity is 11.609,17.878 (15.00 thresh)
[0m[33m[init-s]: to much IMU excitation, above threshold 0.741 > 0.450
[0m[34m[TIME]: 0.0013 seconds total (798.7 hz, 0.15 ms behind)
[0m[33m[init]: disparity is 11.609,17.878 (15.00 thresh)
[0m[33m[init-s]: to much IMU excitation, above threshold 0.741 > 0.450
[0m[34m[TIME]: 0.0012 seconds total (831.9 hz, 0.15 ms behind)
[0m[33m[init]: disparity is 11.609,17.878 (15.00 thresh)
[0m[33m[init-s]: to much IMU excitation, above threshold 0.741 > 0.450
[0m[34m[TIME]: 0.0006 seconds total (1552.8 hz, 0.15 ms behind)
[0m[33m[init]: disparity is 11.609,17.878 (15.00 thresh)
[0m[33m[init-s]: to much IMU excitation, above threshold 0.741 > 0.450
[0m[34m[TIME]: 0.0016 seconds total (635.3 hz, 0.15 ms behind)
[0m[33m[init]: disparity is 11.609,17.878 (15.00 thresh)
[0m[33m[init-s]: to much IMU excitation, above threshold 0.741 > 0.450
[0m[34m[TIME]: 0.0040 seconds total (251.7 hz, 0.16 ms behind)
[0m[33m[init]: disparity is 11.723,18.373 (15.00 thresh)
[0m[33m[init-s]: to much IMU excitation, above threshold 0.751 > 0.450
[0m[34m[TIME]: 0.0009 seconds total (1069.5 hz, 0.16 ms behind)
[0m[33m[init]: disparity is 11.723,18.373 (15.00 thresh)
[0m[33m[init-s]: to much IMU excitation, above threshold 0.751 > 0.450
[0m[34m[TIME]: 0.0026 seconds total (383.3 hz, 0.16 ms behind)
[0m[33m[init]: disparity is 11.723,18.373 (15.00 thresh)
[0m[33m[init-s]: to much IMU excitation, above threshold 0.751 > 0.450
[0m[34m[TIME]: 0.0014 seconds total (706.7 hz, 0.16 ms behind)
[0m[33m[init]: disparity is 11.723,18.373 (15.00 thresh)
[0m[33m[init-s]: to much IMU excitation, above threshold 0.751 > 0.450
[0m[34m[TIME]: 0.0015 seconds total (670.7 hz, 0.16 ms behind)
[0m[33m[init]: disparity is 11.723,18.373 (15.00 thresh)
[0m[33m[init-s]: to much IMU excitation, above threshold 0.751 > 0.450
[0m[34m[TIME]: 0.0008 seconds total (1243.8 hz, 0.17 ms behind)
[0m[33m[init]: disparity is 11.723,18.373 (15.00 thresh)
[0m[33m[init-s]: to much IMU excitation, above threshold 0.728 > 0.450
[0m[34m[TIME]: 0.0026 seconds total (379.1 hz, 0.17 ms behind)
[0m[33m[init]: disparity is 12.396,18.746 (15.00 thresh)
[0m[33m[init-s]: to much IMU excitation, above threshold 0.728 > 0.450
[0m[34m[TIME]: 0.0005 seconds total (1941.7 hz, 0.17 ms behind)
[0m[33m[init]: disparity is 12.396,18.746 (15.00 thresh)
[0m[33m[init-s]: to much IMU excitation, above threshold 0.728 > 0.450
[0m[34m[TIME]: 0.0011 seconds total (929.4 hz, 0.17 ms behind)
[0m[33m[init]: disparity is 12.396,18.746 (15.00 thresh)
[0m[33m[init-s]: to much IMU excitation, above threshold 0.728 > 0.450
[0m[34m[TIME]: 0.0028 seconds total (362.6 hz, 0.17 ms behind)
[0m[33m[init]: disparity is 12.396,18.746 (15.00 thresh)
[0m[33m[init-s]: to much IMU excitation, above threshold 0.728 > 0.450
[0m[34m[TIME]: 0.0011 seconds total (869.6 hz, 0.18 ms behind)
[0m[33m[init]: disparity is 12.396,18.746 (15.00 thresh)
[0m[33m[init-s]: to much IMU excitation, above threshold 0.698 > 0.450
[0m[34m[TIME]: 0.0007 seconds total (1400.6 hz, 0.18 ms behind)
[0m[33m[init]: disparity is 12.396,18.746 (15.00 thresh)
[0m[33m[init-s]: to much IMU excitation, above threshold 0.698 > 0.450
[0m[34m[TIME]: 0.0012 seconds total (808.4 hz, 0.18 ms behind)
[0m[33m[init]: disparity is 12.396,18.746 (15.00 thresh)
[0m[33m[init-s]: to much IMU excitation, above threshold 0.698 > 0.450
[0m[34m[TIME]: 0.0006 seconds total (1579.8 hz, 0.18 ms behind)
[0m[33m[init]: disparity is 12.396,18.746 (15.00 thresh)
[0m[33m[init-s]: to much IMU excitation, above threshold 0.698 > 0.450
[0m[34m[TIME]: 0.0006 seconds total (1730.1 hz, 0.18 ms behind)
[0m[33m[init]: disparity is 12.396,18.746 (15.00 thresh)
[0m[33m[init-s]: to much IMU excitation, above threshold 0.698 > 0.450
[0m[34m[TIME]: 0.0014 seconds total (711.7 hz, 0.19 ms behind)
[0m[33m[init]: disparity is 14.213,16.002 (15.00 thresh)
[0m[33m[init-s]: to much IMU excitation, above threshold 0.719 > 0.450
[0m[34m[TIME]: 0.0011 seconds total (871.1 hz, 0.19 ms behind)
[0m[33m[init]: disparity is 14.213,16.002 (15.00 thresh)
[0m[33m[init-s]: to much IMU excitation, above threshold 0.719 > 0.450
[0m[34m[TIME]: 0.0013 seconds total (772.8 hz, 0.19 ms behind)
[0m[33m[init]: disparity is 14.213,16.002 (15.00 thresh)
[0m[33m[init-s]: to much IMU excitation, above threshold 0.719 > 0.450
[0m[34m[TIME]: 0.0015 seconds total (665.3 hz, 0.19 ms behind)
[0m[33m[init]: disparity is 14.213,16.002 (15.00 thresh)
[0m[33m[init-s]: to much IMU excitation, above threshold 0.719 > 0.450
[0m[34m[TIME]: 0.0011 seconds total (911.6 hz, 0.19 ms behind)
[0m[33m[init]: disparity is 14.213,16.002 (15.00 thresh)
[0m[33m[init-s]: to much IMU excitation, above threshold 0.719 > 0.450
[0m[34m[TIME]: 0.0042 seconds total (235.5 hz, 0.20 ms behind)
[0m[33m[init]: disparity is 14.068,16.067 (15.00 thresh)
[0m[33m[init-s]: to much IMU excitation, above threshold 0.752 > 0.450
[0m[34m[TIME]: 0.0016 seconds total (609.8 hz, 0.20 ms behind)
[0m[33m[init]: disparity is 14.068,16.067 (15.00 thresh)
[0m[33m[init-s]: to much IMU excitation, above threshold 0.752 > 0.450
[0m[34m[TIME]: 0.0039 seconds total (258.3 hz, 0.20 ms behind)
[0m[33m[init]: disparity is 14.068,16.067 (15.00 thresh)
[0m[33m[init-s]: to much IMU excitation, above threshold 0.752 > 0.450
[0m[34m[TIME]: 0.0010 seconds total (989.1 hz, 0.20 ms behind)
[0m[33m[init]: disparity is 14.068,16.067 (15.00 thresh)
[0m[33m[init-s]: to much IMU excitation, above threshold 0.752 > 0.450
[0m[34m[TIME]: 0.0016 seconds total (623.4 hz, 0.20 ms behind)
[0m[33m[init]: disparity is 14.068,16.067 (15.00 thresh)
[0m[33m[init-s]: to much IMU excitation, above threshold 0.754 > 0.450
[0m[34m[TIME]: 0.0008 seconds total (1186.2 hz, 0.21 ms behind)
[0m[33m[init]: disparity is 14.068,16.067 (15.00 thresh)
[0m[33m[init-s]: to much IMU excitation, above threshold 0.770 > 0.450
[0m[34m[TIME]: 0.0036 seconds total (276.9 hz, 0.21 ms behind)
[0m[33m[init]: disparity is 14.816,15.272 (15.00 thresh)
[0m[33m[init-s]: to much IMU excitation, above threshold 0.770 > 0.450
[0m[34m[TIME]: 0.0006 seconds total (1677.9 hz, 0.21 ms behind)
[0m[33m[init]: disparity is 14.816,15.272 (15.00 thresh)
[0m[33m[init-s]: to much IMU excitation, above threshold 0.770 > 0.450
[0m[34m[TIME]: 0.0025 seconds total (394.0 hz, 0.21 ms behind)
[0m[33m[init]: disparity is 14.816,15.272 (15.00 thresh)
[0m[33m[init-s]: to much IMU excitation, above threshold 0.770 > 0.450
[0m[34m[TIME]: 0.0026 seconds total (378.1 hz, 0.21 ms behind)
[0m[33m[init]: disparity is 14.816,15.272 (15.00 thresh)
[0m[33m[init-s]: to much IMU excitation, above threshold 0.770 > 0.450
[0m[34m[TIME]: 0.0015 seconds total (681.2 hz, 0.23 ms behind)
[0m[33m[init]: disparity is 14.816,15.272 (15.00 thresh)
[0m[33m[init-s]: to much IMU excitation, above threshold 0.790 > 0.450
[0m[34m[TIME]: 0.0006 seconds total (1574.8 hz, 0.23 ms behind)
[0m[33m[init]: disparity is 14.816,15.272 (15.00 thresh)
[0m[33m[init-s]: to much IMU excitation, above threshold 0.790 > 0.450
[0m[34m[TIME]: 0.0012 seconds total (840.3 hz, 0.23 ms behind)
[0m[33m[init]: disparity is 14.816,15.272 (15.00 thresh)
[0m[33m[init-s]: to much IMU excitation, above threshold 0.790 > 0.450
[0m[34m[TIME]: 0.0006 seconds total (1754.4 hz, 0.23 ms behind)
[0m[33m[init]: disparity is 14.816,15.272 (15.00 thresh)
[0m[33m[init-s]: to much IMU excitation, above threshold 0.790 > 0.450
[0m[34m[TIME]: 0.0005 seconds total (1897.5 hz, 0.23 ms behind)
[0m[33m[init]: disparity is 14.816,15.272 (15.00 thresh)
[0m[33m[init-s]: to much IMU excitation, above threshold 0.790 > 0.450
[0m[34m[TIME]: 0.0011 seconds total (909.9 hz, 0.24 ms behind)
[0m[33m[init]: disparity is 15.009,16.390 (15.00 thresh)
[0m[33m[init]: failed static init: no accel jerk detected, platform moving too much
[0m[34m[TIME]: 0.0010 seconds total (1036.3 hz, 0.24 ms behind)
[0m[33m[init]: disparity is 15.009,16.390 (15.00 thresh)
[0m[33m[init]: failed static init: no accel jerk detected, platform moving too much
[0m[34m[TIME]: 0.0013 seconds total (740.7 hz, 0.24 ms behind)
[0m[33m[init]: disparity is 15.009,16.390 (15.00 thresh)
[0m[33m[init]: failed static init: no accel jerk detected, platform moving too much
[0m[34m[TIME]: 0.0014 seconds total (695.4 hz, 0.24 ms behind)
[0m[33m[init]: disparity is 15.009,16.390 (15.00 thresh)
[0m[33m[init]: failed static init: no accel jerk detected, platform moving too much
[0m[34m[TIME]: 0.0013 seconds total (754.1 hz, 0.24 ms behind)
[0m[33m[init]: disparity is 15.009,16.390 (15.00 thresh)
[0m[33m[init]: failed static init: no accel jerk detected, platform moving too much
[0m[34m[TIME]: 0.0035 seconds total (285.6 hz, 0.25 ms behind)
[0m[33m[init]: disparity is 15.437,16.555 (15.00 thresh)
[0m[33m[init]: failed static init: no accel jerk detected, platform moving too much
[0m[34m[TIME]: 0.0008 seconds total (1259.4 hz, 0.25 ms behind)
[0m[33m[init]: disparity is 15.437,16.555 (15.00 thresh)
[0m[33m[init]: failed static init: no accel jerk detected, platform moving too much
[0m[34m[TIME]: 0.0026 seconds total (385.7 hz, 0.25 ms behind)
[0m[33m[init]: disparity is 15.437,16.555 (15.00 thresh)
[0m[33m[init]: failed static init: no accel jerk detected, platform moving too much
[0m[34m[TIME]: 0.0012 seconds total (817.7 hz, 0.25 ms behind)
[0m[33m[init]: disparity is 15.437,16.555 (15.00 thresh)
[0m[33m[init]: failed static init: no accel jerk detected, platform moving too much
[0m[34m[TIME]: 0.0022 seconds total (445.6 hz, 0.25 ms behind)
[0m[33m[init]: disparity is 15.437,16.555 (15.00 thresh)
[0m[33m[init]: failed static init: no accel jerk detected, platform moving too much
[0m[34m[TIME]: 0.0007 seconds total (1392.8 hz, 0.26 ms behind)
[0m[33m[init]: disparity is 15.437,16.555 (15.00 thresh)
[0m[33m[init]: failed static init: no accel jerk detected, platform moving too much
[0m[34m[TIME]: 0.0039 seconds total (254.1 hz, 0.26 ms behind)
[0m[33m[init]: disparity is 15.862,13.748 (15.00 thresh)
[0m[33m[init]: failed static init: no accel jerk detected, platform moving too much
[0m[34m[TIME]: 0.0008 seconds total (1233.0 hz, 0.26 ms behind)
[0m[33m[init]: disparity is 15.862,13.748 (15.00 thresh)
[0m[33m[init]: failed static init: no accel jerk detected, platform moving too much
[0m[34m[TIME]: 0.0040 seconds total (251.4 hz, 0.26 ms behind)
[0m[33m[init]: disparity is 15.862,13.748 (15.00 thresh)
[0m[33m[init]: failed static init: no accel jerk detected, platform moving too much
[0m[34m[TIME]: 0.0007 seconds total (1404.5 hz, 0.26 ms behind)
[0m[33m[init]: disparity is 15.862,13.748 (15.00 thresh)
[0m[33m[init]: failed static init: no accel jerk detected, platform moving too much
[0m[34m[TIME]: 0.0010 seconds total (977.5 hz, 0.02 ms behind)
[0m[33m[init]: disparity is 15.862,13.748 (15.00 thresh)
[0m[33m[init]: failed static init: no accel jerk detected, platform moving too much
[0m[34m[TIME]: 0.0006 seconds total (1779.4 hz, 0.02 ms behind)
[0m[33m[init]: disparity is 15.862,13.748 (15.00 thresh)
[0m[33m[init]: failed static init: no accel jerk detected, platform moving too much
[0m[34m[TIME]: 0.0011 seconds total (939.0 hz, 0.02 ms behind)
[0m[33m[init]: disparity is 15.862,13.748 (15.00 thresh)
[0m[33m[init]: failed static init: no accel jerk detected, platform moving too much
[0m[34m[TIME]: 0.0006 seconds total (1555.2 hz, 0.02 ms behind)
[0m[33m[init]: disparity is 15.862,13.748 (15.00 thresh)
[0m[33m[init]: failed static init: no accel jerk detected, platform moving too much
[0m[34m[TIME]: 0.0011 seconds total (882.6 hz, 0.02 ms behind)
[0m[33m[init]: disparity is 15.862,13.748 (15.00 thresh)
[0m[33m[init]: failed static init: no accel jerk detected, platform moving too much
[0m[34m[TIME]: 0.0011 seconds total (900.1 hz, 0.28 ms behind)
[0m[33m[init]: disparity is 18.513,14.382 (15.00 thresh)
[0m[33m[init]: failed static init: no accel jerk detected, platform moving too much
[0m[34m[TIME]: 0.0008 seconds total (1213.6 hz, 0.28 ms behind)
[0m[33m[init]: disparity is 18.513,14.382 (15.00 thresh)
[0m[33m[init]: failed static init: no accel jerk detected, platform moving too much
[0m[34m[TIME]: 0.0011 seconds total (904.2 hz, 0.28 ms behind)
[0m[33m[init]: disparity is 18.513,14.382 (15.00 thresh)
[0m[33m[init]: failed static init: no accel jerk detected, platform moving too much
[0m[34m[TIME]: 0.0014 seconds total (722.0 hz, 0.28 ms behind)
[0m[33m[init]: disparity is 18.513,14.382 (15.00 thresh)
[0m[33m[init]: failed static init: no accel jerk detected, platform moving too much
[0m[34m[TIME]: 0.0040 seconds total (252.0 hz, 0.28 ms behind)
[0m[33m[init]: disparity is 18.513,14.382 (15.00 thresh)
[0m[33m[init]: failed static init: no accel jerk detected, platform moving too much
[0m[34m[TIME]: 0.0041 seconds total (242.8 hz, 0.29 ms behind)
[0m[33m[init]: disparity is 17.743,14.917 (15.00 thresh)
[0m[33m[init]: failed static init: no accel jerk detected, platform moving too much
[0m[34m[TIME]: 0.0009 seconds total (1053.7 hz, 0.29 ms behind)
[0m[33m[init]: disparity is 17.743,14.917 (15.00 thresh)
[0m[33m[init]: failed static init: no accel jerk detected, platform moving too much
[0m[34m[TIME]: 0.0037 seconds total (272.3 hz, 0.29 ms behind)
[0m[33m[init]: disparity is 17.743,14.917 (15.00 thresh)
[0m[33m[init]: failed static init: no accel jerk detected, platform moving too much
[0m[34m[TIME]: 0.0014 seconds total (723.6 hz, 0.29 ms behind)
[0m[33m[init]: disparity is 17.743,14.917 (15.00 thresh)
[0m[33m[init]: failed static init: no accel jerk detected, platform moving too much
[0m[34m[TIME]: 0.0006 seconds total (1574.8 hz, 0.29 ms behind)
[0m[33m[init]: disparity is 17.743,14.917 (15.00 thresh)
[0m[33m[init]: failed static init: no accel jerk detected, platform moving too much
[0m[34m[TIME]: 0.0009 seconds total (1094.1 hz, 0.30 ms behind)
[0m[33m[init]: disparity is 17.743,14.917 (15.00 thresh)
[0m[33m[init]: failed static init: no accel jerk detected, platform moving too much
[0m[34m[TIME]: 0.0038 seconds total (260.8 hz, 0.30 ms behind)
[0m[33m[init]: disparity is 17.756,14.126 (15.00 thresh)
[0m[33m[init]: failed static init: no accel jerk detected, platform moving too much
[0m[34m[TIME]: 0.0006 seconds total (1721.2 hz, 0.30 ms behind)
[0m[33m[init]: disparity is 17.756,14.126 (15.00 thresh)
[0m[33m[init]: failed static init: no accel jerk detected, platform moving too much
[0m[34m[TIME]: 0.0039 seconds total (257.5 hz, 0.30 ms behind)
[0m[33m[init]: disparity is 17.756,14.126 (15.00 thresh)
[0m[33m[init]: failed static init: no accel jerk detected, platform moving too much
[0m[34m[TIME]: 0.0013 seconds total (749.1 hz, 0.30 ms behind)
[0m[33m[init]: disparity is 17.756,14.126 (15.00 thresh)
[0m[33m[init]: failed static init: no accel jerk detected, platform moving too much
[0m[34m[TIME]: 0.0011 seconds total (932.0 hz, 0.06 ms behind)
[0m[34m[TIME]: 0.0004 seconds total (2433.1 hz, 0.06 ms behind)
[0m[33m[init]: disparity is 17.756,14.126 (15.00 thresh)
[0m[33m[init]: failed static init: no accel jerk detected, platform moving too much
[0m[34m[TIME]: 0.0006 seconds total (1689.2 hz, 0.06 ms behind)
[0m[34m[TIME]: 0.0004 seconds total (2398.1 hz, 0.06 ms behind)
[0m[33m[init]: disparity is 17.756,14.126 (15.00 thresh)
[0m[33m[init]: failed static init: no accel jerk detected, platform moving too much
[0m[34m[TIME]: 0.0027 seconds total (366.4 hz, 0.06 ms behind)
[0m[33m[init]: disparity is 18.603,14.468 (15.00 thresh)
[0m[33m[init]: failed static init: no accel jerk detected, platform moving too much
[0m[34m[TIME]: 0.0011 seconds total (888.9 hz, 0.32 ms behind)
[0m[33m[init]: disparity is 17.878,15.172 (15.00 thresh)
[0m[33m[init]: failed static init: no accel jerk detected, platform moving too much
[0m[34m[TIME]: 0.0009 seconds total (1154.7 hz, 0.32 ms behind)
[0m[33m[init]: disparity is 17.878,15.172 (15.00 thresh)
[0m[33m[init]: failed static init: no accel jerk detected, platform moving too much
[0m[34m[TIME]: 0.0010 seconds total (982.3 hz, 0.32 ms behind)
[0m[33m[init]: disparity is 17.878,15.172 (15.00 thresh)
[0m[33m[init]: failed static init: no accel jerk detected, platform moving too much
[0m[34m[TIME]: 0.0010 seconds total (1004.0 hz, 0.32 ms behind)
[0m[33m[init]: disparity is 17.878,15.172 (15.00 thresh)
[0m[33m[init]: failed static init: no accel jerk detected, platform moving too much
[0m[34m[TIME]: 0.0004 seconds total (2272.7 hz, 0.32 ms behind)
[0m[34m[TIME]: 0.0039 seconds total (256.5 hz, 0.08 ms behind)
[0m[33m[init]: disparity is 16.643,15.245 (15.00 thresh)
[0m[33m[init]: failed static init: no accel jerk detected, platform moving too much
[0m[34m[TIME]: 0.0007 seconds total (1510.6 hz, 0.08 ms behind)
[0m[33m[init]: disparity is 16.643,15.245 (15.00 thresh)
[0m[33m[init]: failed static init: no accel jerk detected, platform moving too much
[0m[34m[TIME]: 0.0026 seconds total (390.3 hz, 0.08 ms behind)
[0m[33m[init]: disparity is 16.643,15.245 (15.00 thresh)
[0m[33m[init]: failed static init: no accel jerk detected, platform moving too much
[0m[34m[TIME]: 0.0007 seconds total (1390.8 hz, 0.08 ms behind)
[0m[33m[init]: disparity is 16.643,15.245 (15.00 thresh)
[0m[33m[init]: failed static init: no accel jerk detected, platform moving too much
[0m[34m[TIME]: 0.0012 seconds total (839.6 hz, 0.08 ms behind)
[0m[33m[init]: disparity is 16.643,15.245 (15.00 thresh)
[0m[33m[init]: failed static init: no accel jerk detected, platform moving too much
[0m[34m[TIME]: 0.0008 seconds total (1298.7 hz, 0.34 ms behind)
[0m[33m[init]: disparity is 16.643,15.245 (15.00 thresh)
[0m[33m[init]: failed static init: no accel jerk detected, platform moving too much
[0m[34m[TIME]: 0.0039 seconds total (254.5 hz, 0.34 ms behind)
[0m[33m[init]: disparity is 16.678,14.209 (15.00 thresh)
[0m[33m[init]: failed static init: no accel jerk detected, platform moving too much
[0m[34m[TIME]: 0.0007 seconds total (1445.1 hz, 0.34 ms behind)
[0m[33m[init]: disparity is 16.678,14.209 (15.00 thresh)
[0m[33m[init]: failed static init: no accel jerk detected, platform moving too much
[0m[34m[TIME]: 0.0033 seconds total (303.9 hz, 0.34 ms behind)
[0m[33m[init]: disparity is 16.678,14.209 (15.00 thresh)
[0m[33m[init]: failed static init: no accel jerk detected, platform moving too much
[0m[34m[TIME]: 0.0009 seconds total (1121.1 hz, 0.34 ms behind)
[0m[33m[init]: disparity is 16.678,14.209 (15.00 thresh)
[0m[33m[init]: failed static init: no accel jerk detected, platform moving too much
[0m[34m[TIME]: 0.0012 seconds total (825.1 hz, 0.10 ms behind)
[0m[33m[init]: disparity is 16.678,14.209 (15.00 thresh)
[0m[33m[init]: failed static init: no accel jerk detected, platform moving too much
[0m[34m[TIME]: 0.0007 seconds total (1464.1 hz, 0.10 ms behind)
[0m[33m[init]: disparity is 16.678,14.209 (15.00 thresh)
[0m[33m[init]: failed static init: no accel jerk detected, platform moving too much
[0m[34m[TIME]: 0.0007 seconds total (1353.2 hz, 0.10 ms behind)
[0m[33m[init]: disparity is 16.678,14.209 (15.00 thresh)
[0m[33m[init]: failed static init: no accel jerk detected, platform moving too much
[0m[34m[TIME]: 0.0005 seconds total (1941.7 hz, 0.10 ms behind)
[0m[33m[init]: disparity is 16.678,14.209 (15.00 thresh)
[0m[33m[init]: failed static init: no accel jerk detected, platform moving too much
[0m[34m[TIME]: 0.0030 seconds total (332.3 hz, 0.10 ms behind)
[0m[33m[init]: disparity is 18.132,14.840 (15.00 thresh)
[0m[33m[init]: failed static init: no accel jerk detected, platform moving too much
[0m[34m[TIME]: 0.0014 seconds total (707.7 hz, 0.11 ms behind)
[0m[33m[init]: disparity is 16.002,16.742 (15.00 thresh)
[0m[33m[init]: failed static init: no accel jerk detected, platform moving too much
[0m[34m[TIME]: 0.0007 seconds total (1379.3 hz, 0.11 ms behind)
[0m[33m[init]: disparity is 16.002,16.742 (15.00 thresh)
[0m[33m[init]: failed static init: no accel jerk detected, platform moving too much
[0m[34m[TIME]: 0.0026 seconds total (387.0 hz, 0.11 ms behind)
[0m[33m[init]: disparity is 16.002,16.742 (15.00 thresh)
[0m[33m[init]: failed static init: no accel jerk detected, platform moving too much
[0m[34m[TIME]: 0.0008 seconds total (1333.3 hz, 0.11 ms behind)
[0m[34m[TIME]: 0.0004 seconds total (2681.0 hz, 0.11 ms behind)
[0m[33m[init]: disparity is 16.002,16.742 (15.00 thresh)
[0m[33m[init]: failed static init: no accel jerk detected, platform moving too much
[0m[34m[TIME]: 0.0043 seconds total (230.0 hz, 0.12 ms behind)
[0m[33m[init]: disparity is 15.254,15.828 (15.00 thresh)
[0m[33m[init]: failed static init: no accel jerk detected, platform moving too much
[0m[34m[TIME]: 0.0011 seconds total (913.2 hz, 0.12 ms behind)
[0m[33m[init]: disparity is 15.254,15.828 (15.00 thresh)
[0m[33m[init]: failed static init: no accel jerk detected, platform moving too much
[0m[34m[TIME]: 0.0007 seconds total (1434.7 hz, 0.12 ms behind)
[0m[33m[init]: disparity is 15.254,15.828 (15.00 thresh)
[0m[33m[init]: failed static init: no accel jerk detected, platform moving too much
[0m[34m[TIME]: 0.0040 seconds total (249.6 hz, 0.12 ms behind)
[0m[33m[init]: disparity is 15.254,15.828 (15.00 thresh)
[0m[33m[init]: failed static init: no accel jerk detected, platform moving too much
[0m[34m[TIME]: 0.0014 seconds total (714.8 hz, 0.12 ms behind)
[0m[33m[init]: disparity is 15.254,15.828 (15.00 thresh)
[0m[33m[init]: failed static init: no accel jerk detected, platform moving too much
[0m[34m[TIME]: 0.0011 seconds total (907.4 hz, 0.13 ms behind)
[0m[33m[init]: disparity is 15.254,15.828 (15.00 thresh)
[0m[33m[init]: failed static init: no accel jerk detected, platform moving too much
[0m[34m[TIME]: 0.0005 seconds total (1841.6 hz, 0.13 ms behind)
[0m[33m[init]: disparity is 15.254,15.828 (15.00 thresh)
[0m[33m[init]: failed static init: no accel jerk detected, platform moving too much
[0m[34m[TIME]: 0.0008 seconds total (1305.5 hz, 0.13 ms behind)
[0m[33m[init]: disparity is 15.254,15.828 (15.00 thresh)
[0m[33m[init]: failed static init: no accel jerk detected, platform moving too much
[0m[34m[TIME]: 0.0007 seconds total (1519.8 hz, 0.13 ms behind)
[0m[33m[init]: disparity is 15.254,15.828 (15.00 thresh)
[0m[33m[init]: failed static init: no accel jerk detected, platform moving too much
[0m[34m[TIME]: 0.0022 seconds total (446.2 hz, 0.13 ms behind)
[0m[33m[init]: disparity is 16.305,15.196 (15.00 thresh)
[0m[33m[init]: failed static init: no accel jerk detected, platform moving too much
[0m[34m[TIME]: 0.0011 seconds total (933.7 hz, 0.14 ms behind)
[0m[33m[init]: disparity is 16.305,15.196 (15.00 thresh)
[0m[33m[init]: failed static init: no accel jerk detected, platform moving too much
[0m[34m[TIME]: 0.0008 seconds total (1179.2 hz, 0.14 ms behind)
[0m[33m[init]: disparity is 16.305,15.196 (15.00 thresh)
[0m[33m[init]: failed static init: no accel jerk detected, platform moving too much
[0m[34m[TIME]: 0.0010 seconds total (1010.1 hz, 0.14 ms behind)
[0m[33m[init]: disparity is 16.390,15.196 (15.00 thresh)
[0m[33m[init]: failed static init: no accel jerk detected, platform moving too much
[0m[34m[TIME]: 0.0009 seconds total (1114.8 hz, 0.14 ms behind)
[0m[33m[init]: disparity is 16.390,15.196 (15.00 thresh)
[0m[33m[init]: failed static init: no accel jerk detected, platform moving too much
[0m[34m[TIME]: 0.0005 seconds total (1858.7 hz, 0.14 ms behind)
[0m[33m[init]: disparity is 16.390,15.196 (15.00 thresh)
[0m[33m[init]: failed static init: no accel jerk detected, platform moving too much
[0m[34m[TIME]: 0.0010 seconds total (972.8 hz, 0.15 ms behind)
[0m[33m[init]: disparity is 16.390,15.691 (15.00 thresh)
[0m[33m[init]: failed static init: no accel jerk detected, platform moving too much
[0m[34m[TIME]: 0.0009 seconds total (1171.0 hz, 0.15 ms behind)
[0m[33m[init]: disparity is 16.390,15.691 (15.00 thresh)
[0m[33m[init]: failed static init: no accel jerk detected, platform moving too much
[0m[34m[TIME]: 0.0039 seconds total (258.6 hz, 0.15 ms behind)
[0m[33m[init]: disparity is 16.390,15.691 (15.00 thresh)
[0m[33m[init]: failed static init: no accel jerk detected, platform moving too much
[0m[34m[TIME]: 0.0007 seconds total (1366.1 hz, 0.15 ms behind)
[0m[33m[init]: disparity is 16.390,15.691 (15.00 thresh)
[0m[33m[init]: failed static init: no accel jerk detected, platform moving too much
[0m[34m[TIME]: 0.0007 seconds total (1459.9 hz, 0.15 ms behind)
[0m[33m[init]: disparity is 16.390,15.691 (15.00 thresh)
[0m[33m[init]: failed static init: no accel jerk detected, platform moving too much
[0m[34m[TIME]: 0.0032 seconds total (316.8 hz, 0.16 ms behind)
[0m[33m[init]: disparity is 15.884,15.572 (15.00 thresh)
[0m[33m[init]: failed static init: no accel jerk detected, platform moving too much
[0m[34m[TIME]: 0.0026 seconds total (386.4 hz, 0.16 ms behind)
[0m[33m[init]: disparity is 15.884,15.572 (15.00 thresh)
[0m[33m[init]: failed static init: no accel jerk detected, platform moving too much
[0m[34m[TIME]: 0.0005 seconds total (1992.0 hz, 0.16 ms behind)
[0m[33m[init]: disparity is 15.884,15.572 (15.00 thresh)
[0m[33m[init]: failed static init: no accel jerk detected, platform moving too much
[0m[34m[TIME]: 0.0025 seconds total (393.9 hz, 0.16 ms behind)
[0m[33m[init]: disparity is 15.884,15.572 (15.00 thresh)
[0m[33m[init]: failed static init: no accel jerk detected, platform moving too much
[0m[34m[TIME]: 0.0026 seconds total (379.8 hz, 0.16 ms behind)
[0m[33m[init]: disparity is 15.884,15.572 (15.00 thresh)
[0m[33m[init]: failed static init: no accel jerk detected, platform moving too much
[0m[34m[TIME]: 0.0007 seconds total (1358.7 hz, 0.17 ms behind)
[0m[34m[TIME]: 0.0005 seconds total (1901.1 hz, 0.17 ms behind)
[0m[33m[init]: disparity is 15.884,15.572 (15.00 thresh)
[0m[33m[init]: failed static init: no accel jerk detected, platform moving too much
[0m[34m[TIME]: 0.0008 seconds total (1329.8 hz, 0.17 ms behind)
[0m[33m[init]: disparity is 15.884,15.572 (15.00 thresh)
[0m[33m[init]: failed static init: no accel jerk detected, platform moving too much
[0m[34m[TIME]: 0.0039 seconds total (257.0 hz, 0.17 ms behind)
[0m[33m[init]: disparity is 15.970,14.355 (15.00 thresh)
[0m[33m[init]: failed static init: no accel jerk detected, platform moving too much
[0m[34m[TIME]: 0.0006 seconds total (1666.7 hz, 0.17 ms behind)
[0m[33m[init]: disparity is 15.970,14.355 (15.00 thresh)
[0m[33m[init]: failed static init: no accel jerk detected, platform moving too much
[0m[34m[TIME]: 0.0012 seconds total (839.6 hz, 0.18 ms behind)
[0m[33m[init]: disparity is 15.970,14.355 (15.00 thresh)
[0m[33m[init]: failed static init: no accel jerk detected, platform moving too much
[0m[34m[TIME]: 0.0010 seconds total (1014.2 hz, 0.18 ms behind)
[0m[33m[init]: disparity is 15.970,14.355 (15.00 thresh)
[0m[33m[init]: failed static init: no accel jerk detected, platform moving too much
[0m[34m[TIME]: 0.0012 seconds total (856.2 hz, 0.18 ms behind)
[0m[33m[init]: disparity is 13.995,15.780 (15.00 thresh)
[0m[33m[init-s]: to much IMU excitation, above threshold 0.825 > 0.450
[0m[34m[TIME]: 0.0006 seconds total (1694.9 hz, 0.18 ms behind)
[0m[33m[init]: disparity is 13.995,15.780 (15.00 thresh)
[0m[33m[init-s]: to much IMU excitation, above threshold 0.825 > 0.450
[0m[34m[TIME]: 0.0009 seconds total (1060.4 hz, 0.18 ms behind)
[0m[33m[init]: disparity is 13.995,15.780 (15.00 thresh)
[0m[33m[init-s]: to much IMU excitation, above threshold 0.825 > 0.450
[0m[34m[TIME]: 0.0011 seconds total (884.2 hz, 0.19 ms behind)
[0m[33m[init]: disparity is 13.995,16.338 (15.00 thresh)
[0m[33m[init-s]: to much IMU excitation, above threshold 0.825 > 0.450
[0m[34m[TIME]: 0.0010 seconds total (978.5 hz, 0.19 ms behind)
[0m[33m[init]: disparity is 13.995,16.338 (15.00 thresh)
[0m[33m[init-s]: to much IMU excitation, above threshold 0.825 > 0.450
[0m[34m[TIME]: 0.0041 seconds total (246.5 hz, 0.19 ms behind)
[0m[33m[init]: disparity is 13.995,16.338 (15.00 thresh)
[0m[33m[init-s]: to much IMU excitation, above threshold 0.825 > 0.450
[0m[34m[TIME]: 0.0009 seconds total (1141.6 hz, 0.19 ms behind)
[0m[33m[init]: disparity is 13.995,16.338 (15.00 thresh)
[0m[33m[init-s]: to much IMU excitation, above threshold 0.825 > 0.450
[0m[34m[TIME]: 0.0038 seconds total (261.6 hz, 0.19 ms behind)
[0m[33m[init]: disparity is 13.995,16.338 (15.00 thresh)
[0m[33m[init-s]: to much IMU excitation, above threshold 0.825 > 0.450
[0m[34m[TIME]: 0.0039 seconds total (254.1 hz, 0.20 ms behind)
[0m[33m[init]: disparity is 14.133,16.336 (15.00 thresh)
[0m[33m[init-s]: to much IMU excitation, above threshold 0.859 > 0.450
[0m[34m[TIME]: 0.0027 seconds total (366.3 hz, 0.20 ms behind)
[0m[33m[init]: disparity is 14.133,16.336 (15.00 thresh)
[0m[33m[init-s]: to much IMU excitation, above threshold 0.859 > 0.450
[0m[34m[TIME]: 0.0006 seconds total (1709.4 hz, 0.20 ms behind)
[0m[33m[init]: disparity is 14.133,16.336 (15.00 thresh)
[0m[33m[init-s]: to much IMU excitation, above threshold 0.859 > 0.450
[0m[34m[TIME]: 0.0006 seconds total (1555.2 hz, 0.20 ms behind)
[0m[34m[TIME]: 0.0004 seconds total (2309.5 hz, 0.20 ms behind)
[0m[33m[init]: disparity is 14.133,16.336 (15.00 thresh)
[0m[33m[init-s]: to much IMU excitation, above threshold 0.859 > 0.450
[0m[34m[TIME]: 0.0008 seconds total (1218.0 hz, 0.21 ms behind)
[0m[33m[init]: disparity is 14.133,16.336 (15.00 thresh)
[0m[33m[init-s]: to much IMU excitation, above threshold 0.883 > 0.450
[0m[34m[TIME]: 0.0006 seconds total (1709.4 hz, 0.21 ms behind)
[0m[33m[init]: disparity is 14.133,16.336 (15.00 thresh)
[0m[33m[init-s]: to much IMU excitation, above threshold 0.883 > 0.450
[0m[34m[TIME]: 0.0009 seconds total (1054.9 hz, 0.21 ms behind)
[0m[33m[init]: disparity is 14.133,16.336 (15.00 thresh)
[0m[33m[init-s]: to much IMU excitation, above threshold 0.883 > 0.450
[0m[34m[TIME]: 0.0041 seconds total (242.0 hz, 0.21 ms behind)
[0m[33m[init]: disparity is 14.848,14.835 (15.00 thresh)
[0m[33m[init]: failed static init: no accel jerk detected
[0m[34m[TIME]: 0.0010 seconds total (1014.2 hz, 0.21 ms behind)
[0m[33m[init]: disparity is 14.848,14.835 (15.00 thresh)
[0m[33m[init]: failed static init: no accel jerk detected
[0m[34m[TIME]: 0.0013 seconds total (798.7 hz, 0.23 ms behind)
[0m[33m[init]: disparity is 14.848,14.835 (15.00 thresh)
[0m[33m[init]: failed static init: no accel jerk detected
[0m[34m[TIME]: 0.0010 seconds total (972.8 hz, 0.23 ms behind)
[0m[33m[init]: disparity is 14.848,14.835 (15.00 thresh)
[0m[33m[init]: failed static init: no accel jerk detected
[0m[34m[TIME]: 0.0010 seconds total (994.0 hz, 0.23 ms behind)
[0m[33m[init]: disparity is 14.468,15.297 (15.00 thresh)
[0m[33m[init-s]: to much IMU excitation, above threshold 0.918 > 0.450
[0m[34m[TIME]: 0.0026 seconds total (384.5 hz, 0.23 ms behind)
[0m[33m[init]: disparity is 14.468,15.297 (15.00 thresh)
[0m[33m[init-s]: to much IMU excitation, above threshold 0.918 > 0.450
[0m[34m[TIME]: 0.0027 seconds total (371.6 hz, 0.23 ms behind)
[0m[33m[init]: disparity is 14.468,15.297 (15.00 thresh)
[0m[33m[init-s]: to much IMU excitation, above threshold 0.918 > 0.450
[0m[34m[TIME]: 0.0013 seconds total (771.0 hz, 0.24 ms behind)
[0m[33m[init]: disparity is 14.468,18.244 (15.00 thresh)
[0m[33m[init-s]: to much IMU excitation, above threshold 0.959 > 0.450
[0m[34m[TIME]: 0.0010 seconds total (990.1 hz, 0.24 ms behind)
[0m[33m[init]: disparity is 14.468,18.244 (15.00 thresh)
[0m[33m[init-s]: to much IMU excitation, above threshold 0.959 > 0.450
[0m[34m[TIME]: 0.0029 seconds total (344.4 hz, 0.24 ms behind)
[0m[34m[TIME]: 0.0005 seconds total (2155.2 hz, 0.24 ms behind)
[0m[33m[init]: disparity is 14.468,18.244 (15.00 thresh)
[0m[33m[init-s]: to much IMU excitation, above threshold 0.959 > 0.450
[0m[34m[TIME]: 0.0004 seconds total (2475.2 hz, 0.24 ms behind)
[0m[33m[init]: disparity is 14.468,18.244 (15.00 thresh)
[0m[33m[init-s]: to much IMU excitation, above threshold 0.959 > 0.450
[0m[34m[TIME]: 0.0039 seconds total (256.7 hz, 0.25 ms behind)
[0m[33m[init]: disparity is 14.260,17.434 (15.00 thresh)
[0m[33m[init-s]: to much IMU excitation, above threshold 0.954 > 0.450
[0m[34m[TIME]: 0.0025 seconds total (393.9 hz, 0.25 ms behind)
[0m[33m[init]: disparity is 14.260,17.434 (15.00 thresh)
[0m[33m[init-s]: to much IMU excitation, above threshold 0.954 > 0.450
[0m[34m[TIME]: 0.0027 seconds total (365.8 hz, 0.25 ms behind)
[0m[33m[init]: disparity is 14.260,17.434 (15.00 thresh)
[0m[33m[init-s]: to much IMU excitation, above threshold 0.954 > 0.450
[0m[34m[TIME]: 0.0007 seconds total (1459.9 hz, 0.25 ms behind)
[0m[33m[init]: disparity is 14.260,17.434 (15.00 thresh)
[0m[33m[init-s]: to much IMU excitation, above threshold 0.954 > 0.450
[0m[34m[TIME]: 0.0007 seconds total (1492.5 hz, 0.25 ms behind)
[0m[33m[init]: disparity is 14.260,17.434 (15.00 thresh)
[0m[33m[init-s]: to much IMU excitation, above threshold 0.954 > 0.450
[0m[34m[TIME]: 0.0008 seconds total (1328.0 hz, 0.26 ms behind)
[0m[33m[init]: disparity is 14.260,17.434 (15.00 thresh)
[0m[33m[init-s]: to much IMU excitation, above threshold 0.975 > 0.450
[0m[34m[TIME]: 0.0005 seconds total (1919.4 hz, 0.26 ms behind)
[0m[33m[init]: disparity is 14.260,17.434 (15.00 thresh)
[0m[33m[init-s]: to much IMU excitation, above threshold 0.975 > 0.450
[0m[34m[TIME]: 0.0006 seconds total (1742.2 hz, 0.26 ms behind)
[0m[33m[init]: disparity is 14.260,17.434 (15.00 thresh)
[0m[33m[init-s]: to much IMU excitation, above threshold 0.975 > 0.450
[0m[34m[TIME]: 0.0008 seconds total (1183.4 hz, 0.26 ms behind)
[0m[33m[init]: disparity is 14.840,16.143 (15.00 thresh)
[0m[33m[init-s]: to much IMU excitation, above threshold 0.975 > 0.450
[0m[34m[TIME]: 0.0041 seconds total (244.3 hz, 0.26 ms behind)
[0m[33m[init]: disparity is 14.840,16.143 (15.00 thresh)
[0m[33m[init-s]: to much IMU excitation, above threshold 0.975 > 0.450
[0m[34m[TIME]: 0.0010 seconds total (968.1 hz, 0.27 ms behind)
[0m[33m[init]: disparity is 14.840,16.143 (15.00 thresh)
[0m[33m[init-s]: to much IMU excitation, above threshold 1.040 > 0.450
[0m[34m[TIME]: 0.0009 seconds total (1066.1 hz, 0.27 ms behind)
[0m[33m[init]: disparity is 14.840,16.143 (15.00 thresh)
[0m[33m[init-s]: to much IMU excitation, above threshold 1.040 > 0.450
[0m[34m[TIME]: 0.0008 seconds total (1183.4 hz, 0.27 ms behind)
[0m[33m[init]: disparity is 14.840,16.143 (15.00 thresh)
[0m[33m[init-s]: to much IMU excitation, above threshold 1.040 > 0.450
[0m[34m[TIME]: 0.0040 seconds total (252.3 hz, 0.27 ms behind)
[0m[33m[init]: disparity is 16.096,16.143 (15.00 thresh)
[0m[33m[init]: failed static init: no accel jerk detected, platform moving too much
[0m[34m[TIME]: 0.0007 seconds total (1406.5 hz, 0.27 ms behind)
[0m[33m[init]: disparity is 16.096,16.143 (15.00 thresh)
[0m[33m[init]: failed static init: no accel jerk detected, platform moving too much
[0m[34m[TIME]: 0.0012 seconds total (836.1 hz, 0.28 ms behind)
[0m[33m[init]: disparity is 16.096,17.102 (15.00 thresh)
[0m[33m[init]: failed static init: no accel jerk detected, platform moving too much
[0m[34m[TIME]: 0.0013 seconds total (744.0 hz, 0.28 ms behind)
[0m[33m[init]: disparity is 16.096,17.102 (15.00 thresh)
[0m[33m[init]: failed static init: no accel jerk detected, platform moving too much
[0m[34m[TIME]: 0.0029 seconds total (350.5 hz, 0.28 ms behind)
[0m[34m[TIME]: 0.0005 seconds total (1972.4 hz, 0.28 ms behind)
[0m[33m[init]: disparity is 16.096,17.102 (15.00 thresh)
[0m[33m[init]: failed static init: no accel jerk detected, platform moving too much
[0m[34m[TIME]: 0.0006 seconds total (1560.1 hz, 0.28 ms behind)
[0m[33m[init]: disparity is 16.096,17.102 (15.00 thresh)
[0m[33m[init]: failed static init: no accel jerk detected, platform moving too much
[0m[34m[TIME]: 0.0041 seconds total (245.0 hz, 0.29 ms behind)
[0m[33m[init]: disparity is 16.165,17.102 (15.00 thresh)
[0m[33m[init]: failed static init: no accel jerk detected, platform moving too much
[0m[34m[TIME]: 0.0038 seconds total (261.6 hz, 0.29 ms behind)
[0m[33m[init]: disparity is 16.165,17.102 (15.00 thresh)
[0m[33m[init]: failed static init: no accel jerk detected, platform moving too much
[0m[34m[TIME]: 0.0007 seconds total (1369.9 hz, 0.29 ms behind)
[0m[33m[init]: disparity is 16.165,17.102 (15.00 thresh)
[0m[33m[init]: failed static init: no accel jerk detected, platform moving too much
[0m[34m[TIME]: 0.0009 seconds total (1105.0 hz, 0.29 ms behind)
[0m[33m[init]: disparity is 16.165,17.102 (15.00 thresh)
[0m[33m[init]: failed static init: no accel jerk detected, platform moving too much
[0m[34m[TIME]: 0.0040 seconds total (249.5 hz, 0.29 ms behind)
[0m[33m[init]: disparity is 16.165,17.102 (15.00 thresh)
[0m[33m[init]: failed static init: no accel jerk detected, platform moving too much
[0m[34m[TIME]: 0.0007 seconds total (1436.8 hz, 0.05 ms behind)
[0m[34m[TIME]: 0.0005 seconds total (1904.8 hz, 0.05 ms behind)
[0m[33m[init]: disparity is 16.165,17.102 (15.00 thresh)
[0m[33m[init]: failed static init: no accel jerk detected, platform moving too much
[0m[34m[TIME]: 0.0008 seconds total (1275.5 hz, 0.05 ms behind)
[0m[33m[init]: disparity is 16.165,17.102 (15.00 thresh)
[0m[33m[init]: failed static init: no accel jerk detected, platform moving too much
[0m[34m[TIME]: 0.0009 seconds total (1081.1 hz, 0.05 ms behind)
[0m[34m[TIME]: 0.0005 seconds total (2036.7 hz, 0.05 ms behind)
[0m[33m[init]: disparity is 15.196,15.841 (15.00 thresh)
[0m[33m[init]: failed static init: no accel jerk detected, platform moving too much
[0m[34m[TIME]: 0.0012 seconds total (841.8 hz, 0.31 ms behind)
[0m[33m[init]: disparity is 15.196,15.841 (15.00 thresh)
[0m[33m[init]: failed static init: no accel jerk detected, platform moving too much
[0m[34m[TIME]: 0.0011 seconds total (951.5 hz, 0.31 ms behind)
[0m[33m[init]: disparity is 15.196,15.841 (15.00 thresh)
[0m[33m[init]: failed static init: no accel jerk detected, platform moving too much
[0m[34m[TIME]: 0.0041 seconds total (245.2 hz, 0.31 ms behind)
[0m[33m[init]: disparity is 15.196,15.937 (15.00 thresh)
[0m[33m[init]: failed static init: no accel jerk detected, platform moving too much
[0m[34m[TIME]: 0.0039 seconds total (253.2 hz, 0.31 ms behind)
[0m[33m[init]: disparity is 15.196,15.937 (15.00 thresh)
[0m[33m[init]: failed static init: no accel jerk detected, platform moving too much
[0m[34m[TIME]: 0.0010 seconds total (1008.1 hz, 0.31 ms behind)
[0m[33m[init]: disparity is 15.196,15.937 (15.00 thresh)
[0m[33m[init]: failed static init: no accel jerk detected, platform moving too much
[0m[34m[TIME]: 0.0014 seconds total (702.7 hz, 0.32 ms behind)
[0m[33m[init]: disparity is 15.155,16.044 (15.00 thresh)
[0m[33m[init]: failed static init: no accel jerk detected, platform moving too much
[0m[34m[TIME]: 0.0016 seconds total (642.7 hz, 0.32 ms behind)
[0m[33m[init]: disparity is 15.155,16.044 (15.00 thresh)
[0m[33m[init]: failed static init: no accel jerk detected, platform moving too much
[0m[34m[TIME]: 0.0007 seconds total (1366.1 hz, 0.32 ms behind)
[0m[33m[init]: disparity is 15.155,16.044 (15.00 thresh)
[0m[33m[init]: failed static init: no accel jerk detected, platform moving too much
[0m[34m[TIME]: 0.0006 seconds total (1618.1 hz, 0.32 ms behind)
[0m[33m[init]: disparity is 15.155,16.044 (15.00 thresh)
[0m[33m[init]: failed static init: no accel jerk detected, platform moving too much
[0m[34m[TIME]: 0.0026 seconds total (386.7 hz, 0.32 ms behind)
[0m[33m[init]: disparity is 15.155,16.044 (15.00 thresh)
[0m[33m[init]: failed static init: no accel jerk detected, platform moving too much
[0m[34m[TIME]: 0.0040 seconds total (251.3 hz, 0.08 ms behind)
[0m[33m[init]: disparity is 14.512,15.700 (15.00 thresh)
[0m[33m[init-s]: to much IMU excitation, above threshold 1.232 > 0.450
[0m[34m[TIME]: 0.0038 seconds total (263.5 hz, 0.08 ms behind)
[0m[33m[init]: disparity is 14.512,15.700 (15.00 thresh)
[0m[33m[init-s]: to much IMU excitation, above threshold 1.232 > 0.450
[0m[34m[TIME]: 0.0009 seconds total (1131.2 hz, 0.08 ms behind)
[0m[33m[init]: disparity is 14.512,15.700 (15.00 thresh)
[0m[33m[init-s]: to much IMU excitation, above threshold 1.232 > 0.450
[0m[34m[TIME]: 0.0009 seconds total (1122.3 hz, 0.08 ms behind)
[0m[33m[init]: disparity is 14.512,15.700 (15.00 thresh)
[0m[33m[init-s]: to much IMU excitation, above threshold 1.232 > 0.450
[0m[34m[TIME]: 0.0006 seconds total (1644.7 hz, 0.08 ms behind)
[0m[33m[init]: disparity is 14.512,15.700 (15.00 thresh)
[0m[33m[init-s]: to much IMU excitation, above threshold 1.232 > 0.450
[0m[34m[TIME]: 0.0007 seconds total (1412.4 hz, 0.09 ms behind)
[0m[33m[init]: disparity is 14.512,15.700 (15.00 thresh)
[0m[34m[TIME]: 0.0005 seconds total (1818.2 hz, 0.09 ms behind)
[0m[33m[init-s]: to much IMU excitation, above threshold 1.237 > 0.450
[0m[34m[TIME]: 0.0008 seconds total (1190.5 hz, 0.09 ms behind)
[0m[33m[init]: disparity is 15.780,14.488 (15.00 thresh)
[0m[33m[init]: failed static init: no accel jerk detected, platform moving too much
[0m[34m[TIME]: 0.0039 seconds total (255.3 hz, 0.09 ms behind)
[0m[33m[init]: disparity is 15.780,14.488 (15.00 thresh)
[0m[33m[init]: failed static init: no accel jerk detected, platform moving too much
[0m[34m[TIME]: 0.0010 seconds total (987.2 hz, 0.09 ms behind)
[0m[33m[init]: disparity is 15.780,14.488 (15.00 thresh)
[0m[33m[init]: failed static init: no accel jerk detected, platform moving too much
[0m[34m[TIME]: 0.0011 seconds total (925.1 hz, 0.10 ms behind)
[0m[33m[init]: disparity is 15.780,14.488 (15.00 thresh)
[0m[33m[init]: failed static init: no accel jerk detected, platform moving too much
[0m[34m[TIME]: 0.0009 seconds total (1142.9 hz, 0.10 ms behind)
[0m[33m[init]: disparity is 15.780,14.488 (15.00 thresh)
[0m[33m[init]: failed static init: no accel jerk detected, platform moving too much
[0m[34m[TIME]: 0.0039 seconds total (257.2 hz, 0.10 ms behind)
[0m[33m[init]: disparity is 15.780,14.276 (15.00 thresh)
[0m[33m[init]: failed static init: no accel jerk detected, platform moving too much
[0m[34m[TIME]: 0.0006 seconds total (1569.9 hz, 0.10 ms behind)
[0m[33m[init]: disparity is 15.780,14.276 (15.00 thresh)
[0m[33m[init]: failed static init: no accel jerk detected, platform moving too much
[0m[34m[TIME]: 0.0024 seconds total (417.5 hz, 0.10 ms behind)
[0m[33m[init]: disparity is 15.780,14.276 (15.00 thresh)
[0m[33m[init]: failed static init: no accel jerk detected, platform moving too much
[0m[34m[TIME]: 0.0035 seconds total (282.2 hz, 0.36 ms behind)
[0m[33m[init]: disparity is 15.874,15.899 (15.00 thresh)
[0m[33m[init]: failed static init: no accel jerk detected, platform moving too much
[0m[34m[TIME]: 0.0008 seconds total (1240.7 hz, 0.36 ms behind)
[0m[34m[TIME]: 0.0004 seconds total (2331.0 hz, 0.36 ms behind)
[0m[33m[init]: disparity is 15.874,15.899 (15.00 thresh)
[0m[33m[init]: failed static init: no accel jerk detected, platform moving too much
[0m[34m[TIME]: 0.0007 seconds total (1344.1 hz, 0.36 ms behind)
[0m[34m[TIME]: 0.0004 seconds total (2695.4 hz, 0.36 ms behind)
[0m[33m[init]: disparity is 15.874,15.899 (15.00 thresh)
[0m[33m[init]: failed static init: no accel jerk detected, platform moving too much
[0m[34m[TIME]: 0.0007 seconds total (1347.7 hz, 0.12 ms behind)
[0m[33m[init]: disparity is 15.874,15.899 (15.00 thresh)
[0m[33m[init]: failed static init: no accel jerk detected, platform moving too much
[0m[34m[TIME]: 0.0038 seconds total (263.8 hz, 0.12 ms behind)
[0m[33m[init]: disparity is 15.105,13.938 (15.00 thresh)
[0m[33m[init]: failed static init: no accel jerk detected, platform moving too much
[0m[34m[TIME]: 0.0009 seconds total (1095.3 hz, 0.12 ms behind)
[0m[33m[init]: disparity is 15.105,13.938 (15.00 thresh)
[0m[33m[init]: failed static init: no accel jerk detected, platform moving too much
[0m[34m[TIME]: 0.0010 seconds total (1034.1 hz, 0.12 ms behind)
[0m[33m[init]: disparity is 15.105,13.938 (15.00 thresh)
[0m[33m[init]: failed static init: no accel jerk detected, platform moving too much
[0m[34m[TIME]: 0.0010 seconds total (966.2 hz, 0.12 ms behind)
[0m[33m[init]: disparity is 15.105,13.938 (15.00 thresh)
[0m[33m[init]: failed static init: no accel jerk detected, platform moving too much
[0m[34m[TIME]: 0.0010 seconds total (964.3 hz, 0.13 ms behind)
[0m[33m[init]: disparity is 15.105,13.938 (15.00 thresh)
[0m[33m[init]: failed static init: no accel jerk detected, platform moving too much
[0m[34m[TIME]: 0.0006 seconds total (1792.1 hz, 0.13 ms behind)
[0m[33m[init]: disparity is 15.105,13.938 (15.00 thresh)
[0m[33m[init]: failed static init: no accel jerk detected, platform moving too much
[0m[34m[TIME]: 0.0031 seconds total (326.9 hz, 0.13 ms behind)
[0m[33m[init]: disparity is 15.297,13.411 (15.00 thresh)
[0m[33m[init]: failed static init: no accel jerk detected, platform moving too much
[0m[34m[TIME]: 0.0026 seconds total (380.5 hz, 0.13 ms behind)
[0m[33m[init]: disparity is 15.297,13.411 (15.00 thresh)
[0m[33m[init]: failed static init: no accel jerk detected, platform moving too much
[0m[34m[TIME]: 0.0026 seconds total (381.0 hz, 0.13 ms behind)
[0m[33m[init]: disparity is 15.297,13.411 (15.00 thresh)
[0m[33m[init]: failed static init: no accel jerk detected, platform moving too much
[0m[34m[TIME]: 0.0013 seconds total (758.2 hz, 0.14 ms behind)
[0m[33m[init]: disparity is 16.793,12.633 (15.00 thresh)
[0m[33m[init]: failed static init: no accel jerk detected, platform moving too much
[0m[34m[TIME]: 0.0008 seconds total (1298.7 hz, 0.14 ms behind)
[0m[33m[init]: disparity is 16.793,12.633 (15.00 thresh)
[0m[33m[init]: failed static init: no accel jerk detected, platform moving too much
[0m[34m[TIME]: 0.0006 seconds total (1634.0 hz, 0.14 ms behind)
[0m[34m[TIME]: 0.0004 seconds total (2512.6 hz, 0.14 ms behind)
[0m[33m[init]: disparity is 16.793,12.633 (15.00 thresh)
[0m[33m[init]: failed static init: no accel jerk detected, platform moving too much
[0m[34m[TIME]: 0.0004 seconds total (2487.6 hz, 0.14 ms behind)
[0m[33m[init]: disparity is 16.793,12.633 (15.00 thresh)
[0m[33m[init]: failed static init: no accel jerk detected, platform moving too much
[0m[34m[TIME]: 0.0041 seconds total (242.7 hz, 0.15 ms behind)
[0m[33m[init]: disparity is 16.496,12.530 (15.00 thresh)
[0m[33m[init]: failed static init: no accel jerk detected, platform moving too much
[0m[34m[TIME]: 0.0016 seconds total (635.7 hz, 0.15 ms behind)
[0m[33m[init]: disparity is 16.496,12.530 (15.00 thresh)
[0m[33m[init]: failed static init: no accel jerk detected, platform moving too much
[0m[34m[TIME]: 0.0009 seconds total (1063.8 hz, 0.15 ms behind)
[0m[33m[init]: disparity is 16.496,12.530 (15.00 thresh)
[0m[33m[init]: failed static init: no accel jerk detected, platform moving too much
[0m[34m[TIME]: 0.0010 seconds total (1027.7 hz, 0.15 ms behind)
[0m[33m[init]: disparity is 16.496,12.530 (15.00 thresh)
[0m[33m[init]: failed static init: no accel jerk detected, platform moving too much
[0m[34m[TIME]: 0.0010 seconds total (1040.6 hz, 0.15 ms behind)
[0m[33m[init]: disparity is 16.496,12.530 (15.00 thresh)
[0m[33m[init]: failed static init: no accel jerk detected, platform moving too much
[0m[34m[TIME]: 0.0008 seconds total (1256.3 hz, 0.16 ms behind)
[0m[33m[init]: disparity is 16.496,12.530 (15.00 thresh)
[0m[33m[init]: failed static init: no accel jerk detected, platform moving too much
[0m[34m[TIME]: 0.0026 seconds total (379.1 hz, 0.16 ms behind)
[0m[33m[init]: disparity is 17.854,12.894 (15.00 thresh)
[0m[33m[init]: failed static init: no accel jerk detected, platform moving too much
[0m[34m[TIME]: 0.0008 seconds total (1203.4 hz, 0.16 ms behind)
[0m[33m[init]: disparity is 17.854,12.894 (15.00 thresh)
[0m[33m[init]: failed static init: no accel jerk detected, platform moving too much
[0m[34m[TIME]: 0.0026 seconds total (380.7 hz, 0.16 ms behind)
[0m[33m[init]: disparity is 17.854,12.894 (15.00 thresh)
[0m[33m[init]: failed static init: no accel jerk detected, platform moving too much
[0m[34m[TIME]: 0.0029 seconds total (341.2 hz, 0.16 ms behind)
[0m[33m[init]: disparity is 17.854,12.894 (15.00 thresh)
[0m[33m[init]: failed static init: no accel jerk detected, platform moving too much
[0m[34m[TIME]: 0.0010 seconds total (955.1 hz, 0.18 ms behind)
[0m[34m[TIME]: 0.0005 seconds total (2114.2 hz, 0.18 ms behind)
[0m[33m[init]: disparity is 17.854,12.894 (15.00 thresh)
[0m[33m[init]: failed static init: no accel jerk detected, platform moving too much
[0m[34m[TIME]: 0.0039 seconds total (255.4 hz, 0.18 ms behind)
[0m[33m[init]: disparity is 17.592,12.536 (15.00 thresh)
[0m[33m[init]: failed static init: no accel jerk detected, platform moving too much
[0m[34m[TIME]: 0.0006 seconds total (1650.2 hz, 0.18 ms behind)
[0m[33m[init]: disparity is 17.592,12.536 (15.00 thresh)
[0m[33m[init]: failed static init: no accel jerk detected, platform moving too much
[0m[34m[TIME]: 0.0005 seconds total (1883.2 hz, 0.18 ms behind)
[0m[33m[init]: disparity is 17.592,12.536 (15.00 thresh)
[0m[33m[init]: failed static init: no accel jerk detected, platform moving too much
[0m[34m[TIME]: 0.0015 seconds total (680.7 hz, 0.18 ms behind)
[0m[33m[init]: disparity is 16.429,13.007 (15.00 thresh)
[0m[33m[init]: failed static init: no accel jerk detected, platform moving too much
[0m[34m[TIME]: 0.0007 seconds total (1494.8 hz, 0.18 ms behind)
[0m[34m[TIME]: 0.0004 seconds total (2427.2 hz, 0.18 ms behind)
[0m[33m[init]: disparity is 16.429,13.007 (15.00 thresh)
[0m[33m[init]: failed static init: no accel jerk detected, platform moving too much
[0m[34m[TIME]: 0.0007 seconds total (1383.1 hz, 0.18 ms behind)
[0m[33m[init]: disparity is 16.429,13.007 (15.00 thresh)
[0m[33m[init]: failed static init: no accel jerk detected, platform moving too much
[0m[34m[TIME]: 0.0010 seconds total (984.3 hz, 0.18 ms behind)
[0m[33m[init]: disparity is 16.429,13.007 (15.00 thresh)
[0m[33m[init]: failed static init: no accel jerk detected, platform moving too much
[0m[34m[TIME]: 0.0007 seconds total (1366.1 hz, 0.19 ms behind)
[0m[33m[init]: disparity is 16.429,13.007 (15.00 thresh)
[0m[33m[init]: failed static init: no accel jerk detected, platform moving too much
[0m[34m[TIME]: 0.0013 seconds total (757.0 hz, 0.19 ms behind)
[0m[33m[init]: disparity is 16.429,14.439 (15.00 thresh)
[0m[33m[init]: failed static init: no accel jerk detected, platform moving too much
[0m[34m[TIME]: 0.0007 seconds total (1524.4 hz, 0.19 ms behind)
[0m[33m[init]: disparity is 16.429,14.439 (15.00 thresh)
[0m[33m[init]: failed static init: no accel jerk detected, platform moving too much
[0m[34m[TIME]: 0.0026 seconds total (378.9 hz, 0.19 ms behind)
[0m[33m[init]: disparity is 16.429,14.439 (15.00 thresh)
[0m[33m[init]: failed static init: no accel jerk detected, platform moving too much
[0m[34m[TIME]: 0.0029 seconds total (344.4 hz, 0.19 ms behind)
[0m[33m[init]: disparity is 16.429,14.439 (15.00 thresh)
[0m[33m[init]: failed static init: no accel jerk detected, platform moving too much
[0m[34m[TIME]: 0.0013 seconds total (780.0 hz, 0.20 ms behind)
[0m[33m[init]: disparity is 16.429,14.439 (15.00 thresh)
[0m[33m[init]: failed static init: no accel jerk detected, platform moving too much
[0m[34m[TIME]: 0.0039 seconds total (256.9 hz, 0.20 ms behind)
[0m[33m[init]: disparity is 15.841,14.439 (15.00 thresh)
[0m[33m[init]: failed static init: no accel jerk detected, platform moving too much
[0m[34m[TIME]: 0.0013 seconds total (768.0 hz, 0.20 ms behind)
[0m[33m[init]: disparity is 15.841,14.439 (15.00 thresh)
[0m[33m[init]: failed static init: no accel jerk detected, platform moving too much
[0m[34m[TIME]: 0.0006 seconds total (1587.3 hz, 0.20 ms behind)
[0m[33m[init]: disparity is 15.841,14.439 (15.00 thresh)
[0m[33m[init]: failed static init: no accel jerk detected, platform moving too much
[0m[34m[TIME]: 0.0005 seconds total (1930.5 hz, 0.20 ms behind)
[0m[33m[init]: disparity is 15.841,14.439 (15.00 thresh)
[0m[33m[init]: failed static init: no accel jerk detected, platform moving too much
[0m[34m[TIME]: 0.0014 seconds total (723.1 hz, 0.22 ms behind)
[0m[33m[init]: disparity is 15.841,14.020 (15.00 thresh)
[0m[33m[init]: failed static init: no accel jerk detected, platform moving too much
[0m[34m[TIME]: 0.0006 seconds total (1612.9 hz, 0.22 ms behind)
[0m[33m[init]: disparity is 15.841,14.020 (15.00 thresh)
[0m[33m[init]: failed static init: no accel jerk detected, platform moving too much
[0m[34m[TIME]: 0.0039 seconds total (257.1 hz, 0.22 ms behind)
[0m[33m[init]: disparity is 15.841,14.020 (15.00 thresh)
[0m[33m[init]: failed static init: no accel jerk detected, platform moving too much
[0m[34m[TIME]: 0.0010 seconds total (1040.6 hz, 0.22 ms behind)
[0m[33m[init]: disparity is 15.841,14.020 (15.00 thresh)
[0m[33m[init]: failed static init: no accel jerk detected, platform moving too much
[0m[34m[TIME]: 0.0010 seconds total (976.6 hz, 0.22 ms behind)
[0m[33m[init]: disparity is 15.841,14.020 (15.00 thresh)
[0m[33m[init]: failed static init: no accel jerk detected, platform moving too much
[0m[34m[TIME]: 0.0007 seconds total (1424.5 hz, 0.23 ms behind)
[0m[33m[init]: disparity is 15.841,14.020 (15.00 thresh)
[0m[33m[init]: failed static init: no accel jerk detected, platform moving too much
[0m[34m[TIME]: 0.0008 seconds total (1245.3 hz, 0.23 ms behind)
[0m[33m[init]: disparity is 15.841,14.020 (15.00 thresh)
[0m[33m[init]: failed static init: no accel jerk detected, platform moving too much
[0m[34m[TIME]: 0.0006 seconds total (1715.3 hz, 0.23 ms behind)
[0m[33m[init]: disparity is 15.841,14.020 (15.00 thresh)
[0m[33m[init]: failed static init: no accel jerk detected, platform moving too much
[0m[34m[TIME]: 0.0014 seconds total (705.2 hz, 0.23 ms behind)
[0m[33m[init]: disparity is 15.784,14.554 (15.00 thresh)
[0m[33m[init]: failed static init: no accel jerk detected, platform moving too much
[0m[34m[TIME]: 0.0027 seconds total (364.0 hz, 0.23 ms behind)
[0m[33m[init]: disparity is 15.784,14.554 (15.00 thresh)
[0m[33m[init]: failed static init: no accel jerk detected, platform moving too much
[0m[34m[TIME]: 0.0010 seconds total (979.4 hz, 0.24 ms behind)
[0m[33m[init]: disparity is 15.784,14.554 (15.00 thresh)
[0m[33m[init]: failed static init: no accel jerk detected, platform moving too much
[0m[34m[TIME]: 0.0008 seconds total (1297.0 hz, 0.24 ms behind)
[0m[33m[init]: disparity is 15.870,16.475 (15.00 thresh)
[0m[33m[init]: failed static init: no accel jerk detected, platform moving too much
[0m[34m[TIME]: 0.0009 seconds total (1173.7 hz, 0.24 ms behind)
[0m[33m[init]: disparity is 15.870,16.475 (15.00 thresh)
[0m[33m[init]: failed static init: no accel jerk detected, platform moving too much
[0m[34m[TIME]: 0.0039 seconds total (259.1 hz, 0.24 ms behind)
[0m[33m[init]: disparity is 15.870,16.475 (15.00 thresh)
[0m[33m[init]: failed static init: no accel jerk detected, platform moving too much
[0m[34m[TIME]: 0.0006 seconds total (1782.5 hz, 0.24 ms behind)
[0m[33m[init]: disparity is 15.870,16.475 (15.00 thresh)
[0m[33m[init]: failed static init: no accel jerk detected, platform moving too much
[0m[34m[TIME]: 0.0011 seconds total (899.3 hz, 0.25 ms behind)
[0m[33m[init]: disparity is 14.877,18.382 (15.00 thresh)
[0m[33m[init-s]: to much IMU excitation, above threshold 1.067 > 0.450
[0m[34m[TIME]: 0.0039 seconds total (256.0 hz, 0.25 ms behind)
[0m[33m[init]: disparity is 14.877,18.382 (15.00 thresh)
[0m[33m[init-s]: to much IMU excitation, above threshold 1.067 > 0.450
[0m[34m[TIME]: 0.0011 seconds total (933.7 hz, 0.25 ms behind)
[0m[33m[init]: disparity is 14.877,18.382 (15.00 thresh)
[0m[33m[init-s]: to much IMU excitation, above threshold 1.067 > 0.450
[0m[34m[TIME]: 0.0006 seconds total (1700.7 hz, 0.25 ms behind)
[0m[33m[init]: disparity is 14.877,18.382 (15.00 thresh)
[0m[33m[init-s]: to much IMU excitation, above threshold 1.067 > 0.450
[0m[34m[TIME]: 0.0008 seconds total (1273.9 hz, 0.25 ms behind)
[0m[33m[init]: disparity is 14.877,18.382 (15.00 thresh)
[0m[33m[init-s]: to much IMU excitation, above threshold 1.067 > 0.450
[0m[34m[TIME]: 0.0041 seconds total (245.5 hz, 0.01 ms behind)
[0m[33m[init]: disparity is 14.488,17.217 (15.00 thresh)
[0m[33m[init-s]: to much IMU excitation, above threshold 1.038 > 0.450
[0m[34m[TIME]: 0.0006 seconds total (1602.6 hz, 0.01 ms behind)
[0m[33m[init]: disparity is 14.488,17.217 (15.00 thresh)
[0m[33m[init-s]: to much IMU excitation, above threshold 1.038 > 0.450
[0m[34m[TIME]: 0.0038 seconds total (261.6 hz, 0.01 ms behind)
[0m[33m[init]: disparity is 14.488,17.217 (15.00 thresh)
[0m[33m[init-s]: to much IMU excitation, above threshold 1.038 > 0.450
[0m[34m[TIME]: 0.0011 seconds total (932.0 hz, 0.01 ms behind)
[0m[33m[init]: disparity is 14.488,17.217 (15.00 thresh)
[0m[33m[init-s]: to much IMU excitation, above threshold 1.038 > 0.450
[0m[34m[TIME]: 0.0023 seconds total (429.6 hz, 0.01 ms behind)
[0m[33m[init]: disparity is 14.488,17.217 (15.00 thresh)
[0m[33m[init-s]: to much IMU excitation, above threshold 1.038 > 0.450
[0m[34m[TIME]: 0.0009 seconds total (1152.1 hz, 0.27 ms behind)
[0m[33m[init]: disparity is 14.488,17.217 (15.00 thresh)
[0m[33m[init-s]: to much IMU excitation, above threshold 1.052 > 0.450
[0m[34m[TIME]: 0.0008 seconds total (1317.5 hz, 0.27 ms behind)
[0m[33m[init]: disparity is 14.488,17.217 (15.00 thresh)
[0m[33m[init-s]: to much IMU excitation, above threshold 1.052 > 0.450
[0m[34m[TIME]: 0.0006 seconds total (1788.9 hz, 0.27 ms behind)
[0m[33m[init]: disparity is 14.488,17.217 (15.00 thresh)
[0m[33m[init-s]: to much IMU excitation, above threshold 1.052 > 0.450
[0m[34m[TIME]: 0.0024 seconds total (421.4 hz, 0.27 ms behind)
[0m[33m[init]: disparity is 14.672,17.104 (15.00 thresh)
[0m[33m[init-s]: to much IMU excitation, above threshold 1.052 > 0.450
[0m[34m[TIME]: 0.0006 seconds total (1615.5 hz, 0.27 ms behind)
[0m[33m[init]: disparity is 14.672,17.104 (15.00 thresh)
[0m[33m[init-s]: to much IMU excitation, above threshold 1.052 > 0.450
[0m[34m[TIME]: 0.0010 seconds total (1000.0 hz, 0.28 ms behind)
[0m[33m[init]: disparity is 14.672,17.104 (15.00 thresh)
[0m[33m[init-s]: to much IMU excitation, above threshold 1.056 > 0.450
[0m[34m[TIME]: 0.0012 seconds total (817.7 hz, 0.28 ms behind)
[0m[33m[init]: disparity is 14.487,17.263 (15.00 thresh)
[0m[33m[init-s]: to much IMU excitation, above threshold 1.056 > 0.450
[0m[34m[TIME]: 0.0008 seconds total (1176.5 hz, 0.28 ms behind)
[0m[33m[init]: disparity is 14.487,17.263 (15.00 thresh)
[0m[33m[init-s]: to much IMU excitation, above threshold 1.056 > 0.450
[0m[34m[TIME]: 0.0007 seconds total (1408.5 hz, 0.28 ms behind)
[0m[33m[init]: disparity is 14.487,17.263 (15.00 thresh)
[0m[33m[init-s]: to much IMU excitation, above threshold 1.056 > 0.450
[0m[34m[TIME]: 0.0008 seconds total (1225.5 hz, 0.28 ms behind)
[0m[33m[init]: disparity is 14.487,17.263 (15.00 thresh)
[0m[33m[init-s]: to much IMU excitation, above threshold 1.056 > 0.450
[0m[34m[TIME]: 0.0013 seconds total (769.8 hz, 0.29 ms behind)
[0m[33m[init]: disparity is 15.864,17.347 (15.00 thresh)
[0m[33m[init]: failed static init: no accel jerk detected, platform moving too much
[0m[34m[TIME]: 0.0033 seconds total (304.9 hz, 0.29 ms behind)
[0m[33m[init]: disparity is 15.864,17.347 (15.00 thresh)
[0m[33m[init]: failed static init: no accel jerk detected, platform moving too much
[0m[34m[TIME]: 0.0028 seconds total (358.4 hz, 0.29 ms behind)
[0m[33m[init]: disparity is 15.864,17.347 (15.00 thresh)
[0m[33m[init]: failed static init: no accel jerk detected, platform moving too much
[0m[34m[TIME]: 0.0009 seconds total (1175.1 hz, 0.29 ms behind)
[0m[33m[init]: disparity is 15.864,17.347 (15.00 thresh)
[0m[33m[init]: failed static init: no accel jerk detected, platform moving too much
[0m[34m[TIME]: 0.0026 seconds total (384.0 hz, 0.29 ms behind)
[0m[33m[init]: disparity is 15.864,17.347 (15.00 thresh)
[0m[33m[init]: failed static init: no accel jerk detected, platform moving too much
[0m[34m[TIME]: 0.0041 seconds total (243.9 hz, 0.05 ms behind)
[0m[33m[init]: disparity is 14.252,17.065 (15.00 thresh)
[0m[34m[TIME]: 0.0005 seconds total (2032.5 hz, 0.05 ms behind)
[0m[33m[init-s]: to much IMU excitation, above threshold 1.016 > 0.450
[0m[34m[TIME]: 0.0004 seconds total (2409.6 hz, 0.05 ms behind)
[0m[33m[init]: disparity is 14.252,17.065 (15.00 thresh)
[0m[33m[init-s]: to much IMU excitation, above threshold 1.016 > 0.450
[0m[34m[TIME]: 0.0014 seconds total (702.2 hz, 0.05 ms behind)
[0m[33m[init]: disparity is 14.252,17.065 (15.00 thresh)
[0m[33m[init-s]: to much IMU excitation, above threshold 1.016 > 0.450
[0m[34m[TIME]: 0.0005 seconds total (1968.5 hz, 0.05 ms behind)
[0m[33m[init]: disparity is 14.252,17.065 (15.00 thresh)
[0m[33m[init-s]: to much IMU excitation, above threshold 1.016 > 0.450
[0m[34m[TIME]: 0.0007 seconds total (1381.2 hz, 0.06 ms behind)
[0m[33m[init]: disparity is 14.252,17.065 (15.00 thresh)
[0m[33m[init-s]: to much IMU excitation, above threshold 0.989 > 0.450
[0m[34m[TIME]: 0.0008 seconds total (1234.6 hz, 0.06 ms behind)
[0m[33m[init]: disparity is 14.252,17.065 (15.00 thresh)
[0m[33m[init-s]: to much IMU excitation, above threshold 0.989 > 0.450
[0m[34m[TIME]: 0.0008 seconds total (1280.4 hz, 0.06 ms behind)
[0m[33m[init]: disparity is 14.252,17.065 (15.00 thresh)
[0m[33m[init-s]: to much IMU excitation, above threshold 0.989 > 0.450
[0m[34m[TIME]: 0.0035 seconds total (287.6 hz, 0.06 ms behind)
[0m[33m[init]: disparity is 13.685,17.089 (15.00 thresh)
[0m[33m[init-s]: to much IMU excitation, above threshold 0.989 > 0.450
[0m[34m[TIME]: 0.0006 seconds total (1610.3 hz, 0.06 ms behind)
[0m[33m[init]: disparity is 13.685,17.089 (15.00 thresh)
[0m[33m[init-s]: to much IMU excitation, above threshold 0.989 > 0.450
[0m[34m[TIME]: 0.0011 seconds total (934.6 hz, 0.32 ms behind)
[0m[33m[init]: disparity is 13.685,17.089 (15.00 thresh)
[0m[33m[init-s]: to much IMU excitation, above threshold 0.968 > 0.450
[0m[34m[TIME]: 0.0007 seconds total (1522.1 hz, 0.32 ms behind)
[0m[33m[init]: disparity is 12.901,18.507 (15.00 thresh)
[0m[33m[init-s]: to much IMU excitation, above threshold 0.968 > 0.450
[0m[34m[TIME]: 0.0026 seconds total (385.5 hz, 0.32 ms behind)
[0m[33m[init]: disparity is 12.901,18.507 (15.00 thresh)
[0m[33m[init-s]: to much IMU excitation, above threshold 0.968 > 0.450
[0m[34m[TIME]: 0.0005 seconds total (1919.4 hz, 0.32 ms behind)
[0m[33m[init]: disparity is 12.901,18.507 (15.00 thresh)
[0m[33m[init-s]: to much IMU excitation, above threshold 0.968 > 0.450
[0m[34m[TIME]: 0.0009 seconds total (1059.3 hz, 0.32 ms behind)
[0m[33m[init]: disparity is 12.901,18.507 (15.00 thresh)
[0m[33m[init-s]: to much IMU excitation, above threshold 0.968 > 0.450
[0m[34m[TIME]: 0.0033 seconds total (302.8 hz, 0.08 ms behind)
[0m[33m[init]: disparity is 13.309,18.591 (15.00 thresh)
[0m[33m[init-s]: to much IMU excitation, above threshold 0.931 > 0.450
[0m[34m[TIME]: 0.0026 seconds total (384.2 hz, 0.08 ms behind)
[0m[33m[init]: disparity is 13.309,18.591 (15.00 thresh)
[0m[33m[init-s]: to much IMU excitation, above threshold 0.931 > 0.450
[0m[34m[TIME]: 0.0005 seconds total (2083.3 hz, 0.08 ms behind)
[0m[33m[init]: disparity is 13.309,18.591 (15.00 thresh)
[0m[33m[init-s]: to much IMU excitation, above threshold 0.931 > 0.450
[0m[34m[TIME]: 0.0006 seconds total (1658.4 hz, 0.08 ms behind)
[0m[33m[init]: disparity is 13.309,18.591 (15.00 thresh)
[0m[33m[init-s]: to much IMU excitation, above threshold 0.931 > 0.450
[0m[34m[TIME]: 0.0026 seconds total (388.5 hz, 0.08 ms behind)
[0m[33m[init]: disparity is 13.309,18.591 (15.00 thresh)
[0m[33m[init-s]: to much IMU excitation, above threshold 0.931 > 0.450
[0m[34m[TIME]: 0.0008 seconds total (1292.0 hz, 0.09 ms behind)
[0m[33m[init]: disparity is 13.309,18.591 (15.00 thresh)
[0m[33m[init-s]: to much IMU excitation, above threshold 0.888 > 0.450
[0m[34m[TIME]: 0.0005 seconds total (1848.4 hz, 0.09 ms behind)
[0m[33m[init]: disparity is 13.309,18.591 (15.00 thresh)
[0m[33m[init-s]: to much IMU excitation, above threshold 0.888 > 0.450
[0m[34m[TIME]: 0.0007 seconds total (1345.9 hz, 0.09 ms behind)
[0m[33m[init]: disparity is 13.309,18.591 (15.00 thresh)
[0m[33m[init-s]: to much IMU excitation, above threshold 0.888 > 0.450
[0m[34m[TIME]: 0.0021 seconds total (474.6 hz, 0.09 ms behind)
[0m[33m[init]: disparity is 13.672,19.871 (15.00 thresh)
[0m[33m[init-s]: to much IMU excitation, above threshold 0.888 > 0.450
[0m[34m[TIME]: 0.0005 seconds total (1923.1 hz, 0.09 ms behind)
[0m[33m[init]: disparity is 13.672,19.871 (15.00 thresh)
[0m[33m[init-s]: to much IMU excitation, above threshold 0.888 > 0.450
[0m[34m[TIME]: 0.0012 seconds total (801.9 hz, 0.10 ms behind)
[0m[33m[init]: disparity is 13.672,19.871 (15.00 thresh)
[0m[33m[init-s]: to much IMU excitation, above threshold 0.824 > 0.450
[0m[34m[TIME]: 0.0009 seconds total (1109.9 hz, 0.10 ms behind)
[0m[33m[init]: disparity is 13.672,19.871 (15.00 thresh)
[0m[33m[init-s]: to much IMU excitation, above threshold 0.824 > 0.450
[0m[34m[TIME]: 0.0040 seconds total (248.1 hz, 0.10 ms behind)
[0m[33m[init]: disparity is 13.007,19.871 (15.00 thresh)
[0m[33m[init-s]: to much IMU excitation, above threshold 0.824 > 0.450
[0m[34m[TIME]: 0.0041 seconds total (245.2 hz, 0.10 ms behind)
[0m[33m[init]: disparity is 13.007,19.871 (15.00 thresh)
[0m[33m[init-s]: to much IMU excitation, above threshold 0.824 > 0.450
[0m[34m[TIME]: 0.0008 seconds total (1269.0 hz, 0.10 ms behind)
[0m[33m[init]: disparity is 13.007,19.871 (15.00 thresh)
[0m[33m[init-s]: to much IMU excitation, above threshold 0.824 > 0.450
[0m[34m[TIME]: 0.0013 seconds total (772.2 hz, 0.11 ms behind)
[0m[33m[init]: disparity is 13.007,20.468 (15.00 thresh)
[0m[33m[init-s]: to much IMU excitation, above threshold 0.807 > 0.450
[0m[34m[TIME]: 0.0010 seconds total (1050.4 hz, 0.11 ms behind)
[0m[33m[init]: disparity is 13.007,20.468 (15.00 thresh)
[0m[33m[init-s]: to much IMU excitation, above threshold 0.807 > 0.450
[0m[34m[TIME]: 0.0005 seconds total (1834.9 hz, 0.11 ms behind)
[0m[33m[init]: disparity is 13.007,20.468 (15.00 thresh)
[0m[33m[init-s]: to much IMU excitation, above threshold 0.807 > 0.450
[0m[34m[TIME]: 0.0005 seconds total (1919.4 hz, 0.11 ms behind)
[0m[33m[init]: disparity is 13.007,20.468 (15.00 thresh)
[0m[33m[init-s]: to much IMU excitation, above threshold 0.807 > 0.450
[0m[34m[TIME]: 0.0038 seconds total (261.2 hz, 0.11 ms behind)
[0m[33m[init]: disparity is 13.007,20.468 (15.00 thresh)
[0m[33m[init-s]: to much IMU excitation, above threshold 0.807 > 0.450
[0m[34m[TIME]: 0.0040 seconds total (250.4 hz, 0.12 ms behind)
[0m[33m[init]: disparity is 14.103,20.662 (15.00 thresh)
[0m[33m[init-s]: to much IMU excitation, above threshold 0.810 > 0.450
[0m[34m[TIME]: 0.0033 seconds total (304.3 hz, 0.12 ms behind)
[0m[33m[init]: disparity is 14.103,20.662 (15.00 thresh)
[0m[33m[init-s]: to much IMU excitation, above threshold 0.810 > 0.450
[0m[34m[TIME]: 0.0007 seconds total (1428.6 hz, 0.12 ms behind)
[0m[33m[init]: disparity is 14.103,20.662 (15.00 thresh)
[0m[33m[init-s]: to much IMU excitation, above threshold 0.810 > 0.450
[0m[34m[TIME]: 0.0006 seconds total (1569.9 hz, 0.12 ms behind)
[0m[34m[TIME]: 0.0004 seconds total (2293.6 hz, 0.12 ms behind)
[0m[33m[init]: disparity is 14.103,20.662 (15.00 thresh)
[0m[33m[init-s]: to much IMU excitation, above threshold 0.810 > 0.450
[0m[34m[TIME]: 0.0007 seconds total (1390.8 hz, 0.13 ms behind)
[0m[33m[init]: disparity is 14.103,20.662 (15.00 thresh)
[0m[33m[init-s]: to much IMU excitation, above threshold 0.798 > 0.450
[0m[34m[TIME]: 0.0005 seconds total (1908.4 hz, 0.13 ms behind)
[0m[33m[init]: disparity is 14.103,20.662 (15.00 thresh)
[0m[33m[init-s]: to much IMU excitation, above threshold 0.798 > 0.450
[0m[34m[TIME]: 0.0041 seconds total (245.6 hz, 0.13 ms behind)
[0m[33m[init]: disparity is 14.580,20.137 (15.00 thresh)
[0m[33m[init-s]: to much IMU excitation, above threshold 0.798 > 0.450
[0m[34m[TIME]: 0.0020 seconds total (491.6 hz, 0.13 ms behind)
[0m[33m[init]: disparity is 14.580,20.137 (15.00 thresh)
[0m[33m[init-s]: to much IMU excitation, above threshold 0.798 > 0.450
[0m[34m[TIME]: 0.0008 seconds total (1230.0 hz, 0.13 ms behind)
[0m[33m[init]: disparity is 14.580,20.137 (15.00 thresh)
[0m[33m[init-s]: to much IMU excitation, above threshold 0.798 > 0.450
[0m[34m[TIME]: 0.0010 seconds total (1003.0 hz, 0.14 ms behind)
[0m[33m[init]: disparity is 14.580,20.137 (15.00 thresh)
[0m[33m[init-s]: to much IMU excitation, above threshold 0.747 > 0.450
[0m[34m[TIME]: 0.0008 seconds total (1262.6 hz, 0.14 ms behind)
[0m[33m[init]: disparity is 14.580,20.137 (15.00 thresh)
[0m[33m[init-s]: to much IMU excitation, above threshold 0.747 > 0.450
[0m[34m[TIME]: 0.0005 seconds total (1828.2 hz, 0.14 ms behind)
[0m[33m[init]: disparity is 14.580,20.137 (15.00 thresh)
[0m[33m[init-s]: to much IMU excitation, above threshold 0.747 > 0.450
[0m[34m[TIME]: 0.0038 seconds total (260.3 hz, 0.14 ms behind)
[0m[33m[init]: disparity is 14.554,18.970 (15.00 thresh)
[0m[33m[init-s]: to much IMU excitation, above threshold 0.747 > 0.450
[0m[34m[TIME]: 0.0019 seconds total (516.0 hz, 0.14 ms behind)
[0m[33m[init]: disparity is 14.554,18.970 (15.00 thresh)
[0m[33m[init-s]: to much IMU excitation, above threshold 0.747 > 0.450
[0m[34m[TIME]: 0.0042 seconds total (239.5 hz, 0.15 ms behind)
[0m[33m[init]: disparity is 16.290,19.841 (15.00 thresh)
[0m[33m[init]: failed static init: no accel jerk detected, platform moving too much
[0m[34m[TIME]: 0.0008 seconds total (1215.1 hz, 0.15 ms behind)
[0m[33m[init]: disparity is 16.290,19.841 (15.00 thresh)
[0m[33m[init]: failed static init: no accel jerk detected, platform moving too much
[0m[34m[TIME]: 0.0008 seconds total (1246.9 hz, 0.15 ms behind)
[0m[33m[init]: disparity is 16.290,19.841 (15.00 thresh)
[0m[33m[init]: failed static init: no accel jerk detected, platform moving too much
[0m[34m[TIME]: 0.0005 seconds total (1953.1 hz, 0.15 ms behind)
[0m[33m[init]: disparity is 16.290,19.841 (15.00 thresh)
[0m[33m[init]: failed static init: no accel jerk detected, platform moving too much
[0m[34m[TIME]: 0.0038 seconds total (265.3 hz, 0.15 ms behind)
[0m[33m[init]: disparity is 16.290,19.841 (15.00 thresh)
[0m[33m[init]: failed static init: no accel jerk detected, platform moving too much
[0m[34m[TIME]: 0.0007 seconds total (1420.5 hz, 0.16 ms behind)
[0m[33m[init]: disparity is 16.290,19.841 (15.00 thresh)
[0m[33m[init]: failed static init: no accel jerk detected, platform moving too much
[0m[34m[TIME]: 0.0035 seconds total (289.4 hz, 0.16 ms behind)
[0m[33m[init]: disparity is 17.229,23.233 (15.00 thresh)
[0m[33m[init]: failed static init: no accel jerk detected, platform moving too much
[0m[34m[TIME]: 0.0010 seconds total (1012.1 hz, 0.16 ms behind)
[0m[33m[init]: disparity is 17.229,23.233 (15.00 thresh)
[0m[33m[init]: failed static init: no accel jerk detected, platform moving too much
[0m[34m[TIME]: 0.0006 seconds total (1661.1 hz, 0.16 ms behind)
[0m[34m[TIME]: 0.0005 seconds total (1968.5 hz, 0.16 ms behind)
[0m[33m[init]: disparity is 17.229,23.233 (15.00 thresh)
[0m[33m[init]: failed static init: no accel jerk detected, platform moving too much
[0m[34m[TIME]: 0.0010 seconds total (1048.2 hz, 0.17 ms behind)
[0m[33m[init]: disparity is 17.229,23.233 (15.00 thresh)
[0m[33m[init]: failed static init: no accel jerk detected, platform moving too much
[0m[34m[TIME]: 0.0006 seconds total (1721.2 hz, 0.17 ms behind)
[0m[33m[init]: disparity is 17.229,23.233 (15.00 thresh)
[0m[33m[init]: failed static init: no accel jerk detected, platform moving too much
[0m[34m[TIME]: 0.0027 seconds total (365.8 hz, 0.17 ms behind)
[0m[33m[init]: disparity is 17.123,23.794 (15.00 thresh)
[0m[33m[init]: failed static init: no accel jerk detected, platform moving too much
[0m[34m[TIME]: 0.0028 seconds total (356.4 hz, 0.17 ms behind)
[0m[33m[init]: disparity is 17.123,23.794 (15.00 thresh)
[0m[33m[init]: failed static init: no accel jerk detected, platform moving too much
[0m[34m[TIME]: 0.0006 seconds total (1560.1 hz, 0.17 ms behind)
[0m[33m[init]: disparity is 17.123,23.794 (15.00 thresh)
[0m[33m[init]: failed static init: no accel jerk detected, platform moving too much
[0m[34m[TIME]: 0.0042 seconds total (237.5 hz, 0.18 ms behind)
[0m[33m[init]: disparity is 17.104,22.936 (15.00 thresh)
[0m[33m[init]: failed static init: no accel jerk detected, platform moving too much
[0m[34m[TIME]: 0.0009 seconds total (1171.0 hz, 0.18 ms behind)
[0m[33m[init]: disparity is 17.104,22.936 (15.00 thresh)
[0m[33m[init]: failed static init: no accel jerk detected, platform moving too much
[0m[34m[TIME]: 0.0005 seconds total (1976.3 hz, 0.18 ms behind)
[0m[33m[init]: disparity is 17.104,22.936 (15.00 thresh)
[0m[33m[init]: failed static init: no accel jerk detected, platform moving too much
[0m[34m[TIME]: 0.0005 seconds total (1821.5 hz, 0.18 ms behind)
[0m[33m[init]: disparity is 17.104,22.936 (15.00 thresh)
[0m[33m[init]: failed static init: no accel jerk detected, platform moving too much
[0m[34m[TIME]: 0.0014 seconds total (696.9 hz, 0.18 ms behind)
[0m[33m[init]: disparity is 17.104,22.936 (15.00 thresh)
[0m[33m[init]: failed static init: no accel jerk detected, platform moving too much
[0m[34m[TIME]: 0.0007 seconds total (1356.9 hz, 0.19 ms behind)
[0m[33m[init]: disparity is 17.104,22.936 (15.00 thresh)
[0m[33m[init]: failed static init: no accel jerk detected, platform moving too much
[0m[34m[TIME]: 0.0009 seconds total (1165.5 hz, 0.19 ms behind)
[0m[33m[init]: disparity is 17.104,23.635 (15.00 thresh)
[0m[33m[init]: failed static init: no accel jerk detected, platform moving too much
[0m[34m[TIME]: 0.0010 seconds total (1023.5 hz, 0.19 ms behind)
[0m[33m[init]: disparity is 17.104,23.635 (15.00 thresh)
[0m[33m[init]: failed static init: no accel jerk detected, platform moving too much
[0m[34m[TIME]: 0.0008 seconds total (1290.3 hz, 0.19 ms behind)
[0m[33m[init]: disparity is 17.104,23.635 (15.00 thresh)
[0m[33m[init]: failed static init: no accel jerk detected, platform moving too much
[0m[34m[TIME]: 0.0037 seconds total (267.1 hz, 0.19 ms behind)
[0m[33m[init]: disparity is 17.104,23.635 (15.00 thresh)
[0m[33m[init]: failed static init: no accel jerk detected, platform moving too much
[0m[34m[TIME]: 0.0010 seconds total (1019.4 hz, 0.20 ms behind)
[0m[33m[init]: disparity is 17.104,23.635 (15.00 thresh)
[0m[33m[init]: failed static init: no accel jerk detected, platform moving too much
[0m[34m[TIME]: 0.0031 seconds total (320.7 hz, 0.20 ms behind)
[0m[33m[init]: disparity is 17.015,25.637 (15.00 thresh)
[0m[33m[init]: failed static init: no accel jerk detected, platform moving too much
[0m[34m[TIME]: 0.0027 seconds total (369.5 hz, 0.20 ms behind)
[0m[33m[init]: disparity is 17.015,25.637 (15.00 thresh)
[0m[33m[init]: failed static init: no accel jerk detected, platform moving too much
[0m[34m[TIME]: 0.0027 seconds total (367.2 hz, 0.20 ms behind)
[0m[33m[init]: disparity is 17.015,25.637 (15.00 thresh)
[0m[33m[init]: failed static init: no accel jerk detected, platform moving too much
[0m[34m[TIME]: 0.0005 seconds total (2173.9 hz, 0.20 ms behind)
[0m[33m[init]: disparity is 17.015,25.637 (15.00 thresh)
[0m[33m[init]: failed static init: no accel jerk detected, platform moving too much
[0m[34m[TIME]: 0.0041 seconds total (243.0 hz, 0.22 ms behind)
[0m[33m[init]: disparity is 17.069,25.999 (15.00 thresh)
[0m[33m[init]: failed static init: no accel jerk detected, platform moving too much
[0m[34m[TIME]: 0.0006 seconds total (1718.2 hz, 0.22 ms behind)
[0m[33m[init]: disparity is 17.069,25.999 (15.00 thresh)
[0m[33m[init]: failed static init: no accel jerk detected, platform moving too much
[0m[34m[TIME]: 0.0006 seconds total (1683.5 hz, 0.22 ms behind)
[0m[33m[init]: disparity is 17.069,25.999 (15.00 thresh)
[0m[33m[init]: failed static init: no accel jerk detected, platform moving too much
[0m[34m[TIME]: 0.0006 seconds total (1739.1 hz, 0.22 ms behind)
[0m[33m[init]: disparity is 17.069,25.999 (15.00 thresh)
[0m[33m[init]: failed static init: no accel jerk detected, platform moving too much
[0m[34m[TIME]: 0.0008 seconds total (1272.3 hz, 0.22 ms behind)
[0m[33m[init]: disparity is 17.069,25.999 (15.00 thresh)
[0m[33m[init]: failed static init: no accel jerk detected, platform moving too much
[0m[34m[TIME]: 0.0007 seconds total (1383.1 hz, 0.23 ms behind)
[0m[33m[init]: disparity is 17.069,25.999 (15.00 thresh)
[0m[33m[init]: failed static init: no accel jerk detected, platform moving too much
[0m[34m[TIME]: 0.0007 seconds total (1438.8 hz, 0.23 ms behind)
[0m[33m[init]: disparity is 17.069,25.999 (15.00 thresh)
[0m[33m[init]: failed static init: no accel jerk detected, platform moving too much
[0m[34m[TIME]: 0.0008 seconds total (1239.2 hz, 0.23 ms behind)
[0m[33m[init]: disparity is 17.069,25.999 (15.00 thresh)
[0m[33m[init]: failed static init: no accel jerk detected, platform moving too much
[0m[34m[TIME]: 0.0007 seconds total (1336.9 hz, 0.23 ms behind)
[0m[33m[init]: disparity is 17.069,25.999 (15.00 thresh)
[0m[33m[init]: failed static init: no accel jerk detected, platform moving too much
[0m[34m[TIME]: 0.0008 seconds total (1297.0 hz, 0.23 ms behind)
[0m[33m[init]: disparity is 18.310,25.999 (15.00 thresh)
[0m[33m[init]: failed static init: no accel jerk detected, platform moving too much
[0m[34m[TIME]: 0.0009 seconds total (1140.3 hz, 0.24 ms behind)
[0m[33m[init]: disparity is 18.310,25.999 (15.00 thresh)
[0m[33m[init]: failed static init: no accel jerk detected, platform moving too much
[0m[34m[TIME]: 0.0027 seconds total (375.0 hz, 0.24 ms behind)
[0m[33m[init]: disparity is 18.421,26.115 (15.00 thresh)
[0m[33m[init]: failed static init: no accel jerk detected, platform moving too much
[0m[34m[TIME]: 0.0027 seconds total (368.1 hz, 0.24 ms behind)
[0m[33m[init]: disparity is 18.421,26.115 (15.00 thresh)
[0m[33m[init]: failed static init: no accel jerk detected, platform moving too much
[0m[34m[TIME]: 0.0009 seconds total (1144.2 hz, 0.24 ms behind)
[0m[33m[init]: disparity is 18.421,26.115 (15.00 thresh)
[0m[33m[init]: failed static init: no accel jerk detected, platform moving too much
[0m[34m[TIME]: 0.0026 seconds total (385.8 hz, 0.24 ms behind)
[0m[33m[init]: disparity is 18.421,26.115 (15.00 thresh)
[0m[33m[init]: failed static init: no accel jerk detected, platform moving too much
[0m[34m[TIME]: 0.0043 seconds total (232.9 hz, 0.25 ms behind)
[0m[33m[init]: disparity is 19.700,27.795 (15.00 thresh)
[0m[33m[init]: failed static init: no accel jerk detected, platform moving too much
[0m[34m[TIME]: 0.0006 seconds total (1661.1 hz, 0.25 ms behind)
[0m[33m[init]: disparity is 19.700,27.795 (15.00 thresh)
[0m[33m[init]: failed static init: no accel jerk detected, platform moving too much
[0m[34m[TIME]: 0.0006 seconds total (1689.2 hz, 0.25 ms behind)
[0m[33m[init]: disparity is 19.700,27.795 (15.00 thresh)
[0m[33m[init]: failed static init: no accel jerk detected, platform moving too much
[0m[34m[TIME]: 0.0038 seconds total (261.0 hz, 0.25 ms behind)
[0m[33m[init]: disparity is 19.700,27.795 (15.00 thresh)
[0m[33m[init]: failed static init: no accel jerk detected, platform moving too much
[0m[34m[TIME]: 0.0005 seconds total (1901.1 hz, 0.25 ms behind)
[0m[33m[init]: disparity is 19.700,27.795 (15.00 thresh)
[0m[33m[init]: failed static init: no accel jerk detected, platform moving too much
[0m[34m[TIME]: 0.0009 seconds total (1078.7 hz, 0.26 ms behind)
[0m[33m[init]: disparity is 19.700,27.795 (15.00 thresh)
[0m[33m[init]: failed static init: no accel jerk detected, platform moving too much
[0m[34m[TIME]: 0.0008 seconds total (1242.2 hz, 0.26 ms behind)
[0m[33m[init]: disparity is 19.700,27.795 (15.00 thresh)
[0m[33m[init]: failed static init: no accel jerk detected, platform moving too much
[0m[34m[TIME]: 0.0007 seconds total (1355.0 hz, 0.26 ms behind)
[0m[33m[init]: disparity is 19.700,27.795 (15.00 thresh)
[0m[33m[init]: failed static init: no accel jerk detected, platform moving too much
[0m[34m[TIME]: 0.0005 seconds total (2004.0 hz, 0.26 ms behind)
[0m[33m[init]: disparity is 19.700,27.795 (15.00 thresh)
[0m[33m[init]: failed static init: no accel jerk detected, platform moving too much
[0m[34m[TIME]: 0.0008 seconds total (1297.0 hz, 0.26 ms behind)
[0m[33m[init]: disparity is 19.700,27.795 (15.00 thresh)
[0m[33m[init]: failed static init: no accel jerk detected, platform moving too much
[0m[34m[TIME]: 0.0011 seconds total (899.3 hz, 0.27 ms behind)
[0m[33m[init]: disparity is 19.700,27.795 (15.00 thresh)
[0m[33m[init]: failed static init: no accel jerk detected, platform moving too much
[0m[34m[TIME]: 0.0026 seconds total (382.3 hz, 0.27 ms behind)
[0m[33m[init]: disparity is 19.785,28.938 (15.00 thresh)
[0m[33m[init]: failed static init: no accel jerk detected, platform moving too much
[0m[34m[TIME]: 0.0007 seconds total (1338.7 hz, 0.27 ms behind)
[0m[33m[init]: disparity is 19.785,28.938 (15.00 thresh)
[0m[33m[init]: failed static init: no accel jerk detected, platform moving too much
[0m[34m[TIME]: 0.0007 seconds total (1479.3 hz, 0.27 ms behind)
[0m[33m[init]: disparity is 19.785,28.938 (15.00 thresh)
[0m[33m[init]: failed static init: no accel jerk detected, platform moving too much
[0m[34m[TIME]: 0.0025 seconds total (392.2 hz, 0.27 ms behind)
[0m[33m[init]: disparity is 19.785,28.938 (15.00 thresh)
[0m[33m[init]: failed static init: no accel jerk detected, platform moving too much
[0m[34m[TIME]: 0.0042 seconds total (238.2 hz, 0.28 ms behind)
[0m[33m[init]: disparity is 19.785,31.874 (15.00 thresh)
[0m[33m[init]: failed static init: no accel jerk detected, platform moving too much
[0m[34m[TIME]: 0.0006 seconds total (1607.7 hz, 0.28 ms behind)
[0m[33m[init]: disparity is 19.785,31.874 (15.00 thresh)
[0m[33m[init]: failed static init: no accel jerk detected, platform moving too much
[0m[34m[TIME]: 0.0037 seconds total (267.4 hz, 0.28 ms behind)
[0m[33m[init]: disparity is 19.785,31.874 (15.00 thresh)
[0m[33m[init]: failed static init: no accel jerk detected, platform moving too much
[0m[34m[TIME]: 0.0009 seconds total (1063.8 hz, 0.28 ms behind)
[0m[33m[init]: disparity is 19.785,31.874 (15.00 thresh)
[0m[33m[init]: failed static init: no accel jerk detected, platform moving too much
[0m[34m[TIME]: 0.0006 seconds total (1689.2 hz, 0.28 ms behind)
[0m[33m[init]: disparity is 19.785,31.874 (15.00 thresh)
[0m[33m[init]: failed static init: no accel jerk detected, platform moving too much
[0m[34m[TIME]: 0.0008 seconds total (1201.9 hz, 0.04 ms behind)
[0m[33m[init]: disparity is 19.785,31.874 (15.00 thresh)
[0m[33m[init]: failed static init: no accel jerk detected, platform moving too much
[0m[34m[TIME]: 0.0007 seconds total (1362.4 hz, 0.04 ms behind)
[0m[33m[init]: disparity is 19.785,31.874 (15.00 thresh)
[0m[33m[init]: failed static init: no accel jerk detected, platform moving too much
[0m[34m[TIME]: 0.0005 seconds total (1901.1 hz, 0.04 ms behind)
[0m[33m[init]: disparity is 19.785,31.874 (15.00 thresh)
[0m[33m[init]: failed static init: no accel jerk detected, platform moving too much
[0m[34m[TIME]: 0.0038 seconds total (260.1 hz, 0.04 ms behind)
[0m[33m[init]: disparity is 20.017,29.891 (15.00 thresh)
[0m[33m[init]: failed static init: no accel jerk detected, platform moving too much
[0m[34m[TIME]: 0.0008 seconds total (1259.4 hz, 0.04 ms behind)
[0m[33m[init]: disparity is 20.017,29.891 (15.00 thresh)
[0m[33m[init]: failed static init: no accel jerk detected, platform moving too much
[0m[34m[TIME]: 0.0010 seconds total (967.1 hz, 0.05 ms behind)
[0m[33m[init]: disparity is 20.017,29.891 (15.00 thresh)
[0m[33m[init]: failed static init: no accel jerk detected, platform moving too much
[0m[34m[TIME]: 0.0039 seconds total (253.6 hz, 0.05 ms behind)
[0m[33m[init]: disparity is 20.137,30.285 (15.00 thresh)
[0m[33m[init]: failed static init: no accel jerk detected, platform moving too much
[0m[34m[TIME]: 0.0008 seconds total (1261.0 hz, 0.05 ms behind)
[0m[33m[init]: disparity is 20.137,30.285 (15.00 thresh)
[0m[33m[init]: failed static init: no accel jerk detected, platform moving too much
[0m[34m[TIME]: 0.0005 seconds total (1869.2 hz, 0.05 ms behind)
[0m[33m[init]: disparity is 20.137,30.285 (15.00 thresh)
[0m[33m[init]: failed static init: no accel jerk detected, platform moving too much
[0m[34m[TIME]: 0.0030 seconds total (338.9 hz, 0.05 ms behind)
[0m[33m[init]: disparity is 20.137,30.285 (15.00 thresh)
[0m[33m[init]: failed static init: no accel jerk detected, platform moving too much
[0m[34m[TIME]: 0.0041 seconds total (244.6 hz, 0.06 ms behind)
[0m[33m[init]: disparity is 19.846,28.424 (15.00 thresh)
[0m[33m[init]: failed static init: no accel jerk detected, platform moving too much
[0m[34m[TIME]: 0.0005 seconds total (1845.0 hz, 0.06 ms behind)
[0m[33m[init]: disparity is 19.846,28.424 (15.00 thresh)
[0m[33m[init]: failed static init: no accel jerk detected, platform moving too much
[0m[34m[TIME]: 0.0039 seconds total (259.5 hz, 0.06 ms behind)
[0m[33m[init]: disparity is 19.846,28.424 (15.00 thresh)
[0m[33m[init]: failed static init: no accel jerk detected, platform moving too much
[0m[34m[TIME]: 0.0009 seconds total (1113.6 hz, 0.06 ms behind)
[0m[33m[init]: disparity is 19.846,28.424 (15.00 thresh)
[0m[33m[init]: failed static init: no accel jerk detected, platform moving too much
[0m[34m[TIME]: 0.0005 seconds total (1908.4 hz, 0.06 ms behind)
[0m[33m[init]: disparity is 19.846,28.424 (15.00 thresh)
[0m[33m[init]: failed static init: no accel jerk detected, platform moving too much
[0m[34m[TIME]: 0.0007 seconds total (1414.4 hz, 0.07 ms behind)
[0m[33m[init]: disparity is 19.846,28.424 (15.00 thresh)
[0m[33m[init]: failed static init: no accel jerk detected, platform moving too much
[0m[34m[TIME]: 0.0008 seconds total (1324.5 hz, 0.07 ms behind)
[0m[33m[init]: disparity is 19.846,28.424 (15.00 thresh)
[0m[33m[init]: failed static init: no accel jerk detected, platform moving too much
[0m[34m[TIME]: 0.0006 seconds total (1798.6 hz, 0.07 ms behind)
[0m[33m[init]: disparity is 19.846,28.424 (15.00 thresh)
[0m[33m[init]: failed static init: no accel jerk detected, platform moving too much
[0m[34m[TIME]: 0.0015 seconds total (657.0 hz, 0.07 ms behind)
[0m[33m[init]: disparity is 20.764,28.304 (15.00 thresh)
[0m[33m[init]: failed static init: no accel jerk detected, platform moving too much
[0m[34m[TIME]: 0.0008 seconds total (1225.5 hz, 0.07 ms behind)
[0m[33m[init]: disparity is 20.764,28.304 (15.00 thresh)
[0m[33m[init]: failed static init: no accel jerk detected, platform moving too much
[0m[34m[TIME]: 0.0009 seconds total (1121.1 hz, 0.08 ms behind)
[0m[33m[init]: disparity is 20.764,28.304 (15.00 thresh)
[0m[33m[init]: failed static init: no accel jerk detected, platform moving too much
[0m[34m[TIME]: 0.0038 seconds total (260.2 hz, 0.08 ms behind)
[0m[33m[init]: disparity is 22.550,30.587 (15.00 thresh)
[0m[33m[init]: failed static init: no accel jerk detected, platform moving too much
[0m[34m[TIME]: 0.0009 seconds total (1090.5 hz, 0.08 ms behind)
[0m[33m[init]: disparity is 22.550,30.587 (15.00 thresh)
[0m[33m[init]: failed static init: no accel jerk detected, platform moving too much
[0m[34m[TIME]: 0.0040 seconds total (251.6 hz, 0.08 ms behind)
[0m[33m[init]: disparity is 22.550,30.587 (15.00 thresh)
[0m[33m[init]: failed static init: no accel jerk detected, platform moving too much
[0m[34m[TIME]: 0.0012 seconds total (811.7 hz, 0.08 ms behind)
[0m[33m[init]: disparity is 22.550,30.587 (15.00 thresh)
[0m[33m[init]: failed static init: no accel jerk detected, platform moving too much
[0m[34m[TIME]: 0.0032 seconds total (314.6 hz, 0.09 ms behind)
[0m[34m[TIME]: 0.0004 seconds total (2247.2 hz, 0.09 ms behind)
[0m[33m[init]: disparity is 22.936,30.036 (15.00 thresh)
[0m[33m[init]: failed static init: no accel jerk detected, platform moving too much
[0m[34m[TIME]: 0.0025 seconds total (393.4 hz, 0.09 ms behind)
[0m[33m[init]: disparity is 22.936,30.036 (15.00 thresh)
[0m[33m[init]: failed static init: no accel jerk detected, platform moving too much
[0m[34m[TIME]: 0.0004 seconds total (2375.3 hz, 0.09 ms behind)
[0m[33m[init]: disparity is 22.936,30.036 (15.00 thresh)
[0m[33m[init]: failed static init: no accel jerk detected, platform moving too much
[0m[34m[TIME]: 0.0025 seconds total (406.3 hz, 0.09 ms behind)
[0m[33m[init]: disparity is 22.936,30.036 (15.00 thresh)
[0m[33m[init]: failed static init: no accel jerk detected, platform moving too much
[0m[34m[TIME]: 0.0008 seconds total (1267.4 hz, 0.10 ms behind)
[0m[33m[init]: disparity is 22.936,30.036 (15.00 thresh)
[0m[33m[init]: failed static init: no accel jerk detected, platform moving too much
[0m[34m[TIME]: 0.0008 seconds total (1282.1 hz, 0.10 ms behind)
[0m[33m[init]: disparity is 22.936,30.036 (15.00 thresh)
[0m[33m[init]: failed static init: no accel jerk detected, platform moving too much
[0m[34m[TIME]: 0.0006 seconds total (1739.1 hz, 0.10 ms behind)
[0m[33m[init]: disparity is 22.936,30.036 (15.00 thresh)
[0m[33m[init]: failed static init: no accel jerk detected, platform moving too much
[0m[34m[TIME]: 0.0008 seconds total (1200.5 hz, 0.10 ms behind)
[0m[33m[init]: disparity is 22.936,30.036 (15.00 thresh)
[0m[33m[init]: failed static init: no accel jerk detected, platform moving too much
[0m[34m[TIME]: 0.0006 seconds total (1567.4 hz, 0.10 ms behind)
[0m[33m[init]: disparity is 22.936,30.036 (15.00 thresh)
[0m[33m[init]: failed static init: no accel jerk detected, platform moving too much
[0m[34m[TIME]: 0.0009 seconds total (1118.6 hz, 0.11 ms behind)
[0m[33m[init]: disparity is 22.936,30.036 (15.00 thresh)
[0m[33m[init]: failed static init: no accel jerk detected, platform moving too much
[0m[34m[TIME]: 0.0030 seconds total (332.9 hz, 0.11 ms behind)
[0m[33m[init]: disparity is 24.196,31.753 (15.00 thresh)
[0m[33m[init]: failed static init: no accel jerk detected, platform moving too much
[0m[34m[TIME]: 0.0007 seconds total (1485.9 hz, 0.11 ms behind)
[0m[33m[init]: disparity is 24.196,31.753 (15.00 thresh)
[0m[33m[init]: failed static init: no accel jerk detected, platform moving too much
[0m[34m[TIME]: 0.0008 seconds total (1297.0 hz, 0.11 ms behind)
[0m[33m[init]: disparity is 24.196,31.753 (15.00 thresh)
[0m[33m[init]: failed static init: no accel jerk detected, platform moving too much
[0m[34m[TIME]: 0.0007 seconds total (1479.3 hz, 0.11 ms behind)
[0m[33m[init]: disparity is 24.196,31.753 (15.00 thresh)
[0m[33m[init]: failed static init: no accel jerk detected, platform moving too much
[0m[34m[TIME]: 0.0038 seconds total (264.6 hz, 0.12 ms behind)
[0m[34m[TIME]: 0.0005 seconds total (2197.8 hz, 0.12 ms behind)
[0m[33m[init]: disparity is 25.806,31.753 (15.00 thresh)
[0m[33m[init]: failed static init: no accel jerk detected, platform moving too much
[0m[34m[TIME]: 0.0026 seconds total (387.6 hz, 0.12 ms behind)
[0m[33m[init]: disparity is 25.806,31.753 (15.00 thresh)
[0m[33m[init]: failed static init: no accel jerk detected, platform moving too much
[0m[34m[TIME]: 0.0026 seconds total (385.8 hz, 0.12 ms behind)
[0m[33m[init]: disparity is 25.806,31.753 (15.00 thresh)
[0m[33m[init]: failed static init: no accel jerk detected, platform moving too much
[0m[34m[TIME]: 0.0009 seconds total (1162.8 hz, 0.12 ms behind)
[0m[33m[init]: disparity is 25.806,31.753 (15.00 thresh)
[0m[33m[init]: failed static init: no accel jerk detected, platform moving too much
[0m[34m[TIME]: 0.0008 seconds total (1312.3 hz, 0.13 ms behind)
[0m[33m[init]: disparity is 25.806,31.753 (15.00 thresh)
[0m[33m[init]: failed static init: no accel jerk detected, platform moving too much
[0m[34m[TIME]: 0.0009 seconds total (1173.7 hz, 0.13 ms behind)
[0m[33m[init]: disparity is 25.806,31.753 (15.00 thresh)
[0m[33m[init]: failed static init: no accel jerk detected, platform moving too much
[0m[34m[TIME]: 0.0005 seconds total (2066.1 hz, 0.13 ms behind)
[0m[33m[init]: disparity is 25.806,31.753 (15.00 thresh)
[0m[33m[init]: failed static init: no accel jerk detected, platform moving too much
[0m[34m[TIME]: 0.0005 seconds total (2207.5 hz, 0.13 ms behind)
[0m[33m[init]: disparity is 25.806,31.753 (15.00 thresh)
[0m[33m[init]: failed static init: no accel jerk detected, platform moving too much
[0m[34m[TIME]: 0.0025 seconds total (396.5 hz, 0.13 ms behind)
[0m[33m[init]: disparity is 26.513,29.825 (15.00 thresh)
[0m[33m[init]: failed static init: no accel jerk detected, platform moving too much
[0m[34m[TIME]: 0.0010 seconds total (972.8 hz, 0.14 ms behind)
[0m[33m[init]: disparity is 26.513,29.825 (15.00 thresh)
[0m[33m[init]: failed static init: no accel jerk detected, platform moving too much
[0m[34m[TIME]: 0.0031 seconds total (323.4 hz, 0.14 ms behind)
[0m[33m[init]: disparity is 25.999,27.167 (15.00 thresh)
[0m[33m[init]: failed static init: no accel jerk detected, platform moving too much
[0m[34m[TIME]: 0.0006 seconds total (1628.7 hz, 0.14 ms behind)
[0m[33m[init]: disparity is 25.999,27.167 (15.00 thresh)
[0m[33m[init]: failed static init: no accel jerk detected, platform moving too much
[0m[34m[TIME]: 0.0006 seconds total (1577.3 hz, 0.14 ms behind)
[0m[33m[init]: disparity is 25.999,27.167 (15.00 thresh)
[0m[33m[init]: failed static init: no accel jerk detected, platform moving too much
[0m[34m[TIME]: 0.0004 seconds total (2564.1 hz, 0.14 ms behind)
[0m[33m[init]: disparity is 25.999,27.167 (15.00 thresh)
[0m[33m[init]: failed static init: no accel jerk detected, platform moving too much
[0m[34m[TIME]: 0.0044 seconds total (228.6 hz, 0.15 ms behind)
[0m[33m[init]: disparity is 27.395,26.371 (15.00 thresh)
[0m[33m[init]: failed static init: no accel jerk detected, platform moving too much
[0m[34m[TIME]: 0.0006 seconds total (1666.7 hz, 0.15 ms behind)
[0m[33m[init]: disparity is 27.395,26.371 (15.00 thresh)
[0m[33m[init]: failed static init: no accel jerk detected, platform moving too much
[0m[34m[TIME]: 0.0038 seconds total (263.2 hz, 0.15 ms behind)
[0m[33m[init]: disparity is 27.395,26.371 (15.00 thresh)
[0m[33m[init]: failed static init: no accel jerk detected, platform moving too much
[0m[34m[TIME]: 0.0009 seconds total (1069.5 hz, 0.15 ms behind)
[0m[33m[init]: disparity is 27.395,26.371 (15.00 thresh)
[0m[33m[init]: failed static init: no accel jerk detected, platform moving too much
[0m[34m[TIME]: 0.0007 seconds total (1340.5 hz, 0.15 ms behind)
[0m[33m[init]: disparity is 27.395,26.371 (15.00 thresh)
[0m[33m[init]: failed static init: no accel jerk detected, platform moving too much
[0m[34m[TIME]: 0.0009 seconds total (1144.2 hz, 0.16 ms behind)
[0m[33m[init]: disparity is 27.395,26.371 (15.00 thresh)
[0m[33m[init]: failed static init: no accel jerk detected, platform moving too much
[0m[34m[TIME]: 0.0006 seconds total (1605.1 hz, 0.16 ms behind)
[0m[34m[TIME]: 0.0004 seconds total (2493.8 hz, 0.16 ms behind)
[0m[33m[init]: disparity is 27.395,26.371 (15.00 thresh)
[0m[33m[init]: failed static init: no accel jerk detected, platform moving too much
[0m[34m[TIME]: 0.0026 seconds total (384.6 hz, 0.16 ms behind)
[0m[33m[init]: disparity is 28.155,26.371 (15.00 thresh)
[0m[33m[init]: failed static init: no accel jerk detected, platform moving too much
[0m[34m[TIME]: 0.0026 seconds total (384.0 hz, 0.16 ms behind)
[0m[33m[init]: disparity is 28.155,26.371 (15.00 thresh)
[0m[33m[init]: failed static init: no accel jerk detected, platform moving too much
[0m[34m[TIME]: 0.0010 seconds total (978.5 hz, 0.17 ms behind)
[0m[33m[init]: disparity is 28.155,26.371 (15.00 thresh)
[0m[33m[init]: failed static init: no accel jerk detected, platform moving too much
[0m[34m[TIME]: 0.0013 seconds total (742.4 hz, 0.17 ms behind)
[0m[33m[init]: disparity is 28.155,25.096 (15.00 thresh)
[0m[33m[init]: failed static init: no accel jerk detected, platform moving too much
[0m[34m[TIME]: 0.0008 seconds total (1206.3 hz, 0.17 ms behind)
[0m[33m[init]: disparity is 28.155,25.096 (15.00 thresh)
[0m[33m[init]: failed static init: no accel jerk detected, platform moving too much
[0m[34m[TIME]: 0.0005 seconds total (1831.5 hz, 0.17 ms behind)
[0m[33m[init]: disparity is 28.155,25.096 (15.00 thresh)
[0m[33m[init]: failed static init: no accel jerk detected, platform moving too much
[0m[34m[TIME]: 0.0005 seconds total (1818.2 hz, 0.17 ms behind)
[0m[33m[init]: disparity is 28.155,25.096 (15.00 thresh)
[0m[33m[init]: failed static init: no accel jerk detected, platform moving too much
[0m[34m[TIME]: 0.0011 seconds total (888.9 hz, 0.18 ms behind)
[0m[33m[init]: disparity is 28.938,27.036 (15.00 thresh)
[0m[33m[init]: failed static init: no accel jerk detected, platform moving too much
[0m[34m[TIME]: 0.0037 seconds total (271.1 hz, 0.18 ms behind)
[0m[33m[init]: disparity is 28.938,27.036 (15.00 thresh)
[0m[33m[init]: failed static init: no accel jerk detected, platform moving too much
[0m[34m[TIME]: 0.0027 seconds total (374.3 hz, 0.18 ms behind)
[0m[33m[init]: disparity is 28.938,27.036 (15.00 thresh)
[0m[33m[init]: failed static init: no accel jerk detected, platform moving too much
[0m[34m[TIME]: 0.0007 seconds total (1494.8 hz, 0.18 ms behind)
[0m[33m[init]: disparity is 28.938,27.036 (15.00 thresh)
[0m[33m[init]: failed static init: no accel jerk detected, platform moving too much
[0m[34m[TIME]: 0.0005 seconds total (1862.2 hz, 0.18 ms behind)
[0m[33m[init]: disparity is 28.938,27.036 (15.00 thresh)
[0m[33m[init]: failed static init: no accel jerk detected, platform moving too much
[0m[34m[TIME]: 0.0040 seconds total (252.3 hz, 0.19 ms behind)
[0m[33m[init]: disparity is 27.583,28.301 (15.00 thresh)
[0m[33m[init]: failed static init: no accel jerk detected, platform moving too much
[0m[34m[TIME]: 0.0006 seconds total (1683.5 hz, 0.19 ms behind)
[0m[33m[init]: disparity is 27.583,28.301 (15.00 thresh)
[0m[33m[init]: failed static init: no accel jerk detected, platform moving too much
[0m[34m[TIME]: 0.0005 seconds total (1834.9 hz, 0.19 ms behind)
[0m[33m[init]: disparity is 27.583,28.301 (15.00 thresh)
[0m[33m[init]: failed static init: no accel jerk detected, platform moving too much
[0m[34m[TIME]: 0.0039 seconds total (255.4 hz, 0.19 ms behind)
[0m[33m[init]: disparity is 27.583,28.301 (15.00 thresh)
[0m[33m[init]: failed static init: no accel jerk detected, platform moving too much
[0m[34m[TIME]: 0.0040 seconds total (252.3 hz, 0.19 ms behind)
[0m[33m[init]: disparity is 27.583,28.301 (15.00 thresh)
[0m[33m[init]: failed static init: no accel jerk detected, platform moving too much
[0m[34m[TIME]: 0.0007 seconds total (1373.6 hz, 0.20 ms behind)
[0m[33m[init]: disparity is 27.583,28.301 (15.00 thresh)
[0m[33m[init]: failed static init: no accel jerk detected, platform moving too much
[0m[34m[TIME]: 0.0008 seconds total (1243.8 hz, 0.20 ms behind)
[0m[33m[init]: disparity is 27.583,28.301 (15.00 thresh)
[0m[33m[init]: failed static init: no accel jerk detected, platform moving too much
[0m[34m[TIME]: 0.0007 seconds total (1447.2 hz, 0.20 ms behind)
[0m[33m[init]: disparity is 27.583,28.301 (15.00 thresh)
[0m[33m[init]: failed static init: no accel jerk detected, platform moving too much
[0m[34m[TIME]: 0.0005 seconds total (1968.5 hz, 0.20 ms behind)
[0m[33m[init]: disparity is 27.583,28.301 (15.00 thresh)
[0m[33m[init]: failed static init: no accel jerk detected, platform moving too much
[0m[34m[TIME]: 0.0006 seconds total (1798.6 hz, 0.20 ms behind)
[0m[33m[init]: disparity is 27.583,28.301 (15.00 thresh)
[0m[33m[init]: failed static init: no accel jerk detected, platform moving too much
[0m[34m[TIME]: 0.0009 seconds total (1059.3 hz, 0.22 ms behind)
[0m[33m[init]: disparity is 27.583,28.301 (15.00 thresh)
[0m[33m[init]: failed static init: no accel jerk detected, platform moving too much
[0m[34m[TIME]: 0.0039 seconds total (254.2 hz, 0.22 ms behind)
[0m[33m[init]: disparity is 29.059,28.052 (15.00 thresh)
[0m[33m[init]: failed static init: no accel jerk detected, platform moving too much
[0m[34m[TIME]: 0.0039 seconds total (258.3 hz, 0.22 ms behind)
[0m[33m[init]: disparity is 29.059,28.052 (15.00 thresh)
[0m[33m[init]: failed static init: no accel jerk detected, platform moving too much
[0m[34m[TIME]: 0.0008 seconds total (1254.7 hz, 0.22 ms behind)
[0m[33m[init]: disparity is 29.059,28.052 (15.00 thresh)
[0m[33m[init]: failed static init: no accel jerk detected, platform moving too much
[0m[34m[TIME]: 0.0007 seconds total (1398.6 hz, 0.22 ms behind)
[0m[33m[init]: disparity is 29.059,28.052 (15.00 thresh)
[0m[33m[init]: failed static init: no accel jerk detected, platform moving too much
[0m[34m[TIME]: 0.0042 seconds total (235.7 hz, 0.23 ms behind)
[0m[33m[init]: disparity is 30.285,28.052 (15.00 thresh)
[0m[33m[init]: failed static init: no accel jerk detected, platform moving too much
[0m[34m[TIME]: 0.0006 seconds total (1592.4 hz, 0.23 ms behind)
[0m[33m[init]: disparity is 30.285,28.052 (15.00 thresh)
[0m[33m[init]: failed static init: no accel jerk detected, platform moving too much
[0m[34m[TIME]: 0.0006 seconds total (1589.8 hz, 0.23 ms behind)
[0m[33m[init]: disparity is 30.285,28.052 (15.00 thresh)
[0m[33m[init]: failed static init: no accel jerk detected, platform moving too much
[0m[34m[TIME]: 0.0010 seconds total (990.1 hz, 0.23 ms behind)
[0m[33m[init]: disparity is 30.285,28.052 (15.00 thresh)
[0m[33m[init]: failed static init: no accel jerk detected, platform moving too much
[0m[34m[TIME]: 0.0039 seconds total (255.2 hz, 0.23 ms behind)
[0m[33m[init]: disparity is 30.285,28.052 (15.00 thresh)
[0m[33m[init]: failed static init: no accel jerk detected, platform moving too much
[0m[34m[TIME]: 0.0006 seconds total (1538.5 hz, 0.24 ms behind)
[0m[33m[init]: disparity is 30.285,28.052 (15.00 thresh)
[0m[33m[init]: failed static init: no accel jerk detected, platform moving too much
[0m[34m[TIME]: 0.0008 seconds total (1331.6 hz, 0.24 ms behind)
[0m[33m[init]: disparity is 30.285,28.052 (15.00 thresh)
[0m[33m[init]: failed static init: no accel jerk detected, platform moving too much
[0m[34m[TIME]: 0.0007 seconds total (1379.3 hz, 0.24 ms behind)
[0m[33m[init]: disparity is 30.285,28.052 (15.00 thresh)
[0m[33m[init]: failed static init: no accel jerk detected, platform moving too much
[0m[34m[TIME]: 0.0037 seconds total (267.8 hz, 0.24 ms behind)
[0m[33m[init]: disparity is 28.424,28.353 (15.00 thresh)
[0m[33m[init]: failed static init: no accel jerk detected, platform moving too much
[0m[34m[TIME]: 0.0007 seconds total (1410.4 hz, 0.24 ms behind)
[0m[33m[init]: disparity is 28.424,28.353 (15.00 thresh)
[0m[33m[init]: failed static init: no accel jerk detected, platform moving too much
[0m[34m[TIME]: 0.0013 seconds total (753.0 hz, 0.25 ms behind)
[0m[33m[init]: disparity is 28.424,28.353 (15.00 thresh)
[0m[33m[init]: failed static init: no accel jerk detected, platform moving too much
[0m[34m[TIME]: 0.0030 seconds total (329.4 hz, 0.25 ms behind)
[0m[33m[init]: disparity is 28.055,21.081 (15.00 thresh)
[0m[33m[init]: failed static init: no accel jerk detected, platform moving too much
[0m[34m[TIME]: 0.0005 seconds total (1919.4 hz, 0.25 ms behind)
[0m[34m[TIME]: 0.0004 seconds total (2673.8 hz, 0.25 ms behind)
[0m[33m[init]: disparity is 28.055,21.081 (15.00 thresh)
[0m[33m[init]: failed static init: no accel jerk detected, platform moving too much
[0m[34m[TIME]: 0.0006 seconds total (1721.2 hz, 0.25 ms behind)
[0m[33m[init]: disparity is 28.055,21.081 (15.00 thresh)
[0m[33m[init]: failed static init: no accel jerk detected, platform moving too much
[0m[34m[TIME]: 0.0039 seconds total (258.1 hz, 0.01 ms behind)
[0m[34m[TIME]: 0.0004 seconds total (2409.6 hz, 0.01 ms behind)
[0m[33m[init]: disparity is 32.994,21.081 (15.00 thresh)
[0m[33m[init]: failed static init: no accel jerk detected, platform moving too much
[0m[34m[TIME]: 0.0005 seconds total (1988.1 hz, 0.01 ms behind)
[0m[33m[init]: disparity is 32.994,21.081 (15.00 thresh)
[0m[33m[init]: failed static init: no accel jerk detected, platform moving too much
[0m[34m[TIME]: 0.0006 seconds total (1782.5 hz, 0.01 ms behind)
[0m[33m[init]: disparity is 32.994,21.081 (15.00 thresh)
[0m[33m[init]: failed static init: no accel jerk detected, platform moving too much
[0m[34m[TIME]: 0.0025 seconds total (396.0 hz, 0.01 ms behind)
[0m[33m[init]: disparity is 32.994,21.081 (15.00 thresh)
[0m[33m[init]: failed static init: no accel jerk detected, platform moving too much
[0m[34m[TIME]: 0.0008 seconds total (1219.5 hz, 0.27 ms behind)
[0m[33m[init]: disparity is 32.994,21.081 (15.00 thresh)
[0m[33m[init]: failed static init: no accel jerk detected, platform moving too much
[0m[34m[TIME]: 0.0007 seconds total (1410.4 hz, 0.27 ms behind)
[0m[33m[init]: disparity is 32.994,21.081 (15.00 thresh)
[0m[33m[init]: failed static init: no accel jerk detected, platform moving too much
[0m[34m[TIME]: 0.0039 seconds total (259.5 hz, 0.27 ms behind)
[0m[33m[init]: disparity is 32.994,21.081 (15.00 thresh)
[0m[33m[init]: failed static init: no accel jerk detected, platform moving too much
[0m[34m[TIME]: 0.0013 seconds total (758.7 hz, 0.27 ms behind)
[0m[33m[init]: disparity is 32.994,21.081 (15.00 thresh)
[0m[33m[init]: failed static init: no accel jerk detected, platform moving too much
[0m[34m[TIME]: 0.0007 seconds total (1526.7 hz, 0.27 ms behind)
[0m[33m[init]: disparity is 32.994,21.081 (15.00 thresh)
[0m[33m[init]: failed static init: no accel jerk detected, platform moving too much
[0m[34m[TIME]: 0.0011 seconds total (949.7 hz, 0.28 ms behind)
[0m[33m[init]: disparity is 32.994,21.081 (15.00 thresh)
[0m[33m[init]: failed static init: no accel jerk detected, platform moving too much
[0m[34m[TIME]: 0.0040 seconds total (249.9 hz, 0.28 ms behind)
[0m[33m[init]: disparity is 32.151,21.629 (15.00 thresh)
[0m[33m[init]: failed static init: no accel jerk detected, platform moving too much
[0m[34m[TIME]: 0.0006 seconds total (1683.5 hz, 0.28 ms behind)
[0m[33m[init]: disparity is 32.151,21.629 (15.00 thresh)
[0m[33m[init]: failed static init: no accel jerk detected, platform moving too much
[0m[34m[TIME]: 0.0028 seconds total (351.1 hz, 0.28 ms behind)
[0m[33m[init]: disparity is 32.151,21.629 (15.00 thresh)
[0m[33m[init]: failed static init: no accel jerk detected, platform moving too much
[0m[34m[TIME]: 0.0006 seconds total (1700.7 hz, 0.28 ms behind)
[0m[33m[init]: disparity is 32.151,21.629 (15.00 thresh)
[0m[33m[init]: failed static init: no accel jerk detected, platform moving too much
[0m[34m[TIME]: 0.0040 seconds total (248.0 hz, 0.04 ms behind)
[0m[33m[init]: disparity is 29.825,19.917 (15.00 thresh)
[0m[33m[init]: failed static init: no accel jerk detected, platform moving too much
[0m[34m[TIME]: 0.0006 seconds total (1666.7 hz, 0.04 ms behind)
[0m[33m[init]: disparity is 29.825,19.917 (15.00 thresh)
[0m[33m[init]: failed static init: no accel jerk detected, platform moving too much
[0m[34m[TIME]: 0.0007 seconds total (1494.8 hz, 0.04 ms behind)
[0m[33m[init]: disparity is 29.825,19.917 (15.00 thresh)
[0m[33m[init]: failed static init: no accel jerk detected, platform moving too much
[0m[34m[TIME]: 0.0006 seconds total (1805.1 hz, 0.04 ms behind)
[0m[33m[init]: disparity is 29.825,19.917 (15.00 thresh)
[0m[33m[init]: failed static init: no accel jerk detected, platform moving too much
[0m[34m[TIME]: 0.0039 seconds total (257.9 hz, 0.04 ms behind)
[0m[33m[init]: disparity is 29.825,19.917 (15.00 thresh)
[0m[33m[init]: failed static init: no accel jerk detected, platform moving too much
[0m[34m[TIME]: 0.0007 seconds total (1336.9 hz, 0.30 ms behind)
[0m[33m[init]: disparity is 29.825,19.917 (15.00 thresh)
[0m[33m[init]: failed static init: no accel jerk detected, platform moving too much
[0m[34m[TIME]: 0.0007 seconds total (1440.9 hz, 0.30 ms behind)
[0m[33m[init]: disparity is 29.825,19.917 (15.00 thresh)
[0m[33m[init]: failed static init: no accel jerk detected, platform moving too much
[0m[34m[TIME]: 0.0007 seconds total (1394.7 hz, 0.30 ms behind)
[0m[33m[init]: disparity is 29.825,19.917 (15.00 thresh)
[0m[33m[init]: failed static init: no accel jerk detected, platform moving too much
[0m[34m[TIME]: 0.0008 seconds total (1312.3 hz, 0.30 ms behind)
[0m[33m[init]: disparity is 29.825,19.917 (15.00 thresh)
[0m[33m[init]: failed static init: no accel jerk detected, platform moving too much
[0m[34m[TIME]: 0.0005 seconds total (1838.2 hz, 0.30 ms behind)
[0m[33m[init]: disparity is 29.825,19.917 (15.00 thresh)
[0m[33m[init]: failed static init: no accel jerk detected, platform moving too much
[0m[34m[TIME]: 0.0009 seconds total (1103.8 hz, 0.06 ms behind)
[0m[33m[init]: disparity is 29.825,19.917 (15.00 thresh)
[0m[33m[init]: failed static init: no accel jerk detected, platform moving too much
[0m[34m[TIME]: 0.0005 seconds total (1876.2 hz, 0.06 ms behind)
[0m[33m[init]: disparity is 29.825,19.917 (15.00 thresh)
[0m[33m[init]: failed static init: no accel jerk detected, platform moving too much
[0m[34m[TIME]: 0.0007 seconds total (1470.6 hz, 0.06 ms behind)
[0m[33m[init]: disparity is 29.825,19.917 (15.00 thresh)
[0m[33m[init]: failed static init: no accel jerk detected, platform moving too much
[0m[34m[TIME]: 0.0006 seconds total (1560.1 hz, 0.06 ms behind)
[0m[33m[init]: disparity is 29.131,19.917 (15.00 thresh)
[0m[33m[init]: failed static init: no accel jerk detected, platform moving too much
[0m[34m[TIME]: 0.0006 seconds total (1628.7 hz, 0.06 ms behind)
[0m[33m[init]: disparity is 29.131,19.917 (15.00 thresh)
[0m[33m[init]: failed static init: no accel jerk detected, platform moving too much
[0m[34m[TIME]: 0.0041 seconds total (246.0 hz, 0.07 ms behind)
[0m[33m[init]: disparity is 27.167,20.535 (15.00 thresh)
[0m[33m[init]: failed static init: no accel jerk detected, platform moving too much
[0m[34m[TIME]: 0.0006 seconds total (1545.6 hz, 0.07 ms behind)
[0m[33m[init]: disparity is 27.167,20.535 (15.00 thresh)
[0m[33m[init]: failed static init: no accel jerk detected, platform moving too much
[0m[34m[TIME]: 0.0006 seconds total (1721.2 hz, 0.07 ms behind)
[0m[33m[init]: disparity is 27.167,20.535 (15.00 thresh)
[0m[33m[init]: failed static init: no accel jerk detected, platform moving too much
[0m[34m[TIME]: 0.0026 seconds total (378.9 hz, 0.07 ms behind)
[0m[33m[init]: disparity is 27.167,20.535 (15.00 thresh)
[0m[33m[init]: failed static init: no accel jerk detected, platform moving too much
[0m[34m[TIME]: 0.0028 seconds total (357.0 hz, 0.07 ms behind)
[0m[33m[init]: disparity is 27.167,20.535 (15.00 thresh)
[0m[33m[init]: failed static init: no accel jerk detected, platform moving too much
[0m[34m[TIME]: 0.0007 seconds total (1387.0 hz, 0.33 ms behind)
[0m[33m[init]: disparity is 27.167,20.535 (15.00 thresh)
[0m[33m[init]: failed static init: no accel jerk detected, platform moving too much
[0m[34m[TIME]: 0.0030 seconds total (337.8 hz, 0.33 ms behind)
[0m[33m[init]: disparity is 25.096,17.824 (15.00 thresh)
[0m[33m[init]: failed static init: no accel jerk detected, platform moving too much
[0m[34m[TIME]: 0.0006 seconds total (1680.7 hz, 0.33 ms behind)
[0m[34m[TIME]: 0.0004 seconds total (2283.1 hz, 0.33 ms behind)
[0m[33m[init]: disparity is 25.096,17.824 (15.00 thresh)
[0m[33m[init]: failed static init: no accel jerk detected, platform moving too much
[0m[34m[TIME]: 0.0004 seconds total (2386.6 hz, 0.33 ms behind)
[0m[33m[init]: disparity is 25.096,17.824 (15.00 thresh)
[0m[33m[init]: failed static init: no accel jerk detected, platform moving too much
[0m[34m[TIME]: 0.0010 seconds total (1004.0 hz, 0.34 ms behind)
[0m[33m[init]: disparity is 25.096,17.824 (15.00 thresh)
[0m[33m[init]: failed static init: no accel jerk detected, platform moving too much
[0m[34m[TIME]: 0.0006 seconds total (1776.2 hz, 0.34 ms behind)
[0m[33m[init]: disparity is 25.096,17.824 (15.00 thresh)
[0m[33m[init]: failed static init: no accel jerk detected, platform moving too much
[0m[34m[TIME]: 0.0039 seconds total (256.6 hz, 0.34 ms behind)
[0m[33m[init]: disparity is 25.096,15.505 (15.00 thresh)
[0m[33m[init]: failed static init: no accel jerk detected, platform moving too much
[0m[34m[TIME]: 0.0008 seconds total (1264.2 hz, 0.34 ms behind)
[0m[33m[init]: disparity is 25.096,15.505 (15.00 thresh)
[0m[33m[init]: failed static init: no accel jerk detected, platform moving too much
[0m[34m[TIME]: 0.0008 seconds total (1250.0 hz, 0.34 ms behind)
[0m[33m[init]: disparity is 25.096,15.505 (15.00 thresh)
[0m[33m[init]: failed static init: no accel jerk detected, platform moving too much
[0m[34m[TIME]: 0.0039 seconds total (255.4 hz, 0.10 ms behind)
[0m[33m[init]: disparity is 25.526,11.212 (15.00 thresh)
[0m[33m[init]: failed static init: no accel jerk detected, platform moving too much
[0m[34m[TIME]: 0.0007 seconds total (1464.1 hz, 0.10 ms behind)
[0m[34m[TIME]: 0.0004 seconds total (2433.1 hz, 0.10 ms behind)
[0m[33m[init]: disparity is 25.526,11.212 (15.00 thresh)
[0m[33m[init]: failed static init: no accel jerk detected, platform moving too much
[0m[34m[TIME]: 0.0007 seconds total (1344.1 hz, 0.10 ms behind)
[0m[33m[init]: disparity is 25.526,11.212 (15.00 thresh)
[0m[33m[init]: failed static init: no accel jerk detected, platform moving too much
[0m[34m[TIME]: 0.0026 seconds total (382.8 hz, 0.10 ms behind)
[0m[33m[init]: disparity is 25.526,11.212 (15.00 thresh)
[0m[33m[init]: failed static init: no accel jerk detected, platform moving too much
[0m[34m[TIME]: 0.0008 seconds total (1197.6 hz, 0.11 ms behind)
[0m[33m[init]: disparity is 25.526,11.212 (15.00 thresh)
[0m[33m[init]: failed static init: no accel jerk detected, platform moving too much
[0m[34m[TIME]: 0.0040 seconds total (249.5 hz, 0.11 ms behind)
[0m[33m[init]: disparity is 27.213,11.212 (15.00 thresh)
[0m[33m[init]: failed static init: no accel jerk detected, platform moving too much
[0m[34m[TIME]: 0.0008 seconds total (1237.6 hz, 0.11 ms behind)
[0m[33m[init]: disparity is 27.213,11.212 (15.00 thresh)
[0m[33m[init]: failed static init: no accel jerk detected, platform moving too much
[0m[34m[TIME]: 0.0027 seconds total (371.5 hz, 0.11 ms behind)
[0m[33m[init]: disparity is 27.213,11.212 (15.00 thresh)
[0m[33m[init]: failed static init: no accel jerk detected, platform moving too much
[0m[34m[TIME]: 0.0005 seconds total (2070.4 hz, 0.11 ms behind)
[0m[33m[init]: disparity is 27.213,11.212 (15.00 thresh)
[0m[33m[init]: failed static init: no accel jerk detected, platform moving too much
[0m[34m[TIME]: 0.0010 seconds total (953.3 hz, 0.12 ms behind)
[0m[33m[init]: disparity is 27.213,11.212 (15.00 thresh)
[0m[33m[init]: failed static init: no accel jerk detected, platform moving too much
[0m[34m[TIME]: 0.0005 seconds total (1901.1 hz, 0.12 ms behind)
[0m[33m[init]: disparity is 27.213,11.212 (15.00 thresh)
[0m[33m[init]: failed static init: no accel jerk detected, platform moving too much
[0m[34m[TIME]: 0.0028 seconds total (360.4 hz, 0.12 ms behind)
[0m[33m[init]: disparity is 28.052,10.170 (15.00 thresh)
[0m[33m[init]: failed static init: no accel jerk detected, platform moving too much
[0m[34m[TIME]: 0.0005 seconds total (2109.7 hz, 0.12 ms behind)
[0m[33m[init]: disparity is 28.052,10.170 (15.00 thresh)
[0m[33m[init]: failed static init: no accel jerk detected, platform moving too much
[0m[34m[TIME]: 0.0006 seconds total (1658.4 hz, 0.12 ms behind)
[0m[33m[init]: disparity is 28.052,10.170 (15.00 thresh)
[0m[33m[init]: failed static init: no accel jerk detected, platform moving too much
[0m[34m[TIME]: 0.0008 seconds total (1333.3 hz, 0.13 ms behind)
[0m[33m[init]: disparity is 28.052,10.170 (15.00 thresh)
[0m[33m[init]: failed static init: no accel jerk detected, platform moving too much
[0m[34m[TIME]: 0.0007 seconds total (1379.3 hz, 0.13 ms behind)
[0m[33m[init]: disparity is 28.052,10.170 (15.00 thresh)
[0m[33m[init]: failed static init: no accel jerk detected, platform moving too much
[0m[34m[TIME]: 0.0006 seconds total (1811.6 hz, 0.13 ms behind)
[0m[33m[init]: disparity is 28.052,10.170 (15.00 thresh)
[0m[33m[init]: failed static init: no accel jerk detected, platform moving too much
[0m[34m[TIME]: 0.0007 seconds total (1394.7 hz, 0.13 ms behind)
[0m[33m[init]: disparity is 28.052,10.170 (15.00 thresh)
[0m[33m[init]: failed static init: no accel jerk detected, platform moving too much
[0m[34m[TIME]: 0.0039 seconds total (259.3 hz, 0.13 ms behind)
[0m[33m[init]: disparity is 28.052,10.170 (15.00 thresh)
[0m[33m[init]: failed static init: no accel jerk detected, platform moving too much
[0m[34m[TIME]: 0.0010 seconds total (1033.1 hz, 0.14 ms behind)
[0m[33m[init]: disparity is 28.052,10.170 (15.00 thresh)
[0m[33m[init]: failed static init: no accel jerk detected, platform moving too much
[0m[34m[TIME]: 0.0039 seconds total (257.7 hz, 0.14 ms behind)
[0m[33m[init]: disparity is 28.052,10.268 (15.00 thresh)
[0m[33m[init]: failed static init: no accel jerk detected, platform moving too much
[0m[34m[TIME]: 0.0008 seconds total (1272.3 hz, 0.14 ms behind)
[0m[33m[init]: disparity is 28.052,10.268 (15.00 thresh)
[0m[33m[init]: failed static init: no accel jerk detected, platform moving too much
[0m[34m[TIME]: 0.0009 seconds total (1158.7 hz, 0.14 ms behind)
[0m[33m[init]: disparity is 28.052,10.268 (15.00 thresh)
[0m[33m[init]: failed static init: no accel jerk detected, platform moving too much
[0m[34m[TIME]: 0.0038 seconds total (261.8 hz, 0.14 ms behind)
[0m[33m[init]: disparity is 28.052,10.268 (15.00 thresh)
[0m[33m[init]: failed static init: no accel jerk detected, platform moving too much
[0m[34m[TIME]: 0.0042 seconds total (238.2 hz, 0.15 ms behind)
[0m[33m[init]: disparity is 25.780,8.274 (15.00 thresh)
[0m[33m[init]: failed static init: no accel jerk detected, platform moving too much
[0m[34m[TIME]: 0.0006 seconds total (1567.4 hz, 0.15 ms behind)
[0m[33m[init]: disparity is 25.780,8.274 (15.00 thresh)
[0m[33m[init]: failed static init: no accel jerk detected, platform moving too much
[0m[34m[TIME]: 0.0038 seconds total (261.1 hz, 0.15 ms behind)
[0m[33m[init]: disparity is 25.780,8.274 (15.00 thresh)
[0m[33m[init]: failed static init: no accel jerk detected, platform moving too much
[0m[34m[TIME]: 0.0039 seconds total (257.5 hz, 0.15 ms behind)
[0m[33m[init]: disparity is 25.780,8.274 (15.00 thresh)
[0m[33m[init]: failed static init: no accel jerk detected, platform moving too much
[0m[34m[TIME]: 0.0006 seconds total (1776.2 hz, 0.15 ms behind)
[0m[33m[init]: disparity is 25.780,8.274 (15.00 thresh)
[0m[33m[init]: failed static init: no accel jerk detected, platform moving too much
[0m[34m[TIME]: 0.0008 seconds total (1303.8 hz, 0.16 ms behind)
[0m[33m[init]: disparity is 25.780,8.274 (15.00 thresh)
[0m[33m[init]: failed static init: no accel jerk detected, platform moving too much
[0m[34m[TIME]: 0.0009 seconds total (1100.1 hz, 0.16 ms behind)
[0m[33m[init]: disparity is 25.780,8.274 (15.00 thresh)
[0m[33m[init]: failed static init: no accel jerk detected, platform moving too much
[0m[34m[TIME]: 0.0006 seconds total (1792.1 hz, 0.16 ms behind)
[0m[33m[init]: disparity is 25.780,8.274 (15.00 thresh)
[0m[33m[init]: failed static init: no accel jerk detected, platform moving too much
[0m[34m[TIME]: 0.0006 seconds total (1754.4 hz, 0.16 ms behind)
[0m[33m[init]: disparity is 25.780,8.274 (15.00 thresh)
[0m[33m[init]: failed static init: no accel jerk detected, platform moving too much
[0m[34m[TIME]: 0.0008 seconds total (1272.3 hz, 0.16 ms behind)
[0m[33m[init]: disparity is 25.780,8.274 (15.00 thresh)
[0m[33m[init]: failed static init: no accel jerk detected, platform moving too much
[0m[34m[TIME]: 0.0010 seconds total (1015.2 hz, 0.18 ms behind)
[0m[33m[init]: disparity is 25.780,8.274 (15.00 thresh)
[0m[33m[init]: failed static init: no accel jerk detected, platform moving too much
[0m[34m[TIME]: 0.0016 seconds total (607.9 hz, 0.18 ms behind)
[0m[33m[init]: disparity is 21.081,8.685 (15.00 thresh)
[0m[33m[init]: failed static init: no accel jerk detected, platform moving too much
[0m[34m[TIME]: 0.0007 seconds total (1392.8 hz, 0.18 ms behind)
[0m[33m[init]: disparity is 21.081,8.685 (15.00 thresh)
[0m[33m[init]: failed static init: no accel jerk detected, platform moving too much
[0m[34m[TIME]: 0.0006 seconds total (1736.1 hz, 0.18 ms behind)
[0m[33m[init]: disparity is 21.081,8.685 (15.00 thresh)
[0m[33m[init]: failed static init: no accel jerk detected, platform moving too much
[0m[34m[TIME]: 0.0006 seconds total (1697.8 hz, 0.18 ms behind)
[0m[33m[init]: disparity is 21.081,8.685 (15.00 thresh)
[0m[33m[init]: failed static init: no accel jerk detected, platform moving too much
[0m[34m[TIME]: 0.0030 seconds total (335.6 hz, 0.18 ms behind)
[0m[33m[init]: disparity is 21.081,6.796 (15.00 thresh)
[0m[33m[init]: failed static init: no accel jerk detected, platform moving too much
[0m[34m[TIME]: 0.0026 seconds total (383.0 hz, 0.18 ms behind)
[0m[33m[init]: disparity is 21.081,6.796 (15.00 thresh)
[0m[33m[init]: failed static init: no accel jerk detected, platform moving too much
[0m[34m[TIME]: 0.0026 seconds total (384.6 hz, 0.18 ms behind)
[0m[33m[init]: disparity is 21.081,6.796 (15.00 thresh)
[0m[33m[init]: failed static init: no accel jerk detected, platform moving too much
[0m[34m[TIME]: 0.0007 seconds total (1418.4 hz, 0.18 ms behind)
[0m[33m[init]: disparity is 21.081,6.796 (15.00 thresh)
[0m[33m[init]: failed static init: no accel jerk detected, platform moving too much
[0m[34m[TIME]: 0.0005 seconds total (1865.7 hz, 0.18 ms behind)
[0m[33m[init]: disparity is 21.081,6.796 (15.00 thresh)
[0m[33m[init]: failed static init: no accel jerk detected, platform moving too much
[0m[34m[TIME]: 0.0008 seconds total (1216.5 hz, 0.19 ms behind)
[0m[33m[init]: disparity is 21.081,6.796 (15.00 thresh)
[0m[33m[init]: failed static init: no accel jerk detected, platform moving too much
[0m[34m[TIME]: 0.0005 seconds total (1872.7 hz, 0.19 ms behind)
[0m[33m[init]: disparity is 21.081,6.796 (15.00 thresh)
[0m[33m[init]: failed static init: no accel jerk detected, platform moving too much
[0m[34m[TIME]: 0.0006 seconds total (1748.3 hz, 0.19 ms behind)
[0m[33m[init]: disparity is 21.081,6.796 (15.00 thresh)
[0m[33m[init]: failed static init: no accel jerk detected, platform moving too much
[0m[34m[TIME]: 0.0039 seconds total (255.6 hz, 0.19 ms behind)
[0m[33m[init]: disparity is 20.479,8.175 (15.00 thresh)
[0m[33m[init]: failed static init: no accel jerk detected, platform moving too much
[0m[34m[TIME]: 0.0008 seconds total (1269.0 hz, 0.19 ms behind)
[0m[33m[init]: disparity is 20.479,8.175 (15.00 thresh)
[0m[33m[init]: failed static init: no accel jerk detected, platform moving too much
[0m[34m[TIME]: 0.0011 seconds total (909.1 hz, 0.20 ms behind)
[0m[33m[init]: disparity is 20.479,8.175 (15.00 thresh)
[0m[33m[init]: failed static init: no accel jerk detected, platform moving too much
[0m[34m[TIME]: 0.0009 seconds total (1153.4 hz, 0.20 ms behind)
[0m[33m[init]: disparity is 20.479,8.175 (15.00 thresh)
[0m[33m[init]: failed static init: no accel jerk detected, platform moving too much
[0m[34m[TIME]: 0.0006 seconds total (1612.9 hz, 0.20 ms behind)
[0m[33m[init]: disparity is 20.479,8.175 (15.00 thresh)
[0m[33m[init]: failed static init: no accel jerk detected, platform moving too much
[0m[34m[TIME]: 0.0004 seconds total (2403.8 hz, 0.20 ms behind)
[0m[33m[init]: disparity is 20.479,8.175 (15.00 thresh)
[0m[33m[init]: failed static init: no accel jerk detected, platform moving too much
[0m[34m[TIME]: 0.0005 seconds total (1949.3 hz, 0.20 ms behind)
[0m[33m[init]: disparity is 20.840,11.197 (15.00 thresh)
[0m[33m[init]: failed static init: no accel jerk detected, platform moving too much
[0m[34m[TIME]: 0.0028 seconds total (358.3 hz, 0.22 ms behind)
[0m[33m[init]: disparity is 19.917,13.427 (15.00 thresh)
[0m[33m[init]: failed static init: no accel jerk detected, platform moving too much
[0m[34m[TIME]: 0.0010 seconds total (1030.9 hz, 0.22 ms behind)
[0m[34m[TIME]: 0.0004 seconds total (2293.6 hz, 0.22 ms behind)
[0m[33m[init]: disparity is 19.917,13.427 (15.00 thresh)
[0m[33m[init]: failed static init: no accel jerk detected, platform moving too much
[0m[34m[TIME]: 0.0005 seconds total (2020.2 hz, 0.22 ms behind)
[0m[33m[init]: disparity is 19.917,13.427 (15.00 thresh)
[0m[33m[init]: failed static init: no accel jerk detected, platform moving too much
[0m[34m[TIME]: 0.0005 seconds total (1821.5 hz, 0.22 ms behind)
[0m[33m[init]: disparity is 19.917,13.427 (15.00 thresh)
[0m[33m[init]: failed static init: no accel jerk detected, platform moving too much
[0m[34m[TIME]: 0.0010 seconds total (1017.3 hz, 0.23 ms behind)
[0m[33m[init]: disparity is 19.917,13.427 (15.00 thresh)
[0m[33m[init]: failed static init: no accel jerk detected, platform moving too much
[0m[34m[TIME]: 0.0033 seconds total (298.5 hz, 0.23 ms behind)
[0m[33m[init]: disparity is 19.917,15.593 (15.00 thresh)
[0m[33m[init]: failed static init: no accel jerk detected, platform moving too much
[0m[34m[TIME]: 0.0006 seconds total (1798.6 hz, 0.23 ms behind)
[0m[33m[init]: disparity is 19.917,15.593 (15.00 thresh)
[0m[33m[init]: failed static init: no accel jerk detected, platform moving too much
[0m[34m[TIME]: 0.0025 seconds total (398.4 hz, 0.23 ms behind)
[0m[33m[init]: disparity is 19.917,15.593 (15.00 thresh)
[0m[33m[init]: failed static init: no accel jerk detected, platform moving too much
[0m[34m[TIME]: 0.0006 seconds total (1634.0 hz, 0.23 ms behind)
[0m[33m[init]: disparity is 19.917,15.593 (15.00 thresh)
[0m[33m[init]: failed static init: no accel jerk detected, platform moving too much
[0m[34m[TIME]: 0.0010 seconds total (1022.5 hz, 0.24 ms behind)
[0m[33m[init]: disparity is 19.917,15.593 (15.00 thresh)
[0m[33m[init]: failed static init: no accel jerk detected, platform moving too much
[0m[34m[TIME]: 0.0006 seconds total (1773.0 hz, 0.24 ms behind)
[0m[33m[init]: disparity is 19.917,15.593 (15.00 thresh)
[0m[33m[init]: failed static init: no accel jerk detected, platform moving too much
[0m[34m[TIME]: 0.0006 seconds total (1736.1 hz, 0.24 ms behind)
[0m[33m[init]: disparity is 19.917,15.593 (15.00 thresh)
[0m[33m[init]: failed static init: no accel jerk detected, platform moving too much
[0m[34m[TIME]: 0.0006 seconds total (1655.6 hz, 0.24 ms behind)
[0m[33m[init]: disparity is 19.917,15.593 (15.00 thresh)
[0m[33m[init]: failed static init: no accel jerk detected, platform moving too much
[0m[34m[TIME]: 0.0039 seconds total (256.5 hz, 0.24 ms behind)
[0m[33m[init]: disparity is 17.761,16.500 (15.00 thresh)
[0m[33m[init]: failed static init: no accel jerk detected, platform moving too much
[0m[34m[TIME]: 0.0011 seconds total (881.8 hz, 0.25 ms behind)
[0m[33m[init]: disparity is 17.824,17.480 (15.00 thresh)
[0m[33m[init]: failed static init: no accel jerk detected, platform moving too much
[0m[34m[TIME]: 0.0010 seconds total (1050.4 hz, 0.25 ms behind)
[0m[33m[init]: disparity is 17.824,17.480 (15.00 thresh)
[0m[33m[init]: failed static init: no accel jerk detected, platform moving too much
[0m[34m[TIME]: 0.0006 seconds total (1677.9 hz, 0.25 ms behind)
[0m[33m[init]: disparity is 17.824,17.480 (15.00 thresh)
[0m[33m[init]: failed static init: no accel jerk detected, platform moving too much
[0m[34m[TIME]: 0.0007 seconds total (1388.9 hz, 0.25 ms behind)
[0m[33m[init]: disparity is 17.824,17.480 (15.00 thresh)
[0m[33m[init]: failed static init: no accel jerk detected, platform moving too much
[0m[34m[TIME]: 0.0034 seconds total (294.7 hz, 0.25 ms behind)
[0m[33m[init]: disparity is 17.824,17.480 (15.00 thresh)
[0m[33m[init]: failed static init: no accel jerk detected, platform moving too much
[0m[34m[TIME]: 0.0036 seconds total (276.1 hz, 0.26 ms behind)
[0m[33m[init]: disparity is 17.824,18.537 (15.00 thresh)
[0m[33m[init]: failed static init: no accel jerk detected, platform moving too much
[0m[34m[TIME]: 0.0011 seconds total (943.4 hz, 0.26 ms behind)
[0m[33m[init]: disparity is 17.824,18.537 (15.00 thresh)
[0m[33m[init]: failed static init: no accel jerk detected, platform moving too much
[0m[34m[TIME]: 0.0004 seconds total (2463.1 hz, 0.26 ms behind)
[0m[33m[init]: disparity is 17.824,18.537 (15.00 thresh)
[0m[33m[init]: failed static init: no accel jerk detected, platform moving too much
[0m[34m[TIME]: 0.0025 seconds total (393.2 hz, 0.26 ms behind)
[0m[33m[init]: disparity is 17.824,18.537 (15.00 thresh)
[0m[33m[init]: failed static init: no accel jerk detected, platform moving too much
[0m[34m[TIME]: 0.0004 seconds total (2386.6 hz, 0.26 ms behind)
[0m[33m[init]: disparity is 17.824,18.537 (15.00 thresh)
[0m[33m[init]: failed static init: no accel jerk detected, platform moving too much
[0m[34m[TIME]: 0.0007 seconds total (1375.5 hz, 0.02 ms behind)
[0m[33m[init]: disparity is 17.824,18.537 (15.00 thresh)
[0m[33m[init]: failed static init: no accel jerk detected, platform moving too much
[0m[34m[TIME]: 0.0038 seconds total (261.4 hz, 0.02 ms behind)
[0m[33m[init]: disparity is 15.505,18.801 (15.00 thresh)
[0m[33m[init]: failed static init: no accel jerk detected, platform moving too much
[0m[34m[TIME]: 0.0007 seconds total (1420.5 hz, 0.02 ms behind)
[0m[33m[init]: disparity is 15.505,18.801 (15.00 thresh)
[0m[33m[init]: failed static init: no accel jerk detected, platform moving too much
[0m[34m[TIME]: 0.0005 seconds total (1841.6 hz, 0.02 ms behind)
[0m[33m[init]: disparity is 15.505,18.801 (15.00 thresh)
[0m[33m[init]: failed static init: no accel jerk detected, platform moving too much
[0m[34m[TIME]: 0.0008 seconds total (1300.4 hz, 0.02 ms behind)
[0m[33m[init]: disparity is 15.505,18.801 (15.00 thresh)
[0m[33m[init]: failed static init: no accel jerk detected, platform moving too much
[0m[34m[TIME]: 0.0009 seconds total (1171.0 hz, 0.03 ms behind)
[0m[33m[init]: disparity is 15.505,18.801 (15.00 thresh)
[0m[33m[init]: failed static init: no accel jerk detected, platform moving too much
[0m[34m[TIME]: 0.0005 seconds total (1901.1 hz, 0.03 ms behind)
[0m[33m[init]: disparity is 15.505,18.801 (15.00 thresh)
[0m[33m[init]: failed static init: no accel jerk detected, platform moving too much
[0m[34m[TIME]: 0.0005 seconds total (1938.0 hz, 0.03 ms behind)
[0m[33m[init]: disparity is 15.505,18.801 (15.00 thresh)
[0m[33m[init]: failed static init: no accel jerk detected, platform moving too much
[0m[34m[TIME]: 0.0007 seconds total (1358.7 hz, 0.03 ms behind)
[0m[33m[init]: disparity is 15.505,18.801 (15.00 thresh)
[0m[33m[init]: failed static init: no accel jerk detected, platform moving too much
[0m[34m[TIME]: 0.0040 seconds total (252.4 hz, 0.03 ms behind)
[0m[33m[init]: disparity is 10.170,18.269 (15.00 thresh)
[0m[33m[init-s]: to much IMU excitation, above threshold 0.967 > 0.450
[0m[34m[TIME]: 0.0028 seconds total (357.9 hz, 0.04 ms behind)
[0m[33m[init]: disparity is 10.170,18.269 (15.00 thresh)
[0m[33m[init-s]: to much IMU excitation, above threshold 0.885 > 0.450
[0m[34m[TIME]: 0.0007 seconds total (1453.5 hz, 0.04 ms behind)
[0m[33m[init]: disparity is 10.170,18.269 (15.00 thresh)
[0m[33m[init-s]: to much IMU excitation, above threshold 0.885 > 0.450
[0m[34m[TIME]: 0.0005 seconds total (1915.7 hz, 0.04 ms behind)
[0m[33m[init]: disparity is 10.170,18.269 (15.00 thresh)
[0m[33m[init-s]: to much IMU excitation, above threshold 0.885 > 0.450
[0m[34m[TIME]: 0.0026 seconds total (386.1 hz, 0.04 ms behind)
[0m[33m[init]: disparity is 10.170,18.269 (15.00 thresh)
[0m[33m[init-s]: to much IMU excitation, above threshold 0.885 > 0.450
[0m[34m[TIME]: 0.0004 seconds total (2341.9 hz, 0.04 ms behind)
[0m[33m[init]: disparity is 10.170,18.269 (15.00 thresh)
[0m[33m[init-s]: to much IMU excitation, above threshold 0.885 > 0.450
[0m[34m[TIME]: 0.0009 seconds total (1108.6 hz, 0.30 ms behind)
[0m[33m[init]: disparity is 10.170,18.269 (15.00 thresh)
[0m[33m[init-s]: to much IMU excitation, above threshold 0.835 > 0.450
[0m[34m[TIME]: 0.0041 seconds total (243.7 hz, 0.30 ms behind)
[0m[33m[init]: disparity is 10.170,20.266 (15.00 thresh)
[0m[33m[init-s]: to much IMU excitation, above threshold 0.835 > 0.450
[0m[34m[TIME]: 0.0038 seconds total (261.2 hz, 0.30 ms behind)
[0m[33m[init]: disparity is 10.170,20.266 (15.00 thresh)
[0m[33m[init-s]: to much IMU excitation, above threshold 0.835 > 0.450
[0m[34m[TIME]: 0.0006 seconds total (1718.2 hz, 0.30 ms behind)
[0m[33m[init]: disparity is 10.170,20.266 (15.00 thresh)
[0m[33m[init-s]: to much IMU excitation, above threshold 0.835 > 0.450
[0m[34m[TIME]: 0.0008 seconds total (1272.3 hz, 0.30 ms behind)
[0m[33m[init]: disparity is 10.170,20.266 (15.00 thresh)
[0m[33m[init-s]: to much IMU excitation, above threshold 0.835 > 0.450
[0m[34m[TIME]: 0.0010 seconds total (1051.5 hz, 0.06 ms behind)
[0m[33m[init]: disparity is 10.170,20.266 (15.00 thresh)
[0m[33m[init-s]: to much IMU excitation, above threshold 0.797 > 0.450
[0m[34m[TIME]: 0.0005 seconds total (2036.7 hz, 0.06 ms behind)
[0m[33m[init]: disparity is 10.170,20.266 (15.00 thresh)
[0m[33m[init-s]: to much IMU excitation, above threshold 0.797 > 0.450
[0m[34m[TIME]: 0.0005 seconds total (1930.5 hz, 0.06 ms behind)
[0m[33m[init]: disparity is 10.170,20.266 (15.00 thresh)
[0m[33m[init-s]: to much IMU excitation, above threshold 0.797 > 0.450
[0m[34m[TIME]: 0.0008 seconds total (1275.5 hz, 0.06 ms behind)
[0m[33m[init]: disparity is 10.170,20.266 (15.00 thresh)
[0m[33m[init-s]: to much IMU excitation, above threshold 0.797 > 0.450
[0m[34m[TIME]: 0.0026 seconds total (385.1 hz, 0.06 ms behind)
[0m[33m[init]: disparity is 8.586,21.789 (15.00 thresh)
[0m[33m[init-s]: to much IMU excitation, above threshold 0.797 > 0.450
[0m[34m[TIME]: 0.0036 seconds total (276.4 hz, 0.32 ms behind)
[0m[33m[init]: disparity is 8.685,21.789 (15.00 thresh)
[0m[33m[init-s]: to much IMU excitation, above threshold 0.768 > 0.450
[0m[34m[TIME]: 0.0006 seconds total (1650.2 hz, 0.32 ms behind)
[0m[33m[init]: disparity is 8.685,21.789 (15.00 thresh)
[0m[33m[init-s]: to much IMU excitation, above threshold 0.768 > 0.450
[0m[34m[TIME]: 0.0006 seconds total (1715.3 hz, 0.32 ms behind)
[0m[33m[init]: disparity is 8.685,21.789 (15.00 thresh)
[0m[33m[init-s]: to much IMU excitation, above threshold 0.768 > 0.450
[0m[34m[TIME]: 0.0025 seconds total (400.2 hz, 0.32 ms behind)
[0m[33m[init]: disparity is 8.685,21.789 (15.00 thresh)
[0m[33m[init-s]: to much IMU excitation, above threshold 0.768 > 0.450
[0m[34m[TIME]: 0.0005 seconds total (1992.0 hz, 0.32 ms behind)
[0m[33m[init]: disparity is 8.685,21.789 (15.00 thresh)
[0m[33m[init-s]: to much IMU excitation, above threshold 0.768 > 0.450
[0m[34m[TIME]: 0.0008 seconds total (1312.3 hz, 0.08 ms behind)
[0m[33m[init]: disparity is 8.685,21.789 (15.00 thresh)
[0m[33m[init-s]: to much IMU excitation, above threshold 0.624 > 0.450
[0m[34m[TIME]: 0.0011 seconds total (918.3 hz, 0.08 ms behind)
[0m[33m[init]: disparity is 8.685,21.789 (15.00 thresh)
[0m[33m[init-s]: to much IMU excitation, above threshold 0.624 > 0.450
[0m[34m[TIME]: 0.0036 seconds total (281.1 hz, 0.08 ms behind)
[0m[33m[init]: disparity is 8.685,21.789 (15.00 thresh)
[0m[33m[init-s]: to much IMU excitation, above threshold 0.624 > 0.450
[0m[34m[TIME]: 0.0006 seconds total (1745.2 hz, 0.08 ms behind)
[0m[33m[init]: disparity is 8.685,21.789 (15.00 thresh)
[0m[33m[init-s]: to much IMU excitation, above threshold 0.624 > 0.450
[0m[34m[TIME]: 0.0005 seconds total (1831.5 hz, 0.08 ms behind)
[0m[33m[init]: disparity is 8.685,21.789 (15.00 thresh)
[0m[33m[init-s]: to much IMU excitation, above threshold 0.624 > 0.450
[0m[34m[TIME]: 0.0010 seconds total (999.0 hz, 0.34 ms behind)
[0m[33m[init]: disparity is 8.685,21.789 (15.00 thresh)
[0m[33m[init-s]: to much IMU excitation, above threshold 0.646 > 0.450
[0m[34m[TIME]: 0.0026 seconds total (383.6 hz, 0.34 ms behind)
[0m[33m[init]: disparity is 8.685,20.801 (15.00 thresh)
[0m[34m[TIME]: 0.0004 seconds total (2487.6 hz, 0.34 ms behind)
[0m[33m[init-s]: to much IMU excitation, above threshold 0.646 > 0.450
[0m[34m[TIME]: 0.0005 seconds total (1876.2 hz, 0.34 ms behind)
[0m[33m[init]: disparity is 8.685,20.801 (15.00 thresh)
[0m[33m[init-s]: to much IMU excitation, above threshold 0.646 > 0.450
[0m[34m[TIME]: 0.0025 seconds total (393.4 hz, 0.34 ms behind)
[0m[33m[init]: disparity is 8.685,20.801 (15.00 thresh)
[0m[33m[init-s]: to much IMU excitation, above threshold 0.646 > 0.450
[0m[34m[TIME]: 0.0013 seconds total (784.9 hz, 0.10 ms behind)
[0m[33m[init]: disparity is 9.179,16.863 (15.00 thresh)
[0m[33m[init-s]: to much IMU excitation, above threshold 0.640 > 0.450
[0m[34m[TIME]: 0.0006 seconds total (1634.0 hz, 0.10 ms behind)
[0m[33m[init]: disparity is 9.179,16.863 (15.00 thresh)
[0m[33m[init-s]: to much IMU excitation, above threshold 0.640 > 0.450
[0m[34m[TIME]: 0.0007 seconds total (1375.5 hz, 0.10 ms behind)
[0m[33m[init]: disparity is 9.179,16.863 (15.00 thresh)
[0m[33m[init-s]: to much IMU excitation, above threshold 0.640 > 0.450
[0m[34m[TIME]: 0.0038 seconds total (262.2 hz, 0.10 ms behind)
[0m[33m[init]: disparity is 9.179,16.863 (15.00 thresh)
[0m[33m[init-s]: to much IMU excitation, above threshold 0.640 > 0.450
[0m[34m[TIME]: 0.0006 seconds total (1582.3 hz, 0.10 ms behind)
[0m[33m[init]: disparity is 9.179,16.863 (15.00 thresh)
[0m[33m[init-s]: to much IMU excitation, above threshold 0.640 > 0.450
[0m[34m[TIME]: 0.0044 seconds total (225.9 hz, 0.11 ms behind)
[0m[33m[init]: disparity is 11.197,14.057 (15.00 thresh)
[0m[33m[init]: failed static init: no accel jerk detected
[0m[34m[TIME]: 0.0009 seconds total (1075.3 hz, 0.11 ms behind)
[0m[33m[init]: disparity is 11.197,14.057 (15.00 thresh)
[0m[33m[init]: failed static init: no accel jerk detected
[0m[34m[TIME]: 0.0040 seconds total (250.8 hz, 0.11 ms behind)
[0m[33m[init]: disparity is 11.197,14.057 (15.00 thresh)
[0m[33m[init]: failed static init: no accel jerk detected
[0m[34m[TIME]: 0.0007 seconds total (1508.3 hz, 0.11 ms behind)
[0m[33m[init]: disparity is 11.197,14.057 (15.00 thresh)
[0m[33m[init]: failed static init: no accel jerk detected
[0m[34m[TIME]: 0.0009 seconds total (1109.9 hz, 0.11 ms behind)
[0m[33m[init]: disparity is 11.197,14.057 (15.00 thresh)
[0m[33m[init]: failed static init: no accel jerk detected
[0m[34m[TIME]: 0.0007 seconds total (1440.9 hz, 0.12 ms behind)
[0m[33m[init]: disparity is 11.197,14.057 (15.00 thresh)
[0m[33m[init]: failed static init: no accel jerk detected
[0m[34m[TIME]: 0.0039 seconds total (253.9 hz, 0.12 ms behind)
[0m[33m[init]: disparity is 13.427,11.092 (15.00 thresh)
[0m[33m[init]: failed static init: no accel jerk detected
[0m[34m[TIME]: 0.0006 seconds total (1584.8 hz, 0.12 ms behind)
[0m[33m[init]: disparity is 13.427,11.092 (15.00 thresh)
[0m[33m[init]: failed static init: no accel jerk detected
[0m[34m[TIME]: 0.0007 seconds total (1494.8 hz, 0.12 ms behind)
[0m[33m[init]: disparity is 13.427,11.092 (15.00 thresh)
[0m[33m[init]: failed static init: no accel jerk detected
[0m[34m[TIME]: 0.0040 seconds total (252.0 hz, 0.12 ms behind)
[0m[33m[init]: disparity is 13.427,11.092 (15.00 thresh)
[0m[33m[init]: failed static init: no accel jerk detected
[0m[34m[TIME]: 0.0010 seconds total (1032.0 hz, 0.13 ms behind)
[0m[33m[init]: disparity is 13.427,11.092 (15.00 thresh)
[0m[33m[init]: failed static init: no accel jerk detected
[0m[34m[TIME]: 0.0005 seconds total (1938.0 hz, 0.13 ms behind)
[0m[33m[init]: disparity is 13.427,11.092 (15.00 thresh)
[0m[33m[init]: failed static init: no accel jerk detected
[0m[34m[TIME]: 0.0007 seconds total (1519.8 hz, 0.13 ms behind)
[0m[33m[init]: disparity is 13.427,11.092 (15.00 thresh)
[0m[33m[init]: failed static init: no accel jerk detected
[0m[34m[TIME]: 0.0036 seconds total (280.1 hz, 0.13 ms behind)
[0m[33m[init]: disparity is 14.620,9.767 (15.00 thresh)
[0m[33m[init]: failed static init: no accel jerk detected
[0m[34m[TIME]: 0.0005 seconds total (1980.2 hz, 0.13 ms behind)
[0m[33m[init]: disparity is 14.620,9.767 (15.00 thresh)
[0m[33m[init]: failed static init: no accel jerk detected
[0m[34m[TIME]: 0.0015 seconds total (664.9 hz, 0.14 ms behind)
[0m[33m[init]: disparity is 15.534,8.279 (15.00 thresh)
[0m[33m[init]: failed static init: no accel jerk detected, platform moving too much
[0m[34m[TIME]: 0.0010 seconds total (956.9 hz, 0.14 ms behind)
[0m[33m[init]: disparity is 15.534,8.279 (15.00 thresh)
[0m[33m[init]: failed static init: no accel jerk detected, platform moving too much
[0m[34m[TIME]: 0.0040 seconds total (253.1 hz, 0.14 ms behind)
[0m[33m[init]: disparity is 15.534,8.279 (15.00 thresh)
[0m[33m[init]: failed static init: no accel jerk detected, platform moving too much
[0m[34m[TIME]: 0.0007 seconds total (1449.3 hz, 0.14 ms behind)
[0m[33m[init]: disparity is 15.534,8.279 (15.00 thresh)
[0m[33m[init]: failed static init: no accel jerk detected, platform moving too much
[0m[34m[TIME]: 0.0008 seconds total (1326.3 hz, 0.14 ms behind)
[0m[33m[init]: disparity is 15.534,8.279 (15.00 thresh)
[0m[33m[init]: failed static init: no accel jerk detected, platform moving too much
[0m[34m[TIME]: 0.0041 seconds total (242.6 hz, 0.15 ms behind)
[0m[33m[init]: disparity is 17.480,8.199 (15.00 thresh)
[0m[33m[init]: failed static init: no accel jerk detected, platform moving too much
[0m[34m[TIME]: 0.0011 seconds total (904.2 hz, 0.15 ms behind)
[0m[33m[init]: disparity is 17.480,8.199 (15.00 thresh)
[0m[33m[init]: failed static init: no accel jerk detected, platform moving too much
[0m[34m[TIME]: 0.0006 seconds total (1785.7 hz, 0.15 ms behind)
[0m[33m[init]: disparity is 17.480,8.199 (15.00 thresh)
[0m[33m[init]: failed static init: no accel jerk detected, platform moving too much
[0m[34m[TIME]: 0.0005 seconds total (1984.1 hz, 0.15 ms behind)
[0m[33m[init]: disparity is 17.480,8.199 (15.00 thresh)
[0m[33m[init]: failed static init: no accel jerk detected, platform moving too much
[0m[34m[TIME]: 0.0026 seconds total (384.2 hz, 0.15 ms behind)
[0m[33m[init]: disparity is 17.480,8.199 (15.00 thresh)
[0m[33m[init]: failed static init: no accel jerk detected, platform moving too much
[0m[34m[TIME]: 0.0008 seconds total (1225.5 hz, 0.16 ms behind)
[0m[33m[init]: disparity is 17.480,8.199 (15.00 thresh)
[0m[33m[init]: failed static init: no accel jerk detected, platform moving too much
[0m[34m[TIME]: 0.0039 seconds total (254.5 hz, 0.16 ms behind)
[0m[33m[init]: disparity is 18.537,7.373 (15.00 thresh)
[0m[33m[init]: failed static init: no accel jerk detected, platform moving too much
[0m[34m[TIME]: 0.0009 seconds total (1091.7 hz, 0.16 ms behind)
[0m[33m[init]: disparity is 18.537,7.373 (15.00 thresh)
[0m[33m[init]: failed static init: no accel jerk detected, platform moving too much
[0m[34m[TIME]: 0.0038 seconds total (262.4 hz, 0.16 ms behind)
[0m[33m[init]: disparity is 18.537,7.373 (15.00 thresh)
[0m[33m[init]: failed static init: no accel jerk detected, platform moving too much
[0m[34m[TIME]: 0.0006 seconds total (1543.2 hz, 0.16 ms behind)
[0m[33m[init]: disparity is 18.537,7.373 (15.00 thresh)
[0m[33m[init]: failed static init: no accel jerk detected, platform moving too much
[0m[34m[TIME]: 0.0010 seconds total (985.2 hz, 0.17 ms behind)
[0m[33m[init]: disparity is 18.537,7.373 (15.00 thresh)
[0m[33m[init]: failed static init: no accel jerk detected, platform moving too much
[0m[34m[TIME]: 0.0005 seconds total (1992.0 hz, 0.17 ms behind)
[0m[33m[init]: disparity is 18.537,7.373 (15.00 thresh)
[0m[33m[init]: failed static init: no accel jerk detected, platform moving too much
[0m[34m[TIME]: 0.0031 seconds total (324.3 hz, 0.17 ms behind)
[0m[33m[init]: disparity is 17.608,5.507 (15.00 thresh)
[0m[33m[init]: failed static init: no accel jerk detected, platform moving too much
[0m[34m[TIME]: 0.0005 seconds total (2105.3 hz, 0.17 ms behind)
[0m[33m[init]: disparity is 17.608,5.507 (15.00 thresh)
[0m[33m[init]: failed static init: no accel jerk detected, platform moving too much
[0m[34m[TIME]: 0.0006 seconds total (1745.2 hz, 0.17 ms behind)
[0m[33m[init]: disparity is 17.608,5.507 (15.00 thresh)
[0m[33m[init]: failed static init: no accel jerk detected, platform moving too much
[0m[34m[TIME]: 0.0010 seconds total (977.5 hz, 0.19 ms behind)
[0m[33m[init]: disparity is 17.235,5.507 (15.00 thresh)
[0m[33m[init]: failed static init: no accel jerk detected, platform moving too much
[0m[34m[TIME]: 0.0007 seconds total (1462.0 hz, 0.19 ms behind)
[0m[34m[TIME]: 0.0004 seconds total (2415.5 hz, 0.19 ms behind)
[0m[33m[init]: disparity is 17.235,5.507 (15.00 thresh)
[0m[33m[init]: failed static init: no accel jerk detected, platform moving too much
[0m[34m[TIME]: 0.0006 seconds total (1814.9 hz, 0.19 ms behind)
[0m[33m[init]: disparity is 17.235,5.507 (15.00 thresh)
[0m[33m[init]: failed static init: no accel jerk detected, platform moving too much
[0m[34m[TIME]: 0.0027 seconds total (377.2 hz, 0.19 ms behind)
[0m[33m[init]: disparity is 17.235,5.507 (15.00 thresh)
[0m[33m[init]: failed static init: no accel jerk detected, platform moving too much
[0m[34m[TIME]: 0.0035 seconds total (285.7 hz, 0.19 ms behind)
[0m[33m[init]: disparity is 18.269,5.507 (15.00 thresh)
[0m[33m[init]: failed static init: no accel jerk detected, platform moving too much
[0m[34m[TIME]: 0.0008 seconds total (1312.3 hz, 0.19 ms behind)
[0m[33m[init]: disparity is 18.269,5.507 (15.00 thresh)
[0m[33m[init]: failed static init: no accel jerk detected, platform moving too much
[0m[34m[TIME]: 0.0005 seconds total (1818.2 hz, 0.19 ms behind)
[0m[33m[init]: disparity is 18.269,5.507 (15.00 thresh)
[0m[33m[init]: failed static init: no accel jerk detected, platform moving too much
[0m[34m[TIME]: 0.0025 seconds total (399.7 hz, 0.19 ms behind)
[0m[33m[init]: disparity is 18.269,5.507 (15.00 thresh)
[0m[33m[init]: failed static init: no accel jerk detected, platform moving too much
[0m[34m[TIME]: 0.0005 seconds total (2178.6 hz, 0.19 ms behind)
[0m[33m[init]: disparity is 18.269,5.507 (15.00 thresh)
[0m[33m[init]: failed static init: no accel jerk detected, platform moving too much
[0m[34m[TIME]: 0.0007 seconds total (1420.5 hz, 0.20 ms behind)
[0m[33m[init]: disparity is 18.269,5.507 (15.00 thresh)
[0m[33m[init]: failed static init: no accel jerk detected, platform moving too much
[0m[34m[TIME]: 0.0039 seconds total (254.2 hz, 0.20 ms behind)
[0m[33m[init]: disparity is 18.269,5.737 (15.00 thresh)
[0m[33m[init]: failed static init: no accel jerk detected, platform moving too much
[0m[34m[TIME]: 0.0035 seconds total (287.8 hz, 0.20 ms behind)
[0m[33m[init]: disparity is 18.269,5.737 (15.00 thresh)
[0m[33m[init]: failed static init: no accel jerk detected, platform moving too much
[0m[34m[TIME]: 0.0005 seconds total (1855.3 hz, 0.20 ms behind)
[0m[33m[init]: disparity is 18.269,5.737 (15.00 thresh)
[0m[33m[init]: failed static init: no accel jerk detected, platform moving too much
[0m[34m[TIME]: 0.0006 seconds total (1763.7 hz, 0.20 ms behind)
[0m[33m[init]: disparity is 18.269,5.737 (15.00 thresh)
[0m[33m[init]: failed static init: no accel jerk detected, platform moving too much
[0m[34m[TIME]: 0.0010 seconds total (958.8 hz, 0.22 ms behind)
[0m[33m[init]: disparity is 18.269,5.737 (15.00 thresh)
[0m[33m[init]: failed static init: no accel jerk detected, platform moving too much
[0m[34m[TIME]: 0.0006 seconds total (1550.4 hz, 0.22 ms behind)
[0m[33m[init]: disparity is 18.269,5.737 (15.00 thresh)
[0m[33m[init]: failed static init: no accel jerk detected, platform moving too much
[0m[34m[TIME]: 0.0005 seconds total (1858.7 hz, 0.22 ms behind)
[0m[33m[init]: disparity is 18.269,5.737 (15.00 thresh)
[0m[33m[init]: failed static init: no accel jerk detected, platform moving too much
[0m[34m[TIME]: 0.0006 seconds total (1666.7 hz, 0.22 ms behind)
[0m[33m[init]: disparity is 18.269,5.737 (15.00 thresh)
[0m[33m[init]: failed static init: no accel jerk detected, platform moving too much
[0m[34m[TIME]: 0.0038 seconds total (261.0 hz, 0.22 ms behind)
[0m[33m[init]: disparity is 18.269,5.830 (15.00 thresh)
[0m[33m[init]: failed static init: no accel jerk detected, platform moving too much
[0m[34m[TIME]: 0.0013 seconds total (784.3 hz, 0.23 ms behind)
[0m[33m[init]: disparity is 20.266,5.830 (15.00 thresh)
[0m[33m[init]: failed static init: no accel jerk detected, platform moving too much
[0m[34m[TIME]: 0.0011 seconds total (950.6 hz, 0.23 ms behind)
[0m[33m[init]: disparity is 20.266,5.830 (15.00 thresh)
[0m[33m[init]: failed static init: no accel jerk detected, platform moving too much
[0m[34m[TIME]: 0.0008 seconds total (1283.7 hz, 0.23 ms behind)
[0m[33m[init]: disparity is 20.266,5.830 (15.00 thresh)
[0m[33m[init]: failed static init: no accel jerk detected, platform moving too much
[0m[34m[TIME]: 0.0004 seconds total (2364.1 hz, 0.23 ms behind)
[0m[34m[TIME]: 0.0004 seconds total (2392.3 hz, 0.23 ms behind)
[0m[33m[init]: disparity is 20.266,5.830 (15.00 thresh)
[0m[33m[init]: failed static init: no accel jerk detected, platform moving too much
[0m[34m[TIME]: 0.0031 seconds total (327.1 hz, 0.24 ms behind)
[0m[33m[init]: disparity is 21.789,5.830 (15.00 thresh)
[0m[33m[init]: failed static init: no accel jerk detected, platform moving too much
[0m[34m[TIME]: 0.0008 seconds total (1328.0 hz, 0.24 ms behind)
[0m[33m[init]: disparity is 21.789,5.830 (15.00 thresh)
[0m[33m[init]: failed static init: no accel jerk detected, platform moving too much
[0m[34m[TIME]: 0.0026 seconds total (389.6 hz, 0.24 ms behind)
[0m[33m[init]: disparity is 21.789,5.830 (15.00 thresh)
[0m[33m[init]: failed static init: no accel jerk detected, platform moving too much
[0m[34m[TIME]: 0.0005 seconds total (2040.8 hz, 0.24 ms behind)
[0m[33m[init]: disparity is 21.789,5.830 (15.00 thresh)
[0m[33m[init]: failed static init: no accel jerk detected, platform moving too much
[0m[34m[TIME]: 0.0006 seconds total (1706.5 hz, 0.24 ms behind)
[0m[33m[init]: disparity is 21.789,5.830 (15.00 thresh)
[0m[33m[init]: failed static init: no accel jerk detected, platform moving too much
[0m[34m[TIME]: 0.0008 seconds total (1302.1 hz, 0.25 ms behind)
[0m[33m[init]: disparity is 21.789,5.830 (15.00 thresh)
[0m[33m[init]: failed static init: no accel jerk detected, platform moving too much
[0m[34m[TIME]: 0.0038 seconds total (260.1 hz, 0.25 ms behind)
[0m[33m[init]: disparity is 21.789,5.681 (15.00 thresh)
[0m[33m[init]: failed static init: no accel jerk detected, platform moving too much
[0m[34m[TIME]: 0.0006 seconds total (1592.4 hz, 0.25 ms behind)
[0m[33m[init]: disparity is 21.789,5.681 (15.00 thresh)
[0m[33m[init]: failed static init: no accel jerk detected, platform moving too much
[0m[34m[TIME]: 0.0031 seconds total (320.7 hz, 0.25 ms behind)
[0m[33m[init]: disparity is 21.789,5.681 (15.00 thresh)
[0m[33m[init]: failed static init: no accel jerk detected, platform moving too much
[0m[34m[TIME]: 0.0026 seconds total (391.7 hz, 0.25 ms behind)
[0m[33m[init]: disparity is 21.789,5.681 (15.00 thresh)
[0m[33m[init]: failed static init: no accel jerk detected, platform moving too much
[0m[34m[TIME]: 0.0010 seconds total (998.0 hz, 0.26 ms behind)
[0m[33m[init]: disparity is 21.789,5.681 (15.00 thresh)
[0m[33m[init]: failed static init: no accel jerk detected, platform moving too much
[0m[34m[TIME]: 0.0005 seconds total (1869.2 hz, 0.26 ms behind)
[0m[33m[init]: disparity is 21.789,5.681 (15.00 thresh)
[0m[33m[init]: failed static init: no accel jerk detected, platform moving too much
[0m[34m[TIME]: 0.0008 seconds total (1245.3 hz, 0.26 ms behind)
[0m[33m[init]: disparity is 21.789,5.681 (15.00 thresh)
[0m[33m[init]: failed static init: no accel jerk detected, platform moving too much
[0m[34m[TIME]: 0.0005 seconds total (2070.4 hz, 0.26 ms behind)
[0m[33m[init]: disparity is 21.789,5.681 (15.00 thresh)
[0m[33m[init]: failed static init: no accel jerk detected, platform moving too much
[0m[34m[TIME]: 0.0005 seconds total (1886.8 hz, 0.26 ms behind)
[0m[33m[init]: disparity is 21.789,5.681 (15.00 thresh)
[0m[33m[init]: failed static init: no accel jerk detected, platform moving too much
[0m[34m[TIME]: 0.0011 seconds total (879.5 hz, 0.27 ms behind)
[0m[33m[init]: disparity is 18.877,6.000 (15.00 thresh)
[0m[33m[init]: failed static init: no accel jerk detected, platform moving too much
[0m[34m[TIME]: 0.0009 seconds total (1156.1 hz, 0.27 ms behind)
[0m[33m[init]: disparity is 18.877,6.000 (15.00 thresh)
[0m[33m[init]: failed static init: no accel jerk detected, platform moving too much
[0m[34m[TIME]: 0.0007 seconds total (1474.9 hz, 0.27 ms behind)
[0m[33m[init]: disparity is 18.877,6.000 (15.00 thresh)
[0m[33m[init]: failed static init: no accel jerk detected, platform moving too much
[0m[34m[TIME]: 0.0005 seconds total (1953.1 hz, 0.27 ms behind)
[0m[33m[init]: disparity is 18.877,6.000 (15.00 thresh)
[0m[33m[init]: failed static init: no accel jerk detected, platform moving too much
[0m[34m[TIME]: 0.0006 seconds total (1683.5 hz, 0.27 ms behind)
[0m[33m[init]: disparity is 18.877,6.000 (15.00 thresh)
[0m[33m[init]: failed static init: no accel jerk detected, platform moving too much
[0m[34m[TIME]: 0.0029 seconds total (339.3 hz, 0.28 ms behind)
[0m[33m[init]: disparity is 14.973,6.000 (15.00 thresh)
[0m[33m[init]: failed static init: no accel jerk detected
[0m[34m[TIME]: 0.0026 seconds total (379.1 hz, 0.28 ms behind)
[0m[33m[init]: disparity is 14.973,6.000 (15.00 thresh)
[0m[33m[init]: failed static init: no accel jerk detected
[0m[34m[TIME]: 0.0026 seconds total (391.1 hz, 0.28 ms behind)
[0m[33m[init]: disparity is 14.973,6.000 (15.00 thresh)
[0m[33m[init]: failed static init: no accel jerk detected
[0m[34m[TIME]: 0.0026 seconds total (391.4 hz, 0.28 ms behind)
[0m[33m[init]: disparity is 14.973,6.000 (15.00 thresh)
[0m[33m[init]: failed static init: no accel jerk detected
[0m[34m[TIME]: 0.0028 seconds total (361.7 hz, 0.28 ms behind)
[0m[33m[init]: disparity is 14.973,6.000 (15.00 thresh)
[0m[33m[init]: failed static init: no accel jerk detected
[0m[34m[TIME]: 0.0010 seconds total (976.6 hz, 0.04 ms behind)
[0m[33m[init]: disparity is 14.973,6.000 (15.00 thresh)
[0m[33m[init]: failed static init: no accel jerk detected
[0m[34m[TIME]: 0.0006 seconds total (1739.1 hz, 0.04 ms behind)
[0m[33m[init]: disparity is 14.973,6.000 (15.00 thresh)
[0m[33m[init]: failed static init: no accel jerk detected
[0m[34m[TIME]: 0.0006 seconds total (1795.3 hz, 0.04 ms behind)
[0m[33m[init]: disparity is 14.973,6.000 (15.00 thresh)
[0m[33m[init]: failed static init: no accel jerk detected
[0m[34m[TIME]: 0.0006 seconds total (1548.0 hz, 0.04 ms behind)
[0m[33m[init]: disparity is 14.973,6.000 (15.00 thresh)
[0m[33m[init]: failed static init: no accel jerk detected
[0m[34m[TIME]: 0.0004 seconds total (2369.7 hz, 0.04 ms behind)
[0m[33m[init]: disparity is 14.973,6.000 (15.00 thresh)
[0m[33m[init]: failed static init: no accel jerk detected
[0m[34m[TIME]: 0.0012 seconds total (854.7 hz, 0.30 ms behind)
[0m[33m[init]: disparity is 14.973,6.000 (15.00 thresh)
[0m[33m[init]: failed static init: no accel jerk detected
[0m[34m[TIME]: 0.0007 seconds total (1408.5 hz, 0.30 ms behind)
[0m[33m[init]: disparity is 14.973,6.000 (15.00 thresh)
[0m[33m[init]: failed static init: no accel jerk detected
[0m[34m[TIME]: 0.0006 seconds total (1694.9 hz, 0.30 ms behind)
[0m[33m[init]: disparity is 14.973,6.000 (15.00 thresh)
[0m[33m[init]: failed static init: no accel jerk detected
[0m[34m[TIME]: 0.0005 seconds total (2132.2 hz, 0.30 ms behind)
[0m[33m[init]: disparity is 14.973,6.000 (15.00 thresh)
[0m[33m[init]: failed static init: no accel jerk detected
[0m[34m[TIME]: 0.0006 seconds total (1763.7 hz, 0.30 ms behind)
[0m[33m[init]: disparity is 14.973,6.000 (15.00 thresh)
[0m[33m[init]: failed static init: no accel jerk detected
[0m[34m[TIME]: 0.0015 seconds total (651.9 hz, 0.31 ms behind)
[0m[33m[init]: disparity is 9.767,5.928 (15.00 thresh)
[0m[33m[init]: failed static init: no accel jerk detected
[0m[34m[TIME]: 0.0009 seconds total (1087.0 hz, 0.31 ms behind)
[0m[33m[init]: disparity is 9.767,5.928 (15.00 thresh)
[0m[33m[init]: failed static init: no accel jerk detected
[0m[34m[TIME]: 0.0010 seconds total (981.4 hz, 0.31 ms behind)
[0m[33m[init]: disparity is 9.767,5.928 (15.00 thresh)
[0m[33m[init]: failed static init: no accel jerk detected
[0m[34m[TIME]: 0.0007 seconds total (1508.3 hz, 0.31 ms behind)
[0m[33m[init]: disparity is 9.767,5.928 (15.00 thresh)
[0m[33m[init]: failed static init: no accel jerk detected
[0m[34m[TIME]: 0.0031 seconds total (326.9 hz, 0.31 ms behind)
[0m[33m[init]: disparity is 9.767,5.928 (15.00 thresh)
[0m[33m[init]: failed static init: no accel jerk detected
[0m[34m[TIME]: 0.0033 seconds total (300.6 hz, 0.07 ms behind)
[0m[33m[init]: disparity is 7.919,5.902 (15.00 thresh)
[0m[33m[init]: failed static init: no accel jerk detected
[0m[34m[TIME]: 0.0026 seconds total (378.5 hz, 0.07 ms behind)
[0m[33m[init]: disparity is 7.919,5.902 (15.00 thresh)
[0m[33m[init]: failed static init: no accel jerk detected
[0m[34m[TIME]: 0.0025 seconds total (393.1 hz, 0.07 ms behind)
[0m[33m[init]: disparity is 7.919,5.902 (15.00 thresh)
[0m[33m[init]: failed static init: no accel jerk detected
[0m[34m[TIME]: 0.0005 seconds total (1984.1 hz, 0.07 ms behind)
[0m[34m[TIME]: 0.0004 seconds total (2824.9 hz, 0.07 ms behind)
[0m[33m[init]: disparity is 7.919,5.902 (15.00 thresh)
[0m[33m[init]: failed static init: no accel jerk detected
[0m[34m[TIME]: 0.0009 seconds total (1161.4 hz, 0.33 ms behind)
[0m[33m[init]: disparity is 7.919,5.902 (15.00 thresh)
[0m[33m[init]: failed static init: no accel jerk detected
[0m[34m[TIME]: 0.0006 seconds total (1686.3 hz, 0.33 ms behind)
[0m[33m[init]: disparity is 7.919,5.902 (15.00 thresh)
[0m[33m[init]: failed static init: no accel jerk detected
[0m[34m[TIME]: 0.0006 seconds total (1712.3 hz, 0.33 ms behind)
[0m[33m[init]: disparity is 7.919,5.902 (15.00 thresh)
[0m[33m[init]: failed static init: no accel jerk detected
[0m[34m[TIME]: 0.0006 seconds total (1628.7 hz, 0.33 ms behind)
[0m[33m[init]: disparity is 7.919,5.902 (15.00 thresh)
[0m[33m[init]: failed static init: no accel jerk detected
[0m[34m[TIME]: 0.0009 seconds total (1150.7 hz, 0.33 ms behind)
[0m[33m[init]: disparity is 7.919,5.902 (15.00 thresh)
[0m[33m[init]: failed static init: no accel jerk detected
[0m[34m[TIME]: 0.0010 seconds total (1042.8 hz, 0.34 ms behind)
[0m[33m[init]: disparity is 7.919,5.902 (15.00 thresh)
[0m[33m[init]: failed static init: no accel jerk detected
[0m[34m[TIME]: 0.0008 seconds total (1216.5 hz, 0.34 ms behind)
[0m[33m[init]: disparity is 7.919,5.902 (15.00 thresh)
[0m[33m[init]: failed static init: no accel jerk detected
[0m[34m[TIME]: 0.0007 seconds total (1338.7 hz, 0.34 ms behind)
[0m[33m[init]: disparity is 7.919,5.902 (15.00 thresh)
[0m[33m[init]: failed static init: no accel jerk detected
[0m[34m[TIME]: 0.0007 seconds total (1503.8 hz, 0.34 ms behind)
[0m[33m[init]: disparity is 7.919,5.902 (15.00 thresh)
[0m[33m[init]: failed static init: no accel jerk detected
[0m[34m[TIME]: 0.0039 seconds total (255.3 hz, 0.34 ms behind)
[0m[33m[init]: disparity is 7.117,5.624 (15.00 thresh)
[0m[33m[init]: failed static init: no accel jerk detected
[0m[34m[TIME]: 0.0019 seconds total (525.8 hz, 0.35 ms behind)
[0m[33m[init]: disparity is 5.507,5.501 (15.00 thresh)
[0m[33m[init]: failed static init: no accel jerk detected
[0m[34m[TIME]: 0.0040 seconds total (253.0 hz, 0.35 ms behind)
[0m[33m[init]: disparity is 5.507,5.501 (15.00 thresh)
[0m[33m[init]: failed static init: no accel jerk detected
[0m[34m[TIME]: 0.0011 seconds total (932.0 hz, 0.35 ms behind)
[0m[33m[init]: disparity is 5.507,5.501 (15.00 thresh)
[0m[33m[init]: failed static init: no accel jerk detected
[0m[34m[TIME]: 0.0006 seconds total (1712.3 hz, 0.35 ms behind)
[0m[33m[init]: disparity is 5.507,5.501 (15.00 thresh)
[0m[33m[init]: failed static init: no accel jerk detected
[0m[34m[TIME]: 0.0005 seconds total (1821.5 hz, 0.35 ms behind)
[0m[33m[init]: disparity is 5.507,5.501 (15.00 thresh)
[0m[33m[init]: failed static init: no accel jerk detected
[0m[34m[TIME]: 0.0044 seconds total (227.2 hz, 0.11 ms behind)
[0m[33m[init]: disparity is 5.737,5.394 (15.00 thresh)
[0m[33m[init]: failed static init: no accel jerk detected
[0m[34m[TIME]: 0.0006 seconds total (1626.0 hz, 0.11 ms behind)
[0m[33m[init]: disparity is 5.737,5.394 (15.00 thresh)
[0m[33m[init]: failed static init: no accel jerk detected
[0m[34m[TIME]: 0.0039 seconds total (253.2 hz, 0.11 ms behind)
[0m[33m[init]: disparity is 5.737,5.394 (15.00 thresh)
[0m[33m[init]: failed static init: no accel jerk detected
[0m[34m[TIME]: 0.0007 seconds total (1470.6 hz, 0.11 ms behind)
[0m[33m[init]: disparity is 5.737,5.394 (15.00 thresh)
[0m[33m[init]: failed static init: no accel jerk detected
[0m[34m[TIME]: 0.0007 seconds total (1398.6 hz, 0.11 ms behind)
[0m[33m[init]: disparity is 5.737,5.394 (15.00 thresh)
[0m[33m[init]: failed static init: no accel jerk detected
[0m[34m[TIME]: 0.0007 seconds total (1336.9 hz, 0.12 ms behind)
[0m[33m[init]: disparity is 5.737,5.394 (15.00 thresh)
[0m[33m[init]: failed static init: no accel jerk detected
[0m[34m[TIME]: 0.0008 seconds total (1297.0 hz, 0.12 ms behind)
[0m[33m[init]: disparity is 5.737,5.394 (15.00 thresh)
[0m[33m[init]: failed static init: no accel jerk detected
[0m[34m[TIME]: 0.0006 seconds total (1788.9 hz, 0.12 ms behind)
[0m[33m[init]: disparity is 5.737,5.394 (15.00 thresh)
[0m[33m[init]: failed static init: no accel jerk detected
[0m[34m[TIME]: 0.0005 seconds total (2004.0 hz, 0.12 ms behind)
[0m[33m[init]: disparity is 5.737,5.394 (15.00 thresh)
[0m[33m[init]: failed static init: no accel jerk detected
[0m[34m[TIME]: 0.0039 seconds total (258.2 hz, 0.12 ms behind)
[0m[33m[init]: disparity is 5.830,6.929 (15.00 thresh)
[0m[33m[init]: failed static init: no accel jerk detected
[0m[34m[TIME]: 0.0011 seconds total (940.7 hz, 0.38 ms behind)
[0m[33m[init]: disparity is 5.830,6.929 (15.00 thresh)
[0m[33m[init]: failed static init: no accel jerk detected
[0m[34m[TIME]: 0.0040 seconds total (247.3 hz, 0.38 ms behind)
[0m[33m[init]: disparity is 5.830,6.929 (15.00 thresh)
[0m[33m[init]: failed static init: no accel jerk detected
[0m[34m[TIME]: 0.0009 seconds total (1063.8 hz, 0.38 ms behind)
[0m[33m[init]: disparity is 5.830,6.929 (15.00 thresh)
[0m[33m[init]: failed static init: no accel jerk detected
[0m[34m[TIME]: 0.0007 seconds total (1414.4 hz, 0.38 ms behind)
[0m[33m[init]: disparity is 5.830,6.929 (15.00 thresh)
[0m[33m[init]: failed static init: no accel jerk detected
[0m[34m[TIME]: 0.0007 seconds total (1479.3 hz, 0.38 ms behind)
[0m[33m[init]: disparity is 5.830,6.929 (15.00 thresh)
[0m[33m[init]: failed static init: no accel jerk detected
[0m[34m[TIME]: 0.0034 seconds total (294.5 hz, 0.14 ms behind)
[0m[33m[init]: disparity is 5.830,7.109 (15.00 thresh)
[0m[33m[init]: failed static init: no accel jerk detected
[0m[34m[TIME]: 0.0005 seconds total (1890.4 hz, 0.14 ms behind)
[0m[33m[init]: disparity is 5.830,7.109 (15.00 thresh)
[0m[33m[init]: failed static init: no accel jerk detected
[0m[34m[TIME]: 0.0013 seconds total (785.5 hz, 0.14 ms behind)
[0m[33m[init]: disparity is 5.830,7.109 (15.00 thresh)
[0m[33m[init]: failed static init: no accel jerk detected
[0m[34m[TIME]: 0.0006 seconds total (1703.6 hz, 0.14 ms behind)
[0m[33m[init]: disparity is 5.830,7.109 (15.00 thresh)
[0m[33m[init]: failed static init: no accel jerk detected
[0m[34m[TIME]: 0.0007 seconds total (1428.6 hz, 0.14 ms behind)
[0m[33m[init]: disparity is 5.830,7.109 (15.00 thresh)
[0m[33m[init]: failed static init: no accel jerk detected
[0m[34m[TIME]: 0.0009 seconds total (1126.1 hz, 0.15 ms behind)
[0m[33m[init]: disparity is 5.830,7.109 (15.00 thresh)
[0m[33m[init]: failed static init: no accel jerk detected
[0m[34m[TIME]: 0.0007 seconds total (1353.2 hz, 0.15 ms behind)
[0m[33m[init]: disparity is 5.830,7.109 (15.00 thresh)
[0m[33m[init]: failed static init: no accel jerk detected
[0m[34m[TIME]: 0.0039 seconds total (256.1 hz, 0.15 ms behind)
[0m[33m[init]: disparity is 5.797,7.355 (15.00 thresh)
[0m[33m[init]: failed static init: no accel jerk detected
[0m[34m[TIME]: 0.0007 seconds total (1398.6 hz, 0.15 ms behind)
[0m[33m[init]: disparity is 5.797,7.355 (15.00 thresh)
[0m[33m[init]: failed static init: no accel jerk detected
[0m[34m[TIME]: 0.0039 seconds total (254.5 hz, 0.15 ms behind)
[0m[33m[init]: disparity is 5.797,7.355 (15.00 thresh)
[0m[33m[init]: failed static init: no accel jerk detected
[0m[34m[TIME]: 0.0010 seconds total (1032.0 hz, 0.16 ms behind)
[0m[33m[init]: disparity is 5.797,7.355 (15.00 thresh)
[0m[33m[init]: failed static init: no accel jerk detected
[0m[34m[TIME]: 0.0039 seconds total (255.9 hz, 0.16 ms behind)
[0m[33m[init]: disparity is 5.738,9.003 (15.00 thresh)
[0m[33m[init]: failed static init: no accel jerk detected
[0m[34m[TIME]: 0.0006 seconds total (1642.0 hz, 0.16 ms behind)
[0m[33m[init]: disparity is 5.738,9.003 (15.00 thresh)
[0m[33m[init]: failed static init: no accel jerk detected
[0m[34m[TIME]: 0.0006 seconds total (1754.4 hz, 0.16 ms behind)
[0m[33m[init]: disparity is 5.738,9.003 (15.00 thresh)
[0m[33m[init]: failed static init: no accel jerk detected
[0m[34m[TIME]: 0.0005 seconds total (1968.5 hz, 0.16 ms behind)
[0m[33m[init]: disparity is 5.738,9.003 (15.00 thresh)
[0m[33m[init]: failed static init: no accel jerk detected
[0m[34m[TIME]: 0.0028 seconds total (358.2 hz, 0.17 ms behind)
[0m[33m[init]: disparity is 5.630,9.003 (15.00 thresh)
[0m[33m[init]: failed static init: no accel jerk detected
[0m[34m[TIME]: 0.0005 seconds total (2105.3 hz, 0.17 ms behind)
[0m[33m[init]: disparity is 5.630,9.003 (15.00 thresh)
[0m[33m[init]: failed static init: no accel jerk detected
[0m[34m[TIME]: 0.0006 seconds total (1782.5 hz, 0.17 ms behind)
[0m[33m[init]: disparity is 5.630,9.003 (15.00 thresh)
[0m[33m[init]: failed static init: no accel jerk detected
[0m[34m[TIME]: 0.0005 seconds total (1834.9 hz, 0.17 ms behind)
[0m[33m[init]: disparity is 5.630,9.003 (15.00 thresh)
[0m[33m[init]: failed static init: no accel jerk detected
[0m[34m[TIME]: 0.0006 seconds total (1680.7 hz, 0.17 ms behind)
[0m[33m[init]: disparity is 5.630,9.003 (15.00 thresh)
[0m[33m[init]: failed static init: no accel jerk detected
[0m[34m[TIME]: 0.0007 seconds total (1396.6 hz, 0.18 ms behind)
[0m[33m[init]: disparity is 5.630,9.003 (15.00 thresh)
[0m[33m[init]: failed static init: no accel jerk detected
[0m[34m[TIME]: 0.0006 seconds total (1600.0 hz, 0.18 ms behind)
[0m[33m[init]: disparity is 5.630,9.003 (15.00 thresh)
[0m[33m[init]: failed static init: no accel jerk detected
[0m[34m[TIME]: 0.0027 seconds total (373.4 hz, 0.18 ms behind)
[0m[33m[init]: disparity is 5.630,10.125 (15.00 thresh)
[0m[33m[init]: failed static init: no accel jerk detected
[0m[34m[TIME]: 0.0025 seconds total (395.6 hz, 0.18 ms behind)
[0m[33m[init]: disparity is 5.630,10.125 (15.00 thresh)
[0m[33m[init]: failed static init: no accel jerk detected
[0m[34m[TIME]: 0.0026 seconds total (378.1 hz, 0.18 ms behind)
[0m[33m[init]: disparity is 5.630,10.125 (15.00 thresh)
[0m[33m[init]: failed static init: no accel jerk detected
[0m[34m[TIME]: 0.0009 seconds total (1076.4 hz, 0.20 ms behind)
[0m[33m[init]: disparity is 5.630,10.125 (15.00 thresh)
[0m[33m[init]: failed static init: no accel jerk detected
[0m[34m[TIME]: 0.0007 seconds total (1390.8 hz, 0.20 ms behind)
[0m[33m[init]: disparity is 5.630,10.125 (15.00 thresh)
[0m[33m[init]: failed static init: no accel jerk detected
[0m[34m[TIME]: 0.0005 seconds total (1915.7 hz, 0.20 ms behind)
[0m[33m[init]: disparity is 5.630,10.125 (15.00 thresh)
[0m[33m[init]: failed static init: no accel jerk detected
[0m[34m[TIME]: 0.0005 seconds total (1858.7 hz, 0.20 ms behind)
[0m[33m[init]: disparity is 5.630,10.125 (15.00 thresh)
[0m[33m[init]: failed static init: no accel jerk detected
[0m[34m[TIME]: 0.0005 seconds total (1855.3 hz, 0.20 ms behind)
[0m[33m[init]: disparity is 5.630,10.125 (15.00 thresh)
[0m[33m[init]: failed static init: no accel jerk detected
[0m[34m[TIME]: 0.0008 seconds total (1295.3 hz, 0.20 ms behind)
[0m[33m[init]: disparity is 5.630,10.125 (15.00 thresh)
[0m[33m[init]: failed static init: no accel jerk detected
[0m[34m[TIME]: 0.0007 seconds total (1485.9 hz, 0.20 ms behind)
[0m[33m[init]: disparity is 5.630,10.125 (15.00 thresh)
[0m[33m[init]: failed static init: no accel jerk detected
[0m[34m[TIME]: 0.0007 seconds total (1385.0 hz, 0.20 ms behind)
[0m[33m[init]: disparity is 5.630,10.125 (15.00 thresh)
[0m[33m[init]: failed static init: no accel jerk detected
[0m[34m[TIME]: 0.0007 seconds total (1436.8 hz, 0.20 ms behind)
[0m[33m[init]: disparity is 5.630,10.125 (15.00 thresh)
[0m[33m[init]: failed static init: no accel jerk detected
[0m[34m[TIME]: 0.0008 seconds total (1308.9 hz, 0.20 ms behind)
[0m[33m[init]: disparity is 5.630,10.125 (15.00 thresh)
[0m[33m[init]: failed static init: no accel jerk detected
[0m[34m[TIME]: 0.0009 seconds total (1098.9 hz, 0.22 ms behind)
[0m[33m[init]: disparity is 5.630,10.125 (15.00 thresh)
[0m[33m[init]: failed static init: no accel jerk detected
[0m[34m[TIME]: 0.0006 seconds total (1675.0 hz, 0.22 ms behind)
[0m[33m[init]: disparity is 5.630,10.125 (15.00 thresh)
[0m[33m[init]: failed static init: no accel jerk detected
[0m[34m[TIME]: 0.0028 seconds total (354.9 hz, 0.22 ms behind)
[0m[33m[init]: disparity is 5.945,10.125 (15.00 thresh)
[0m[33m[init]: failed static init: no accel jerk detected
[0m[34m[TIME]: 0.0026 seconds total (385.2 hz, 0.22 ms behind)
[0m[33m[init]: disparity is 5.945,10.125 (15.00 thresh)
[0m[33m[init]: failed static init: no accel jerk detected
[0m[34m[TIME]: 0.0027 seconds total (373.6 hz, 0.22 ms behind)
[0m[33m[init]: disparity is 5.945,10.125 (15.00 thresh)
[0m[33m[init]: failed static init: no accel jerk detected
[0m[34m[TIME]: 0.0040 seconds total (248.4 hz, 0.23 ms behind)
[0m[33m[init]: disparity is 5.945,15.423 (15.00 thresh)
[0m[33m[init-s]: to much IMU excitation, above threshold 1.046 > 0.450
[0m[34m[TIME]: 0.0007 seconds total (1466.3 hz, 0.23 ms behind)
[0m[33m[init]: disparity is 5.945,15.423 (15.00 thresh)
[0m[33m[init-s]: to much IMU excitation, above threshold 1.046 > 0.450
[0m[34m[TIME]: 0.0006 seconds total (1795.3 hz, 0.23 ms behind)
[0m[33m[init]: disparity is 5.945,15.423 (15.00 thresh)
[0m[33m[init-s]: to much IMU excitation, above threshold 1.046 > 0.450
[0m[34m[TIME]: 0.0005 seconds total (1890.4 hz, 0.23 ms behind)
[0m[33m[init]: disparity is 5.945,15.423 (15.00 thresh)
[0m[33m[init-s]: to much IMU excitation, above threshold 1.046 > 0.450
[0m[34m[TIME]: 0.0005 seconds total (1953.1 hz, 0.23 ms behind)
[0m[33m[init]: disparity is 5.945,15.423 (15.00 thresh)
[0m[33m[init-s]: to much IMU excitation, above threshold 1.046 > 0.450
[0m[34m[TIME]: 0.0007 seconds total (1453.5 hz, 0.24 ms behind)
[0m[33m[init]: disparity is 5.945,15.423 (15.00 thresh)
[0m[33m[init-s]: to much IMU excitation, above threshold 1.131 > 0.450
[0m[34m[TIME]: 0.0005 seconds total (1879.7 hz, 0.24 ms behind)
[0m[33m[init]: disparity is 5.945,15.423 (15.00 thresh)
[0m[33m[init-s]: to much IMU excitation, above threshold 1.131 > 0.450
[0m[34m[TIME]: 0.0007 seconds total (1358.7 hz, 0.24 ms behind)
[0m[33m[init]: disparity is 5.945,15.423 (15.00 thresh)
[0m[33m[init-s]: to much IMU excitation, above threshold 1.131 > 0.450
[0m[34m[TIME]: 0.0008 seconds total (1333.3 hz, 0.24 ms behind)
[0m[33m[init]: disparity is 5.945,15.423 (15.00 thresh)
[0m[33m[init-s]: to much IMU excitation, above threshold 1.131 > 0.450
[0m[34m[TIME]: 0.0007 seconds total (1356.9 hz, 0.24 ms behind)
[0m[33m[init]: disparity is 5.945,15.423 (15.00 thresh)
[0m[33m[init-s]: to much IMU excitation, above threshold 1.131 > 0.450
[0m[34m[TIME]: 0.0009 seconds total (1123.6 hz, 0.25 ms behind)
[0m[33m[init]: disparity is 5.945,15.423 (15.00 thresh)
[0m[33m[init-s]: to much IMU excitation, above threshold 1.145 > 0.450
[0m[34m[TIME]: 0.0007 seconds total (1438.8 hz, 0.25 ms behind)
[0m[33m[init]: disparity is 5.945,15.423 (15.00 thresh)
[0m[33m[init-s]: to much IMU excitation, above threshold 1.145 > 0.450
[0m[34m[TIME]: 0.0039 seconds total (257.0 hz, 0.25 ms behind)
[0m[33m[init]: disparity is 5.624,15.423 (15.00 thresh)
[0m[33m[init-s]: to much IMU excitation, above threshold 1.145 > 0.450
[0m[34m[TIME]: 0.0030 seconds total (332.2 hz, 0.25 ms behind)
[0m[33m[init]: disparity is 5.624,15.423 (15.00 thresh)
[0m[33m[init-s]: to much IMU excitation, above threshold 1.145 > 0.450
[0m[34m[TIME]: 0.0026 seconds total (388.7 hz, 0.25 ms behind)
[0m[33m[init]: disparity is 5.624,15.423 (15.00 thresh)
[0m[33m[init-s]: to much IMU excitation, above threshold 1.145 > 0.450
[0m[34m[TIME]: 0.0007 seconds total (1340.5 hz, 0.26 ms behind)
[0m[33m[init]: disparity is 5.624,15.423 (15.00 thresh)
[0m[33m[init-s]: to much IMU excitation, above threshold 1.165 > 0.450
[0m[34m[TIME]: 0.0038 seconds total (261.6 hz, 0.26 ms behind)
[0m[33m[init]: disparity is 5.624,15.423 (15.00 thresh)
[0m[33m[init-s]: to much IMU excitation, above threshold 1.165 > 0.450
[0m[34m[TIME]: 0.0006 seconds total (1647.4 hz, 0.26 ms behind)
[0m[33m[init]: disparity is 5.624,15.423 (15.00 thresh)
[0m[33m[init-s]: to much IMU excitation, above threshold 1.165 > 0.450
[0m[34m[TIME]: 0.0005 seconds total (1845.0 hz, 0.26 ms behind)
[0m[33m[init]: disparity is 5.624,15.423 (15.00 thresh)
[0m[33m[init-s]: to much IMU excitation, above threshold 1.165 > 0.450
[0m[34m[TIME]: 0.0005 seconds total (1912.0 hz, 0.26 ms behind)
[0m[33m[init]: disparity is 5.624,15.423 (15.00 thresh)
[0m[33m[init-s]: to much IMU excitation, above threshold 1.165 > 0.450
[0m[34m[TIME]: 0.0009 seconds total (1063.8 hz, 0.27 ms behind)
[0m[33m[init]: disparity is 5.624,15.423 (15.00 thresh)
[0m[33m[init-s]: to much IMU excitation, above threshold 1.145 > 0.450
[0m[34m[TIME]: 0.0041 seconds total (242.1 hz, 0.27 ms behind)
[0m[33m[init]: not enough feats to compute disp: 66,7 < 15
[0m[34m[TIME]: 0.0007 seconds total (1457.7 hz, 0.27 ms behind)
[0m[33m[init]: not enough feats to compute disp: 66,7 < 15
[0m[34m[TIME]: 0.0007 seconds total (1340.5 hz, 0.27 ms behind)
[0m[33m[init]: not enough feats to compute disp: 66,7 < 15
[0m[34m[TIME]: 0.0008 seconds total (1297.0 hz, 0.27 ms behind)
[0m[33m[init]: not enough feats to compute disp: 66,7 < 15
[0m[34m[TIME]: 0.0009 seconds total (1103.8 hz, 0.28 ms behind)
[0m[33m[init]: not enough feats to compute disp: 66,7 < 15
[0m[34m[TIME]: 0.0006 seconds total (1727.1 hz, 0.28 ms behind)
[0m[33m[init]: not enough feats to compute disp: 66,7 < 15
[0m[34m[TIME]: 0.0005 seconds total (1904.8 hz, 0.28 ms behind)
[0m[33m[init]: not enough feats to compute disp: 66,7 < 15
[0m[34m[TIME]: 0.0039 seconds total (253.7 hz, 0.28 ms behind)
[0m[33m[init]: not enough feats to compute disp: 73,12 < 15
[0m[34m[TIME]: 0.0037 seconds total (273.0 hz, 0.28 ms behind)
[0m[33m[init]: not enough feats to compute disp: 73,12 < 15
[0m[34m[TIME]: 0.0010 seconds total (966.2 hz, 0.04 ms behind)
[0m[33m[init]: not enough feats to compute disp: 73,12 < 15
[0m[34m[TIME]: 0.0009 seconds total (1077.6 hz, 0.04 ms behind)
[0m[33m[init]: not enough feats to compute disp: 73,12 < 15
[0m[34m[TIME]: 0.0007 seconds total (1424.5 hz, 0.04 ms behind)
[0m[33m[init]: not enough feats to compute disp: 73,12 < 15
[0m[34m[TIME]: 0.0005 seconds total (1984.1 hz, 0.04 ms behind)
[0m[33m[init]: not enough feats to compute disp: 73,12 < 15
[0m[34m[TIME]: 0.0006 seconds total (1792.1 hz, 0.04 ms behind)
[0m[33m[init]: not enough feats to compute disp: 73,12 < 15
[0m[34m[TIME]: 0.0042 seconds total (240.0 hz, 0.30 ms behind)
[0m[33m[init]: not enough feats to compute disp: 66,12 < 15
[0m[34m[TIME]: 0.0031 seconds total (323.5 hz, 0.30 ms behind)
[0m[33m[init]: not enough feats to compute disp: 66,12 < 15
[0m[34m[TIME]: 0.0004 seconds total (2506.3 hz, 0.30 ms behind)
[0m[33m[init]: not enough feats to compute disp: 66,12 < 15
[0m[34m[TIME]: 0.0005 seconds total (1821.5 hz, 0.30 ms behind)
[0m[33m[init]: not enough feats to compute disp: 66,12 < 15
[0m[34m[TIME]: 0.0006 seconds total (1639.3 hz, 0.30 ms behind)
[0m[33m[init]: not enough feats to compute disp: 66,12 < 15
[0m[34m[TIME]: 0.0008 seconds total (1310.6 hz, 0.06 ms behind)
[0m[33m[init]: not enough feats to compute disp: 66,12 < 15
[0m[34m[TIME]: 0.0006 seconds total (1751.3 hz, 0.06 ms behind)
[0m[33m[init]: not enough feats to compute disp: 66,12 < 15
[0m[34m[TIME]: 0.0007 seconds total (1455.6 hz, 0.06 ms behind)
[0m[33m[init]: not enough feats to compute disp: 66,12 < 15
[0m[34m[TIME]: 0.0028 seconds total (353.5 hz, 0.06 ms behind)
[0m[33m[init]: not enough feats to compute disp: 66,5 < 15
[0m[34m[TIME]: 0.0007 seconds total (1515.2 hz, 0.06 ms behind)
[0m[33m[init]: not enough feats to compute disp: 66,5 < 15
[0m[34m[TIME]: 0.0010 seconds total (1047.1 hz, 0.07 ms behind)
[0m[33m[init]: not enough feats to compute disp: 66,5 < 15
[0m[34m[TIME]: 0.0008 seconds total (1317.5 hz, 0.07 ms behind)
[0m[33m[init]: not enough feats to compute disp: 66,5 < 15
[0m[34m[TIME]: 0.0006 seconds total (1597.4 hz, 0.07 ms behind)
[0m[33m[init]: not enough feats to compute disp: 66,5 < 15
[0m[34m[TIME]: 0.0006 seconds total (1811.6 hz, 0.07 ms behind)
[0m[33m[init]: not enough feats to compute disp: 66,5 < 15
[0m[34m[TIME]: 0.0039 seconds total (257.1 hz, 0.07 ms behind)
[0m[33m[init]: not enough feats to compute disp: 65,5 < 15
[0m[34m[TIME]: 0.0038 seconds total (265.3 hz, 0.08 ms behind)
[0m[33m[init]: not enough feats to compute disp: 58,12 < 15
[0m[34m[TIME]: 0.0027 seconds total (372.6 hz, 0.08 ms behind)
[0m[33m[init]: not enough feats to compute disp: 58,12 < 15
[0m[34m[TIME]: 0.0006 seconds total (1642.0 hz, 0.08 ms behind)
[0m[33m[init]: not enough feats to compute disp: 58,12 < 15
[0m[34m[TIME]: 0.0005 seconds total (2012.1 hz, 0.08 ms behind)
[0m[33m[init]: not enough feats to compute disp: 58,12 < 15
[0m[34m[TIME]: 0.0004 seconds total (2487.6 hz, 0.08 ms behind)
[0m[33m[init]: not enough feats to compute disp: 58,12 < 15
[0m[34m[TIME]: 0.0008 seconds total (1317.5 hz, 0.09 ms behind)
[0m[33m[init]: not enough feats to compute disp: 58,12 < 15
[0m[34m[TIME]: 0.0005 seconds total (1865.7 hz, 0.09 ms behind)
[0m[33m[init]: not enough feats to compute disp: 58,12 < 15
[0m[34m[TIME]: 0.0006 seconds total (1658.4 hz, 0.09 ms behind)
[0m[33m[init]: not enough feats to compute disp: 58,12 < 15
[0m[34m[TIME]: 0.0006 seconds total (1724.1 hz, 0.09 ms behind)
[0m[33m[init]: not enough feats to compute disp: 58,12 < 15
[0m[34m[TIME]: 0.0009 seconds total (1141.6 hz, 0.09 ms behind)
[0m[33m[init]: not enough feats to compute disp: 58,12 < 15
[0m[34m[TIME]: 0.0009 seconds total (1084.6 hz, 0.10 ms behind)
[0m[33m[init]: not enough feats to compute disp: 58,12 < 15
[0m[34m[TIME]: 0.0007 seconds total (1416.4 hz, 0.10 ms behind)
[0m[33m[init]: not enough feats to compute disp: 58,12 < 15
[0m[34m[TIME]: 0.0007 seconds total (1369.9 hz, 0.10 ms behind)
[0m[33m[init]: not enough feats to compute disp: 58,12 < 15
[0m[34m[TIME]: 0.0007 seconds total (1451.4 hz, 0.10 ms behind)
[0m[33m[init]: not enough feats to compute disp: 58,12 < 15
[0m[34m[TIME]: 0.0009 seconds total (1126.1 hz, 0.10 ms behind)
[0m[33m[init]: not enough feats to compute disp: 58,12 < 15
[0m[34m[TIME]: 0.0041 seconds total (242.2 hz, 0.11 ms behind)
[0m[33m[init]: not enough feats to compute disp: 43,12 < 15
[0m[34m[TIME]: 0.0039 seconds total (259.1 hz, 0.11 ms behind)
[0m[33m[init]: not enough feats to compute disp: 43,12 < 15
[0m[34m[TIME]: 0.0006 seconds total (1712.3 hz, 0.11 ms behind)
[0m[33m[init]: not enough feats to compute disp: 43,12 < 15
[0m[34m[TIME]: 0.0005 seconds total (2061.9 hz, 0.11 ms behind)
[0m[33m[init]: not enough feats to compute disp: 43,12 < 15
[0m[34m[TIME]: 0.0039 seconds total (257.0 hz, 0.11 ms behind)
[0m[33m[init]: not enough feats to compute disp: 43,12 < 15
[0m[34m[TIME]: 0.0008 seconds total (1285.3 hz, 0.12 ms behind)
[0m[33m[init]: not enough feats to compute disp: 43,12 < 15
[0m[34m[TIME]: 0.0005 seconds total (1897.5 hz, 0.12 ms behind)
[0m[33m[init]: not enough feats to compute disp: 43,12 < 15
[0m[34m[TIME]: 0.0008 seconds total (1287.0 hz, 0.12 ms behind)
[0m[33m[init]: not enough feats to compute disp: 43,12 < 15
[0m[34m[TIME]: 0.0006 seconds total (1733.1 hz, 0.12 ms behind)
[0m[33m[init]: not enough feats to compute disp: 43,12 < 15
[0m[34m[TIME]: 0.0004 seconds total (2392.3 hz, 0.12 ms behind)
[0m[33m[init]: not enough feats to compute disp: 43,12 < 15
[0m[34m[TIME]: 0.0010 seconds total (990.1 hz, 0.13 ms behind)
[0m[33m[init]: not enough feats to compute disp: 43,12 < 15
[0m[34m[TIME]: 0.0008 seconds total (1248.4 hz, 0.13 ms behind)
[0m[33m[init]: not enough feats to compute disp: 43,12 < 15
[0m[34m[TIME]: 0.0032 seconds total (311.8 hz, 0.13 ms behind)
[0m[33m[init]: disparity is 10.125,21.363 (15.00 thresh)
[0m[33m[init-s]: to much IMU excitation, above threshold 0.947 > 0.450
[0m[34m[TIME]: 0.0005 seconds total (1934.2 hz, 0.13 ms behind)
[0m[33m[init]: disparity is 10.125,21.363 (15.00 thresh)
[0m[33m[init-s]: to much IMU excitation, above threshold 0.947 > 0.450
[0m[34m[TIME]: 0.0007 seconds total (1536.1 hz, 0.13 ms behind)
[0m[33m[init]: disparity is 10.125,21.363 (15.00 thresh)
[0m[33m[init-s]: to much IMU excitation, above threshold 0.947 > 0.450
[0m[34m[TIME]: 0.0040 seconds total (247.8 hz, 0.14 ms behind)
[0m[33m[init]: disparity is 10.125,21.363 (15.00 thresh)
[0m[33m[init-s]: to much IMU excitation, above threshold 0.941 > 0.450
[0m[34m[TIME]: 0.0039 seconds total (259.1 hz, 0.14 ms behind)
[0m[33m[init]: disparity is 10.125,21.363 (15.00 thresh)
[0m[33m[init-s]: to much IMU excitation, above threshold 0.941 > 0.450
[0m[34m[TIME]: 0.0006 seconds total (1652.9 hz, 0.14 ms behind)
[0m[33m[init]: disparity is 10.125,21.363 (15.00 thresh)
[0m[33m[init-s]: to much IMU excitation, above threshold 0.941 > 0.450
[0m[34m[TIME]: 0.0007 seconds total (1422.5 hz, 0.14 ms behind)
[0m[33m[init]: disparity is 10.125,21.363 (15.00 thresh)
[0m[33m[init-s]: to much IMU excitation, above threshold 0.941 > 0.450
[0m[34m[TIME]: 0.0010 seconds total (1000.0 hz, 0.14 ms behind)
[0m[33m[init]: disparity is 10.125,21.363 (15.00 thresh)
[0m[33m[init-s]: to much IMU excitation, above threshold 0.941 > 0.450
[0m[34m[TIME]: 0.0008 seconds total (1240.7 hz, 0.15 ms behind)
[0m[33m[init]: disparity is 10.125,21.363 (15.00 thresh)
[0m[33m[init-s]: to much IMU excitation, above threshold 0.892 > 0.450
[0m[34m[TIME]: 0.0004 seconds total (2415.5 hz, 0.15 ms behind)
[0m[33m[init]: disparity is 10.125,21.363 (15.00 thresh)
[0m[33m[init-s]: to much IMU excitation, above threshold 0.892 > 0.450
[0m[34m[TIME]: 0.0005 seconds total (1831.5 hz, 0.15 ms behind)
[0m[33m[init]: disparity is 10.125,21.363 (15.00 thresh)
[0m[33m[init-s]: to much IMU excitation, above threshold 0.892 > 0.450
[0m[34m[TIME]: 0.0026 seconds total (385.8 hz, 0.15 ms behind)
[0m[33m[init]: disparity is 15.423,21.363 (15.00 thresh)
[0m[33m[init]: failed static init: no accel jerk detected, platform moving too much
[0m[34m[TIME]: 0.0026 seconds total (379.9 hz, 0.15 ms behind)
[0m[33m[init]: disparity is 15.423,21.363 (15.00 thresh)
[0m[33m[init]: failed static init: no accel jerk detected, platform moving too much
[0m[34m[TIME]: 0.0013 seconds total (778.8 hz, 0.16 ms behind)
[0m[33m[init]: disparity is 15.423,21.363 (15.00 thresh)
[0m[33m[init]: failed static init: no accel jerk detected, platform moving too much
[0m[34m[TIME]: 0.0007 seconds total (1355.0 hz, 0.16 ms behind)
[0m[33m[init]: disparity is 15.423,21.363 (15.00 thresh)
[0m[33m[init]: failed static init: no accel jerk detected, platform moving too much
[0m[34m[TIME]: 0.0027 seconds total (365.0 hz, 0.16 ms behind)
[0m[33m[init]: disparity is 15.423,21.884 (15.00 thresh)
[0m[33m[init]: failed static init: no accel jerk detected, platform moving too much
[0m[34m[TIME]: 0.0005 seconds total (2053.4 hz, 0.16 ms behind)
[0m[33m[init]: disparity is 15.423,21.884 (15.00 thresh)
[0m[33m[init]: failed static init: no accel jerk detected, platform moving too much
[0m[34m[TIME]: 0.0006 seconds total (1672.2 hz, 0.16 ms behind)
[0m[33m[init]: disparity is 15.423,21.884 (15.00 thresh)
[0m[33m[init]: failed static init: no accel jerk detected, platform moving too much
[0m[34m[TIME]: 0.0009 seconds total (1092.9 hz, 0.17 ms behind)
[0m[33m[init]: disparity is 15.423,21.884 (15.00 thresh)
[0m[33m[init]: failed static init: no accel jerk detected, platform moving too much
[0m[34m[TIME]: 0.0006 seconds total (1757.5 hz, 0.17 ms behind)
[0m[33m[init]: disparity is 15.423,21.884 (15.00 thresh)
[0m[33m[init]: failed static init: no accel jerk detected, platform moving too much
[0m[34m[TIME]: 0.0006 seconds total (1785.7 hz, 0.17 ms behind)
[0m[33m[init]: disparity is 15.423,21.884 (15.00 thresh)
[0m[33m[init]: failed static init: no accel jerk detected, platform moving too much
[0m[34m[TIME]: 0.0007 seconds total (1335.1 hz, 0.17 ms behind)
[0m[33m[init]: disparity is 15.423,21.884 (15.00 thresh)
[0m[33m[init]: failed static init: no accel jerk detected, platform moving too much
[0m[34m[TIME]: 0.0008 seconds total (1287.0 hz, 0.17 ms behind)
[0m[33m[init]: disparity is 15.423,21.884 (15.00 thresh)
[0m[33m[init]: failed static init: no accel jerk detected, platform moving too much
[0m[34m[TIME]: 0.0010 seconds total (996.0 hz, 0.18 ms behind)
[0m[33m[init]: disparity is 15.423,21.884 (15.00 thresh)
[0m[33m[init]: failed static init: no accel jerk detected, platform moving too much
[0m[34m[TIME]: 0.0008 seconds total (1176.5 hz, 0.18 ms behind)
[0m[33m[init]: disparity is 15.423,21.884 (15.00 thresh)
[0m[33m[init]: failed static init: no accel jerk detected, platform moving too much
[0m[34m[TIME]: 0.0006 seconds total (1597.4 hz, 0.18 ms behind)
[0m[33m[init]: disparity is 15.423,21.884 (15.00 thresh)
[0m[33m[init]: failed static init: no accel jerk detected, platform moving too much
[0m[34m[TIME]: 0.0005 seconds total (1972.4 hz, 0.18 ms behind)
[0m[33m[init]: disparity is 15.423,21.884 (15.00 thresh)
[0m[33m[init]: failed static init: no accel jerk detected, platform moving too much
[0m[34m[TIME]: 0.0038 seconds total (261.4 hz, 0.18 ms behind)
[0m[33m[init]: disparity is 17.454,20.952 (15.00 thresh)
[0m[33m[init]: failed static init: no accel jerk detected, platform moving too much
[0m[34m[TIME]: 0.0040 seconds total (248.4 hz, 0.19 ms behind)
[0m[33m[init]: not enough feats to compute disp: 12,22 < 15
[0m[34m[TIME]: 0.0039 seconds total (258.9 hz, 0.19 ms behind)
[0m[33m[init]: not enough feats to compute disp: 12,22 < 15
[0m[34m[TIME]: 0.0006 seconds total (1584.8 hz, 0.19 ms behind)
[0m[33m[init]: not enough feats to compute disp: 12,22 < 15
[0m[34m[TIME]: 0.0006 seconds total (1552.8 hz, 0.19 ms behind)
[0m[33m[init]: not enough feats to compute disp: 12,22 < 15
[0m[34m[TIME]: 0.0005 seconds total (1915.7 hz, 0.19 ms behind)
[0m[33m[init]: not enough feats to compute disp: 12,22 < 15
[0m[34m[TIME]: 0.0008 seconds total (1314.1 hz, 0.20 ms behind)
[0m[33m[init]: not enough feats to compute disp: 12,22 < 15
[0m[34m[TIME]: 0.0005 seconds total (2188.2 hz, 0.20 ms behind)
[0m[33m[init]: not enough feats to compute disp: 12,22 < 15
[0m[34m[TIME]: 0.0005 seconds total (1992.0 hz, 0.20 ms behind)
[0m[33m[init]: not enough feats to compute disp: 12,22 < 15
[0m[34m[TIME]: 0.0004 seconds total (2732.2 hz, 0.20 ms behind)
[0m[33m[init]: not enough feats to compute disp: 12,22 < 15
[0m[34m[TIME]: 0.0005 seconds total (1923.1 hz, 0.20 ms behind)
[0m[33m[init]: not enough feats to compute disp: 12,22 < 15
[0m[34m[TIME]: 0.0010 seconds total (977.5 hz, 0.22 ms behind)
[0m[33m[init]: not enough feats to compute disp: 12,22 < 15
[0m[34m[TIME]: 0.0006 seconds total (1620.7 hz, 0.22 ms behind)
[0m[33m[init]: not enough feats to compute disp: 12,22 < 15
[0m[34m[TIME]: 0.0025 seconds total (400.2 hz, 0.22 ms behind)
[0m[33m[init]: not enough feats to compute disp: 12,22 < 15
[0m[34m[TIME]: 0.0006 seconds total (1636.7 hz, 0.22 ms behind)
[0m[33m[init]: not enough feats to compute disp: 12,22 < 15
[0m[34m[TIME]: 0.0026 seconds total (385.7 hz, 0.22 ms behind)
[0m[33m[init]: not enough feats to compute disp: 12,22 < 15
[0m[34m[TIME]: 0.0041 seconds total (244.1 hz, 0.23 ms behind)
[0m[33m[init]: not enough feats to compute disp: 12,15 < 15
[0m[34m[TIME]: 0.0036 seconds total (276.2 hz, 0.23 ms behind)
[0m[33m[init]: not enough feats to compute disp: 12,15 < 15
[0m[34m[TIME]: 0.0005 seconds total (2092.1 hz, 0.23 ms behind)
[0m[33m[init]: not enough feats to compute disp: 12,15 < 15
[0m[34m[TIME]: 0.0025 seconds total (394.0 hz, 0.23 ms behind)
[0m[33m[init]: not enough feats to compute disp: 12,15 < 15
[0m[34m[TIME]: 0.0005 seconds total (2074.7 hz, 0.23 ms behind)
[0m[33m[init]: not enough feats to compute disp: 12,15 < 15
[0m[34m[TIME]: 0.0008 seconds total (1212.1 hz, 0.24 ms behind)
[0m[33m[init]: not enough feats to compute disp: 12,15 < 15
[0m[34m[TIME]: 0.0005 seconds total (1876.2 hz, 0.24 ms behind)
[0m[33m[init]: not enough feats to compute disp: 12,15 < 15
[0m[34m[TIME]: 0.0007 seconds total (1410.4 hz, 0.24 ms behind)
[0m[33m[init]: not enough feats to compute disp: 12,15 < 15
[0m[34m[TIME]: 0.0005 seconds total (1960.8 hz, 0.24 ms behind)
[0m[33m[init]: not enough feats to compute disp: 12,15 < 15
[0m[34m[TIME]: 0.0008 seconds total (1257.9 hz, 0.24 ms behind)
[0m[33m[init]: not enough feats to compute disp: 12,15 < 15
[0m[34m[TIME]: 0.0009 seconds total (1056.0 hz, 0.25 ms behind)
[0m[33m[init]: not enough feats to compute disp: 12,15 < 15
[0m[34m[TIME]: 0.0008 seconds total (1285.3 hz, 0.25 ms behind)
[0m[33m[init]: not enough feats to compute disp: 12,15 < 15
[0m[34m[TIME]: 0.0039 seconds total (259.0 hz, 0.25 ms behind)
[0m[33m[init]: not enough feats to compute disp: 12,15 < 15
[0m[34m[TIME]: 0.0008 seconds total (1242.2 hz, 0.25 ms behind)
[0m[33m[init]: not enough feats to compute disp: 12,15 < 15
[0m[34m[TIME]: 0.0038 seconds total (260.1 hz, 0.25 ms behind)
[0m[33m[init]: not enough feats to compute disp: 12,15 < 15
[0m[34m[TIME]: 0.0010 seconds total (1033.1 hz, 0.26 ms behind)
[0m[33m[init]: not enough feats to compute disp: 12,15 < 15
[0m[34m[TIME]: 0.0008 seconds total (1310.6 hz, 0.26 ms behind)
[0m[33m[init]: not enough feats to compute disp: 12,15 < 15
[0m[34m[TIME]: 0.0005 seconds total (1858.7 hz, 0.26 ms behind)
[0m[33m[init]: not enough feats to compute disp: 12,15 < 15
[0m[34m[TIME]: 0.0039 seconds total (253.8 hz, 0.26 ms behind)
[0m[33m[init]: not enough feats to compute disp: 12,15 < 15
[0m[34m[TIME]: 0.0006 seconds total (1607.7 hz, 0.26 ms behind)
[0m[33m[init]: not enough feats to compute disp: 12,15 < 15
[0m[34m[TIME]: 0.0011 seconds total (909.1 hz, 0.27 ms behind)
[0m[33m[init]: not enough feats to compute disp: 12,8 < 15
[0m[34m[TIME]: 0.0040 seconds total (250.8 hz, 0.27 ms behind)
[0m[33m[init]: not enough feats to compute disp: 12,8 < 15
[0m[34m[TIME]: 0.0008 seconds total (1250.0 hz, 0.27 ms behind)
[0m[33m[init]: not enough feats to compute disp: 12,8 < 15
[0m[34m[TIME]: 0.0006 seconds total (1801.8 hz, 0.27 ms behind)
[0m[33m[init]: not enough feats to compute disp: 12,8 < 15
[0m[34m[TIME]: 0.0008 seconds total (1314.1 hz, 0.27 ms behind)
[0m[33m[init]: not enough feats to compute disp: 12,8 < 15
[0m[34m[TIME]: 0.0010 seconds total (996.0 hz, 0.28 ms behind)
[0m[33m[init]: disparity is 21.363,19.292 (15.00 thresh)
[0m[33m[init]: failed static init: no accel jerk detected, platform moving too much
[0m[34m[TIME]: 0.0005 seconds total (1818.2 hz, 0.28 ms behind)
[0m[33m[init]: disparity is 21.363,19.292 (15.00 thresh)
[0m[33m[init]: failed static init: no accel jerk detected, platform moving too much
[0m[34m[TIME]: 0.0039 seconds total (259.1 hz, 0.28 ms behind)
[0m[33m[init]: disparity is 21.363,19.292 (15.00 thresh)
[0m[33m[init]: failed static init: no accel jerk detected, platform moving too much
[0m[34m[TIME]: 0.0010 seconds total (988.1 hz, 0.28 ms behind)
[0m[33m[init]: disparity is 21.363,19.292 (15.00 thresh)
[0m[33m[init]: failed static init: no accel jerk detected, platform moving too much
[0m[34m[TIME]: 0.0035 seconds total (285.7 hz, 0.28 ms behind)
[0m[33m[init]: disparity is 21.363,19.292 (15.00 thresh)
[0m[33m[init]: failed static init: no accel jerk detected, platform moving too much
[0m[34m[TIME]: 0.0011 seconds total (938.1 hz, 0.29 ms behind)
[0m[33m[init]: disparity is 21.363,28.055 (15.00 thresh)
[0m[33m[init]: failed static init: no accel jerk detected, platform moving too much
[0m[34m[TIME]: 0.0009 seconds total (1058.2 hz, 0.29 ms behind)
[0m[33m[init]: disparity is 21.363,28.055 (15.00 thresh)
[0m[33m[init]: failed static init: no accel jerk detected, platform moving too much
[0m[34m[TIME]: 0.0005 seconds total (1848.4 hz, 0.29 ms behind)
[0m[33m[init]: disparity is 21.363,28.055 (15.00 thresh)
[0m[33m[init]: failed static init: no accel jerk detected, platform moving too much
[0m[34m[TIME]: 0.0038 seconds total (260.1 hz, 0.29 ms behind)
[0m[33m[init]: disparity is 21.363,28.055 (15.00 thresh)
[0m[33m[init]: failed static init: no accel jerk detected, platform moving too much
[0m[34m[TIME]: 0.0006 seconds total (1709.4 hz, 0.29 ms behind)
[0m[33m[init]: disparity is 21.363,28.055 (15.00 thresh)
[0m[33m[init]: failed static init: no accel jerk detected, platform moving too much
[0m[34m[TIME]: 0.0041 seconds total (241.5 hz, 0.30 ms behind)
[0m[33m[init]: disparity is 21.363,36.893 (15.00 thresh)
[0m[33m[init]: failed static init: no accel jerk detected, platform moving too much
[0m[34m[TIME]: 0.0008 seconds total (1206.3 hz, 0.30 ms behind)
[0m[33m[init]: disparity is 21.363,36.893 (15.00 thresh)
[0m[33m[init]: failed static init: no accel jerk detected, platform moving too much
[0m[34m[TIME]: 0.0007 seconds total (1436.8 hz, 0.30 ms behind)
[0m[33m[init]: disparity is 21.363,36.893 (15.00 thresh)
[0m[33m[init]: failed static init: no accel jerk detected, platform moving too much
[0m[34m[TIME]: 0.0005 seconds total (1904.8 hz, 0.30 ms behind)
[0m[33m[init]: disparity is 21.363,36.893 (15.00 thresh)
[0m[33m[init]: failed static init: no accel jerk detected, platform moving too much
[0m[34m[TIME]: 0.0007 seconds total (1410.4 hz, 0.30 ms behind)
[0m[33m[init]: disparity is 21.363,36.893 (15.00 thresh)
[0m[33m[init]: failed static init: no accel jerk detected, platform moving too much
[0m[34m[TIME]: 0.0008 seconds total (1248.4 hz, 0.31 ms behind)
[0m[33m[init]: disparity is 21.363,36.893 (15.00 thresh)
[0m[33m[init]: failed static init: no accel jerk detected, platform moving too much
[0m[34m[TIME]: 0.0032 seconds total (311.1 hz, 0.31 ms behind)
[0m[33m[init]: disparity is 21.363,50.957 (15.00 thresh)
[0m[33m[init]: failed static init: no accel jerk detected, platform moving too much
[0m[34m[TIME]: 0.0026 seconds total (379.1 hz, 0.31 ms behind)
[0m[33m[init]: disparity is 21.363,50.957 (15.00 thresh)
[0m[33m[init]: failed static init: no accel jerk detected, platform moving too much
[0m[34m[TIME]: 0.0006 seconds total (1589.8 hz, 0.31 ms behind)
[0m[33m[init]: disparity is 21.363,50.957 (15.00 thresh)
[0m[33m[init]: failed static init: no accel jerk detected, platform moving too much
[0m[34m[TIME]: 0.0026 seconds total (386.5 hz, 0.31 ms behind)
[0m[33m[init]: disparity is 21.363,50.957 (15.00 thresh)
[0m[33m[init]: failed static init: no accel jerk detected, platform moving too much
[0m[34m[TIME]: 0.0010 seconds total (954.2 hz, 0.32 ms behind)
[0m[33m[init]: disparity is 21.363,50.957 (15.00 thresh)
[0m[33m[init]: failed static init: no accel jerk detected, platform moving too much
[0m[34m[TIME]: 0.0005 seconds total (1956.9 hz, 0.32 ms behind)
[0m[33m[init]: disparity is 21.363,50.957 (15.00 thresh)
[0m[33m[init]: failed static init: no accel jerk detected, platform moving too much
[0m[34m[TIME]: 0.0005 seconds total (1919.4 hz, 0.32 ms behind)
[0m[33m[init]: disparity is 21.363,50.957 (15.00 thresh)
[0m[33m[init]: failed static init: no accel jerk detected, platform moving too much
[0m[34m[TIME]: 0.0005 seconds total (1996.0 hz, 0.32 ms behind)
[0m[33m[init]: disparity is 21.363,50.957 (15.00 thresh)
[0m[33m[init]: failed static init: no accel jerk detected, platform moving too much
[0m[34m[TIME]: 0.0005 seconds total (2036.7 hz, 0.32 ms behind)
[0m[33m[init]: disparity is 21.363,50.957 (15.00 thresh)
[0m[33m[init]: failed static init: no accel jerk detected, platform moving too much
[0m[34m[TIME]: 0.0010 seconds total (1001.0 hz, 0.08 ms behind)
[0m[33m[init]: disparity is 21.884,41.014 (15.00 thresh)
[0m[33m[init]: failed static init: no accel jerk detected, platform moving too much
[0m[34m[TIME]: 0.0009 seconds total (1088.1 hz, 0.08 ms behind)
[0m[33m[init]: disparity is 21.884,41.014 (15.00 thresh)
[0m[33m[init]: failed static init: no accel jerk detected, platform moving too much
[0m[34m[TIME]: 0.0006 seconds total (1557.6 hz, 0.08 ms behind)
[0m[33m[init]: disparity is 21.884,41.014 (15.00 thresh)
[0m[33m[init]: failed static init: no accel jerk detected, platform moving too much
[0m[34m[TIME]: 0.0007 seconds total (1373.6 hz, 0.08 ms behind)
[0m[33m[init]: disparity is 21.884,41.014 (15.00 thresh)
[0m[33m[init]: failed static init: no accel jerk detected, platform moving too much
[0m[34m[TIME]: 0.0007 seconds total (1418.4 hz, 0.08 ms behind)
[0m[33m[init]: disparity is 21.884,41.014 (15.00 thresh)
[0m[33m[init]: failed static init: no accel jerk detected, platform moving too much
[0m[34m[TIME]: 0.0042 seconds total (240.7 hz, 0.09 ms behind)
[0m[33m[init]: disparity is 21.884,41.014 (15.00 thresh)
[0m[33m[init]: failed static init: no accel jerk detected, platform moving too much
[0m[34m[TIME]: 0.0008 seconds total (1305.5 hz, 0.09 ms behind)
[0m[33m[init]: disparity is 21.884,41.014 (15.00 thresh)
[0m[33m[init]: failed static init: no accel jerk detected, platform moving too much
[0m[34m[TIME]: 0.0036 seconds total (275.9 hz, 0.09 ms behind)
[0m[33m[init]: disparity is 21.884,41.014 (15.00 thresh)
[0m[33m[init]: failed static init: no accel jerk detected, platform moving too much
[0m[34m[TIME]: 0.0007 seconds total (1497.0 hz, 0.09 ms behind)
[0m[33m[init]: disparity is 21.884,41.014 (15.00 thresh)
[0m[33m[init]: failed static init: no accel jerk detected, platform moving too much
[0m[34m[TIME]: 0.0025 seconds total (395.1 hz, 0.09 ms behind)
[0m[33m[init]: disparity is 21.884,41.014 (15.00 thresh)
[0m[33m[init]: failed static init: no accel jerk detected, platform moving too much
[0m[34m[TIME]: 0.0008 seconds total (1305.5 hz, 0.10 ms behind)
[0m[33m[init]: disparity is 21.884,41.014 (15.00 thresh)
[0m[33m[init]: failed static init: no accel jerk detected, platform moving too much
[0m[34m[TIME]: 0.0008 seconds total (1176.5 hz, 0.10 ms behind)
[0m[33m[init]: disparity is 20.952,36.065 (15.00 thresh)
[0m[33m[init]: failed static init: no accel jerk detected, platform moving too much
[0m[34m[TIME]: 0.0006 seconds total (1785.7 hz, 0.10 ms behind)
[0m[33m[init]: disparity is 20.952,36.065 (15.00 thresh)
[0m[33m[init]: failed static init: no accel jerk detected, platform moving too much
[0m[34m[TIME]: 0.0008 seconds total (1312.3 hz, 0.10 ms behind)
[0m[33m[init]: disparity is 20.952,36.065 (15.00 thresh)
[0m[33m[init]: failed static init: no accel jerk detected, platform moving too much
[0m[34m[TIME]: 0.0007 seconds total (1512.9 hz, 0.10 ms behind)
[0m[33m[init]: disparity is 20.952,36.065 (15.00 thresh)
[0m[33m[init]: failed static init: no accel jerk detected, platform moving too much
[0m[34m[TIME]: 0.0011 seconds total (929.4 hz, 0.36 ms behind)
[0m[33m[init]: disparity is 20.952,36.065 (15.00 thresh)
[0m[33m[init]: failed static init: no accel jerk detected, platform moving too much
[0m[34m[TIME]: 0.0040 seconds total (252.9 hz, 0.36 ms behind)
[0m[33m[init]: disparity is 20.952,29.811 (15.00 thresh)
[0m[33m[init]: failed static init: no accel jerk detected, platform moving too much
[0m[34m[TIME]: 0.0006 seconds total (1636.7 hz, 0.36 ms behind)
[0m[33m[init]: disparity is 20.952,29.811 (15.00 thresh)
[0m[33m[init]: failed static init: no accel jerk detected, platform moving too much
[0m[34m[TIME]: 0.0028 seconds total (357.7 hz, 0.36 ms behind)
[0m[33m[init]: disparity is 20.952,29.811 (15.00 thresh)
[0m[33m[init]: failed static init: no accel jerk detected, platform moving too much
[0m[34m[TIME]: 0.0006 seconds total (1615.5 hz, 0.36 ms behind)
[0m[33m[init]: disparity is 20.952,29.811 (15.00 thresh)
[0m[33m[init]: failed static init: no accel jerk detected, platform moving too much
[0m[34m[TIME]: 0.0042 seconds total (236.1 hz, 0.12 ms behind)
[0m[33m[init]: disparity is 20.952,31.386 (15.00 thresh)
[0m[33m[init]: failed static init: no accel jerk detected, platform moving too much
[0m[34m[TIME]: 0.0006 seconds total (1597.4 hz, 0.12 ms behind)
[0m[33m[init]: disparity is 20.952,31.386 (15.00 thresh)
[0m[33m[init]: failed static init: no accel jerk detected, platform moving too much
[0m[34m[TIME]: 0.0038 seconds total (259.9 hz, 0.12 ms behind)
[0m[33m[init]: disparity is 20.952,31.386 (15.00 thresh)
[0m[33m[init]: failed static init: no accel jerk detected, platform moving too much
[0m[34m[TIME]: 0.0039 seconds total (255.0 hz, 0.12 ms behind)
[0m[33m[init]: disparity is 20.952,31.386 (15.00 thresh)
[0m[33m[init]: failed static init: no accel jerk detected, platform moving too much
[0m[34m[TIME]: 0.0040 seconds total (249.7 hz, 0.12 ms behind)
[0m[33m[init]: disparity is 20.952,31.386 (15.00 thresh)
[0m[33m[init]: failed static init: no accel jerk detected, platform moving too much
[0m[34m[TIME]: 0.0012 seconds total (818.3 hz, 0.13 ms behind)
[0m[33m[init]: disparity is 20.952,30.833 (15.00 thresh)
[0m[33m[init]: failed static init: no accel jerk detected, platform moving too much
[0m[34m[TIME]: 0.0008 seconds total (1187.6 hz, 0.13 ms behind)
[0m[33m[init]: disparity is 20.952,30.833 (15.00 thresh)
[0m[33m[init]: failed static init: no accel jerk detected, platform moving too much
[0m[34m[TIME]: 0.0005 seconds total (1855.3 hz, 0.13 ms behind)
[0m[33m[init]: disparity is 20.952,30.833 (15.00 thresh)
[0m[33m[init]: failed static init: no accel jerk detected, platform moving too much
[0m[34m[TIME]: 0.0006 seconds total (1736.1 hz, 0.13 ms behind)
[0m[33m[init]: disparity is 20.952,30.833 (15.00 thresh)
[0m[33m[init]: failed static init: no accel jerk detected, platform moving too much
[0m[34m[TIME]: 0.0005 seconds total (1934.2 hz, 0.13 ms behind)
[0m[33m[init]: disparity is 20.952,30.833 (15.00 thresh)
[0m[33m[init]: failed static init: no accel jerk detected, platform moving too much
[0m[34m[TIME]: 0.0041 seconds total (243.2 hz, 0.14 ms behind)
[0m[33m[init]: disparity is 20.952,29.637 (15.00 thresh)
[0m[33m[init]: failed static init: no accel jerk detected, platform moving too much
[0m[34m[TIME]: 0.0013 seconds total (782.5 hz, 0.14 ms behind)
[0m[33m[init]: disparity is 20.952,29.637 (15.00 thresh)
[0m[33m[init]: failed static init: no accel jerk detected, platform moving too much
[0m[34m[TIME]: 0.0009 seconds total (1089.3 hz, 0.14 ms behind)
[0m[33m[init]: disparity is 20.952,29.637 (15.00 thresh)
[0m[33m[init]: failed static init: no accel jerk detected, platform moving too much
[0m[34m[TIME]: 0.0008 seconds total (1182.0 hz, 0.14 ms behind)
[0m[33m[init]: disparity is 20.952,29.637 (15.00 thresh)
[0m[33m[init]: failed static init: no accel jerk detected, platform moving too much
[0m[34m[TIME]: 0.0007 seconds total (1424.5 hz, 0.14 ms behind)
[0m[33m[init]: disparity is 20.952,29.637 (15.00 thresh)
[0m[33m[init]: failed static init: no accel jerk detected, platform moving too much
[0m[34m[TIME]: 0.0008 seconds total (1280.4 hz, 0.15 ms behind)
[0m[33m[init]: disparity is 20.952,29.637 (15.00 thresh)
[0m[33m[init]: failed static init: no accel jerk detected, platform moving too much
[0m[34m[TIME]: 0.0038 seconds total (265.5 hz, 0.15 ms behind)
[0m[33m[init]: disparity is 20.203,29.566 (15.00 thresh)
[0m[33m[init]: failed static init: no accel jerk detected, platform moving too much
[0m[34m[TIME]: 0.0040 seconds total (251.6 hz, 0.15 ms behind)
[0m[33m[init]: disparity is 20.203,29.566 (15.00 thresh)
[0m[33m[init]: failed static init: no accel jerk detected, platform moving too much
[0m[34m[TIME]: 0.0008 seconds total (1189.1 hz, 0.15 ms behind)
[0m[33m[init]: disparity is 20.203,29.566 (15.00 thresh)
[0m[33m[init]: failed static init: no accel jerk detected, platform moving too much
[0m[34m[TIME]: 0.0032 seconds total (314.4 hz, 0.15 ms behind)
[0m[33m[init]: disparity is 20.203,29.566 (15.00 thresh)
[0m[33m[init]: failed static init: no accel jerk detected, platform moving too much
[0m[34m[TIME]: 0.0010 seconds total (1014.2 hz, 0.16 ms behind)
[0m[33m[init]: disparity is 20.203,29.566 (15.00 thresh)
[0m[33m[init]: failed static init: no accel jerk detected, platform moving too much
[0m[34m[TIME]: 0.0005 seconds total (1879.7 hz, 0.16 ms behind)
[0m[33m[init]: disparity is 20.203,29.566 (15.00 thresh)
[0m[33m[init]: failed static init: no accel jerk detected, platform moving too much
[0m[34m[TIME]: 0.0007 seconds total (1340.5 hz, 0.16 ms behind)
[0m[33m[init]: disparity is 20.203,29.566 (15.00 thresh)
[0m[33m[init]: failed static init: no accel jerk detected, platform moving too much
[0m[34m[TIME]: 0.0027 seconds total (373.8 hz, 0.16 ms behind)
[0m[33m[init]: disparity is 20.203,28.111 (15.00 thresh)
[0m[33m[init]: failed static init: no accel jerk detected, platform moving too much
[0m[34m[TIME]: 0.0005 seconds total (2173.9 hz, 0.16 ms behind)
[0m[33m[init]: disparity is 20.203,28.111 (15.00 thresh)
[0m[33m[init]: failed static init: no accel jerk detected, platform moving too much
[0m[34m[TIME]: 0.0031 seconds total (323.9 hz, 0.17 ms behind)
[0m[33m[init]: disparity is 20.203,25.859 (15.00 thresh)
[0m[33m[init]: failed static init: no accel jerk detected, platform moving too much
[0m[34m[TIME]: 0.0006 seconds total (1562.5 hz, 0.17 ms behind)
[0m[33m[init]: disparity is 20.203,25.859 (15.00 thresh)
[0m[33m[init]: failed static init: no accel jerk detected, platform moving too much
[0m[34m[TIME]: 0.0005 seconds total (1834.9 hz, 0.17 ms behind)
[0m[33m[init]: disparity is 20.203,25.859 (15.00 thresh)
[0m[33m[init]: failed static init: no accel jerk detected, platform moving too much
[0m[34m[TIME]: 0.0026 seconds total (385.1 hz, 0.17 ms behind)
[0m[33m[init]: disparity is 20.203,25.859 (15.00 thresh)
[0m[33m[init]: failed static init: no accel jerk detected, platform moving too much
[0m[34m[TIME]: 0.0007 seconds total (1503.8 hz, 0.17 ms behind)
[0m[33m[init]: disparity is 20.203,25.859 (15.00 thresh)
[0m[33m[init]: failed static init: no accel jerk detected, platform moving too much
[0m[34m[TIME]: 0.0009 seconds total (1097.7 hz, 0.18 ms behind)
[0m[33m[init]: disparity is 20.203,25.859 (15.00 thresh)
[0m[33m[init]: failed static init: no accel jerk detected, platform moving too much
[0m[34m[TIME]: 0.0012 seconds total (849.6 hz, 0.18 ms behind)
[0m[33m[init]: disparity is 18.846,24.677 (15.00 thresh)
[0m[33m[init]: failed static init: no accel jerk detected, platform moving too much
[0m[34m[TIME]: 0.0030 seconds total (338.2 hz, 0.18 ms behind)
[0m[33m[init]: disparity is 18.846,24.677 (15.00 thresh)
[0m[33m[init]: failed static init: no accel jerk detected, platform moving too much
[0m[34m[TIME]: 0.0006 seconds total (1550.4 hz, 0.18 ms behind)
[0m[33m[init]: disparity is 18.846,24.677 (15.00 thresh)
[0m[33m[init]: failed static init: no accel jerk detected, platform moving too much
[0m[34m[TIME]: 0.0026 seconds total (391.1 hz, 0.18 ms behind)
[0m[33m[init]: disparity is 18.846,24.677 (15.00 thresh)
[0m[33m[init]: failed static init: no accel jerk detected, platform moving too much
[0m[34m[TIME]: 0.0008 seconds total (1203.4 hz, 0.19 ms behind)
[0m[33m[init]: disparity is 18.846,24.677 (15.00 thresh)
[0m[33m[init]: failed static init: no accel jerk detected, platform moving too much
[0m[34m[TIME]: 0.0037 seconds total (270.3 hz, 0.19 ms behind)
[0m[33m[init]: disparity is 28.055,23.553 (15.00 thresh)
[0m[33m[init]: failed static init: no accel jerk detected, platform moving too much
[0m[34m[TIME]: 0.0006 seconds total (1623.4 hz, 0.19 ms behind)
[0m[33m[init]: disparity is 28.055,23.553 (15.00 thresh)
[0m[33m[init]: failed static init: no accel jerk detected, platform moving too much
[0m[34m[TIME]: 0.0009 seconds total (1100.1 hz, 0.19 ms behind)
[0m[33m[init]: disparity is 28.055,23.553 (15.00 thresh)
[0m[33m[init]: failed static init: no accel jerk detected, platform moving too much
[0m[34m[TIME]: 0.0005 seconds total (1897.5 hz, 0.19 ms behind)
[0m[33m[init]: disparity is 28.055,23.553 (15.00 thresh)
[0m[33m[init]: failed static init: no accel jerk detected, platform moving too much
[0m[34m[TIME]: 0.0042 seconds total (240.0 hz, 0.20 ms behind)
[0m[33m[init]: disparity is 36.893,21.579 (15.00 thresh)
[0m[33m[init]: failed static init: no accel jerk detected, platform moving too much
[0m[34m[TIME]: 0.0035 seconds total (287.3 hz, 0.20 ms behind)
[0m[33m[init]: disparity is 36.893,21.579 (15.00 thresh)
[0m[33m[init]: failed static init: no accel jerk detected, platform moving too much
[0m[34m[TIME]: 0.0007 seconds total (1335.1 hz, 0.20 ms behind)
[0m[33m[init]: disparity is 36.893,21.579 (15.00 thresh)
[0m[33m[init]: failed static init: no accel jerk detected, platform moving too much
[0m[34m[TIME]: 0.0008 seconds total (1194.7 hz, 0.20 ms behind)
[0m[33m[init]: disparity is 36.893,21.579 (15.00 thresh)
[0m[33m[init]: failed static init: no accel jerk detected, platform moving too much
[0m[34m[TIME]: 0.0007 seconds total (1440.9 hz, 0.20 ms behind)
[0m[33m[init]: disparity is 36.893,21.579 (15.00 thresh)
[0m[33m[init]: failed static init: no accel jerk detected, platform moving too much
[0m[34m[TIME]: 0.0008 seconds total (1314.1 hz, 0.22 ms behind)
[0m[33m[init]: disparity is 36.893,21.579 (15.00 thresh)
[0m[33m[init]: failed static init: no accel jerk detected, platform moving too much
[0m[34m[TIME]: 0.0005 seconds total (1926.8 hz, 0.22 ms behind)
[0m[33m[init]: disparity is 36.893,21.579 (15.00 thresh)
[0m[33m[init]: failed static init: no accel jerk detected, platform moving too much
[0m[34m[TIME]: 0.0039 seconds total (257.1 hz, 0.22 ms behind)
[0m[33m[init]: disparity is 43.774,23.179 (15.00 thresh)
[0m[33m[init]: failed static init: no accel jerk detected, platform moving too much
[0m[34m[TIME]: 0.0008 seconds total (1270.6 hz, 0.22 ms behind)
[0m[33m[init]: disparity is 43.774,23.179 (15.00 thresh)
[0m[33m[init]: failed static init: no accel jerk detected, platform moving too much
[0m[34m[TIME]: 0.0038 seconds total (262.7 hz, 0.22 ms behind)
[0m[33m[init]: disparity is 43.774,23.179 (15.00 thresh)
[0m[33m[init]: failed static init: no accel jerk detected, platform moving too much
[0m[34m[TIME]: 0.0012 seconds total (868.1 hz, 0.23 ms behind)
[0m[33m[init]: disparity is 43.774,23.179 (15.00 thresh)
[0m[33m[init]: failed static init: no accel jerk detected, platform moving too much
[0m[34m[TIME]: 0.0009 seconds total (1144.2 hz, 0.23 ms behind)
[0m[33m[init]: disparity is 43.774,23.179 (15.00 thresh)
[0m[33m[init]: failed static init: no accel jerk detected, platform moving too much
[0m[34m[TIME]: 0.0006 seconds total (1697.8 hz, 0.23 ms behind)
[0m[33m[init]: disparity is 43.774,23.179 (15.00 thresh)
[0m[33m[init]: failed static init: no accel jerk detected, platform moving too much
[0m[34m[TIME]: 0.0038 seconds total (264.6 hz, 0.23 ms behind)
[0m[33m[init]: disparity is 37.435,23.099 (15.00 thresh)
[0m[33m[init]: failed static init: no accel jerk detected, platform moving too much
[0m[34m[TIME]: 0.0005 seconds total (2004.0 hz, 0.23 ms behind)
[0m[33m[init]: disparity is 37.435,23.099 (15.00 thresh)
[0m[33m[init]: failed static init: no accel jerk detected, platform moving too much
[0m[34m[TIME]: 0.0041 seconds total (245.6 hz, 0.24 ms behind)
[0m[33m[init]: disparity is 41.014,25.930 (15.00 thresh)
[0m[33m[init]: failed static init: no accel jerk detected, platform moving too much
[0m[34m[TIME]: 0.0039 seconds total (256.3 hz, 0.24 ms behind)
[0m[33m[init]: disparity is 41.014,25.930 (15.00 thresh)
[0m[33m[init]: failed static init: no accel jerk detected, platform moving too much
[0m[34m[TIME]: 0.0008 seconds total (1261.0 hz, 0.24 ms behind)
[0m[33m[init]: disparity is 41.014,25.930 (15.00 thresh)
[0m[33m[init]: failed static init: no accel jerk detected, platform moving too much
[0m[34m[TIME]: 0.0005 seconds total (1841.6 hz, 0.24 ms behind)
[0m[33m[init]: disparity is 41.014,25.930 (15.00 thresh)
[0m[33m[init]: failed static init: no accel jerk detected, platform moving too much
[0m[34m[TIME]: 0.0008 seconds total (1230.0 hz, 0.24 ms behind)
[0m[33m[init]: disparity is 41.014,25.930 (15.00 thresh)
[0m[33m[init]: failed static init: no accel jerk detected, platform moving too much
[0m[34m[TIME]: 0.0007 seconds total (1472.8 hz, 0.25 ms behind)
[0m[34m[TIME]: 0.0004 seconds total (2336.4 hz, 0.25 ms behind)
[0m[33m[init]: disparity is 41.014,25.930 (15.00 thresh)
[0m[33m[init]: failed static init: no accel jerk detected, platform moving too much
[0m[34m[TIME]: 0.0026 seconds total (383.1 hz, 0.25 ms behind)
[0m[33m[init]: disparity is 41.014,27.254 (15.00 thresh)
[0m[33m[init]: failed static init: no accel jerk detected, platform moving too much
[0m[34m[TIME]: 0.0008 seconds total (1218.0 hz, 0.25 ms behind)
[0m[33m[init]: disparity is 41.014,27.254 (15.00 thresh)
[0m[33m[init]: failed static init: no accel jerk detected, platform moving too much
[0m[34m[TIME]: 0.0026 seconds total (390.8 hz, 0.25 ms behind)
[0m[33m[init]: disparity is 41.014,27.254 (15.00 thresh)
[0m[33m[init]: failed static init: no accel jerk detected, platform moving too much
[0m[34m[TIME]: 0.0010 seconds total (982.3 hz, 0.26 ms behind)
[0m[33m[init]: disparity is 41.014,27.254 (15.00 thresh)
[0m[33m[init]: failed static init: no accel jerk detected, platform moving too much
[0m[34m[TIME]: 0.0008 seconds total (1308.9 hz, 0.26 ms behind)
[0m[33m[init]: disparity is 41.014,27.254 (15.00 thresh)
[0m[33m[init]: failed static init: no accel jerk detected, platform moving too much
[0m[34m[TIME]: 0.0006 seconds total (1760.6 hz, 0.26 ms behind)
[0m[33m[init]: disparity is 41.014,27.254 (15.00 thresh)
[0m[33m[init]: failed static init: no accel jerk detected, platform moving too much
[0m[34m[TIME]: 0.0009 seconds total (1116.1 hz, 0.26 ms behind)
[0m[33m[init]: disparity is 36.065,27.608 (15.00 thresh)
[0m[33m[init]: failed static init: no accel jerk detected, platform moving too much
[0m[34m[TIME]: 0.0006 seconds total (1805.1 hz, 0.26 ms behind)
[0m[33m[init]: disparity is 36.065,27.608 (15.00 thresh)
[0m[33m[init]: failed static init: no accel jerk detected, platform moving too much
[0m[34m[TIME]: 0.0011 seconds total (932.0 hz, 0.27 ms behind)
[0m[33m[init]: disparity is 29.811,29.684 (15.00 thresh)
[0m[33m[init]: failed static init: no accel jerk detected, platform moving too much
[0m[34m[TIME]: 0.0039 seconds total (258.6 hz, 0.27 ms behind)
[0m[33m[init]: disparity is 29.811,29.684 (15.00 thresh)
[0m[33m[init]: failed static init: no accel jerk detected, platform moving too much
[0m[34m[TIME]: 0.0008 seconds total (1310.6 hz, 0.27 ms behind)
[0m[33m[init]: disparity is 29.811,29.684 (15.00 thresh)
[0m[33m[init]: failed static init: no accel jerk detected, platform moving too much
[0m[34m[TIME]: 0.0039 seconds total (254.1 hz, 0.27 ms behind)
[0m[33m[init]: disparity is 29.811,29.684 (15.00 thresh)
[0m[33m[init]: failed static init: no accel jerk detected, platform moving too much
[0m[34m[TIME]: 0.0007 seconds total (1353.2 hz, 0.27 ms behind)
[0m[33m[init]: disparity is 29.811,29.684 (15.00 thresh)
[0m[33m[init]: failed static init: no accel jerk detected, platform moving too much
[0m[34m[TIME]: 0.0033 seconds total (302.9 hz, 0.28 ms behind)
[0m[33m[init]: disparity is 31.386,28.971 (15.00 thresh)
[0m[33m[init]: failed static init: no accel jerk detected, platform moving too much
[0m[34m[TIME]: 0.0006 seconds total (1795.3 hz, 0.28 ms behind)
[0m[33m[init]: disparity is 31.386,28.971 (15.00 thresh)
[0m[33m[init]: failed static init: no accel jerk detected, platform moving too much
[0m[34m[TIME]: 0.0026 seconds total (385.7 hz, 0.28 ms behind)
[0m[33m[init]: disparity is 31.386,28.971 (15.00 thresh)
[0m[33m[init]: failed static init: no accel jerk detected, platform moving too much
[0m[34m[TIME]: 0.0005 seconds total (2083.3 hz, 0.28 ms behind)
[0m[33m[init]: disparity is 31.386,28.971 (15.00 thresh)
[0m[33m[init]: failed static init: no accel jerk detected, platform moving too much
[0m[34m[TIME]: 0.0025 seconds total (399.0 hz, 0.28 ms behind)
[0m[33m[init]: disparity is 31.386,28.971 (15.00 thresh)
[0m[33m[init]: failed static init: no accel jerk detected, platform moving too much
[0m[34m[TIME]: 0.0007 seconds total (1371.7 hz, 0.29 ms behind)
[0m[33m[init]: disparity is 31.386,28.971 (15.00 thresh)
[0m[33m[init]: failed static init: no accel jerk detected, platform moving too much
[0m[34m[TIME]: 0.0008 seconds total (1212.1 hz, 0.29 ms behind)
[0m[33m[init]: disparity is 31.386,28.971 (15.00 thresh)
[0m[33m[init]: failed static init: no accel jerk detected, platform moving too much
[0m[34m[TIME]: 0.0007 seconds total (1420.5 hz, 0.29 ms behind)
[0m[33m[init]: disparity is 31.386,28.971 (15.00 thresh)
[0m[33m[init]: failed static init: no accel jerk detected, platform moving too much
[0m[34m[TIME]: 0.0008 seconds total (1275.5 hz, 0.29 ms behind)
[0m[33m[init]: disparity is 31.386,28.971 (15.00 thresh)
[0m[33m[init]: failed static init: no accel jerk detected, platform moving too much
[0m[34m[TIME]: 0.0005 seconds total (1980.2 hz, 0.29 ms behind)
[0m[33m[init]: disparity is 31.386,28.971 (15.00 thresh)
[0m[33m[init]: failed static init: no accel jerk detected, platform moving too much
[0m[34m[TIME]: 0.0010 seconds total (953.3 hz, 0.05 ms behind)
[0m[33m[init]: disparity is 31.386,28.971 (15.00 thresh)
[0m[33m[init]: failed static init: no accel jerk detected, platform moving too much
[0m[34m[TIME]: 0.0039 seconds total (256.1 hz, 0.05 ms behind)
[0m[33m[init]: disparity is 29.637,27.896 (15.00 thresh)
[0m[33m[init]: failed static init: no accel jerk detected, platform moving too much
[0m[34m[TIME]: 0.0007 seconds total (1379.3 hz, 0.05 ms behind)
[0m[33m[init]: disparity is 29.637,27.896 (15.00 thresh)
[0m[33m[init]: failed static init: no accel jerk detected, platform moving too much
[0m[34m[TIME]: 0.0040 seconds total (252.5 hz, 0.05 ms behind)
[0m[33m[init]: disparity is 29.637,27.896 (15.00 thresh)
[0m[33m[init]: failed static init: no accel jerk detected, platform moving too much
[0m[34m[TIME]: 0.0008 seconds total (1251.6 hz, 0.05 ms behind)
[0m[33m[init]: disparity is 29.637,27.896 (15.00 thresh)
[0m[33m[init]: failed static init: no accel jerk detected, platform moving too much
[0m[34m[TIME]: 0.0011 seconds total (869.6 hz, 0.06 ms behind)
[0m[33m[init]: disparity is 29.566,30.028 (15.00 thresh)
[0m[33m[init]: failed static init: no accel jerk detected, platform moving too much
[0m[34m[TIME]: 0.0006 seconds total (1689.2 hz, 0.06 ms behind)
[0m[33m[init]: disparity is 29.566,30.028 (15.00 thresh)
[0m[33m[init]: failed static init: no accel jerk detected, platform moving too much
[0m[34m[TIME]: 0.0012 seconds total (854.0 hz, 0.06 ms behind)
[0m[33m[init]: disparity is 29.566,30.028 (15.00 thresh)
[0m[33m[init]: failed static init: no accel jerk detected, platform moving too much
[0m[34m[TIME]: 0.0006 seconds total (1655.6 hz, 0.06 ms behind)
[0m[33m[init]: disparity is 29.566,30.028 (15.00 thresh)
[0m[33m[init]: failed static init: no accel jerk detected, platform moving too much
[0m[34m[TIME]: 0.0040 seconds total (250.1 hz, 0.06 ms behind)
[0m[33m[init]: disparity is 29.566,30.028 (15.00 thresh)
[0m[33m[init]: failed static init: no accel jerk detected, platform moving too much
[0m[34m[TIME]: 0.0044 seconds total (227.2 hz, 0.32 ms behind)
[0m[33m[init]: disparity is 28.111,25.721 (15.00 thresh)
[0m[33m[init]: failed static init: no accel jerk detected, platform moving too much
[0m[34m[TIME]: 0.0006 seconds total (1557.6 hz, 0.32 ms behind)
[0m[33m[init]: disparity is 28.111,25.721 (15.00 thresh)
[0m[33m[init]: failed static init: no accel jerk detected, platform moving too much
[0m[34m[TIME]: 0.0025 seconds total (400.8 hz, 0.32 ms behind)
[0m[33m[init]: disparity is 28.111,25.721 (15.00 thresh)
[0m[33m[init]: failed static init: no accel jerk detected, platform moving too much
[0m[34m[TIME]: 0.0009 seconds total (1171.0 hz, 0.32 ms behind)
[0m[33m[init]: disparity is 28.111,25.721 (15.00 thresh)
[0m[33m[init]: failed static init: no accel jerk detected, platform moving too much
[0m[34m[TIME]: 0.0004 seconds total (2369.7 hz, 0.32 ms behind)
[0m[33m[init]: disparity is 28.111,25.721 (15.00 thresh)
[0m[33m[init]: failed static init: no accel jerk detected, platform moving too much
[0m[34m[TIME]: 0.0009 seconds total (1058.2 hz, 0.33 ms behind)
[0m[33m[init]: disparity is 28.111,25.721 (15.00 thresh)
[0m[33m[init]: failed static init: no accel jerk detected, platform moving too much
[0m[34m[TIME]: 0.0038 seconds total (266.2 hz, 0.33 ms behind)
[0m[33m[init]: disparity is 28.270,20.450 (15.00 thresh)
[0m[33m[init]: failed static init: no accel jerk detected, platform moving too much
[0m[34m[TIME]: 0.0005 seconds total (2040.8 hz, 0.33 ms behind)
[0m[33m[init]: disparity is 28.270,20.450 (15.00 thresh)
[0m[33m[init]: failed static init: no accel jerk detected, platform moving too much
[0m[34m[TIME]: 0.0026 seconds total (385.5 hz, 0.33 ms behind)
[0m[33m[init]: disparity is 28.270,20.450 (15.00 thresh)
[0m[33m[init]: failed static init: no accel jerk detected, platform moving too much
[0m[34m[TIME]: 0.0007 seconds total (1398.6 hz, 0.33 ms behind)
[0m[33m[init]: disparity is 28.270,20.450 (15.00 thresh)
[0m[33m[init]: failed static init: no accel jerk detected, platform moving too much
[0m[34m[TIME]: 0.0010 seconds total (975.6 hz, 0.34 ms behind)
[0m[33m[init]: disparity is 28.270,20.450 (15.00 thresh)
[0m[33m[init]: failed static init: no accel jerk detected, platform moving too much
[0m[34m[TIME]: 0.0005 seconds total (1845.0 hz, 0.34 ms behind)
[0m[33m[init]: disparity is 28.270,20.450 (15.00 thresh)
[0m[33m[init]: failed static init: no accel jerk detected, platform moving too much
[0m[34m[TIME]: 0.0007 seconds total (1379.3 hz, 0.34 ms behind)
[0m[33m[init]: disparity is 28.270,20.450 (15.00 thresh)
[0m[33m[init]: failed static init: no accel jerk detected, platform moving too much
[0m[34m[TIME]: 0.0005 seconds total (1945.5 hz, 0.34 ms behind)
[0m[33m[init]: disparity is 28.270,20.450 (15.00 thresh)
[0m[33m[init]: failed static init: no accel jerk detected, platform moving too much
[0m[34m[TIME]: 0.0024 seconds total (418.1 hz, 0.34 ms behind)
[0m[33m[init]: disparity is 30.386,20.450 (15.00 thresh)
[0m[33m[init]: failed static init: no accel jerk detected, platform moving too much
[0m[34m[TIME]: 0.0038 seconds total (260.8 hz, 0.10 ms behind)
[0m[33m[init]: disparity is 28.196,19.715 (15.00 thresh)
[0m[33m[init]: failed static init: no accel jerk detected, platform moving too much
[0m[34m[TIME]: 0.0006 seconds total (1574.8 hz, 0.10 ms behind)
[0m[33m[init]: disparity is 28.196,19.715 (15.00 thresh)
[0m[33m[init]: failed static init: no accel jerk detected, platform moving too much
[0m[34m[TIME]: 0.0025 seconds total (395.4 hz, 0.10 ms behind)
[0m[33m[init]: disparity is 28.196,19.715 (15.00 thresh)
[0m[33m[init]: failed static init: no accel jerk detected, platform moving too much
[0m[34m[TIME]: 0.0007 seconds total (1440.9 hz, 0.10 ms behind)
[0m[33m[init]: disparity is 28.196,19.715 (15.00 thresh)
[0m[33m[init]: failed static init: no accel jerk detected, platform moving too much
[0m[34m[TIME]: 0.0004 seconds total (2364.1 hz, 0.10 ms behind)
[0m[33m[init]: disparity is 28.196,19.715 (15.00 thresh)
[0m[33m[init]: failed static init: no accel jerk detected, platform moving too much
[0m[34m[TIME]: 0.0008 seconds total (1204.8 hz, 0.11 ms behind)
[0m[33m[init]: disparity is 28.196,19.715 (15.00 thresh)
[0m[33m[init]: failed static init: no accel jerk detected, platform moving too much
[0m[34m[TIME]: 0.0041 seconds total (245.2 hz, 0.11 ms behind)
[0m[33m[init]: disparity is 23.575,21.030 (15.00 thresh)
[0m[33m[init]: failed static init: no accel jerk detected, platform moving too much
[0m[34m[TIME]: 0.0006 seconds total (1661.1 hz, 0.11 ms behind)
[0m[33m[init]: disparity is 23.575,21.030 (15.00 thresh)
[0m[33m[init]: failed static init: no accel jerk detected, platform moving too much
[0m[34m[TIME]: 0.0040 seconds total (247.1 hz, 0.11 ms behind)
[0m[33m[init]: disparity is 23.575,21.030 (15.00 thresh)
[0m[33m[init]: failed static init: no accel jerk detected, platform moving too much
[0m[34m[TIME]: 0.0008 seconds total (1228.5 hz, 0.11 ms behind)
[0m[33m[init]: disparity is 23.575,21.030 (15.00 thresh)
[0m[33m[init]: failed static init: no accel jerk detected, platform moving too much
[0m[34m[TIME]: 0.0009 seconds total (1126.1 hz, 0.12 ms behind)
[0m[33m[init]: disparity is 23.575,21.030 (15.00 thresh)
[0m[33m[init]: failed static init: no accel jerk detected, platform moving too much
[0m[34m[TIME]: 0.0005 seconds total (2004.0 hz, 0.12 ms behind)
[0m[33m[init]: disparity is 23.575,21.030 (15.00 thresh)
[0m[33m[init]: failed static init: no accel jerk detected, platform moving too much
[0m[34m[TIME]: 0.0007 seconds total (1499.3 hz, 0.12 ms behind)
[0m[33m[init]: disparity is 23.575,21.030 (15.00 thresh)
[0m[33m[init]: failed static init: no accel jerk detected, platform moving too much
[0m[34m[TIME]: 0.0005 seconds total (2028.4 hz, 0.12 ms behind)
[0m[33m[init]: disparity is 23.575,21.030 (15.00 thresh)
[0m[33m[init]: failed static init: no accel jerk detected, platform moving too much
[0m[34m[TIME]: 0.0039 seconds total (254.4 hz, 0.12 ms behind)
[0m[33m[init]: disparity is 22.965,15.557 (15.00 thresh)
[0m[33m[init]: failed static init: no accel jerk detected, platform moving too much
[0m[34m[TIME]: 0.0018 seconds total (568.5 hz, 0.13 ms behind)
[0m[33m[init]: disparity is 22.276,13.335 (15.00 thresh)
[0m[33m[init]: failed static init: no accel jerk detected, platform moving too much
[0m[34m[TIME]: 0.0011 seconds total (936.3 hz, 0.13 ms behind)
[0m[33m[init]: disparity is 22.276,13.335 (15.00 thresh)
[0m[33m[init]: failed static init: no accel jerk detected, platform moving too much
[0m[34m[TIME]: 0.0026 seconds total (390.0 hz, 0.13 ms behind)
[0m[33m[init]: disparity is 22.276,13.335 (15.00 thresh)
[0m[33m[init]: failed static init: no accel jerk detected, platform moving too much
[0m[34m[TIME]: 0.0008 seconds total (1242.2 hz, 0.13 ms behind)
[0m[33m[init]: disparity is 22.276,13.335 (15.00 thresh)
[0m[33m[init]: failed static init: no accel jerk detected, platform moving too much
[0m[34m[TIME]: 0.0005 seconds total (2212.4 hz, 0.13 ms behind)
[0m[33m[init]: disparity is 22.276,13.335 (15.00 thresh)
[0m[33m[init]: failed static init: no accel jerk detected, platform moving too much
[0m[34m[TIME]: 0.0009 seconds total (1098.9 hz, 0.14 ms behind)
[0m[33m[init]: disparity is 22.276,13.335 (15.00 thresh)
[0m[33m[init]: failed static init: no accel jerk detected, platform moving too much
[0m[34m[TIME]: 0.0027 seconds total (365.1 hz, 0.14 ms behind)
[0m[33m[init]: disparity is 25.930,13.335 (15.00 thresh)
[0m[33m[init]: failed static init: no accel jerk detected, platform moving too much
[0m[34m[TIME]: 0.0004 seconds total (2232.1 hz, 0.14 ms behind)
[0m[33m[init]: disparity is 25.930,13.335 (15.00 thresh)
[0m[33m[init]: failed static init: no accel jerk detected, platform moving too much
[0m[34m[TIME]: 0.0016 seconds total (639.0 hz, 0.14 ms behind)
[0m[33m[init]: disparity is 25.930,13.335 (15.00 thresh)
[0m[33m[init]: failed static init: no accel jerk detected, platform moving too much
[0m[34m[TIME]: 0.0006 seconds total (1597.4 hz, 0.14 ms behind)
[0m[33m[init]: disparity is 25.930,13.335 (15.00 thresh)
[0m[33m[init]: failed static init: no accel jerk detected, platform moving too much
[0m[34m[TIME]: 0.0014 seconds total (712.8 hz, 0.15 ms behind)
[0m[34m[TIME]: 0.0004 seconds total (2331.0 hz, 0.15 ms behind)
[0m[33m[init]: disparity is 25.930,13.335 (15.00 thresh)
[0m[33m[init]: failed static init: no accel jerk detected, platform moving too much
[0m[34m[TIME]: 0.0006 seconds total (1733.1 hz, 0.15 ms behind)
[0m[33m[init]: disparity is 25.930,13.335 (15.00 thresh)
[0m[33m[init]: failed static init: no accel jerk detected, platform moving too much
[0m[34m[TIME]: 0.0006 seconds total (1733.1 hz, 0.15 ms behind)
[0m[33m[init]: disparity is 25.930,13.335 (15.00 thresh)
[0m[33m[init]: failed static init: no accel jerk detected, platform moving too much
[0m[34m[TIME]: 0.0027 seconds total (375.2 hz, 0.15 ms behind)
[0m[33m[init]: disparity is 25.930,13.335 (15.00 thresh)
[0m[33m[init]: failed static init: no accel jerk detected, platform moving too much
[0m[34m[TIME]: 0.0041 seconds total (241.8 hz, 0.16 ms behind)
[0m[33m[init]: disparity is 25.930,13.335 (15.00 thresh)
[0m[33m[init]: failed static init: no accel jerk detected, platform moving too much
[0m[34m[TIME]: 0.0009 seconds total (1156.1 hz, 0.16 ms behind)
[0m[33m[init]: disparity is 25.930,13.335 (15.00 thresh)
[0m[33m[init]: failed static init: no accel jerk detected, platform moving too much
[0m[34m[TIME]: 0.0015 seconds total (669.3 hz, 0.16 ms behind)
[0m[33m[init]: disparity is 25.930,13.335 (15.00 thresh)
[0m[33m[init]: failed static init: no accel jerk detected, platform moving too much
[0m[34m[TIME]: 0.0008 seconds total (1204.8 hz, 0.16 ms behind)
[0m[33m[init]: disparity is 25.930,13.335 (15.00 thresh)
[0m[33m[init]: failed static init: no accel jerk detected, platform moving too much
[0m[34m[TIME]: 0.0005 seconds total (1980.2 hz, 0.16 ms behind)
[0m[33m[init]: disparity is 25.930,13.335 (15.00 thresh)
[0m[33m[init]: failed static init: no accel jerk detected, platform moving too much
[0m[34m[TIME]: 0.0008 seconds total (1206.3 hz, 0.17 ms behind)
[0m[33m[init]: disparity is 25.930,13.335 (15.00 thresh)
[0m[33m[init]: failed static init: no accel jerk detected, platform moving too much
[0m[34m[TIME]: 0.0031 seconds total (325.3 hz, 0.17 ms behind)
[0m[33m[init]: disparity is 27.254,10.902 (15.00 thresh)
[0m[33m[init]: failed static init: no accel jerk detected, platform moving too much
[0m[34m[TIME]: 0.0026 seconds total (378.5 hz, 0.17 ms behind)
[0m[33m[init]: disparity is 27.254,10.902 (15.00 thresh)
[0m[33m[init]: failed static init: no accel jerk detected, platform moving too much
[0m[34m[TIME]: 0.0022 seconds total (450.9 hz, 0.17 ms behind)
[0m[33m[init]: disparity is 27.254,10.902 (15.00 thresh)
[0m[33m[init]: failed static init: no accel jerk detected, platform moving too much
[0m[34m[TIME]: 0.0007 seconds total (1494.8 hz, 0.17 ms behind)
[0m[33m[init]: disparity is 27.254,10.902 (15.00 thresh)
[0m[33m[init]: failed static init: no accel jerk detected, platform moving too much
[0m[34m[TIME]: 0.0010 seconds total (968.1 hz, 0.18 ms behind)
[0m[34m[TIME]: 0.0004 seconds total (2717.4 hz, 0.18 ms behind)
[0m[33m[init]: disparity is 27.254,10.902 (15.00 thresh)
[0m[33m[init]: failed static init: no accel jerk detected, platform moving too much
[0m[34m[TIME]: 0.0004 seconds total (2409.6 hz, 0.18 ms behind)
[0m[33m[init]: disparity is 27.254,10.902 (15.00 thresh)
[0m[33m[init]: failed static init: no accel jerk detected, platform moving too much
[0m[34m[TIME]: 0.0015 seconds total (659.2 hz, 0.18 ms behind)
[0m[33m[init]: disparity is 26.952,12.797 (15.00 thresh)
[0m[33m[init]: failed static init: no accel jerk detected, platform moving too much
[0m[34m[TIME]: 0.0027 seconds total (372.9 hz, 0.18 ms behind)
[0m[33m[init]: disparity is 26.952,12.797 (15.00 thresh)
[0m[33m[init]: failed static init: no accel jerk detected, platform moving too much
[0m[34m[TIME]: 0.0041 seconds total (243.2 hz, 0.20 ms behind)
[0m[33m[init]: disparity is 26.857,14.652 (15.00 thresh)
[0m[33m[init]: failed static init: no accel jerk detected, platform moving too much
[0m[34m[TIME]: 0.0010 seconds total (1026.7 hz, 0.20 ms behind)
[0m[33m[init]: disparity is 26.857,14.652 (15.00 thresh)
[0m[33m[init]: failed static init: no accel jerk detected, platform moving too much
[0m[34m[TIME]: 0.0008 seconds total (1326.3 hz, 0.20 ms behind)
[0m[33m[init]: disparity is 26.857,14.652 (15.00 thresh)
[0m[33m[init]: failed static init: no accel jerk detected, platform moving too much
[0m[34m[TIME]: 0.0006 seconds total (1724.1 hz, 0.20 ms behind)
[0m[33m[init]: disparity is 26.857,14.652 (15.00 thresh)
[0m[33m[init]: failed static init: no accel jerk detected, platform moving too much
[0m[34m[TIME]: 0.0006 seconds total (1672.2 hz, 0.20 ms behind)
[0m[33m[init]: disparity is 26.857,14.652 (15.00 thresh)
[0m[33m[init]: failed static init: no accel jerk detected, platform moving too much
[0m[34m[TIME]: 0.0008 seconds total (1277.1 hz, 0.20 ms behind)
[0m[33m[init]: disparity is 26.857,14.652 (15.00 thresh)
[0m[33m[init]: failed static init: no accel jerk detected, platform moving too much
[0m[34m[TIME]: 0.0039 seconds total (258.4 hz, 0.20 ms behind)
[0m[33m[init]: disparity is 26.872,14.652 (15.00 thresh)
[0m[33m[init]: failed static init: no accel jerk detected, platform moving too much
[0m[34m[TIME]: 0.0040 seconds total (251.8 hz, 0.20 ms behind)
[0m[33m[init]: disparity is 26.872,14.652 (15.00 thresh)
[0m[33m[init]: failed static init: no accel jerk detected, platform moving too much
[0m[34m[TIME]: 0.0007 seconds total (1340.5 hz, 0.20 ms behind)
[0m[33m[init]: disparity is 26.872,14.652 (15.00 thresh)
[0m[33m[init]: failed static init: no accel jerk detected, platform moving too much
[0m[34m[TIME]: 0.0008 seconds total (1212.1 hz, 0.20 ms behind)
[0m[33m[init]: disparity is 26.872,14.652 (15.00 thresh)
[0m[33m[init]: failed static init: no accel jerk detected, platform moving too much
[0m[34m[TIME]: 0.0010 seconds total (971.8 hz, 0.22 ms behind)
[0m[33m[init]: disparity is 26.872,14.652 (15.00 thresh)
[0m[33m[init]: failed static init: no accel jerk detected, platform moving too much
[0m[34m[TIME]: 0.0038 seconds total (265.0 hz, 0.22 ms behind)
[0m[33m[init]: disparity is 26.462,14.652 (15.00 thresh)
[0m[33m[init]: failed static init: no accel jerk detected, platform moving too much
[0m[34m[TIME]: 0.0005 seconds total (1876.2 hz, 0.22 ms behind)
[0m[33m[init]: disparity is 26.462,14.652 (15.00 thresh)
[0m[33m[init]: failed static init: no accel jerk detected, platform moving too much
[0m[34m[TIME]: 0.0033 seconds total (299.3 hz, 0.22 ms behind)
[0m[33m[init]: disparity is 26.462,14.652 (15.00 thresh)
[0m[33m[init]: failed static init: no accel jerk detected, platform moving too much
[0m[34m[TIME]: 0.0008 seconds total (1212.1 hz, 0.22 ms behind)
[0m[33m[init]: disparity is 26.462,14.652 (15.00 thresh)
[0m[33m[init]: failed static init: no accel jerk detected, platform moving too much
[0m[34m[TIME]: 0.0033 seconds total (304.0 hz, 0.23 ms behind)
[0m[34m[TIME]: 0.0004 seconds total (2347.4 hz, 0.23 ms behind)
[0m[33m[init]: disparity is 27.896,19.229 (15.00 thresh)
[0m[33m[init]: failed static init: no accel jerk detected, platform moving too much
[0m[34m[TIME]: 0.0006 seconds total (1748.3 hz, 0.23 ms behind)
[0m[33m[init]: disparity is 27.896,19.229 (15.00 thresh)
[0m[33m[init]: failed static init: no accel jerk detected, platform moving too much
[0m[34m[TIME]: 0.0028 seconds total (361.7 hz, 0.23 ms behind)
[0m[33m[init]: disparity is 27.896,19.229 (15.00 thresh)
[0m[33m[init]: failed static init: no accel jerk detected, platform moving too much
[0m[34m[TIME]: 0.0028 seconds total (356.1 hz, 0.23 ms behind)
[0m[33m[init]: disparity is 27.896,19.229 (15.00 thresh)
[0m[33m[init]: failed static init: no accel jerk detected, platform moving too much
[0m[34m[TIME]: 0.0008 seconds total (1277.1 hz, 0.24 ms behind)
[0m[33m[init]: disparity is 27.896,19.229 (15.00 thresh)
[0m[33m[init]: failed static init: no accel jerk detected, platform moving too much
[0m[34m[TIME]: 0.0008 seconds total (1206.3 hz, 0.24 ms behind)
[0m[33m[init]: disparity is 27.896,19.229 (15.00 thresh)
[0m[33m[init]: failed static init: no accel jerk detected, platform moving too much
[0m[34m[TIME]: 0.0011 seconds total (896.9 hz, 0.24 ms behind)
[0m[33m[init]: disparity is 25.002,16.649 (15.00 thresh)
[0m[33m[init]: failed static init: no accel jerk detected, platform moving too much
[0m[34m[TIME]: 0.0006 seconds total (1672.2 hz, 0.24 ms behind)
[0m[33m[init]: disparity is 25.002,16.649 (15.00 thresh)
[0m[33m[init]: failed static init: no accel jerk detected, platform moving too much
[0m[34m[TIME]: 0.0006 seconds total (1785.7 hz, 0.24 ms behind)
[0m[33m[init]: disparity is 25.002,16.649 (15.00 thresh)
[0m[33m[init]: failed static init: no accel jerk detected, platform moving too much
[0m[34m[TIME]: 0.0010 seconds total (966.2 hz, 0.25 ms behind)
[0m[33m[init]: disparity is 25.002,16.649 (15.00 thresh)
[0m[33m[init]: failed static init: no accel jerk detected, platform moving too much
[0m[34m[TIME]: 0.0040 seconds total (252.8 hz, 0.25 ms behind)
[0m[33m[init]: disparity is 21.477,16.649 (15.00 thresh)
[0m[33m[init]: failed static init: no accel jerk detected, platform moving too much
[0m[34m[TIME]: 0.0039 seconds total (259.4 hz, 0.25 ms behind)
[0m[33m[init]: disparity is 21.477,16.649 (15.00 thresh)
[0m[33m[init]: failed static init: no accel jerk detected, platform moving too much
[0m[34m[TIME]: 0.0008 seconds total (1261.0 hz, 0.25 ms behind)
[0m[33m[init]: disparity is 21.477,16.649 (15.00 thresh)
[0m[33m[init]: failed static init: no accel jerk detected, platform moving too much
[0m[34m[TIME]: 0.0007 seconds total (1335.1 hz, 0.25 ms behind)
[0m[33m[init]: disparity is 21.477,16.649 (15.00 thresh)
[0m[33m[init]: failed static init: no accel jerk detected, platform moving too much
[0m[34m[TIME]: 0.0041 seconds total (242.1 hz, 0.26 ms behind)
[0m[33m[init]: disparity is 20.450,16.138 (15.00 thresh)
[0m[33m[init]: failed static init: no accel jerk detected, platform moving too much
[0m[34m[TIME]: 0.0006 seconds total (1636.7 hz, 0.26 ms behind)
[0m[33m[init]: disparity is 20.450,16.138 (15.00 thresh)
[0m[33m[init]: failed static init: no accel jerk detected, platform moving too much
[0m[34m[TIME]: 0.0005 seconds total (2217.3 hz, 0.26 ms behind)
[0m[33m[init]: disparity is 20.450,16.138 (15.00 thresh)
[0m[33m[init]: failed static init: no accel jerk detected, platform moving too much
[0m[34m[TIME]: 0.0025 seconds total (394.9 hz, 0.26 ms behind)
[0m[33m[init]: disparity is 20.450,16.138 (15.00 thresh)
[0m[33m[init]: failed static init: no accel jerk detected, platform moving too much
[0m[34m[TIME]: 0.0025 seconds total (394.8 hz, 0.26 ms behind)
[0m[33m[init]: disparity is 20.450,16.138 (15.00 thresh)
[0m[33m[init]: failed static init: no accel jerk detected, platform moving too much
[0m[34m[TIME]: 0.0010 seconds total (1041.7 hz, 0.27 ms behind)
[0m[33m[init]: disparity is 20.450,16.138 (15.00 thresh)
[0m[33m[init]: failed static init: no accel jerk detected, platform moving too much
[0m[34m[TIME]: 0.0009 seconds total (1096.5 hz, 0.27 ms behind)
[0m[33m[init]: disparity is 20.450,16.138 (15.00 thresh)
[0m[33m[init]: failed static init: no accel jerk detected, platform moving too much
[0m[34m[TIME]: 0.0008 seconds total (1321.0 hz, 0.27 ms behind)
[0m[33m[init]: disparity is 20.450,16.138 (15.00 thresh)
[0m[33m[init]: failed static init: no accel jerk detected, platform moving too much
[0m[34m[TIME]: 0.0006 seconds total (1792.1 hz, 0.27 ms behind)
[0m[33m[init]: disparity is 20.450,16.138 (15.00 thresh)
[0m[33m[init]: failed static init: no accel jerk detected, platform moving too much
[0m[34m[TIME]: 0.0006 seconds total (1785.7 hz, 0.27 ms behind)
[0m[33m[init]: disparity is 20.450,16.138 (15.00 thresh)
[0m[33m[init]: failed static init: no accel jerk detected, platform moving too much
[0m[34m[TIME]: 0.0010 seconds total (956.0 hz, 0.28 ms behind)
[0m[33m[init]: disparity is 20.450,16.138 (15.00 thresh)
[0m[33m[init]: failed static init: no accel jerk detected, platform moving too much
[0m[34m[TIME]: 0.0009 seconds total (1126.1 hz, 0.28 ms behind)
[0m[33m[init]: disparity is 19.715,16.138 (15.00 thresh)
[0m[33m[init]: failed static init: no accel jerk detected, platform moving too much
[0m[34m[TIME]: 0.0039 seconds total (253.4 hz, 0.28 ms behind)
[0m[33m[init]: disparity is 19.715,16.138 (15.00 thresh)
[0m[33m[init]: failed static init: no accel jerk detected, platform moving too much
[0m[34m[TIME]: 0.0009 seconds total (1118.6 hz, 0.28 ms behind)
[0m[33m[init]: disparity is 19.715,16.138 (15.00 thresh)
[0m[33m[init]: failed static init: no accel jerk detected, platform moving too much
[0m[34m[TIME]: 0.0013 seconds total (752.4 hz, 0.28 ms behind)
[0m[33m[init]: disparity is 19.715,16.138 (15.00 thresh)
[0m[33m[init]: failed static init: no accel jerk detected, platform moving too much
[0m[34m[TIME]: 0.0042 seconds total (238.6 hz, 0.29 ms behind)
[0m[33m[init]: disparity is 21.030,16.138 (15.00 thresh)
[0m[33m[init]: failed static init: no accel jerk detected, platform moving too much
[0m[34m[TIME]: 0.0042 seconds total (239.9 hz, 0.29 ms behind)
[0m[33m[init]: disparity is 21.030,16.138 (15.00 thresh)
[0m[33m[init]: failed static init: no accel jerk detected, platform moving too much
[0m[34m[TIME]: 0.0006 seconds total (1733.1 hz, 0.29 ms behind)
[0m[33m[init]: disparity is 21.030,16.138 (15.00 thresh)
[0m[33m[init]: failed static init: no accel jerk detected, platform moving too much
[0m[34m[TIME]: 0.0040 seconds total (250.2 hz, 0.29 ms behind)
[0m[33m[init]: disparity is 21.030,16.138 (15.00 thresh)
[0m[33m[init]: failed static init: no accel jerk detected, platform moving too much
[0m[34m[TIME]: 0.0015 seconds total (685.4 hz, 0.29 ms behind)
[0m[33m[init]: disparity is 21.030,16.138 (15.00 thresh)
[0m[33m[init]: failed static init: no accel jerk detected, platform moving too much
[0m[34m[TIME]: 0.0007 seconds total (1347.7 hz, 0.05 ms behind)
[0m[33m[init]: disparity is 21.030,16.138 (15.00 thresh)
[0m[33m[init]: failed static init: no accel jerk detected, platform moving too much
[0m[34m[TIME]: 0.0006 seconds total (1808.3 hz, 0.05 ms behind)
[0m[33m[init]: disparity is 21.030,16.138 (15.00 thresh)
[0m[33m[init]: failed static init: no accel jerk detected, platform moving too much
[0m[34m[TIME]: 0.0008 seconds total (1293.7 hz, 0.05 ms behind)
[0m[33m[init]: disparity is 21.030,16.138 (15.00 thresh)
[0m[33m[init]: failed static init: no accel jerk detected, platform moving too much
[0m[34m[TIME]: 0.0005 seconds total (2057.6 hz, 0.05 ms behind)
[0m[33m[init]: disparity is 21.030,16.138 (15.00 thresh)
[0m[33m[init]: failed static init: no accel jerk detected, platform moving too much
[0m[34m[TIME]: 0.0038 seconds total (265.0 hz, 0.05 ms behind)
[0m[33m[init]: disparity is 15.557,31.707 (15.00 thresh)
[0m[33m[init]: failed static init: no accel jerk detected, platform moving too much
[0m[34m[TIME]: 0.0012 seconds total (820.3 hz, 0.06 ms behind)
[0m[33m[init]: disparity is 15.557,31.707 (15.00 thresh)
[0m[33m[init]: failed static init: no accel jerk detected, platform moving too much
[0m[34m[TIME]: 0.0007 seconds total (1351.4 hz, 0.06 ms behind)
[0m[33m[init]: disparity is 15.557,31.707 (15.00 thresh)
[0m[33m[init]: failed static init: no accel jerk detected, platform moving too much
[0m[34m[TIME]: 0.0027 seconds total (373.6 hz, 0.06 ms behind)
[0m[33m[init]: disparity is 13.335,28.485 (15.00 thresh)
[0m[33m[init-s]: to much IMU excitation, above threshold 0.973 > 0.450
[0m[34m[TIME]: 0.0006 seconds total (1589.8 hz, 0.06 ms behind)
[0m[33m[init]: disparity is 13.335,28.485 (15.00 thresh)
[0m[33m[init-s]: to much IMU excitation, above threshold 0.973 > 0.450
[0m[34m[TIME]: 0.0004 seconds total (2277.9 hz, 0.06 ms behind)
[0m[33m[init]: disparity is 13.335,28.485 (15.00 thresh)
[0m[33m[init-s]: to much IMU excitation, above threshold 0.973 > 0.450
[0m[34m[TIME]: 0.0011 seconds total (942.5 hz, 0.32 ms behind)
[0m[33m[init]: disparity is 13.335,28.485 (15.00 thresh)
[0m[33m[init-s]: to much IMU excitation, above threshold 0.994 > 0.450
[0m[34m[TIME]: 0.0008 seconds total (1295.3 hz, 0.32 ms behind)
[0m[33m[init]: disparity is 13.335,28.485 (15.00 thresh)
[0m[33m[init-s]: to much IMU excitation, above threshold 0.994 > 0.450
[0m[34m[TIME]: 0.0004 seconds total (2298.9 hz, 0.32 ms behind)
[0m[33m[init]: disparity is 13.335,28.485 (15.00 thresh)
[0m[33m[init-s]: to much IMU excitation, above threshold 0.994 > 0.450
[0m[34m[TIME]: 0.0027 seconds total (376.9 hz, 0.32 ms behind)
[0m[33m[init]: disparity is 13.335,28.485 (15.00 thresh)
[0m[33m[init-s]: to much IMU excitation, above threshold 0.994 > 0.450
[0m[34m[TIME]: 0.0009 seconds total (1128.7 hz, 0.32 ms behind)
[0m[33m[init]: disparity is 13.335,28.485 (15.00 thresh)
[0m[33m[init-s]: to much IMU excitation, above threshold 0.994 > 0.450
[0m[34m[TIME]: 0.0028 seconds total (356.4 hz, 0.08 ms behind)
[0m[33m[init]: disparity is 13.335,30.459 (15.00 thresh)
[0m[33m[init-s]: to much IMU excitation, above threshold 0.980 > 0.450
[0m[34m[TIME]: 0.0027 seconds total (366.7 hz, 0.08 ms behind)
[0m[33m[init]: disparity is 13.335,30.459 (15.00 thresh)
[0m[33m[init-s]: to much IMU excitation, above threshold 0.980 > 0.450
[0m[34m[TIME]: 0.0007 seconds total (1533.7 hz, 0.08 ms behind)
[0m[34m[TIME]: 0.0004 seconds total (2518.9 hz, 0.08 ms behind)
[0m[33m[init]: disparity is 13.335,30.459 (15.00 thresh)
[0m[33m[init-s]: to much IMU excitation, above threshold 0.980 > 0.450
[0m[34m[TIME]: 0.0007 seconds total (1497.0 hz, 0.08 ms behind)
[0m[33m[init]: disparity is 13.335,30.459 (15.00 thresh)
[0m[33m[init-s]: to much IMU excitation, above threshold 0.980 > 0.450
[0m[34m[TIME]: 0.0007 seconds total (1524.4 hz, 0.09 ms behind)
[0m[33m[init]: disparity is 13.335,30.459 (15.00 thresh)
[0m[33m[init-s]: to much IMU excitation, above threshold 0.873 > 0.450
[0m[34m[TIME]: 0.0005 seconds total (1824.8 hz, 0.09 ms behind)
[0m[33m[init]: disparity is 13.335,30.459 (15.00 thresh)
[0m[33m[init-s]: to much IMU excitation, above threshold 0.873 > 0.450
[0m[34m[TIME]: 0.0038 seconds total (263.0 hz, 0.09 ms behind)
[0m[33m[init]: disparity is 14.067,25.598 (15.00 thresh)
[0m[33m[init-s]: to much IMU excitation, above threshold 0.873 > 0.450
[0m[34m[TIME]: 0.0008 seconds total (1190.5 hz, 0.09 ms behind)
[0m[33m[init]: disparity is 14.067,25.598 (15.00 thresh)
[0m[33m[init-s]: to much IMU excitation, above threshold 0.873 > 0.450
[0m[34m[TIME]: 0.0038 seconds total (262.7 hz, 0.09 ms behind)
[0m[33m[init]: disparity is 14.067,25.598 (15.00 thresh)
[0m[33m[init-s]: to much IMU excitation, above threshold 0.869 > 0.450
[0m[34m[TIME]: 0.0010 seconds total (1020.4 hz, 0.35 ms behind)
[0m[33m[init]: disparity is 14.067,25.598 (15.00 thresh)
[0m[33m[init-s]: to much IMU excitation, above threshold 0.812 > 0.450
[0m[34m[TIME]: 0.0008 seconds total (1225.5 hz, 0.35 ms behind)
[0m[33m[init]: disparity is 14.067,25.598 (15.00 thresh)
[0m[33m[init-s]: to much IMU excitation, above threshold 0.812 > 0.450
[0m[34m[TIME]: 0.0005 seconds total (1855.3 hz, 0.35 ms behind)
[0m[33m[init]: disparity is 14.067,25.598 (15.00 thresh)
[0m[33m[init-s]: to much IMU excitation, above threshold 0.812 > 0.450
[0m[34m[TIME]: 0.0040 seconds total (252.2 hz, 0.35 ms behind)
[0m[33m[init]: disparity is 13.873,24.466 (15.00 thresh)
[0m[33m[init-s]: to much IMU excitation, above threshold 0.812 > 0.450
[0m[34m[TIME]: 0.0006 seconds total (1669.4 hz, 0.35 ms behind)
[0m[33m[init]: disparity is 13.873,24.466 (15.00 thresh)
[0m[33m[init-s]: to much IMU excitation, above threshold 0.812 > 0.450
[0m[34m[TIME]: 0.0011 seconds total (896.1 hz, 0.11 ms behind)
[0m[33m[init]: disparity is 14.652,24.466 (15.00 thresh)
[0m[33m[init-s]: to much IMU excitation, above threshold 0.784 > 0.450
[0m[34m[TIME]: 0.0009 seconds total (1073.0 hz, 0.11 ms behind)
[0m[33m[init]: disparity is 14.652,24.466 (15.00 thresh)
[0m[33m[init-s]: to much IMU excitation, above threshold 0.784 > 0.450
[0m[34m[TIME]: 0.0008 seconds total (1228.5 hz, 0.11 ms behind)
[0m[33m[init]: disparity is 14.652,24.466 (15.00 thresh)
[0m[33m[init-s]: to much IMU excitation, above threshold 0.784 > 0.450
[0m[34m[TIME]: 0.0036 seconds total (275.8 hz, 0.11 ms behind)
[0m[33m[init]: disparity is 14.652,24.466 (15.00 thresh)
[0m[33m[init-s]: to much IMU excitation, above threshold 0.784 > 0.450
[0m[34m[TIME]: 0.0010 seconds total (984.3 hz, 0.11 ms behind)
[0m[33m[init]: disparity is 14.652,24.466 (15.00 thresh)
[0m[33m[init-s]: to much IMU excitation, above threshold 0.784 > 0.450
[0m[34m[TIME]: 0.0039 seconds total (256.7 hz, 0.12 ms behind)
[0m[33m[init]: disparity is 14.652,25.046 (15.00 thresh)
[0m[33m[init-s]: to much IMU excitation, above threshold 0.719 > 0.450
[0m[34m[TIME]: 0.0028 seconds total (354.1 hz, 0.12 ms behind)
[0m[33m[init]: disparity is 14.652,25.046 (15.00 thresh)
[0m[33m[init-s]: to much IMU excitation, above threshold 0.719 > 0.450
[0m[34m[TIME]: 0.0026 seconds total (382.1 hz, 0.12 ms behind)
[0m[33m[init]: disparity is 14.652,25.046 (15.00 thresh)
[0m[33m[init-s]: to much IMU excitation, above threshold 0.719 > 0.450
[0m[34m[TIME]: 0.0004 seconds total (2257.3 hz, 0.12 ms behind)
[0m[33m[init]: disparity is 14.652,25.046 (15.00 thresh)
[0m[33m[init-s]: to much IMU excitation, above threshold 0.719 > 0.450
[0m[34m[TIME]: 0.0008 seconds total (1300.4 hz, 0.12 ms behind)
[0m[33m[init]: disparity is 14.652,25.046 (15.00 thresh)
[0m[33m[init-s]: to much IMU excitation, above threshold 0.719 > 0.450
[0m[34m[TIME]: 0.0008 seconds total (1321.0 hz, 0.13 ms behind)
[0m[33m[init]: disparity is 14.652,25.046 (15.00 thresh)
[0m[33m[init-s]: to much IMU excitation, above threshold 0.608 > 0.450
[0m[34m[TIME]: 0.0006 seconds total (1776.2 hz, 0.13 ms behind)
[0m[33m[init]: disparity is 14.652,25.046 (15.00 thresh)
[0m[33m[init-s]: to much IMU excitation, above threshold 0.608 > 0.450
[0m[34m[TIME]: 0.0005 seconds total (1834.9 hz, 0.13 ms behind)
[0m[33m[init]: disparity is 14.652,25.046 (15.00 thresh)
[0m[33m[init-s]: to much IMU excitation, above threshold 0.608 > 0.450
[0m[34m[TIME]: 0.0009 seconds total (1158.7 hz, 0.13 ms behind)
[0m[33m[init]: disparity is 14.652,25.046 (15.00 thresh)
[0m[33m[init-s]: to much IMU excitation, above threshold 0.608 > 0.450
[0m[34m[TIME]: 0.0006 seconds total (1788.9 hz, 0.13 ms behind)
[0m[33m[init]: disparity is 14.652,25.046 (15.00 thresh)
[0m[33m[init-s]: to much IMU excitation, above threshold 0.608 > 0.450
[0m[34m[TIME]: 0.0013 seconds total (793.0 hz, 0.14 ms behind)
[0m[33m[init]: disparity is 14.652,25.046 (15.00 thresh)
[0m[33m[init-s]: to much IMU excitation, above threshold 0.516 > 0.450
[0m[34m[TIME]: 0.0007 seconds total (1400.6 hz, 0.14 ms behind)
[0m[33m[init]: disparity is 14.652,25.046 (15.00 thresh)
[0m[33m[init-s]: to much IMU excitation, above threshold 0.516 > 0.450
[0m[34m[TIME]: 0.0006 seconds total (1655.6 hz, 0.14 ms behind)
[0m[33m[init]: disparity is 14.652,25.046 (15.00 thresh)
[0m[33m[init-s]: to much IMU excitation, above threshold 0.516 > 0.450
[0m[34m[TIME]: 0.0025 seconds total (403.9 hz, 0.14 ms behind)
[0m[33m[init]: disparity is 14.446,27.792 (15.00 thresh)
[0m[33m[init-s]: to much IMU excitation, above threshold 0.516 > 0.450
[0m[34m[TIME]: 0.0009 seconds total (1149.4 hz, 0.14 ms behind)
[0m[33m[init]: disparity is 14.446,27.792 (15.00 thresh)
[0m[33m[init-s]: to much IMU excitation, above threshold 0.516 > 0.450
[0m[34m[TIME]: 0.0011 seconds total (882.6 hz, 0.15 ms behind)
[0m[33m[init]: disparity is 16.649,29.485 (15.00 thresh)
[0m[33m[init]: failed static init: no accel jerk detected, platform moving too much
[0m[34m[TIME]: 0.0026 seconds total (381.4 hz, 0.15 ms behind)
[0m[33m[init]: disparity is 16.649,29.485 (15.00 thresh)
[0m[33m[init]: failed static init: no accel jerk detected, platform moving too much
[0m[34m[TIME]: 0.0026 seconds total (391.8 hz, 0.15 ms behind)
[0m[33m[init]: disparity is 16.649,29.485 (15.00 thresh)
[0m[33m[init]: failed static init: no accel jerk detected, platform moving too much
[0m[34m[TIME]: 0.0005 seconds total (2132.2 hz, 0.15 ms behind)
[0m[33m[init]: disparity is 16.649,29.485 (15.00 thresh)
[0m[33m[init]: failed static init: no accel jerk detected, platform moving too much
[0m[34m[TIME]: 0.0025 seconds total (392.5 hz, 0.15 ms behind)
[0m[33m[init]: disparity is 16.649,29.485 (15.00 thresh)
[0m[33m[init]: failed static init: no accel jerk detected, platform moving too much
[0m[34m[TIME]: 0.0031 seconds total (326.4 hz, 0.16 ms behind)
[0m[33m[init]: disparity is 16.138,29.485 (15.00 thresh)
[0m[33m[init]: failed static init: no accel jerk detected, platform moving too much
[0m[34m[TIME]: 0.0025 seconds total (392.3 hz, 0.16 ms behind)
[0m[33m[init]: disparity is 16.138,29.485 (15.00 thresh)
[0m[33m[init]: failed static init: no accel jerk detected, platform moving too much
[0m[34m[TIME]: 0.0004 seconds total (2288.3 hz, 0.16 ms behind)
[0m[33m[init]: disparity is 16.138,29.485 (15.00 thresh)
[0m[33m[init]: failed static init: no accel jerk detected, platform moving too much
[0m[34m[TIME]: 0.0007 seconds total (1443.0 hz, 0.16 ms behind)
[0m[34m[TIME]: 0.0004 seconds total (2652.5 hz, 0.16 ms behind)
[0m[33m[init]: disparity is 16.138,29.485 (15.00 thresh)
[0m[33m[init]: failed static init: no accel jerk detected, platform moving too much
[0m[34m[TIME]: 0.0008 seconds total (1326.3 hz, 0.17 ms behind)
[0m[33m[init]: disparity is 16.138,29.485 (15.00 thresh)
[0m[33m[init]: failed static init: no accel jerk detected, platform moving too much
[0m[34m[TIME]: 0.0006 seconds total (1745.2 hz, 0.17 ms behind)
[0m[33m[init]: disparity is 16.138,29.485 (15.00 thresh)
[0m[33m[init]: failed static init: no accel jerk detected, platform moving too much
[0m[34m[TIME]: 0.0009 seconds total (1154.7 hz, 0.17 ms behind)
[0m[33m[init]: disparity is 16.138,29.485 (15.00 thresh)
[0m[33m[init]: failed static init: no accel jerk detected, platform moving too much
[0m[34m[TIME]: 0.0011 seconds total (883.4 hz, 0.17 ms behind)
[0m[33m[init]: disparity is 16.138,27.207 (15.00 thresh)
[0m[33m[init]: failed static init: no accel jerk detected, platform moving too much
[0m[34m[TIME]: 0.0012 seconds total (864.3 hz, 0.17 ms behind)
[0m[33m[init]: disparity is 16.138,27.207 (15.00 thresh)
[0m[33m[init]: failed static init: no accel jerk detected, platform moving too much
[0m[34m[TIME]: 0.0012 seconds total (819.0 hz, 0.18 ms behind)
[0m[33m[init]: disparity is 16.138,27.207 (15.00 thresh)
[0m[33m[init]: failed static init: no accel jerk detected, platform moving too much
[0m[34m[TIME]: 0.0007 seconds total (1416.4 hz, 0.18 ms behind)
[0m[33m[init]: disparity is 16.138,27.207 (15.00 thresh)
[0m[33m[init]: failed static init: no accel jerk detected, platform moving too much
[0m[34m[TIME]: 0.0008 seconds total (1253.1 hz, 0.18 ms behind)
[0m[33m[init]: disparity is 16.138,27.207 (15.00 thresh)
[0m[33m[init]: failed static init: no accel jerk detected, platform moving too much
[0m[34m[TIME]: 0.0026 seconds total (381.0 hz, 0.18 ms behind)
[0m[33m[init]: disparity is 16.138,27.207 (15.00 thresh)
[0m[33m[init]: failed static init: no accel jerk detected, platform moving too much
[0m[34m[TIME]: 0.0009 seconds total (1144.2 hz, 0.18 ms behind)
[0m[33m[init]: disparity is 16.138,27.207 (15.00 thresh)
[0m[33m[init]: failed static init: no accel jerk detected, platform moving too much
[0m[34m[TIME]: 0.0041 seconds total (242.1 hz, 0.19 ms behind)
[0m[33m[init]: disparity is 16.138,20.416 (15.00 thresh)
[0m[33m[init]: failed static init: no accel jerk detected, platform moving too much
[0m[34m[TIME]: 0.0040 seconds total (250.9 hz, 0.19 ms behind)
[0m[33m[init]: disparity is 16.138,20.416 (15.00 thresh)
[0m[33m[init]: failed static init: no accel jerk detected, platform moving too much
[0m[34m[TIME]: 0.0037 seconds total (267.5 hz, 0.19 ms behind)
[0m[33m[init]: disparity is 16.138,20.416 (15.00 thresh)
[0m[33m[init]: failed static init: no accel jerk detected, platform moving too much
[0m[34m[TIME]: 0.0006 seconds total (1727.1 hz, 0.19 ms behind)
[0m[33m[init]: disparity is 16.138,20.416 (15.00 thresh)
[0m[33m[init]: failed static init: no accel jerk detected, platform moving too much
[0m[34m[TIME]: 0.0029 seconds total (345.2 hz, 0.19 ms behind)
[0m[33m[init]: disparity is 16.138,20.416 (15.00 thresh)
[0m[33m[init]: failed static init: no accel jerk detected, platform moving too much
[0m[34m[TIME]: 0.0043 seconds total (234.0 hz, 0.20 ms behind)
[0m[33m[init]: disparity is 31.707,19.626 (15.00 thresh)
[0m[33m[init]: failed static init: no accel jerk detected, platform moving too much
[0m[34m[TIME]: 0.0005 seconds total (2057.6 hz, 0.20 ms behind)
[0m[34m[TIME]: 0.0004 seconds total (2525.3 hz, 0.20 ms behind)
[0m[33m[init]: disparity is 31.707,19.626 (15.00 thresh)
[0m[33m[init]: failed static init: no accel jerk detected, platform moving too much
[0m[34m[TIME]: 0.0007 seconds total (1474.9 hz, 0.20 ms behind)
[0m[34m[TIME]: 0.0004 seconds total (2597.4 hz, 0.20 ms behind)
[0m[33m[init]: disparity is 31.707,19.626 (15.00 thresh)
[0m[33m[init]: failed static init: no accel jerk detected, platform moving too much
[0m[34m[TIME]: 0.0009 seconds total (1068.4 hz, 0.21 ms behind)
[0m[33m[init]: disparity is 31.707,19.626 (15.00 thresh)
[0m[33m[init]: failed static init: no accel jerk detected, platform moving too much
[0m[34m[TIME]: 0.0010 seconds total (1049.3 hz, 0.21 ms behind)
[0m[33m[init]: disparity is 31.707,19.626 (15.00 thresh)
[0m[33m[init]: failed static init: no accel jerk detected, platform moving too much
[0m[34m[TIME]: 0.0008 seconds total (1251.6 hz, 0.21 ms behind)
[0m[33m[init]: disparity is 31.707,19.626 (15.00 thresh)
[0m[33m[init]: failed static init: no accel jerk detected, platform moving too much
[0m[34m[TIME]: 0.0026 seconds total (385.8 hz, 0.21 ms behind)
[0m[33m[init]: disparity is 28.485,19.065 (15.00 thresh)
[0m[33m[init]: failed static init: no accel jerk detected, platform moving too much
[0m[34m[TIME]: 0.0009 seconds total (1141.6 hz, 0.21 ms behind)
[0m[33m[init]: disparity is 28.485,19.065 (15.00 thresh)
[0m[33m[init]: failed static init: no accel jerk detected, platform moving too much
[0m[34m[TIME]: 0.0015 seconds total (686.3 hz, 0.23 ms behind)
[0m[33m[init]: disparity is 28.485,19.065 (15.00 thresh)
[0m[33m[init]: failed static init: no accel jerk detected, platform moving too much
[0m[34m[TIME]: 0.0009 seconds total (1129.9 hz, 0.23 ms behind)
[0m[33m[init]: disparity is 28.485,19.065 (15.00 thresh)
[0m[33m[init]: failed static init: no accel jerk detected, platform moving too much
[0m[34m[TIME]: 0.0039 seconds total (258.9 hz, 0.23 ms behind)
[0m[33m[init]: disparity is 28.485,19.065 (15.00 thresh)
[0m[33m[init]: failed static init: no accel jerk detected, platform moving too much
[0m[34m[TIME]: 0.0006 seconds total (1751.3 hz, 0.23 ms behind)
[0m[33m[init]: disparity is 28.485,19.065 (15.00 thresh)
[0m[33m[init]: failed static init: no accel jerk detected, platform moving too much
[0m[34m[TIME]: 0.0038 seconds total (263.6 hz, 0.23 ms behind)
[0m[33m[init]: disparity is 28.485,19.065 (15.00 thresh)
[0m[33m[init]: failed static init: no accel jerk detected, platform moving too much
[0m[34m[TIME]: 0.0013 seconds total (796.2 hz, 0.24 ms behind)
[0m[33m[init]: disparity is 28.485,20.162 (15.00 thresh)
[0m[33m[init]: failed static init: no accel jerk detected, platform moving too much
[0m[34m[TIME]: 0.0027 seconds total (375.7 hz, 0.24 ms behind)
[0m[33m[init]: disparity is 28.485,20.162 (15.00 thresh)
[0m[33m[init]: failed static init: no accel jerk detected, platform moving too much
[0m[34m[TIME]: 0.0006 seconds total (1639.3 hz, 0.24 ms behind)
[0m[33m[init]: disparity is 28.485,20.162 (15.00 thresh)
[0m[33m[init]: failed static init: no accel jerk detected, platform moving too much
[0m[34m[TIME]: 0.0007 seconds total (1526.7 hz, 0.24 ms behind)
[0m[34m[TIME]: 0.0004 seconds total (2557.5 hz, 0.24 ms behind)
[0m[33m[init]: disparity is 28.485,20.162 (15.00 thresh)
[0m[33m[init]: failed static init: no accel jerk detected, platform moving too much
[0m[34m[TIME]: 0.0041 seconds total (242.4 hz, 0.25 ms behind)
[0m[33m[init]: disparity is 24.834,19.851 (15.00 thresh)
[0m[33m[init]: failed static init: no accel jerk detected, platform moving too much
[0m[34m[TIME]: 0.0006 seconds total (1776.2 hz, 0.25 ms behind)
[0m[33m[init]: disparity is 24.834,19.851 (15.00 thresh)
[0m[33m[init]: failed static init: no accel jerk detected, platform moving too much
[0m[34m[TIME]: 0.0008 seconds total (1227.0 hz, 0.25 ms behind)
[0m[33m[init]: disparity is 24.834,19.851 (15.00 thresh)
[0m[33m[init]: failed static init: no accel jerk detected, platform moving too much
[0m[34m[TIME]: 0.0038 seconds total (263.1 hz, 0.25 ms behind)
[0m[33m[init]: disparity is 24.834,19.851 (15.00 thresh)
[0m[33m[init]: failed static init: no accel jerk detected, platform moving too much
[0m[34m[TIME]: 0.0010 seconds total (1016.3 hz, 0.25 ms behind)
[0m[33m[init]: disparity is 24.834,19.851 (15.00 thresh)
[0m[33m[init]: failed static init: no accel jerk detected, platform moving too much
[0m[34m[TIME]: 0.0007 seconds total (1351.4 hz, 0.26 ms behind)
[0m[33m[init]: disparity is 24.834,19.851 (15.00 thresh)
[0m[33m[init]: failed static init: no accel jerk detected, platform moving too much
[0m[34m[TIME]: 0.0009 seconds total (1106.2 hz, 0.26 ms behind)
[0m[33m[init]: disparity is 24.834,19.851 (15.00 thresh)
[0m[33m[init]: failed static init: no accel jerk detected, platform moving too much
[0m[34m[TIME]: 0.0039 seconds total (253.7 hz, 0.26 ms behind)
[0m[33m[init]: disparity is 24.672,19.327 (15.00 thresh)
[0m[33m[init]: failed static init: no accel jerk detected, platform moving too much
[0m[34m[TIME]: 0.0006 seconds total (1739.1 hz, 0.26 ms behind)
[0m[33m[init]: disparity is 24.672,19.327 (15.00 thresh)
[0m[33m[init]: failed static init: no accel jerk detected, platform moving too much
[0m[34m[TIME]: 0.0038 seconds total (262.6 hz, 0.26 ms behind)
[0m[33m[init]: disparity is 24.672,19.327 (15.00 thresh)
[0m[33m[init]: failed static init: no accel jerk detected, platform moving too much
[0m[34m[TIME]: 0.0012 seconds total (807.8 hz, 0.27 ms behind)
[0m[33m[init]: disparity is 24.672,19.327 (15.00 thresh)
[0m[33m[init]: failed static init: no accel jerk detected, platform moving too much
[0m[34m[TIME]: 0.0008 seconds total (1227.0 hz, 0.27 ms behind)
[0m[33m[init]: disparity is 24.466,19.369 (15.00 thresh)
[0m[33m[init]: failed static init: no accel jerk detected, platform moving too much
[0m[34m[TIME]: 0.0005 seconds total (1845.0 hz, 0.27 ms behind)
[0m[33m[init]: disparity is 24.466,19.369 (15.00 thresh)
[0m[33m[init]: failed static init: no accel jerk detected, platform moving too much
[0m[34m[TIME]: 0.0008 seconds total (1189.1 hz, 0.27 ms behind)
[0m[33m[init]: disparity is 24.466,19.369 (15.00 thresh)
[0m[33m[init]: failed static init: no accel jerk detected, platform moving too much
[0m[34m[TIME]: 0.0005 seconds total (1869.2 hz, 0.27 ms behind)
[0m[33m[init]: disparity is 24.466,19.369 (15.00 thresh)
[0m[33m[init]: failed static init: no accel jerk detected, platform moving too much
[0m[34m[TIME]: 0.0033 seconds total (306.8 hz, 0.03 ms behind)
[0m[33m[init]: disparity is 24.179,16.892 (15.00 thresh)
[0m[33m[init]: failed static init: no accel jerk detected, platform moving too much
[0m[34m[TIME]: 0.0027 seconds total (367.2 hz, 0.03 ms behind)
[0m[33m[init]: disparity is 24.179,16.892 (15.00 thresh)
[0m[33m[init]: failed static init: no accel jerk detected, platform moving too much
[0m[34m[TIME]: 0.0006 seconds total (1552.8 hz, 0.03 ms behind)
[0m[33m[init]: disparity is 24.179,16.892 (15.00 thresh)
[0m[33m[init]: failed static init: no accel jerk detected, platform moving too much
[0m[34m[TIME]: 0.0007 seconds total (1451.4 hz, 0.03 ms behind)
[0m[33m[init]: disparity is 24.179,16.892 (15.00 thresh)
[0m[33m[init]: failed static init: no accel jerk detected, platform moving too much
[0m[34m[TIME]: 0.0008 seconds total (1319.3 hz, 0.03 ms behind)
[0m[33m[init]: disparity is 24.179,16.892 (15.00 thresh)
[0m[33m[init]: failed static init: no accel jerk detected, platform moving too much
[0m[34m[TIME]: 0.0008 seconds total (1321.0 hz, 0.29 ms behind)
[0m[33m[init]: disparity is 24.179,16.892 (15.00 thresh)
[0m[33m[init]: failed static init: no accel jerk detected, platform moving too much
[0m[34m[TIME]: 0.0006 seconds total (1718.2 hz, 0.29 ms behind)
[0m[33m[init]: disparity is 24.179,16.892 (15.00 thresh)
[0m[33m[init]: failed static init: no accel jerk detected, platform moving too much
[0m[34m[TIME]: 0.0009 seconds total (1101.3 hz, 0.29 ms behind)
[0m[33m[init]: disparity is 25.021,16.042 (15.00 thresh)
[0m[33m[init]: failed static init: no accel jerk detected, platform moving too much
[0m[34m[TIME]: 0.0040 seconds total (248.1 hz, 0.29 ms behind)
[0m[33m[init]: disparity is 25.021,16.042 (15.00 thresh)
[0m[33m[init]: failed static init: no accel jerk detected, platform moving too much
[0m[34m[TIME]: 0.0031 seconds total (320.9 hz, 0.29 ms behind)
[0m[33m[init]: disparity is 25.021,16.042 (15.00 thresh)
[0m[33m[init]: failed static init: no accel jerk detected, platform moving too much
[0m[34m[TIME]: 0.0013 seconds total (796.2 hz, 0.30 ms behind)
[0m[33m[init]: disparity is 25.021,16.042 (15.00 thresh)
[0m[33m[init]: failed static init: no accel jerk detected, platform moving too much
[0m[34m[TIME]: 0.0012 seconds total (851.1 hz, 0.30 ms behind)
[0m[33m[init]: disparity is 25.021,16.042 (15.00 thresh)
[0m[33m[init]: failed static init: no accel jerk detected, platform moving too much
[0m[34m[TIME]: 0.0040 seconds total (249.9 hz, 0.30 ms behind)
[0m[33m[init]: disparity is 25.790,17.120 (15.00 thresh)
[0m[33m[init]: failed static init: no accel jerk detected, platform moving too much
[0m[34m[TIME]: 0.0006 seconds total (1543.2 hz, 0.30 ms behind)
[0m[33m[init]: disparity is 25.790,17.120 (15.00 thresh)
[0m[33m[init]: failed static init: no accel jerk detected, platform moving too much
[0m[34m[TIME]: 0.0006 seconds total (1564.9 hz, 0.30 ms behind)
[0m[33m[init]: disparity is 25.790,17.120 (15.00 thresh)
[0m[33m[init]: failed static init: no accel jerk detected, platform moving too much
[0m[34m[TIME]: 0.0044 seconds total (226.5 hz, 0.06 ms behind)
[0m[33m[init]: disparity is 27.792,16.684 (15.00 thresh)
[0m[33m[init]: failed static init: no accel jerk detected, platform moving too much
[0m[34m[TIME]: 0.0039 seconds total (258.6 hz, 0.06 ms behind)
[0m[33m[init]: disparity is 27.792,16.684 (15.00 thresh)
[0m[33m[init]: failed static init: no accel jerk detected, platform moving too much
[0m[34m[TIME]: 0.0006 seconds total (1715.3 hz, 0.06 ms behind)
[0m[33m[init]: disparity is 27.792,16.684 (15.00 thresh)
[0m[33m[init]: failed static init: no accel jerk detected, platform moving too much
[0m[34m[TIME]: 0.0009 seconds total (1092.9 hz, 0.06 ms behind)
[0m[33m[init]: disparity is 27.792,16.684 (15.00 thresh)
[0m[33m[init]: failed static init: no accel jerk detected, platform moving too much
[0m[34m[TIME]: 0.0009 seconds total (1061.6 hz, 0.06 ms behind)
[0m[33m[init]: disparity is 27.792,16.684 (15.00 thresh)
[0m[33m[init]: failed static init: no accel jerk detected, platform moving too much
[0m[34m[TIME]: 0.0007 seconds total (1383.1 hz, 0.32 ms behind)
[0m[33m[init]: disparity is 27.792,16.684 (15.00 thresh)
[0m[33m[init]: failed static init: no accel jerk detected, platform moving too much
[0m[34m[TIME]: 0.0006 seconds total (1605.1 hz, 0.32 ms behind)
[0m[33m[init]: disparity is 27.792,16.684 (15.00 thresh)
[0m[33m[init]: failed static init: no accel jerk detected, platform moving too much
[0m[34m[TIME]: 0.0009 seconds total (1063.8 hz, 0.32 ms behind)
[0m[33m[init]: disparity is 27.792,16.684 (15.00 thresh)
[0m[33m[init]: failed static init: no accel jerk detected, platform moving too much
[0m[34m[TIME]: 0.0010 seconds total (995.0 hz, 0.32 ms behind)
[0m[33m[init]: disparity is 27.792,16.366 (15.00 thresh)
[0m[33m[init]: failed static init: no accel jerk detected, platform moving too much
[0m[34m[TIME]: 0.0010 seconds total (969.0 hz, 0.32 ms behind)
[0m[33m[init]: disparity is 27.792,16.366 (15.00 thresh)
[0m[33m[init]: failed static init: no accel jerk detected, platform moving too much
[0m[34m[TIME]: 0.0012 seconds total (858.4 hz, 0.08 ms behind)
[0m[33m[init]: disparity is 27.792,16.366 (15.00 thresh)
[0m[33m[init]: failed static init: no accel jerk detected, platform moving too much
[0m[34m[TIME]: 0.0010 seconds total (990.1 hz, 0.08 ms behind)
[0m[33m[init]: disparity is 27.792,16.366 (15.00 thresh)
[0m[33m[init]: failed static init: no accel jerk detected, platform moving too much
[0m[34m[TIME]: 0.0036 seconds total (277.5 hz, 0.08 ms behind)
[0m[33m[init]: disparity is 27.207,16.366 (15.00 thresh)
[0m[33m[init]: failed static init: no accel jerk detected, platform moving too much
[0m[34m[TIME]: 0.0026 seconds total (378.2 hz, 0.08 ms behind)
[0m[33m[init]: disparity is 27.207,16.366 (15.00 thresh)
[0m[33m[init]: failed static init: no accel jerk detected, platform moving too much
[0m[34m[TIME]: 0.0026 seconds total (380.1 hz, 0.08 ms behind)
[0m[33m[init]: disparity is 27.207,16.366 (15.00 thresh)
[0m[33m[init]: failed static init: no accel jerk detected, platform moving too much
[0m[34m[TIME]: 0.0012 seconds total (815.0 hz, 0.34 ms behind)
[0m[33m[init]: disparity is 27.207,16.307 (15.00 thresh)
[0m[33m[init]: failed static init: no accel jerk detected, platform moving too much
[0m[34m[TIME]: 0.0011 seconds total (918.3 hz, 0.34 ms behind)
[0m[33m[init]: disparity is 27.207,16.307 (15.00 thresh)
[0m[33m[init]: failed static init: no accel jerk detected, platform moving too much
[0m[34m[TIME]: 0.0039 seconds total (258.1 hz, 0.34 ms behind)
[0m[33m[init]: disparity is 27.207,16.307 (15.00 thresh)
[0m[33m[init]: failed static init: no accel jerk detected, platform moving too much
[0m[34m[TIME]: 0.0006 seconds total (1766.8 hz, 0.34 ms behind)
[0m[33m[init]: disparity is 27.207,16.307 (15.00 thresh)
[0m[33m[init]: failed static init: no accel jerk detected, platform moving too much
[0m[34m[TIME]: 0.0005 seconds total (1865.7 hz, 0.34 ms behind)
[0m[33m[init]: disparity is 27.207,16.307 (15.00 thresh)
[0m[33m[init]: failed static init: no accel jerk detected, platform moving too much
[0m[34m[TIME]: 0.0035 seconds total (282.4 hz, 0.10 ms behind)
[0m[33m[init]: disparity is 28.115,16.521 (15.00 thresh)
[0m[33m[init]: failed static init: no accel jerk detected, platform moving too much
[0m[34m[TIME]: 0.0028 seconds total (360.8 hz, 0.10 ms behind)
[0m[33m[init]: disparity is 28.115,16.521 (15.00 thresh)
[0m[33m[init]: failed static init: no accel jerk detected, platform moving too much
[0m[34m[TIME]: 0.0006 seconds total (1776.2 hz, 0.10 ms behind)
[0m[33m[init]: disparity is 28.115,16.521 (15.00 thresh)
[0m[33m[init]: failed static init: no accel jerk detected, platform moving too much
[0m[34m[TIME]: 0.0007 seconds total (1362.4 hz, 0.10 ms behind)
[0m[33m[init]: disparity is 28.115,16.521 (15.00 thresh)
[0m[33m[init]: failed static init: no accel jerk detected, platform moving too much
[0m[34m[TIME]: 0.0009 seconds total (1161.4 hz, 0.10 ms behind)
[0m[33m[init]: disparity is 28.115,16.521 (15.00 thresh)
[0m[33m[init]: failed static init: no accel jerk detected, platform moving too much
[0m[34m[TIME]: 0.0008 seconds total (1272.3 hz, 0.11 ms behind)
[0m[33m[init]: disparity is 28.115,16.521 (15.00 thresh)
[0m[33m[init]: failed static init: no accel jerk detected, platform moving too much
[0m[34m[TIME]: 0.0033 seconds total (306.8 hz, 0.11 ms behind)
[0m[33m[init]: disparity is 25.467,13.326 (15.00 thresh)
[0m[33m[init]: failed static init: no accel jerk detected, platform moving too much
[0m[34m[TIME]: 0.0008 seconds total (1287.0 hz, 0.11 ms behind)
[0m[33m[init]: disparity is 25.467,13.326 (15.00 thresh)
[0m[33m[init]: failed static init: no accel jerk detected, platform moving too much
[0m[34m[TIME]: 0.0027 seconds total (365.8 hz, 0.11 ms behind)
[0m[33m[init]: disparity is 25.467,13.326 (15.00 thresh)
[0m[33m[init]: failed static init: no accel jerk detected, platform moving too much
[0m[34m[TIME]: 0.0027 seconds total (365.1 hz, 0.11 ms behind)
[0m[33m[init]: disparity is 25.467,13.326 (15.00 thresh)
[0m[33m[init]: failed static init: no accel jerk detected, platform moving too much
[0m[34m[TIME]: 0.0011 seconds total (908.3 hz, 0.12 ms behind)
[0m[33m[init]: disparity is 25.467,13.326 (15.00 thresh)
[0m[34m[TIME]: 0.0005 seconds total (2087.7 hz, 0.12 ms behind)
[0m[33m[init]: failed static init: no accel jerk detected, platform moving too much
[0m[34m[TIME]: 0.0027 seconds total (375.8 hz, 0.12 ms behind)
[0m[33m[init]: disparity is 18.373,13.599 (15.00 thresh)
[0m[33m[init]: failed static init: no accel jerk detected, platform moving too much
[0m[34m[TIME]: 0.0005 seconds total (1831.5 hz, 0.12 ms behind)
[0m[34m[TIME]: 0.0005 seconds total (2083.3 hz, 0.12 ms behind)
[0m[33m[init]: disparity is 18.373,13.599 (15.00 thresh)
[0m[33m[init]: failed static init: no accel jerk detected, platform moving too much
[0m[34m[TIME]: 0.0010 seconds total (1036.3 hz, 0.13 ms behind)
[0m[33m[init]: disparity is 19.065,13.599 (15.00 thresh)
[0m[33m[init]: failed static init: no accel jerk detected, platform moving too much
[0m[34m[TIME]: 0.0011 seconds total (932.8 hz, 0.13 ms behind)
[0m[33m[init]: disparity is 19.065,13.599 (15.00 thresh)
[0m[33m[init]: failed static init: no accel jerk detected, platform moving too much
[0m[34m[TIME]: 0.0005 seconds total (2036.7 hz, 0.13 ms behind)
[0m[33m[init]: disparity is 19.065,13.599 (15.00 thresh)
[0m[33m[init]: failed static init: no accel jerk detected, platform moving too much
[0m[34m[TIME]: 0.0008 seconds total (1199.0 hz, 0.13 ms behind)
[0m[33m[init]: disparity is 19.065,13.599 (15.00 thresh)
[0m[33m[init]: failed static init: no accel jerk detected, platform moving too much
[0m[34m[TIME]: 0.0009 seconds total (1090.5 hz, 0.13 ms behind)
[0m[33m[init]: disparity is 19.065,13.599 (15.00 thresh)
[0m[33m[init]: failed static init: no accel jerk detected, platform moving too much
[0m[34m[TIME]: 0.0012 seconds total (803.2 hz, 0.14 ms behind)
[0m[33m[init]: disparity is 19.065,13.688 (15.00 thresh)
[0m[33m[init]: failed static init: no accel jerk detected, platform moving too much
[0m[34m[TIME]: 0.0009 seconds total (1121.1 hz, 0.14 ms behind)
[0m[33m[init]: disparity is 19.065,13.688 (15.00 thresh)
[0m[33m[init]: failed static init: no accel jerk detected, platform moving too much
[0m[34m[TIME]: 0.0010 seconds total (1002.0 hz, 0.14 ms behind)
[0m[33m[init]: disparity is 19.065,13.688 (15.00 thresh)
[0m[33m[init]: failed static init: no accel jerk detected, platform moving too much
[0m[34m[TIME]: 0.0012 seconds total (868.8 hz, 0.14 ms behind)
[0m[33m[init]: disparity is 19.065,13.688 (15.00 thresh)
[0m[33m[init]: failed static init: no accel jerk detected, platform moving too much
[0m[34m[TIME]: 0.0015 seconds total (677.5 hz, 0.14 ms behind)
[0m[33m[init]: disparity is 19.065,13.688 (15.00 thresh)
[0m[33m[init]: failed static init: no accel jerk detected, platform moving too much
[0m[34m[TIME]: 0.0042 seconds total (236.4 hz, 0.15 ms behind)
[0m[33m[init]: disparity is 18.579,12.514 (15.00 thresh)
[0m[33m[init]: failed static init: no accel jerk detected, platform moving too much
[0m[34m[TIME]: 0.0040 seconds total (248.6 hz, 0.15 ms behind)
[0m[33m[init]: disparity is 18.579,12.514 (15.00 thresh)
[0m[33m[init]: failed static init: no accel jerk detected, platform moving too much
[0m[34m[TIME]: 0.0040 seconds total (250.7 hz, 0.15 ms behind)
[0m[33m[init]: disparity is 18.579,12.514 (15.00 thresh)
[0m[33m[init]: failed static init: no accel jerk detected, platform moving too much
[0m[34m[TIME]: 0.0033 seconds total (302.8 hz, 0.15 ms behind)
[0m[33m[init]: disparity is 18.579,12.514 (15.00 thresh)
[0m[33m[init]: failed static init: no accel jerk detected, platform moving too much
[0m[34m[TIME]: 0.0026 seconds total (379.7 hz, 0.15 ms behind)
[0m[33m[init]: disparity is 18.579,12.514 (15.00 thresh)
[0m[33m[init]: failed static init: no accel jerk detected, platform moving too much
[0m[34m[TIME]: 0.0008 seconds total (1269.0 hz, 0.16 ms behind)
[0m[34m[TIME]: 0.0004 seconds total (2247.2 hz, 0.16 ms behind)
[0m[33m[init]: disparity is 18.579,12.514 (15.00 thresh)
[0m[33m[init]: failed static init: no accel jerk detected, platform moving too much
[0m[34m[TIME]: 0.0004 seconds total (2347.4 hz, 0.16 ms behind)
[0m[34m[TIME]: 0.0004 seconds total (2347.4 hz, 0.16 ms behind)
[0m[33m[init]: disparity is 18.579,12.514 (15.00 thresh)
[0m[33m[init]: failed static init: no accel jerk detected, platform moving too much
[0m[34m[TIME]: 0.0005 seconds total (2100.8 hz, 0.16 ms behind)
[0m[33m[init]: disparity is 18.579,12.514 (15.00 thresh)
[0m[33m[init]: failed static init: no accel jerk detected, platform moving too much
[0m[34m[TIME]: 0.0012 seconds total (865.1 hz, 0.17 ms behind)
[0m[33m[init]: disparity is 18.579,12.514 (15.00 thresh)
[0m[33m[init]: failed static init: no accel jerk detected, platform moving too much
[0m[34m[TIME]: 0.0009 seconds total (1152.1 hz, 0.17 ms behind)
[0m[33m[init]: disparity is 18.579,12.514 (15.00 thresh)
[0m[33m[init]: failed static init: no accel jerk detected, platform moving too much
[0m[34m[TIME]: 0.0007 seconds total (1385.0 hz, 0.17 ms behind)
[0m[33m[init]: disparity is 18.579,12.514 (15.00 thresh)
[0m[33m[init]: failed static init: no accel jerk detected, platform moving too much
[0m[34m[TIME]: 0.0009 seconds total (1142.9 hz, 0.17 ms behind)
[0m[33m[init]: disparity is 18.579,12.514 (15.00 thresh)
[0m[33m[init]: failed static init: no accel jerk detected, platform moving too much
[0m[34m[TIME]: 0.0009 seconds total (1160.1 hz, 0.17 ms behind)
[0m[33m[init]: disparity is 18.579,12.514 (15.00 thresh)
[0m[33m[init]: failed static init: no accel jerk detected, platform moving too much
[0m[34m[TIME]: 0.0010 seconds total (971.8 hz, 0.18 ms behind)
[0m[33m[init]: disparity is 19.327,12.751 (15.00 thresh)
[0m[33m[init]: failed static init: no accel jerk detected, platform moving too much
[0m[34m[TIME]: 0.0008 seconds total (1246.9 hz, 0.18 ms behind)
[0m[33m[init]: disparity is 19.327,12.751 (15.00 thresh)
[0m[33m[init]: failed static init: no accel jerk detected, platform moving too much
[0m[34m[TIME]: 0.0040 seconds total (252.8 hz, 0.18 ms behind)
[0m[33m[init]: disparity is 19.327,12.751 (15.00 thresh)
[0m[33m[init]: failed static init: no accel jerk detected, platform moving too much
[0m[34m[TIME]: 0.0040 seconds total (248.8 hz, 0.18 ms behind)
[0m[33m[init]: disparity is 19.327,12.751 (15.00 thresh)
[0m[33m[init]: failed static init: no accel jerk detected, platform moving too much
[0m[34m[TIME]: 0.0013 seconds total (800.0 hz, 0.18 ms behind)
[0m[33m[init]: disparity is 19.327,12.751 (15.00 thresh)
[0m[33m[init]: failed static init: no accel jerk detected, platform moving too much
[0m[34m[TIME]: 0.0010 seconds total (975.6 hz, 0.19 ms behind)
[0m[33m[init]: disparity is 18.460,11.535 (15.00 thresh)
[0m[33m[init]: failed static init: no accel jerk detected, platform moving too much
[0m[34m[TIME]: 0.0008 seconds total (1290.3 hz, 0.19 ms behind)
[0m[33m[init]: disparity is 18.460,11.535 (15.00 thresh)
[0m[33m[init]: failed static init: no accel jerk detected, platform moving too much
[0m[34m[TIME]: 0.0006 seconds total (1610.3 hz, 0.19 ms behind)
[0m[33m[init]: disparity is 18.460,11.535 (15.00 thresh)
[0m[33m[init]: failed static init: no accel jerk detected, platform moving too much
[0m[34m[TIME]: 0.0006 seconds total (1636.7 hz, 0.19 ms behind)
[0m[33m[init]: disparity is 18.460,11.535 (15.00 thresh)
[0m[33m[init]: failed static init: no accel jerk detected, platform moving too much
[0m[34m[TIME]: 0.0032 seconds total (317.5 hz, 0.19 ms behind)
[0m[33m[init]: disparity is 18.460,11.535 (15.00 thresh)
[0m[33m[init]: failed static init: no accel jerk detected, platform moving too much
[0m[34m[TIME]: 0.0043 seconds total (235.2 hz, 0.20 ms behind)
[0m[33m[init]: disparity is 17.120,12.716 (15.00 thresh)
[0m[33m[init]: failed static init: no accel jerk detected, platform moving too much
[0m[34m[TIME]: 0.0009 seconds total (1132.5 hz, 0.20 ms behind)
[0m[33m[init]: disparity is 17.120,12.716 (15.00 thresh)
[0m[33m[init]: failed static init: no accel jerk detected, platform moving too much
[0m[34m[TIME]: 0.0010 seconds total (989.1 hz, 0.20 ms behind)
[0m[33m[init]: disparity is 17.120,12.716 (15.00 thresh)
[0m[33m[init]: failed static init: no accel jerk detected, platform moving too much
[0m[34m[TIME]: 0.0012 seconds total (844.6 hz, 0.20 ms behind)
[0m[33m[init]: disparity is 17.120,12.716 (15.00 thresh)
[0m[33m[init]: failed static init: no accel jerk detected, platform moving too much
[0m[34m[TIME]: 0.0006 seconds total (1574.8 hz, 0.20 ms behind)
[0m[33m[init]: disparity is 17.120,12.716 (15.00 thresh)
[0m[33m[init]: failed static init: no accel jerk detected, platform moving too much
[0m[34m[TIME]: 0.0006 seconds total (1686.3 hz, 0.21 ms behind)
[0m[33m[init]: disparity is 17.120,12.716 (15.00 thresh)
[0m[33m[init]: failed static init: no accel jerk detected, platform moving too much
[0m[34m[TIME]: 0.0026 seconds total (378.1 hz, 0.21 ms behind)
[0m[33m[init]: disparity is 16.684,16.073 (15.00 thresh)
[0m[33m[init]: failed static init: no accel jerk detected, platform moving too much
[0m[34m[TIME]: 0.0026 seconds total (383.3 hz, 0.21 ms behind)
[0m[33m[init]: disparity is 16.684,16.073 (15.00 thresh)
[0m[33m[init]: failed static init: no accel jerk detected, platform moving too much
[0m[34m[TIME]: 0.0007 seconds total (1369.9 hz, 0.21 ms behind)
[0m[33m[init]: disparity is 16.684,16.073 (15.00 thresh)
[0m[33m[init]: failed static init: no accel jerk detected, platform moving too much
[0m[34m[TIME]: 0.0008 seconds total (1307.2 hz, 0.21 ms behind)
[0m[33m[init]: disparity is 16.684,16.073 (15.00 thresh)
[0m[33m[init]: failed static init: no accel jerk detected, platform moving too much
[0m[34m[TIME]: 0.0014 seconds total (738.0 hz, 0.23 ms behind)
[0m[33m[init]: disparity is 16.684,16.073 (15.00 thresh)
[0m[33m[init]: failed static init: no accel jerk detected, platform moving too much
[0m[34m[TIME]: 0.0039 seconds total (255.0 hz, 0.23 ms behind)
[0m[33m[init]: disparity is 16.684,17.837 (15.00 thresh)
[0m[33m[init]: failed static init: no accel jerk detected, platform moving too much
[0m[34m[TIME]: 0.0007 seconds total (1512.9 hz, 0.23 ms behind)
[0m[33m[init]: disparity is 16.684,17.837 (15.00 thresh)
[0m[33m[init]: failed static init: no accel jerk detected, platform moving too much
[0m[34m[TIME]: 0.0036 seconds total (275.9 hz, 0.23 ms behind)
[0m[33m[init]: disparity is 16.684,17.837 (15.00 thresh)
[0m[33m[init]: failed static init: no accel jerk detected, platform moving too much
[0m[34m[TIME]: 0.0008 seconds total (1227.0 hz, 0.23 ms behind)
[0m[33m[init]: disparity is 16.684,17.837 (15.00 thresh)
[0m[33m[init]: failed static init: no accel jerk detected, platform moving too much
[0m[34m[TIME]: 0.0009 seconds total (1073.0 hz, 0.24 ms behind)
[0m[34m[TIME]: 0.0005 seconds total (2212.4 hz, 0.24 ms behind)
[0m[33m[init]: disparity is 16.684,18.173 (15.00 thresh)
[0m[33m[init]: failed static init: no accel jerk detected, platform moving too much
[0m[34m[TIME]: 0.0007 seconds total (1355.0 hz, 0.24 ms behind)
[0m[34m[TIME]: 0.0004 seconds total (2309.5 hz, 0.24 ms behind)
[0m[33m[init]: disparity is 16.684,18.173 (15.00 thresh)
[0m[33m[init]: failed static init: no accel jerk detected, platform moving too much
[0m[34m[TIME]: 0.0026 seconds total (382.7 hz, 0.24 ms behind)
[0m[33m[init]: disparity is 16.684,18.173 (15.00 thresh)
[0m[33m[init]: failed static init: no accel jerk detected, platform moving too much
[0m[34m[TIME]: 0.0011 seconds total (922.5 hz, 0.25 ms behind)
[0m[33m[init]: disparity is 18.232,18.242 (15.00 thresh)
[0m[33m[init]: failed static init: no accel jerk detected, platform moving too much
[0m[34m[TIME]: 0.0012 seconds total (862.8 hz, 0.25 ms behind)
[0m[33m[init]: disparity is 18.232,18.242 (15.00 thresh)
[0m[33m[init]: failed static init: no accel jerk detected, platform moving too much
[0m[34m[TIME]: 0.0040 seconds total (247.7 hz, 0.25 ms behind)
[0m[33m[init]: disparity is 18.232,18.242 (15.00 thresh)
[0m[33m[init]: failed static init: no accel jerk detected, platform moving too much
[0m[34m[TIME]: 0.0011 seconds total (920.0 hz, 0.25 ms behind)
[0m[33m[init]: disparity is 18.232,18.242 (15.00 thresh)
[0m[33m[init]: failed static init: no accel jerk detected, platform moving too much
[0m[34m[TIME]: 0.0005 seconds total (1893.9 hz, 0.25 ms behind)
[0m[33m[init]: disparity is 18.232,18.242 (15.00 thresh)
[0m[33m[init]: failed static init: no accel jerk detected, platform moving too much
[0m[34m[TIME]: 0.0042 seconds total (236.5 hz, 0.01 ms behind)
[0m[33m[init]: disparity is 17.317,19.033 (15.00 thresh)
[0m[33m[init]: failed static init: no accel jerk detected, platform moving too much
[0m[34m[TIME]: 0.0009 seconds total (1108.6 hz, 0.01 ms behind)
[0m[33m[init]: disparity is 17.317,19.033 (15.00 thresh)
[0m[33m[init]: failed static init: no accel jerk detected, platform moving too much
[0m[34m[TIME]: 0.0006 seconds total (1589.8 hz, 0.01 ms behind)
[0m[33m[init]: disparity is 17.317,19.033 (15.00 thresh)
[0m[33m[init]: failed static init: no accel jerk detected, platform moving too much
[0m[34m[TIME]: 0.0009 seconds total (1081.1 hz, 0.01 ms behind)
[0m[33m[init]: disparity is 17.317,19.033 (15.00 thresh)
[0m[33m[init]: failed static init: no accel jerk detected, platform moving too much
[0m[34m[TIME]: 0.0011 seconds total (926.8 hz, 0.01 ms behind)
[0m[33m[init]: disparity is 17.317,19.033 (15.00 thresh)
[0m[33m[init]: failed static init: no accel jerk detected, platform moving too much
[0m[34m[TIME]: 0.0007 seconds total (1420.5 hz, 0.27 ms behind)
[0m[33m[init]: disparity is 17.317,19.033 (15.00 thresh)
[0m[33m[init]: failed static init: no accel jerk detected, platform moving too much
[0m[34m[TIME]: 0.0040 seconds total (247.0 hz, 0.27 ms behind)
[0m[33m[init]: disparity is 12.937,21.024 (15.00 thresh)
[0m[33m[init-s]: to much IMU excitation, above threshold 0.828 > 0.450
[0m[34m[TIME]: 0.0010 seconds total (956.9 hz, 0.27 ms behind)
[0m[33m[init]: disparity is 12.937,21.024 (15.00 thresh)
[0m[33m[init-s]: to much IMU excitation, above threshold 0.828 > 0.450
[0m[34m[TIME]: 0.0039 seconds total (254.8 hz, 0.27 ms behind)
[0m[33m[init]: disparity is 12.937,21.024 (15.00 thresh)
[0m[33m[init-s]: to much IMU excitation, above threshold 0.828 > 0.450
[0m[34m[TIME]: 0.0008 seconds total (1213.6 hz, 0.27 ms behind)
[0m[33m[init]: disparity is 12.937,21.024 (15.00 thresh)
[0m[33m[init-s]: to much IMU excitation, above threshold 0.828 > 0.450
[0m[34m[TIME]: 0.0013 seconds total (783.1 hz, 0.28 ms behind)
[0m[33m[init]: disparity is 12.937,21.024 (15.00 thresh)
[0m[33m[init-s]: to much IMU excitation, above threshold 0.825 > 0.450
[0m[34m[TIME]: 0.0041 seconds total (245.5 hz, 0.28 ms behind)
[0m[33m[init]: disparity is 13.538,20.050 (15.00 thresh)
[0m[33m[init-s]: to much IMU excitation, above threshold 0.825 > 0.450
[0m[34m[TIME]: 0.0041 seconds total (245.0 hz, 0.28 ms behind)
[0m[33m[init]: disparity is 13.538,20.050 (15.00 thresh)
[0m[33m[init-s]: to much IMU excitation, above threshold 0.825 > 0.450
[0m[34m[TIME]: 0.0007 seconds total (1517.5 hz, 0.28 ms behind)
[0m[33m[init]: disparity is 13.538,20.050 (15.00 thresh)
[0m[33m[init-s]: to much IMU excitation, above threshold 0.825 > 0.450
[0m[34m[TIME]: 0.0040 seconds total (250.5 hz, 0.28 ms behind)
[0m[33m[init]: disparity is 13.538,20.050 (15.00 thresh)
[0m[33m[init-s]: to much IMU excitation, above threshold 0.826 > 0.450
[0m[34m[TIME]: 0.0042 seconds total (236.7 hz, 0.29 ms behind)
[0m[33m[init]: disparity is 13.599,19.674 (15.00 thresh)
[0m[33m[init-s]: to much IMU excitation, above threshold 0.851 > 0.450
[0m[34m[TIME]: 0.0006 seconds total (1552.8 hz, 0.29 ms behind)
[0m[33m[init]: disparity is 13.599,19.674 (15.00 thresh)
[0m[33m[init-s]: to much IMU excitation, above threshold 0.851 > 0.450
[0m[34m[TIME]: 0.0006 seconds total (1623.4 hz, 0.29 ms behind)
[0m[33m[init]: disparity is 13.599,19.674 (15.00 thresh)
[0m[33m[init-s]: to much IMU excitation, above threshold 0.851 > 0.450
[0m[34m[TIME]: 0.0013 seconds total (795.5 hz, 0.29 ms behind)
[0m[33m[init]: disparity is 13.599,19.674 (15.00 thresh)
[0m[33m[init-s]: to much IMU excitation, above threshold 0.851 > 0.450
[0m[34m[TIME]: 0.0040 seconds total (252.8 hz, 0.29 ms behind)
[0m[33m[init]: disparity is 13.599,19.674 (15.00 thresh)
[0m[33m[init-s]: to much IMU excitation, above threshold 0.851 > 0.450
[0m[34m[TIME]: 0.0041 seconds total (243.1 hz, 0.30 ms behind)
[0m[33m[init]: disparity is 13.599,20.324 (15.00 thresh)
[0m[33m[init-s]: to much IMU excitation, above threshold 0.871 > 0.450
[0m[34m[TIME]: 0.0012 seconds total (832.6 hz, 0.30 ms behind)
[0m[33m[init]: disparity is 13.599,20.324 (15.00 thresh)
[0m[33m[init-s]: to much IMU excitation, above threshold 0.871 > 0.450
[0m[34m[TIME]: 0.0011 seconds total (936.3 hz, 0.30 ms behind)
[0m[33m[init]: disparity is 13.599,20.324 (15.00 thresh)
[0m[33m[init-s]: to much IMU excitation, above threshold 0.871 > 0.450
[0m[34m[TIME]: 0.0040 seconds total (252.3 hz, 0.30 ms behind)
[0m[33m[init]: disparity is 13.599,20.324 (15.00 thresh)
[0m[33m[init-s]: to much IMU excitation, above threshold 0.871 > 0.450
[0m[34m[TIME]: 0.0006 seconds total (1567.4 hz, 0.30 ms behind)
[0m[33m[init]: disparity is 13.599,20.324 (15.00 thresh)
[0m[33m[init-s]: to much IMU excitation, above threshold 0.871 > 0.450
[0m[34m[TIME]: 0.0007 seconds total (1396.6 hz, 0.31 ms behind)
[0m[33m[init]: disparity is 13.599,20.324 (15.00 thresh)
[0m[33m[init-s]: to much IMU excitation, above threshold 0.879 > 0.450
[0m[34m[TIME]: 0.0007 seconds total (1443.0 hz, 0.31 ms behind)
[0m[33m[init]: disparity is 12.676,22.544 (15.00 thresh)
[0m[33m[init-s]: to much IMU excitation, above threshold 0.879 > 0.450
[0m[34m[TIME]: 0.0026 seconds total (385.5 hz, 0.31 ms behind)
[0m[33m[init]: disparity is 12.676,22.544 (15.00 thresh)
[0m[33m[init-s]: to much IMU excitation, above threshold 0.879 > 0.450
[0m[34m[TIME]: 0.0005 seconds total (1919.4 hz, 0.31 ms behind)
[0m[33m[init]: disparity is 12.676,22.544 (15.00 thresh)
[0m[33m[init-s]: to much IMU excitation, above threshold 0.879 > 0.450
[0m[34m[TIME]: 0.0007 seconds total (1358.7 hz, 0.31 ms behind)
[0m[33m[init]: disparity is 12.676,22.544 (15.00 thresh)
[0m[33m[init-s]: to much IMU excitation, above threshold 0.879 > 0.450
[0m[34m[TIME]: 0.0011 seconds total (929.4 hz, 0.07 ms behind)
[0m[33m[init]: disparity is 12.676,22.544 (15.00 thresh)
[0m[33m[init-s]: to much IMU excitation, above threshold 0.881 > 0.450
[0m[34m[TIME]: 0.0027 seconds total (375.9 hz, 0.07 ms behind)
[0m[33m[init]: disparity is 12.617,22.544 (15.00 thresh)
[0m[33m[init-s]: to much IMU excitation, above threshold 0.881 > 0.450
[0m[34m[TIME]: 0.0005 seconds total (2028.4 hz, 0.07 ms behind)
[0m[33m[init]: disparity is 12.617,22.544 (15.00 thresh)
[0m[33m[init-s]: to much IMU excitation, above threshold 0.881 > 0.450
[0m[34m[TIME]: 0.0009 seconds total (1059.3 hz, 0.07 ms behind)
[0m[33m[init]: disparity is 12.617,22.544 (15.00 thresh)
[0m[33m[init-s]: to much IMU excitation, above threshold 0.881 > 0.450
[0m[34m[TIME]: 0.0007 seconds total (1336.9 hz, 0.07 ms behind)
[0m[33m[init]: disparity is 12.617,22.544 (15.00 thresh)
[0m[33m[init-s]: to much IMU excitation, above threshold 0.881 > 0.450
[0m[34m[TIME]: 0.0010 seconds total (998.0 hz, 0.33 ms behind)
[0m[33m[init]: disparity is 12.492,21.542 (15.00 thresh)
[0m[33m[init-s]: to much IMU excitation, above threshold 0.944 > 0.450
[0m[34m[TIME]: 0.0006 seconds total (1727.1 hz, 0.33 ms behind)
[0m[33m[init]: disparity is 12.492,21.542 (15.00 thresh)
[0m[33m[init-s]: to much IMU excitation, above threshold 0.944 > 0.450
[0m[34m[TIME]: 0.0010 seconds total (1030.9 hz, 0.33 ms behind)
[0m[33m[init]: disparity is 12.492,21.542 (15.00 thresh)
[0m[33m[init-s]: to much IMU excitation, above threshold 0.944 > 0.450
[0m[34m[TIME]: 0.0008 seconds total (1197.6 hz, 0.33 ms behind)
[0m[33m[init]: disparity is 12.492,21.542 (15.00 thresh)
[0m[33m[init-s]: to much IMU excitation, above threshold 0.944 > 0.450
[0m[34m[TIME]: 0.0040 seconds total (250.8 hz, 0.33 ms behind)
[0m[33m[init]: disparity is 12.492,21.542 (15.00 thresh)
[0m[33m[init-s]: to much IMU excitation, above threshold 0.944 > 0.450
[0m[34m[TIME]: 0.0037 seconds total (271.7 hz, 0.34 ms behind)
[0m[33m[init]: disparity is 12.492,20.290 (15.00 thresh)
[0m[33m[init-s]: to much IMU excitation, above threshold 0.896 > 0.450
[0m[34m[TIME]: 0.0009 seconds total (1054.9 hz, 0.34 ms behind)
[0m[33m[init]: disparity is 12.492,20.290 (15.00 thresh)
[0m[33m[init-s]: to much IMU excitation, above threshold 0.896 > 0.450
[0m[34m[TIME]: 0.0026 seconds total (383.4 hz, 0.34 ms behind)
[0m[33m[init]: disparity is 12.492,20.290 (15.00 thresh)
[0m[33m[init-s]: to much IMU excitation, above threshold 0.896 > 0.450
[0m[34m[TIME]: 0.0007 seconds total (1459.9 hz, 0.34 ms behind)
[0m[33m[init]: disparity is 12.492,20.290 (15.00 thresh)
[0m[33m[init-s]: to much IMU excitation, above threshold 0.896 > 0.450
[0m[34m[TIME]: 0.0025 seconds total (398.6 hz, 0.34 ms behind)
[0m[33m[init]: disparity is 12.492,20.290 (15.00 thresh)
[0m[33m[init-s]: to much IMU excitation, above threshold 0.896 > 0.450
[0m[34m[TIME]: 0.0008 seconds total (1322.8 hz, 0.10 ms behind)
[0m[33m[init]: disparity is 12.492,20.290 (15.00 thresh)
[0m[33m[init-s]: to much IMU excitation, above threshold 0.822 > 0.450
[0m[34m[TIME]: 0.0010 seconds total (1050.4 hz, 0.10 ms behind)
[0m[34m[TIME]: 0.0005 seconds total (2164.5 hz, 0.10 ms behind)
[0m[33m[init]: disparity is 12.492,18.001 (15.00 thresh)
[0m[33m[init-s]: to much IMU excitation, above threshold 0.822 > 0.450
[0m[34m[TIME]: 0.0028 seconds total (363.4 hz, 0.10 ms behind)
[0m[33m[init]: disparity is 12.492,18.001 (15.00 thresh)
[0m[33m[init-s]: to much IMU excitation, above threshold 0.822 > 0.450
[0m[34m[TIME]: 0.0005 seconds total (1818.2 hz, 0.10 ms behind)
[0m[33m[init]: disparity is 12.492,18.001 (15.00 thresh)
[0m[33m[init-s]: to much IMU excitation, above threshold 0.822 > 0.450
[0m[34m[TIME]: 0.0013 seconds total (747.4 hz, 0.11 ms behind)
[0m[33m[init]: disparity is 12.492,18.001 (15.00 thresh)
[0m[33m[init-s]: to much IMU excitation, above threshold 0.769 > 0.450
[0m[34m[TIME]: 0.0027 seconds total (367.5 hz, 0.11 ms behind)
[0m[33m[init]: disparity is 13.458,18.061 (15.00 thresh)
[0m[33m[init-s]: to much IMU excitation, above threshold 0.769 > 0.450
[0m[34m[TIME]: 0.0008 seconds total (1206.3 hz, 0.11 ms behind)
[0m[33m[init]: disparity is 13.458,18.061 (15.00 thresh)
[0m[33m[init-s]: to much IMU excitation, above threshold 0.769 > 0.450
[0m[34m[TIME]: 0.0026 seconds total (387.6 hz, 0.11 ms behind)
[0m[33m[init]: disparity is 13.458,18.061 (15.00 thresh)
[0m[33m[init-s]: to much IMU excitation, above threshold 0.769 > 0.450
[0m[34m[TIME]: 0.0008 seconds total (1246.9 hz, 0.11 ms behind)
[0m[33m[init]: disparity is 13.458,18.061 (15.00 thresh)
[0m[33m[init-s]: to much IMU excitation, above threshold 0.769 > 0.450
[0m[34m[TIME]: 0.0010 seconds total (994.0 hz, 0.12 ms behind)
[0m[33m[init]: disparity is 15.843,17.983 (15.00 thresh)
[0m[33m[init]: failed static init: no accel jerk detected, platform moving too much
[0m[34m[TIME]: 0.0039 seconds total (254.1 hz, 0.12 ms behind)
[0m[33m[init]: disparity is 15.843,17.983 (15.00 thresh)
[0m[33m[init]: failed static init: no accel jerk detected, platform moving too much
[0m[34m[TIME]: 0.0040 seconds total (252.7 hz, 0.12 ms behind)
[0m[33m[init]: disparity is 15.843,17.983 (15.00 thresh)
[0m[33m[init]: failed static init: no accel jerk detected, platform moving too much
[0m[34m[TIME]: 0.0006 seconds total (1615.5 hz, 0.12 ms behind)
[0m[33m[init]: disparity is 15.843,17.983 (15.00 thresh)
[0m[33m[init]: failed static init: no accel jerk detected, platform moving too much
[0m[34m[TIME]: 0.0009 seconds total (1127.4 hz, 0.12 ms behind)
[0m[33m[init]: disparity is 15.843,17.983 (15.00 thresh)
[0m[33m[init]: failed static init: no accel jerk detected, platform moving too much
[0m[34m[TIME]: 0.0009 seconds total (1119.8 hz, 0.13 ms behind)
[0m[34m[TIME]: 0.0005 seconds total (2105.3 hz, 0.13 ms behind)
[0m[33m[init]: disparity is 17.837,18.806 (15.00 thresh)
[0m[33m[init]: failed static init: no accel jerk detected, platform moving too much
[0m[34m[TIME]: 0.0005 seconds total (1919.4 hz, 0.13 ms behind)
[0m[33m[init]: disparity is 17.837,18.806 (15.00 thresh)
[0m[33m[init]: failed static init: no accel jerk detected, platform moving too much
[0m[34m[TIME]: 0.0009 seconds total (1077.6 hz, 0.13 ms behind)
[0m[33m[init]: disparity is 17.837,18.806 (15.00 thresh)
[0m[33m[init]: failed static init: no accel jerk detected, platform moving too much
[0m[34m[TIME]: 0.0026 seconds total (390.5 hz, 0.13 ms behind)
[0m[33m[init]: disparity is 17.837,18.806 (15.00 thresh)
[0m[33m[init]: failed static init: no accel jerk detected, platform moving too much
[0m[34m[TIME]: 0.0032 seconds total (313.5 hz, 0.14 ms behind)
[0m[33m[init]: disparity is 19.152,19.113 (15.00 thresh)
[0m[33m[init]: failed static init: no accel jerk detected, platform moving too much
[0m[34m[TIME]: 0.0010 seconds total (1047.1 hz, 0.14 ms behind)
[0m[33m[init]: disparity is 19.152,19.113 (15.00 thresh)
[0m[33m[init]: failed static init: no accel jerk detected, platform moving too much
[0m[34m[TIME]: 0.0008 seconds total (1314.1 hz, 0.14 ms behind)
[0m[33m[init]: disparity is 19.152,19.113 (15.00 thresh)
[0m[33m[init]: failed static init: no accel jerk detected, platform moving too much
[0m[34m[TIME]: 0.0006 seconds total (1686.3 hz, 0.14 ms behind)
[0m[33m[init]: disparity is 19.152,19.113 (15.00 thresh)
[0m[33m[init]: failed static init: no accel jerk detected, platform moving too much
[0m[34m[TIME]: 0.0005 seconds total (2183.4 hz, 0.14 ms behind)
[0m[33m[init]: disparity is 19.152,19.113 (15.00 thresh)
[0m[33m[init]: failed static init: no accel jerk detected, platform moving too much
[0m[34m[TIME]: 0.0007 seconds total (1335.1 hz, 0.15 ms behind)
[0m[33m[init]: disparity is 19.152,19.113 (15.00 thresh)
[0m[33m[init]: failed static init: no accel jerk detected, platform moving too much
[0m[34m[TIME]: 0.0040 seconds total (252.1 hz, 0.15 ms behind)
[0m[33m[init]: disparity is 18.554,20.204 (15.00 thresh)
[0m[33m[init]: failed static init: no accel jerk detected, platform moving too much
[0m[34m[TIME]: 0.0040 seconds total (253.0 hz, 0.15 ms behind)
[0m[33m[init]: disparity is 18.554,20.204 (15.00 thresh)
[0m[33m[init]: failed static init: no accel jerk detected, platform moving too much
[0m[34m[TIME]: 0.0009 seconds total (1149.4 hz, 0.15 ms behind)
[0m[33m[init]: disparity is 18.554,20.204 (15.00 thresh)
[0m[33m[init]: failed static init: no accel jerk detected, platform moving too much
[0m[34m[TIME]: 0.0009 seconds total (1070.7 hz, 0.15 ms behind)
[0m[33m[init]: disparity is 18.554,20.204 (15.00 thresh)
[0m[33m[init]: failed static init: no accel jerk detected, platform moving too much
[0m[34m[TIME]: 0.0011 seconds total (909.9 hz, 0.16 ms behind)
[0m[33m[init]: disparity is 18.554,20.204 (15.00 thresh)
[0m[33m[init]: failed static init: no accel jerk detected, platform moving too much
[0m[34m[TIME]: 0.0027 seconds total (375.9 hz, 0.16 ms behind)
[0m[34m[TIME]: 0.0005 seconds total (2145.9 hz, 0.16 ms behind)
[0m[33m[init]: disparity is 16.939,20.830 (15.00 thresh)
[0m[33m[init]: failed static init: no accel jerk detected, platform moving too much
[0m[34m[TIME]: 0.0026 seconds total (379.7 hz, 0.16 ms behind)
[0m[33m[init]: disparity is 16.939,20.830 (15.00 thresh)
[0m[33m[init]: failed static init: no accel jerk detected, platform moving too much
[0m[34m[TIME]: 0.0007 seconds total (1383.1 hz, 0.16 ms behind)
[0m[33m[init]: disparity is 16.939,20.830 (15.00 thresh)
[0m[33m[init]: failed static init: no accel jerk detected, platform moving too much
[0m[34m[TIME]: 0.0009 seconds total (1100.1 hz, 0.17 ms behind)
[0m[34m[TIME]: 0.0005 seconds total (1953.1 hz, 0.17 ms behind)
[0m[33m[init]: disparity is 18.297,22.064 (15.00 thresh)
[0m[33m[init]: failed static init: no accel jerk detected, platform moving too much
[0m[34m[TIME]: 0.0009 seconds total (1117.3 hz, 0.17 ms behind)
[0m[33m[init]: disparity is 18.297,22.064 (15.00 thresh)
[0m[33m[init]: failed static init: no accel jerk detected, platform moving too much
[0m[34m[TIME]: 0.0038 seconds total (264.1 hz, 0.17 ms behind)
[0m[33m[init]: disparity is 18.297,22.064 (15.00 thresh)
[0m[33m[init]: failed static init: no accel jerk detected, platform moving too much
[0m[34m[TIME]: 0.0038 seconds total (259.9 hz, 0.17 ms behind)
[0m[33m[init]: disparity is 18.297,22.064 (15.00 thresh)
[0m[33m[init]: failed static init: no accel jerk detected, platform moving too much
[0m[34m[TIME]: 0.0011 seconds total (894.5 hz, 0.18 ms behind)
[0m[33m[init]: disparity is 19.161,23.277 (15.00 thresh)
[0m[33m[init]: failed static init: no accel jerk detected, platform moving too much
[0m[34m[TIME]: 0.0012 seconds total (859.8 hz, 0.18 ms behind)
[0m[33m[init]: disparity is 19.161,23.277 (15.00 thresh)
[0m[33m[init]: failed static init: no accel jerk detected, platform moving too much
[0m[34m[TIME]: 0.0026 seconds total (378.2 hz, 0.18 ms behind)
[0m[34m[TIME]: 0.0005 seconds total (2096.4 hz, 0.18 ms behind)
[0m[33m[init]: disparity is 19.161,23.277 (15.00 thresh)
[0m[33m[init]: failed static init: no accel jerk detected, platform moving too much
[0m[34m[TIME]: 0.0004 seconds total (2283.1 hz, 0.18 ms behind)
[0m[33m[init]: disparity is 19.161,23.277 (15.00 thresh)
[0m[33m[init]: failed static init: no accel jerk detected, platform moving too much
[0m[34m[TIME]: 0.0031 seconds total (325.8 hz, 0.19 ms behind)
[0m[33m[init]: disparity is 19.674,22.998 (15.00 thresh)
[0m[33m[init]: failed static init: no accel jerk detected, platform moving too much
[0m[34m[TIME]: 0.0007 seconds total (1402.5 hz, 0.19 ms behind)
[0m[34m[TIME]: 0.0005 seconds total (2049.2 hz, 0.19 ms behind)
[0m[33m[init]: disparity is 19.674,22.998 (15.00 thresh)
[0m[33m[init]: failed static init: no accel jerk detected, platform moving too much
[0m[34m[TIME]: 0.0010 seconds total (1037.3 hz, 0.19 ms behind)
[0m[33m[init]: disparity is 19.674,22.998 (15.00 thresh)
[0m[33m[init]: failed static init: no accel jerk detected, platform moving too much
[0m[34m[TIME]: 0.0010 seconds total (1048.2 hz, 0.19 ms behind)
[0m[33m[init]: disparity is 19.674,22.998 (15.00 thresh)
[0m[33m[init]: failed static init: no accel jerk detected, platform moving too much
[0m[34m[TIME]: 0.0031 seconds total (319.4 hz, 0.20 ms behind)
[0m[33m[init]: disparity is 20.064,24.724 (15.00 thresh)
[0m[33m[init]: failed static init: no accel jerk detected, platform moving too much
[0m[34m[TIME]: 0.0006 seconds total (1618.1 hz, 0.20 ms behind)
[0m[33m[init]: disparity is 20.064,24.724 (15.00 thresh)
[0m[33m[init]: failed static init: no accel jerk detected, platform moving too much
[0m[34m[TIME]: 0.0008 seconds total (1261.0 hz, 0.20 ms behind)
[0m[33m[init]: disparity is 20.064,24.724 (15.00 thresh)
[0m[33m[init]: failed static init: no accel jerk detected, platform moving too much
[0m[34m[TIME]: 0.0007 seconds total (1536.1 hz, 0.20 ms behind)
[0m[33m[init]: disparity is 20.064,24.724 (15.00 thresh)
[0m[33m[init]: failed static init: no accel jerk detected, platform moving too much
[0m[34m[TIME]: 0.0007 seconds total (1422.5 hz, 0.20 ms behind)
[0m[33m[init]: disparity is 20.064,24.724 (15.00 thresh)
[0m[33m[init]: failed static init: no accel jerk detected, platform moving too much
[0m[34m[TIME]: 0.0008 seconds total (1191.9 hz, 0.21 ms behind)
[0m[33m[init]: disparity is 20.064,24.724 (15.00 thresh)
[0m[33m[init]: failed static init: no accel jerk detected, platform moving too much
[0m[34m[TIME]: 0.0041 seconds total (243.2 hz, 0.21 ms behind)
[0m[33m[init]: disparity is 19.484,23.274 (15.00 thresh)
[0m[33m[init]: failed static init: no accel jerk detected, platform moving too much
[0m[34m[TIME]: 0.0011 seconds total (945.2 hz, 0.21 ms behind)
[0m[33m[init]: disparity is 19.484,23.274 (15.00 thresh)
[0m[33m[init]: failed static init: no accel jerk detected, platform moving too much
[0m[34m[TIME]: 0.0040 seconds total (248.9 hz, 0.21 ms behind)
[0m[33m[init]: disparity is 19.484,23.274 (15.00 thresh)
[0m[33m[init]: failed static init: no accel jerk detected, platform moving too much
[0m[34m[TIME]: 0.0041 seconds total (242.8 hz, 0.21 ms behind)
[0m[33m[init]: disparity is 19.484,23.274 (15.00 thresh)
[0m[33m[init]: failed static init: no accel jerk detected, platform moving too much
[0m[34m[TIME]: 0.0012 seconds total (829.2 hz, 0.22 ms behind)
[0m[33m[init]: disparity is 19.484,23.274 (15.00 thresh)
[0m[33m[init]: failed static init: no accel jerk detected, platform moving too much
[0m[34m[TIME]: 0.0029 seconds total (342.7 hz, 0.22 ms behind)
[0m[33m[init]: disparity is 19.697,22.739 (15.00 thresh)
[0m[33m[init]: failed static init: no accel jerk detected, platform moving too much
[0m[34m[TIME]: 0.0027 seconds total (370.2 hz, 0.22 ms behind)
[0m[33m[init]: disparity is 19.697,22.739 (15.00 thresh)
[0m[33m[init]: failed static init: no accel jerk detected, platform moving too much
[0m[34m[TIME]: 0.0005 seconds total (1879.7 hz, 0.22 ms behind)
[0m[33m[init]: disparity is 19.697,22.739 (15.00 thresh)
[0m[33m[init]: failed static init: no accel jerk detected, platform moving too much
[0m[34m[TIME]: 0.0026 seconds total (384.3 hz, 0.22 ms behind)
[0m[33m[init]: disparity is 19.697,22.739 (15.00 thresh)
[0m[33m[init]: failed static init: no accel jerk detected, platform moving too much
[0m[34m[TIME]: 0.0010 seconds total (1027.7 hz, 0.24 ms behind)
[0m[33m[init]: disparity is 21.542,22.175 (15.00 thresh)
[0m[33m[init]: failed static init: no accel jerk detected, platform moving too much
[0m[34m[TIME]: 0.0006 seconds total (1612.9 hz, 0.24 ms behind)
[0m[33m[init]: disparity is 21.542,22.175 (15.00 thresh)
[0m[33m[init]: failed static init: no accel jerk detected, platform moving too much
[0m[34m[TIME]: 0.0006 seconds total (1655.6 hz, 0.24 ms behind)
[0m[33m[init]: disparity is 21.542,22.175 (15.00 thresh)
[0m[33m[init]: failed static init: no accel jerk detected, platform moving too much
[0m[34m[TIME]: 0.0012 seconds total (842.5 hz, 0.24 ms behind)
[0m[33m[init]: disparity is 21.542,22.175 (15.00 thresh)
[0m[33m[init]: failed static init: no accel jerk detected, platform moving too much
[0m[34m[TIME]: 0.0007 seconds total (1508.3 hz, 0.24 ms behind)
[0m[33m[init]: disparity is 21.542,22.175 (15.00 thresh)
[0m[33m[init]: failed static init: no accel jerk detected, platform moving too much
[0m[34m[TIME]: 0.0013 seconds total (780.6 hz, 0.25 ms behind)
[0m[33m[init]: disparity is 20.290,22.519 (15.00 thresh)
[0m[33m[init]: failed static init: no accel jerk detected, platform moving too much
[0m[34m[TIME]: 0.0010 seconds total (1023.5 hz, 0.25 ms behind)
[0m[33m[init]: disparity is 20.290,22.519 (15.00 thresh)
[0m[33m[init]: failed static init: no accel jerk detected, platform moving too much
[0m[34m[TIME]: 0.0008 seconds total (1248.4 hz, 0.25 ms behind)
[0m[33m[init]: disparity is 20.290,22.519 (15.00 thresh)
[0m[33m[init]: failed static init: no accel jerk detected, platform moving too much
[0m[34m[TIME]: 0.0006 seconds total (1618.1 hz, 0.25 ms behind)
[0m[33m[init]: disparity is 20.290,22.519 (15.00 thresh)
[0m[33m[init]: failed static init: no accel jerk detected, platform moving too much
[0m[34m[TIME]: 0.0007 seconds total (1379.3 hz, 0.25 ms behind)
[0m[33m[init]: disparity is 20.290,22.519 (15.00 thresh)
[0m[33m[init]: failed static init: no accel jerk detected, platform moving too much
[0m[34m[TIME]: 0.0043 seconds total (233.2 hz, 0.01 ms behind)
[0m[33m[init]: disparity is 20.063,19.932 (15.00 thresh)
[0m[33m[init]: failed static init: no accel jerk detected, platform moving too much
[0m[34m[TIME]: 0.0039 seconds total (253.4 hz, 0.01 ms behind)
[0m[33m[init]: disparity is 20.063,19.932 (15.00 thresh)
[0m[33m[init]: failed static init: no accel jerk detected, platform moving too much
[0m[34m[TIME]: 0.0036 seconds total (280.7 hz, 0.01 ms behind)
[0m[33m[init]: disparity is 20.063,19.932 (15.00 thresh)
[0m[33m[init]: failed static init: no accel jerk detected, platform moving too much
[0m[34m[TIME]: 0.0007 seconds total (1517.5 hz, 0.01 ms behind)
[0m[33m[init]: disparity is 20.063,19.932 (15.00 thresh)
[0m[33m[init]: failed static init: no accel jerk detected, platform moving too much
[0m[34m[TIME]: 0.0027 seconds total (373.8 hz, 0.01 ms behind)
[0m[33m[init]: disparity is 20.063,19.932 (15.00 thresh)
[0m[33m[init]: failed static init: no accel jerk detected, platform moving too much
[0m[34m[TIME]: 0.0041 seconds total (242.7 hz, 0.02 ms behind)
[0m[33m[init]: disparity is 21.340,19.206 (15.00 thresh)
[0m[33m[init]: failed static init: no accel jerk detected, platform moving too much
[0m[34m[TIME]: 0.0038 seconds total (259.9 hz, 0.02 ms behind)
[0m[33m[init]: disparity is 21.340,19.206 (15.00 thresh)
[0m[33m[init]: failed static init: no accel jerk detected, platform moving too much
[0m[34m[TIME]: 0.0005 seconds total (1904.8 hz, 0.02 ms behind)
[0m[33m[init]: disparity is 21.340,19.206 (15.00 thresh)
[0m[33m[init]: failed static init: no accel jerk detected, platform moving too much
[0m[34m[TIME]: 0.0007 seconds total (1457.7 hz, 0.02 ms behind)
[0m[33m[init]: disparity is 21.340,19.206 (15.00 thresh)
[0m[33m[init]: failed static init: no accel jerk detected, platform moving too much
[0m[34m[TIME]: 0.0006 seconds total (1814.9 hz, 0.02 ms behind)
[0m[33m[init]: disparity is 21.340,19.206 (15.00 thresh)
[0m[33m[init]: failed static init: no accel jerk detected, platform moving too much
[0m[34m[TIME]: 0.0008 seconds total (1200.5 hz, 0.28 ms behind)
[0m[33m[init]: disparity is 21.340,19.206 (15.00 thresh)
[0m[33m[init]: failed static init: no accel jerk detected, platform moving too much
[0m[34m[TIME]: 0.0006 seconds total (1692.0 hz, 0.28 ms behind)
[0m[33m[init]: disparity is 21.340,19.206 (15.00 thresh)
[0m[33m[init]: failed static init: no accel jerk detected, platform moving too much
[0m[34m[TIME]: 0.0009 seconds total (1083.4 hz, 0.28 ms behind)
[0m[33m[init]: disparity is 21.340,19.206 (15.00 thresh)
[0m[33m[init]: failed static init: no accel jerk detected, platform moving too much
[0m[34m[TIME]: 0.0040 seconds total (249.6 hz, 0.28 ms behind)
[0m[33m[init]: disparity is 20.232,19.811 (15.00 thresh)
[0m[33m[init]: failed static init: no accel jerk detected, platform moving too much
[0m[34m[TIME]: 0.0010 seconds total (1012.1 hz, 0.28 ms behind)
[0m[33m[init]: disparity is 20.232,19.811 (15.00 thresh)
[0m[33m[init]: failed static init: no accel jerk detected, platform moving too much
[0m[34m[TIME]: 0.0010 seconds total (987.2 hz, 0.04 ms behind)
[0m[33m[init]: disparity is 20.232,19.811 (15.00 thresh)
[0m[33m[init]: failed static init: no accel jerk detected, platform moving too much
[0m[34m[TIME]: 0.0008 seconds total (1200.5 hz, 0.04 ms behind)
[0m[33m[init]: disparity is 20.232,19.811 (15.00 thresh)
[0m[33m[init]: failed static init: no accel jerk detected, platform moving too much
[0m[34m[TIME]: 0.0038 seconds total (260.8 hz, 0.04 ms behind)
[0m[33m[init]: disparity is 19.882,19.153 (15.00 thresh)
[0m[33m[init]: failed static init: no accel jerk detected, platform moving too much
[0m[34m[TIME]: 0.0006 seconds total (1615.5 hz, 0.04 ms behind)
[0m[33m[init]: disparity is 19.882,19.153 (15.00 thresh)
[0m[33m[init]: failed static init: no accel jerk detected, platform moving too much
[0m[34m[TIME]: 0.0009 seconds total (1100.1 hz, 0.04 ms behind)
[0m[33m[init]: disparity is 19.882,19.153 (15.00 thresh)
[0m[33m[init]: failed static init: no accel jerk detected, platform moving too much
[0m[34m[TIME]: 0.0010 seconds total (965.3 hz, 0.30 ms behind)
[0m[33m[init]: disparity is 18.571,19.094 (15.00 thresh)
[0m[33m[init]: failed static init: no accel jerk detected, platform moving too much
[0m[34m[TIME]: 0.0008 seconds total (1231.5 hz, 0.30 ms behind)
[0m[33m[init]: disparity is 18.571,19.094 (15.00 thresh)
[0m[33m[init]: failed static init: no accel jerk detected, platform moving too much
[0m[34m[TIME]: 0.0006 seconds total (1663.9 hz, 0.30 ms behind)
[0m[33m[init]: disparity is 18.571,19.094 (15.00 thresh)
[0m[33m[init]: failed static init: no accel jerk detected, platform moving too much
[0m[34m[TIME]: 0.0010 seconds total (1033.1 hz, 0.30 ms behind)
[0m[33m[init]: disparity is 18.571,19.094 (15.00 thresh)
[0m[33m[init]: failed static init: no accel jerk detected, platform moving too much
[0m[34m[TIME]: 0.0031 seconds total (323.2 hz, 0.30 ms behind)
[0m[33m[init]: disparity is 18.571,19.094 (15.00 thresh)
[0m[33m[init]: failed static init: no accel jerk detected, platform moving too much
[0m[34m[TIME]: 0.0009 seconds total (1076.4 hz, 0.06 ms behind)
[0m[33m[init]: disparity is 19.897,16.757 (15.00 thresh)
[0m[33m[init]: failed static init: no accel jerk detected, platform moving too much
[0m[34m[TIME]: 0.0031 seconds total (324.7 hz, 0.06 ms behind)
[0m[33m[init]: disparity is 19.897,16.757 (15.00 thresh)
[0m[33m[init]: failed static init: no accel jerk detected, platform moving too much
[0m[34m[TIME]: 0.0009 seconds total (1168.2 hz, 0.06 ms behind)
[0m[33m[init]: disparity is 19.897,16.757 (15.00 thresh)
[0m[33m[init]: failed static init: no accel jerk detected, platform moving too much
[0m[34m[TIME]: 0.0006 seconds total (1582.3 hz, 0.06 ms behind)
[0m[34m[TIME]: 0.0004 seconds total (2463.1 hz, 0.06 ms behind)
[0m[33m[init]: disparity is 19.897,16.757 (15.00 thresh)
[0m[33m[init]: failed static init: no accel jerk detected, platform moving too much
[0m[34m[TIME]: 0.0043 seconds total (231.1 hz, 0.07 ms behind)
[0m[33m[init]: disparity is 20.618,14.420 (15.00 thresh)
[0m[33m[init]: failed static init: no accel jerk detected, platform moving too much
[0m[34m[TIME]: 0.0007 seconds total (1416.4 hz, 0.07 ms behind)
[0m[33m[init]: disparity is 20.618,14.420 (15.00 thresh)
[0m[33m[init]: failed static init: no accel jerk detected, platform moving too much
[0m[34m[TIME]: 0.0039 seconds total (255.5 hz, 0.07 ms behind)
[0m[33m[init]: disparity is 20.618,14.420 (15.00 thresh)
[0m[33m[init]: failed static init: no accel jerk detected, platform moving too much
[0m[34m[TIME]: 0.0006 seconds total (1610.3 hz, 0.07 ms behind)
[0m[33m[init]: disparity is 20.618,14.420 (15.00 thresh)
[0m[33m[init]: failed static init: no accel jerk detected, platform moving too much
[0m[34m[TIME]: 0.0007 seconds total (1351.4 hz, 0.07 ms behind)
[0m[33m[init]: disparity is 20.618,14.420 (15.00 thresh)
[0m[33m[init]: failed static init: no accel jerk detected, platform moving too much
[0m[34m[TIME]: 0.0009 seconds total (1124.9 hz, 0.08 ms behind)
[0m[33m[init]: disparity is 20.618,14.420 (15.00 thresh)
[0m[33m[init]: failed static init: no accel jerk detected, platform moving too much
[0m[34m[TIME]: 0.0009 seconds total (1118.6 hz, 0.08 ms behind)
[0m[34m[TIME]: 0.0005 seconds total (2057.6 hz, 0.08 ms behind)
[0m[33m[init]: disparity is 20.618,14.420 (15.00 thresh)
[0m[33m[init]: failed static init: no accel jerk detected, platform moving too much
[0m[34m[TIME]: 0.0007 seconds total (1369.9 hz, 0.08 ms behind)
[0m[33m[init]: disparity is 21.639,14.528 (15.00 thresh)
[0m[33m[init]: failed static init: no accel jerk detected, platform moving too much
[0m[34m[TIME]: 0.0006 seconds total (1564.9 hz, 0.08 ms behind)
[0m[33m[init]: disparity is 21.639,14.528 (15.00 thresh)
[0m[33m[init]: failed static init: no accel jerk detected, platform moving too much
[0m[34m[TIME]: 0.0012 seconds total (836.1 hz, 0.34 ms behind)
[0m[33m[init]: disparity is 21.639,14.528 (15.00 thresh)
[0m[33m[init]: failed static init: no accel jerk detected, platform moving too much
[0m[34m[TIME]: 0.0008 seconds total (1230.0 hz, 0.34 ms behind)
[0m[33m[init]: disparity is 22.745,14.569 (15.00 thresh)
[0m[33m[init]: failed static init: no accel jerk detected, platform moving too much
[0m[34m[TIME]: 0.0009 seconds total (1129.9 hz, 0.34 ms behind)
[0m[33m[init]: disparity is 22.745,14.569 (15.00 thresh)
[0m[33m[init]: failed static init: no accel jerk detected, platform moving too much
[0m[34m[TIME]: 0.0032 seconds total (309.9 hz, 0.34 ms behind)
[0m[33m[init]: disparity is 22.745,14.569 (15.00 thresh)
[0m[33m[init]: failed static init: no accel jerk detected, platform moving too much
[0m[34m[TIME]: 0.0007 seconds total (1457.7 hz, 0.34 ms behind)
[0m[33m[init]: disparity is 22.745,14.569 (15.00 thresh)
[0m[33m[init]: failed static init: no accel jerk detected, platform moving too much
[0m[34m[TIME]: 0.0043 seconds total (233.8 hz, 0.10 ms behind)
[0m[33m[init]: disparity is 21.723,14.977 (15.00 thresh)
[0m[33m[init]: failed static init: no accel jerk detected, platform moving too much
[0m[34m[TIME]: 0.0031 seconds total (318.3 hz, 0.10 ms behind)
[0m[33m[init]: disparity is 21.723,14.977 (15.00 thresh)
[0m[33m[init]: failed static init: no accel jerk detected, platform moving too much
[0m[34m[TIME]: 0.0026 seconds total (377.9 hz, 0.10 ms behind)
[0m[33m[init]: disparity is 21.723,14.977 (15.00 thresh)
[0m[33m[init]: failed static init: no accel jerk detected, platform moving too much
[0m[34m[TIME]: 0.0005 seconds total (1872.7 hz, 0.10 ms behind)
[0m[34m[TIME]: 0.0026 seconds total (390.0 hz, 0.10 ms behind)
[0m[33m[init]: disparity is 21.723,14.977 (15.00 thresh)
[0m[33m[init]: failed static init: no accel jerk detected, platform moving too much
[0m[34m[TIME]: 0.0042 seconds total (237.4 hz, 0.11 ms behind)
[0m[33m[init]: disparity is 22.994,16.087 (15.00 thresh)
[0m[33m[init]: failed static init: no accel jerk detected, platform moving too much
[0m[34m[TIME]: 0.0007 seconds total (1481.5 hz, 0.11 ms behind)
[0m[33m[init]: disparity is 22.994,16.087 (15.00 thresh)
[0m[33m[init]: failed static init: no accel jerk detected, platform moving too much
[0m[34m[TIME]: 0.0006 seconds total (1650.2 hz, 0.11 ms behind)
[0m[33m[init]: disparity is 22.994,16.087 (15.00 thresh)
[0m[33m[init]: failed static init: no accel jerk detected, platform moving too much
[0m[34m[TIME]: 0.0009 seconds total (1108.6 hz, 0.11 ms behind)
[0m[33m[init]: disparity is 22.994,16.087 (15.00 thresh)
[0m[33m[init]: failed static init: no accel jerk detected, platform moving too much
[0m[34m[TIME]: 0.0006 seconds total (1754.4 hz, 0.11 ms behind)
[0m[33m[init]: disparity is 22.994,16.087 (15.00 thresh)
[0m[33m[init]: failed static init: no accel jerk detected, platform moving too much
[0m[34m[TIME]: 0.0008 seconds total (1329.8 hz, 0.12 ms behind)
[0m[33m[init]: disparity is 22.994,16.087 (15.00 thresh)
[0m[33m[init]: failed static init: no accel jerk detected, platform moving too much
[0m[34m[TIME]: 0.0009 seconds total (1127.4 hz, 0.12 ms behind)
[0m[33m[init]: disparity is 22.994,16.087 (15.00 thresh)
[0m[33m[init]: failed static init: no accel jerk detected, platform moving too much
[0m[34m[TIME]: 0.0010 seconds total (989.1 hz, 0.12 ms behind)
[0m[33m[init]: disparity is 22.994,16.087 (15.00 thresh)
[0m[33m[init]: failed static init: no accel jerk detected, platform moving too much
[0m[34m[TIME]: 0.0026 seconds total (385.7 hz, 0.12 ms behind)
[0m[33m[init]: disparity is 22.550,15.562 (15.00 thresh)
[0m[33m[init]: failed static init: no accel jerk detected, platform moving too much
[0m[34m[TIME]: 0.0008 seconds total (1189.1 hz, 0.12 ms behind)
[0m[33m[init]: disparity is 22.550,15.562 (15.00 thresh)
[0m[33m[init]: failed static init: no accel jerk detected, platform moving too much
[0m[34m[TIME]: 0.0011 seconds total (882.6 hz, 0.13 ms behind)
[0m[33m[init]: disparity is 22.550,15.562 (15.00 thresh)
[0m[33m[init]: failed static init: no accel jerk detected, platform moving too much
[0m[34m[TIME]: 0.0007 seconds total (1381.2 hz, 0.13 ms behind)
[0m[33m[init]: disparity is 22.020,17.425 (15.00 thresh)
[0m[33m[init]: failed static init: no accel jerk detected, platform moving too much
[0m[34m[TIME]: 0.0039 seconds total (256.9 hz, 0.13 ms behind)
[0m[33m[init]: disparity is 22.020,17.425 (15.00 thresh)
[0m[33m[init]: failed static init: no accel jerk detected, platform moving too much
[0m[34m[TIME]: 0.0006 seconds total (1686.3 hz, 0.13 ms behind)
[0m[33m[init]: disparity is 22.020,17.425 (15.00 thresh)
[0m[33m[init]: failed static init: no accel jerk detected, platform moving too much
[0m[34m[TIME]: 0.0008 seconds total (1203.4 hz, 0.13 ms behind)
[0m[33m[init]: disparity is 22.020,17.425 (15.00 thresh)
[0m[33m[init]: failed static init: no accel jerk detected, platform moving too much
[0m[34m[TIME]: 0.0010 seconds total (1018.3 hz, 0.14 ms behind)
[0m[33m[init]: disparity is 21.763,17.425 (15.00 thresh)
[0m[33m[init]: failed static init: no accel jerk detected, platform moving too much
[0m[34m[TIME]: 0.0008 seconds total (1196.2 hz, 0.14 ms behind)
[0m[33m[init]: disparity is 21.763,17.425 (15.00 thresh)
[0m[33m[init]: failed static init: no accel jerk detected, platform moving too much
[0m[34m[TIME]: 0.0006 seconds total (1808.3 hz, 0.14 ms behind)
[0m[33m[init]: disparity is 21.763,17.425 (15.00 thresh)
[0m[33m[init]: failed static init: no accel jerk detected, platform moving too much
[0m[34m[TIME]: 0.0010 seconds total (952.4 hz, 0.14 ms behind)
[0m[33m[init]: disparity is 21.763,17.425 (15.00 thresh)
[0m[33m[init]: failed static init: no accel jerk detected, platform moving too much
[0m[34m[TIME]: 0.0007 seconds total (1353.2 hz, 0.14 ms behind)
[0m[33m[init]: disparity is 21.763,17.425 (15.00 thresh)
[0m[33m[init]: failed static init: no accel jerk detected, platform moving too much
[0m[34m[TIME]: 0.0039 seconds total (256.0 hz, 0.15 ms behind)
[0m[33m[init]: disparity is 22.422,16.134 (15.00 thresh)
[0m[33m[init]: failed static init: no accel jerk detected, platform moving too much
[0m[34m[TIME]: 0.0028 seconds total (358.4 hz, 0.15 ms behind)
[0m[33m[init]: disparity is 22.422,16.134 (15.00 thresh)
[0m[33m[init]: failed static init: no accel jerk detected, platform moving too much
[0m[34m[TIME]: 0.0009 seconds total (1076.4 hz, 0.15 ms behind)
[0m[33m[init]: disparity is 22.422,16.134 (15.00 thresh)
[0m[33m[init]: failed static init: no accel jerk detected, platform moving too much
[0m[34m[TIME]: 0.0006 seconds total (1540.8 hz, 0.15 ms behind)
[0m[33m[init]: disparity is 22.422,16.134 (15.00 thresh)
[0m[33m[init]: failed static init: no accel jerk detected, platform moving too much
[0m[34m[TIME]: 0.0006 seconds total (1567.4 hz, 0.15 ms behind)
[0m[33m[init]: disparity is 22.422,16.134 (15.00 thresh)
[0m[33m[init]: failed static init: no accel jerk detected, platform moving too much
[0m[34m[TIME]: 0.0009 seconds total (1106.2 hz, 0.16 ms behind)
[0m[33m[init]: disparity is 22.422,16.134 (15.00 thresh)
[0m[33m[init]: failed static init: no accel jerk detected, platform moving too much
[0m[34m[TIME]: 0.0038 seconds total (262.8 hz, 0.16 ms behind)
[0m[33m[init]: disparity is 20.979,16.958 (15.00 thresh)
[0m[33m[init]: failed static init: no accel jerk detected, platform moving too much
[0m[34m[TIME]: 0.0041 seconds total (241.6 hz, 0.16 ms behind)
[0m[33m[init]: disparity is 20.979,16.958 (15.00 thresh)
[0m[33m[init]: failed static init: no accel jerk detected, platform moving too much
[0m[34m[TIME]: 0.0010 seconds total (1022.5 hz, 0.16 ms behind)
[0m[33m[init]: disparity is 20.979,16.958 (15.00 thresh)
[0m[33m[init]: failed static init: no accel jerk detected, platform moving too much
[0m[34m[TIME]: 0.0007 seconds total (1355.0 hz, 0.16 ms behind)
[0m[33m[init]: disparity is 20.979,16.958 (15.00 thresh)
[0m[33m[init]: failed static init: no accel jerk detected, platform moving too much
[0m[34m[TIME]: 0.0012 seconds total (829.9 hz, 0.17 ms behind)
[0m[33m[init]: disparity is 20.979,16.958 (15.00 thresh)
[0m[33m[init]: failed static init: no accel jerk detected, platform moving too much
[0m[34m[TIME]: 0.0006 seconds total (1666.7 hz, 0.17 ms behind)
[0m[33m[init]: disparity is 20.979,16.958 (15.00 thresh)
[0m[33m[init]: failed static init: no accel jerk detected, platform moving too much
[0m[34m[TIME]: 0.0038 seconds total (262.9 hz, 0.17 ms behind)
[0m[33m[init]: disparity is 20.542,19.783 (15.00 thresh)
[0m[33m[init]: failed static init: no accel jerk detected, platform moving too much
[0m[34m[TIME]: 0.0040 seconds total (249.1 hz, 0.17 ms behind)
[0m[33m[init]: disparity is 20.542,19.783 (15.00 thresh)
[0m[33m[init]: failed static init: no accel jerk detected, platform moving too much
[0m[34m[TIME]: 0.0036 seconds total (280.9 hz, 0.17 ms behind)
[0m[33m[init]: disparity is 20.542,19.783 (15.00 thresh)
[0m[33m[init]: failed static init: no accel jerk detected, platform moving too much
[0m[34m[TIME]: 0.0043 seconds total (230.0 hz, 0.18 ms behind)
[0m[33m[init]: disparity is 19.910,22.744 (15.00 thresh)
[0m[33m[init]: failed static init: no accel jerk detected, platform moving too much
[0m[34m[TIME]: 0.0011 seconds total (940.7 hz, 0.18 ms behind)
[0m[33m[init]: disparity is 19.910,22.744 (15.00 thresh)
[0m[33m[init]: failed static init: no accel jerk detected, platform moving too much
[0m[34m[TIME]: 0.0006 seconds total (1715.3 hz, 0.18 ms behind)
[0m[33m[init]: disparity is 19.910,22.744 (15.00 thresh)
[0m[33m[init]: failed static init: no accel jerk detected, platform moving too much
[0m[34m[TIME]: 0.0006 seconds total (1763.7 hz, 0.18 ms behind)
[0m[33m[init]: disparity is 19.910,22.744 (15.00 thresh)
[0m[33m[init]: failed static init: no accel jerk detected, platform moving too much
[0m[34m[TIME]: 0.0039 seconds total (257.8 hz, 0.18 ms behind)
[0m[33m[init]: disparity is 19.910,22.744 (15.00 thresh)
[0m[33m[init]: failed static init: no accel jerk detected, platform moving too much
[0m[34m[TIME]: 0.0041 seconds total (243.2 hz, 0.19 ms behind)
[0m[33m[init]: disparity is 19.928,23.835 (15.00 thresh)
[0m[33m[init]: failed static init: no accel jerk detected, platform moving too much
[0m[34m[TIME]: 0.0008 seconds total (1278.8 hz, 0.19 ms behind)
[0m[33m[init]: disparity is 19.928,23.835 (15.00 thresh)
[0m[33m[init]: failed static init: no accel jerk detected, platform moving too much
[0m[34m[TIME]: 0.0012 seconds total (832.6 hz, 0.19 ms behind)
[0m[33m[init]: disparity is 19.928,23.835 (15.00 thresh)
[0m[33m[init]: failed static init: no accel jerk detected, platform moving too much
[0m[34m[TIME]: 0.0009 seconds total (1100.1 hz, 0.19 ms behind)
[0m[33m[init]: disparity is 19.928,23.835 (15.00 thresh)
[0m[33m[init]: failed static init: no accel jerk detected, platform moving too much
[0m[34m[TIME]: 0.0005 seconds total (2083.3 hz, 0.19 ms behind)
[0m[33m[init]: disparity is 19.928,23.835 (15.00 thresh)
[0m[33m[init]: failed static init: no accel jerk detected, platform moving too much
[0m[34m[TIME]: 0.0008 seconds total (1228.5 hz, 0.20 ms behind)
[0m[33m[init]: disparity is 19.928,23.835 (15.00 thresh)
[0m[33m[init]: failed static init: no accel jerk detected, platform moving too much
[0m[34m[TIME]: 0.0027 seconds total (365.1 hz, 0.20 ms behind)
[0m[33m[init]: disparity is 20.019,23.751 (15.00 thresh)
[0m[33m[init]: failed static init: no accel jerk detected, platform moving too much
[0m[34m[TIME]: 0.0026 seconds total (383.3 hz, 0.20 ms behind)
[0m[33m[init]: disparity is 20.019,23.751 (15.00 thresh)
[0m[33m[init]: failed static init: no accel jerk detected, platform moving too much
[0m[34m[TIME]: 0.0027 seconds total (366.0 hz, 0.20 ms behind)
[0m[33m[init]: disparity is 20.019,23.751 (15.00 thresh)
[0m[33m[init]: failed static init: no accel jerk detected, platform moving too much
[0m[34m[TIME]: 0.0008 seconds total (1333.3 hz, 0.20 ms behind)
[0m[33m[init]: disparity is 20.019,23.751 (15.00 thresh)
[0m[33m[init]: failed static init: no accel jerk detected, platform moving too much
[0m[34m[TIME]: 0.0013 seconds total (789.3 hz, 0.21 ms behind)
[0m[34m[TIME]: 0.0005 seconds total (2000.0 hz, 0.21 ms behind)
[0m[33m[init]: disparity is 20.019,23.751 (15.00 thresh)
[0m[33m[init]: failed static init: no accel jerk detected, platform moving too much
[0m[34m[TIME]: 0.0005 seconds total (2150.5 hz, 0.21 ms behind)
[0m[34m[TIME]: 0.0004 seconds total (2347.4 hz, 0.21 ms behind)
[0m[33m[init]: disparity is 20.019,23.751 (15.00 thresh)
[0m[33m[init]: failed static init: no accel jerk detected, platform moving too much
[0m[34m[TIME]: 0.0006 seconds total (1545.6 hz, 0.21 ms behind)
[0m[33m[init]: disparity is 18.684,23.823 (15.00 thresh)
[0m[33m[init]: failed static init: no accel jerk detected, platform moving too much
[0m[34m[TIME]: 0.0011 seconds total (931.1 hz, 0.22 ms behind)
[0m[33m[init]: disparity is 17.382,24.005 (15.00 thresh)
[0m[33m[init]: failed static init: no accel jerk detected, platform moving too much
[0m[34m[TIME]: 0.0011 seconds total (919.1 hz, 0.22 ms behind)
[0m[33m[init]: disparity is 17.382,24.005 (15.00 thresh)
[0m[33m[init]: failed static init: no accel jerk detected, platform moving too much
[0m[34m[TIME]: 0.0010 seconds total (963.4 hz, 0.22 ms behind)
[0m[33m[init]: disparity is 17.382,24.005 (15.00 thresh)
[0m[33m[init]: failed static init: no accel jerk detected, platform moving too much
[0m[34m[TIME]: 0.0011 seconds total (895.3 hz, 0.22 ms behind)
[0m[33m[init]: disparity is 17.382,24.005 (15.00 thresh)
[0m[33m[init]: failed static init: no accel jerk detected, platform moving too much
[0m[34m[TIME]: 0.0008 seconds total (1293.7 hz, 0.22 ms behind)
[0m[33m[init]: disparity is 17.382,24.005 (15.00 thresh)
[0m[33m[init]: failed static init: no accel jerk detected, platform moving too much
[0m[34m[TIME]: 0.0010 seconds total (971.8 hz, 0.24 ms behind)
[0m[33m[init]: disparity is 15.871,23.089 (15.00 thresh)
[0m[33m[init]: failed static init: no accel jerk detected, platform moving too much
[0m[34m[TIME]: 0.0008 seconds total (1231.5 hz, 0.24 ms behind)
[0m[33m[init]: disparity is 15.871,23.089 (15.00 thresh)
[0m[33m[init]: failed static init: no accel jerk detected, platform moving too much
[0m[34m[TIME]: 0.0009 seconds total (1119.8 hz, 0.24 ms behind)
[0m[33m[init]: disparity is 15.871,23.089 (15.00 thresh)
[0m[33m[init]: failed static init: no accel jerk detected, platform moving too much
[0m[34m[TIME]: 0.0040 seconds total (252.5 hz, 0.24 ms behind)
[0m[33m[init]: disparity is 15.871,23.089 (15.00 thresh)
[0m[33m[init]: failed static init: no accel jerk detected, platform moving too much
[0m[34m[TIME]: 0.0027 seconds total (373.7 hz, 0.24 ms behind)
[0m[33m[init]: disparity is 15.871,23.089 (15.00 thresh)
[0m[33m[init]: failed static init: no accel jerk detected, platform moving too much
[0m[34m[TIME]: 0.0008 seconds total (1242.2 hz, 0.25 ms behind)
[0m[33m[init]: disparity is 15.591,23.423 (15.00 thresh)
[0m[33m[init]: failed static init: no accel jerk detected, platform moving too much
[0m[34m[TIME]: 0.0007 seconds total (1383.1 hz, 0.25 ms behind)
[0m[33m[init]: disparity is 15.591,23.423 (15.00 thresh)
[0m[33m[init]: failed static init: no accel jerk detected, platform moving too much
[0m[34m[TIME]: 0.0026 seconds total (391.5 hz, 0.25 ms behind)
[0m[33m[init]: disparity is 15.591,23.423 (15.00 thresh)
[0m[33m[init]: failed static init: no accel jerk detected, platform moving too much
[0m[34m[TIME]: 0.0005 seconds total (1915.7 hz, 0.25 ms behind)
[0m[33m[init]: disparity is 15.591,23.423 (15.00 thresh)
[0m[33m[init]: failed static init: no accel jerk detected, platform moving too much
[0m[34m[TIME]: 0.0004 seconds total (2336.4 hz, 0.25 ms behind)
[0m[34m[TIME]: 0.0011 seconds total (950.6 hz, 0.26 ms behind)
[0m[33m[init]: disparity is 16.219,23.457 (15.00 thresh)
[0m[33m[init]: failed static init: no accel jerk detected, platform moving too much
[0m[34m[TIME]: 0.0008 seconds total (1277.1 hz, 0.26 ms behind)
[0m[33m[init]: disparity is 16.219,23.457 (15.00 thresh)
[0m[33m[init]: failed static init: no accel jerk detected, platform moving too much
[0m[34m[TIME]: 0.0037 seconds total (272.6 hz, 0.26 ms behind)
[0m[33m[init]: disparity is 16.219,23.457 (15.00 thresh)
[0m[33m[init]: failed static init: no accel jerk detected, platform moving too much
[0m[34m[TIME]: 0.0011 seconds total (912.4 hz, 0.26 ms behind)
[0m[33m[init]: disparity is 16.219,23.457 (15.00 thresh)
[0m[33m[init]: failed static init: no accel jerk detected, platform moving too much
[0m[34m[TIME]: 0.0009 seconds total (1088.1 hz, 0.26 ms behind)
[0m[33m[init]: disparity is 16.219,23.457 (15.00 thresh)
[0m[33m[init]: failed static init: no accel jerk detected, platform moving too much
[0m[34m[TIME]: 0.0042 seconds total (238.4 hz, 0.02 ms behind)
[0m[33m[init]: disparity is 16.105,27.163 (15.00 thresh)
[0m[33m[init]: failed static init: no accel jerk detected, platform moving too much
[0m[34m[TIME]: 0.0008 seconds total (1180.6 hz, 0.02 ms behind)
[0m[33m[init]: disparity is 16.105,27.163 (15.00 thresh)
[0m[33m[init]: failed static init: no accel jerk detected, platform moving too much
[0m[34m[TIME]: 0.0005 seconds total (1851.9 hz, 0.02 ms behind)
[0m[33m[init]: disparity is 16.105,27.163 (15.00 thresh)
[0m[33m[init]: failed static init: no accel jerk detected, platform moving too much
[0m[34m[TIME]: 0.0009 seconds total (1097.7 hz, 0.02 ms behind)
[0m[33m[init]: disparity is 16.105,27.163 (15.00 thresh)
[0m[33m[init]: failed static init: no accel jerk detected, platform moving too much
[0m[34m[TIME]: 0.0009 seconds total (1156.1 hz, 0.02 ms behind)
[0m[33m[init]: disparity is 16.105,27.163 (15.00 thresh)
[0m[33m[init]: failed static init: no accel jerk detected, platform moving too much
[0m[34m[TIME]: 0.0008 seconds total (1331.6 hz, 0.03 ms behind)
[0m[33m[init]: disparity is 16.105,27.163 (15.00 thresh)
[0m[33m[init]: failed static init: no accel jerk detected, platform moving too much
[0m[34m[TIME]: 0.0008 seconds total (1307.2 hz, 0.03 ms behind)
[0m[33m[init]: disparity is 15.572,28.925 (15.00 thresh)
[0m[33m[init]: failed static init: no accel jerk detected, platform moving too much
[0m[34m[TIME]: 0.0010 seconds total (1017.3 hz, 0.03 ms behind)
[0m[33m[init]: disparity is 15.572,28.925 (15.00 thresh)
[0m[33m[init]: failed static init: no accel jerk detected, platform moving too much
[0m[34m[TIME]: 0.0027 seconds total (367.5 hz, 0.03 ms behind)
[0m[33m[init]: disparity is 15.572,28.925 (15.00 thresh)
[0m[33m[init]: failed static init: no accel jerk detected, platform moving too much
[0m[34m[TIME]: 0.0027 seconds total (369.8 hz, 0.03 ms behind)
[0m[33m[init]: disparity is 15.572,28.925 (15.00 thresh)
[0m[33m[init]: failed static init: no accel jerk detected, platform moving too much
[0m[34m[TIME]: 0.0014 seconds total (733.7 hz, 0.29 ms behind)
[0m[33m[init]: disparity is 15.572,28.925 (15.00 thresh)
[0m[33m[init]: failed static init: no accel jerk detected, platform moving too much
[0m[34m[TIME]: 0.0008 seconds total (1179.2 hz, 0.29 ms behind)
[0m[33m[init]: disparity is 15.790,28.676 (15.00 thresh)
[0m[33m[init]: failed static init: no accel jerk detected, platform moving too much
[0m[34m[TIME]: 0.0040 seconds total (248.5 hz, 0.29 ms behind)
[0m[33m[init]: disparity is 15.790,28.676 (15.00 thresh)
[0m[33m[init]: failed static init: no accel jerk detected, platform moving too much
[0m[34m[TIME]: 0.0006 seconds total (1564.9 hz, 0.29 ms behind)
[0m[33m[init]: disparity is 15.790,28.676 (15.00 thresh)
[0m[33m[init]: failed static init: no accel jerk detected, platform moving too much
[0m[34m[TIME]: 0.0006 seconds total (1557.6 hz, 0.29 ms behind)
[0m[33m[init]: disparity is 15.790,28.676 (15.00 thresh)
[0m[33m[init]: failed static init: no accel jerk detected, platform moving too much
[0m[34m[TIME]: 0.0011 seconds total (931.1 hz, 0.05 ms behind)
[0m[33m[init]: disparity is 15.562,27.876 (15.00 thresh)
[0m[33m[init]: failed static init: no accel jerk detected, platform moving too much
[0m[34m[TIME]: 0.0031 seconds total (322.2 hz, 0.05 ms behind)
[0m[33m[init]: disparity is 15.562,27.876 (15.00 thresh)
[0m[33m[init]: failed static init: no accel jerk detected, platform moving too much
[0m[34m[TIME]: 0.0005 seconds total (2000.0 hz, 0.05 ms behind)
[0m[33m[init]: disparity is 15.562,27.876 (15.00 thresh)
[0m[33m[init]: failed static init: no accel jerk detected, platform moving too much
[0m[34m[TIME]: 0.0009 seconds total (1094.1 hz, 0.05 ms behind)
[0m[33m[init]: disparity is 15.562,27.876 (15.00 thresh)
[0m[33m[init]: failed static init: no accel jerk detected, platform moving too much
[0m[34m[TIME]: 0.0007 seconds total (1360.5 hz, 0.05 ms behind)
[0m[33m[init]: disparity is 15.562,27.876 (15.00 thresh)
[0m[33m[init]: failed static init: no accel jerk detected, platform moving too much
[0m[34m[TIME]: 0.0010 seconds total (987.2 hz, 0.06 ms behind)
[0m[33m[init]: disparity is 16.628,28.090 (15.00 thresh)
[0m[33m[init]: failed static init: no accel jerk detected, platform moving too much
[0m[34m[TIME]: 0.0006 seconds total (1706.5 hz, 0.06 ms behind)
[0m[33m[init]: disparity is 16.628,28.090 (15.00 thresh)
[0m[33m[init]: failed static init: no accel jerk detected, platform moving too much
[0m[34m[TIME]: 0.0011 seconds total (895.3 hz, 0.06 ms behind)
[0m[33m[init]: disparity is 16.628,28.090 (15.00 thresh)
[0m[33m[init]: failed static init: no accel jerk detected, platform moving too much
[0m[34m[TIME]: 0.0009 seconds total (1082.3 hz, 0.06 ms behind)
[0m[33m[init]: disparity is 16.628,28.090 (15.00 thresh)
[0m[33m[init]: failed static init: no accel jerk detected, platform moving too much
[0m[34m[TIME]: 0.0009 seconds total (1168.2 hz, 0.06 ms behind)
[0m[33m[init]: disparity is 16.628,28.090 (15.00 thresh)
[0m[33m[init]: failed static init: no accel jerk detected, platform moving too much
[0m[34m[TIME]: 0.0013 seconds total (789.3 hz, 0.32 ms behind)
[0m[33m[init]: disparity is 18.424,26.464 (15.00 thresh)
[0m[33m[init]: failed static init: no accel jerk detected, platform moving too much
[0m[34m[TIME]: 0.0011 seconds total (951.5 hz, 0.32 ms behind)
[0m[33m[init]: disparity is 18.424,26.464 (15.00 thresh)
[0m[33m[init]: failed static init: no accel jerk detected, platform moving too much
[0m[34m[TIME]: 0.0026 seconds total (388.7 hz, 0.32 ms behind)
[0m[33m[init]: disparity is 18.424,26.464 (15.00 thresh)
[0m[33m[init]: failed static init: no accel jerk detected, platform moving too much
[0m[34m[TIME]: 0.0026 seconds total (385.2 hz, 0.32 ms behind)
[0m[33m[init]: disparity is 18.424,26.464 (15.00 thresh)
[0m[33m[init]: failed static init: no accel jerk detected, platform moving too much
[0m[34m[TIME]: 0.0007 seconds total (1410.4 hz, 0.32 ms behind)
[0m[33m[init]: disparity is 18.424,26.464 (15.00 thresh)
[0m[33m[init]: failed static init: no accel jerk detected, platform moving too much
[0m[34m[TIME]: 0.0030 seconds total (332.7 hz, 0.33 ms behind)
[0m[33m[init]: disparity is 19.268,24.872 (15.00 thresh)
[0m[33m[init]: failed static init: no accel jerk detected, platform moving too much
[0m[34m[TIME]: 0.0007 seconds total (1457.7 hz, 0.33 ms behind)
[0m[33m[init]: disparity is 19.268,24.872 (15.00 thresh)
[0m[33m[init]: failed static init: no accel jerk detected, platform moving too much
[0m[34m[TIME]: 0.0025 seconds total (397.8 hz, 0.33 ms behind)
[0m[34m[TIME]: 0.0005 seconds total (2087.7 hz, 0.33 ms behind)
[0m[33m[init]: disparity is 19.268,24.872 (15.00 thresh)
[0m[33m[init]: failed static init: no accel jerk detected, platform moving too much
[0m[34m[TIME]: 0.0027 seconds total (370.8 hz, 0.33 ms behind)
[0m[33m[init]: disparity is 19.268,24.872 (15.00 thresh)
[0m[33m[init]: failed static init: no accel jerk detected, platform moving too much
[0m[34m[TIME]: 0.0008 seconds total (1280.4 hz, 0.34 ms behind)
[0m[33m[init]: disparity is 19.268,24.872 (15.00 thresh)
[0m[33m[init]: failed static init: no accel jerk detected, platform moving too much
[0m[34m[TIME]: 0.0008 seconds total (1269.0 hz, 0.34 ms behind)
[0m[33m[init]: disparity is 20.085,25.426 (15.00 thresh)
[0m[33m[init]: failed static init: no accel jerk detected, platform moving too much
[0m[34m[TIME]: 0.0006 seconds total (1689.2 hz, 0.34 ms behind)
[0m[33m[init]: disparity is 20.085,25.426 (15.00 thresh)
[0m[33m[init]: failed static init: no accel jerk detected, platform moving too much
[0m[34m[TIME]: 0.0010 seconds total (1029.9 hz, 0.34 ms behind)
[0m[33m[init]: disparity is 20.085,25.426 (15.00 thresh)
[0m[33m[init]: failed static init: no accel jerk detected, platform moving too much
[0m[34m[TIME]: 0.0026 seconds total (379.7 hz, 0.34 ms behind)
[0m[33m[init]: disparity is 20.085,25.426 (15.00 thresh)
[0m[33m[init]: failed static init: no accel jerk detected, platform moving too much
[0m[34m[TIME]: 0.0013 seconds total (757.6 hz, 0.10 ms behind)
[0m[33m[init]: disparity is 20.085,25.426 (15.00 thresh)
[0m[33m[init]: failed static init: no accel jerk detected, platform moving too much
[0m[34m[TIME]: 0.0008 seconds total (1303.8 hz, 0.10 ms behind)
[0m[33m[init]: disparity is 22.730,24.790 (15.00 thresh)
[0m[33m[init]: failed static init: no accel jerk detected, platform moving too much
[0m[34m[TIME]: 0.0010 seconds total (970.9 hz, 0.10 ms behind)
[0m[33m[init]: disparity is 22.730,24.790 (15.00 thresh)
[0m[33m[init]: failed static init: no accel jerk detected, platform moving too much
[0m[34m[TIME]: 0.0008 seconds total (1329.8 hz, 0.10 ms behind)
[0m[33m[init]: disparity is 22.730,24.790 (15.00 thresh)
[0m[33m[init]: failed static init: no accel jerk detected, platform moving too much
[0m[34m[TIME]: 0.0007 seconds total (1445.1 hz, 0.10 ms behind)
[0m[33m[init]: disparity is 22.730,24.790 (15.00 thresh)
[0m[33m[init]: failed static init: no accel jerk detected, platform moving too much
[0m[34m[TIME]: 0.0010 seconds total (970.9 hz, 0.36 ms behind)
[0m[33m[init]: disparity is 23.012,26.568 (15.00 thresh)
[0m[33m[init]: failed static init: no accel jerk detected, platform moving too much
[0m[34m[TIME]: 0.0038 seconds total (261.0 hz, 0.36 ms behind)
[0m[33m[init]: disparity is 23.012,26.568 (15.00 thresh)
[0m[33m[init]: failed static init: no accel jerk detected, platform moving too much
[0m[34m[TIME]: 0.0008 seconds total (1314.1 hz, 0.36 ms behind)
[0m[33m[init]: disparity is 23.012,26.568 (15.00 thresh)
[0m[33m[init]: failed static init: no accel jerk detected, platform moving too much
[0m[34m[TIME]: 0.0027 seconds total (369.4 hz, 0.36 ms behind)
[0m[33m[init]: disparity is 23.012,26.568 (15.00 thresh)
[0m[33m[init]: failed static init: no accel jerk detected, platform moving too much
[0m[34m[TIME]: 0.0008 seconds total (1319.3 hz, 0.36 ms behind)
[0m[33m[init]: disparity is 23.012,26.568 (15.00 thresh)
[0m[33m[init]: failed static init: no accel jerk detected, platform moving too much
[0m[34m[TIME]: 0.0042 seconds total (236.6 hz, 0.12 ms behind)
[0m[33m[init]: disparity is 22.409,25.513 (15.00 thresh)
[0m[33m[init]: failed static init: no accel jerk detected, platform moving too much
[0m[34m[TIME]: 0.0039 seconds total (257.4 hz, 0.12 ms behind)
[0m[33m[init]: disparity is 22.409,25.513 (15.00 thresh)
[0m[33m[init]: failed static init: no accel jerk detected, platform moving too much
[0m[34m[TIME]: 0.0040 seconds total (252.0 hz, 0.12 ms behind)
[0m[33m[init]: disparity is 22.409,25.513 (15.00 thresh)
[0m[33m[init]: failed static init: no accel jerk detected, platform moving too much
[0m[34m[TIME]: 0.0039 seconds total (258.9 hz, 0.12 ms behind)
[0m[33m[init]: disparity is 22.409,25.513 (15.00 thresh)
[0m[33m[init]: failed static init: no accel jerk detected, platform moving too much
[0m[34m[TIME]: 0.0008 seconds total (1231.5 hz, 0.12 ms behind)
[0m[33m[init]: disparity is 22.409,25.513 (15.00 thresh)
[0m[33m[init]: failed static init: no accel jerk detected, platform moving too much
[0m[34m[TIME]: 0.0031 seconds total (318.5 hz, 0.13 ms behind)
[0m[34m[TIME]: 0.0005 seconds total (1988.1 hz, 0.13 ms behind)
[0m[33m[init]: disparity is 23.072,22.178 (15.00 thresh)
[0m[33m[init]: failed static init: no accel jerk detected, platform moving too much
[0m[34m[TIME]: 0.0026 seconds total (388.2 hz, 0.13 ms behind)
[0m[33m[init]: disparity is 23.072,22.178 (15.00 thresh)
[0m[33m[init]: failed static init: no accel jerk detected, platform moving too much
[0m[34m[TIME]: 0.0005 seconds total (1960.8 hz, 0.13 ms behind)
[0m[33m[init]: disparity is 23.072,22.178 (15.00 thresh)
[0m[33m[init]: failed static init: no accel jerk detected, platform moving too much
[0m[34m[TIME]: 0.0006 seconds total (1801.8 hz, 0.13 ms behind)
[0m[33m[init]: disparity is 23.072,22.178 (15.00 thresh)
[0m[33m[init]: failed static init: no accel jerk detected, platform moving too much
[0m[34m[TIME]: 0.0008 seconds total (1218.0 hz, 0.14 ms behind)
[0m[33m[init]: disparity is 23.072,22.178 (15.00 thresh)
[0m[33m[init]: failed static init: no accel jerk detected, platform moving too much
[0m[34m[TIME]: 0.0009 seconds total (1166.9 hz, 0.14 ms behind)
[0m[34m[TIME]: 0.0004 seconds total (2257.3 hz, 0.14 ms behind)
[0m[33m[init]: disparity is 23.072,22.178 (15.00 thresh)
[0m[33m[init]: failed static init: no accel jerk detected, platform moving too much
[0m[34m[TIME]: 0.0008 seconds total (1201.9 hz, 0.14 ms behind)
[0m[33m[init]: disparity is 23.072,22.178 (15.00 thresh)
[0m[33m[init]: failed static init: no accel jerk detected, platform moving too much
[0m[34m[TIME]: 0.0006 seconds total (1677.9 hz, 0.14 ms behind)
[0m[33m[init]: disparity is 23.295,20.902 (15.00 thresh)
[0m[33m[init]: failed static init: no accel jerk detected, platform moving too much
[0m[34m[TIME]: 0.0014 seconds total (736.9 hz, 0.15 ms behind)
[0m[33m[init]: disparity is 23.295,20.902 (15.00 thresh)
[0m[33m[init]: failed static init: no accel jerk detected, platform moving too much
[0m[34m[TIME]: 0.0009 seconds total (1157.4 hz, 0.15 ms behind)
[0m[33m[init]: disparity is 23.484,19.630 (15.00 thresh)
[0m[33m[init]: failed static init: no accel jerk detected, platform moving too much
[0m[34m[TIME]: 0.0011 seconds total (918.3 hz, 0.15 ms behind)
[0m[33m[init]: disparity is 23.484,19.630 (15.00 thresh)
[0m[33m[init]: failed static init: no accel jerk detected, platform moving too much
[0m[34m[TIME]: 0.0040 seconds total (248.2 hz, 0.15 ms behind)
[0m[33m[init]: disparity is 23.484,19.630 (15.00 thresh)
[0m[33m[init]: failed static init: no accel jerk detected, platform moving too much
[0m[34m[TIME]: 0.0010 seconds total (1004.0 hz, 0.15 ms behind)
[0m[33m[init]: disparity is 23.484,19.630 (15.00 thresh)
[0m[33m[init]: failed static init: no accel jerk detected, platform moving too much
[0m[34m[TIME]: 0.0012 seconds total (850.3 hz, 0.16 ms behind)
[0m[33m[init]: disparity is 22.731,19.682 (15.00 thresh)
[0m[33m[init]: failed static init: no accel jerk detected, platform moving too much
[0m[34m[TIME]: 0.0008 seconds total (1194.7 hz, 0.16 ms behind)
[0m[33m[init]: disparity is 22.731,19.682 (15.00 thresh)
[0m[33m[init]: failed static init: no accel jerk detected, platform moving too much
[0m[34m[TIME]: 0.0040 seconds total (247.7 hz, 0.16 ms behind)
[0m[33m[init]: disparity is 22.731,19.682 (15.00 thresh)
[0m[33m[init]: failed static init: no accel jerk detected, platform moving too much
[0m[34m[TIME]: 0.0006 seconds total (1592.4 hz, 0.16 ms behind)
[0m[33m[init]: disparity is 22.731,19.682 (15.00 thresh)
[0m[33m[init]: failed static init: no accel jerk detected, platform moving too much
[0m[34m[TIME]: 0.0040 seconds total (252.1 hz, 0.16 ms behind)
[0m[33m[init]: disparity is 22.731,19.682 (15.00 thresh)
[0m[33m[init]: failed static init: no accel jerk detected, platform moving too much
[0m[34m[TIME]: 0.0009 seconds total (1066.1 hz, 0.17 ms behind)
[0m[33m[init]: disparity is 25.499,18.321 (15.00 thresh)
[0m[33m[init]: failed static init: no accel jerk detected, platform moving too much
[0m[34m[TIME]: 0.0040 seconds total (250.8 hz, 0.17 ms behind)
[0m[33m[init]: disparity is 25.499,18.321 (15.00 thresh)
[0m[33m[init]: failed static init: no accel jerk detected, platform moving too much
[0m[34m[TIME]: 0.0006 seconds total (1620.7 hz, 0.17 ms behind)
[0m[33m[init]: disparity is 25.499,18.321 (15.00 thresh)
[0m[33m[init]: failed static init: no accel jerk detected, platform moving too much
[0m[34m[TIME]: 0.0012 seconds total (859.1 hz, 0.17 ms behind)
[0m[33m[init]: disparity is 25.499,18.321 (15.00 thresh)
[0m[33m[init]: failed static init: no accel jerk detected, platform moving too much
[0m[34m[TIME]: 0.0040 seconds total (249.0 hz, 0.17 ms behind)
[0m[33m[init]: disparity is 25.499,18.321 (15.00 thresh)
[0m[33m[init]: failed static init: no accel jerk detected, platform moving too much
[0m[34m[TIME]: 0.0011 seconds total (943.4 hz, 0.18 ms behind)
[0m[33m[init]: disparity is 28.038,17.038 (15.00 thresh)
[0m[33m[init]: failed static init: no accel jerk detected, platform moving too much
[0m[34m[TIME]: 0.0007 seconds total (1517.5 hz, 0.18 ms behind)
[0m[33m[init]: disparity is 28.038,17.038 (15.00 thresh)
[0m[33m[init]: failed static init: no accel jerk detected, platform moving too much
[0m[34m[TIME]: 0.0011 seconds total (929.4 hz, 0.18 ms behind)
[0m[33m[init]: disparity is 28.038,17.038 (15.00 thresh)
[0m[33m[init]: failed static init: no accel jerk detected, platform moving too much
[0m[34m[TIME]: 0.0009 seconds total (1118.6 hz, 0.18 ms behind)
[0m[33m[init]: disparity is 28.038,17.038 (15.00 thresh)
[0m[33m[init]: failed static init: no accel jerk detected, platform moving too much
[0m[34m[TIME]: 0.0039 seconds total (255.6 hz, 0.18 ms behind)
[0m[33m[init]: disparity is 28.038,17.038 (15.00 thresh)
[0m[33m[init]: failed static init: no accel jerk detected, platform moving too much
[0m[34m[TIME]: 0.0042 seconds total (240.2 hz, 0.19 ms behind)
[0m[33m[init]: disparity is 28.676,18.038 (15.00 thresh)
[0m[33m[init]: failed static init: no accel jerk detected, platform moving too much
[0m[34m[TIME]: 0.0011 seconds total (918.3 hz, 0.19 ms behind)
[0m[33m[init]: disparity is 28.676,18.038 (15.00 thresh)
[0m[33m[init]: failed static init: no accel jerk detected, platform moving too much
[0m[34m[TIME]: 0.0041 seconds total (241.7 hz, 0.19 ms behind)
[0m[33m[init]: disparity is 28.676,18.038 (15.00 thresh)
[0m[33m[init]: failed static init: no accel jerk detected, platform moving too much
[0m[34m[TIME]: 0.0008 seconds total (1288.7 hz, 0.19 ms behind)
[0m[33m[init]: disparity is 28.676,18.038 (15.00 thresh)
[0m[33m[init]: failed static init: no accel jerk detected, platform moving too much
[0m[34m[TIME]: 0.0039 seconds total (256.5 hz, 0.19 ms behind)
[0m[33m[init]: disparity is 28.676,18.038 (15.00 thresh)
[0m[33m[init]: failed static init: no accel jerk detected, platform moving too much
[0m[34m[TIME]: 0.0007 seconds total (1336.9 hz, 0.20 ms behind)
[0m[33m[init]: disparity is 28.676,18.038 (15.00 thresh)
[0m[33m[init]: failed static init: no accel jerk detected, platform moving too much
[0m[34m[TIME]: 0.0008 seconds total (1228.5 hz, 0.20 ms behind)
[0m[33m[init]: disparity is 29.814,18.185 (15.00 thresh)
[0m[33m[init]: failed static init: no accel jerk detected, platform moving too much
[0m[34m[TIME]: 0.0006 seconds total (1650.2 hz, 0.20 ms behind)
[0m[33m[init]: disparity is 29.814,18.185 (15.00 thresh)
[0m[33m[init]: failed static init: no accel jerk detected, platform moving too much
[0m[34m[TIME]: 0.0007 seconds total (1445.1 hz, 0.20 ms behind)
[0m[33m[init]: disparity is 29.814,18.185 (15.00 thresh)
[0m[33m[init]: failed static init: no accel jerk detected, platform moving too much
[0m[34m[TIME]: 0.0006 seconds total (1745.2 hz, 0.20 ms behind)
[0m[33m[init]: disparity is 29.814,18.185 (15.00 thresh)
[0m[33m[init]: failed static init: no accel jerk detected, platform moving too much
[0m[34m[TIME]: 0.0012 seconds total (848.2 hz, 0.21 ms behind)
[0m[33m[init]: disparity is 29.814,18.185 (15.00 thresh)
[0m[33m[init]: failed static init: no accel jerk detected, platform moving too much
[0m[34m[TIME]: 0.0039 seconds total (254.8 hz, 0.21 ms behind)
[0m[33m[init]: disparity is 30.557,18.123 (15.00 thresh)
[0m[33m[init]: failed static init: no accel jerk detected, platform moving too much
[0m[34m[TIME]: 0.0009 seconds total (1109.9 hz, 0.21 ms behind)
[0m[33m[init]: disparity is 30.557,18.123 (15.00 thresh)
[0m[33m[init]: failed static init: no accel jerk detected, platform moving too much
[0m[34m[TIME]: 0.0006 seconds total (1562.5 hz, 0.21 ms behind)
[0m[33m[init]: disparity is 30.557,18.123 (15.00 thresh)
[0m[33m[init]: failed static init: no accel jerk detected, platform moving too much
[0m[34m[TIME]: 0.0007 seconds total (1353.2 hz, 0.21 ms behind)
[0m[33m[init]: disparity is 30.557,18.123 (15.00 thresh)
[0m[33m[init]: failed static init: no accel jerk detected, platform moving too much
[0m[34m[TIME]: 0.0010 seconds total (1051.5 hz, 0.22 ms behind)
[0m[33m[init]: disparity is 26.879,17.695 (15.00 thresh)
[0m[33m[init]: failed static init: no accel jerk detected, platform moving too much
[0m[34m[TIME]: 0.0040 seconds total (251.1 hz, 0.22 ms behind)
[0m[33m[init]: disparity is 26.879,17.695 (15.00 thresh)
[0m[33m[init]: failed static init: no accel jerk detected, platform moving too much
[0m[34m[TIME]: 0.0009 seconds total (1121.1 hz, 0.22 ms behind)
[0m[33m[init]: disparity is 26.879,17.695 (15.00 thresh)
[0m[33m[init]: failed static init: no accel jerk detected, platform moving too much
[0m[34m[TIME]: 0.0006 seconds total (1626.0 hz, 0.22 ms behind)
[0m[33m[init]: disparity is 26.879,17.695 (15.00 thresh)
[0m[33m[init]: failed static init: no accel jerk detected, platform moving too much
[0m[34m[TIME]: 0.0006 seconds total (1545.6 hz, 0.22 ms behind)
[0m[33m[init]: disparity is 26.879,17.695 (15.00 thresh)
[0m[33m[init]: failed static init: no accel jerk detected, platform moving too much
[0m[34m[TIME]: 0.0010 seconds total (960.6 hz, 0.23 ms behind)
[0m[34m[TIME]: 0.0004 seconds total (2283.1 hz, 0.23 ms behind)
[0m[33m[init]: disparity is 24.878,19.178 (15.00 thresh)
[0m[33m[init]: failed static init: no accel jerk detected, platform moving too much
[0m[34m[TIME]: 0.0027 seconds total (375.5 hz, 0.23 ms behind)
[0m[33m[init]: disparity is 24.878,19.178 (15.00 thresh)
[0m[33m[init]: failed static init: no accel jerk detected, platform moving too much
[0m[34m[TIME]: 0.0027 seconds total (373.0 hz, 0.23 ms behind)
[0m[33m[init]: disparity is 24.878,19.178 (15.00 thresh)
[0m[33m[init]: failed static init: no accel jerk detected, platform moving too much
[0m[34m[TIME]: 0.0008 seconds total (1310.6 hz, 0.23 ms behind)
[0m[33m[init]: disparity is 24.878,19.178 (15.00 thresh)
[0m[33m[init]: failed static init: no accel jerk detected, platform moving too much
[0m[34m[TIME]: 0.0043 seconds total (230.0 hz, 0.25 ms behind)
[0m[33m[init]: disparity is 25.019,17.076 (15.00 thresh)
[0m[33m[init]: failed static init: no accel jerk detected, platform moving too much
[0m[34m[TIME]: 0.0013 seconds total (796.8 hz, 0.25 ms behind)
[0m[33m[init]: disparity is 25.019,17.076 (15.00 thresh)
[0m[33m[init]: failed static init: no accel jerk detected, platform moving too much
[0m[34m[TIME]: 0.0006 seconds total (1592.4 hz, 0.25 ms behind)
[0m[33m[init]: disparity is 25.019,17.076 (15.00 thresh)
[0m[33m[init]: failed static init: no accel jerk detected, platform moving too much
[0m[34m[TIME]: 0.0036 seconds total (280.1 hz, 0.25 ms behind)
[0m[33m[init]: disparity is 25.019,17.076 (15.00 thresh)
[0m[33m[init]: failed static init: no accel jerk detected, platform moving too much
[0m[34m[TIME]: 0.0007 seconds total (1440.9 hz, 0.25 ms behind)
[0m[33m[init]: disparity is 25.019,17.076 (15.00 thresh)
[0m[33m[init]: failed static init: no accel jerk detected, platform moving too much
[0m[34m[TIME]: 0.0008 seconds total (1240.7 hz, 0.00 ms behind)
[0m[33m[init]: disparity is 25.019,17.076 (15.00 thresh)
[0m[33m[init]: failed static init: no accel jerk detected, platform moving too much
[0m[34m[TIME]: 0.0009 seconds total (1074.1 hz, 0.00 ms behind)
[0m[33m[init]: disparity is 23.616,18.861 (15.00 thresh)
[0m[33m[init]: failed static init: no accel jerk detected, platform moving too much
[0m[34m[TIME]: 0.0011 seconds total (911.6 hz, 0.00 ms behind)
[0m[33m[init]: disparity is 23.616,18.861 (15.00 thresh)
[0m[33m[init]: failed static init: no accel jerk detected, platform moving too much
[0m[34m[TIME]: 0.0006 seconds total (1652.9 hz, 0.00 ms behind)
[0m[33m[init]: disparity is 23.616,18.861 (15.00 thresh)
[0m[33m[init]: failed static init: no accel jerk detected, platform moving too much
[0m[34m[TIME]: 0.0009 seconds total (1133.8 hz, 0.00 ms behind)
[0m[33m[init]: disparity is 23.616,18.861 (15.00 thresh)
[0m[33m[init]: failed static init: no accel jerk detected, platform moving too much
[0m[34m[TIME]: 0.0012 seconds total (855.4 hz, 0.02 ms behind)
[0m[33m[init]: disparity is 23.616,18.861 (15.00 thresh)
[0m[33m[init]: failed static init: no accel jerk detected, platform moving too much
[0m[34m[TIME]: 0.0009 seconds total (1112.3 hz, 0.02 ms behind)
[0m[33m[init]: disparity is 24.759,19.570 (15.00 thresh)
[0m[33m[init]: failed static init: no accel jerk detected, platform moving too much
[0m[34m[TIME]: 0.0009 seconds total (1109.9 hz, 0.02 ms behind)
[0m[33m[init]: disparity is 24.759,19.570 (15.00 thresh)
[0m[33m[init]: failed static init: no accel jerk detected, platform moving too much
[0m[34m[TIME]: 0.0011 seconds total (871.8 hz, 0.02 ms behind)
[0m[33m[init]: disparity is 24.759,19.570 (15.00 thresh)
[0m[33m[init]: failed static init: no accel jerk detected, platform moving too much
[0m[34m[TIME]: 0.0040 seconds total (248.0 hz, 0.02 ms behind)
[0m[33m[init]: disparity is 24.759,19.570 (15.00 thresh)
[0m[33m[init]: failed static init: no accel jerk detected, platform moving too much
[0m[34m[TIME]: 0.0011 seconds total (874.1 hz, 0.03 ms behind)
[0m[33m[init]: disparity is 24.751,20.823 (15.00 thresh)
[0m[33m[init]: failed static init: no accel jerk detected, platform moving too much
[0m[34m[TIME]: 0.0039 seconds total (255.4 hz, 0.03 ms behind)
[0m[33m[init]: disparity is 24.751,20.823 (15.00 thresh)
[0m[33m[init]: failed static init: no accel jerk detected, platform moving too much
[0m[34m[TIME]: 0.0040 seconds total (252.8 hz, 0.03 ms behind)
[0m[33m[init]: disparity is 24.751,20.823 (15.00 thresh)
[0m[33m[init]: failed static init: no accel jerk detected, platform moving too much
[0m[34m[TIME]: 0.0008 seconds total (1197.6 hz, 0.03 ms behind)
[0m[33m[init]: disparity is 24.751,20.823 (15.00 thresh)
[0m[33m[init]: failed static init: no accel jerk detected, platform moving too much
[0m[34m[TIME]: 0.0006 seconds total (1721.2 hz, 0.03 ms behind)
[0m[33m[init]: disparity is 24.751,20.823 (15.00 thresh)
[0m[33m[init]: failed static init: no accel jerk detected, platform moving too much
[0m[34m[TIME]: 0.0043 seconds total (234.9 hz, 0.29 ms behind)
[0m[33m[init]: disparity is 22.955,21.085 (15.00 thresh)
[0m[33m[init]: failed static init: no accel jerk detected, platform moving too much
[0m[34m[TIME]: 0.0040 seconds total (251.2 hz, 0.29 ms behind)
[0m[33m[init]: disparity is 22.955,21.085 (15.00 thresh)
[0m[33m[init]: failed static init: no accel jerk detected, platform moving too much
[0m[34m[TIME]: 0.0006 seconds total (1550.4 hz, 0.29 ms behind)
[0m[33m[init]: disparity is 22.955,21.085 (15.00 thresh)
[0m[33m[init]: failed static init: no accel jerk detected, platform moving too much
[0m[34m[TIME]: 0.0007 seconds total (1344.1 hz, 0.29 ms behind)
[0m[33m[init]: disparity is 22.955,21.085 (15.00 thresh)
[0m[33m[init]: failed static init: no accel jerk detected, platform moving too much
[0m[34m[TIME]: 0.0009 seconds total (1083.4 hz, 0.29 ms behind)
[0m[33m[init]: disparity is 22.955,21.085 (15.00 thresh)
[0m[33m[init]: failed static init: no accel jerk detected, platform moving too much
[0m[34m[TIME]: 0.0007 seconds total (1342.3 hz, 0.30 ms behind)
[0m[33m[init]: disparity is 22.955,21.085 (15.00 thresh)
[0m[33m[init]: failed static init: no accel jerk detected, platform moving too much
[0m[34m[TIME]: 0.0006 seconds total (1706.5 hz, 0.30 ms behind)
[0m[33m[init]: disparity is 22.955,21.085 (15.00 thresh)
[0m[33m[init]: failed static init: no accel jerk detected, platform moving too much
[0m[34m[TIME]: 0.0010 seconds total (964.3 hz, 0.30 ms behind)
[0m[33m[init]: disparity is 22.955,21.085 (15.00 thresh)
[0m[33m[init]: failed static init: no accel jerk detected, platform moving too much
[0m[34m[TIME]: 0.0030 seconds total (334.4 hz, 0.30 ms behind)
[0m[33m[init]: disparity is 22.503,18.585 (15.00 thresh)
[0m[33m[init]: failed static init: no accel jerk detected, platform moving too much
[0m[34m[TIME]: 0.0006 seconds total (1594.9 hz, 0.30 ms behind)
[0m[33m[init]: disparity is 22.503,18.585 (15.00 thresh)
[0m[33m[init]: failed static init: no accel jerk detected, platform moving too much
[0m[34m[TIME]: 0.0014 seconds total (733.1 hz, 0.31 ms behind)
[0m[33m[init]: disparity is 22.503,18.585 (15.00 thresh)
[0m[33m[init]: failed static init: no accel jerk detected, platform moving too much
[0m[34m[TIME]: 0.0011 seconds total (934.6 hz, 0.31 ms behind)
[0m[33m[init]: disparity is 22.503,18.585 (15.00 thresh)
[0m[33m[init]: failed static init: no accel jerk detected, platform moving too much
[0m[34m[TIME]: 0.0029 seconds total (346.6 hz, 0.31 ms behind)
[0m[33m[init]: disparity is 22.723,18.432 (15.00 thresh)
[0m[33m[init]: failed static init: no accel jerk detected, platform moving too much
[0m[34m[TIME]: 0.0026 seconds total (390.8 hz, 0.31 ms behind)
[0m[33m[init]: disparity is 22.723,18.432 (15.00 thresh)
[0m[33m[init]: failed static init: no accel jerk detected, platform moving too much
[0m[34m[TIME]: 0.0027 seconds total (371.5 hz, 0.31 ms behind)
[0m[33m[init]: disparity is 22.723,18.432 (15.00 thresh)
[0m[33m[init]: failed static init: no accel jerk detected, platform moving too much
[0m[34m[TIME]: 0.0011 seconds total (932.8 hz, 0.07 ms behind)
[0m[33m[init]: disparity is 22.877,17.809 (15.00 thresh)
[0m[33m[init]: failed static init: no accel jerk detected, platform moving too much
[0m[34m[TIME]: 0.0009 seconds total (1123.6 hz, 0.07 ms behind)
[0m[33m[init]: disparity is 22.877,17.809 (15.00 thresh)
[0m[33m[init]: failed static init: no accel jerk detected, platform moving too much
[0m[34m[TIME]: 0.0007 seconds total (1526.7 hz, 0.07 ms behind)
[0m[33m[init]: disparity is 22.877,17.809 (15.00 thresh)
[0m[33m[init]: failed static init: no accel jerk detected, platform moving too much
[0m[34m[TIME]: 0.0006 seconds total (1760.6 hz, 0.07 ms behind)
[0m[33m[init]: disparity is 22.877,17.809 (15.00 thresh)
[0m[33m[init]: failed static init: no accel jerk detected, platform moving too much
[0m[34m[TIME]: 0.0006 seconds total (1628.7 hz, 0.07 ms behind)
[0m[33m[init]: disparity is 22.877,17.809 (15.00 thresh)
[0m[33m[init]: failed static init: no accel jerk detected, platform moving too much
[0m[34m[TIME]: 0.0042 seconds total (240.8 hz, 0.08 ms behind)
[0m[33m[init]: disparity is 19.996,17.075 (15.00 thresh)
[0m[33m[init]: failed static init: no accel jerk detected, platform moving too much
[0m[34m[TIME]: 0.0031 seconds total (318.2 hz, 0.08 ms behind)
[0m[33m[init]: disparity is 19.996,17.075 (15.00 thresh)
[0m[33m[init]: failed static init: no accel jerk detected, platform moving too much
[0m[34m[TIME]: 0.0009 seconds total (1097.7 hz, 0.08 ms behind)
[0m[33m[init]: disparity is 19.996,17.075 (15.00 thresh)
[0m[33m[init]: failed static init: no accel jerk detected, platform moving too much
[0m[34m[TIME]: 0.0008 seconds total (1219.5 hz, 0.08 ms behind)
[0m[33m[init]: disparity is 19.996,17.075 (15.00 thresh)
[0m[33m[init]: failed static init: no accel jerk detected, platform moving too much
[0m[34m[TIME]: 0.0007 seconds total (1424.5 hz, 0.08 ms behind)
[0m[33m[init]: disparity is 19.996,17.075 (15.00 thresh)
[0m[33m[init]: failed static init: no accel jerk detected, platform moving too much
[0m[34m[TIME]: 0.0040 seconds total (248.8 hz, 0.09 ms behind)
[0m[33m[init]: disparity is 18.757,15.850 (15.00 thresh)
[0m[33m[init]: failed static init: no accel jerk detected, platform moving too much
[0m[34m[TIME]: 0.0006 seconds total (1615.5 hz, 0.09 ms behind)
[0m[33m[init]: disparity is 18.757,15.850 (15.00 thresh)
[0m[33m[init]: failed static init: no accel jerk detected, platform moving too much
[0m[34m[TIME]: 0.0039 seconds total (254.0 hz, 0.09 ms behind)
[0m[33m[init]: disparity is 18.757,15.850 (15.00 thresh)
[0m[33m[init]: failed static init: no accel jerk detected, platform moving too much
[0m[34m[TIME]: 0.0008 seconds total (1200.5 hz, 0.09 ms behind)
[0m[33m[init]: disparity is 18.757,15.850 (15.00 thresh)
[0m[33m[init]: failed static init: no accel jerk detected, platform moving too much
[0m[34m[TIME]: 0.0010 seconds total (996.0 hz, 0.09 ms behind)
[0m[33m[init]: disparity is 18.757,15.850 (15.00 thresh)
[0m[33m[init]: failed static init: no accel jerk detected, platform moving too much
[0m[34m[TIME]: 0.0007 seconds total (1369.9 hz, 0.10 ms behind)
[0m[33m[init]: disparity is 18.757,15.850 (15.00 thresh)
[0m[33m[init]: failed static init: no accel jerk detected, platform moving too much
[0m[34m[TIME]: 0.0010 seconds total (1040.6 hz, 0.10 ms behind)
[0m[33m[init]: disparity is 18.757,15.850 (15.00 thresh)
[0m[33m[init]: failed static init: no accel jerk detected, platform moving too much
[0m[34m[TIME]: 0.0005 seconds total (1818.2 hz, 0.10 ms behind)
[0m[33m[init]: disparity is 18.757,15.850 (15.00 thresh)
[0m[33m[init]: failed static init: no accel jerk detected, platform moving too much
[0m[34m[TIME]: 0.0008 seconds total (1303.8 hz, 0.10 ms behind)
[0m[33m[init]: disparity is 19.443,16.519 (15.00 thresh)
[0m[33m[init]: failed static init: no accel jerk detected, platform moving too much
[0m[34m[TIME]: 0.0038 seconds total (260.6 hz, 0.10 ms behind)
[0m[33m[init]: disparity is 19.443,16.519 (15.00 thresh)
[0m[33m[init]: failed static init: no accel jerk detected, platform moving too much
[0m[34m[TIME]: 0.0011 seconds total (919.1 hz, 0.36 ms behind)
[0m[33m[init]: disparity is 19.443,16.519 (15.00 thresh)
[0m[33m[init]: failed static init: no accel jerk detected, platform moving too much
[0m[34m[TIME]: 0.0007 seconds total (1396.6 hz, 0.36 ms behind)
[0m[33m[init]: disparity is 18.324,15.302 (15.00 thresh)
[0m[33m[init]: failed static init: no accel jerk detected, platform moving too much
[0m[34m[TIME]: 0.0008 seconds total (1277.1 hz, 0.36 ms behind)
[0m[33m[init]: disparity is 18.324,15.302 (15.00 thresh)
[0m[33m[init]: failed static init: no accel jerk detected, platform moving too much
[0m[34m[TIME]: 0.0027 seconds total (368.2 hz, 0.36 ms behind)
[0m[33m[init]: disparity is 18.324,15.302 (15.00 thresh)
[0m[33m[init]: failed static init: no accel jerk detected, platform moving too much
[0m[34m[TIME]: 0.0006 seconds total (1798.6 hz, 0.36 ms behind)
[0m[33m[init]: disparity is 18.324,15.302 (15.00 thresh)
[0m[33m[init]: failed static init: no accel jerk detected, platform moving too much
[0m[34m[TIME]: 0.0010 seconds total (984.3 hz, 0.12 ms behind)
[0m[33m[init]: disparity is 18.387,15.044 (15.00 thresh)
[0m[33m[init]: failed static init: no accel jerk detected, platform moving too much
[0m[34m[TIME]: 0.0027 seconds total (364.0 hz, 0.12 ms behind)
[0m[33m[init]: disparity is 18.387,15.044 (15.00 thresh)
[0m[33m[init]: failed static init: no accel jerk detected, platform moving too much
[0m[34m[TIME]: 0.0007 seconds total (1447.2 hz, 0.12 ms behind)
[0m[33m[init]: disparity is 18.387,15.044 (15.00 thresh)
[0m[33m[init]: failed static init: no accel jerk detected, platform moving too much
[0m[34m[TIME]: 0.0025 seconds total (393.2 hz, 0.12 ms behind)
[0m[33m[init]: disparity is 18.387,15.044 (15.00 thresh)
[0m[33m[init]: failed static init: no accel jerk detected, platform moving too much
[0m[34m[TIME]: 0.0008 seconds total (1236.1 hz, 0.12 ms behind)
[0m[33m[init]: disparity is 18.387,15.044 (15.00 thresh)
[0m[33m[init]: failed static init: no accel jerk detected, platform moving too much
[0m[34m[TIME]: 0.0041 seconds total (242.9 hz, 0.13 ms behind)
[0m[33m[init]: disparity is 18.460,17.338 (15.00 thresh)
[0m[33m[init]: failed static init: no accel jerk detected, platform moving too much
[0m[34m[TIME]: 0.0006 seconds total (1582.3 hz, 0.13 ms behind)
[0m[33m[init]: disparity is 18.460,17.338 (15.00 thresh)
[0m[33m[init]: failed static init: no accel jerk detected, platform moving too much
[0m[34m[TIME]: 0.0038 seconds total (264.0 hz, 0.13 ms behind)
[0m[33m[init]: disparity is 18.460,17.338 (15.00 thresh)
[0m[33m[init]: failed static init: no accel jerk detected, platform moving too much
[0m[34m[TIME]: 0.0006 seconds total (1636.7 hz, 0.13 ms behind)
[0m[33m[init]: disparity is 18.460,17.338 (15.00 thresh)
[0m[33m[init]: failed static init: no accel jerk detected, platform moving too much
[0m[34m[TIME]: 0.0009 seconds total (1060.4 hz, 0.13 ms behind)
[0m[33m[init]: disparity is 18.460,17.338 (15.00 thresh)
[0m[33m[init]: failed static init: no accel jerk detected, platform moving too much
[0m[34m[TIME]: 0.0008 seconds total (1209.2 hz, 0.14 ms behind)
[0m[33m[init]: disparity is 18.460,17.338 (15.00 thresh)
[0m[33m[init]: failed static init: no accel jerk detected, platform moving too much
[0m[34m[TIME]: 0.0010 seconds total (979.4 hz, 0.14 ms behind)
[0m[33m[init]: disparity is 18.460,17.338 (15.00 thresh)
[0m[33m[init]: failed static init: no accel jerk detected, platform moving too much
[0m[34m[TIME]: 0.0006 seconds total (1795.3 hz, 0.14 ms behind)
[0m[34m[TIME]: 0.0009 seconds total (1114.8 hz, 0.14 ms behind)
[0m[33m[init]: disparity is 18.460,17.338 (15.00 thresh)
[0m[33m[init]: failed static init: no accel jerk detected, platform moving too much
[0m[34m[TIME]: 0.0039 seconds total (253.8 hz, 0.14 ms behind)
[0m[33m[init]: disparity is 18.536,15.822 (15.00 thresh)
[0m[33m[init]: failed static init: no accel jerk detected, platform moving too much
[0m[34m[TIME]: 0.0014 seconds total (722.5 hz, 0.15 ms behind)
[0m[33m[init]: disparity is 18.536,15.822 (15.00 thresh)
[0m[33m[init]: failed static init: no accel jerk detected, platform moving too much
[0m[34m[TIME]: 0.0009 seconds total (1079.9 hz, 0.15 ms behind)
[0m[33m[init]: disparity is 16.857,16.247 (15.00 thresh)
[0m[33m[init]: failed static init: no accel jerk detected, platform moving too much
[0m[34m[TIME]: 0.0008 seconds total (1288.7 hz, 0.15 ms behind)
[0m[33m[init]: disparity is 16.857,16.247 (15.00 thresh)
[0m[33m[init]: failed static init: no accel jerk detected, platform moving too much
[0m[34m[TIME]: 0.0017 seconds total (602.0 hz, 0.15 ms behind)
[0m[33m[init]: disparity is 16.857,16.247 (15.00 thresh)
[0m[33m[init]: failed static init: no accel jerk detected, platform moving too much
[0m[34m[TIME]: 0.0005 seconds total (1886.8 hz, 0.15 ms behind)
[0m[33m[init]: disparity is 16.857,16.247 (15.00 thresh)
[0m[33m[init]: failed static init: no accel jerk detected, platform moving too much
[0m[34m[TIME]: 0.0029 seconds total (346.9 hz, 0.16 ms behind)
[0m[33m[init]: disparity is 19.148,15.299 (15.00 thresh)
[0m[33m[init]: failed static init: no accel jerk detected, platform moving too much
[0m[34m[TIME]: 0.0027 seconds total (376.2 hz, 0.16 ms behind)
[0m[33m[init]: disparity is 19.148,15.299 (15.00 thresh)
[0m[33m[init]: failed static init: no accel jerk detected, platform moving too much
[0m[34m[TIME]: 0.0027 seconds total (376.1 hz, 0.16 ms behind)
[0m[33m[init]: disparity is 19.148,15.299 (15.00 thresh)
[0m[33m[init]: failed static init: no accel jerk detected, platform moving too much
[0m[34m[TIME]: 0.0006 seconds total (1748.3 hz, 0.16 ms behind)
[0m[33m[init]: disparity is 19.148,15.299 (15.00 thresh)
[0m[33m[init]: failed static init: no accel jerk detected, platform moving too much
[0m[34m[TIME]: 0.0006 seconds total (1567.4 hz, 0.16 ms behind)
[0m[33m[init]: disparity is 19.148,15.299 (15.00 thresh)
[0m[33m[init]: failed static init: no accel jerk detected, platform moving too much
[0m[34m[TIME]: 0.0008 seconds total (1317.5 hz, 0.17 ms behind)
[0m[33m[init]: disparity is 19.148,15.299 (15.00 thresh)
[0m[33m[init]: failed static init: no accel jerk detected, platform moving too much
[0m[34m[TIME]: 0.0006 seconds total (1634.0 hz, 0.17 ms behind)
[0m[33m[init]: disparity is 19.148,15.299 (15.00 thresh)
[0m[33m[init]: failed static init: no accel jerk detected, platform moving too much
[0m[34m[TIME]: 0.0006 seconds total (1636.7 hz, 0.17 ms behind)
[0m[33m[init]: disparity is 19.148,15.299 (15.00 thresh)
[0m[33m[init]: failed static init: no accel jerk detected, platform moving too much
[0m[34m[TIME]: 0.0010 seconds total (1041.7 hz, 0.17 ms behind)
[0m[33m[init]: disparity is 19.148,15.299 (15.00 thresh)
[0m[33m[init]: failed static init: no accel jerk detected, platform moving too much
[0m[34m[TIME]: 0.0012 seconds total (812.3 hz, 0.17 ms behind)
[0m[33m[init]: disparity is 20.197,15.601 (15.00 thresh)
[0m[33m[init]: failed static init: no accel jerk detected, platform moving too much
[0m[34m[TIME]: 0.0012 seconds total (865.1 hz, 0.18 ms behind)
[0m[33m[init]: disparity is 20.197,15.601 (15.00 thresh)
[0m[33m[init]: failed static init: no accel jerk detected, platform moving too much
[0m[34m[TIME]: 0.0008 seconds total (1292.0 hz, 0.18 ms behind)
[0m[33m[init]: disparity is 20.197,15.601 (15.00 thresh)
[0m[33m[init]: failed static init: no accel jerk detected, platform moving too much
[0m[34m[TIME]: 0.0008 seconds total (1302.1 hz, 0.18 ms behind)
[0m[33m[init]: disparity is 20.197,15.601 (15.00 thresh)
[0m[33m[init]: failed static init: no accel jerk detected, platform moving too much
[0m[34m[TIME]: 0.0012 seconds total (827.1 hz, 0.18 ms behind)
[0m[33m[init]: disparity is 19.418,16.060 (15.00 thresh)
[0m[33m[init]: failed static init: no accel jerk detected, platform moving too much
[0m[34m[TIME]: 0.0028 seconds total (363.0 hz, 0.18 ms behind)
[0m[33m[init]: disparity is 19.418,16.060 (15.00 thresh)
[0m[33m[init]: failed static init: no accel jerk detected, platform moving too much
[0m[34m[TIME]: 0.0035 seconds total (287.9 hz, 0.19 ms behind)
[0m[33m[init]: disparity is 18.718,18.133 (15.00 thresh)
[0m[33m[init]: failed static init: no accel jerk detected, platform moving too much
[0m[34m[TIME]: 0.0027 seconds total (367.1 hz, 0.19 ms behind)
[0m[33m[init]: disparity is 18.718,18.133 (15.00 thresh)
[0m[33m[init]: failed static init: no accel jerk detected, platform moving too much
[0m[34m[TIME]: 0.0027 seconds total (372.7 hz, 0.19 ms behind)
[0m[33m[init]: disparity is 18.718,18.133 (15.00 thresh)
[0m[33m[init]: failed static init: no accel jerk detected, platform moving too much
[0m[34m[TIME]: 0.0028 seconds total (352.6 hz, 0.19 ms behind)
[0m[33m[init]: disparity is 18.718,18.133 (15.00 thresh)
[0m[33m[init]: failed static init: no accel jerk detected, platform moving too much
[0m[34m[TIME]: 0.0005 seconds total (2045.0 hz, 0.19 ms behind)
[0m[33m[init]: disparity is 18.718,18.133 (15.00 thresh)
[0m[33m[init]: failed static init: no accel jerk detected, platform moving too much
[0m[34m[TIME]: 0.0008 seconds total (1234.6 hz, 0.20 ms behind)
[0m[33m[init]: disparity is 18.718,18.133 (15.00 thresh)
[0m[33m[init]: failed static init: no accel jerk detected, platform moving too much
[0m[34m[TIME]: 0.0026 seconds total (384.0 hz, 0.20 ms behind)
[0m[33m[init]: disparity is 19.106,20.251 (15.00 thresh)
[0m[33m[init]: failed static init: no accel jerk detected, platform moving too much
[0m[34m[TIME]: 0.0006 seconds total (1709.4 hz, 0.20 ms behind)
[0m[34m[TIME]: 0.0005 seconds total (2028.4 hz, 0.20 ms behind)
[0m[33m[init]: disparity is 19.106,20.251 (15.00 thresh)
[0m[33m[init]: failed static init: no accel jerk detected, platform moving too much
[0m[34m[TIME]: 0.0006 seconds total (1564.9 hz, 0.20 ms behind)
[0m[33m[init]: disparity is 19.106,20.251 (15.00 thresh)
[0m[33m[init]: failed static init: no accel jerk detected, platform moving too much
[0m[34m[TIME]: 0.0012 seconds total (821.0 hz, 0.21 ms behind)
[0m[33m[init]: disparity is 19.106,20.251 (15.00 thresh)
[0m[33m[init]: failed static init: no accel jerk detected, platform moving too much
[0m[34m[TIME]: 0.0005 seconds total (1876.2 hz, 0.21 ms behind)
[0m[33m[init]: disparity is 19.106,20.251 (15.00 thresh)
[0m[33m[init]: failed static init: no accel jerk detected, platform moving too much
[0m[34m[TIME]: 0.0009 seconds total (1100.1 hz, 0.21 ms behind)
[0m[33m[init]: disparity is 19.106,20.251 (15.00 thresh)
[0m[33m[init]: failed static init: no accel jerk detected, platform moving too much
[0m[34m[TIME]: 0.0009 seconds total (1127.4 hz, 0.21 ms behind)
[0m[33m[init]: disparity is 19.106,20.251 (15.00 thresh)
[0m[33m[init]: failed static init: no accel jerk detected, platform moving too much
[0m[34m[TIME]: 0.0011 seconds total (905.8 hz, 0.21 ms behind)
[0m[33m[init]: disparity is 19.904,22.449 (15.00 thresh)
[0m[33m[init]: failed static init: no accel jerk detected, platform moving too much
[0m[34m[TIME]: 0.0029 seconds total (342.6 hz, 0.22 ms behind)
[0m[33m[init]: disparity is 18.680,22.449 (15.00 thresh)
[0m[33m[init]: failed static init: no accel jerk detected, platform moving too much
[0m[34m[TIME]: 0.0009 seconds total (1100.1 hz, 0.22 ms behind)
[0m[33m[init]: disparity is 18.680,22.449 (15.00 thresh)
[0m[33m[init]: failed static init: no accel jerk detected, platform moving too much
[0m[34m[TIME]: 0.0028 seconds total (362.8 hz, 0.22 ms behind)
[0m[33m[init]: disparity is 18.680,22.449 (15.00 thresh)
[0m[33m[init]: failed static init: no accel jerk detected, platform moving too much
[0m[34m[TIME]: 0.0012 seconds total (848.2 hz, 0.22 ms behind)
[0m[33m[init]: disparity is 18.680,22.449 (15.00 thresh)
[0m[33m[init]: failed static init: no accel jerk detected, platform moving too much
[0m[34m[TIME]: 0.0027 seconds total (367.6 hz, 0.22 ms behind)
[0m[33m[init]: disparity is 18.680,22.449 (15.00 thresh)
[0m[33m[init]: failed static init: no accel jerk detected, platform moving too much
[0m[34m[TIME]: 0.0042 seconds total (240.3 hz, 0.23 ms behind)
[0m[33m[init]: disparity is 18.143,24.452 (15.00 thresh)
[0m[33m[init]: failed static init: no accel jerk detected, platform moving too much
[0m[34m[TIME]: 0.0009 seconds total (1128.7 hz, 0.23 ms behind)
[0m[33m[init]: disparity is 18.143,24.452 (15.00 thresh)
[0m[33m[init]: failed static init: no accel jerk detected, platform moving too much
[0m[34m[TIME]: 0.0006 seconds total (1543.2 hz, 0.23 ms behind)
[0m[33m[init]: disparity is 18.143,24.452 (15.00 thresh)
[0m[33m[init]: failed static init: no accel jerk detected, platform moving too much
[0m[34m[TIME]: 0.0039 seconds total (253.7 hz, 0.23 ms behind)
[0m[33m[init]: disparity is 18.143,24.452 (15.00 thresh)
[0m[33m[init]: failed static init: no accel jerk detected, platform moving too much
[0m[34m[TIME]: 0.0005 seconds total (1938.0 hz, 0.23 ms behind)
[0m[33m[init]: disparity is 18.143,24.452 (15.00 thresh)
[0m[33m[init]: failed static init: no accel jerk detected, platform moving too much
[0m[34m[TIME]: 0.0041 seconds total (244.4 hz, 0.24 ms behind)
[0m[33m[init]: disparity is 17.018,23.323 (15.00 thresh)
[0m[33m[init]: failed static init: no accel jerk detected, platform moving too much
[0m[34m[TIME]: 0.0008 seconds total (1242.2 hz, 0.24 ms behind)
[0m[33m[init]: disparity is 17.018,23.323 (15.00 thresh)
[0m[33m[init]: failed static init: no accel jerk detected, platform moving too much
[0m[34m[TIME]: 0.0010 seconds total (1025.6 hz, 0.24 ms behind)
[0m[33m[init]: disparity is 17.018,23.323 (15.00 thresh)
[0m[33m[init]: failed static init: no accel jerk detected, platform moving too much
[0m[34m[TIME]: 0.0005 seconds total (1897.5 hz, 0.24 ms behind)
[0m[33m[init]: disparity is 17.018,23.323 (15.00 thresh)
[0m[33m[init]: failed static init: no accel jerk detected, platform moving too much
[0m[34m[TIME]: 0.0008 seconds total (1303.8 hz, 0.24 ms behind)
[0m[33m[init]: disparity is 17.018,23.323 (15.00 thresh)
[0m[33m[init]: failed static init: no accel jerk detected, platform moving too much
[0m[34m[TIME]: 0.0008 seconds total (1209.2 hz, 0.25 ms behind)
[0m[33m[init]: disparity is 17.018,23.323 (15.00 thresh)
[0m[33m[init]: failed static init: no accel jerk detected, platform moving too much
[0m[34m[TIME]: 0.0007 seconds total (1394.7 hz, 0.25 ms behind)
[0m[33m[init]: disparity is 16.951,23.085 (15.00 thresh)
[0m[33m[init]: failed static init: no accel jerk detected, platform moving too much
[0m[34m[TIME]: 0.0038 seconds total (262.2 hz, 0.25 ms behind)
[0m[33m[init]: disparity is 16.951,23.085 (15.00 thresh)
[0m[33m[init]: failed static init: no accel jerk detected, platform moving too much
[0m[34m[TIME]: 0.0011 seconds total (920.8 hz, 0.25 ms behind)
[0m[33m[init]: disparity is 16.951,23.085 (15.00 thresh)
[0m[33m[init]: failed static init: no accel jerk detected, platform moving too much
[0m[34m[TIME]: 0.0040 seconds total (249.9 hz, 0.25 ms behind)
[0m[33m[init]: disparity is 16.951,23.085 (15.00 thresh)
[0m[33m[init]: failed static init: no accel jerk detected, platform moving too much
[0m[34m[TIME]: 0.0014 seconds total (711.7 hz, 0.27 ms behind)
[0m[33m[init]: disparity is 16.951,23.085 (15.00 thresh)
[0m[33m[init]: failed static init: no accel jerk detected, platform moving too much
[0m[34m[TIME]: 0.0008 seconds total (1207.7 hz, 0.27 ms behind)
[0m[33m[init]: disparity is 15.908,24.758 (15.00 thresh)
[0m[33m[init]: failed static init: no accel jerk detected, platform moving too much
[0m[34m[TIME]: 0.0006 seconds total (1811.6 hz, 0.27 ms behind)
[0m[33m[init]: disparity is 15.908,24.758 (15.00 thresh)
[0m[33m[init]: failed static init: no accel jerk detected, platform moving too much
[0m[34m[TIME]: 0.0009 seconds total (1108.6 hz, 0.27 ms behind)
[0m[33m[init]: disparity is 15.908,24.758 (15.00 thresh)
[0m[33m[init]: failed static init: no accel jerk detected, platform moving too much
[0m[34m[TIME]: 0.0005 seconds total (1953.1 hz, 0.27 ms behind)
[0m[33m[init]: disparity is 15.908,24.758 (15.00 thresh)
[0m[33m[init]: failed static init: no accel jerk detected, platform moving too much
[0m[34m[TIME]: 0.0010 seconds total (972.8 hz, 0.28 ms behind)
[0m[33m[init]: disparity is 16.403,26.717 (15.00 thresh)
[0m[33m[init]: failed static init: no accel jerk detected, platform moving too much
[0m[34m[TIME]: 0.0007 seconds total (1410.4 hz, 0.28 ms behind)
[0m[33m[init]: disparity is 16.403,26.717 (15.00 thresh)
[0m[33m[init]: failed static init: no accel jerk detected, platform moving too much
[0m[34m[TIME]: 0.0011 seconds total (950.6 hz, 0.28 ms behind)
[0m[33m[init]: disparity is 16.403,26.717 (15.00 thresh)
[0m[33m[init]: failed static init: no accel jerk detected, platform moving too much
[0m[34m[TIME]: 0.0040 seconds total (252.5 hz, 0.28 ms behind)
[0m[33m[init]: disparity is 16.403,26.717 (15.00 thresh)
[0m[33m[init]: failed static init: no accel jerk detected, platform moving too much
[0m[34m[TIME]: 0.0008 seconds total (1176.5 hz, 0.28 ms behind)
[0m[33m[init]: disparity is 16.403,26.717 (15.00 thresh)
[0m[33m[init]: failed static init: no accel jerk detected, platform moving too much
[0m[34m[TIME]: 0.0043 seconds total (234.2 hz, 0.04 ms behind)
[0m[33m[init]: disparity is 17.259,29.470 (15.00 thresh)
[0m[33m[init]: failed static init: no accel jerk detected, platform moving too much
[0m[34m[TIME]: 0.0040 seconds total (248.4 hz, 0.04 ms behind)
[0m[33m[init]: disparity is 17.259,29.470 (15.00 thresh)
[0m[33m[init]: failed static init: no accel jerk detected, platform moving too much
[0m[34m[TIME]: 0.0009 seconds total (1077.6 hz, 0.04 ms behind)
[0m[33m[init]: disparity is 17.259,29.470 (15.00 thresh)
[0m[33m[init]: failed static init: no accel jerk detected, platform moving too much
[0m[34m[TIME]: 0.0007 seconds total (1519.8 hz, 0.04 ms behind)
[0m[33m[init]: disparity is 17.259,29.470 (15.00 thresh)
[0m[33m[init]: failed static init: no accel jerk detected, platform moving too much
[0m[34m[TIME]: 0.0039 seconds total (254.3 hz, 0.04 ms behind)
[0m[33m[init]: disparity is 17.259,29.470 (15.00 thresh)
[0m[33m[init]: failed static init: no accel jerk detected, platform moving too much
[0m[34m[TIME]: 0.0041 seconds total (242.1 hz, 0.05 ms behind)
[0m[33m[init]: disparity is 16.006,27.709 (15.00 thresh)
[0m[33m[init]: failed static init: no accel jerk detected, platform moving too much
[0m[34m[TIME]: 0.0038 seconds total (260.1 hz, 0.05 ms behind)
[0m[33m[init]: disparity is 16.006,27.709 (15.00 thresh)
[0m[33m[init]: failed static init: no accel jerk detected, platform moving too much
[0m[34m[TIME]: 0.0039 seconds total (256.6 hz, 0.05 ms behind)
[0m[33m[init]: disparity is 16.006,27.709 (15.00 thresh)
[0m[33m[init]: failed static init: no accel jerk detected, platform moving too much
[0m[34m[TIME]: 0.0011 seconds total (944.3 hz, 0.05 ms behind)
[0m[33m[init]: disparity is 16.006,27.709 (15.00 thresh)
[0m[33m[init]: failed static init: no accel jerk detected, platform moving too much
[0m[34m[TIME]: 0.0006 seconds total (1727.1 hz, 0.05 ms behind)
[0m[33m[init]: disparity is 16.006,27.709 (15.00 thresh)
[0m[33m[init]: failed static init: no accel jerk detected, platform moving too much
[0m[34m[TIME]: 0.0034 seconds total (294.3 hz, 0.31 ms behind)
[0m[34m[TIME]: 0.0004 seconds total (2257.3 hz, 0.31 ms behind)
[0m[33m[init]: disparity is 17.172,27.161 (15.00 thresh)
[0m[33m[init]: failed static init: no accel jerk detected, platform moving too much
[0m[34m[TIME]: 0.0004 seconds total (2577.3 hz, 0.31 ms behind)
[0m[33m[init]: disparity is 17.172,27.161 (15.00 thresh)
[0m[33m[init]: failed static init: no accel jerk detected, platform moving too much
[0m[34m[TIME]: 0.0006 seconds total (1700.7 hz, 0.31 ms behind)
[0m[33m[init]: disparity is 17.172,27.161 (15.00 thresh)
[0m[33m[init]: failed static init: no accel jerk detected, platform moving too much
[0m[34m[TIME]: 0.0006 seconds total (1754.4 hz, 0.31 ms behind)
[0m[33m[init]: disparity is 17.172,27.161 (15.00 thresh)
[0m[33m[init]: failed static init: no accel jerk detected, platform moving too much
[0m[34m[TIME]: 0.0007 seconds total (1366.1 hz, 0.07 ms behind)
[0m[33m[init]: disparity is 17.172,27.161 (15.00 thresh)
[0m[33m[init]: failed static init: no accel jerk detected, platform moving too much
[0m[34m[TIME]: 0.0010 seconds total (1008.1 hz, 0.07 ms behind)
[0m[33m[init]: disparity is 17.172,27.161 (15.00 thresh)
[0m[33m[init]: failed static init: no accel jerk detected, platform moving too much
[0m[34m[TIME]: 0.0010 seconds total (960.6 hz, 0.07 ms behind)
[0m[33m[init]: disparity is 17.172,27.161 (15.00 thresh)
[0m[33m[init]: failed static init: no accel jerk detected, platform moving too much
[0m[34m[TIME]: 0.0008 seconds total (1328.0 hz, 0.07 ms behind)
[0m[33m[init]: disparity is 16.378,28.643 (15.00 thresh)
[0m[33m[init]: failed static init: no accel jerk detected, platform moving too much
[0m[34m[TIME]: 0.0040 seconds total (252.7 hz, 0.07 ms behind)
[0m[33m[init]: disparity is 16.378,28.643 (15.00 thresh)
[0m[33m[init]: failed static init: no accel jerk detected, platform moving too much
[0m[34m[TIME]: 0.0012 seconds total (855.4 hz, 0.08 ms behind)
[0m[33m[init]: disparity is 16.378,28.643 (15.00 thresh)
[0m[33m[init]: failed static init: no accel jerk detected, platform moving too much
[0m[34m[TIME]: 0.0007 seconds total (1499.3 hz, 0.08 ms behind)
[0m[33m[init]: disparity is 16.210,25.810 (15.00 thresh)
[0m[33m[init]: failed static init: no accel jerk detected, platform moving too much
[0m[34m[TIME]: 0.0007 seconds total (1383.1 hz, 0.08 ms behind)
[0m[33m[init]: disparity is 16.210,25.810 (15.00 thresh)
[0m[33m[init]: failed static init: no accel jerk detected, platform moving too much
[0m[34m[TIME]: 0.0006 seconds total (1647.4 hz, 0.08 ms behind)
[0m[33m[init]: disparity is 16.210,25.810 (15.00 thresh)
[0m[33m[init]: failed static init: no accel jerk detected, platform moving too much
[0m[34m[TIME]: 0.0005 seconds total (1938.0 hz, 0.08 ms behind)
[0m[33m[init]: disparity is 16.210,25.810 (15.00 thresh)
[0m[33m[init]: failed static init: no accel jerk detected, platform moving too much
[0m[34m[TIME]: 0.0042 seconds total (237.5 hz, 0.09 ms behind)
[0m[33m[init]: disparity is 15.317,26.789 (15.00 thresh)
[0m[33m[init]: failed static init: no accel jerk detected, platform moving too much
[0m[34m[TIME]: 0.0007 seconds total (1364.3 hz, 0.09 ms behind)
[0m[33m[init]: disparity is 15.317,26.789 (15.00 thresh)
[0m[33m[init]: failed static init: no accel jerk detected, platform moving too much
[0m[34m[TIME]: 0.0008 seconds total (1176.5 hz, 0.09 ms behind)
[0m[33m[init]: disparity is 15.317,26.789 (15.00 thresh)
[0m[33m[init]: failed static init: no accel jerk detected, platform moving too much
[0m[34m[TIME]: 0.0007 seconds total (1533.7 hz, 0.09 ms behind)
[0m[33m[init]: disparity is 15.317,26.789 (15.00 thresh)
[0m[33m[init]: failed static init: no accel jerk detected, platform moving too much
[0m[34m[TIME]: 0.0007 seconds total (1402.5 hz, 0.09 ms behind)
[0m[33m[init]: disparity is 15.317,26.789 (15.00 thresh)
[0m[33m[init]: failed static init: no accel jerk detected, platform moving too much
[0m[34m[TIME]: 0.0009 seconds total (1122.3 hz, 0.10 ms behind)
[0m[33m[init]: disparity is 15.317,26.789 (15.00 thresh)
[0m[33m[init]: failed static init: no accel jerk detected, platform moving too much
[0m[34m[TIME]: 0.0007 seconds total (1457.7 hz, 0.10 ms behind)
[0m[33m[init]: disparity is 16.675,23.632 (15.00 thresh)
[0m[33m[init]: failed static init: no accel jerk detected, platform moving too much
[0m[34m[TIME]: 0.0040 seconds total (252.6 hz, 0.10 ms behind)
[0m[33m[init]: disparity is 16.675,23.632 (15.00 thresh)
[0m[33m[init]: failed static init: no accel jerk detected, platform moving too much
[0m[34m[TIME]: 0.0007 seconds total (1387.0 hz, 0.10 ms behind)
[0m[33m[init]: disparity is 16.675,23.632 (15.00 thresh)
[0m[33m[init]: failed static init: no accel jerk detected, platform moving too much
[0m[34m[TIME]: 0.0038 seconds total (262.9 hz, 0.10 ms behind)
[0m[33m[init]: disparity is 16.675,23.632 (15.00 thresh)
[0m[33m[init]: failed static init: no accel jerk detected, platform moving too much
[0m[34m[TIME]: 0.0012 seconds total (841.0 hz, 0.11 ms behind)
[0m[33m[init]: disparity is 16.675,23.632 (15.00 thresh)
[0m[33m[init]: failed static init: no accel jerk detected, platform moving too much
[0m[34m[TIME]: 0.0032 seconds total (317.5 hz, 0.11 ms behind)
[0m[34m[TIME]: 0.0005 seconds total (1968.5 hz, 0.11 ms behind)
[0m[33m[init]: disparity is 19.224,28.744 (15.00 thresh)
[0m[33m[init]: failed static init: no accel jerk detected, platform moving too much
[0m[34m[TIME]: 0.0006 seconds total (1760.6 hz, 0.11 ms behind)
[0m[34m[TIME]: 0.0004 seconds total (2222.2 hz, 0.11 ms behind)
[0m[33m[init]: disparity is 19.224,28.744 (15.00 thresh)
[0m[33m[init]: failed static init: no accel jerk detected, platform moving too much
[0m[34m[TIME]: 0.0011 seconds total (924.2 hz, 0.12 ms behind)
[0m[33m[init]: disparity is 20.200,31.091 (15.00 thresh)
[0m[33m[init]: failed static init: no accel jerk detected, platform moving too much
[0m[34m[TIME]: 0.0006 seconds total (1587.3 hz, 0.12 ms behind)
[0m[33m[init]: disparity is 20.200,31.091 (15.00 thresh)
[0m[33m[init]: failed static init: no accel jerk detected, platform moving too much
[0m[34m[TIME]: 0.0011 seconds total (875.7 hz, 0.12 ms behind)
[0m[33m[init]: disparity is 20.200,31.091 (15.00 thresh)
[0m[33m[init]: failed static init: no accel jerk detected, platform moving too much
[0m[34m[TIME]: 0.0008 seconds total (1295.3 hz, 0.12 ms behind)
[0m[33m[init]: disparity is 20.200,31.091 (15.00 thresh)
[0m[33m[init]: failed static init: no accel jerk detected, platform moving too much
[0m[34m[TIME]: 0.0008 seconds total (1209.2 hz, 0.12 ms behind)
[0m[33m[init]: disparity is 20.200,31.091 (15.00 thresh)
[0m[33m[init]: failed static init: no accel jerk detected, platform moving too much
[0m[34m[TIME]: 0.0044 seconds total (229.0 hz, 0.13 ms behind)
[0m[33m[init]: disparity is 20.015,31.868 (15.00 thresh)
[0m[33m[init]: failed static init: no accel jerk detected, platform moving too much
[0m[34m[TIME]: 0.0012 seconds total (835.4 hz, 0.13 ms behind)
[0m[33m[init]: disparity is 20.015,31.868 (15.00 thresh)
[0m[33m[init]: failed static init: no accel jerk detected, platform moving too much
[0m[34m[TIME]: 0.0040 seconds total (252.9 hz, 0.13 ms behind)
[0m[33m[init]: disparity is 20.015,31.868 (15.00 thresh)
[0m[33m[init]: failed static init: no accel jerk detected, platform moving too much
[0m[34m[TIME]: 0.0008 seconds total (1204.8 hz, 0.13 ms behind)
[0m[33m[init]: disparity is 20.015,31.868 (15.00 thresh)
[0m[33m[init]: failed static init: no accel jerk detected, platform moving too much
[0m[34m[TIME]: 0.0039 seconds total (255.8 hz, 0.13 ms behind)
[0m[33m[init]: disparity is 20.015,31.868 (15.00 thresh)
[0m[33m[init]: failed static init: no accel jerk detected, platform moving too much
[0m[34m[TIME]: 0.0008 seconds total (1312.3 hz, 0.14 ms behind)
[0m[33m[init]: disparity is 20.015,31.868 (15.00 thresh)
[0m[33m[init]: failed static init: no accel jerk detected, platform moving too much
[0m[34m[TIME]: 0.0039 seconds total (253.9 hz, 0.14 ms behind)
[0m[33m[init]: disparity is 23.893,32.057 (15.00 thresh)
[0m[33m[init]: failed static init: no accel jerk detected, platform moving too much
[0m[34m[TIME]: 0.0006 seconds total (1658.4 hz, 0.14 ms behind)
[0m[33m[init]: disparity is 23.893,32.057 (15.00 thresh)
[0m[33m[init]: failed static init: no accel jerk detected, platform moving too much
[0m[34m[TIME]: 0.0008 seconds total (1333.3 hz, 0.14 ms behind)
[0m[33m[init]: disparity is 23.893,32.057 (15.00 thresh)
[0m[33m[init]: failed static init: no accel jerk detected, platform moving too much
[0m[34m[TIME]: 0.0006 seconds total (1721.2 hz, 0.14 ms behind)
[0m[33m[init]: disparity is 23.893,32.057 (15.00 thresh)
[0m[33m[init]: failed static init: no accel jerk detected, platform moving too much
[0m[34m[TIME]: 0.0011 seconds total (879.5 hz, 0.15 ms behind)
[0m[33m[init]: disparity is 23.893,32.057 (15.00 thresh)
[0m[33m[init]: failed static init: no accel jerk detected, platform moving too much
[0m[34m[TIME]: 0.0005 seconds total (1886.8 hz, 0.15 ms behind)
[0m[33m[init]: disparity is 23.893,32.057 (15.00 thresh)
[0m[33m[init]: failed static init: no accel jerk detected, platform moving too much
[0m[34m[TIME]: 0.0011 seconds total (939.8 hz, 0.15 ms behind)
[0m[33m[init]: disparity is 23.893,32.057 (15.00 thresh)
[0m[33m[init]: failed static init: no accel jerk detected, platform moving too much
[0m[34m[TIME]: 0.0008 seconds total (1256.3 hz, 0.15 ms behind)
[0m[33m[init]: disparity is 22.239,33.054 (15.00 thresh)
[0m[33m[init]: failed static init: no accel jerk detected, platform moving too much
[0m[34m[TIME]: 0.0008 seconds total (1219.5 hz, 0.15 ms behind)
[0m[33m[init]: disparity is 22.239,33.054 (15.00 thresh)
[0m[33m[init]: failed static init: no accel jerk detected, platform moving too much
[0m[34m[TIME]: 0.0031 seconds total (318.2 hz, 0.16 ms behind)
[0m[33m[init]: disparity is 22.167,32.229 (15.00 thresh)
[0m[33m[init]: failed static init: no accel jerk detected, platform moving too much
[0m[34m[TIME]: 0.0009 seconds total (1141.6 hz, 0.16 ms behind)
[0m[33m[init]: disparity is 22.167,32.229 (15.00 thresh)
[0m[33m[init]: failed static init: no accel jerk detected, platform moving too much
[0m[34m[TIME]: 0.0007 seconds total (1453.5 hz, 0.16 ms behind)
[0m[33m[init]: disparity is 22.167,32.229 (15.00 thresh)
[0m[33m[init]: failed static init: no accel jerk detected, platform moving too much
[0m[34m[TIME]: 0.0005 seconds total (1934.2 hz, 0.16 ms behind)
[0m[33m[init]: disparity is 22.167,32.229 (15.00 thresh)
[0m[33m[init]: failed static init: no accel jerk detected, platform moving too much
[0m[34m[TIME]: 0.0026 seconds total (388.8 hz, 0.16 ms behind)
[0m[33m[init]: disparity is 22.167,32.229 (15.00 thresh)
[0m[33m[init]: failed static init: no accel jerk detected, platform moving too much
[0m[34m[TIME]: 0.0008 seconds total (1317.5 hz, 0.17 ms behind)
[0m[33m[init]: disparity is 22.167,32.229 (15.00 thresh)
[0m[33m[init]: failed static init: no accel jerk detected, platform moving too much
[0m[34m[TIME]: 0.0008 seconds total (1209.2 hz, 0.17 ms behind)
[0m[33m[init]: disparity is 24.481,32.082 (15.00 thresh)
[0m[33m[init]: failed static init: no accel jerk detected, platform moving too much
[0m[34m[TIME]: 0.0039 seconds total (257.3 hz, 0.17 ms behind)
[0m[33m[init]: disparity is 24.481,32.082 (15.00 thresh)
[0m[33m[init]: failed static init: no accel jerk detected, platform moving too much
[0m[34m[TIME]: 0.0008 seconds total (1275.5 hz, 0.17 ms behind)
[0m[33m[init]: disparity is 24.481,32.082 (15.00 thresh)
[0m[33m[init]: failed static init: no accel jerk detected, platform moving too much
[0m[34m[TIME]: 0.0005 seconds total (1934.2 hz, 0.17 ms behind)
[0m[33m[init]: disparity is 24.481,32.082 (15.00 thresh)
[0m[33m[init]: failed static init: no accel jerk detected, platform moving too much
[0m[34m[TIME]: 0.0012 seconds total (868.8 hz, 0.18 ms behind)
[0m[33m[init]: disparity is 24.481,32.082 (15.00 thresh)
[0m[33m[init]: failed static init: no accel jerk detected, platform moving too much
[0m[34m[TIME]: 0.0027 seconds total (364.8 hz, 0.18 ms behind)
[0m[33m[init]: disparity is 26.616,33.339 (15.00 thresh)
[0m[33m[init]: failed static init: no accel jerk detected, platform moving too much
[0m[34m[TIME]: 0.0004 seconds total (2232.1 hz, 0.18 ms behind)
[0m[33m[init]: disparity is 26.616,33.339 (15.00 thresh)
[0m[33m[init]: failed static init: no accel jerk detected, platform moving too much
[0m[34m[TIME]: 0.0006 seconds total (1739.1 hz, 0.18 ms behind)
[0m[33m[init]: disparity is 26.616,33.339 (15.00 thresh)
[0m[33m[init]: failed static init: no accel jerk detected, platform moving too much
[0m[34m[TIME]: 0.0006 seconds total (1788.9 hz, 0.18 ms behind)
[0m[33m[init]: disparity is 26.616,33.339 (15.00 thresh)
[0m[33m[init]: failed static init: no accel jerk detected, platform moving too much
[0m[34m[TIME]: 0.0011 seconds total (939.0 hz, 0.19 ms behind)
[0m[33m[init]: disparity is 26.572,32.697 (15.00 thresh)
[0m[33m[init]: failed static init: no accel jerk detected, platform moving too much
[0m[34m[TIME]: 0.0039 seconds total (258.7 hz, 0.19 ms behind)
[0m[33m[init]: disparity is 26.572,32.697 (15.00 thresh)
[0m[33m[init]: failed static init: no accel jerk detected, platform moving too much
[0m[34m[TIME]: 0.0012 seconds total (857.6 hz, 0.19 ms behind)
[0m[33m[init]: disparity is 26.572,32.697 (15.00 thresh)
[0m[33m[init]: failed static init: no accel jerk detected, platform moving too much
[0m[34m[TIME]: 0.0040 seconds total (250.9 hz, 0.19 ms behind)
[0m[33m[init]: disparity is 26.572,32.697 (15.00 thresh)
[0m[33m[init]: failed static init: no accel jerk detected, platform moving too much
[0m[34m[TIME]: 0.0038 seconds total (263.5 hz, 0.19 ms behind)
[0m[33m[init]: disparity is 26.572,32.697 (15.00 thresh)
[0m[33m[init]: failed static init: no accel jerk detected, platform moving too much
[0m[34m[TIME]: 0.0033 seconds total (304.3 hz, 0.20 ms behind)
[0m[33m[init]: disparity is 25.554,39.928 (15.00 thresh)
[0m[33m[init]: failed static init: no accel jerk detected, platform moving too much
[0m[34m[TIME]: 0.0006 seconds total (1792.1 hz, 0.20 ms behind)
[0m[33m[init]: disparity is 25.554,39.928 (15.00 thresh)
[0m[33m[init]: failed static init: no accel jerk detected, platform moving too much
[0m[34m[TIME]: 0.0005 seconds total (1824.8 hz, 0.20 ms behind)
[0m[33m[init]: disparity is 25.554,39.928 (15.00 thresh)
[0m[33m[init]: failed static init: no accel jerk detected, platform moving too much
[0m[34m[TIME]: 0.0024 seconds total (411.5 hz, 0.20 ms behind)
[0m[33m[init]: disparity is 25.554,39.928 (15.00 thresh)
[0m[33m[init]: failed static init: no accel jerk detected, platform moving too much
[0m[34m[TIME]: 0.0005 seconds total (2123.1 hz, 0.20 ms behind)
[0m[33m[init]: disparity is 25.554,39.928 (15.00 thresh)
[0m[33m[init]: failed static init: no accel jerk detected, platform moving too much
[0m[34m[TIME]: 0.0010 seconds total (1013.2 hz, 0.21 ms behind)
[0m[33m[init]: disparity is 25.554,39.928 (15.00 thresh)
[0m[33m[init]: failed static init: no accel jerk detected, platform moving too much
[0m[34m[TIME]: 0.0008 seconds total (1250.0 hz, 0.21 ms behind)
[0m[33m[init]: disparity is 25.554,39.928 (15.00 thresh)
[0m[33m[init]: failed static init: no accel jerk detected, platform moving too much
[0m[34m[TIME]: 0.0026 seconds total (387.1 hz, 0.21 ms behind)
[0m[34m[TIME]: 0.0004 seconds total (2288.3 hz, 0.21 ms behind)
[0m[33m[init]: disparity is 27.194,41.803 (15.00 thresh)
[0m[33m[init]: failed static init: no accel jerk detected, platform moving too much
[0m[34m[TIME]: 0.0005 seconds total (1919.4 hz, 0.21 ms behind)
[0m[33m[init]: disparity is 27.194,41.803 (15.00 thresh)
[0m[33m[init]: failed static init: no accel jerk detected, platform moving too much
[0m[34m[TIME]: 0.0012 seconds total (856.2 hz, 0.22 ms behind)
[0m[33m[init]: disparity is 27.194,41.803 (15.00 thresh)
[0m[33m[init]: failed static init: no accel jerk detected, platform moving too much
[0m[34m[TIME]: 0.0039 seconds total (255.0 hz, 0.22 ms behind)
[0m[33m[init]: disparity is 27.577,37.616 (15.00 thresh)
[0m[33m[init]: failed static init: no accel jerk detected, platform moving too much
[0m[34m[TIME]: 0.0027 seconds total (370.8 hz, 0.22 ms behind)
[0m[33m[init]: disparity is 27.577,37.616 (15.00 thresh)
[0m[33m[init]: failed static init: no accel jerk detected, platform moving too much
[0m[34m[TIME]: 0.0008 seconds total (1277.1 hz, 0.22 ms behind)
[0m[33m[init]: disparity is 27.577,37.616 (15.00 thresh)
[0m[33m[init]: failed static init: no accel jerk detected, platform moving too much
[0m[34m[TIME]: 0.0025 seconds total (399.8 hz, 0.22 ms behind)
[0m[33m[init]: disparity is 27.577,37.616 (15.00 thresh)
[0m[33m[init]: failed static init: no accel jerk detected, platform moving too much
[0m[34m[TIME]: 0.0008 seconds total (1331.6 hz, 0.23 ms behind)
[0m[33m[init]: disparity is 25.086,37.100 (15.00 thresh)
[0m[33m[init]: failed static init: no accel jerk detected, platform moving too much
[0m[34m[TIME]: 0.0026 seconds total (383.7 hz, 0.23 ms behind)
[0m[34m[TIME]: 0.0005 seconds total (2092.1 hz, 0.23 ms behind)
[0m[33m[init]: disparity is 25.086,37.100 (15.00 thresh)
[0m[33m[init]: failed static init: no accel jerk detected, platform moving too much
[0m[34m[TIME]: 0.0005 seconds total (2024.3 hz, 0.23 ms behind)
[0m[34m[TIME]: 0.0003 seconds total (3003.0 hz, 0.23 ms behind)
[0m[33m[init]: disparity is 25.086,37.100 (15.00 thresh)
[0m[33m[init]: failed static init: no accel jerk detected, platform moving too much
[0m[34m[TIME]: 0.0041 seconds total (241.3 hz, 0.24 ms behind)
[0m[33m[init]: disparity is 27.361,30.902 (15.00 thresh)
[0m[33m[init]: failed static init: no accel jerk detected, platform moving too much
[0m[34m[TIME]: 0.0009 seconds total (1153.4 hz, 0.24 ms behind)
[0m[33m[init]: disparity is 27.361,30.902 (15.00 thresh)
[0m[33m[init]: failed static init: no accel jerk detected, platform moving too much
[0m[34m[TIME]: 0.0010 seconds total (1008.1 hz, 0.24 ms behind)
[0m[33m[init]: disparity is 27.361,30.902 (15.00 thresh)
[0m[33m[init]: failed static init: no accel jerk detected, platform moving too much
[0m[34m[TIME]: 0.0006 seconds total (1727.1 hz, 0.24 ms behind)
[0m[33m[init]: disparity is 27.361,30.902 (15.00 thresh)
[0m[33m[init]: failed static init: no accel jerk detected, platform moving too much
[0m[34m[TIME]: 0.0006 seconds total (1650.2 hz, 0.24 ms behind)
[0m[33m[init]: disparity is 27.361,30.902 (15.00 thresh)
[0m[33m[init]: failed static init: no accel jerk detected, platform moving too much
[0m[34m[TIME]: 0.0008 seconds total (1259.4 hz, 0.25 ms behind)
[0m[33m[init]: disparity is 27.361,30.902 (15.00 thresh)
[0m[33m[init]: failed static init: no accel jerk detected, platform moving too much
[0m[34m[TIME]: 0.0007 seconds total (1381.2 hz, 0.25 ms behind)
[0m[33m[init]: disparity is 27.361,30.902 (15.00 thresh)
[0m[33m[init]: failed static init: no accel jerk detected, platform moving too much
[0m[34m[TIME]: 0.0008 seconds total (1243.8 hz, 0.25 ms behind)
[0m[33m[init]: disparity is 25.824,27.583 (15.00 thresh)
[0m[33m[init]: failed static init: no accel jerk detected, platform moving too much
[0m[34m[TIME]: 0.0026 seconds total (380.5 hz, 0.25 ms behind)
[0m[33m[init]: disparity is 25.824,27.583 (15.00 thresh)
[0m[33m[init]: failed static init: no accel jerk detected, platform moving too much
[0m[34m[TIME]: 0.0026 seconds total (380.1 hz, 0.25 ms behind)
[0m[33m[init]: disparity is 25.824,27.583 (15.00 thresh)
[0m[33m[init]: failed static init: no accel jerk detected, platform moving too much
[0m[34m[TIME]: 0.0011 seconds total (933.7 hz, 0.01 ms behind)
[0m[33m[init]: disparity is 25.824,27.583 (15.00 thresh)
[0m[33m[init]: failed static init: no accel jerk detected, platform moving too much
[0m[34m[TIME]: 0.0009 seconds total (1060.4 hz, 0.01 ms behind)
[0m[33m[init]: disparity is 29.323,28.761 (15.00 thresh)
[0m[33m[init]: failed static init: no accel jerk detected, platform moving too much
[0m[34m[TIME]: 0.0039 seconds total (257.5 hz, 0.01 ms behind)
[0m[33m[init]: disparity is 29.323,28.761 (15.00 thresh)
[0m[33m[init]: failed static init: no accel jerk detected, platform moving too much
[0m[34m[TIME]: 0.0038 seconds total (265.7 hz, 0.01 ms behind)
[0m[33m[init]: disparity is 29.323,28.761 (15.00 thresh)
[0m[33m[init]: failed static init: no accel jerk detected, platform moving too much
[0m[34m[TIME]: 0.0006 seconds total (1543.2 hz, 0.01 ms behind)
[0m[33m[init]: disparity is 29.323,28.761 (15.00 thresh)
[0m[33m[init]: failed static init: no accel jerk detected, platform moving too much
[0m[34m[TIME]: 0.0014 seconds total (703.7 hz, 0.27 ms behind)
[0m[33m[init]: disparity is 30.059,27.614 (15.00 thresh)
[0m[33m[init]: failed static init: no accel jerk detected, platform moving too much
[0m[34m[TIME]: 0.0038 seconds total (266.1 hz, 0.27 ms behind)
[0m[33m[init]: disparity is 30.059,27.614 (15.00 thresh)
[0m[33m[init]: failed static init: no accel jerk detected, platform moving too much
[0m[34m[TIME]: 0.0007 seconds total (1503.8 hz, 0.27 ms behind)
[0m[33m[init]: disparity is 30.059,27.614 (15.00 thresh)
[0m[33m[init]: failed static init: no accel jerk detected, platform moving too much
[0m[34m[TIME]: 0.0037 seconds total (273.7 hz, 0.27 ms behind)
[0m[33m[init]: disparity is 30.059,27.614 (15.00 thresh)
[0m[33m[init]: failed static init: no accel jerk detected, platform moving too much
[0m[34m[TIME]: 0.0009 seconds total (1062.7 hz, 0.27 ms behind)
[0m[33m[init]: disparity is 30.059,27.614 (15.00 thresh)
[0m[33m[init]: failed static init: no accel jerk detected, platform moving too much
[0m[34m[TIME]: 0.0029 seconds total (346.7 hz, 0.03 ms behind)
[0m[33m[init]: disparity is 32.633,27.755 (15.00 thresh)
[0m[34m[TIME]: 0.0005 seconds total (2100.8 hz, 0.03 ms behind)
[0m[33m[init]: failed static init: no accel jerk detected, platform moving too much
[0m[34m[TIME]: 0.0008 seconds total (1322.8 hz, 0.03 ms behind)
[0m[33m[init]: disparity is 32.633,27.755 (15.00 thresh)
[0m[33m[init]: failed static init: no accel jerk detected, platform moving too much
[0m[34m[TIME]: 0.0004 seconds total (2247.2 hz, 0.03 ms behind)
[0m[33m[init]: disparity is 32.633,27.755 (15.00 thresh)
[0m[33m[init]: failed static init: no accel jerk detected, platform moving too much
[0m[34m[TIME]: 0.0026 seconds total (388.2 hz, 0.03 ms behind)
[0m[33m[init]: disparity is 32.633,27.755 (15.00 thresh)
[0m[33m[init]: failed static init: no accel jerk detected, platform moving too much
[0m[34m[TIME]: 0.0009 seconds total (1100.1 hz, 0.30 ms behind)
[0m[33m[init]: disparity is 32.633,27.755 (15.00 thresh)
[0m[33m[init]: failed static init: no accel jerk detected, platform moving too much
[0m[34m[TIME]: 0.0009 seconds total (1094.1 hz, 0.30 ms behind)
[0m[33m[init]: disparity is 32.633,27.755 (15.00 thresh)
[0m[33m[init]: failed static init: no accel jerk detected, platform moving too much
[0m[34m[TIME]: 0.0010 seconds total (1038.4 hz, 0.30 ms behind)
[0m[33m[init]: disparity is 32.038,25.487 (15.00 thresh)
[0m[33m[init]: failed static init: no accel jerk detected, platform moving too much
[0m[34m[TIME]: 0.0011 seconds total (941.6 hz, 0.30 ms behind)
[0m[33m[init]: disparity is 32.038,25.487 (15.00 thresh)
[0m[33m[init]: failed static init: no accel jerk detected, platform moving too much
[0m[34m[TIME]: 0.0005 seconds total (2123.1 hz, 0.30 ms behind)
[0m[33m[init]: disparity is 32.038,25.487 (15.00 thresh)
[0m[33m[init]: failed static init: no accel jerk detected, platform moving too much
[0m[34m[TIME]: 0.0010 seconds total (969.0 hz, 0.06 ms behind)
[0m[33m[init]: disparity is 32.038,25.487 (15.00 thresh)
[0m[33m[init]: failed static init: no accel jerk detected, platform moving too much
[0m[34m[TIME]: 0.0008 seconds total (1187.6 hz, 0.06 ms behind)
[0m[33m[init]: disparity is 32.312,24.213 (15.00 thresh)
[0m[33m[init]: failed static init: no accel jerk detected, platform moving too much
[0m[34m[TIME]: 0.0038 seconds total (262.6 hz, 0.06 ms behind)
[0m[33m[init]: disparity is 32.312,24.213 (15.00 thresh)
[0m[33m[init]: failed static init: no accel jerk detected, platform moving too much
[0m[34m[TIME]: 0.0039 seconds total (253.9 hz, 0.06 ms behind)
[0m[33m[init]: disparity is 32.312,24.213 (15.00 thresh)
[0m[33m[init]: failed static init: no accel jerk detected, platform moving too much
[0m[34m[TIME]: 0.0009 seconds total (1129.9 hz, 0.06 ms behind)
[0m[33m[init]: disparity is 32.312,24.213 (15.00 thresh)
[0m[33m[init]: failed static init: no accel jerk detected, platform moving too much
[0m[34m[TIME]: 0.0013 seconds total (795.5 hz, 0.32 ms behind)
[0m[33m[init]: disparity is 34.208,22.168 (15.00 thresh)
[0m[33m[init]: failed static init: no accel jerk detected, platform moving too much
[0m[34m[TIME]: 0.0039 seconds total (253.2 hz, 0.32 ms behind)
[0m[33m[init]: disparity is 34.208,22.168 (15.00 thresh)
[0m[33m[init]: failed static init: no accel jerk detected, platform moving too much
[0m[34m[TIME]: 0.0007 seconds total (1381.2 hz, 0.32 ms behind)
[0m[33m[init]: disparity is 34.208,22.168 (15.00 thresh)
[0m[33m[init]: failed static init: no accel jerk detected, platform moving too much
[0m[34m[TIME]: 0.0005 seconds total (1821.5 hz, 0.32 ms behind)
[0m[33m[init]: disparity is 34.208,22.168 (15.00 thresh)
[0m[33m[init]: failed static init: no accel jerk detected, platform moving too much
[0m[34m[TIME]: 0.0023 seconds total (426.4 hz, 0.32 ms behind)
[0m[33m[init]: disparity is 34.208,22.168 (15.00 thresh)
[0m[33m[init]: failed static init: no accel jerk detected, platform moving too much
[0m[34m[TIME]: 0.0042 seconds total (238.4 hz, 0.08 ms behind)
[0m[33m[init]: disparity is 35.494,19.813 (15.00 thresh)
[0m[33m[init]: failed static init: no accel jerk detected, platform moving too much
[0m[34m[TIME]: 0.0040 seconds total (248.9 hz, 0.08 ms behind)
[0m[33m[init]: disparity is 35.494,19.813 (15.00 thresh)
[0m[33m[init]: failed static init: no accel jerk detected, platform moving too much
[0m[34m[TIME]: 0.0011 seconds total (925.1 hz, 0.08 ms behind)
[0m[33m[init]: disparity is 35.494,19.813 (15.00 thresh)
[0m[33m[init]: failed static init: no accel jerk detected, platform moving too much
[0m[34m[TIME]: 0.0011 seconds total (945.2 hz, 0.08 ms behind)
[0m[33m[init]: disparity is 35.494,19.813 (15.00 thresh)
[0m[33m[init]: failed static init: no accel jerk detected, platform moving too much
[0m[34m[TIME]: 0.0006 seconds total (1814.9 hz, 0.08 ms behind)
[0m[33m[init]: disparity is 35.494,19.813 (15.00 thresh)
[0m[33m[init]: failed static init: no accel jerk detected, platform moving too much
[0m[34m[TIME]: 0.0007 seconds total (1360.5 hz, 0.09 ms behind)
[0m[33m[init]: disparity is 35.494,19.813 (15.00 thresh)
[0m[33m[init]: failed static init: no accel jerk detected, platform moving too much
[0m[34m[TIME]: 0.0005 seconds total (1893.9 hz, 0.09 ms behind)
[0m[33m[init]: disparity is 35.494,19.813 (15.00 thresh)
[0m[33m[init]: failed static init: no accel jerk detected, platform moving too much
[0m[34m[TIME]: 0.0040 seconds total (252.4 hz, 0.09 ms behind)
[0m[33m[init]: disparity is 33.407,18.142 (15.00 thresh)
[0m[33m[init]: failed static init: no accel jerk detected, platform moving too much
[0m[34m[TIME]: 0.0009 seconds total (1061.6 hz, 0.09 ms behind)
[0m[33m[init]: disparity is 33.407,18.142 (15.00 thresh)
[0m[33m[init]: failed static init: no accel jerk detected, platform moving too much
[0m[34m[TIME]: 0.0008 seconds total (1272.3 hz, 0.09 ms behind)
[0m[33m[init]: disparity is 33.407,18.142 (15.00 thresh)
[0m[33m[init]: failed static init: no accel jerk detected, platform moving too much
[0m[34m[TIME]: 0.0011 seconds total (875.7 hz, 0.10 ms behind)
[0m[33m[init]: disparity is 33.407,18.142 (15.00 thresh)
[0m[33m[init]: failed static init: no accel jerk detected, platform moving too much
[0m[34m[TIME]: 0.0008 seconds total (1186.2 hz, 0.10 ms behind)
[0m[34m[TIME]: 0.0004 seconds total (2283.1 hz, 0.10 ms behind)
[0m[33m[init]: disparity is 33.407,18.142 (15.00 thresh)
[0m[33m[init]: failed static init: no accel jerk detected, platform moving too much
[0m[34m[TIME]: 0.0026 seconds total (385.5 hz, 0.10 ms behind)
[0m[33m[init]: disparity is 31.812,17.767 (15.00 thresh)
[0m[33m[init]: failed static init: no accel jerk detected, platform moving too much
[0m[34m[TIME]: 0.0009 seconds total (1133.8 hz, 0.10 ms behind)
[0m[33m[init]: disparity is 31.812,17.767 (15.00 thresh)
[0m[33m[init]: failed static init: no accel jerk detected, platform moving too much
[0m[34m[TIME]: 0.0011 seconds total (951.5 hz, 0.36 ms behind)
[0m[33m[init]: disparity is 34.943,19.404 (15.00 thresh)
[0m[33m[init]: failed static init: no accel jerk detected, platform moving too much
[0m[34m[TIME]: 0.0007 seconds total (1451.4 hz, 0.36 ms behind)
[0m[33m[init]: disparity is 34.943,19.404 (15.00 thresh)
[0m[33m[init]: failed static init: no accel jerk detected, platform moving too much
[0m[34m[TIME]: 0.0010 seconds total (1001.0 hz, 0.36 ms behind)
[0m[33m[init]: disparity is 34.943,19.404 (15.00 thresh)
[0m[33m[init]: failed static init: no accel jerk detected, platform moving too much
[0m[34m[TIME]: 0.0007 seconds total (1531.4 hz, 0.36 ms behind)
[0m[33m[init]: disparity is 34.943,19.404 (15.00 thresh)
[0m[33m[init]: failed static init: no accel jerk detected, platform moving too much
[0m[34m[TIME]: 0.0026 seconds total (384.2 hz, 0.36 ms behind)
[0m[33m[init]: disparity is 34.943,19.404 (15.00 thresh)
[0m[33m[init]: failed static init: no accel jerk detected, platform moving too much
[0m[34m[TIME]: 0.0030 seconds total (337.0 hz, 0.12 ms behind)
[0m[33m[init]: disparity is 33.737,19.501 (15.00 thresh)
[0m[33m[init]: failed static init: no accel jerk detected, platform moving too much
[0m[34m[TIME]: 0.0027 seconds total (369.8 hz, 0.12 ms behind)
[0m[33m[init]: disparity is 33.737,19.501 (15.00 thresh)
[0m[33m[init]: failed static init: no accel jerk detected, platform moving too much
[0m[34m[TIME]: 0.0007 seconds total (1340.5 hz, 0.12 ms behind)
[0m[33m[init]: disparity is 33.737,19.501 (15.00 thresh)
[0m[33m[init]: failed static init: no accel jerk detected, platform moving too much
[0m[34m[TIME]: 0.0008 seconds total (1227.0 hz, 0.12 ms behind)
[0m[34m[TIME]: 0.0004 seconds total (2304.1 hz, 0.12 ms behind)
[0m[33m[init]: disparity is 33.737,19.501 (15.00 thresh)
[0m[33m[init]: failed static init: no accel jerk detected, platform moving too much
[0m[34m[TIME]: 0.0009 seconds total (1175.1 hz, 0.38 ms behind)
[0m[33m[init]: disparity is 33.737,19.501 (15.00 thresh)
[0m[33m[init]: failed static init: no accel jerk detected, platform moving too much
[0m[34m[TIME]: 0.0006 seconds total (1594.9 hz, 0.38 ms behind)
[0m[33m[init]: disparity is 33.737,19.501 (15.00 thresh)
[0m[33m[init]: failed static init: no accel jerk detected, platform moving too much
[0m[34m[TIME]: 0.0036 seconds total (274.3 hz, 0.38 ms behind)
[0m[33m[init]: disparity is 35.881,17.944 (15.00 thresh)
[0m[33m[init]: failed static init: no accel jerk detected, platform moving too much
[0m[34m[TIME]: 0.0010 seconds total (957.9 hz, 0.38 ms behind)
[0m[33m[init]: disparity is 35.881,17.944 (15.00 thresh)
[0m[33m[init]: failed static init: no accel jerk detected, platform moving too much
[0m[34m[TIME]: 0.0007 seconds total (1490.3 hz, 0.38 ms behind)
[0m[33m[init]: disparity is 35.881,17.944 (15.00 thresh)
[0m[33m[init]: failed static init: no accel jerk detected, platform moving too much
[0m[34m[TIME]: 0.0012 seconds total (812.3 hz, 0.14 ms behind)
[0m[33m[init]: disparity is 35.881,17.944 (15.00 thresh)
[0m[33m[init]: failed static init: no accel jerk detected, platform moving too much
[0m[34m[TIME]: 0.0012 seconds total (836.8 hz, 0.14 ms behind)
[0m[34m[TIME]: 0.0005 seconds total (2212.4 hz, 0.14 ms behind)
[0m[33m[init]: disparity is 35.881,17.944 (15.00 thresh)
[0m[33m[init]: failed static init: no accel jerk detected, platform moving too much
[0m[34m[TIME]: 0.0026 seconds total (382.7 hz, 0.14 ms behind)
[0m[33m[init]: disparity is 40.029,17.714 (15.00 thresh)
[0m[33m[init]: failed static init: no accel jerk detected, platform moving too much
[0m[34m[TIME]: 0.0007 seconds total (1366.1 hz, 0.14 ms behind)
[0m[33m[init]: disparity is 40.029,17.714 (15.00 thresh)
[0m[33m[init]: failed static init: no accel jerk detected, platform moving too much
[0m[34m[TIME]: 0.0010 seconds total (955.1 hz, 0.15 ms behind)
[0m[33m[init]: disparity is 36.431,16.287 (15.00 thresh)
[0m[33m[init]: failed static init: no accel jerk detected, platform moving too much
[0m[34m[TIME]: 0.0008 seconds total (1250.0 hz, 0.15 ms behind)
[0m[33m[init]: disparity is 36.431,16.287 (15.00 thresh)
[0m[33m[init]: failed static init: no accel jerk detected, platform moving too much
[0m[34m[TIME]: 0.0011 seconds total (922.5 hz, 0.15 ms behind)
[0m[33m[init]: disparity is 36.431,16.287 (15.00 thresh)
[0m[33m[init]: failed static init: no accel jerk detected, platform moving too much
[0m[34m[TIME]: 0.0006 seconds total (1642.0 hz, 0.15 ms behind)
[0m[33m[init]: disparity is 36.431,16.287 (15.00 thresh)
[0m[33m[init]: failed static init: no accel jerk detected, platform moving too much
[0m[34m[TIME]: 0.0036 seconds total (276.5 hz, 0.15 ms behind)
[0m[33m[init]: disparity is 36.431,16.287 (15.00 thresh)
[0m[33m[init]: failed static init: no accel jerk detected, platform moving too much
[0m[34m[TIME]: 0.0041 seconds total (241.2 hz, 0.16 ms behind)
[0m[33m[init]: disparity is 31.306,15.920 (15.00 thresh)
[0m[33m[init]: failed static init: no accel jerk detected, platform moving too much
[0m[34m[TIME]: 0.0040 seconds total (251.3 hz, 0.16 ms behind)
[0m[33m[init]: disparity is 31.306,15.920 (15.00 thresh)
[0m[33m[init]: failed static init: no accel jerk detected, platform moving too much
[0m[34m[TIME]: 0.0039 seconds total (254.1 hz, 0.16 ms behind)
[0m[33m[init]: disparity is 31.306,15.920 (15.00 thresh)
[0m[33m[init]: failed static init: no accel jerk detected, platform moving too much
[0m[34m[TIME]: 0.0010 seconds total (961.5 hz, 0.16 ms behind)
[0m[33m[init]: disparity is 31.306,15.920 (15.00 thresh)
[0m[33m[init]: failed static init: no accel jerk detected, platform moving too much
[0m[34m[TIME]: 0.0006 seconds total (1739.1 hz, 0.16 ms behind)
[0m[33m[init]: disparity is 31.306,15.920 (15.00 thresh)
[0m[33m[init]: failed static init: no accel jerk detected, platform moving too much
[0m[34m[TIME]: 0.0008 seconds total (1237.6 hz, 0.17 ms behind)
[0m[33m[init]: disparity is 31.306,15.920 (15.00 thresh)
[0m[33m[init]: failed static init: no accel jerk detected, platform moving too much
[0m[34m[TIME]: 0.0007 seconds total (1344.1 hz, 0.17 ms behind)
[0m[33m[init]: disparity is 31.306,15.920 (15.00 thresh)
[0m[33m[init]: failed static init: no accel jerk detected, platform moving too much
[0m[34m[TIME]: 0.0006 seconds total (1663.9 hz, 0.17 ms behind)
[0m[33m[init]: disparity is 31.306,15.920 (15.00 thresh)
[0m[33m[init]: failed static init: no accel jerk detected, platform moving too much
[0m[34m[TIME]: 0.0015 seconds total (684.9 hz, 0.17 ms behind)
[0m[33m[init]: disparity is 29.229,14.305 (15.00 thresh)
[0m[33m[init]: failed static init: no accel jerk detected, platform moving too much
[0m[34m[TIME]: 0.0007 seconds total (1445.1 hz, 0.17 ms behind)
[0m[33m[init]: disparity is 29.229,14.305 (15.00 thresh)
[0m[33m[init]: failed static init: no accel jerk detected, platform moving too much
[0m[34m[TIME]: 0.0012 seconds total (833.3 hz, 0.18 ms behind)
[0m[33m[init]: disparity is 29.229,14.305 (15.00 thresh)
[0m[33m[init]: failed static init: no accel jerk detected, platform moving too much
[0m[34m[TIME]: 0.0010 seconds total (1023.5 hz, 0.18 ms behind)
[0m[33m[init]: disparity is 29.229,14.305 (15.00 thresh)
[0m[33m[init]: failed static init: no accel jerk detected, platform moving too much
[0m[34m[TIME]: 0.0010 seconds total (1041.7 hz, 0.18 ms behind)
[0m[33m[init]: disparity is 29.229,14.305 (15.00 thresh)
[0m[33m[init]: failed static init: no accel jerk detected, platform moving too much
[0m[34m[TIME]: 0.0006 seconds total (1742.2 hz, 0.18 ms behind)
[0m[33m[init]: disparity is 29.229,14.305 (15.00 thresh)
[0m[33m[init]: failed static init: no accel jerk detected, platform moving too much
[0m[34m[TIME]: 0.0040 seconds total (248.8 hz, 0.18 ms behind)
[0m[33m[init]: disparity is 29.656,14.605 (15.00 thresh)
[0m[33m[init]: failed static init: no accel jerk detected, platform moving too much
[0m[34m[TIME]: 0.0012 seconds total (835.4 hz, 0.19 ms behind)
[0m[33m[init]: disparity is 29.046,14.751 (15.00 thresh)
[0m[33m[init]: failed static init: no accel jerk detected, platform moving too much
[0m[34m[TIME]: 0.0009 seconds total (1171.0 hz, 0.19 ms behind)
[0m[33m[init]: disparity is 29.046,14.751 (15.00 thresh)
[0m[33m[init]: failed static init: no accel jerk detected, platform moving too much
[0m[34m[TIME]: 0.0029 seconds total (347.8 hz, 0.19 ms behind)
[0m[33m[init]: disparity is 29.046,14.751 (15.00 thresh)
[0m[33m[init]: failed static init: no accel jerk detected, platform moving too much
[0m[34m[TIME]: 0.0009 seconds total (1100.1 hz, 0.19 ms behind)
[0m[33m[init]: disparity is 29.046,14.751 (15.00 thresh)
[0m[33m[init]: failed static init: no accel jerk detected, platform moving too much
[0m[34m[TIME]: 0.0005 seconds total (2173.9 hz, 0.19 ms behind)
[0m[33m[init]: disparity is 29.046,14.751 (15.00 thresh)
[0m[33m[init]: failed static init: no accel jerk detected, platform moving too much
[0m[34m[TIME]: 0.0042 seconds total (238.0 hz, 0.20 ms behind)
[0m[33m[init]: disparity is 26.673,14.751 (15.00 thresh)
[0m[33m[init]: failed static init: no accel jerk detected, platform moving too much
[0m[34m[TIME]: 0.0008 seconds total (1237.6 hz, 0.20 ms behind)
[0m[33m[init]: disparity is 26.673,14.751 (15.00 thresh)
[0m[33m[init]: failed static init: no accel jerk detected, platform moving too much
[0m[34m[TIME]: 0.0006 seconds total (1706.5 hz, 0.20 ms behind)
[0m[33m[init]: disparity is 26.673,14.751 (15.00 thresh)
[0m[33m[init]: failed static init: no accel jerk detected, platform moving too much
[0m[34m[TIME]: 0.0011 seconds total (902.5 hz, 0.20 ms behind)
[0m[33m[init]: disparity is 26.673,14.751 (15.00 thresh)
[0m[33m[init]: failed static init: no accel jerk detected, platform moving too much
[0m[34m[TIME]: 0.0009 seconds total (1103.8 hz, 0.20 ms behind)
[0m[33m[init]: disparity is 26.673,14.751 (15.00 thresh)
[0m[33m[init]: failed static init: no accel jerk detected, platform moving too much
[0m[34m[TIME]: 0.0012 seconds total (827.1 hz, 0.21 ms behind)
[0m[33m[init]: disparity is 26.673,14.751 (15.00 thresh)
[0m[33m[init]: failed static init: no accel jerk detected, platform moving too much
[0m[34m[TIME]: 0.0043 seconds total (232.4 hz, 0.21 ms behind)
[0m[33m[init]: disparity is 26.834,14.243 (15.00 thresh)
[0m[33m[init]: failed static init: no accel jerk detected, platform moving too much
[0m[34m[TIME]: 0.0015 seconds total (658.3 hz, 0.21 ms behind)
[0m[33m[init]: disparity is 26.834,14.243 (15.00 thresh)
[0m[33m[init]: failed static init: no accel jerk detected, platform moving too much
[0m[34m[TIME]: 0.0029 seconds total (344.1 hz, 0.21 ms behind)
[0m[33m[init]: disparity is 26.834,14.243 (15.00 thresh)
[0m[33m[init]: failed static init: no accel jerk detected, platform moving too much
[0m[34m[TIME]: 0.0030 seconds total (329.7 hz, 0.21 ms behind)
[0m[33m[init]: disparity is 26.834,14.243 (15.00 thresh)
[0m[33m[init]: failed static init: no accel jerk detected, platform moving too much
[0m[34m[TIME]: 0.0014 seconds total (719.9 hz, 0.22 ms behind)
[0m[33m[init]: disparity is 26.834,14.243 (15.00 thresh)
[0m[33m[init]: failed static init: no accel jerk detected, platform moving too much
[0m[34m[TIME]: 0.0044 seconds total (226.2 hz, 0.22 ms behind)
[0m[33m[init]: disparity is 24.638,14.118 (15.00 thresh)
[0m[33m[init]: failed static init: no accel jerk detected, platform moving too much
[0m[34m[TIME]: 0.0040 seconds total (247.5 hz, 0.22 ms behind)
[0m[33m[init]: disparity is 24.638,14.118 (15.00 thresh)
[0m[33m[init]: failed static init: no accel jerk detected, platform moving too much
[0m[34m[TIME]: 0.0011 seconds total (949.7 hz, 0.22 ms behind)
[0m[33m[init]: disparity is 24.638,14.118 (15.00 thresh)
[0m[33m[init]: failed static init: no accel jerk detected, platform moving too much
[0m[34m[TIME]: 0.0008 seconds total (1253.1 hz, 0.22 ms behind)
[0m[33m[init]: disparity is 24.638,14.118 (15.00 thresh)
[0m[33m[init]: failed static init: no accel jerk detected, platform moving too much
[0m[34m[TIME]: 0.0011 seconds total (890.5 hz, 0.23 ms behind)
[0m[33m[init]: disparity is 21.864,16.023 (15.00 thresh)
[0m[33m[init]: failed static init: no accel jerk detected, platform moving too much
[0m[34m[TIME]: 0.0006 seconds total (1569.9 hz, 0.23 ms behind)
[0m[33m[init]: disparity is 21.864,16.023 (15.00 thresh)
[0m[33m[init]: failed static init: no accel jerk detected, platform moving too much
[0m[34m[TIME]: 0.0006 seconds total (1715.3 hz, 0.23 ms behind)
[0m[33m[init]: disparity is 21.864,16.023 (15.00 thresh)
[0m[33m[init]: failed static init: no accel jerk detected, platform moving too much
[0m[34m[TIME]: 0.0012 seconds total (824.4 hz, 0.23 ms behind)
[0m[33m[init]: disparity is 21.864,16.023 (15.00 thresh)
[0m[33m[init]: failed static init: no accel jerk detected, platform moving too much
[0m[34m[TIME]: 0.0007 seconds total (1462.0 hz, 0.23 ms behind)
[0m[33m[init]: disparity is 21.864,16.023 (15.00 thresh)
[0m[33m[init]: failed static init: no accel jerk detected, platform moving too much
[0m[34m[TIME]: 0.0041 seconds total (241.5 hz, 0.24 ms behind)
[0m[33m[init]: disparity is 20.358,16.023 (15.00 thresh)
[0m[33m[init]: failed static init: no accel jerk detected, platform moving too much
[0m[34m[TIME]: 0.0011 seconds total (874.9 hz, 0.24 ms behind)
[0m[33m[init]: disparity is 20.358,16.023 (15.00 thresh)
[0m[33m[init]: failed static init: no accel jerk detected, platform moving too much
[0m[34m[TIME]: 0.0011 seconds total (905.8 hz, 0.24 ms behind)
[0m[33m[init]: disparity is 20.358,16.023 (15.00 thresh)
[0m[33m[init]: failed static init: no accel jerk detected, platform moving too much
[0m[34m[TIME]: 0.0008 seconds total (1245.3 hz, 0.24 ms behind)
[0m[33m[init]: disparity is 20.358,16.023 (15.00 thresh)
[0m[33m[init]: failed static init: no accel jerk detected, platform moving too much
[0m[34m[TIME]: 0.0008 seconds total (1207.7 hz, 0.24 ms behind)
[0m[33m[init]: disparity is 20.358,16.023 (15.00 thresh)
[0m[33m[init]: failed static init: no accel jerk detected, platform moving too much
[0m[34m[TIME]: 0.0009 seconds total (1161.4 hz, 0.00 ms behind)
[0m[33m[init]: disparity is 20.358,16.023 (15.00 thresh)
[0m[33m[init]: failed static init: no accel jerk detected, platform moving too much
[0m[34m[TIME]: 0.0009 seconds total (1169.6 hz, 0.00 ms behind)
[0m[33m[init]: disparity is 19.485,14.651 (15.00 thresh)
[0m[33m[init]: failed static init: no accel jerk detected, platform moving too much
[0m[34m[TIME]: 0.0009 seconds total (1132.5 hz, 0.00 ms behind)
[0m[33m[init]: disparity is 19.485,14.651 (15.00 thresh)
[0m[33m[init]: failed static init: no accel jerk detected, platform moving too much
[0m[34m[TIME]: 0.0007 seconds total (1426.5 hz, 0.00 ms behind)
[0m[33m[init]: disparity is 19.485,14.651 (15.00 thresh)
[0m[33m[init]: failed static init: no accel jerk detected, platform moving too much
[0m[34m[TIME]: 0.0039 seconds total (258.9 hz, 0.00 ms behind)
[0m[33m[init]: disparity is 19.485,14.651 (15.00 thresh)
[0m[33m[init]: failed static init: no accel jerk detected, platform moving too much
[0m[34m[TIME]: 0.0012 seconds total (841.8 hz, 0.26 ms behind)
[0m[33m[init]: disparity is 19.485,14.651 (15.00 thresh)
[0m[33m[init]: failed static init: no accel jerk detected, platform moving too much
[0m[34m[TIME]: 0.0008 seconds total (1324.5 hz, 0.26 ms behind)
[0m[33m[init]: disparity is 18.763,12.253 (15.00 thresh)
[0m[33m[init]: failed static init: no accel jerk detected, platform moving too much
[0m[34m[TIME]: 0.0041 seconds total (246.8 hz, 0.26 ms behind)
[0m[33m[init]: disparity is 18.763,12.253 (15.00 thresh)
[0m[33m[init]: failed static init: no accel jerk detected, platform moving too much
[0m[34m[TIME]: 0.0012 seconds total (831.3 hz, 0.26 ms behind)
[0m[33m[init]: disparity is 18.763,12.253 (15.00 thresh)
[0m[33m[init]: failed static init: no accel jerk detected, platform moving too much
[0m[34m[TIME]: 0.0006 seconds total (1623.4 hz, 0.26 ms behind)
[0m[33m[init]: disparity is 18.763,12.253 (15.00 thresh)
[0m[33m[init]: failed static init: no accel jerk detected, platform moving too much
[0m[34m[TIME]: 0.0042 seconds total (239.0 hz, 0.27 ms behind)
[0m[33m[init]: disparity is 19.440,13.526 (15.00 thresh)
[0m[33m[init]: failed static init: no accel jerk detected, platform moving too much
[0m[34m[TIME]: 0.0007 seconds total (1344.1 hz, 0.27 ms behind)
[0m[33m[init]: disparity is 19.440,13.526 (15.00 thresh)
[0m[33m[init]: failed static init: no accel jerk detected, platform moving too much
[0m[34m[TIME]: 0.0006 seconds total (1607.7 hz, 0.27 ms behind)
[0m[33m[init]: disparity is 19.440,13.526 (15.00 thresh)
[0m[33m[init]: failed static init: no accel jerk detected, platform moving too much
[0m[34m[TIME]: 0.0007 seconds total (1416.4 hz, 0.27 ms behind)
[0m[33m[init]: disparity is 19.440,13.526 (15.00 thresh)
[0m[33m[init]: failed static init: no accel jerk detected, platform moving too much
[0m[34m[TIME]: 0.0008 seconds total (1261.0 hz, 0.27 ms behind)
[0m[33m[init]: disparity is 19.440,13.526 (15.00 thresh)
[0m[33m[init]: failed static init: no accel jerk detected, platform moving too much
[0m[34m[TIME]: 0.0008 seconds total (1227.0 hz, 0.28 ms behind)
[0m[33m[init]: disparity is 19.440,13.526 (15.00 thresh)
[0m[33m[init]: failed static init: no accel jerk detected, platform moving too much
[0m[34m[TIME]: 0.0008 seconds total (1308.9 hz, 0.28 ms behind)
[0m[33m[init]: disparity is 18.604,16.191 (15.00 thresh)
[0m[33m[init]: failed static init: no accel jerk detected, platform moving too much
[0m[34m[TIME]: 0.0010 seconds total (1041.7 hz, 0.28 ms behind)
[0m[33m[init]: disparity is 18.604,16.191 (15.00 thresh)
[0m[33m[init]: failed static init: no accel jerk detected, platform moving too much
[0m[34m[TIME]: 0.0041 seconds total (242.8 hz, 0.28 ms behind)
[0m[33m[init]: disparity is 18.604,16.191 (15.00 thresh)
[0m[33m[init]: failed static init: no accel jerk detected, platform moving too much
[0m[34m[TIME]: 0.0011 seconds total (917.4 hz, 0.28 ms behind)
[0m[33m[init]: disparity is 18.604,16.191 (15.00 thresh)
[0m[33m[init]: failed static init: no accel jerk detected, platform moving too much
[0m[34m[TIME]: 0.0014 seconds total (716.3 hz, 0.04 ms behind)
[0m[33m[init]: disparity is 18.604,16.191 (15.00 thresh)
[0m[33m[init]: failed static init: no accel jerk detected, platform moving too much
[0m[34m[TIME]: 0.0044 seconds total (229.1 hz, 0.04 ms behind)
[0m[33m[init]: disparity is 17.043,18.584 (15.00 thresh)
[0m[33m[init]: failed static init: no accel jerk detected, platform moving too much
[0m[34m[TIME]: 0.0010 seconds total (989.1 hz, 0.04 ms behind)
[0m[33m[init]: disparity is 17.043,18.584 (15.00 thresh)
[0m[33m[init]: failed static init: no accel jerk detected, platform moving too much
[0m[34m[TIME]: 0.0032 seconds total (311.9 hz, 0.04 ms behind)
[0m[33m[init]: disparity is 17.043,18.584 (15.00 thresh)
[0m[33m[init]: failed static init: no accel jerk detected, platform moving too much
[0m[34m[TIME]: 0.0008 seconds total (1204.8 hz, 0.04 ms behind)
[0m[33m[init]: disparity is 17.043,18.584 (15.00 thresh)
[0m[33m[init]: failed static init: no accel jerk detected, platform moving too much
[0m[34m[TIME]: 0.0011 seconds total (947.0 hz, 0.06 ms behind)
[0m[33m[init]: disparity is 17.134,19.592 (15.00 thresh)
[0m[33m[init]: failed static init: no accel jerk detected, platform moving too much
[0m[34m[TIME]: 0.0042 seconds total (239.1 hz, 0.06 ms behind)
[0m[33m[init]: disparity is 17.134,19.592 (15.00 thresh)
[0m[33m[init]: failed static init: no accel jerk detected, platform moving too much
[0m[34m[TIME]: 0.0043 seconds total (230.3 hz, 0.06 ms behind)
[0m[33m[init]: disparity is 17.134,19.592 (15.00 thresh)
[0m[33m[init]: failed static init: no accel jerk detected, platform moving too much
[0m[34m[TIME]: 0.0026 seconds total (388.0 hz, 0.06 ms behind)
[0m[33m[init]: disparity is 17.134,19.592 (15.00 thresh)
[0m[33m[init]: failed static init: no accel jerk detected, platform moving too much
[0m[34m[TIME]: 0.0031 seconds total (324.3 hz, 0.06 ms behind)
[0m[33m[init]: disparity is 17.134,19.592 (15.00 thresh)
[0m[33m[init]: failed static init: no accel jerk detected, platform moving too much
[0m[34m[TIME]: 0.0011 seconds total (878.7 hz, 0.07 ms behind)
[0m[33m[init]: disparity is 18.368,22.793 (15.00 thresh)
[0m[33m[init]: failed static init: no accel jerk detected, platform moving too much
[0m[34m[TIME]: 0.0007 seconds total (1503.8 hz, 0.07 ms behind)
[0m[33m[init]: disparity is 18.368,22.793 (15.00 thresh)
[0m[34m[TIME]: 0.0005 seconds total (1883.2 hz, 0.07 ms behind)
[0m[33m[init]: failed static init: no accel jerk detected, platform moving too much
[0m[34m[TIME]: 0.0006 seconds total (1727.1 hz, 0.07 ms behind)
[0m[33m[init]: disparity is 18.368,22.793 (15.00 thresh)
[0m[33m[init]: failed static init: no accel jerk detected, platform moving too much
[0m[34m[TIME]: 0.0006 seconds total (1754.4 hz, 0.07 ms behind)
[0m[33m[init]: disparity is 18.368,22.793 (15.00 thresh)
[0m[33m[init]: failed static init: no accel jerk detected, platform moving too much
[0m[34m[TIME]: 0.0043 seconds total (235.1 hz, 0.33 ms behind)
[0m[33m[init]: disparity is 16.260,21.311 (15.00 thresh)
[0m[33m[init]: failed static init: no accel jerk detected, platform moving too much
[0m[34m[TIME]: 0.0011 seconds total (937.2 hz, 0.33 ms behind)
[0m[33m[init]: disparity is 16.260,21.311 (15.00 thresh)
[0m[33m[init]: failed static init: no accel jerk detected, platform moving too much
[0m[34m[TIME]: 0.0011 seconds total (942.5 hz, 0.33 ms behind)
[0m[33m[init]: disparity is 16.260,21.311 (15.00 thresh)
[0m[33m[init]: failed static init: no accel jerk detected, platform moving too much
[0m[34m[TIME]: 0.0010 seconds total (999.0 hz, 0.33 ms behind)
[0m[33m[init]: disparity is 16.260,21.311 (15.00 thresh)
[0m[33m[init]: failed static init: no accel jerk detected, platform moving too much
[0m[34m[TIME]: 0.0008 seconds total (1234.6 hz, 0.33 ms behind)
[0m[33m[init]: disparity is 16.260,21.311 (15.00 thresh)
[0m[33m[init]: failed static init: no accel jerk detected, platform moving too much
[0m[34m[TIME]: 0.0007 seconds total (1524.4 hz, 0.34 ms behind)
[0m[33m[init]: disparity is 16.260,21.311 (15.00 thresh)
[0m[33m[init]: failed static init: no accel jerk detected, platform moving too much
[0m[34m[TIME]: 0.0007 seconds total (1381.2 hz, 0.34 ms behind)
[0m[33m[init]: disparity is 15.132,21.895 (15.00 thresh)
[0m[33m[init]: failed static init: no accel jerk detected, platform moving too much
[0m[34m[TIME]: 0.0008 seconds total (1269.0 hz, 0.34 ms behind)
[0m[33m[init]: disparity is 15.132,21.895 (15.00 thresh)
[0m[33m[init]: failed static init: no accel jerk detected, platform moving too much
[0m[34m[TIME]: 0.0007 seconds total (1381.2 hz, 0.34 ms behind)
[0m[33m[init]: disparity is 15.132,21.895 (15.00 thresh)
[0m[33m[init]: failed static init: no accel jerk detected, platform moving too much
[0m[34m[TIME]: 0.0016 seconds total (606.1 hz, 0.34 ms behind)
[0m[33m[init]: disparity is 15.132,21.895 (15.00 thresh)
[0m[33m[init]: failed static init: no accel jerk detected, platform moving too much
[0m[34m[TIME]: 0.0012 seconds total (811.7 hz, 0.10 ms behind)
[0m[33m[init]: disparity is 15.132,21.895 (15.00 thresh)
[0m[33m[init]: failed static init: no accel jerk detected, platform moving too much
[0m[34m[TIME]: 0.0007 seconds total (1390.8 hz, 0.10 ms behind)
[0m[33m[init]: disparity is 14.305,21.895 (15.00 thresh)
[0m[33m[init-s]: to much IMU excitation, above threshold 0.822 > 0.450
[0m[34m[TIME]: 0.0041 seconds total (246.8 hz, 0.10 ms behind)
[0m[33m[init]: disparity is 14.305,21.895 (15.00 thresh)
[0m[33m[init-s]: to much IMU excitation, above threshold 0.822 > 0.450
[0m[34m[TIME]: 0.0028 seconds total (357.4 hz, 0.10 ms behind)
[0m[33m[init]: disparity is 14.305,21.895 (15.00 thresh)
[0m[33m[init-s]: to much IMU excitation, above threshold 0.822 > 0.450
[0m[34m[TIME]: 0.0036 seconds total (279.2 hz, 0.10 ms behind)
[0m[33m[init]: disparity is 14.305,21.895 (15.00 thresh)
[0m[33m[init-s]: to much IMU excitation, above threshold 0.822 > 0.450
[0m[34m[TIME]: 0.0041 seconds total (244.9 hz, 0.11 ms behind)
[0m[33m[init]: disparity is 14.605,17.877 (15.00 thresh)
[0m[33m[init-s]: to much IMU excitation, above threshold 0.845 > 0.450
[0m[34m[TIME]: 0.0007 seconds total (1445.1 hz, 0.11 ms behind)
[0m[33m[init]: disparity is 14.605,17.877 (15.00 thresh)
[0m[33m[init-s]: to much IMU excitation, above threshold 0.845 > 0.450
[0m[34m[TIME]: 0.0029 seconds total (345.8 hz, 0.11 ms behind)
[0m[33m[init]: disparity is 14.605,17.877 (15.00 thresh)
[0m[33m[init-s]: to much IMU excitation, above threshold 0.845 > 0.450
[0m[34m[TIME]: 0.0006 seconds total (1754.4 hz, 0.11 ms behind)
[0m[33m[init]: disparity is 14.605,17.877 (15.00 thresh)
[0m[33m[init-s]: to much IMU excitation, above threshold 0.845 > 0.450
[0m[34m[TIME]: 0.0026 seconds total (387.3 hz, 0.11 ms behind)
[0m[33m[init]: disparity is 14.605,17.877 (15.00 thresh)
[0m[33m[init-s]: to much IMU excitation, above threshold 0.845 > 0.450
[0m[34m[TIME]: 0.0007 seconds total (1468.4 hz, 0.12 ms behind)
[0m[33m[init]: disparity is 14.605,17.877 (15.00 thresh)
[0m[33m[init-s]: to much IMU excitation, above threshold 0.896 > 0.450
[0m[34m[TIME]: 0.0008 seconds total (1273.9 hz, 0.12 ms behind)
[0m[34m[TIME]: 0.0005 seconds total (2164.5 hz, 0.12 ms behind)
[0m[33m[init]: disparity is 14.134,20.542 (15.00 thresh)
[0m[33m[init-s]: to much IMU excitation, above threshold 0.896 > 0.450
[0m[34m[TIME]: 0.0010 seconds total (964.3 hz, 0.12 ms behind)
[0m[33m[init]: disparity is 14.134,20.542 (15.00 thresh)
[0m[33m[init-s]: to much IMU excitation, above threshold 0.896 > 0.450
[0m[34m[TIME]: 0.0005 seconds total (1828.2 hz, 0.12 ms behind)
[0m[33m[init]: disparity is 14.134,20.542 (15.00 thresh)
[0m[33m[init-s]: to much IMU excitation, above threshold 0.896 > 0.450
[0m[34m[TIME]: 0.0012 seconds total (806.5 hz, 0.13 ms behind)
[0m[33m[init]: disparity is 14.134,20.542 (15.00 thresh)
[0m[33m[init-s]: to much IMU excitation, above threshold 0.933 > 0.450
[0m[34m[TIME]: 0.0032 seconds total (307.7 hz, 0.13 ms behind)
[0m[33m[init]: disparity is 14.450,22.251 (15.00 thresh)
[0m[33m[init-s]: to much IMU excitation, above threshold 0.933 > 0.450
[0m[34m[TIME]: 0.0009 seconds total (1133.8 hz, 0.13 ms behind)
[0m[33m[init]: disparity is 14.450,22.251 (15.00 thresh)
[0m[33m[init-s]: to much IMU excitation, above threshold 0.933 > 0.450
[0m[34m[TIME]: 0.0026 seconds total (381.8 hz, 0.13 ms behind)
[0m[33m[init]: disparity is 14.450,22.251 (15.00 thresh)
[0m[33m[init-s]: to much IMU excitation, above threshold 0.933 > 0.450
[0m[34m[TIME]: 0.0007 seconds total (1506.0 hz, 0.13 ms behind)
[0m[33m[init]: disparity is 14.450,22.251 (15.00 thresh)
[0m[33m[init-s]: to much IMU excitation, above threshold 0.933 > 0.450
[0m[34m[TIME]: 0.0011 seconds total (888.9 hz, 0.14 ms behind)
[0m[33m[init]: disparity is 15.161,23.074 (15.00 thresh)
[0m[33m[init]: failed static init: no accel jerk detected, platform moving too much
[0m[34m[TIME]: 0.0006 seconds total (1672.2 hz, 0.14 ms behind)
[0m[33m[init]: disparity is 15.161,23.074 (15.00 thresh)
[0m[33m[init]: failed static init: no accel jerk detected, platform moving too much
[0m[34m[TIME]: 0.0009 seconds total (1158.7 hz, 0.14 ms behind)
[0m[33m[init]: disparity is 15.161,23.074 (15.00 thresh)
[0m[33m[init]: failed static init: no accel jerk detected, platform moving too much
[0m[34m[TIME]: 0.0006 seconds total (1652.9 hz, 0.14 ms behind)
[0m[33m[init]: disparity is 15.161,23.074 (15.00 thresh)
[0m[33m[init]: failed static init: no accel jerk detected, platform moving too much
[0m[34m[TIME]: 0.0015 seconds total (675.7 hz, 0.14 ms behind)
[0m[33m[init]: disparity is 15.161,23.074 (15.00 thresh)
[0m[33m[init]: failed static init: no accel jerk detected, platform moving too much
[0m[34m[TIME]: 0.0042 seconds total (235.7 hz, 0.15 ms behind)
[0m[33m[init]: disparity is 14.730,23.827 (15.00 thresh)
[0m[33m[init-s]: to much IMU excitation, above threshold 0.930 > 0.450
[0m[34m[TIME]: 0.0012 seconds total (853.2 hz, 0.15 ms behind)
[0m[33m[init]: disparity is 14.730,23.827 (15.00 thresh)
[0m[33m[init-s]: to much IMU excitation, above threshold 0.930 > 0.450
[0m[34m[TIME]: 0.0040 seconds total (249.1 hz, 0.15 ms behind)
[0m[33m[init]: disparity is 14.730,23.827 (15.00 thresh)
[0m[33m[init-s]: to much IMU excitation, above threshold 0.930 > 0.450
[0m[34m[TIME]: 0.0012 seconds total (838.2 hz, 0.15 ms behind)
[0m[33m[init]: disparity is 14.730,23.827 (15.00 thresh)
[0m[33m[init-s]: to much IMU excitation, above threshold 0.930 > 0.450
[0m[34m[TIME]: 0.0008 seconds total (1257.9 hz, 0.15 ms behind)
[0m[33m[init]: disparity is 14.730,23.827 (15.00 thresh)
[0m[33m[init-s]: to much IMU excitation, above threshold 0.930 > 0.450
[0m[34m[TIME]: 0.0041 seconds total (245.8 hz, 0.16 ms behind)
[0m[33m[init]: disparity is 15.576,20.798 (15.00 thresh)
[0m[33m[init]: failed static init: no accel jerk detected, platform moving too much
[0m[34m[TIME]: 0.0010 seconds total (1035.2 hz, 0.16 ms behind)
[0m[33m[init]: disparity is 15.576,20.798 (15.00 thresh)
[0m[33m[init]: failed static init: no accel jerk detected, platform moving too much
[0m[34m[TIME]: 0.0009 seconds total (1135.1 hz, 0.16 ms behind)
[0m[33m[init]: disparity is 15.576,20.798 (15.00 thresh)
[0m[33m[init]: failed static init: no accel jerk detected, platform moving too much
[0m[34m[TIME]: 0.0011 seconds total (925.1 hz, 0.16 ms behind)
[0m[33m[init]: disparity is 15.576,20.798 (15.00 thresh)
[0m[33m[init]: failed static init: no accel jerk detected, platform moving too much
[0m[34m[TIME]: 0.0008 seconds total (1245.3 hz, 0.16 ms behind)
[0m[33m[init]: disparity is 15.576,20.798 (15.00 thresh)
[0m[33m[init]: failed static init: no accel jerk detected, platform moving too much
[0m[34m[TIME]: 0.0008 seconds total (1314.1 hz, 0.17 ms behind)
[0m[33m[init]: disparity is 15.576,20.798 (15.00 thresh)
[0m[33m[init]: failed static init: no accel jerk detected, platform moving too much
[0m[34m[TIME]: 0.0040 seconds total (249.3 hz, 0.17 ms behind)
[0m[33m[init]: disparity is 14.425,21.860 (15.00 thresh)
[0m[33m[init-s]: to much IMU excitation, above threshold 0.953 > 0.450
[0m[34m[TIME]: 0.0010 seconds total (992.1 hz, 0.17 ms behind)
[0m[33m[init]: disparity is 14.425,21.860 (15.00 thresh)
[0m[33m[init-s]: to much IMU excitation, above threshold 0.953 > 0.450
[0m[34m[TIME]: 0.0039 seconds total (253.5 hz, 0.17 ms behind)
[0m[33m[init]: disparity is 14.425,21.860 (15.00 thresh)
[0m[33m[init-s]: to much IMU excitation, above threshold 0.953 > 0.450
[0m[34m[TIME]: 0.0008 seconds total (1269.0 hz, 0.17 ms behind)
[0m[33m[init]: disparity is 14.425,21.860 (15.00 thresh)
[0m[33m[init-s]: to much IMU excitation, above threshold 0.953 > 0.450
[0m[34m[TIME]: 0.0013 seconds total (768.0 hz, 0.18 ms behind)
[0m[33m[init]: disparity is 14.425,21.860 (15.00 thresh)
[0m[33m[init-s]: to much IMU excitation, above threshold 0.996 > 0.450
[0m[34m[TIME]: 0.0008 seconds total (1233.0 hz, 0.18 ms behind)
[0m[33m[init]: disparity is 14.425,21.860 (15.00 thresh)
[0m[33m[init-s]: to much IMU excitation, above threshold 0.996 > 0.450
[0m[34m[TIME]: 0.0013 seconds total (787.4 hz, 0.18 ms behind)
[0m[33m[init]: disparity is 13.813,20.351 (15.00 thresh)
[0m[33m[init-s]: to much IMU excitation, above threshold 0.996 > 0.450
[0m[34m[TIME]: 0.0006 seconds total (1615.5 hz, 0.18 ms behind)
[0m[33m[init]: disparity is 13.813,20.351 (15.00 thresh)
[0m[33m[init-s]: to much IMU excitation, above threshold 0.996 > 0.450
[0m[34m[TIME]: 0.0040 seconds total (248.3 hz, 0.18 ms behind)
[0m[33m[init]: disparity is 13.813,20.351 (15.00 thresh)
[0m[33m[init-s]: to much IMU excitation, above threshold 0.996 > 0.450
[0m[34m[TIME]: 0.0011 seconds total (893.7 hz, 0.19 ms behind)
[0m[33m[init]: disparity is 14.558,20.093 (15.00 thresh)
[0m[33m[init-s]: to much IMU excitation, above threshold 0.970 > 0.450
[0m[34m[TIME]: 0.0011 seconds total (903.3 hz, 0.19 ms behind)
[0m[33m[init]: disparity is 14.558,20.093 (15.00 thresh)
[0m[33m[init-s]: to much IMU excitation, above threshold 0.970 > 0.450
[0m[34m[TIME]: 0.0039 seconds total (256.3 hz, 0.19 ms behind)
[0m[33m[init]: disparity is 14.558,20.093 (15.00 thresh)
[0m[33m[init-s]: to much IMU excitation, above threshold 0.970 > 0.450
[0m[34m[TIME]: 0.0010 seconds total (963.4 hz, 0.19 ms behind)
[0m[33m[init]: disparity is 14.558,20.093 (15.00 thresh)
[0m[33m[init-s]: to much IMU excitation, above threshold 0.970 > 0.450
[0m[34m[TIME]: 0.0038 seconds total (265.6 hz, 0.19 ms behind)
[0m[33m[init]: disparity is 14.558,20.093 (15.00 thresh)
[0m[33m[init-s]: to much IMU excitation, above threshold 0.970 > 0.450
[0m[34m[TIME]: 0.0012 seconds total (831.9 hz, 0.20 ms behind)
[0m[33m[init]: disparity is 17.695,18.558 (15.00 thresh)
[0m[33m[init]: failed static init: no accel jerk detected, platform moving too much
[0m[34m[TIME]: 0.0007 seconds total (1349.5 hz, 0.20 ms behind)
[0m[34m[TIME]: 0.0005 seconds total (2040.8 hz, 0.20 ms behind)
[0m[33m[init]: disparity is 17.695,18.558 (15.00 thresh)
[0m[33m[init]: failed static init: no accel jerk detected, platform moving too much
[0m[34m[TIME]: 0.0008 seconds total (1297.0 hz, 0.20 ms behind)
[0m[34m[TIME]: 0.0005 seconds total (2096.4 hz, 0.20 ms behind)
[0m[33m[init]: disparity is 17.695,18.558 (15.00 thresh)
[0m[33m[init]: failed static init: no accel jerk detected, platform moving too much
[0m[34m[TIME]: 0.0043 seconds total (233.0 hz, 0.21 ms behind)
[0m[33m[init]: disparity is 19.995,19.168 (15.00 thresh)
[0m[33m[init]: failed static init: no accel jerk detected, platform moving too much
[0m[34m[TIME]: 0.0041 seconds total (242.0 hz, 0.21 ms behind)
[0m[33m[init]: disparity is 19.995,19.168 (15.00 thresh)
[0m[33m[init]: failed static init: no accel jerk detected, platform moving too much
[0m[34m[TIME]: 0.0011 seconds total (878.7 hz, 0.21 ms behind)
[0m[33m[init]: disparity is 19.995,19.168 (15.00 thresh)
[0m[33m[init]: failed static init: no accel jerk detected, platform moving too much
[0m[34m[TIME]: 0.0041 seconds total (244.7 hz, 0.21 ms behind)
[0m[33m[init]: disparity is 19.995,19.168 (15.00 thresh)
[0m[33m[init]: failed static init: no accel jerk detected, platform moving too much
[0m[34m[TIME]: 0.0009 seconds total (1075.3 hz, 0.21 ms behind)
[0m[33m[init]: disparity is 19.995,19.168 (15.00 thresh)
[0m[33m[init]: failed static init: no accel jerk detected, platform moving too much
[0m[34m[TIME]: 0.0009 seconds total (1077.6 hz, 0.22 ms behind)
[0m[34m[TIME]: 0.0006 seconds total (1703.6 hz, 0.22 ms behind)
[0m[33m[init]: disparity is 19.995,19.168 (15.00 thresh)
[0m[33m[init]: failed static init: no accel jerk detected, platform moving too much
[0m[34m[TIME]: 0.0038 seconds total (265.0 hz, 0.22 ms behind)
[0m[33m[init]: disparity is 21.555,17.284 (15.00 thresh)
[0m[33m[init]: failed static init: no accel jerk detected, platform moving too much
[0m[34m[TIME]: 0.0027 seconds total (368.6 hz, 0.22 ms behind)
[0m[33m[init]: disparity is 21.555,17.284 (15.00 thresh)
[0m[33m[init]: failed static init: no accel jerk detected, platform moving too much
[0m[34m[TIME]: 0.0007 seconds total (1529.1 hz, 0.22 ms behind)
[0m[33m[init]: disparity is 21.555,17.284 (15.00 thresh)
[0m[33m[init]: failed static init: no accel jerk detected, platform moving too much
[0m[34m[TIME]: 0.0011 seconds total (912.4 hz, 0.23 ms behind)
[0m[33m[init]: disparity is 21.555,17.284 (15.00 thresh)
[0m[33m[init]: failed static init: no accel jerk detected, platform moving too much
[0m[34m[TIME]: 0.0009 seconds total (1128.7 hz, 0.23 ms behind)
[0m[34m[TIME]: 0.0005 seconds total (1923.1 hz, 0.23 ms behind)
[0m[33m[init]: disparity is 21.555,17.284 (15.00 thresh)
[0m[33m[init]: failed static init: no accel jerk detected, platform moving too much
[0m[34m[TIME]: 0.0005 seconds total (1980.2 hz, 0.23 ms behind)
[0m[33m[init]: disparity is 21.555,17.284 (15.00 thresh)
[0m[33m[init]: failed static init: no accel jerk detected, platform moving too much
[0m[34m[TIME]: 0.0040 seconds total (251.0 hz, 0.23 ms behind)
[0m[33m[init]: disparity is 19.935,17.978 (15.00 thresh)
[0m[33m[init]: failed static init: no accel jerk detected, platform moving too much
[0m[34m[TIME]: 0.0014 seconds total (735.8 hz, 0.24 ms behind)
[0m[33m[init]: disparity is 21.895,17.794 (15.00 thresh)
[0m[33m[init]: failed static init: no accel jerk detected, platform moving too much
[0m[34m[TIME]: 0.0008 seconds total (1287.0 hz, 0.24 ms behind)
[0m[33m[init]: disparity is 21.895,17.794 (15.00 thresh)
[0m[33m[init]: failed static init: no accel jerk detected, platform moving too much
[0m[34m[TIME]: 0.0009 seconds total (1137.7 hz, 0.24 ms behind)
[0m[33m[init]: disparity is 21.895,17.794 (15.00 thresh)
[0m[33m[init]: failed static init: no accel jerk detected, platform moving too much
[0m[34m[TIME]: 0.0009 seconds total (1074.1 hz, 0.24 ms behind)
[0m[33m[init]: disparity is 21.895,17.794 (15.00 thresh)
[0m[33m[init]: failed static init: no accel jerk detected, platform moving too much
[0m[34m[TIME]: 0.0005 seconds total (1838.2 hz, 0.24 ms behind)
[0m[33m[init]: disparity is 21.895,17.794 (15.00 thresh)
[0m[33m[init]: failed static init: no accel jerk detected, platform moving too much
[0m[34m[TIME]: 0.0036 seconds total (277.5 hz, 0.00 ms behind)
[0m[33m[init]: disparity is 21.895,17.291 (15.00 thresh)
[0m[33m[init]: failed static init: no accel jerk detected, platform moving too much
[0m[34m[TIME]: 0.0026 seconds total (383.9 hz, 0.00 ms behind)
[0m[33m[init]: disparity is 21.895,17.291 (15.00 thresh)
[0m[33m[init]: failed static init: no accel jerk detected, platform moving too much
[0m[34m[TIME]: 0.0007 seconds total (1457.7 hz, 0.00 ms behind)
[0m[33m[init]: disparity is 21.895,17.291 (15.00 thresh)
[0m[33m[init]: failed static init: no accel jerk detected, platform moving too much
[0m[34m[TIME]: 0.0007 seconds total (1506.0 hz, 0.00 ms behind)
[0m[33m[init]: disparity is 21.895,17.291 (15.00 thresh)
[0m[33m[init]: failed static init: no accel jerk detected, platform moving too much
[0m[34m[TIME]: 0.0006 seconds total (1650.2 hz, 0.00 ms behind)
[0m[33m[init]: disparity is 21.895,17.291 (15.00 thresh)
[0m[33m[init]: failed static init: no accel jerk detected, platform moving too much
[0m[34m[TIME]: 0.0008 seconds total (1307.2 hz, 0.26 ms behind)
[0m[33m[init]: disparity is 21.895,17.291 (15.00 thresh)
[0m[33m[init]: failed static init: no accel jerk detected, platform moving too much
[0m[34m[TIME]: 0.0006 seconds total (1745.2 hz, 0.26 ms behind)
[0m[33m[init]: disparity is 21.895,17.291 (15.00 thresh)
[0m[33m[init]: failed static init: no accel jerk detected, platform moving too much
[0m[34m[TIME]: 0.0040 seconds total (252.7 hz, 0.26 ms behind)
[0m[33m[init]: disparity is 18.084,15.137 (15.00 thresh)
[0m[33m[init]: failed static init: no accel jerk detected, platform moving too much
[0m[34m[TIME]: 0.0034 seconds total (295.3 hz, 0.26 ms behind)
[0m[33m[init]: disparity is 18.084,15.137 (15.00 thresh)
[0m[33m[init]: failed static init: no accel jerk detected, platform moving too much
[0m[34m[TIME]: 0.0006 seconds total (1697.8 hz, 0.26 ms behind)
[0m[33m[init]: disparity is 18.084,15.137 (15.00 thresh)
[0m[33m[init]: failed static init: no accel jerk detected, platform moving too much
[0m[34m[TIME]: 0.0013 seconds total (754.7 hz, 0.27 ms behind)
[0m[33m[init]: disparity is 18.084,15.137 (15.00 thresh)
[0m[33m[init]: failed static init: no accel jerk detected, platform moving too much
[0m[34m[TIME]: 0.0009 seconds total (1133.8 hz, 0.27 ms behind)
[0m[33m[init]: disparity is 18.084,15.137 (15.00 thresh)
[0m[33m[init]: failed static init: no accel jerk detected, platform moving too much
[0m[34m[TIME]: 0.0005 seconds total (1886.8 hz, 0.27 ms behind)
[0m[34m[TIME]: 0.0005 seconds total (1834.9 hz, 0.27 ms behind)
[0m[33m[init]: disparity is 18.084,15.137 (15.00 thresh)
[0m[33m[init]: failed static init: no accel jerk detected, platform moving too much
[0m[34m[TIME]: 0.0007 seconds total (1345.9 hz, 0.27 ms behind)
[0m[33m[init]: disparity is 20.094,13.779 (15.00 thresh)
[0m[33m[init]: failed static init: no accel jerk detected, platform moving too much
[0m[34m[TIME]: 0.0009 seconds total (1061.6 hz, 0.28 ms behind)
[0m[33m[init]: disparity is 21.080,13.409 (15.00 thresh)
[0m[33m[init]: failed static init: no accel jerk detected, platform moving too much
[0m[34m[TIME]: 0.0008 seconds total (1310.6 hz, 0.28 ms behind)
[0m[33m[init]: disparity is 21.080,13.409 (15.00 thresh)
[0m[33m[init]: failed static init: no accel jerk detected, platform moving too much
[0m[34m[TIME]: 0.0008 seconds total (1225.5 hz, 0.28 ms behind)
[0m[33m[init]: disparity is 21.080,13.409 (15.00 thresh)
[0m[33m[init]: failed static init: no accel jerk detected, platform moving too much
[0m[34m[TIME]: 0.0007 seconds total (1404.5 hz, 0.28 ms behind)
[0m[33m[init]: disparity is 21.080,13.409 (15.00 thresh)
[0m[33m[init]: failed static init: no accel jerk detected, platform moving too much
[0m[34m[TIME]: 0.0026 seconds total (389.4 hz, 0.28 ms behind)
[0m[33m[init]: disparity is 21.080,13.409 (15.00 thresh)
[0m[33m[init]: failed static init: no accel jerk detected, platform moving too much
[0m[34m[TIME]: 0.0037 seconds total (270.6 hz, 0.29 ms behind)
[0m[33m[init]: disparity is 22.448,13.995 (15.00 thresh)
[0m[33m[init]: failed static init: no accel jerk detected, platform moving too much
[0m[34m[TIME]: 0.0027 seconds total (373.8 hz, 0.29 ms behind)
[0m[33m[init]: disparity is 22.448,13.995 (15.00 thresh)
[0m[33m[init]: failed static init: no accel jerk detected, platform moving too much
[0m[34m[TIME]: 0.0027 seconds total (375.9 hz, 0.29 ms behind)
[0m[33m[init]: disparity is 22.448,13.995 (15.00 thresh)
[0m[33m[init]: failed static init: no accel jerk detected, platform moving too much
[0m[34m[TIME]: 0.0008 seconds total (1333.3 hz, 0.29 ms behind)
[0m[34m[TIME]: 0.0004 seconds total (2293.6 hz, 0.29 ms behind)
[0m[33m[init]: disparity is 22.448,13.995 (15.00 thresh)
[0m[33m[init]: failed static init: no accel jerk detected, platform moving too much
[0m[34m[TIME]: 0.0009 seconds total (1119.8 hz, 0.30 ms behind)
[0m[33m[init]: disparity is 22.448,13.995 (15.00 thresh)
[0m[33m[init]: failed static init: no accel jerk detected, platform moving too much
[0m[34m[TIME]: 0.0026 seconds total (388.8 hz, 0.30 ms behind)
[0m[34m[TIME]: 0.0005 seconds total (2127.7 hz, 0.30 ms behind)
[0m[33m[init]: disparity is 23.074,11.908 (15.00 thresh)
[0m[33m[init]: failed static init: no accel jerk detected, platform moving too much
[0m[34m[TIME]: 0.0025 seconds total (401.8 hz, 0.30 ms behind)
[0m[33m[init]: disparity is 23.074,11.908 (15.00 thresh)
[0m[33m[init]: failed static init: no accel jerk detected, platform moving too much
[0m[34m[TIME]: 0.0007 seconds total (1394.7 hz, 0.30 ms behind)
[0m[33m[init]: disparity is 23.074,11.908 (15.00 thresh)
[0m[33m[init]: failed static init: no accel jerk detected, platform moving too much
[0m[34m[TIME]: 0.0012 seconds total (825.8 hz, 0.06 ms behind)
[0m[34m[TIME]: 0.0005 seconds total (2008.0 hz, 0.06 ms behind)
[0m[33m[init]: disparity is 23.074,11.908 (15.00 thresh)
[0m[33m[init]: failed static init: no accel jerk detected, platform moving too much
[0m[34m[TIME]: 0.0009 seconds total (1079.9 hz, 0.06 ms behind)
[0m[34m[TIME]: 0.0004 seconds total (2439.0 hz, 0.06 ms behind)
[0m[33m[init]: disparity is 23.074,11.908 (15.00 thresh)
[0m[33m[init]: failed static init: no accel jerk detected, platform moving too much
[0m[34m[TIME]: 0.0027 seconds total (367.2 hz, 0.06 ms behind)
[0m[33m[init]: disparity is 20.529,11.452 (15.00 thresh)
[0m[33m[init]: failed static init: no accel jerk detected, platform moving too much
[0m[34m[TIME]: 0.0010 seconds total (1039.5 hz, 0.07 ms behind)
[0m[33m[init]: disparity is 22.678,10.477 (15.00 thresh)
[0m[33m[init]: failed static init: no accel jerk detected, platform moving too much
[0m[34m[TIME]: 0.0009 seconds total (1053.7 hz, 0.07 ms behind)
[0m[33m[init]: disparity is 22.678,10.477 (15.00 thresh)
[0m[33m[init]: failed static init: no accel jerk detected, platform moving too much
[0m[34m[TIME]: 0.0029 seconds total (342.8 hz, 0.07 ms behind)
[0m[33m[init]: disparity is 22.678,10.477 (15.00 thresh)
[0m[33m[init]: failed static init: no accel jerk detected, platform moving too much
[0m[34m[TIME]: 0.0009 seconds total (1127.4 hz, 0.07 ms behind)
[0m[34m[TIME]: 0.0005 seconds total (2109.7 hz, 0.07 ms behind)
[0m[33m[init]: disparity is 22.678,10.477 (15.00 thresh)
[0m[33m[init]: failed static init: no accel jerk detected, platform moving too much
[0m[34m[TIME]: 0.0042 seconds total (236.4 hz, 0.34 ms behind)
[0m[33m[init]: disparity is 22.287,9.543 (15.00 thresh)
[0m[33m[init]: failed static init: no accel jerk detected, platform moving too much
[0m[34m[TIME]: 0.0010 seconds total (1043.8 hz, 0.34 ms behind)
[0m[33m[init]: disparity is 22.287,9.543 (15.00 thresh)
[0m[33m[init]: failed static init: no accel jerk detected, platform moving too much
[0m[34m[TIME]: 0.0007 seconds total (1406.5 hz, 0.34 ms behind)
[0m[33m[init]: disparity is 22.287,9.543 (15.00 thresh)
[0m[33m[init]: failed static init: no accel jerk detected, platform moving too much
[0m[34m[TIME]: 0.0012 seconds total (809.7 hz, 0.34 ms behind)
[0m[33m[init]: disparity is 22.287,9.543 (15.00 thresh)
[0m[33m[init]: failed static init: no accel jerk detected, platform moving too much
[0m[34m[TIME]: 0.0007 seconds total (1400.6 hz, 0.34 ms behind)
[0m[33m[init]: disparity is 22.287,9.543 (15.00 thresh)
[0m[33m[init]: failed static init: no accel jerk detected, platform moving too much
[0m[34m[TIME]: 0.0007 seconds total (1464.1 hz, 0.10 ms behind)
[0m[33m[init]: disparity is 22.287,9.543 (15.00 thresh)
[0m[33m[init]: failed static init: no accel jerk detected, platform moving too much
[0m[34m[TIME]: 0.0039 seconds total (257.1 hz, 0.10 ms behind)
[0m[33m[init]: disparity is 22.642,9.645 (15.00 thresh)
[0m[33m[init]: failed static init: no accel jerk detected, platform moving too much
[0m[34m[TIME]: 0.0009 seconds total (1100.1 hz, 0.10 ms behind)
[0m[33m[init]: disparity is 22.642,9.645 (15.00 thresh)
[0m[33m[init]: failed static init: no accel jerk detected, platform moving too much
[0m[34m[TIME]: 0.0038 seconds total (263.7 hz, 0.10 ms behind)
[0m[33m[init]: disparity is 22.642,9.645 (15.00 thresh)
[0m[33m[init]: failed static init: no accel jerk detected, platform moving too much
[0m[34m[TIME]: 0.0040 seconds total (252.7 hz, 0.10 ms behind)
[0m[33m[init]: disparity is 22.642,9.645 (15.00 thresh)
[0m[33m[init]: failed static init: no accel jerk detected, platform moving too much
[0m[34m[TIME]: 0.0012 seconds total (839.6 hz, 0.11 ms behind)
[0m[33m[init]: disparity is 22.642,9.645 (15.00 thresh)
[0m[33m[init]: failed static init: no accel jerk detected, platform moving too much
[0m[34m[TIME]: 0.0041 seconds total (246.8 hz, 0.11 ms behind)
[0m[33m[init]: disparity is 21.118,9.327 (15.00 thresh)
[0m[33m[init]: failed static init: no accel jerk detected, platform moving too much
[0m[34m[TIME]: 0.0039 seconds total (255.7 hz, 0.11 ms behind)
[0m[33m[init]: disparity is 21.118,9.327 (15.00 thresh)
[0m[33m[init]: failed static init: no accel jerk detected, platform moving too much
[0m[34m[TIME]: 0.0006 seconds total (1703.6 hz, 0.11 ms behind)
[0m[33m[init]: disparity is 21.118,9.327 (15.00 thresh)
[0m[33m[init]: failed static init: no accel jerk detected, platform moving too much
[0m[34m[TIME]: 0.0006 seconds total (1795.3 hz, 0.11 ms behind)
[0m[33m[init]: disparity is 21.118,9.327 (15.00 thresh)
[0m[33m[init]: failed static init: no accel jerk detected, platform moving too much
[0m[34m[TIME]: 0.0043 seconds total (230.5 hz, 0.12 ms behind)
[0m[33m[init]: disparity is 18.943,10.418 (15.00 thresh)
[0m[33m[init]: failed static init: no accel jerk detected, platform moving too much
[0m[34m[TIME]: 0.0040 seconds total (248.2 hz, 0.12 ms behind)
[0m[33m[init]: disparity is 18.943,10.418 (15.00 thresh)
[0m[33m[init]: failed static init: no accel jerk detected, platform moving too much
[0m[34m[TIME]: 0.0006 seconds total (1610.3 hz, 0.12 ms behind)
[0m[33m[init]: disparity is 18.943,10.418 (15.00 thresh)
[0m[33m[init]: failed static init: no accel jerk detected, platform moving too much
[0m[34m[TIME]: 0.0011 seconds total (912.4 hz, 0.12 ms behind)
[0m[33m[init]: disparity is 18.943,10.418 (15.00 thresh)
[0m[33m[init]: failed static init: no accel jerk detected, platform moving too much
[0m[34m[TIME]: 0.0009 seconds total (1107.4 hz, 0.12 ms behind)
[0m[33m[init]: disparity is 18.943,10.418 (15.00 thresh)
[0m[33m[init]: failed static init: no accel jerk detected, platform moving too much
[0m[34m[TIME]: 0.0009 seconds total (1148.1 hz, 0.13 ms behind)
[0m[33m[init]: disparity is 18.943,10.418 (15.00 thresh)
[0m[33m[init]: failed static init: no accel jerk detected, platform moving too much
[0m[34m[TIME]: 0.0040 seconds total (251.2 hz, 0.13 ms behind)
[0m[33m[init]: disparity is 16.439,11.707 (15.00 thresh)
[0m[33m[init]: failed static init: no accel jerk detected, platform moving too much
[0m[34m[TIME]: 0.0010 seconds total (1010.1 hz, 0.13 ms behind)
[0m[33m[init]: disparity is 16.439,11.707 (15.00 thresh)
[0m[33m[init]: failed static init: no accel jerk detected, platform moving too much
[0m[34m[TIME]: 0.0027 seconds total (363.8 hz, 0.13 ms behind)
[0m[33m[init]: disparity is 16.439,11.707 (15.00 thresh)
[0m[33m[init]: failed static init: no accel jerk detected, platform moving too much
[0m[34m[TIME]: 0.0007 seconds total (1536.1 hz, 0.13 ms behind)
[0m[33m[init]: disparity is 16.439,11.707 (15.00 thresh)
[0m[33m[init]: failed static init: no accel jerk detected, platform moving too much
[0m[34m[TIME]: 0.0011 seconds total (888.9 hz, 0.14 ms behind)
[0m[34m[TIME]: 0.0005 seconds total (2016.1 hz, 0.14 ms behind)
[0m[33m[init]: disparity is 16.439,11.707 (15.00 thresh)
[0m[33m[init]: failed static init: no accel jerk detected, platform moving too much
[0m[34m[TIME]: 0.0009 seconds total (1171.0 hz, 0.14 ms behind)
[0m[34m[TIME]: 0.0005 seconds total (1934.2 hz, 0.14 ms behind)
[0m[33m[init]: disparity is 17.744,12.197 (15.00 thresh)
[0m[33m[init]: failed static init: no accel jerk detected, platform moving too much
[0m[34m[TIME]: 0.0039 seconds total (259.4 hz, 0.14 ms behind)
[0m[33m[init]: disparity is 17.744,12.197 (15.00 thresh)
[0m[33m[init]: failed static init: no accel jerk detected, platform moving too much
[0m[34m[TIME]: 0.0031 seconds total (321.8 hz, 0.15 ms behind)
[0m[33m[init]: disparity is 17.324,12.679 (15.00 thresh)
[0m[33m[init]: failed static init: no accel jerk detected, platform moving too much
[0m[34m[TIME]: 0.0010 seconds total (989.1 hz, 0.15 ms behind)
[0m[33m[init]: disparity is 17.324,12.679 (15.00 thresh)
[0m[33m[init]: failed static init: no accel jerk detected, platform moving too much
[0m[34m[TIME]: 0.0026 seconds total (389.3 hz, 0.15 ms behind)
[0m[33m[init]: disparity is 17.324,12.679 (15.00 thresh)
[0m[33m[init]: failed static init: no accel jerk detected, platform moving too much
[0m[34m[TIME]: 0.0009 seconds total (1164.1 hz, 0.15 ms behind)
[0m[33m[init]: disparity is 17.324,12.679 (15.00 thresh)
[0m[33m[init]: failed static init: no accel jerk detected, platform moving too much
[0m[34m[TIME]: 0.0026 seconds total (391.8 hz, 0.15 ms behind)
[0m[33m[init]: disparity is 17.324,12.679 (15.00 thresh)
[0m[33m[init]: failed static init: no accel jerk detected, platform moving too much
[0m[34m[TIME]: 0.0032 seconds total (313.1 hz, 0.16 ms behind)
[0m[33m[init]: disparity is 17.794,14.435 (15.00 thresh)
[0m[33m[init]: failed static init: no accel jerk detected, platform moving too much
[0m[34m[TIME]: 0.0006 seconds total (1672.2 hz, 0.16 ms behind)
[0m[33m[init]: disparity is 17.794,14.435 (15.00 thresh)
[0m[33m[init]: failed static init: no accel jerk detected, platform moving too much
[0m[34m[TIME]: 0.0004 seconds total (2403.8 hz, 0.16 ms behind)
[0m[33m[init]: disparity is 17.794,14.435 (15.00 thresh)
[0m[33m[init]: failed static init: no accel jerk detected, platform moving too much
[0m[34m[TIME]: 0.0005 seconds total (1824.8 hz, 0.16 ms behind)
[0m[33m[init]: disparity is 17.794,14.435 (15.00 thresh)
[0m[33m[init]: failed static init: no accel jerk detected, platform moving too much
[0m[34m[TIME]: 0.0004 seconds total (2427.2 hz, 0.16 ms behind)
[0m[33m[init]: disparity is 17.794,14.435 (15.00 thresh)
[0m[33m[init]: failed static init: no accel jerk detected, platform moving too much
[0m[34m[TIME]: 0.0007 seconds total (1408.5 hz, 0.17 ms behind)
[0m[34m[TIME]: 0.0005 seconds total (1862.2 hz, 0.17 ms behind)
[0m[33m[init]: disparity is 17.794,14.435 (15.00 thresh)
[0m[33m[init]: failed static init: no accel jerk detected, platform moving too much
[0m[34m[TIME]: 0.0007 seconds total (1449.3 hz, 0.17 ms behind)
[0m[33m[init]: disparity is 16.549,14.853 (15.00 thresh)
[0m[33m[init]: failed static init: no accel jerk detected, platform moving too much
[0m[34m[TIME]: 0.0025 seconds total (399.7 hz, 0.17 ms behind)
[0m[33m[init]: disparity is 16.549,14.853 (15.00 thresh)
[0m[33m[init]: failed static init: no accel jerk detected, platform moving too much
[0m[34m[TIME]: 0.0007 seconds total (1506.0 hz, 0.17 ms behind)
[0m[33m[init]: disparity is 16.549,14.853 (15.00 thresh)
[0m[33m[init]: failed static init: no accel jerk detected, platform moving too much
[0m[34m[TIME]: 0.0011 seconds total (935.5 hz, 0.18 ms behind)
[0m[33m[init]: disparity is 16.549,14.853 (15.00 thresh)
[0m[33m[init]: failed static init: no accel jerk detected, platform moving too much
[0m[34m[TIME]: 0.0007 seconds total (1492.5 hz, 0.18 ms behind)
[0m[33m[init]: disparity is 15.240,13.147 (15.00 thresh)
[0m[33m[init]: failed static init: no accel jerk detected, platform moving too much
[0m[34m[TIME]: 0.0007 seconds total (1438.8 hz, 0.18 ms behind)
[0m[33m[init]: disparity is 15.240,13.147 (15.00 thresh)
[0m[33m[init]: failed static init: no accel jerk detected, platform moving too much
[0m[34m[TIME]: 0.0005 seconds total (1949.3 hz, 0.18 ms behind)
[0m[33m[init]: disparity is 15.240,13.147 (15.00 thresh)
[0m[33m[init]: failed static init: no accel jerk detected, platform moving too much
[0m[34m[TIME]: 0.0038 seconds total (265.3 hz, 0.18 ms behind)
[0m[33m[init]: disparity is 15.240,13.147 (15.00 thresh)
[0m[33m[init]: failed static init: no accel jerk detected, platform moving too much
[0m[34m[TIME]: 0.0009 seconds total (1059.3 hz, 0.19 ms behind)
[0m[33m[init]: disparity is 13.960,14.438 (15.00 thresh)
[0m[33m[init]: failed static init: no accel jerk detected
[0m[34m[TIME]: 0.0035 seconds total (285.1 hz, 0.19 ms behind)
[0m[33m[init]: disparity is 13.960,14.438 (15.00 thresh)
[0m[33m[init]: failed static init: no accel jerk detected
[0m[34m[TIME]: 0.0006 seconds total (1607.7 hz, 0.19 ms behind)
[0m[33m[init]: disparity is 13.960,14.438 (15.00 thresh)
[0m[33m[init]: failed static init: no accel jerk detected
[0m[34m[TIME]: 0.0009 seconds total (1056.0 hz, 0.19 ms behind)
[0m[34m[TIME]: 0.0004 seconds total (2347.4 hz, 0.19 ms behind)
[0m[33m[init]: disparity is 13.960,14.438 (15.00 thresh)
[0m[33m[init]: failed static init: no accel jerk detected
[0m[34m[TIME]: 0.0010 seconds total (996.0 hz, 0.20 ms behind)
[0m[34m[TIME]: 0.0004 seconds total (2304.1 hz, 0.20 ms behind)
[0m[33m[init]: disparity is 13.906,14.300 (15.00 thresh)
[0m[33m[init]: failed static init: no accel jerk detected
[0m[34m[TIME]: 0.0026 seconds total (385.8 hz, 0.20 ms behind)
[0m[33m[init]: disparity is 13.906,14.300 (15.00 thresh)
[0m[33m[init]: failed static init: no accel jerk detected
[0m[34m[TIME]: 0.0006 seconds total (1545.6 hz, 0.20 ms behind)
[0m[33m[init]: disparity is 13.906,14.300 (15.00 thresh)
[0m[33m[init]: failed static init: no accel jerk detected
[0m[34m[TIME]: 0.0006 seconds total (1548.0 hz, 0.20 ms behind)
[0m[33m[init]: disparity is 13.906,14.300 (15.00 thresh)
[0m[33m[init]: failed static init: no accel jerk detected
[0m[34m[TIME]: 0.0010 seconds total (991.1 hz, 0.21 ms behind)
[0m[33m[init]: disparity is 13.039,13.185 (15.00 thresh)
[0m[33m[init]: failed static init: no accel jerk detected
[0m[34m[TIME]: 0.0010 seconds total (989.1 hz, 0.21 ms behind)
[0m[33m[init]: disparity is 13.039,13.185 (15.00 thresh)
[0m[33m[init]: failed static init: no accel jerk detected
[0m[34m[TIME]: 0.0006 seconds total (1636.7 hz, 0.21 ms behind)
[0m[33m[init]: disparity is 13.039,13.185 (15.00 thresh)
[0m[33m[init]: failed static init: no accel jerk detected
[0m[34m[TIME]: 0.0032 seconds total (317.5 hz, 0.21 ms behind)
[0m[33m[init]: disparity is 13.039,13.185 (15.00 thresh)
[0m[33m[init]: failed static init: no accel jerk detected
[0m[34m[TIME]: 0.0007 seconds total (1453.5 hz, 0.21 ms behind)
[0m[33m[init]: disparity is 13.039,13.185 (15.00 thresh)
[0m[33m[init]: failed static init: no accel jerk detected
[0m[34m[TIME]: 0.0008 seconds total (1305.5 hz, 0.22 ms behind)
[0m[33m[init]: disparity is 13.523,12.869 (15.00 thresh)
[0m[33m[init]: failed static init: no accel jerk detected
[0m[34m[TIME]: 0.0007 seconds total (1519.8 hz, 0.22 ms behind)
[0m[33m[init]: disparity is 13.523,12.869 (15.00 thresh)
[0m[33m[init]: failed static init: no accel jerk detected
[0m[34m[TIME]: 0.0007 seconds total (1377.4 hz, 0.22 ms behind)
[0m[33m[init]: disparity is 13.523,12.869 (15.00 thresh)
[0m[33m[init]: failed static init: no accel jerk detected
[0m[34m[TIME]: 0.0004 seconds total (2358.5 hz, 0.22 ms behind)
[0m[33m[init]: disparity is 13.523,12.869 (15.00 thresh)
[0m[33m[init]: failed static init: no accel jerk detected
[0m[34m[TIME]: 0.0026 seconds total (383.6 hz, 0.22 ms behind)
[0m[33m[init]: disparity is 13.523,12.869 (15.00 thresh)
[0m[33m[init]: failed static init: no accel jerk detected
[0m[34m[TIME]: 0.0009 seconds total (1119.8 hz, 0.23 ms behind)
[0m[33m[init]: disparity is 12.470,13.116 (15.00 thresh)
[0m[33m[init]: failed static init: no accel jerk detected
[0m[34m[TIME]: 0.0008 seconds total (1256.3 hz, 0.23 ms behind)
[0m[33m[init]: disparity is 12.470,13.116 (15.00 thresh)
[0m[33m[init]: failed static init: no accel jerk detected
[0m[34m[TIME]: 0.0038 seconds total (262.5 hz, 0.23 ms behind)
[0m[33m[init]: disparity is 12.470,13.116 (15.00 thresh)
[0m[33m[init]: failed static init: no accel jerk detected
[0m[34m[TIME]: 0.0010 seconds total (957.9 hz, 0.23 ms behind)
[0m[33m[init]: disparity is 12.470,13.116 (15.00 thresh)
[0m[33m[init]: failed static init: no accel jerk detected
[0m[34m[TIME]: 0.0006 seconds total (1748.3 hz, 0.23 ms behind)
[0m[33m[init]: disparity is 12.470,13.116 (15.00 thresh)
[0m[33m[init]: failed static init: no accel jerk detected
[0m[34m[TIME]: 0.0010 seconds total (1006.0 hz, 0.24 ms behind)
[0m[33m[init]: disparity is 11.452,12.545 (15.00 thresh)
[0m[33m[init]: failed static init: no accel jerk detected
[0m[34m[TIME]: 0.0007 seconds total (1536.1 hz, 0.24 ms behind)
[0m[33m[init]: disparity is 11.452,12.545 (15.00 thresh)
[0m[33m[init]: failed static init: no accel jerk detected
[0m[34m[TIME]: 0.0005 seconds total (1886.8 hz, 0.24 ms behind)
[0m[33m[init]: disparity is 11.452,12.545 (15.00 thresh)
[0m[33m[init]: failed static init: no accel jerk detected
[0m[34m[TIME]: 0.0007 seconds total (1428.6 hz, 0.24 ms behind)
[0m[33m[init]: disparity is 11.452,12.545 (15.00 thresh)
[0m[33m[init]: failed static init: no accel jerk detected
[0m[34m[TIME]: 0.0008 seconds total (1275.5 hz, 0.24 ms behind)
[0m[33m[init]: disparity is 11.452,12.545 (15.00 thresh)
[0m[33m[init]: failed static init: no accel jerk detected
[0m[34m[TIME]: 0.0010 seconds total (970.9 hz, 0.25 ms behind)
[0m[33m[init]: disparity is 10.520,13.335 (15.00 thresh)
[0m[33m[init]: failed static init: no accel jerk detected
[0m[34m[TIME]: 0.0006 seconds total (1538.5 hz, 0.25 ms behind)
[0m[33m[init]: disparity is 10.520,13.335 (15.00 thresh)
[0m[33m[init]: failed static init: no accel jerk detected
[0m[34m[TIME]: 0.0009 seconds total (1146.8 hz, 0.25 ms behind)
[0m[33m[init]: disparity is 10.520,13.335 (15.00 thresh)
[0m[33m[init]: failed static init: no accel jerk detected
[0m[34m[TIME]: 0.0007 seconds total (1447.2 hz, 0.25 ms behind)
[0m[33m[init]: disparity is 10.520,13.335 (15.00 thresh)
[0m[33m[init]: failed static init: no accel jerk detected
[0m[34m[TIME]: 0.0007 seconds total (1408.5 hz, 0.25 ms behind)
[0m[33m[init]: disparity is 10.520,13.335 (15.00 thresh)
[0m[33m[init]: failed static init: no accel jerk detected
[0m[34m[TIME]: 0.0011 seconds total (939.8 hz, 0.26 ms behind)
[0m[33m[init]: disparity is 9.651,13.182 (15.00 thresh)
[0m[33m[init]: failed static init: no accel jerk detected
[0m[34m[TIME]: 0.0007 seconds total (1517.5 hz, 0.26 ms behind)
[0m[33m[init]: disparity is 9.651,13.182 (15.00 thresh)
[0m[33m[init]: failed static init: no accel jerk detected
[0m[34m[TIME]: 0.0026 seconds total (386.4 hz, 0.26 ms behind)
[0m[33m[init]: disparity is 9.651,13.182 (15.00 thresh)
[0m[33m[init]: failed static init: no accel jerk detected
[0m[34m[TIME]: 0.0006 seconds total (1618.1 hz, 0.26 ms behind)
[0m[33m[init]: disparity is 9.651,13.182 (15.00 thresh)
[0m[33m[init]: failed static init: no accel jerk detected
[0m[34m[TIME]: 0.0027 seconds total (367.0 hz, 0.26 ms behind)
[0m[33m[init]: disparity is 9.651,13.182 (15.00 thresh)
[0m[33m[init]: failed static init: no accel jerk detected
[0m[34m[TIME]: 0.0011 seconds total (876.4 hz, 0.27 ms behind)
[0m[33m[init]: disparity is 10.212,14.233 (15.00 thresh)
[0m[33m[init]: failed static init: no accel jerk detected
[0m[34m[TIME]: 0.0040 seconds total (250.1 hz, 0.27 ms behind)
[0m[33m[init]: disparity is 10.212,14.233 (15.00 thresh)
[0m[33m[init]: failed static init: no accel jerk detected
[0m[34m[TIME]: 0.0006 seconds total (1692.0 hz, 0.27 ms behind)
[0m[33m[init]: disparity is 10.212,14.233 (15.00 thresh)
[0m[33m[init]: failed static init: no accel jerk detected
[0m[34m[TIME]: 0.0008 seconds total (1224.0 hz, 0.27 ms behind)
[0m[33m[init]: disparity is 10.212,14.233 (15.00 thresh)
[0m[33m[init]: failed static init: no accel jerk detected
[0m[34m[TIME]: 0.0006 seconds total (1748.3 hz, 0.27 ms behind)
[0m[33m[init]: disparity is 10.212,14.233 (15.00 thresh)
[0m[33m[init]: failed static init: no accel jerk detected
[0m[34m[TIME]: 0.0044 seconds total (225.2 hz, 0.28 ms behind)
[0m[33m[init]: disparity is 10.429,16.029 (15.00 thresh)
[0m[33m[init-s]: to much IMU excitation, above threshold 0.750 > 0.450
[0m[34m[TIME]: 0.0038 seconds total (262.3 hz, 0.28 ms behind)
[0m[33m[init]: disparity is 10.429,16.029 (15.00 thresh)
[0m[33m[init-s]: to much IMU excitation, above threshold 0.750 > 0.450
[0m[34m[TIME]: 0.0009 seconds total (1090.5 hz, 0.28 ms behind)
[0m[33m[init]: disparity is 10.429,16.029 (15.00 thresh)
[0m[33m[init-s]: to much IMU excitation, above threshold 0.750 > 0.450
[0m[34m[TIME]: 0.0007 seconds total (1447.2 hz, 0.28 ms behind)
[0m[33m[init]: disparity is 10.429,16.029 (15.00 thresh)
[0m[33m[init-s]: to much IMU excitation, above threshold 0.750 > 0.450
[0m[34m[TIME]: 0.0008 seconds total (1187.6 hz, 0.28 ms behind)
[0m[33m[init]: disparity is 10.429,16.029 (15.00 thresh)
[0m[33m[init-s]: to much IMU excitation, above threshold 0.750 > 0.450
[0m[34m[TIME]: 0.0008 seconds total (1272.3 hz, 0.29 ms behind)
[0m[34m[TIME]: 0.0005 seconds total (2016.1 hz, 0.29 ms behind)
[0m[33m[init]: disparity is 10.429,16.029 (15.00 thresh)
[0m[33m[init-s]: to much IMU excitation, above threshold 0.706 > 0.450
[0m[34m[TIME]: 0.0030 seconds total (334.8 hz, 0.29 ms behind)
[0m[33m[init]: disparity is 11.646,16.753 (15.00 thresh)
[0m[33m[init-s]: to much IMU excitation, above threshold 0.706 > 0.450
[0m[34m[TIME]: 0.0006 seconds total (1605.1 hz, 0.29 ms behind)
[0m[33m[init]: disparity is 11.646,16.753 (15.00 thresh)
[0m[33m[init-s]: to much IMU excitation, above threshold 0.706 > 0.450
[0m[34m[TIME]: 0.0006 seconds total (1739.1 hz, 0.29 ms behind)
[0m[33m[init]: disparity is 11.646,16.753 (15.00 thresh)
[0m[33m[init-s]: to much IMU excitation, above threshold 0.706 > 0.450
[0m[34m[TIME]: 0.0012 seconds total (868.8 hz, 0.30 ms behind)
[0m[33m[init]: disparity is 11.646,16.753 (15.00 thresh)
[0m[33m[init-s]: to much IMU excitation, above threshold 0.711 > 0.450
[0m[34m[TIME]: 0.0008 seconds total (1273.9 hz, 0.30 ms behind)
[0m[34m[TIME]: 0.0004 seconds total (2518.9 hz, 0.30 ms behind)
[0m[33m[init]: disparity is 11.646,16.753 (15.00 thresh)
[0m[33m[init-s]: to much IMU excitation, above threshold 0.711 > 0.450
[0m[34m[TIME]: 0.0005 seconds total (2079.0 hz, 0.30 ms behind)
[0m[33m[init]: disparity is 12.818,17.913 (15.00 thresh)
[0m[33m[init-s]: to much IMU excitation, above threshold 0.711 > 0.450
[0m[34m[TIME]: 0.0026 seconds total (384.6 hz, 0.30 ms behind)
[0m[33m[init]: disparity is 12.818,17.913 (15.00 thresh)
[0m[33m[init-s]: to much IMU excitation, above threshold 0.711 > 0.450
[0m[34m[TIME]: 0.0010 seconds total (974.7 hz, 0.31 ms behind)
[0m[33m[init]: disparity is 13.125,18.404 (15.00 thresh)
[0m[33m[init-s]: to much IMU excitation, above threshold 0.701 > 0.450
[0m[34m[TIME]: 0.0009 seconds total (1152.1 hz, 0.31 ms behind)
[0m[33m[init]: disparity is 13.125,18.404 (15.00 thresh)
[0m[33m[init-s]: to much IMU excitation, above threshold 0.701 > 0.450
[0m[34m[TIME]: 0.0009 seconds total (1092.9 hz, 0.31 ms behind)
[0m[33m[init]: disparity is 13.125,18.404 (15.00 thresh)
[0m[33m[init-s]: to much IMU excitation, above threshold 0.701 > 0.450
[0m[34m[TIME]: 0.0040 seconds total (250.1 hz, 0.31 ms behind)
[0m[33m[init]: disparity is 13.125,18.404 (15.00 thresh)
[0m[33m[init-s]: to much IMU excitation, above threshold 0.701 > 0.450
[0m[34m[TIME]: 0.0006 seconds total (1700.7 hz, 0.31 ms behind)
[0m[33m[init]: disparity is 13.125,18.404 (15.00 thresh)
[0m[33m[init-s]: to much IMU excitation, above threshold 0.701 > 0.450
[0m[34m[TIME]: 0.0013 seconds total (766.3 hz, 0.07 ms behind)
[0m[33m[init]: disparity is 12.765,18.461 (15.00 thresh)
[0m[33m[init-s]: to much IMU excitation, above threshold 0.623 > 0.450
[0m[34m[TIME]: 0.0007 seconds total (1338.7 hz, 0.07 ms behind)
[0m[33m[init]: disparity is 12.765,18.461 (15.00 thresh)
[0m[33m[init-s]: to much IMU excitation, above threshold 0.623 > 0.450
[0m[34m[TIME]: 0.0038 seconds total (260.7 hz, 0.07 ms behind)
[0m[33m[init]: disparity is 12.765,18.461 (15.00 thresh)
[0m[33m[init-s]: to much IMU excitation, above threshold 0.623 > 0.450
[0m[34m[TIME]: 0.0038 seconds total (263.5 hz, 0.07 ms behind)
[0m[33m[init]: disparity is 12.765,18.461 (15.00 thresh)
[0m[33m[init-s]: to much IMU excitation, above threshold 0.623 > 0.450
[0m[34m[TIME]: 0.0009 seconds total (1144.2 hz, 0.07 ms behind)
[0m[33m[init]: disparity is 12.765,18.461 (15.00 thresh)
[0m[33m[init-s]: to much IMU excitation, above threshold 0.623 > 0.450
[0m[34m[TIME]: 0.0009 seconds total (1109.9 hz, 0.08 ms behind)
[0m[33m[init]: disparity is 12.867,16.993 (15.00 thresh)
[0m[33m[init-s]: to much IMU excitation, above threshold 0.552 > 0.450
[0m[34m[TIME]: 0.0039 seconds total (259.6 hz, 0.08 ms behind)
[0m[33m[init]: disparity is 12.867,16.993 (15.00 thresh)
[0m[33m[init-s]: to much IMU excitation, above threshold 0.552 > 0.450
[0m[34m[TIME]: 0.0006 seconds total (1694.9 hz, 0.08 ms behind)
[0m[33m[init]: disparity is 12.867,16.993 (15.00 thresh)
[0m[33m[init-s]: to much IMU excitation, above threshold 0.552 > 0.450
[0m[34m[TIME]: 0.0005 seconds total (1845.0 hz, 0.08 ms behind)
[0m[33m[init]: disparity is 12.867,16.993 (15.00 thresh)
[0m[33m[init-s]: to much IMU excitation, above threshold 0.552 > 0.450
[0m[34m[TIME]: 0.0008 seconds total (1231.5 hz, 0.08 ms behind)
[0m[33m[init]: disparity is 12.867,16.993 (15.00 thresh)
[0m[33m[init-s]: to much IMU excitation, above threshold 0.552 > 0.450
[0m[34m[TIME]: 0.0042 seconds total (236.6 hz, 0.09 ms behind)
[0m[33m[init]: disparity is 14.528,20.196 (15.00 thresh)
[0m[33m[init-s]: to much IMU excitation, above threshold 0.606 > 0.450
[0m[34m[TIME]: 0.0006 seconds total (1639.3 hz, 0.09 ms behind)
[0m[33m[init]: disparity is 14.528,20.196 (15.00 thresh)
[0m[33m[init-s]: to much IMU excitation, above threshold 0.606 > 0.450
[0m[34m[TIME]: 0.0010 seconds total (1048.2 hz, 0.09 ms behind)
[0m[33m[init]: disparity is 14.528,20.196 (15.00 thresh)
[0m[33m[init-s]: to much IMU excitation, above threshold 0.606 > 0.450
[0m[34m[TIME]: 0.0010 seconds total (995.0 hz, 0.09 ms behind)
[0m[33m[init]: disparity is 14.528,20.196 (15.00 thresh)
[0m[33m[init-s]: to much IMU excitation, above threshold 0.606 > 0.450
[0m[34m[TIME]: 0.0039 seconds total (254.1 hz, 0.09 ms behind)
[0m[33m[init]: disparity is 14.528,20.196 (15.00 thresh)
[0m[33m[init-s]: to much IMU excitation, above threshold 0.606 > 0.450
[0m[34m[TIME]: 0.0007 seconds total (1344.1 hz, 0.11 ms behind)
[0m[33m[init]: disparity is 14.528,20.196 (15.00 thresh)
[0m[33m[init-s]: to much IMU excitation, above threshold 0.687 > 0.450
[0m[34m[TIME]: 0.0009 seconds total (1112.3 hz, 0.11 ms behind)
[0m[33m[init]: disparity is 14.528,20.196 (15.00 thresh)
[0m[33m[init-s]: to much IMU excitation, above threshold 0.687 > 0.450
[0m[34m[TIME]: 0.0039 seconds total (254.6 hz, 0.11 ms behind)
[0m[33m[init]: disparity is 13.620,21.598 (15.00 thresh)
[0m[33m[init-s]: to much IMU excitation, above threshold 0.687 > 0.450
[0m[34m[TIME]: 0.0039 seconds total (255.8 hz, 0.11 ms behind)
[0m[33m[init]: disparity is 13.620,21.598 (15.00 thresh)
[0m[33m[init-s]: to much IMU excitation, above threshold 0.687 > 0.450
[0m[34m[TIME]: 0.0006 seconds total (1763.7 hz, 0.11 ms behind)
[0m[33m[init]: disparity is 13.620,21.598 (15.00 thresh)
[0m[33m[init-s]: to much IMU excitation, above threshold 0.687 > 0.450
[0m[34m[TIME]: 0.0010 seconds total (956.0 hz, 0.12 ms behind)
[0m[33m[init]: disparity is 13.620,21.598 (15.00 thresh)
[0m[33m[init-s]: to much IMU excitation, above threshold 0.711 > 0.450
[0m[34m[TIME]: 0.0008 seconds total (1267.4 hz, 0.12 ms behind)
[0m[33m[init]: disparity is 12.718,22.709 (15.00 thresh)
[0m[33m[init-s]: to much IMU excitation, above threshold 0.711 > 0.450
[0m[34m[TIME]: 0.0006 seconds total (1757.5 hz, 0.12 ms behind)
[0m[33m[init]: disparity is 12.718,22.709 (15.00 thresh)
[0m[33m[init-s]: to much IMU excitation, above threshold 0.711 > 0.450
[0m[34m[TIME]: 0.0032 seconds total (317.4 hz, 0.12 ms behind)
[0m[33m[init]: disparity is 12.718,22.709 (15.00 thresh)
[0m[33m[init-s]: to much IMU excitation, above threshold 0.711 > 0.450
[0m[34m[TIME]: 0.0008 seconds total (1331.6 hz, 0.12 ms behind)
[0m[33m[init]: disparity is 12.718,22.709 (15.00 thresh)
[0m[33m[init-s]: to much IMU excitation, above threshold 0.711 > 0.450
[0m[34m[TIME]: 0.0010 seconds total (1038.4 hz, 0.13 ms behind)
[0m[33m[init]: disparity is 12.856,21.947 (15.00 thresh)
[0m[33m[init-s]: to much IMU excitation, above threshold 0.718 > 0.450
[0m[34m[TIME]: 0.0033 seconds total (305.3 hz, 0.13 ms behind)
[0m[33m[init]: disparity is 12.856,21.947 (15.00 thresh)
[0m[33m[init-s]: to much IMU excitation, above threshold 0.718 > 0.450
[0m[34m[TIME]: 0.0008 seconds total (1204.8 hz, 0.13 ms behind)
[0m[34m[TIME]: 0.0004 seconds total (2427.2 hz, 0.13 ms behind)
[0m[33m[init]: disparity is 12.856,21.947 (15.00 thresh)
[0m[33m[init-s]: to much IMU excitation, above threshold 0.718 > 0.450
[0m[34m[TIME]: 0.0026 seconds total (380.4 hz, 0.13 ms behind)
[0m[33m[init]: disparity is 12.856,21.947 (15.00 thresh)
[0m[33m[init-s]: to much IMU excitation, above threshold 0.718 > 0.450
[0m[34m[TIME]: 0.0033 seconds total (301.5 hz, 0.14 ms behind)
[0m[34m[TIME]: 0.0004 seconds total (2403.8 hz, 0.14 ms behind)
[0m[33m[init]: disparity is 13.116,20.272 (15.00 thresh)
[0m[33m[init-s]: to much IMU excitation, above threshold 0.697 > 0.450
[0m[34m[TIME]: 0.0005 seconds total (1821.5 hz, 0.14 ms behind)
[0m[33m[init]: disparity is 13.116,20.272 (15.00 thresh)
[0m[33m[init-s]: to much IMU excitation, above threshold 0.697 > 0.450
[0m[34m[TIME]: 0.0009 seconds total (1075.3 hz, 0.14 ms behind)
[0m[33m[init]: disparity is 13.116,20.272 (15.00 thresh)
[0m[33m[init-s]: to much IMU excitation, above threshold 0.697 > 0.450
[0m[34m[TIME]: 0.0026 seconds total (391.5 hz, 0.14 ms behind)
[0m[33m[init]: disparity is 13.116,20.272 (15.00 thresh)
[0m[33m[init-s]: to much IMU excitation, above threshold 0.697 > 0.450
[0m[34m[TIME]: 0.0007 seconds total (1396.6 hz, 0.15 ms behind)
[0m[33m[init]: disparity is 13.116,20.272 (15.00 thresh)
[0m[33m[init-s]: to much IMU excitation, above threshold 0.662 > 0.450
[0m[34m[TIME]: 0.0009 seconds total (1054.9 hz, 0.15 ms behind)
[0m[33m[init]: disparity is 13.116,20.272 (15.00 thresh)
[0m[33m[init-s]: to much IMU excitation, above threshold 0.662 > 0.450
[0m[34m[TIME]: 0.0039 seconds total (255.4 hz, 0.15 ms behind)
[0m[33m[init]: disparity is 12.465,18.271 (15.00 thresh)
[0m[33m[init-s]: to much IMU excitation, above threshold 0.662 > 0.450
[0m[34m[TIME]: 0.0039 seconds total (258.5 hz, 0.15 ms behind)
[0m[33m[init]: disparity is 12.465,18.271 (15.00 thresh)
[0m[33m[init-s]: to much IMU excitation, above threshold 0.662 > 0.450
[0m[34m[TIME]: 0.0006 seconds total (1686.3 hz, 0.15 ms behind)
[0m[33m[init]: disparity is 12.465,18.271 (15.00 thresh)
[0m[33m[init-s]: to much IMU excitation, above threshold 0.662 > 0.450
[0m[34m[TIME]: 0.0010 seconds total (1051.5 hz, 0.16 ms behind)
[0m[33m[init]: disparity is 12.465,18.271 (15.00 thresh)
[0m[33m[init-s]: to much IMU excitation, above threshold 0.671 > 0.450
[0m[34m[TIME]: 0.0027 seconds total (376.9 hz, 0.16 ms behind)
[0m[34m[TIME]: 0.0004 seconds total (2331.0 hz, 0.16 ms behind)
[0m[33m[init]: disparity is 13.610,15.842 (15.00 thresh)
[0m[33m[init-s]: to much IMU excitation, above threshold 0.671 > 0.450
[0m[34m[TIME]: 0.0005 seconds total (2118.6 hz, 0.16 ms behind)
[0m[33m[init]: disparity is 13.610,15.842 (15.00 thresh)
[0m[33m[init-s]: to much IMU excitation, above threshold 0.671 > 0.450
[0m[34m[TIME]: 0.0007 seconds total (1470.6 hz, 0.16 ms behind)
[0m[33m[init]: disparity is 13.610,15.842 (15.00 thresh)
[0m[33m[init-s]: to much IMU excitation, above threshold 0.671 > 0.450
[0m[34m[TIME]: 0.0010 seconds total (1035.2 hz, 0.17 ms behind)
[0m[33m[init]: disparity is 14.060,15.123 (15.00 thresh)
[0m[33m[init-s]: to much IMU excitation, above threshold 0.705 > 0.450
[0m[34m[TIME]: 0.0029 seconds total (339.6 hz, 0.17 ms behind)
[0m[33m[init]: disparity is 14.060,15.123 (15.00 thresh)
[0m[33m[init-s]: to much IMU excitation, above threshold 0.705 > 0.450
[0m[34m[TIME]: 0.0010 seconds total (1013.2 hz, 0.17 ms behind)
[0m[33m[init]: disparity is 14.060,15.123 (15.00 thresh)
[0m[33m[init-s]: to much IMU excitation, above threshold 0.705 > 0.450
[0m[34m[TIME]: 0.0008 seconds total (1186.2 hz, 0.17 ms behind)
[0m[33m[init]: disparity is 14.060,15.123 (15.00 thresh)
[0m[33m[init-s]: to much IMU excitation, above threshold 0.705 > 0.450
[0m[34m[TIME]: 0.0007 seconds total (1449.3 hz, 0.17 ms behind)
[0m[33m[init]: disparity is 14.060,15.123 (15.00 thresh)
[0m[33m[init-s]: to much IMU excitation, above threshold 0.705 > 0.450
[0m[34m[TIME]: 0.0012 seconds total (831.3 hz, 0.18 ms behind)
[0m[33m[init]: disparity is 15.080,14.054 (15.00 thresh)
[0m[33m[init]: failed static init: no accel jerk detected, platform moving too much
[0m[34m[TIME]: 0.0006 seconds total (1785.7 hz, 0.18 ms behind)
[0m[33m[init]: disparity is 15.080,14.054 (15.00 thresh)
[0m[33m[init]: failed static init: no accel jerk detected, platform moving too much
[0m[34m[TIME]: 0.0039 seconds total (257.7 hz, 0.18 ms behind)
[0m[33m[init]: disparity is 15.080,14.054 (15.00 thresh)
[0m[33m[init]: failed static init: no accel jerk detected, platform moving too much
[0m[34m[TIME]: 0.0009 seconds total (1171.0 hz, 0.18 ms behind)
[0m[33m[init]: disparity is 15.080,14.054 (15.00 thresh)
[0m[33m[init]: failed static init: no accel jerk detected, platform moving too much
[0m[34m[TIME]: 0.0039 seconds total (259.5 hz, 0.18 ms behind)
[0m[33m[init]: disparity is 15.080,14.054 (15.00 thresh)
[0m[33m[init]: failed static init: no accel jerk detected, platform moving too much
[0m[34m[TIME]: 0.0010 seconds total (1035.2 hz, 0.19 ms behind)
[0m[33m[init]: disparity is 16.045,13.747 (15.00 thresh)
[0m[33m[init]: failed static init: no accel jerk detected, platform moving too much
[0m[34m[TIME]: 0.0008 seconds total (1228.5 hz, 0.19 ms behind)
[0m[34m[TIME]: 0.0004 seconds total (2531.6 hz, 0.19 ms behind)
[0m[33m[init]: disparity is 16.045,13.747 (15.00 thresh)
[0m[33m[init]: failed static init: no accel jerk detected, platform moving too much
[0m[34m[TIME]: 0.0026 seconds total (383.4 hz, 0.19 ms behind)
[0m[34m[TIME]: 0.0004 seconds total (2304.1 hz, 0.19 ms behind)
[0m[33m[init]: disparity is 16.045,13.747 (15.00 thresh)
[0m[33m[init]: failed static init: no accel jerk detected, platform moving too much
[0m[34m[TIME]: 0.0012 seconds total (845.3 hz, 0.20 ms behind)
[0m[33m[init]: disparity is 17.085,14.031 (15.00 thresh)
[0m[33m[init]: failed static init: no accel jerk detected, platform moving too much
[0m[34m[TIME]: 0.0007 seconds total (1406.5 hz, 0.20 ms behind)
[0m[33m[init]: disparity is 17.085,14.031 (15.00 thresh)
[0m[33m[init]: failed static init: no accel jerk detected, platform moving too much
[0m[34m[TIME]: 0.0009 seconds total (1089.3 hz, 0.20 ms behind)
[0m[33m[init]: disparity is 17.085,14.031 (15.00 thresh)
[0m[33m[init]: failed static init: no accel jerk detected, platform moving too much
[0m[34m[TIME]: 0.0006 seconds total (1798.6 hz, 0.20 ms behind)
[0m[33m[init]: disparity is 17.085,14.031 (15.00 thresh)
[0m[33m[init]: failed static init: no accel jerk detected, platform moving too much
[0m[34m[TIME]: 0.0008 seconds total (1262.6 hz, 0.20 ms behind)
[0m[33m[init]: disparity is 17.085,14.031 (15.00 thresh)
[0m[33m[init]: failed static init: no accel jerk detected, platform moving too much
[0m[34m[TIME]: 0.0009 seconds total (1091.7 hz, 0.21 ms behind)
[0m[33m[init]: disparity is 17.878,15.234 (15.00 thresh)
[0m[33m[init]: failed static init: no accel jerk detected, platform moving too much
[0m[34m[TIME]: 0.0007 seconds total (1453.5 hz, 0.21 ms behind)
[0m[33m[init]: disparity is 17.878,15.234 (15.00 thresh)
[0m[33m[init]: failed static init: no accel jerk detected, platform moving too much
[0m[34m[TIME]: 0.0030 seconds total (338.2 hz, 0.21 ms behind)
[0m[33m[init]: disparity is 17.878,15.234 (15.00 thresh)
[0m[33m[init]: failed static init: no accel jerk detected, platform moving too much
[0m[34m[TIME]: 0.0008 seconds total (1257.9 hz, 0.21 ms behind)
[0m[33m[init]: disparity is 17.878,15.234 (15.00 thresh)
[0m[33m[init]: failed static init: no accel jerk detected, platform moving too much
[0m[34m[TIME]: 0.0006 seconds total (1592.4 hz, 0.21 ms behind)
[0m[33m[init]: disparity is 17.878,15.234 (15.00 thresh)
[0m[33m[init]: failed static init: no accel jerk detected, platform moving too much
[0m[34m[TIME]: 0.0027 seconds total (368.5 hz, 0.22 ms behind)
[0m[33m[init]: disparity is 17.019,14.698 (15.00 thresh)
[0m[33m[init]: failed static init: no accel jerk detected, platform moving too much
[0m[34m[TIME]: 0.0006 seconds total (1730.1 hz, 0.22 ms behind)
[0m[34m[TIME]: 0.0004 seconds total (2739.7 hz, 0.22 ms behind)
[0m[33m[init]: disparity is 17.019,14.698 (15.00 thresh)
[0m[33m[init]: failed static init: no accel jerk detected, platform moving too much
[0m[34m[TIME]: 0.0025 seconds total (394.0 hz, 0.22 ms behind)
[0m[33m[init]: disparity is 17.019,14.698 (15.00 thresh)
[0m[33m[init]: failed static init: no accel jerk detected, platform moving too much
[0m[34m[TIME]: 0.0026 seconds total (379.5 hz, 0.22 ms behind)
[0m[33m[init]: disparity is 17.019,14.698 (15.00 thresh)
[0m[33m[init]: failed static init: no accel jerk detected, platform moving too much
[0m[34m[TIME]: 0.0040 seconds total (249.7 hz, 0.23 ms behind)
[0m[33m[init]: disparity is 18.081,14.646 (15.00 thresh)
[0m[33m[init]: failed static init: no accel jerk detected, platform moving too much
[0m[34m[TIME]: 0.0007 seconds total (1387.0 hz, 0.23 ms behind)
[0m[33m[init]: disparity is 18.081,14.646 (15.00 thresh)
[0m[33m[init]: failed static init: no accel jerk detected, platform moving too much
[0m[34m[TIME]: 0.0010 seconds total (969.0 hz, 0.23 ms behind)
[0m[33m[init]: disparity is 18.081,14.646 (15.00 thresh)
[0m[33m[init]: failed static init: no accel jerk detected, platform moving too much
[0m[34m[TIME]: 0.0006 seconds total (1773.0 hz, 0.23 ms behind)
[0m[33m[init]: disparity is 18.081,14.646 (15.00 thresh)
[0m[33m[init]: failed static init: no accel jerk detected, platform moving too much
[0m[34m[TIME]: 0.0005 seconds total (1834.9 hz, 0.23 ms behind)
[0m[33m[init]: disparity is 18.081,14.646 (15.00 thresh)
[0m[33m[init]: failed static init: no accel jerk detected, platform moving too much
[0m[34m[TIME]: 0.0007 seconds total (1353.2 hz, 0.24 ms behind)
[0m[33m[init]: disparity is 18.081,14.646 (15.00 thresh)
[0m[33m[init]: failed static init: no accel jerk detected, platform moving too much
[0m[34m[TIME]: 0.0008 seconds total (1312.3 hz, 0.24 ms behind)
[0m[33m[init]: disparity is 17.336,14.775 (15.00 thresh)
[0m[33m[init]: failed static init: no accel jerk detected, platform moving too much
[0m[34m[TIME]: 0.0039 seconds total (255.3 hz, 0.24 ms behind)
[0m[33m[init]: disparity is 17.336,14.775 (15.00 thresh)
[0m[33m[init]: failed static init: no accel jerk detected, platform moving too much
[0m[34m[TIME]: 0.0011 seconds total (947.9 hz, 0.24 ms behind)
[0m[33m[init]: disparity is 17.336,14.775 (15.00 thresh)
[0m[33m[init]: failed static init: no accel jerk detected, platform moving too much
[0m[34m[TIME]: 0.0008 seconds total (1307.2 hz, 0.24 ms behind)
[0m[33m[init]: disparity is 17.336,14.775 (15.00 thresh)
[0m[33m[init]: failed static init: no accel jerk detected, platform moving too much
[0m[34m[TIME]: 0.0011 seconds total (890.5 hz, 0.25 ms behind)
[0m[33m[init]: disparity is 17.336,14.775 (15.00 thresh)
[0m[33m[init]: failed static init: no accel jerk detected, platform moving too much
[0m[34m[TIME]: 0.0035 seconds total (286.9 hz, 0.25 ms behind)
[0m[34m[TIME]: 0.0004 seconds total (2445.0 hz, 0.25 ms behind)
[0m[33m[init]: disparity is 18.871,15.157 (15.00 thresh)
[0m[33m[init]: failed static init: no accel jerk detected, platform moving too much
[0m[34m[TIME]: 0.0009 seconds total (1068.4 hz, 0.25 ms behind)
[0m[33m[init]: disparity is 18.871,15.157 (15.00 thresh)
[0m[33m[init]: failed static init: no accel jerk detected, platform moving too much
[0m[34m[TIME]: 0.0026 seconds total (379.8 hz, 0.25 ms behind)
[0m[33m[init]: disparity is 18.871,15.157 (15.00 thresh)
[0m[33m[init]: failed static init: no accel jerk detected, platform moving too much
[0m[34m[TIME]: 0.0010 seconds total (991.1 hz, 0.26 ms behind)
[0m[33m[init]: disparity is 19.598,15.342 (15.00 thresh)
[0m[33m[init]: failed static init: no accel jerk detected, platform moving too much
[0m[34m[TIME]: 0.0039 seconds total (258.7 hz, 0.26 ms behind)
[0m[33m[init]: disparity is 19.598,15.342 (15.00 thresh)
[0m[33m[init]: failed static init: no accel jerk detected, platform moving too much
[0m[34m[TIME]: 0.0011 seconds total (882.6 hz, 0.26 ms behind)
[0m[33m[init]: disparity is 19.598,15.342 (15.00 thresh)
[0m[33m[init]: failed static init: no accel jerk detected, platform moving too much
[0m[34m[TIME]: 0.0040 seconds total (251.1 hz, 0.26 ms behind)
[0m[33m[init]: disparity is 19.598,15.342 (15.00 thresh)
[0m[33m[init]: failed static init: no accel jerk detected, platform moving too much
[0m[34m[TIME]: 0.0006 seconds total (1680.7 hz, 0.26 ms behind)
[0m[33m[init]: disparity is 19.598,15.342 (15.00 thresh)
[0m[33m[init]: failed static init: no accel jerk detected, platform moving too much
[0m[34m[TIME]: 0.0010 seconds total (1014.2 hz, 0.27 ms behind)
[0m[33m[init]: disparity is 20.797,15.471 (15.00 thresh)
[0m[33m[init]: failed static init: no accel jerk detected, platform moving too much
[0m[34m[TIME]: 0.0005 seconds total (1851.9 hz, 0.27 ms behind)
[0m[33m[init]: disparity is 20.797,15.471 (15.00 thresh)
[0m[33m[init]: failed static init: no accel jerk detected, platform moving too much
[0m[34m[TIME]: 0.0008 seconds total (1298.7 hz, 0.27 ms behind)
[0m[33m[init]: disparity is 20.797,15.471 (15.00 thresh)
[0m[33m[init]: failed static init: no accel jerk detected, platform moving too much
[0m[34m[TIME]: 0.0005 seconds total (2074.7 hz, 0.27 ms behind)
[0m[33m[init]: disparity is 20.797,15.471 (15.00 thresh)
[0m[33m[init]: failed static init: no accel jerk detected, platform moving too much
[0m[34m[TIME]: 0.0007 seconds total (1416.4 hz, 0.27 ms behind)
[0m[33m[init]: disparity is 20.797,15.471 (15.00 thresh)
[0m[33m[init]: failed static init: no accel jerk detected, platform moving too much
[0m[34m[TIME]: 0.0042 seconds total (239.4 hz, 0.28 ms behind)
[0m[33m[init]: disparity is 20.672,14.695 (15.00 thresh)
[0m[33m[init]: failed static init: no accel jerk detected, platform moving too much
[0m[34m[TIME]: 0.0010 seconds total (955.1 hz, 0.28 ms behind)
[0m[33m[init]: disparity is 20.672,14.695 (15.00 thresh)
[0m[33m[init]: failed static init: no accel jerk detected, platform moving too much
[0m[34m[TIME]: 0.0038 seconds total (262.3 hz, 0.28 ms behind)
[0m[33m[init]: disparity is 20.672,14.695 (15.00 thresh)
[0m[33m[init]: failed static init: no accel jerk detected, platform moving too much
[0m[34m[TIME]: 0.0010 seconds total (1020.4 hz, 0.28 ms behind)
[0m[33m[init]: disparity is 20.672,14.695 (15.00 thresh)
[0m[33m[init]: failed static init: no accel jerk detected, platform moving too much
[0m[34m[TIME]: 0.0010 seconds total (998.0 hz, 0.28 ms behind)
[0m[33m[init]: disparity is 20.672,14.695 (15.00 thresh)
[0m[33m[init]: failed static init: no accel jerk detected, platform moving too much
[0m[34m[TIME]: 0.0033 seconds total (302.8 hz, 0.29 ms behind)
[0m[33m[init]: disparity is 20.923,15.343 (15.00 thresh)
[0m[33m[init]: failed static init: no accel jerk detected, platform moving too much
[0m[34m[TIME]: 0.0007 seconds total (1462.0 hz, 0.29 ms behind)
[0m[34m[TIME]: 0.0004 seconds total (2398.1 hz, 0.29 ms behind)
[0m[33m[init]: disparity is 20.923,15.343 (15.00 thresh)
[0m[33m[init]: failed static init: no accel jerk detected, platform moving too much
[0m[34m[TIME]: 0.0008 seconds total (1285.3 hz, 0.29 ms behind)
[0m[33m[init]: disparity is 20.923,15.343 (15.00 thresh)
[0m[33m[init]: failed static init: no accel jerk detected, platform moving too much
[0m[34m[TIME]: 0.0026 seconds total (385.5 hz, 0.29 ms behind)
[0m[33m[init]: disparity is 20.923,15.343 (15.00 thresh)
[0m[33m[init]: failed static init: no accel jerk detected, platform moving too much
[0m[34m[TIME]: 0.0007 seconds total (1368.0 hz, 0.05 ms behind)
[0m[33m[init]: disparity is 20.923,15.343 (15.00 thresh)
[0m[33m[init]: failed static init: no accel jerk detected, platform moving too much
[0m[34m[TIME]: 0.0027 seconds total (374.1 hz, 0.05 ms behind)
[0m[33m[init]: disparity is 20.104,17.611 (15.00 thresh)
[0m[33m[init]: failed static init: no accel jerk detected, platform moving too much
[0m[34m[TIME]: 0.0008 seconds total (1305.5 hz, 0.05 ms behind)
[0m[33m[init]: disparity is 20.104,17.611 (15.00 thresh)
[0m[33m[init]: failed static init: no accel jerk detected, platform moving too much
[0m[34m[TIME]: 0.0026 seconds total (390.5 hz, 0.05 ms behind)
[0m[33m[init]: disparity is 20.104,17.611 (15.00 thresh)
[0m[33m[init]: failed static init: no accel jerk detected, platform moving too much
[0m[34m[TIME]: 0.0003 seconds total (2967.4 hz, 0.05 ms behind)
[0m[33m[init]: disparity is 20.104,17.611 (15.00 thresh)
[0m[33m[init]: failed static init: no accel jerk detected, platform moving too much
[0m[34m[TIME]: 0.0013 seconds total (780.6 hz, 0.06 ms behind)
[0m[33m[init]: disparity is 20.104,17.611 (15.00 thresh)
[0m[33m[init]: failed static init: no accel jerk detected, platform moving too much
[0m[34m[TIME]: 0.0041 seconds total (242.4 hz, 0.06 ms behind)
[0m[33m[init]: disparity is 18.568,17.459 (15.00 thresh)
[0m[33m[init]: failed static init: no accel jerk detected, platform moving too much
[0m[34m[TIME]: 0.0010 seconds total (1028.8 hz, 0.06 ms behind)
[0m[33m[init]: disparity is 18.568,17.459 (15.00 thresh)
[0m[33m[init]: failed static init: no accel jerk detected, platform moving too much
[0m[34m[TIME]: 0.0005 seconds total (2040.8 hz, 0.06 ms behind)
[0m[33m[init]: disparity is 18.568,17.459 (15.00 thresh)
[0m[33m[init]: failed static init: no accel jerk detected, platform moving too much
[0m[34m[TIME]: 0.0008 seconds total (1237.6 hz, 0.06 ms behind)
[0m[33m[init]: disparity is 18.568,17.459 (15.00 thresh)
[0m[33m[init]: failed static init: no accel jerk detected, platform moving too much
[0m[34m[TIME]: 0.0012 seconds total (863.6 hz, 0.07 ms behind)
[0m[34m[TIME]: 0.0005 seconds total (2164.5 hz, 0.07 ms behind)
[0m[33m[init]: disparity is 17.588,18.838 (15.00 thresh)
[0m[33m[init]: failed static init: no accel jerk detected, platform moving too much
[0m[34m[TIME]: 0.0026 seconds total (378.2 hz, 0.07 ms behind)
[0m[33m[init]: disparity is 17.588,18.838 (15.00 thresh)
[0m[33m[init]: failed static init: no accel jerk detected, platform moving too much
[0m[34m[TIME]: 0.0009 seconds total (1127.4 hz, 0.07 ms behind)
[0m[33m[init]: disparity is 17.588,18.838 (15.00 thresh)
[0m[33m[init]: failed static init: no accel jerk detected, platform moving too much
[0m[34m[TIME]: 0.0007 seconds total (1464.1 hz, 0.07 ms behind)
[0m[33m[init]: disparity is 17.588,18.838 (15.00 thresh)
[0m[33m[init]: failed static init: no accel jerk detected, platform moving too much
[0m[34m[TIME]: 0.0039 seconds total (255.7 hz, 0.08 ms behind)
[0m[33m[init]: disparity is 15.571,17.227 (15.00 thresh)
[0m[33m[init]: failed static init: no accel jerk detected, platform moving too much
[0m[34m[TIME]: 0.0008 seconds total (1216.5 hz, 0.08 ms behind)
[0m[33m[init]: disparity is 15.571,17.227 (15.00 thresh)
[0m[33m[init]: failed static init: no accel jerk detected, platform moving too much
[0m[34m[TIME]: 0.0005 seconds total (2136.8 hz, 0.08 ms behind)
[0m[33m[init]: disparity is 15.571,17.227 (15.00 thresh)
[0m[33m[init]: failed static init: no accel jerk detected, platform moving too much
[0m[34m[TIME]: 0.0008 seconds total (1269.0 hz, 0.08 ms behind)
[0m[33m[init]: disparity is 15.571,17.227 (15.00 thresh)
[0m[33m[init]: failed static init: no accel jerk detected, platform moving too much
[0m[34m[TIME]: 0.0027 seconds total (374.3 hz, 0.08 ms behind)
[0m[33m[init]: disparity is 15.571,17.227 (15.00 thresh)
[0m[33m[init]: failed static init: no accel jerk detected, platform moving too much
[0m[34m[TIME]: 0.0009 seconds total (1077.6 hz, 0.09 ms behind)
[0m[33m[init]: disparity is 15.571,17.227 (15.00 thresh)
[0m[33m[init]: failed static init: no accel jerk detected, platform moving too much
[0m[34m[TIME]: 0.0007 seconds total (1336.9 hz, 0.09 ms behind)
[0m[33m[init]: disparity is 14.168,16.107 (15.00 thresh)
[0m[33m[init-s]: to much IMU excitation, above threshold 0.454 > 0.450
[0m[34m[TIME]: 0.0008 seconds total (1302.1 hz, 0.09 ms behind)
[0m[33m[init]: disparity is 14.168,16.107 (15.00 thresh)
[0m[33m[init-s]: to much IMU excitation, above threshold 0.454 > 0.450
[0m[34m[TIME]: 0.0026 seconds total (384.2 hz, 0.09 ms behind)
[0m[34m[TIME]: 0.0004 seconds total (2232.1 hz, 0.09 ms behind)
[0m[33m[init]: disparity is 14.168,16.107 (15.00 thresh)
[0m[33m[init-s]: to much IMU excitation, above threshold 0.454 > 0.450
[0m[34m[TIME]: 0.0012 seconds total (801.3 hz, 0.10 ms behind)
[0m[33m[init]: disparity is 14.168,16.107 (15.00 thresh)
[0m[33m[init-s]: to much IMU excitation, above threshold 0.544 > 0.450
[0m[34m[TIME]: 0.0041 seconds total (244.5 hz, 0.10 ms behind)
[0m[33m[init]: disparity is 14.039,14.704 (15.00 thresh)
[0m[33m[init]: failed static init: no accel jerk detected
[0m[34m[TIME]: 0.0010 seconds total (1028.8 hz, 0.10 ms behind)
[0m[33m[init]: disparity is 14.039,14.704 (15.00 thresh)
[0m[33m[init]: failed static init: no accel jerk detected
[0m[34m[TIME]: 0.0006 seconds total (1703.6 hz, 0.10 ms behind)
[0m[33m[init]: disparity is 14.039,14.704 (15.00 thresh)
[0m[33m[init]: failed static init: no accel jerk detected
[0m[34m[TIME]: 0.0010 seconds total (959.7 hz, 0.10 ms behind)
[0m[33m[init]: disparity is 14.039,14.704 (15.00 thresh)
[0m[33m[init]: failed static init: no accel jerk detected
[0m[34m[TIME]: 0.0011 seconds total (904.2 hz, 0.12 ms behind)
[0m[33m[init]: disparity is 15.278,13.513 (15.00 thresh)
[0m[33m[init]: failed static init: no accel jerk detected, platform moving too much
[0m[34m[TIME]: 0.0006 seconds total (1745.2 hz, 0.12 ms behind)
[0m[33m[init]: disparity is 15.278,13.513 (15.00 thresh)
[0m[33m[init]: failed static init: no accel jerk detected, platform moving too much
[0m[34m[TIME]: 0.0038 seconds total (263.0 hz, 0.12 ms behind)
[0m[33m[init]: disparity is 15.278,13.513 (15.00 thresh)
[0m[33m[init]: failed static init: no accel jerk detected, platform moving too much
[0m[34m[TIME]: 0.0010 seconds total (975.6 hz, 0.12 ms behind)
[0m[33m[init]: disparity is 15.278,13.513 (15.00 thresh)
[0m[33m[init]: failed static init: no accel jerk detected, platform moving too much
[0m[34m[TIME]: 0.0039 seconds total (254.4 hz, 0.12 ms behind)
[0m[33m[init]: disparity is 15.278,13.513 (15.00 thresh)
[0m[33m[init]: failed static init: no accel jerk detected, platform moving too much
[0m[34m[TIME]: 0.0036 seconds total (278.2 hz, 0.12 ms behind)
[0m[33m[init]: disparity is 14.685,12.168 (15.00 thresh)
[0m[33m[init]: failed static init: no accel jerk detected
[0m[34m[TIME]: 0.0008 seconds total (1272.3 hz, 0.12 ms behind)
[0m[34m[TIME]: 0.0004 seconds total (2375.3 hz, 0.12 ms behind)
[0m[33m[init]: disparity is 14.685,12.168 (15.00 thresh)
[0m[33m[init]: failed static init: no accel jerk detected
[0m[34m[TIME]: 0.0006 seconds total (1779.4 hz, 0.12 ms behind)
[0m[34m[TIME]: 0.0004 seconds total (2493.8 hz, 0.12 ms behind)
[0m[33m[init]: disparity is 14.685,12.168 (15.00 thresh)
[0m[33m[init]: failed static init: no accel jerk detected
[0m[34m[TIME]: 0.0008 seconds total (1221.0 hz, 0.14 ms behind)
[0m[33m[init]: disparity is 14.685,12.168 (15.00 thresh)
[0m[33m[init]: failed static init: no accel jerk detected
[0m[34m[TIME]: 0.0010 seconds total (1050.4 hz, 0.14 ms behind)
[0m[33m[init]: disparity is 15.683,12.281 (15.00 thresh)
[0m[33m[init]: failed static init: no accel jerk detected, platform moving too much
[0m[34m[TIME]: 0.0011 seconds total (912.4 hz, 0.14 ms behind)
[0m[33m[init]: disparity is 15.683,12.281 (15.00 thresh)
[0m[33m[init]: failed static init: no accel jerk detected, platform moving too much
[0m[34m[TIME]: 0.0040 seconds total (252.8 hz, 0.14 ms behind)
[0m[33m[init]: disparity is 15.683,12.281 (15.00 thresh)
[0m[33m[init]: failed static init: no accel jerk detected, platform moving too much
[0m[34m[TIME]: 0.0011 seconds total (924.2 hz, 0.14 ms behind)
[0m[33m[init]: disparity is 15.683,12.281 (15.00 thresh)
[0m[33m[init]: failed static init: no accel jerk detected, platform moving too much
[0m[34m[TIME]: 0.0013 seconds total (753.0 hz, 0.15 ms behind)
[0m[33m[init]: disparity is 15.683,12.281 (15.00 thresh)
[0m[33m[init]: failed static init: no accel jerk detected, platform moving too much
[0m[34m[TIME]: 0.0038 seconds total (264.1 hz, 0.15 ms behind)
[0m[33m[init]: disparity is 15.955,12.604 (15.00 thresh)
[0m[33m[init]: failed static init: no accel jerk detected, platform moving too much
[0m[34m[TIME]: 0.0008 seconds total (1193.3 hz, 0.15 ms behind)
[0m[34m[TIME]: 0.0004 seconds total (2398.1 hz, 0.15 ms behind)
[0m[33m[init]: disparity is 15.955,12.604 (15.00 thresh)
[0m[33m[init]: failed static init: no accel jerk detected, platform moving too much
[0m[34m[TIME]: 0.0006 seconds total (1730.1 hz, 0.15 ms behind)
[0m[33m[init]: disparity is 15.955,12.604 (15.00 thresh)
[0m[33m[init]: failed static init: no accel jerk detected, platform moving too much
[0m[34m[TIME]: 0.0011 seconds total (920.8 hz, 0.16 ms behind)
[0m[33m[init]: disparity is 15.427,12.330 (15.00 thresh)
[0m[33m[init]: failed static init: no accel jerk detected, platform moving too much
[0m[34m[TIME]: 0.0006 seconds total (1773.0 hz, 0.16 ms behind)
[0m[34m[TIME]: 0.0039 seconds total (255.2 hz, 0.16 ms behind)
[0m[33m[init]: disparity is 15.427,12.330 (15.00 thresh)
[0m[33m[init]: failed static init: no accel jerk detected, platform moving too much
[0m[34m[TIME]: 0.0011 seconds total (909.1 hz, 0.16 ms behind)
[0m[33m[init]: disparity is 15.427,12.330 (15.00 thresh)
[0m[33m[init]: failed static init: no accel jerk detected, platform moving too much
[0m[34m[TIME]: 0.0034 seconds total (289.9 hz, 0.16 ms behind)
[0m[33m[init]: disparity is 15.427,12.330 (15.00 thresh)
[0m[33m[init]: failed static init: no accel jerk detected, platform moving too much
[0m[34m[TIME]: 0.0032 seconds total (311.6 hz, 0.17 ms behind)
[0m[33m[init]: disparity is 15.194,12.866 (15.00 thresh)
[0m[33m[init]: failed static init: no accel jerk detected, platform moving too much
[0m[34m[TIME]: 0.0008 seconds total (1234.6 hz, 0.17 ms behind)
[0m[33m[init]: disparity is 15.194,12.866 (15.00 thresh)
[0m[33m[init]: failed static init: no accel jerk detected, platform moving too much
[0m[34m[TIME]: 0.0005 seconds total (2145.9 hz, 0.17 ms behind)
[0m[33m[init]: disparity is 15.194,12.866 (15.00 thresh)
[0m[33m[init]: failed static init: no accel jerk detected, platform moving too much
[0m[34m[TIME]: 0.0006 seconds total (1587.3 hz, 0.17 ms behind)
[0m[33m[init]: disparity is 15.194,12.866 (15.00 thresh)
[0m[33m[init]: failed static init: no accel jerk detected, platform moving too much
[0m[34m[TIME]: 0.0004 seconds total (2247.2 hz, 0.17 ms behind)
[0m[33m[init]: disparity is 15.194,12.866 (15.00 thresh)
[0m[33m[init]: failed static init: no accel jerk detected, platform moving too much
[0m[34m[TIME]: 0.0043 seconds total (233.5 hz, 0.18 ms behind)
[0m[33m[init]: disparity is 14.894,12.132 (15.00 thresh)
[0m[33m[init]: failed static init: no accel jerk detected
[0m[34m[TIME]: 0.0008 seconds total (1222.5 hz, 0.18 ms behind)
[0m[33m[init]: disparity is 14.894,12.132 (15.00 thresh)
[0m[33m[init]: failed static init: no accel jerk detected
[0m[34m[TIME]: 0.0009 seconds total (1154.7 hz, 0.18 ms behind)
[0m[33m[init]: disparity is 14.894,12.132 (15.00 thresh)
[0m[33m[init]: failed static init: no accel jerk detected
[0m[34m[TIME]: 0.0040 seconds total (250.9 hz, 0.18 ms behind)
[0m[33m[init]: disparity is 14.894,12.132 (15.00 thresh)
[0m[33m[init]: failed static init: no accel jerk detected
[0m[34m[TIME]: 0.0010 seconds total (983.3 hz, 0.18 ms behind)
[0m[33m[init]: disparity is 14.894,12.132 (15.00 thresh)
[0m[33m[init]: failed static init: no accel jerk detected
[0m[34m[TIME]: 0.0007 seconds total (1373.6 hz, 0.19 ms behind)
[0m[33m[init]: disparity is 14.894,12.132 (15.00 thresh)
[0m[33m[init]: failed static init: no accel jerk detected
[0m[34m[TIME]: 0.0008 seconds total (1331.6 hz, 0.19 ms behind)
[0m[33m[init]: disparity is 13.965,12.479 (15.00 thresh)
[0m[33m[init]: failed static init: no accel jerk detected
[0m[34m[TIME]: 0.0039 seconds total (258.2 hz, 0.19 ms behind)
[0m[33m[init]: disparity is 13.965,12.479 (15.00 thresh)
[0m[33m[init]: failed static init: no accel jerk detected
[0m[34m[TIME]: 0.0006 seconds total (1782.5 hz, 0.19 ms behind)
[0m[33m[init]: disparity is 13.965,12.479 (15.00 thresh)
[0m[33m[init]: failed static init: no accel jerk detected
[0m[34m[TIME]: 0.0010 seconds total (1036.3 hz, 0.19 ms behind)
[0m[33m[init]: disparity is 13.965,12.479 (15.00 thresh)
[0m[33m[init]: failed static init: no accel jerk detected
[0m[34m[TIME]: 0.0012 seconds total (816.3 hz, 0.20 ms behind)
[0m[33m[init]: disparity is 13.965,12.479 (15.00 thresh)
[0m[33m[init]: failed static init: no accel jerk detected
[0m[34m[TIME]: 0.0006 seconds total (1631.3 hz, 0.20 ms behind)
[0m[34m[TIME]: 0.0004 seconds total (2597.4 hz, 0.20 ms behind)
[0m[33m[init]: disparity is 14.549,11.485 (15.00 thresh)
[0m[33m[init]: failed static init: no accel jerk detected
[0m[34m[TIME]: 0.0007 seconds total (1400.6 hz, 0.20 ms behind)
[0m[33m[init]: disparity is 14.549,11.485 (15.00 thresh)
[0m[33m[init]: failed static init: no accel jerk detected
[0m[34m[TIME]: 0.0025 seconds total (403.2 hz, 0.20 ms behind)
[0m[33m[init]: disparity is 14.549,11.485 (15.00 thresh)
[0m[33m[init]: failed static init: no accel jerk detected
[0m[34m[TIME]: 0.0008 seconds total (1272.3 hz, 0.21 ms behind)
[0m[33m[init]: disparity is 16.094,10.677 (15.00 thresh)
[0m[33m[init]: failed static init: no accel jerk detected, platform moving too much
[0m[34m[TIME]: 0.0026 seconds total (382.6 hz, 0.21 ms behind)
[0m[33m[init]: disparity is 16.094,10.677 (15.00 thresh)
[0m[33m[init]: failed static init: no accel jerk detected, platform moving too much
[0m[34m[TIME]: 0.0006 seconds total (1623.4 hz, 0.21 ms behind)
[0m[33m[init]: disparity is 16.094,10.677 (15.00 thresh)
[0m[33m[init]: failed static init: no accel jerk detected, platform moving too much
[0m[34m[TIME]: 0.0026 seconds total (387.7 hz, 0.21 ms behind)
[0m[33m[init]: disparity is 16.094,10.677 (15.00 thresh)
[0m[33m[init]: failed static init: no accel jerk detected, platform moving too much
[0m[34m[TIME]: 0.0005 seconds total (2141.3 hz, 0.21 ms behind)
[0m[33m[init]: disparity is 16.094,10.677 (15.00 thresh)
[0m[33m[init]: failed static init: no accel jerk detected, platform moving too much
[0m[34m[TIME]: 0.0010 seconds total (987.2 hz, 0.22 ms behind)
[0m[33m[init]: disparity is 16.716,10.410 (15.00 thresh)
[0m[33m[init]: failed static init: no accel jerk detected, platform moving too much
[0m[34m[TIME]: 0.0027 seconds total (376.5 hz, 0.22 ms behind)
[0m[33m[init]: disparity is 16.716,10.410 (15.00 thresh)
[0m[33m[init]: failed static init: no accel jerk detected, platform moving too much
[0m[34m[TIME]: 0.0007 seconds total (1418.4 hz, 0.22 ms behind)
[0m[33m[init]: disparity is 16.716,10.410 (15.00 thresh)
[0m[33m[init]: failed static init: no accel jerk detected, platform moving too much
[0m[34m[TIME]: 0.0004 seconds total (2457.0 hz, 0.22 ms behind)
[0m[33m[init]: disparity is 16.716,10.410 (15.00 thresh)
[0m[33m[init]: failed static init: no accel jerk detected, platform moving too much
[0m[34m[TIME]: 0.0007 seconds total (1470.6 hz, 0.22 ms behind)
[0m[33m[init]: disparity is 16.716,10.410 (15.00 thresh)
[0m[33m[init]: failed static init: no accel jerk detected, platform moving too much
[0m[34m[TIME]: 0.0008 seconds total (1264.2 hz, 0.23 ms behind)
[0m[34m[TIME]: 0.0004 seconds total (2398.1 hz, 0.23 ms behind)
[0m[33m[init]: disparity is 18.307,10.646 (15.00 thresh)
[0m[33m[init]: failed static init: no accel jerk detected, platform moving too much
[0m[34m[TIME]: 0.0026 seconds total (385.4 hz, 0.23 ms behind)
[0m[33m[init]: disparity is 18.307,10.646 (15.00 thresh)
[0m[33m[init]: failed static init: no accel jerk detected, platform moving too much
[0m[34m[TIME]: 0.0008 seconds total (1203.4 hz, 0.23 ms behind)
[0m[33m[init]: disparity is 18.307,10.646 (15.00 thresh)
[0m[33m[init]: failed static init: no accel jerk detected, platform moving too much
[0m[34m[TIME]: 0.0006 seconds total (1647.4 hz, 0.23 ms behind)
[0m[33m[init]: disparity is 18.307,10.646 (15.00 thresh)
[0m[33m[init]: failed static init: no accel jerk detected, platform moving too much
[0m[34m[TIME]: 0.0009 seconds total (1128.7 hz, 0.24 ms behind)
[0m[33m[init]: disparity is 17.651,11.647 (15.00 thresh)
[0m[33m[init]: failed static init: no accel jerk detected, platform moving too much
[0m[34m[TIME]: 0.0009 seconds total (1150.7 hz, 0.24 ms behind)
[0m[33m[init]: disparity is 17.651,11.647 (15.00 thresh)
[0m[33m[init]: failed static init: no accel jerk detected, platform moving too much
[0m[34m[TIME]: 0.0005 seconds total (1984.1 hz, 0.24 ms behind)
[0m[33m[init]: disparity is 17.651,11.647 (15.00 thresh)
[0m[33m[init]: failed static init: no accel jerk detected, platform moving too much
[0m[34m[TIME]: 0.0007 seconds total (1406.5 hz, 0.24 ms behind)
[0m[33m[init]: disparity is 17.651,11.647 (15.00 thresh)
[0m[33m[init]: failed static init: no accel jerk detected, platform moving too much
[0m[34m[TIME]: 0.0031 seconds total (326.8 hz, 0.24 ms behind)
[0m[33m[init]: disparity is 17.651,11.647 (15.00 thresh)
[0m[33m[init]: failed static init: no accel jerk detected, platform moving too much
[0m[34m[TIME]: 0.0010 seconds total (1028.8 hz, 0.25 ms behind)
[0m[33m[init]: disparity is 17.409,13.440 (15.00 thresh)
[0m[33m[init]: failed static init: no accel jerk detected, platform moving too much
[0m[34m[TIME]: 0.0007 seconds total (1398.6 hz, 0.25 ms behind)
[0m[33m[init]: disparity is 17.409,13.440 (15.00 thresh)
[0m[33m[init]: failed static init: no accel jerk detected, platform moving too much
[0m[34m[TIME]: 0.0008 seconds total (1182.0 hz, 0.25 ms behind)
[0m[34m[TIME]: 0.0005 seconds total (2053.4 hz, 0.25 ms behind)
[0m[33m[init]: disparity is 17.409,13.440 (15.00 thresh)
[0m[33m[init]: failed static init: no accel jerk detected, platform moving too much
[0m[34m[TIME]: 0.0004 seconds total (2398.1 hz, 0.25 ms behind)
[0m[33m[init]: disparity is 17.409,13.440 (15.00 thresh)
[0m[33m[init]: failed static init: no accel jerk detected, platform moving too much
[0m[34m[TIME]: 0.0009 seconds total (1052.6 hz, 0.26 ms behind)
[0m[33m[init]: disparity is 15.918,14.915 (15.00 thresh)
[0m[33m[init]: failed static init: no accel jerk detected, platform moving too much
[0m[34m[TIME]: 0.0009 seconds total (1111.1 hz, 0.26 ms behind)
[0m[33m[init]: disparity is 15.918,14.915 (15.00 thresh)
[0m[33m[init]: failed static init: no accel jerk detected, platform moving too much
[0m[34m[TIME]: 0.0009 seconds total (1140.3 hz, 0.26 ms behind)
[0m[33m[init]: disparity is 15.918,14.915 (15.00 thresh)
[0m[33m[init]: failed static init: no accel jerk detected, platform moving too much
[0m[34m[TIME]: 0.0007 seconds total (1506.0 hz, 0.26 ms behind)
[0m[33m[init]: disparity is 15.918,14.915 (15.00 thresh)
[0m[33m[init]: failed static init: no accel jerk detected, platform moving too much
[0m[34m[TIME]: 0.0008 seconds total (1207.7 hz, 0.26 ms behind)
[0m[33m[init]: disparity is 15.918,14.915 (15.00 thresh)
[0m[33m[init]: failed static init: no accel jerk detected, platform moving too much
[0m[34m[TIME]: 0.0010 seconds total (960.6 hz, 0.27 ms behind)
[0m[34m[TIME]: 0.0005 seconds total (1841.6 hz, 0.27 ms behind)
[0m[33m[init]: disparity is 15.098,18.486 (15.00 thresh)
[0m[33m[init]: failed static init: no accel jerk detected, platform moving too much
[0m[34m[TIME]: 0.0026 seconds total (377.8 hz, 0.27 ms behind)
[0m[33m[init]: disparity is 15.098,18.486 (15.00 thresh)
[0m[33m[init]: failed static init: no accel jerk detected, platform moving too much
[0m[34m[TIME]: 0.0006 seconds total (1647.4 hz, 0.27 ms behind)
[0m[33m[init]: disparity is 15.098,18.486 (15.00 thresh)
[0m[33m[init]: failed static init: no accel jerk detected, platform moving too much
[0m[34m[TIME]: 0.0006 seconds total (1683.5 hz, 0.27 ms behind)
[0m[33m[init]: disparity is 15.098,18.486 (15.00 thresh)
[0m[33m[init]: failed static init: no accel jerk detected, platform moving too much
[0m[34m[TIME]: 0.0012 seconds total (818.3 hz, 0.28 ms behind)
[0m[33m[init]: disparity is 13.826,23.328 (15.00 thresh)
[0m[33m[init-s]: to much IMU excitation, above threshold 0.753 > 0.450
[0m[34m[TIME]: 0.0026 seconds total (382.1 hz, 0.28 ms behind)
[0m[34m[TIME]: 0.0005 seconds total (2136.8 hz, 0.28 ms behind)
[0m[33m[init]: disparity is 13.826,23.328 (15.00 thresh)
[0m[33m[init-s]: to much IMU excitation, above threshold 0.753 > 0.450
[0m[34m[TIME]: 0.0026 seconds total (384.0 hz, 0.28 ms behind)
[0m[33m[init]: disparity is 13.826,23.328 (15.00 thresh)
[0m[33m[init-s]: to much IMU excitation, above threshold 0.753 > 0.450
[0m[34m[TIME]: 0.0027 seconds total (373.6 hz, 0.28 ms behind)
[0m[33m[init]: disparity is 13.826,23.328 (15.00 thresh)
[0m[33m[init-s]: to much IMU excitation, above threshold 0.753 > 0.450
[0m[34m[TIME]: 0.0011 seconds total (888.9 hz, 0.29 ms behind)
[0m[33m[init]: disparity is 12.744,27.329 (15.00 thresh)
[0m[33m[init-s]: to much IMU excitation, above threshold 0.701 > 0.450
[0m[34m[TIME]: 0.0032 seconds total (308.2 hz, 0.29 ms behind)
[0m[33m[init]: disparity is 12.744,27.329 (15.00 thresh)
[0m[33m[init-s]: to much IMU excitation, above threshold 0.701 > 0.450
[0m[34m[TIME]: 0.0008 seconds total (1209.2 hz, 0.29 ms behind)
[0m[33m[init]: disparity is 12.744,27.329 (15.00 thresh)
[0m[33m[init-s]: to much IMU excitation, above threshold 0.701 > 0.450
[0m[34m[TIME]: 0.0005 seconds total (2169.2 hz, 0.29 ms behind)
[0m[33m[init]: disparity is 12.744,27.329 (15.00 thresh)
[0m[33m[init-s]: to much IMU excitation, above threshold 0.701 > 0.450
[0m[34m[TIME]: 0.0004 seconds total (2277.9 hz, 0.29 ms behind)
[0m[33m[init]: disparity is 12.744,27.329 (15.00 thresh)
[0m[33m[init-s]: to much IMU excitation, above threshold 0.701 > 0.450
[0m[34m[TIME]: 0.0010 seconds total (961.5 hz, 0.30 ms behind)
[0m[33m[init]: disparity is 12.294,31.812 (15.00 thresh)
[0m[33m[init-s]: to much IMU excitation, above threshold 0.646 > 0.450
[0m[34m[TIME]: 0.0027 seconds total (377.1 hz, 0.30 ms behind)
[0m[33m[init]: disparity is 12.294,31.812 (15.00 thresh)
[0m[33m[init-s]: to much IMU excitation, above threshold 0.646 > 0.450
[0m[34m[TIME]: 0.0006 seconds total (1564.9 hz, 0.30 ms behind)
[0m[33m[init]: disparity is 12.294,31.812 (15.00 thresh)
[0m[33m[init-s]: to much IMU excitation, above threshold 0.646 > 0.450
[0m[34m[TIME]: 0.0008 seconds total (1183.4 hz, 0.30 ms behind)
[0m[33m[init]: disparity is 12.294,31.812 (15.00 thresh)
[0m[33m[init-s]: to much IMU excitation, above threshold 0.646 > 0.450
[0m[34m[TIME]: 0.0008 seconds total (1292.0 hz, 0.30 ms behind)
[0m[33m[init]: disparity is 12.294,31.812 (15.00 thresh)
[0m[33m[init-s]: to much IMU excitation, above threshold 0.646 > 0.450
[0m[34m[TIME]: 0.0031 seconds total (321.9 hz, 0.06 ms behind)
[0m[34m[TIME]: 0.0005 seconds total (2000.0 hz, 0.06 ms behind)
[0m[33m[init]: disparity is 12.433,37.702 (15.00 thresh)
[0m[33m[init-s]: to much IMU excitation, above threshold 0.621 > 0.450
[0m[34m[TIME]: 0.0026 seconds total (384.5 hz, 0.06 ms behind)
[0m[33m[init]: disparity is 12.433,37.702 (15.00 thresh)
[0m[33m[init-s]: to much IMU excitation, above threshold 0.621 > 0.450
[0m[34m[TIME]: 0.0008 seconds total (1254.7 hz, 0.06 ms behind)
[0m[33m[init]: disparity is 12.433,37.702 (15.00 thresh)
[0m[33m[init-s]: to much IMU excitation, above threshold 0.621 > 0.450
[0m[34m[TIME]: 0.0006 seconds total (1661.1 hz, 0.06 ms behind)
[0m[33m[init]: disparity is 12.433,37.702 (15.00 thresh)
[0m[33m[init-s]: to much IMU excitation, above threshold 0.621 > 0.450
[0m[34m[TIME]: 0.0040 seconds total (247.5 hz, 0.32 ms behind)
[0m[33m[init]: disparity is 12.151,38.581 (15.00 thresh)
[0m[33m[init-s]: to much IMU excitation, above threshold 0.636 > 0.450
[0m[34m[TIME]: 0.0011 seconds total (921.7 hz, 0.32 ms behind)
[0m[33m[init]: disparity is 12.151,38.581 (15.00 thresh)
[0m[33m[init-s]: to much IMU excitation, above threshold 0.636 > 0.450
[0m[34m[TIME]: 0.0005 seconds total (1953.1 hz, 0.32 ms behind)
[0m[33m[init]: disparity is 12.151,38.581 (15.00 thresh)
[0m[33m[init-s]: to much IMU excitation, above threshold 0.636 > 0.450
[0m[34m[TIME]: 0.0039 seconds total (254.1 hz, 0.32 ms behind)
[0m[33m[init]: disparity is 12.151,38.581 (15.00 thresh)
[0m[33m[init-s]: to much IMU excitation, above threshold 0.636 > 0.450
[0m[34m[TIME]: 0.0040 seconds total (250.5 hz, 0.32 ms behind)
[0m[33m[init]: disparity is 12.151,38.581 (15.00 thresh)
[0m[33m[init-s]: to much IMU excitation, above threshold 0.636 > 0.450
[0m[34m[TIME]: 0.0007 seconds total (1335.1 hz, 0.08 ms behind)
[0m[33m[init]: disparity is 12.151,38.581 (15.00 thresh)
[0m[33m[init-s]: to much IMU excitation, above threshold 0.648 > 0.450
[0m[34m[TIME]: 0.0007 seconds total (1387.0 hz, 0.08 ms behind)
[0m[33m[init]: disparity is 11.721,40.894 (15.00 thresh)
[0m[33m[init-s]: to much IMU excitation, above threshold 0.648 > 0.450
[0m[34m[TIME]: 0.0010 seconds total (997.0 hz, 0.08 ms behind)
[0m[33m[init]: disparity is 11.721,40.894 (15.00 thresh)
[0m[33m[init-s]: to much IMU excitation, above threshold 0.648 > 0.450
[0m[34m[TIME]: 0.0006 seconds total (1582.3 hz, 0.08 ms behind)
[0m[33m[init]: disparity is 11.721,40.894 (15.00 thresh)
[0m[33m[init-s]: to much IMU excitation, above threshold 0.648 > 0.450
[0m[34m[TIME]: 0.0006 seconds total (1706.5 hz, 0.08 ms behind)
[0m[33m[init]: disparity is 11.721,40.894 (15.00 thresh)
[0m[33m[init-s]: to much IMU excitation, above threshold 0.648 > 0.450
[0m[34m[TIME]: 0.0013 seconds total (790.5 hz, 0.09 ms behind)
[0m[33m[init]: disparity is 11.721,40.894 (15.00 thresh)
[0m[33m[init-s]: to much IMU excitation, above threshold 0.666 > 0.450
[0m[34m[TIME]: 0.0006 seconds total (1594.9 hz, 0.09 ms behind)
[0m[33m[init]: disparity is 12.722,40.855 (15.00 thresh)
[0m[33m[init-s]: to much IMU excitation, above threshold 0.666 > 0.450
[0m[34m[TIME]: 0.0008 seconds total (1278.8 hz, 0.09 ms behind)
[0m[33m[init]: disparity is 12.722,40.855 (15.00 thresh)
[0m[33m[init-s]: to much IMU excitation, above threshold 0.666 > 0.450
[0m[34m[TIME]: 0.0008 seconds total (1315.8 hz, 0.09 ms behind)
[0m[33m[init]: disparity is 12.722,40.855 (15.00 thresh)
[0m[33m[init-s]: to much IMU excitation, above threshold 0.666 > 0.450
[0m[34m[TIME]: 0.0007 seconds total (1377.4 hz, 0.09 ms behind)
[0m[33m[init]: disparity is 12.722,40.855 (15.00 thresh)
[0m[33m[init-s]: to much IMU excitation, above threshold 0.666 > 0.450
[0m[34m[TIME]: 0.0011 seconds total (902.5 hz, 0.10 ms behind)
[0m[33m[init]: disparity is 12.114,40.826 (15.00 thresh)
[0m[34m[TIME]: 0.0006 seconds total (1742.2 hz, 0.10 ms behind)
[0m[33m[init-s]: to much IMU excitation, above threshold 0.788 > 0.450
[0m[34m[TIME]: 0.0025 seconds total (401.3 hz, 0.10 ms behind)
[0m[33m[init]: disparity is 12.114,40.826 (15.00 thresh)
[0m[33m[init-s]: to much IMU excitation, above threshold 0.788 > 0.450
[0m[34m[TIME]: 0.0026 seconds total (382.3 hz, 0.10 ms behind)
[0m[33m[init]: disparity is 12.114,40.826 (15.00 thresh)
[0m[33m[init-s]: to much IMU excitation, above threshold 0.788 > 0.450
[0m[34m[TIME]: 0.0006 seconds total (1666.7 hz, 0.10 ms behind)
[0m[33m[init]: disparity is 12.114,40.826 (15.00 thresh)
[0m[33m[init-s]: to much IMU excitation, above threshold 0.788 > 0.450
[0m[34m[TIME]: 0.0041 seconds total (241.3 hz, 0.11 ms behind)
[0m[33m[init]: disparity is 12.408,42.444 (15.00 thresh)
[0m[33m[init-s]: to much IMU excitation, above threshold 0.864 > 0.450
[0m[34m[TIME]: 0.0007 seconds total (1342.3 hz, 0.11 ms behind)
[0m[33m[init]: disparity is 12.408,42.444 (15.00 thresh)
[0m[33m[init-s]: to much IMU excitation, above threshold 0.864 > 0.450
[0m[34m[TIME]: 0.0006 seconds total (1776.2 hz, 0.11 ms behind)
[0m[33m[init]: disparity is 12.408,42.444 (15.00 thresh)
[0m[33m[init-s]: to much IMU excitation, above threshold 0.864 > 0.450
[0m[34m[TIME]: 0.0006 seconds total (1742.2 hz, 0.11 ms behind)
[0m[33m[init]: disparity is 12.408,42.444 (15.00 thresh)
[0m[33m[init-s]: to much IMU excitation, above threshold 0.864 > 0.450
[0m[34m[TIME]: 0.0007 seconds total (1344.1 hz, 0.11 ms behind)
[0m[33m[init]: disparity is 12.408,42.444 (15.00 thresh)
[0m[33m[init-s]: to much IMU excitation, above threshold 0.864 > 0.450
[0m[34m[TIME]: 0.0007 seconds total (1387.0 hz, 0.37 ms behind)
[0m[33m[init]: disparity is 12.408,42.444 (15.00 thresh)
[0m[34m[TIME]: 0.0006 seconds total (1680.7 hz, 0.37 ms behind)
[0m[33m[init-s]: to much IMU excitation, above threshold 0.912 > 0.450
[0m[34m[TIME]: 0.0007 seconds total (1356.9 hz, 0.37 ms behind)
[0m[33m[init]: disparity is 11.756,43.150 (15.00 thresh)
[0m[33m[init-s]: to much IMU excitation, above threshold 0.912 > 0.450
[0m[34m[TIME]: 0.0007 seconds total (1412.4 hz, 0.37 ms behind)
[0m[33m[init]: disparity is 11.756,43.150 (15.00 thresh)
[0m[33m[init-s]: to much IMU excitation, above threshold 0.912 > 0.450
[0m[34m[TIME]: 0.0027 seconds total (377.1 hz, 0.37 ms behind)
[0m[33m[init]: disparity is 11.756,43.150 (15.00 thresh)
[0m[33m[init-s]: to much IMU excitation, above threshold 0.912 > 0.450
[0m[34m[TIME]: 0.0012 seconds total (839.6 hz, 0.13 ms behind)
[0m[33m[init]: disparity is 11.756,43.150 (15.00 thresh)
[0m[33m[init-s]: to much IMU excitation, above threshold 0.940 > 0.450
[0m[34m[TIME]: 0.0026 seconds total (378.1 hz, 0.13 ms behind)
[0m[33m[init]: disparity is 10.629,49.265 (15.00 thresh)
[0m[33m[init-s]: to much IMU excitation, above threshold 0.940 > 0.450
[0m[34m[TIME]: 0.0007 seconds total (1508.3 hz, 0.13 ms behind)
[0m[33m[init]: disparity is 10.629,49.265 (15.00 thresh)
[0m[33m[init-s]: to much IMU excitation, above threshold 0.940 > 0.450
[0m[34m[TIME]: 0.0007 seconds total (1364.3 hz, 0.13 ms behind)
[0m[34m[TIME]: 0.0004 seconds total (2754.8 hz, 0.13 ms behind)
[0m[33m[init]: disparity is 10.629,49.265 (15.00 thresh)
[0m[33m[init-s]: to much IMU excitation, above threshold 0.940 > 0.450
[0m[34m[TIME]: 0.0010 seconds total (975.6 hz, 0.14 ms behind)
[0m[33m[init]: disparity is 11.504,52.369 (15.00 thresh)
[0m[33m[init-s]: to much IMU excitation, above threshold 0.946 > 0.450
[0m[34m[TIME]: 0.0028 seconds total (355.5 hz, 0.14 ms behind)
[0m[33m[init]: disparity is 11.504,52.369 (15.00 thresh)
[0m[33m[init-s]: to much IMU excitation, above threshold 0.946 > 0.450
[0m[34m[TIME]: 0.0026 seconds total (381.1 hz, 0.14 ms behind)
[0m[33m[init]: disparity is 11.504,52.369 (15.00 thresh)
[0m[33m[init-s]: to much IMU excitation, above threshold 0.946 > 0.450
[0m[34m[TIME]: 0.0027 seconds total (364.7 hz, 0.14 ms behind)
[0m[33m[init]: disparity is 11.504,52.369 (15.00 thresh)
[0m[33m[init-s]: to much IMU excitation, above threshold 0.946 > 0.450
[0m[34m[TIME]: 0.0008 seconds total (1203.4 hz, 0.14 ms behind)
[0m[33m[init]: disparity is 11.504,52.369 (15.00 thresh)
[0m[33m[init-s]: to much IMU excitation, above threshold 0.946 > 0.450
[0m[34m[TIME]: 0.0009 seconds total (1075.3 hz, 0.15 ms behind)
[0m[34m[TIME]: 0.0006 seconds total (1785.7 hz, 0.15 ms behind)
[0m[33m[init]: disparity is 12.922,47.591 (15.00 thresh)
[0m[33m[init-s]: to much IMU excitation, above threshold 0.907 > 0.450
[0m[34m[TIME]: 0.0007 seconds total (1506.0 hz, 0.15 ms behind)
[0m[34m[TIME]: 0.0004 seconds total (2681.0 hz, 0.15 ms behind)
[0m[33m[init]: disparity is 12.922,47.591 (15.00 thresh)
[0m[33m[init-s]: to much IMU excitation, above threshold 0.907 > 0.450
[0m[34m[TIME]: 0.0006 seconds total (1602.6 hz, 0.15 ms behind)
[0m[33m[init]: disparity is 12.922,47.591 (15.00 thresh)
[0m[33m[init-s]: to much IMU excitation, above threshold 0.907 > 0.450
[0m[34m[TIME]: 0.0012 seconds total (825.8 hz, 0.17 ms behind)
[0m[33m[init]: disparity is 14.183,41.541 (15.00 thresh)
[0m[33m[init-s]: to much IMU excitation, above threshold 0.844 > 0.450
[0m[34m[TIME]: 0.0010 seconds total (993.0 hz, 0.17 ms behind)
[0m[33m[init]: disparity is 14.183,41.541 (15.00 thresh)
[0m[33m[init-s]: to much IMU excitation, above threshold 0.844 > 0.450
[0m[34m[TIME]: 0.0007 seconds total (1355.0 hz, 0.17 ms behind)
[0m[33m[init]: disparity is 14.183,41.541 (15.00 thresh)
[0m[33m[init-s]: to much IMU excitation, above threshold 0.844 > 0.450
[0m[34m[TIME]: 0.0007 seconds total (1336.9 hz, 0.17 ms behind)
[0m[33m[init]: disparity is 14.183,41.541 (15.00 thresh)
[0m[33m[init-s]: to much IMU excitation, above threshold 0.844 > 0.450
[0m[34m[TIME]: 0.0026 seconds total (390.0 hz, 0.17 ms behind)
[0m[33m[init]: disparity is 14.183,41.541 (15.00 thresh)
[0m[33m[init-s]: to much IMU excitation, above threshold 0.844 > 0.450
[0m[34m[TIME]: 0.0013 seconds total (761.0 hz, 0.18 ms behind)
[0m[33m[init]: disparity is 17.389,42.323 (15.00 thresh)
[0m[33m[init]: failed static init: no accel jerk detected, platform moving too much
[0m[34m[TIME]: 0.0008 seconds total (1256.3 hz, 0.18 ms behind)
[0m[33m[init]: disparity is 17.389,42.323 (15.00 thresh)
[0m[33m[init]: failed static init: no accel jerk detected, platform moving too much
[0m[34m[TIME]: 0.0006 seconds total (1562.5 hz, 0.18 ms behind)
[0m[33m[init]: disparity is 17.389,42.323 (15.00 thresh)
[0m[33m[init]: failed static init: no accel jerk detected, platform moving too much
[0m[34m[TIME]: 0.0009 seconds total (1090.5 hz, 0.18 ms behind)
[0m[34m[TIME]: 0.0004 seconds total (2314.8 hz, 0.18 ms behind)
[0m[33m[init]: disparity is 17.389,42.323 (15.00 thresh)
[0m[33m[init]: failed static init: no accel jerk detected, platform moving too much
[0m[34m[TIME]: 0.0042 seconds total (236.3 hz, 0.19 ms behind)
[0m[33m[init]: disparity is 21.673,44.075 (15.00 thresh)
[0m[33m[init]: failed static init: no accel jerk detected, platform moving too much
[0m[34m[TIME]: 0.0037 seconds total (273.0 hz, 0.19 ms behind)
[0m[33m[init]: disparity is 21.673,44.075 (15.00 thresh)
[0m[33m[init]: failed static init: no accel jerk detected, platform moving too much
[0m[34m[TIME]: 0.0028 seconds total (356.8 hz, 0.19 ms behind)
[0m[33m[init]: disparity is 21.673,44.075 (15.00 thresh)
[0m[33m[init]: failed static init: no accel jerk detected, platform moving too much
[0m[34m[TIME]: 0.0026 seconds total (381.4 hz, 0.19 ms behind)
[0m[33m[init]: disparity is 21.673,44.075 (15.00 thresh)
[0m[33m[init]: failed static init: no accel jerk detected, platform moving too much
[0m[34m[TIME]: 0.0008 seconds total (1203.4 hz, 0.19 ms behind)
[0m[33m[init]: disparity is 21.673,44.075 (15.00 thresh)
[0m[33m[init]: failed static init: no accel jerk detected, platform moving too much
[0m[34m[TIME]: 0.0007 seconds total (1455.6 hz, 0.20 ms behind)
[0m[34m[TIME]: 0.0004 seconds total (2631.6 hz, 0.20 ms behind)
[0m[33m[init]: disparity is 21.673,44.075 (15.00 thresh)
[0m[33m[init]: failed static init: no accel jerk detected, platform moving too much
[0m[34m[TIME]: 0.0004 seconds total (2631.6 hz, 0.20 ms behind)
[0m[34m[TIME]: 0.0003 seconds total (3154.6 hz, 0.20 ms behind)
[0m[33m[init]: disparity is 21.673,44.075 (15.00 thresh)
[0m[33m[init]: failed static init: no accel jerk detected, platform moving too much
[0m[34m[TIME]: 0.0005 seconds total (1904.8 hz, 0.20 ms behind)
[0m[33m[init]: disparity is 25.921,39.197 (15.00 thresh)
[0m[33m[init]: failed static init: no accel jerk detected, platform moving too much
[0m[34m[TIME]: 0.0013 seconds total (752.4 hz, 0.21 ms behind)
[0m[33m[init]: disparity is 25.921,39.197 (15.00 thresh)
[0m[33m[init]: failed static init: no accel jerk detected, platform moving too much
[0m[34m[TIME]: 0.0010 seconds total (1011.1 hz, 0.21 ms behind)
[0m[33m[init]: disparity is 25.921,39.197 (15.00 thresh)
[0m[33m[init]: failed static init: no accel jerk detected, platform moving too much
[0m[34m[TIME]: 0.0009 seconds total (1100.1 hz, 0.21 ms behind)
[0m[33m[init]: disparity is 25.921,39.197 (15.00 thresh)
[0m[33m[init]: failed static init: no accel jerk detected, platform moving too much
[0m[34m[TIME]: 0.0010 seconds total (997.0 hz, 0.21 ms behind)
[0m[33m[init]: disparity is 25.921,39.197 (15.00 thresh)
[0m[33m[init]: failed static init: no accel jerk detected, platform moving too much
[0m[34m[TIME]: 0.0031 seconds total (322.2 hz, 0.21 ms behind)
[0m[33m[init]: disparity is 29.765,39.150 (15.00 thresh)
[0m[33m[init]: failed static init: no accel jerk detected, platform moving too much
[0m[34m[TIME]: 0.0010 seconds total (989.1 hz, 0.22 ms behind)
[0m[33m[init]: disparity is 33.231,39.280 (15.00 thresh)
[0m[33m[init]: failed static init: no accel jerk detected, platform moving too much
[0m[34m[TIME]: 0.0007 seconds total (1362.4 hz, 0.22 ms behind)
[0m[33m[init]: disparity is 33.231,39.280 (15.00 thresh)
[0m[33m[init]: failed static init: no accel jerk detected, platform moving too much
[0m[34m[TIME]: 0.0009 seconds total (1162.8 hz, 0.22 ms behind)
[0m[33m[init]: disparity is 33.231,39.280 (15.00 thresh)
[0m[33m[init]: failed static init: no accel jerk detected, platform moving too much
[0m[34m[TIME]: 0.0007 seconds total (1379.3 hz, 0.22 ms behind)
[0m[33m[init]: disparity is 33.231,39.280 (15.00 thresh)
[0m[33m[init]: failed static init: no accel jerk detected, platform moving too much
[0m[34m[TIME]: 0.0005 seconds total (1869.2 hz, 0.22 ms behind)
[0m[33m[init]: disparity is 33.231,39.280 (15.00 thresh)
[0m[33m[init]: failed static init: no accel jerk detected, platform moving too much
[0m[34m[TIME]: 0.0009 seconds total (1090.5 hz, 0.23 ms behind)
[0m[33m[init]: disparity is 34.839,43.276 (15.00 thresh)
[0m[33m[init]: failed static init: no accel jerk detected, platform moving too much
[0m[34m[TIME]: 0.0007 seconds total (1503.8 hz, 0.23 ms behind)
[0m[33m[init]: disparity is 34.839,43.276 (15.00 thresh)
[0m[33m[init]: failed static init: no accel jerk detected, platform moving too much
[0m[34m[TIME]: 0.0034 seconds total (292.2 hz, 0.23 ms behind)
[0m[33m[init]: disparity is 34.839,43.276 (15.00 thresh)
[0m[33m[init]: failed static init: no accel jerk detected, platform moving too much
[0m[34m[TIME]: 0.0026 seconds total (389.1 hz, 0.23 ms behind)
[0m[33m[init]: disparity is 34.839,43.276 (15.00 thresh)
[0m[33m[init]: failed static init: no accel jerk detected, platform moving too much
[0m[34m[TIME]: 0.0009 seconds total (1106.2 hz, 0.23 ms behind)
[0m[33m[init]: disparity is 34.839,43.276 (15.00 thresh)
[0m[33m[init]: failed static init: no accel jerk detected, platform moving too much
[0m[34m[TIME]: 0.0013 seconds total (793.0 hz, 0.24 ms behind)
[0m[33m[init]: disparity is 36.551,33.665 (15.00 thresh)
[0m[33m[init]: failed static init: no accel jerk detected, platform moving too much
[0m[34m[TIME]: 0.0008 seconds total (1201.9 hz, 0.24 ms behind)
[0m[33m[init]: disparity is 36.551,33.665 (15.00 thresh)
[0m[33m[init]: failed static init: no accel jerk detected, platform moving too much
[0m[34m[TIME]: 0.0004 seconds total (2331.0 hz, 0.24 ms behind)
[0m[33m[init]: disparity is 36.551,33.665 (15.00 thresh)
[0m[33m[init]: failed static init: no accel jerk detected, platform moving too much
[0m[34m[TIME]: 0.0004 seconds total (2525.3 hz, 0.24 ms behind)
[0m[34m[TIME]: 0.0005 seconds total (2123.1 hz, 0.24 ms behind)
[0m[33m[init]: disparity is 36.551,33.665 (15.00 thresh)
[0m[33m[init]: failed static init: no accel jerk detected, platform moving too much
[0m[34m[TIME]: 0.0009 seconds total (1073.0 hz, 0.25 ms behind)
[0m[33m[init]: disparity is 37.359,32.393 (15.00 thresh)
[0m[33m[init]: failed static init: no accel jerk detected, platform moving too much
[0m[34m[TIME]: 0.0007 seconds total (1515.2 hz, 0.25 ms behind)
[0m[33m[init]: disparity is 37.359,32.393 (15.00 thresh)
[0m[33m[init]: failed static init: no accel jerk detected, platform moving too much
[0m[34m[TIME]: 0.0009 seconds total (1118.6 hz, 0.25 ms behind)
[0m[33m[init]: disparity is 37.359,32.393 (15.00 thresh)
[0m[33m[init]: failed static init: no accel jerk detected, platform moving too much
[0m[34m[TIME]: 0.0009 seconds total (1157.4 hz, 0.25 ms behind)
[0m[33m[init]: disparity is 37.359,32.393 (15.00 thresh)
[0m[33m[init]: failed static init: no accel jerk detected, platform moving too much
[0m[34m[TIME]: 0.0007 seconds total (1519.8 hz, 0.25 ms behind)
[0m[33m[init]: disparity is 37.359,32.393 (15.00 thresh)
[0m[33m[init]: failed static init: no accel jerk detected, platform moving too much
[0m[34m[TIME]: 0.0010 seconds total (1040.6 hz, 0.01 ms behind)
[0m[33m[init]: disparity is 38.597,28.378 (15.00 thresh)
[0m[33m[init]: failed static init: no accel jerk detected, platform moving too much
[0m[34m[TIME]: 0.0007 seconds total (1468.4 hz, 0.01 ms behind)
[0m[33m[init]: disparity is 38.597,28.378 (15.00 thresh)
[0m[33m[init]: failed static init: no accel jerk detected, platform moving too much
[0m[34m[TIME]: 0.0008 seconds total (1322.8 hz, 0.01 ms behind)
[0m[33m[init]: disparity is 38.597,28.378 (15.00 thresh)
[0m[33m[init]: failed static init: no accel jerk detected, platform moving too much
[0m[34m[TIME]: 0.0008 seconds total (1259.4 hz, 0.01 ms behind)
[0m[33m[init]: disparity is 38.597,28.378 (15.00 thresh)
[0m[33m[init]: failed static init: no accel jerk detected, platform moving too much
[0m[34m[TIME]: 0.0009 seconds total (1157.4 hz, 0.01 ms behind)
[0m[33m[init]: disparity is 38.597,28.378 (15.00 thresh)
[0m[33m[init]: failed static init: no accel jerk detected, platform moving too much
[0m[34m[TIME]: 0.0010 seconds total (967.1 hz, 0.02 ms behind)
[0m[33m[init]: disparity is 39.689,25.350 (15.00 thresh)
[0m[33m[init]: failed static init: no accel jerk detected, platform moving too much
[0m[34m[TIME]: 0.0007 seconds total (1477.1 hz, 0.02 ms behind)
[0m[33m[init]: disparity is 39.689,25.350 (15.00 thresh)
[0m[33m[init]: failed static init: no accel jerk detected, platform moving too much
[0m[34m[TIME]: 0.0031 seconds total (322.5 hz, 0.02 ms behind)
[0m[33m[init]: disparity is 39.689,25.350 (15.00 thresh)
[0m[33m[init]: failed static init: no accel jerk detected, platform moving too much
[0m[34m[TIME]: 0.0026 seconds total (384.6 hz, 0.02 ms behind)
[0m[33m[init]: disparity is 39.689,25.350 (15.00 thresh)
[0m[33m[init]: failed static init: no accel jerk detected, platform moving too much
[0m[34m[TIME]: 0.0007 seconds total (1526.7 hz, 0.02 ms behind)
[0m[33m[init]: disparity is 39.689,25.350 (15.00 thresh)
[0m[33m[init]: failed static init: no accel jerk detected, platform moving too much
[0m[34m[TIME]: 0.0010 seconds total (956.0 hz, 0.03 ms behind)
[0m[33m[init]: disparity is 41.702,22.688 (15.00 thresh)
[0m[33m[init]: failed static init: no accel jerk detected, platform moving too much
[0m[34m[TIME]: 0.0006 seconds total (1658.4 hz, 0.03 ms behind)
[0m[34m[TIME]: 0.0004 seconds total (2493.8 hz, 0.03 ms behind)
[0m[33m[init]: disparity is 41.702,22.688 (15.00 thresh)
[0m[33m[init]: failed static init: no accel jerk detected, platform moving too much
[0m[34m[TIME]: 0.0004 seconds total (2754.8 hz, 0.03 ms behind)
[0m[33m[init]: disparity is 41.702,22.688 (15.00 thresh)
[0m[33m[init]: failed static init: no accel jerk detected, platform moving too much
[0m[34m[TIME]: 0.0005 seconds total (1824.8 hz, 0.03 ms behind)
[0m[33m[init]: disparity is 41.702,22.688 (15.00 thresh)
[0m[33m[init]: failed static init: no accel jerk detected, platform moving too much
[0m[34m[TIME]: 0.0010 seconds total (997.0 hz, 0.29 ms behind)
[0m[33m[init]: disparity is 47.167,23.895 (15.00 thresh)
[0m[33m[init]: failed static init: no accel jerk detected, platform moving too much
[0m[34m[TIME]: 0.0007 seconds total (1462.0 hz, 0.29 ms behind)
[0m[33m[init]: disparity is 47.167,23.895 (15.00 thresh)
[0m[33m[init]: failed static init: no accel jerk detected, platform moving too much
[0m[34m[TIME]: 0.0009 seconds total (1162.8 hz, 0.29 ms behind)
[0m[33m[init]: disparity is 47.167,23.895 (15.00 thresh)
[0m[33m[init]: failed static init: no accel jerk detected, platform moving too much
[0m[34m[TIME]: 0.0009 seconds total (1156.1 hz, 0.29 ms behind)
[0m[33m[init]: disparity is 47.167,23.895 (15.00 thresh)
[0m[33m[init]: failed static init: no accel jerk detected, platform moving too much
[0m[34m[TIME]: 0.0039 seconds total (257.0 hz, 0.29 ms behind)
[0m[33m[init]: disparity is 47.167,23.895 (15.00 thresh)
[0m[33m[init]: failed static init: no accel jerk detected, platform moving too much
[0m[34m[TIME]: 0.0011 seconds total (937.2 hz, 0.05 ms behind)
[0m[33m[init]: disparity is 50.487,26.997 (15.00 thresh)
[0m[33m[init]: failed static init: no accel jerk detected, platform moving too much
[0m[34m[TIME]: 0.0007 seconds total (1356.9 hz, 0.05 ms behind)
[0m[33m[init]: disparity is 50.487,26.997 (15.00 thresh)
[0m[33m[init]: failed static init: no accel jerk detected, platform moving too much
[0m[34m[TIME]: 0.0033 seconds total (307.1 hz, 0.05 ms behind)
[0m[33m[init]: disparity is 50.487,26.997 (15.00 thresh)
[0m[33m[init]: failed static init: no accel jerk detected, platform moving too much
[0m[34m[TIME]: 0.0006 seconds total (1634.0 hz, 0.05 ms behind)
[0m[33m[init]: disparity is 50.487,26.997 (15.00 thresh)
[0m[33m[init]: failed static init: no accel jerk detected, platform moving too much
[0m[34m[TIME]: 0.0025 seconds total (397.1 hz, 0.05 ms behind)
[0m[33m[init]: disparity is 50.487,26.997 (15.00 thresh)
[0m[33m[init]: failed static init: no accel jerk detected, platform moving too much
[0m[34m[TIME]: 0.0011 seconds total (901.7 hz, 0.31 ms behind)
[0m[33m[init]: disparity is 49.333,26.565 (15.00 thresh)
[0m[33m[init]: failed static init: no accel jerk detected, platform moving too much
[0m[34m[TIME]: 0.0007 seconds total (1494.8 hz, 0.31 ms behind)
[0m[34m[TIME]: 0.0005 seconds total (2008.0 hz, 0.31 ms behind)
[0m[33m[init]: disparity is 49.333,26.565 (15.00 thresh)
[0m[33m[init]: failed static init: no accel jerk detected, platform moving too much
[0m[34m[TIME]: 0.0006 seconds total (1631.3 hz, 0.31 ms behind)
[0m[33m[init]: disparity is 49.333,26.565 (15.00 thresh)
[0m[33m[init]: failed static init: no accel jerk detected, platform moving too much
[0m[34m[TIME]: 0.0005 seconds total (2164.5 hz, 0.31 ms behind)
[0m[33m[init]: disparity is 49.333,26.565 (15.00 thresh)
[0m[33m[init]: failed static init: no accel jerk detected, platform moving too much
[0m[34m[TIME]: 0.0010 seconds total (984.3 hz, 0.32 ms behind)
[0m[33m[init]: disparity is 47.579,24.380 (15.00 thresh)
[0m[33m[init]: failed static init: no accel jerk detected, platform moving too much
[0m[34m[TIME]: 0.0010 seconds total (986.2 hz, 0.32 ms behind)
[0m[33m[init]: disparity is 47.579,24.380 (15.00 thresh)
[0m[33m[init]: failed static init: no accel jerk detected, platform moving too much
[0m[34m[TIME]: 0.0009 seconds total (1160.1 hz, 0.32 ms behind)
[0m[33m[init]: disparity is 47.579,24.380 (15.00 thresh)
[0m[33m[init]: failed static init: no accel jerk detected, platform moving too much
[0m[34m[TIME]: 0.0007 seconds total (1492.5 hz, 0.32 ms behind)
[0m[33m[init]: disparity is 47.579,24.380 (15.00 thresh)
[0m[33m[init]: failed static init: no accel jerk detected, platform moving too much
[0m[34m[TIME]: 0.0010 seconds total (1037.3 hz, 0.32 ms behind)
[0m[33m[init]: disparity is 47.579,24.380 (15.00 thresh)
[0m[33m[init]: failed static init: no accel jerk detected, platform moving too much
[0m[34m[TIME]: 0.0041 seconds total (244.3 hz, 0.33 ms behind)
[0m[33m[init]: disparity is 45.809,26.466 (15.00 thresh)
[0m[33m[init]: failed static init: no accel jerk detected, platform moving too much
[0m[34m[TIME]: 0.0007 seconds total (1387.0 hz, 0.33 ms behind)
[0m[33m[init]: disparity is 45.809,26.466 (15.00 thresh)
[0m[33m[init]: failed static init: no accel jerk detected, platform moving too much
[0m[34m[TIME]: 0.0038 seconds total (262.2 hz, 0.33 ms behind)
[0m[33m[init]: disparity is 45.809,26.466 (15.00 thresh)
[0m[33m[init]: failed static init: no accel jerk detected, platform moving too much
[0m[34m[TIME]: 0.0038 seconds total (264.1 hz, 0.33 ms behind)
[0m[33m[init]: disparity is 45.809,26.466 (15.00 thresh)
[0m[33m[init]: failed static init: no accel jerk detected, platform moving too much
[0m[34m[TIME]: 0.0007 seconds total (1445.1 hz, 0.33 ms behind)
[0m[33m[init]: disparity is 45.809,26.466 (15.00 thresh)
[0m[33m[init]: failed static init: no accel jerk detected, platform moving too much
[0m[34m[TIME]: 0.0007 seconds total (1428.6 hz, 0.09 ms behind)
[0m[33m[init]: disparity is 45.809,26.466 (15.00 thresh)
[0m[33m[init]: failed static init: no accel jerk detected, platform moving too much
[0m[34m[TIME]: 0.0008 seconds total (1228.5 hz, 0.09 ms behind)
[0m[33m[init]: disparity is 43.745,32.459 (15.00 thresh)
[0m[33m[init]: failed static init: no accel jerk detected, platform moving too much
[0m[34m[TIME]: 0.0006 seconds total (1626.0 hz, 0.09 ms behind)
[0m[33m[init]: disparity is 43.745,32.459 (15.00 thresh)
[0m[33m[init]: failed static init: no accel jerk detected, platform moving too much
[0m[34m[TIME]: 0.0039 seconds total (259.2 hz, 0.09 ms behind)
[0m[33m[init]: disparity is 43.745,32.459 (15.00 thresh)
[0m[33m[init]: failed static init: no accel jerk detected, platform moving too much
[0m[34m[TIME]: 0.0039 seconds total (257.7 hz, 0.09 ms behind)
[0m[33m[init]: disparity is 43.745,32.459 (15.00 thresh)
[0m[33m[init]: failed static init: no accel jerk detected, platform moving too much
[0m[34m[TIME]: 0.0012 seconds total (858.4 hz, 0.10 ms behind)
[0m[33m[init]: disparity is 43.745,32.459 (15.00 thresh)
[0m[33m[init]: failed static init: no accel jerk detected, platform moving too much
[0m[34m[TIME]: 0.0007 seconds total (1371.7 hz, 0.10 ms behind)
[0m[33m[init]: disparity is 41.281,33.028 (15.00 thresh)
[0m[33m[init]: failed static init: no accel jerk detected, platform moving too much
[0m[34m[TIME]: 0.0009 seconds total (1122.3 hz, 0.10 ms behind)
[0m[33m[init]: disparity is 41.281,33.028 (15.00 thresh)
[0m[33m[init]: failed static init: no accel jerk detected, platform moving too much
[0m[34m[TIME]: 0.0005 seconds total (1834.9 hz, 0.10 ms behind)
[0m[33m[init]: disparity is 41.281,33.028 (15.00 thresh)
[0m[33m[init]: failed static init: no accel jerk detected, platform moving too much
[0m[34m[TIME]: 0.0005 seconds total (1838.2 hz, 0.10 ms behind)
[0m[33m[init]: disparity is 41.281,33.028 (15.00 thresh)
[0m[33m[init]: failed static init: no accel jerk detected, platform moving too much
[0m[34m[TIME]: 0.0010 seconds total (1037.3 hz, 0.11 ms behind)
[0m[33m[init]: disparity is 41.055,36.141 (15.00 thresh)
[0m[33m[init]: failed static init: no accel jerk detected, platform moving too much
[0m[34m[TIME]: 0.0007 seconds total (1447.2 hz, 0.11 ms behind)
[0m[33m[init]: disparity is 41.055,36.141 (15.00 thresh)
[0m[33m[init]: failed static init: no accel jerk detected, platform moving too much
[0m[34m[TIME]: 0.0007 seconds total (1394.7 hz, 0.11 ms behind)
[0m[33m[init]: disparity is 41.055,36.141 (15.00 thresh)
[0m[33m[init]: failed static init: no accel jerk detected, platform moving too much
[0m[34m[TIME]: 0.0009 seconds total (1114.8 hz, 0.11 ms behind)
[0m[33m[init]: disparity is 41.055,36.141 (15.00 thresh)
[0m[33m[init]: failed static init: no accel jerk detected, platform moving too much
[0m[34m[TIME]: 0.0010 seconds total (1049.3 hz, 0.11 ms behind)
[0m[33m[init]: disparity is 41.055,36.141 (15.00 thresh)
[0m[33m[init]: failed static init: no accel jerk detected, platform moving too much
[0m[34m[TIME]: 0.0008 seconds total (1257.9 hz, 0.12 ms behind)
[0m[33m[init]: disparity is 38.192,38.238 (15.00 thresh)
[0m[33m[init]: failed static init: no accel jerk detected, platform moving too much
[0m[34m[TIME]: 0.0006 seconds total (1703.6 hz, 0.12 ms behind)
[0m[33m[init]: disparity is 38.192,38.238 (15.00 thresh)
[0m[33m[init]: failed static init: no accel jerk detected, platform moving too much
[0m[34m[TIME]: 0.0039 seconds total (256.8 hz, 0.12 ms behind)
[0m[33m[init]: disparity is 38.192,38.238 (15.00 thresh)
[0m[33m[init]: failed static init: no accel jerk detected, platform moving too much
[0m[34m[TIME]: 0.0009 seconds total (1111.1 hz, 0.12 ms behind)
[0m[33m[init]: disparity is 38.192,38.238 (15.00 thresh)
[0m[33m[init]: failed static init: no accel jerk detected, platform moving too much
[0m[34m[TIME]: 0.0007 seconds total (1497.0 hz, 0.12 ms behind)
[0m[33m[init]: disparity is 38.192,38.238 (15.00 thresh)
[0m[33m[init]: failed static init: no accel jerk detected, platform moving too much
[0m[34m[TIME]: 0.0010 seconds total (974.7 hz, 0.13 ms behind)
[0m[33m[init]: disparity is 38.080,40.976 (15.00 thresh)
[0m[33m[init]: failed static init: no accel jerk detected, platform moving too much
[0m[34m[TIME]: 0.0007 seconds total (1414.4 hz, 0.13 ms behind)
[0m[33m[init]: disparity is 38.080,40.976 (15.00 thresh)
[0m[33m[init]: failed static init: no accel jerk detected, platform moving too much
[0m[34m[TIME]: 0.0005 seconds total (1980.2 hz, 0.13 ms behind)
[0m[33m[init]: disparity is 38.080,40.976 (15.00 thresh)
[0m[33m[init]: failed static init: no accel jerk detected, platform moving too much
[0m[34m[TIME]: 0.0038 seconds total (259.8 hz, 0.13 ms behind)
[0m[33m[init]: disparity is 38.080,40.976 (15.00 thresh)
[0m[33m[init]: failed static init: no accel jerk detected, platform moving too much
[0m[34m[TIME]: 0.0039 seconds total (253.9 hz, 0.13 ms behind)
[0m[33m[init]: disparity is 38.080,40.976 (15.00 thresh)
[0m[33m[init]: failed static init: no accel jerk detected, platform moving too much
[0m[34m[TIME]: 0.0041 seconds total (243.1 hz, 0.14 ms behind)
[0m[33m[init]: disparity is 31.949,43.199 (15.00 thresh)
[0m[33m[init]: failed static init: no accel jerk detected, platform moving too much
[0m[34m[TIME]: 0.0034 seconds total (291.7 hz, 0.14 ms behind)
[0m[33m[init]: disparity is 31.949,43.199 (15.00 thresh)
[0m[33m[init]: failed static init: no accel jerk detected, platform moving too much
[0m[34m[TIME]: 0.0008 seconds total (1328.0 hz, 0.14 ms behind)
[0m[34m[TIME]: 0.0004 seconds total (2257.3 hz, 0.14 ms behind)
[0m[33m[init]: disparity is 31.949,43.199 (15.00 thresh)
[0m[33m[init]: failed static init: no accel jerk detected, platform moving too much
[0m[34m[TIME]: 0.0004 seconds total (2557.5 hz, 0.14 ms behind)
[0m[33m[init]: disparity is 31.949,43.199 (15.00 thresh)
[0m[33m[init]: failed static init: no accel jerk detected, platform moving too much
[0m[34m[TIME]: 0.0044 seconds total (228.5 hz, 0.15 ms behind)
[0m[33m[init]: disparity is 34.441,45.044 (15.00 thresh)
[0m[33m[init]: failed static init: no accel jerk detected, platform moving too much
[0m[34m[TIME]: 0.0006 seconds total (1569.9 hz, 0.15 ms behind)
[0m[33m[init]: disparity is 34.441,45.044 (15.00 thresh)
[0m[33m[init]: failed static init: no accel jerk detected, platform moving too much
[0m[34m[TIME]: 0.0008 seconds total (1227.0 hz, 0.15 ms behind)
[0m[33m[init]: disparity is 34.441,45.044 (15.00 thresh)
[0m[33m[init]: failed static init: no accel jerk detected, platform moving too much
[0m[34m[TIME]: 0.0009 seconds total (1169.6 hz, 0.15 ms behind)
[0m[33m[init]: disparity is 34.441,45.044 (15.00 thresh)
[0m[33m[init]: failed static init: no accel jerk detected, platform moving too much
[0m[34m[TIME]: 0.0009 seconds total (1119.8 hz, 0.15 ms behind)
[0m[33m[init]: disparity is 34.441,45.044 (15.00 thresh)
[0m[33m[init]: failed static init: no accel jerk detected, platform moving too much
[0m[34m[TIME]: 0.0006 seconds total (1801.8 hz, 0.16 ms behind)
[0m[33m[init]: disparity is 34.441,45.044 (15.00 thresh)
[0m[33m[init]: failed static init: no accel jerk detected, platform moving too much
[0m[34m[TIME]: 0.0008 seconds total (1326.3 hz, 0.16 ms behind)
[0m[33m[init]: disparity is 34.441,45.044 (15.00 thresh)
[0m[33m[init]: failed static init: no accel jerk detected, platform moving too much
[0m[34m[TIME]: 0.0026 seconds total (391.7 hz, 0.16 ms behind)
[0m[33m[init]: disparity is 31.429,43.390 (15.00 thresh)
[0m[33m[init]: failed static init: no accel jerk detected, platform moving too much
[0m[34m[TIME]: 0.0006 seconds total (1754.4 hz, 0.16 ms behind)
[0m[34m[TIME]: 0.0005 seconds total (2132.2 hz, 0.16 ms behind)
[0m[33m[init]: disparity is 31.429,43.390 (15.00 thresh)
[0m[33m[init]: failed static init: no accel jerk detected, platform moving too much
[0m[34m[TIME]: 0.0013 seconds total (788.6 hz, 0.17 ms behind)
[0m[33m[init]: disparity is 31.429,43.390 (15.00 thresh)
[0m[33m[init]: failed static init: no accel jerk detected, platform moving too much
[0m[34m[TIME]: 0.0027 seconds total (365.8 hz, 0.17 ms behind)
[0m[34m[TIME]: 0.0004 seconds total (2227.2 hz, 0.17 ms behind)
[0m[33m[init]: disparity is 29.783,42.203 (15.00 thresh)
[0m[33m[init]: failed static init: no accel jerk detected, platform moving too much
[0m[34m[TIME]: 0.0006 seconds total (1769.9 hz, 0.17 ms behind)
[0m[33m[init]: disparity is 29.783,42.203 (15.00 thresh)
[0m[34m[TIME]: 0.0005 seconds total (1996.0 hz, 0.17 ms behind)
[0m[33m[init]: failed static init: no accel jerk detected, platform moving too much
[0m[34m[TIME]: 0.0011 seconds total (878.0 hz, 0.18 ms behind)
[0m[34m[TIME]: 0.0004 seconds total (2481.4 hz, 0.18 ms behind)
[0m[33m[init]: disparity is 28.588,35.687 (15.00 thresh)
[0m[33m[init]: failed static init: no accel jerk detected, platform moving too much
[0m[34m[TIME]: 0.0007 seconds total (1373.6 hz, 0.18 ms behind)
[0m[33m[init]: disparity is 28.588,35.687 (15.00 thresh)
[0m[33m[init]: failed static init: no accel jerk detected, platform moving too much
[0m[34m[TIME]: 0.0026 seconds total (389.4 hz, 0.18 ms behind)
[0m[33m[init]: disparity is 28.588,35.687 (15.00 thresh)
[0m[33m[init]: failed static init: no accel jerk detected, platform moving too much
[0m[34m[TIME]: 0.0005 seconds total (1824.8 hz, 0.18 ms behind)
[0m[33m[init]: disparity is 28.588,35.687 (15.00 thresh)
[0m[33m[init]: failed static init: no accel jerk detected, platform moving too much
[0m[34m[TIME]: 0.0041 seconds total (241.5 hz, 0.19 ms behind)
[0m[33m[init]: disparity is 28.018,37.796 (15.00 thresh)
[0m[33m[init]: failed static init: no accel jerk detected, platform moving too much
[0m[34m[TIME]: 0.0011 seconds total (939.0 hz, 0.19 ms behind)
[0m[33m[init]: disparity is 28.018,37.796 (15.00 thresh)
[0m[33m[init]: failed static init: no accel jerk detected, platform moving too much
[0m[34m[TIME]: 0.0007 seconds total (1360.5 hz, 0.19 ms behind)
[0m[34m[TIME]: 0.0004 seconds total (2695.4 hz, 0.19 ms behind)
[0m[33m[init]: disparity is 28.018,37.796 (15.00 thresh)
[0m[33m[init]: failed static init: no accel jerk detected, platform moving too much
[0m[34m[TIME]: 0.0005 seconds total (1851.9 hz, 0.19 ms behind)
[0m[33m[init]: disparity is 28.018,37.796 (15.00 thresh)
[0m[33m[init]: failed static init: no accel jerk detected, platform moving too much
[0m[34m[TIME]: 0.0040 seconds total (247.6 hz, 0.21 ms behind)
[0m[33m[init]: disparity is 27.601,38.273 (15.00 thresh)
[0m[33m[init]: failed static init: no accel jerk detected, platform moving too much
[0m[34m[TIME]: 0.0008 seconds total (1328.0 hz, 0.21 ms behind)
[0m[33m[init]: disparity is 27.601,38.273 (15.00 thresh)
[0m[33m[init]: failed static init: no accel jerk detected, platform moving too much
[0m[34m[TIME]: 0.0038 seconds total (262.0 hz, 0.21 ms behind)
[0m[33m[init]: disparity is 27.601,38.273 (15.00 thresh)
[0m[33m[init]: failed static init: no accel jerk detected, platform moving too much
[0m[34m[TIME]: 0.0009 seconds total (1052.6 hz, 0.21 ms behind)
[0m[33m[init]: disparity is 27.601,38.273 (15.00 thresh)
[0m[33m[init]: failed static init: no accel jerk detected, platform moving too much
[0m[34m[TIME]: 0.0007 seconds total (1517.5 hz, 0.21 ms behind)
[0m[33m[init]: disparity is 27.601,38.273 (15.00 thresh)
[0m[33m[init]: failed static init: no accel jerk detected, platform moving too much
[0m[34m[TIME]: 0.0008 seconds total (1315.8 hz, 0.22 ms behind)
[0m[33m[init]: disparity is 27.601,38.273 (15.00 thresh)
[0m[33m[init]: failed static init: no accel jerk detected, platform moving too much
[0m[34m[TIME]: 0.0008 seconds total (1319.3 hz, 0.22 ms behind)
[0m[34m[TIME]: 0.0005 seconds total (1960.8 hz, 0.22 ms behind)
[0m[33m[init]: disparity is 28.032,37.921 (15.00 thresh)
[0m[33m[init]: failed static init: no accel jerk detected, platform moving too much
[0m[34m[TIME]: 0.0008 seconds total (1194.7 hz, 0.22 ms behind)
[0m[33m[init]: disparity is 28.032,37.921 (15.00 thresh)
[0m[33m[init]: failed static init: no accel jerk detected, platform moving too much
[0m[34m[TIME]: 0.0007 seconds total (1503.8 hz, 0.22 ms behind)
[0m[33m[init]: disparity is 28.032,37.921 (15.00 thresh)
[0m[33m[init]: failed static init: no accel jerk detected, platform moving too much
[0m[34m[TIME]: 0.0012 seconds total (821.0 hz, 0.23 ms behind)
[0m[33m[init]: disparity is 28.032,37.921 (15.00 thresh)
[0m[33m[init]: failed static init: no accel jerk detected, platform moving too much
[0m[34m[TIME]: 0.0041 seconds total (244.7 hz, 0.23 ms behind)
[0m[33m[init]: disparity is 28.297,36.344 (15.00 thresh)
[0m[33m[init]: failed static init: no accel jerk detected, platform moving too much
[0m[34m[TIME]: 0.0010 seconds total (983.3 hz, 0.23 ms behind)
[0m[33m[init]: disparity is 28.297,36.344 (15.00 thresh)
[0m[33m[init]: failed static init: no accel jerk detected, platform moving too much
[0m[34m[TIME]: 0.0039 seconds total (253.4 hz, 0.23 ms behind)
[0m[33m[init]: disparity is 28.297,36.344 (15.00 thresh)
[0m[33m[init]: failed static init: no accel jerk detected, platform moving too much
[0m[34m[TIME]: 0.0008 seconds total (1328.0 hz, 0.23 ms behind)
[0m[33m[init]: disparity is 28.297,36.344 (15.00 thresh)
[0m[33m[init]: failed static init: no accel jerk detected, platform moving too much
[0m[34m[TIME]: 0.0009 seconds total (1073.0 hz, 0.24 ms behind)
[0m[34m[TIME]: 0.0005 seconds total (1919.4 hz, 0.24 ms behind)
[0m[33m[init]: disparity is 28.450,35.526 (15.00 thresh)
[0m[33m[init]: failed static init: no accel jerk detected, platform moving too much
[0m[34m[TIME]: 0.0007 seconds total (1388.9 hz, 0.24 ms behind)
[0m[34m[TIME]: 0.0005 seconds total (1972.4 hz, 0.24 ms behind)
[0m[33m[init]: disparity is 28.450,35.526 (15.00 thresh)
[0m[33m[init]: failed static init: no accel jerk detected, platform moving too much
[0m[34m[TIME]: 0.0038 seconds total (263.1 hz, 0.24 ms behind)
[0m[33m[init]: disparity is 28.450,35.526 (15.00 thresh)
[0m[33m[init]: failed static init: no accel jerk detected, platform moving too much
[0m[34m[TIME]: 0.0010 seconds total (1017.3 hz, 0.25 ms behind)
[0m[33m[init]: disparity is 29.449,36.143 (15.00 thresh)
[0m[33m[init]: failed static init: no accel jerk detected, platform moving too much
[0m[34m[TIME]: 0.0009 seconds total (1070.7 hz, 0.25 ms behind)
[0m[33m[init]: disparity is 29.449,36.143 (15.00 thresh)
[0m[33m[init]: failed static init: no accel jerk detected, platform moving too much
[0m[34m[TIME]: 0.0008 seconds total (1197.6 hz, 0.25 ms behind)
[0m[33m[init]: disparity is 29.449,36.143 (15.00 thresh)
[0m[33m[init]: failed static init: no accel jerk detected, platform moving too much
[0m[34m[TIME]: 0.0009 seconds total (1103.8 hz, 0.25 ms behind)
[0m[34m[TIME]: 0.0005 seconds total (2100.8 hz, 0.25 ms behind)
[0m[33m[init]: disparity is 29.449,36.143 (15.00 thresh)
[0m[33m[init]: failed static init: no accel jerk detected, platform moving too much
[0m[34m[TIME]: 0.0009 seconds total (1076.4 hz, 0.26 ms behind)
[0m[33m[init]: disparity is 29.711,31.443 (15.00 thresh)
[0m[33m[init]: failed static init: no accel jerk detected, platform moving too much
[0m[34m[TIME]: 0.0040 seconds total (250.4 hz, 0.26 ms behind)
[0m[33m[init]: disparity is 29.711,31.443 (15.00 thresh)
[0m[33m[init]: failed static init: no accel jerk detected, platform moving too much
[0m[34m[TIME]: 0.0039 seconds total (255.2 hz, 0.26 ms behind)
[0m[33m[init]: disparity is 29.711,31.443 (15.00 thresh)
[0m[33m[init]: failed static init: no accel jerk detected, platform moving too much
[0m[34m[TIME]: 0.0010 seconds total (1043.8 hz, 0.26 ms behind)
[0m[33m[init]: disparity is 29.711,31.443 (15.00 thresh)
[0m[33m[init]: failed static init: no accel jerk detected, platform moving too much
[0m[34m[TIME]: 0.0009 seconds total (1066.1 hz, 0.26 ms behind)
[0m[33m[init]: disparity is 29.711,31.443 (15.00 thresh)
[0m[33m[init]: failed static init: no accel jerk detected, platform moving too much
[0m[34m[TIME]: 0.0010 seconds total (995.0 hz, 0.02 ms behind)
[0m[34m[TIME]: 0.0004 seconds total (2409.6 hz, 0.02 ms behind)
[0m[33m[init]: disparity is 34.818,33.174 (15.00 thresh)
[0m[33m[init]: failed static init: no accel jerk detected, platform moving too much
[0m[34m[TIME]: 0.0004 seconds total (2445.0 hz, 0.02 ms behind)
[0m[33m[init]: disparity is 34.818,33.174 (15.00 thresh)
[0m[33m[init]: failed static init: no accel jerk detected, platform moving too much
[0m[34m[TIME]: 0.0026 seconds total (389.4 hz, 0.02 ms behind)
[0m[33m[init]: disparity is 34.818,33.174 (15.00 thresh)
[0m[33m[init]: failed static init: no accel jerk detected, platform moving too much
[0m[34m[TIME]: 0.0008 seconds total (1219.5 hz, 0.02 ms behind)
[0m[33m[init]: disparity is 34.818,33.174 (15.00 thresh)
[0m[33m[init]: failed static init: no accel jerk detected, platform moving too much
[0m[34m[TIME]: 0.0040 seconds total (249.4 hz, 0.03 ms behind)
[0m[33m[init]: disparity is 36.778,34.153 (15.00 thresh)
[0m[33m[init]: failed static init: no accel jerk detected, platform moving too much
[0m[34m[TIME]: 0.0009 seconds total (1144.2 hz, 0.03 ms behind)
[0m[33m[init]: disparity is 36.778,34.153 (15.00 thresh)
[0m[33m[init]: failed static init: no accel jerk detected, platform moving too much
[0m[34m[TIME]: 0.0007 seconds total (1426.5 hz, 0.03 ms behind)
[0m[33m[init]: disparity is 36.778,34.153 (15.00 thresh)
[0m[33m[init]: failed static init: no accel jerk detected, platform moving too much
[0m[34m[TIME]: 0.0004 seconds total (2386.6 hz, 0.03 ms behind)
[0m[34m[TIME]: 0.0026 seconds total (384.9 hz, 0.03 ms behind)
[0m[33m[init]: disparity is 36.778,34.153 (15.00 thresh)
[0m[33m[init]: failed static init: no accel jerk detected, platform moving too much
[0m[34m[TIME]: 0.0007 seconds total (1388.9 hz, 0.29 ms behind)
[0m[33m[init]: disparity is 36.778,34.153 (15.00 thresh)
[0m[33m[init]: failed static init: no accel jerk detected, platform moving too much
[0m[34m[TIME]: 0.0009 seconds total (1139.0 hz, 0.29 ms behind)
[0m[33m[init]: disparity is 35.577,36.741 (15.00 thresh)
[0m[33m[init]: failed static init: no accel jerk detected, platform moving too much
[0m[34m[TIME]: 0.0008 seconds total (1293.7 hz, 0.29 ms behind)
[0m[33m[init]: disparity is 35.577,36.741 (15.00 thresh)
[0m[33m[init]: failed static init: no accel jerk detected, platform moving too much
[0m[34m[TIME]: 0.0007 seconds total (1434.7 hz, 0.29 ms behind)
[0m[34m[TIME]: 0.0003 seconds total (2985.1 hz, 0.29 ms behind)
[0m[33m[init]: disparity is 35.577,36.741 (15.00 thresh)
[0m[33m[init]: failed static init: no accel jerk detected, platform moving too much
[0m[34m[TIME]: 0.0012 seconds total (805.2 hz, 0.30 ms behind)
[0m[33m[init]: disparity is 35.577,36.741 (15.00 thresh)
[0m[33m[init]: failed static init: no accel jerk detected, platform moving too much
[0m[34m[TIME]: 0.0033 seconds total (305.4 hz, 0.30 ms behind)
[0m[33m[init]: disparity is 37.394,37.872 (15.00 thresh)
[0m[33m[init]: failed static init: no accel jerk detected, platform moving too much
[0m[34m[TIME]: 0.0026 seconds total (380.8 hz, 0.30 ms behind)
[0m[33m[init]: disparity is 37.394,37.872 (15.00 thresh)
[0m[33m[init]: failed static init: no accel jerk detected, platform moving too much
[0m[34m[TIME]: 0.0009 seconds total (1165.5 hz, 0.30 ms behind)
[0m[33m[init]: disparity is 37.394,37.872 (15.00 thresh)
[0m[33m[init]: failed static init: no accel jerk detected, platform moving too much
[0m[34m[TIME]: 0.0007 seconds total (1420.5 hz, 0.30 ms behind)
[0m[33m[init]: disparity is 37.394,37.872 (15.00 thresh)
[0m[33m[init]: failed static init: no accel jerk detected, platform moving too much
[0m[34m[TIME]: 0.0010 seconds total (1002.0 hz, 0.31 ms behind)
[0m[33m[init]: disparity is 45.017,38.177 (15.00 thresh)
[0m[33m[init]: failed static init: no accel jerk detected, platform moving too much
[0m[34m[TIME]: 0.0005 seconds total (1908.4 hz, 0.31 ms behind)
[0m[33m[init]: disparity is 45.017,38.177 (15.00 thresh)
[0m[33m[init]: failed static init: no accel jerk detected, platform moving too much
[0m[34m[TIME]: 0.0005 seconds total (1828.2 hz, 0.31 ms behind)
[0m[33m[init]: disparity is 45.017,38.177 (15.00 thresh)
[0m[33m[init]: failed static init: no accel jerk detected, platform moving too much
[0m[34m[TIME]: 0.0038 seconds total (262.1 hz, 0.31 ms behind)
[0m[33m[init]: disparity is 45.017,38.177 (15.00 thresh)
[0m[33m[init]: failed static init: no accel jerk detected, platform moving too much
[0m[34m[TIME]: 0.0008 seconds total (1187.6 hz, 0.31 ms behind)
[0m[33m[init]: disparity is 45.017,38.177 (15.00 thresh)
[0m[33m[init]: failed static init: no accel jerk detected, platform moving too much
[0m[34m[TIME]: 0.0041 seconds total (242.0 hz, 0.07 ms behind)
[0m[33m[init]: disparity is 46.898,40.494 (15.00 thresh)
[0m[33m[init]: failed static init: no accel jerk detected, platform moving too much
[0m[34m[TIME]: 0.0009 seconds total (1052.6 hz, 0.07 ms behind)
[0m[33m[init]: disparity is 46.898,40.494 (15.00 thresh)
[0m[33m[init]: failed static init: no accel jerk detected, platform moving too much
[0m[34m[TIME]: 0.0008 seconds total (1176.5 hz, 0.07 ms behind)
[0m[33m[init]: disparity is 46.898,40.494 (15.00 thresh)
[0m[33m[init]: failed static init: no accel jerk detected, platform moving too much
[0m[34m[TIME]: 0.0005 seconds total (1893.9 hz, 0.07 ms behind)
[0m[33m[init]: disparity is 46.898,40.494 (15.00 thresh)
[0m[33m[init]: failed static init: no accel jerk detected, platform moving too much
[0m[34m[TIME]: 0.0039 seconds total (257.1 hz, 0.07 ms behind)
[0m[33m[init]: disparity is 46.898,40.494 (15.00 thresh)
[0m[33m[init]: failed static init: no accel jerk detected, platform moving too much
[0m[34m[TIME]: 0.0007 seconds total (1449.3 hz, 0.33 ms behind)
[0m[33m[init]: disparity is 46.898,40.494 (15.00 thresh)
[0m[33m[init]: failed static init: no accel jerk detected, platform moving too much
[0m[34m[TIME]: 0.0006 seconds total (1552.8 hz, 0.33 ms behind)
[0m[33m[init]: disparity is 44.097,38.552 (15.00 thresh)
[0m[33m[init]: failed static init: no accel jerk detected, platform moving too much
[0m[34m[TIME]: 0.0008 seconds total (1196.2 hz, 0.33 ms behind)
[0m[33m[init]: disparity is 44.097,38.552 (15.00 thresh)
[0m[33m[init]: failed static init: no accel jerk detected, platform moving too much
[0m[34m[TIME]: 0.0006 seconds total (1592.4 hz, 0.33 ms behind)
[0m[34m[TIME]: 0.0004 seconds total (2525.3 hz, 0.33 ms behind)
[0m[33m[init]: disparity is 44.097,38.552 (15.00 thresh)
[0m[33m[init]: failed static init: no accel jerk detected, platform moving too much
[0m[34m[TIME]: 0.0013 seconds total (776.4 hz, 0.34 ms behind)
[0m[33m[init]: disparity is 44.097,38.552 (15.00 thresh)
[0m[33m[init]: failed static init: no accel jerk detected, platform moving too much
[0m[34m[TIME]: 0.0040 seconds total (251.8 hz, 0.34 ms behind)
[0m[33m[init]: disparity is 37.785,37.296 (15.00 thresh)
[0m[33m[init]: failed static init: no accel jerk detected, platform moving too much
[0m[34m[TIME]: 0.0036 seconds total (275.5 hz, 0.34 ms behind)
[0m[33m[init]: disparity is 37.785,37.296 (15.00 thresh)
[0m[33m[init]: failed static init: no accel jerk detected, platform moving too much
[0m[34m[TIME]: 0.0008 seconds total (1300.4 hz, 0.34 ms behind)
[0m[33m[init]: disparity is 37.785,37.296 (15.00 thresh)
[0m[33m[init]: failed static init: no accel jerk detected, platform moving too much
[0m[34m[TIME]: 0.0008 seconds total (1290.3 hz, 0.34 ms behind)
[0m[33m[init]: disparity is 37.785,37.296 (15.00 thresh)
[0m[33m[init]: failed static init: no accel jerk detected, platform moving too much
[0m[34m[TIME]: 0.0030 seconds total (328.9 hz, 0.10 ms behind)
[0m[33m[init]: disparity is 41.342,34.689 (15.00 thresh)
[0m[33m[init]: failed static init: no accel jerk detected, platform moving too much
[0m[34m[TIME]: 0.0005 seconds total (1845.0 hz, 0.10 ms behind)
[0m[34m[TIME]: 0.0004 seconds total (2427.2 hz, 0.10 ms behind)
[0m[33m[init]: disparity is 41.342,34.689 (15.00 thresh)
[0m[33m[init]: failed static init: no accel jerk detected, platform moving too much
[0m[34m[TIME]: 0.0025 seconds total (401.9 hz, 0.10 ms behind)
[0m[33m[init]: disparity is 41.342,34.689 (15.00 thresh)
[0m[33m[init]: failed static init: no accel jerk detected, platform moving too much
[0m[34m[TIME]: 0.0005 seconds total (1818.2 hz, 0.10 ms behind)
[0m[33m[init]: disparity is 41.342,34.689 (15.00 thresh)
[0m[33m[init]: failed static init: no accel jerk detected, platform moving too much
[0m[34m[TIME]: 0.0007 seconds total (1424.5 hz, 0.11 ms behind)
[0m[33m[init]: disparity is 41.342,34.689 (15.00 thresh)
[0m[33m[init]: failed static init: no accel jerk detected, platform moving too much
[0m[34m[TIME]: 0.0009 seconds total (1061.6 hz, 0.11 ms behind)
[0m[33m[init]: disparity is 41.342,34.689 (15.00 thresh)
[0m[33m[init]: failed static init: no accel jerk detected, platform moving too much
[0m[34m[TIME]: 0.0009 seconds total (1131.2 hz, 0.11 ms behind)
[0m[33m[init]: disparity is 41.342,34.689 (15.00 thresh)
[0m[33m[init]: failed static init: no accel jerk detected, platform moving too much
[0m[34m[TIME]: 0.0005 seconds total (1956.9 hz, 0.11 ms behind)
[0m[34m[TIME]: 0.0007 seconds total (1512.9 hz, 0.11 ms behind)
[0m[33m[init]: disparity is 39.685,35.994 (15.00 thresh)
[0m[33m[init]: failed static init: no accel jerk detected, platform moving too much
[0m[34m[TIME]: 0.0012 seconds total (844.6 hz, 0.12 ms behind)
[0m[33m[init]: disparity is 39.685,35.994 (15.00 thresh)
[0m[33m[init]: failed static init: no accel jerk detected, platform moving too much
[0m[34m[TIME]: 0.0007 seconds total (1438.8 hz, 0.12 ms behind)
[0m[33m[init]: disparity is 40.044,36.529 (15.00 thresh)
[0m[33m[init]: failed static init: no accel jerk detected, platform moving too much
[0m[34m[TIME]: 0.0038 seconds total (259.9 hz, 0.12 ms behind)
[0m[33m[init]: disparity is 40.044,36.529 (15.00 thresh)
[0m[33m[init]: failed static init: no accel jerk detected, platform moving too much
[0m[34m[TIME]: 0.0007 seconds total (1474.9 hz, 0.12 ms behind)
[0m[33m[init]: disparity is 40.044,36.529 (15.00 thresh)
[0m[33m[init]: failed static init: no accel jerk detected, platform moving too much
[0m[34m[TIME]: 0.0006 seconds total (1798.6 hz, 0.12 ms behind)
[0m[33m[init]: disparity is 40.044,36.529 (15.00 thresh)
[0m[33m[init]: failed static init: no accel jerk detected, platform moving too much
[0m[34m[TIME]: 0.0044 seconds total (229.7 hz, 0.13 ms behind)
[0m[33m[init]: disparity is 38.637,44.069 (15.00 thresh)
[0m[33m[init]: failed static init: no accel jerk detected, platform moving too much
[0m[34m[TIME]: 0.0038 seconds total (261.4 hz, 0.13 ms behind)
[0m[33m[init]: disparity is 38.637,44.069 (15.00 thresh)
[0m[33m[init]: failed static init: no accel jerk detected, platform moving too much
[0m[34m[TIME]: 0.0006 seconds total (1650.2 hz, 0.13 ms behind)
[0m[33m[init]: disparity is 38.637,44.069 (15.00 thresh)
[0m[33m[init]: failed static init: no accel jerk detected, platform moving too much
[0m[34m[TIME]: 0.0038 seconds total (263.2 hz, 0.13 ms behind)
[0m[33m[init]: disparity is 38.637,44.069 (15.00 thresh)
[0m[33m[init]: failed static init: no accel jerk detected, platform moving too much
[0m[34m[TIME]: 0.0039 seconds total (257.9 hz, 0.13 ms behind)
[0m[33m[init]: disparity is 38.637,44.069 (15.00 thresh)
[0m[33m[init]: failed static init: no accel jerk detected, platform moving too much
[0m[34m[TIME]: 0.0007 seconds total (1375.5 hz, 0.14 ms behind)
[0m[33m[init]: disparity is 38.637,44.069 (15.00 thresh)
[0m[33m[init]: failed static init: no accel jerk detected, platform moving too much
[0m[34m[TIME]: 0.0035 seconds total (282.2 hz, 0.14 ms behind)
[0m[33m[init]: disparity is 35.340,46.001 (15.00 thresh)
[0m[33m[init]: failed static init: no accel jerk detected, platform moving too much
[0m[34m[TIME]: 0.0009 seconds total (1107.4 hz, 0.14 ms behind)
[0m[34m[TIME]: 0.0004 seconds total (2309.5 hz, 0.14 ms behind)
[0m[33m[init]: disparity is 35.340,46.001 (15.00 thresh)
[0m[33m[init]: failed static init: no accel jerk detected, platform moving too much
[0m[34m[TIME]: 0.0004 seconds total (2525.3 hz, 0.14 ms behind)
[0m[33m[init]: disparity is 35.340,46.001 (15.00 thresh)
[0m[33m[init]: failed static init: no accel jerk detected, platform moving too much
[0m[34m[TIME]: 0.0011 seconds total (892.9 hz, 0.15 ms behind)
[0m[33m[init]: disparity is 35.340,46.001 (15.00 thresh)
[0m[33m[init]: failed static init: no accel jerk detected, platform moving too much
[0m[34m[TIME]: 0.0005 seconds total (1930.5 hz, 0.15 ms behind)
[0m[33m[init]: disparity is 35.340,46.001 (15.00 thresh)
[0m[33m[init]: failed static init: no accel jerk detected, platform moving too much
[0m[34m[TIME]: 0.0009 seconds total (1164.1 hz, 0.15 ms behind)
[0m[33m[init]: disparity is 34.089,45.232 (15.00 thresh)
[0m[33m[init]: failed static init: no accel jerk detected, platform moving too much
[0m[34m[TIME]: 0.0008 seconds total (1270.6 hz, 0.15 ms behind)
[0m[33m[init]: disparity is 34.089,45.232 (15.00 thresh)
[0m[33m[init]: failed static init: no accel jerk detected, platform moving too much
[0m[34m[TIME]: 0.0009 seconds total (1114.8 hz, 0.15 ms behind)
[0m[33m[init]: disparity is 34.089,45.232 (15.00 thresh)
[0m[33m[init]: failed static init: no accel jerk detected, platform moving too much
[0m[34m[TIME]: 0.0011 seconds total (945.2 hz, 0.16 ms behind)
[0m[33m[init]: disparity is 31.618,44.520 (15.00 thresh)
[0m[33m[init]: failed static init: no accel jerk detected, platform moving too much
[0m[34m[TIME]: 0.0007 seconds total (1336.9 hz, 0.16 ms behind)
[0m[33m[init]: disparity is 31.618,44.520 (15.00 thresh)
[0m[33m[init]: failed static init: no accel jerk detected, platform moving too much
[0m[34m[TIME]: 0.0026 seconds total (387.9 hz, 0.16 ms behind)
[0m[33m[init]: disparity is 31.618,44.520 (15.00 thresh)
[0m[33m[init]: failed static init: no accel jerk detected, platform moving too much
[0m[34m[TIME]: 0.0006 seconds total (1655.6 hz, 0.16 ms behind)
[0m[33m[init]: disparity is 31.618,44.520 (15.00 thresh)
[0m[33m[init]: failed static init: no accel jerk detected, platform moving too much
[0m[34m[TIME]: 0.0006 seconds total (1754.4 hz, 0.16 ms behind)
[0m[33m[init]: disparity is 31.618,44.520 (15.00 thresh)
[0m[33m[init]: failed static init: no accel jerk detected, platform moving too much
[0m[34m[TIME]: 0.0010 seconds total (1029.9 hz, 0.17 ms behind)
[0m[33m[init]: disparity is 35.577,42.003 (15.00 thresh)
[0m[33m[init]: failed static init: no accel jerk detected, platform moving too much
[0m[34m[TIME]: 0.0008 seconds total (1307.2 hz, 0.17 ms behind)
[0m[34m[TIME]: 0.0005 seconds total (2053.4 hz, 0.17 ms behind)
[0m[33m[init]: disparity is 35.577,42.003 (15.00 thresh)
[0m[33m[init]: failed static init: no accel jerk detected, platform moving too much
[0m[34m[TIME]: 0.0033 seconds total (304.8 hz, 0.17 ms behind)
[0m[33m[init]: disparity is 35.577,42.003 (15.00 thresh)
[0m[33m[init]: failed static init: no accel jerk detected, platform moving too much
[0m[34m[TIME]: 0.0027 seconds total (376.1 hz, 0.17 ms behind)
[0m[33m[init]: disparity is 35.577,42.003 (15.00 thresh)
[0m[33m[init]: failed static init: no accel jerk detected, platform moving too much
[0m[34m[TIME]: 0.0042 seconds total (239.9 hz, 0.18 ms behind)
[0m[33m[init]: disparity is 37.165,35.839 (15.00 thresh)
[0m[33m[init]: failed static init: no accel jerk detected, platform moving too much
[0m[34m[TIME]: 0.0040 seconds total (252.5 hz, 0.18 ms behind)
[0m[33m[init]: disparity is 37.165,35.839 (15.00 thresh)
[0m[33m[init]: failed static init: no accel jerk detected, platform moving too much
[0m[34m[TIME]: 0.0011 seconds total (882.6 hz, 0.18 ms behind)
[0m[33m[init]: disparity is 37.165,35.839 (15.00 thresh)
[0m[33m[init]: failed static init: no accel jerk detected, platform moving too much
[0m[34m[TIME]: 0.0006 seconds total (1718.2 hz, 0.18 ms behind)
[0m[33m[init]: disparity is 37.165,35.839 (15.00 thresh)
[0m[33m[init]: failed static init: no accel jerk detected, platform moving too much
[0m[34m[TIME]: 0.0006 seconds total (1773.0 hz, 0.18 ms behind)
[0m[33m[init]: disparity is 37.165,35.839 (15.00 thresh)
[0m[33m[init]: failed static init: no accel jerk detected, platform moving too much
[0m[34m[TIME]: 0.0008 seconds total (1328.0 hz, 0.19 ms behind)
[0m[34m[TIME]: 0.0005 seconds total (2100.8 hz, 0.19 ms behind)
[0m[33m[init]: disparity is 37.165,35.839 (15.00 thresh)
[0m[33m[init]: failed static init: no accel jerk detected, platform moving too much
[0m[34m[TIME]: 0.0008 seconds total (1176.5 hz, 0.19 ms behind)
[0m[33m[init]: disparity is 37.516,35.073 (15.00 thresh)
[0m[33m[init]: failed static init: no accel jerk detected, platform moving too much
[0m[34m[TIME]: 0.0010 seconds total (1000.0 hz, 0.19 ms behind)
[0m[33m[init]: disparity is 37.516,35.073 (15.00 thresh)
[0m[33m[init]: failed static init: no accel jerk detected, platform moving too much
[0m[34m[TIME]: 0.0010 seconds total (1049.3 hz, 0.19 ms behind)
[0m[33m[init]: disparity is 37.516,35.073 (15.00 thresh)
[0m[33m[init]: failed static init: no accel jerk detected, platform moving too much
[0m[34m[TIME]: 0.0013 seconds total (751.9 hz, 0.20 ms behind)
[0m[33m[init]: disparity is 37.516,35.073 (15.00 thresh)
[0m[33m[init]: failed static init: no accel jerk detected, platform moving too much
[0m[34m[TIME]: 0.0009 seconds total (1060.4 hz, 0.20 ms behind)
[0m[33m[init]: disparity is 37.516,35.073 (15.00 thresh)
[0m[33m[init]: failed static init: no accel jerk detected, platform moving too much
[0m[34m[TIME]: 0.0040 seconds total (252.0 hz, 0.20 ms behind)
[0m[33m[init]: disparity is 35.961,35.511 (15.00 thresh)
[0m[33m[init]: failed static init: no accel jerk detected, platform moving too much
[0m[34m[TIME]: 0.0040 seconds total (250.3 hz, 0.20 ms behind)
[0m[33m[init]: disparity is 35.961,35.511 (15.00 thresh)
[0m[33m[init]: failed static init: no accel jerk detected, platform moving too much
[0m[34m[TIME]: 0.0008 seconds total (1282.1 hz, 0.20 ms behind)
[0m[33m[init]: disparity is 35.961,35.511 (15.00 thresh)
[0m[33m[init]: failed static init: no accel jerk detected, platform moving too much
[0m[34m[TIME]: 0.0010 seconds total (965.3 hz, 0.21 ms behind)
[0m[33m[init]: disparity is 36.228,32.671 (15.00 thresh)
[0m[33m[init]: failed static init: no accel jerk detected, platform moving too much
[0m[34m[TIME]: 0.0005 seconds total (1992.0 hz, 0.21 ms behind)
[0m[34m[TIME]: 0.0004 seconds total (2445.0 hz, 0.21 ms behind)
[0m[33m[init]: disparity is 36.228,32.671 (15.00 thresh)
[0m[33m[init]: failed static init: no accel jerk detected, platform moving too much
[0m[34m[TIME]: 0.0025 seconds total (392.5 hz, 0.21 ms behind)
[0m[33m[init]: disparity is 36.228,32.671 (15.00 thresh)
[0m[33m[init]: failed static init: no accel jerk detected, platform moving too much
[0m[34m[TIME]: 0.0006 seconds total (1666.7 hz, 0.21 ms behind)
[0m[33m[init]: disparity is 36.228,32.671 (15.00 thresh)
[0m[33m[init]: failed static init: no accel jerk detected, platform moving too much
[0m[34m[TIME]: 0.0009 seconds total (1092.9 hz, 0.22 ms behind)
[0m[33m[init]: disparity is 38.021,27.302 (15.00 thresh)
[0m[33m[init]: failed static init: no accel jerk detected, platform moving too much
[0m[34m[TIME]: 0.0007 seconds total (1388.9 hz, 0.22 ms behind)
[0m[33m[init]: disparity is 38.021,27.302 (15.00 thresh)
[0m[33m[init]: failed static init: no accel jerk detected, platform moving too much
[0m[34m[TIME]: 0.0010 seconds total (976.6 hz, 0.22 ms behind)
[0m[33m[init]: disparity is 38.021,27.302 (15.00 thresh)
[0m[33m[init]: failed static init: no accel jerk detected, platform moving too much
[0m[34m[TIME]: 0.0005 seconds total (2024.3 hz, 0.22 ms behind)
[0m[33m[init]: disparity is 38.021,27.302 (15.00 thresh)
[0m[33m[init]: failed static init: no accel jerk detected, platform moving too much
[0m[34m[TIME]: 0.0007 seconds total (1477.1 hz, 0.22 ms behind)
[0m[33m[init]: disparity is 38.021,27.302 (15.00 thresh)
[0m[33m[init]: failed static init: no accel jerk detected, platform moving too much
[0m[34m[TIME]: 0.0044 seconds total (225.3 hz, 0.24 ms behind)
[0m[33m[init]: disparity is 39.618,25.587 (15.00 thresh)
[0m[33m[init]: failed static init: no accel jerk detected, platform moving too much
[0m[34m[TIME]: 0.0009 seconds total (1156.1 hz, 0.24 ms behind)
[0m[33m[init]: disparity is 39.618,25.587 (15.00 thresh)
[0m[33m[init]: failed static init: no accel jerk detected, platform moving too much
[0m[34m[TIME]: 0.0007 seconds total (1335.1 hz, 0.24 ms behind)
[0m[33m[init]: disparity is 39.618,25.587 (15.00 thresh)
[0m[33m[init]: failed static init: no accel jerk detected, platform moving too much
[0m[34m[TIME]: 0.0008 seconds total (1315.8 hz, 0.24 ms behind)
[0m[33m[init]: disparity is 39.618,25.587 (15.00 thresh)
[0m[33m[init]: failed static init: no accel jerk detected, platform moving too much
[0m[34m[TIME]: 0.0038 seconds total (263.2 hz, 0.24 ms behind)
[0m[33m[init]: disparity is 39.618,25.587 (15.00 thresh)
[0m[33m[init]: failed static init: no accel jerk detected, platform moving too much
[0m[34m[TIME]: 0.0042 seconds total (238.2 hz, 0.25 ms behind)
[0m[33m[init]: disparity is 40.966,27.942 (15.00 thresh)
[0m[33m[init]: failed static init: no accel jerk detected, platform moving too much
[0m[34m[TIME]: 0.0008 seconds total (1310.6 hz, 0.25 ms behind)
[0m[33m[init]: disparity is 40.966,27.942 (15.00 thresh)
[0m[33m[init]: failed static init: no accel jerk detected, platform moving too much
[0m[34m[TIME]: 0.0039 seconds total (256.0 hz, 0.25 ms behind)
[0m[33m[init]: disparity is 40.966,27.942 (15.00 thresh)
[0m[33m[init]: failed static init: no accel jerk detected, platform moving too much
[0m[34m[TIME]: 0.0039 seconds total (254.1 hz, 0.25 ms behind)
[0m[33m[init]: disparity is 40.966,27.942 (15.00 thresh)
[0m[33m[init]: failed static init: no accel jerk detected, platform moving too much
[0m[34m[TIME]: 0.0039 seconds total (256.0 hz, 0.25 ms behind)
[0m[33m[init]: disparity is 40.966,27.942 (15.00 thresh)
[0m[33m[init]: failed static init: no accel jerk detected, platform moving too much
[0m[34m[TIME]: 0.0034 seconds total (294.4 hz, 0.26 ms behind)
[0m[33m[init]: disparity is 38.089,28.911 (15.00 thresh)
[0m[33m[init]: failed static init: no accel jerk detected, platform moving too much
[0m[34m[TIME]: 0.0027 seconds total (372.6 hz, 0.26 ms behind)
[0m[34m[TIME]: 0.0004 seconds total (2227.2 hz, 0.26 ms behind)
[0m[33m[init]: disparity is 38.089,28.911 (15.00 thresh)
[0m[33m[init]: failed static init: no accel jerk detected, platform moving too much
[0m[34m[TIME]: 0.0025 seconds total (395.7 hz, 0.26 ms behind)
[0m[33m[init]: disparity is 38.089,28.911 (15.00 thresh)
[0m[33m[init]: failed static init: no accel jerk detected, platform moving too much
[0m[34m[TIME]: 0.0026 seconds total (380.4 hz, 0.26 ms behind)
[0m[33m[init]: disparity is 38.089,28.911 (15.00 thresh)
[0m[33m[init]: failed static init: no accel jerk detected, platform moving too much
[0m[34m[TIME]: 0.0031 seconds total (321.3 hz, 0.02 ms behind)
[0m[33m[init]: disparity is 37.368,27.366 (15.00 thresh)
[0m[33m[init]: failed static init: no accel jerk detected, platform moving too much
[0m[34m[TIME]: 0.0027 seconds total (376.6 hz, 0.02 ms behind)
[0m[33m[init]: disparity is 37.368,27.366 (15.00 thresh)
[0m[33m[init]: failed static init: no accel jerk detected, platform moving too much
[0m[34m[TIME]: 0.0008 seconds total (1224.0 hz, 0.02 ms behind)
[0m[34m[TIME]: 0.0004 seconds total (2247.2 hz, 0.02 ms behind)
[0m[33m[init]: disparity is 37.368,27.366 (15.00 thresh)
[0m[33m[init]: failed static init: no accel jerk detected, platform moving too much
[0m[34m[TIME]: 0.0004 seconds total (2531.6 hz, 0.02 ms behind)
[0m[33m[init]: disparity is 37.368,27.366 (15.00 thresh)
[0m[33m[init]: failed static init: no accel jerk detected, platform moving too much
[0m[34m[TIME]: 0.0007 seconds total (1412.4 hz, 0.03 ms behind)
[0m[33m[init]: disparity is 37.368,27.366 (15.00 thresh)
[0m[33m[init]: failed static init: no accel jerk detected, platform moving too much
[0m[34m[TIME]: 0.0039 seconds total (256.6 hz, 0.03 ms behind)
[0m[33m[init]: disparity is 35.165,27.018 (15.00 thresh)
[0m[33m[init]: failed static init: no accel jerk detected, platform moving too much
[0m[34m[TIME]: 0.0007 seconds total (1451.4 hz, 0.03 ms behind)
[0m[33m[init]: disparity is 35.165,27.018 (15.00 thresh)
[0m[33m[init]: failed static init: no accel jerk detected, platform moving too much
[0m[34m[TIME]: 0.0007 seconds total (1353.2 hz, 0.03 ms behind)
[0m[33m[init]: disparity is 35.165,27.018 (15.00 thresh)
[0m[33m[init]: failed static init: no accel jerk detected, platform moving too much
[0m[34m[TIME]: 0.0008 seconds total (1243.8 hz, 0.03 ms behind)
[0m[33m[init]: disparity is 35.165,27.018 (15.00 thresh)
[0m[33m[init]: failed static init: no accel jerk detected, platform moving too much
[0m[34m[TIME]: 0.0010 seconds total (954.2 hz, 0.04 ms behind)
[0m[33m[init]: disparity is 35.165,27.018 (15.00 thresh)
[0m[33m[init]: failed static init: no accel jerk detected, platform moving too much
[0m[34m[TIME]: 0.0038 seconds total (263.6 hz, 0.04 ms behind)
[0m[33m[init]: disparity is 38.244,26.798 (15.00 thresh)
[0m[33m[init]: failed static init: no accel jerk detected, platform moving too much
[0m[34m[TIME]: 0.0008 seconds total (1283.7 hz, 0.04 ms behind)
[0m[33m[init]: disparity is 38.244,26.798 (15.00 thresh)
[0m[33m[init]: failed static init: no accel jerk detected, platform moving too much
[0m[34m[TIME]: 0.0008 seconds total (1224.0 hz, 0.04 ms behind)
[0m[33m[init]: disparity is 38.244,26.798 (15.00 thresh)
[0m[33m[init]: failed static init: no accel jerk detected, platform moving too much
[0m[34m[TIME]: 0.0006 seconds total (1600.0 hz, 0.04 ms behind)
[0m[33m[init]: disparity is 38.244,26.798 (15.00 thresh)
[0m[33m[init]: failed static init: no accel jerk detected, platform moving too much
[0m[34m[TIME]: 0.0010 seconds total (999.0 hz, 0.05 ms behind)
[0m[34m[TIME]: 0.0006 seconds total (1811.6 hz, 0.05 ms behind)
[0m[33m[init]: disparity is 39.369,25.680 (15.00 thresh)
[0m[33m[init]: failed static init: no accel jerk detected, platform moving too much
[0m[34m[TIME]: 0.0039 seconds total (256.0 hz, 0.05 ms behind)
[0m[33m[init]: disparity is 39.369,25.680 (15.00 thresh)
[0m[33m[init]: failed static init: no accel jerk detected, platform moving too much
[0m[34m[TIME]: 0.0039 seconds total (255.3 hz, 0.05 ms behind)
[0m[33m[init]: disparity is 39.369,25.680 (15.00 thresh)
[0m[33m[init]: failed static init: no accel jerk detected, platform moving too much
[0m[34m[TIME]: 0.0007 seconds total (1529.1 hz, 0.05 ms behind)
[0m[33m[init]: disparity is 39.369,25.680 (15.00 thresh)
[0m[33m[init]: failed static init: no accel jerk detected, platform moving too much
[0m[34m[TIME]: 0.0042 seconds total (239.8 hz, 0.06 ms behind)
[0m[33m[init]: disparity is 44.981,23.878 (15.00 thresh)
[0m[33m[init]: failed static init: no accel jerk detected, platform moving too much
[0m[34m[TIME]: 0.0009 seconds total (1140.3 hz, 0.06 ms behind)
[0m[33m[init]: disparity is 44.981,23.878 (15.00 thresh)
[0m[33m[init]: failed static init: no accel jerk detected, platform moving too much
[0m[34m[TIME]: 0.0006 seconds total (1805.1 hz, 0.06 ms behind)
[0m[33m[init]: disparity is 44.981,23.878 (15.00 thresh)
[0m[33m[init]: failed static init: no accel jerk detected, platform moving too much
[0m[34m[TIME]: 0.0005 seconds total (2087.7 hz, 0.06 ms behind)
[0m[33m[init]: disparity is 44.981,23.878 (15.00 thresh)
[0m[33m[init]: failed static init: no accel jerk detected, platform moving too much
[0m[34m[TIME]: 0.0006 seconds total (1626.0 hz, 0.06 ms behind)
[0m[33m[init]: disparity is 44.981,23.878 (15.00 thresh)
[0m[33m[init]: failed static init: no accel jerk detected, platform moving too much
[0m[34m[TIME]: 0.0008 seconds total (1317.5 hz, 0.07 ms behind)
[0m[33m[init]: disparity is 44.981,23.878 (15.00 thresh)
[0m[33m[init]: failed static init: no accel jerk detected, platform moving too much
[0m[34m[TIME]: 0.0008 seconds total (1312.3 hz, 0.07 ms behind)
[0m[33m[init]: disparity is 47.003,24.677 (15.00 thresh)
[0m[33m[init]: failed static init: no accel jerk detected, platform moving too much
[0m[34m[TIME]: 0.0009 seconds total (1059.3 hz, 0.07 ms behind)
[0m[33m[init]: disparity is 47.003,24.677 (15.00 thresh)
[0m[33m[init]: failed static init: no accel jerk detected, platform moving too much
[0m[34m[TIME]: 0.0007 seconds total (1347.7 hz, 0.07 ms behind)
[0m[33m[init]: disparity is 47.003,24.677 (15.00 thresh)
[0m[33m[init]: failed static init: no accel jerk detected, platform moving too much
[0m[34m[TIME]: 0.0006 seconds total (1548.0 hz, 0.07 ms behind)
[0m[33m[init]: disparity is 47.003,24.677 (15.00 thresh)
[0m[33m[init]: failed static init: no accel jerk detected, platform moving too much
[0m[34m[TIME]: 0.0011 seconds total (892.9 hz, 0.33 ms behind)
[0m[33m[init]: disparity is 47.003,24.677 (15.00 thresh)
[0m[33m[init]: failed static init: no accel jerk detected, platform moving too much
[0m[34m[TIME]: 0.0008 seconds total (1285.3 hz, 0.33 ms behind)
[0m[33m[init]: disparity is 43.228,26.111 (15.00 thresh)
[0m[33m[init]: failed static init: no accel jerk detected, platform moving too much
[0m[34m[TIME]: 0.0040 seconds total (252.8 hz, 0.33 ms behind)
[0m[33m[init]: disparity is 43.228,26.111 (15.00 thresh)
[0m[33m[init]: failed static init: no accel jerk detected, platform moving too much
[0m[34m[TIME]: 0.0006 seconds total (1545.6 hz, 0.33 ms behind)
[0m[33m[init]: disparity is 43.228,26.111 (15.00 thresh)
[0m[33m[init]: failed static init: no accel jerk detected, platform moving too much
[0m[34m[TIME]: 0.0006 seconds total (1631.3 hz, 0.33 ms behind)
[0m[33m[init]: disparity is 43.228,26.111 (15.00 thresh)
[0m[33m[init]: failed static init: no accel jerk detected, platform moving too much
[0m[34m[TIME]: 0.0011 seconds total (945.2 hz, 0.09 ms behind)
[0m[33m[init]: disparity is 37.011,26.227 (15.00 thresh)
[0m[33m[init]: failed static init: no accel jerk detected, platform moving too much
[0m[34m[TIME]: 0.0008 seconds total (1270.6 hz, 0.09 ms behind)
[0m[34m[TIME]: 0.0004 seconds total (2242.2 hz, 0.09 ms behind)
[0m[33m[init]: disparity is 37.011,26.227 (15.00 thresh)
[0m[33m[init]: failed static init: no accel jerk detected, platform moving too much
[0m[34m[TIME]: 0.0005 seconds total (1879.7 hz, 0.09 ms behind)
[0m[33m[init]: disparity is 37.011,26.227 (15.00 thresh)
[0m[33m[init]: failed static init: no accel jerk detected, platform moving too much
[0m[34m[TIME]: 0.0026 seconds total (380.5 hz, 0.09 ms behind)
[0m[33m[init]: disparity is 37.011,26.227 (15.00 thresh)
[0m[33m[init]: failed static init: no accel jerk detected, platform moving too much
[0m[34m[TIME]: 0.0007 seconds total (1499.3 hz, 0.10 ms behind)
[0m[34m[TIME]: 0.0006 seconds total (1683.5 hz, 0.10 ms behind)
[0m[33m[init]: disparity is 35.398,25.118 (15.00 thresh)
[0m[33m[init]: failed static init: no accel jerk detected, platform moving too much
[0m[34m[TIME]: 0.0008 seconds total (1215.1 hz, 0.10 ms behind)
[0m[33m[init]: disparity is 35.398,25.118 (15.00 thresh)
[0m[33m[init]: failed static init: no accel jerk detected, platform moving too much
[0m[34m[TIME]: 0.0005 seconds total (2016.1 hz, 0.10 ms behind)
[0m[33m[init]: disparity is 35.398,25.118 (15.00 thresh)
[0m[33m[init]: failed static init: no accel jerk detected, platform moving too much
[0m[34m[TIME]: 0.0025 seconds total (392.3 hz, 0.10 ms behind)
[0m[33m[init]: disparity is 35.398,25.118 (15.00 thresh)
[0m[33m[init]: failed static init: no accel jerk detected, platform moving too much
[0m[34m[TIME]: 0.0010 seconds total (980.4 hz, 0.11 ms behind)
[0m[33m[init]: disparity is 35.073,24.933 (15.00 thresh)
[0m[33m[init]: failed static init: no accel jerk detected, platform moving too much
[0m[34m[TIME]: 0.0005 seconds total (1828.2 hz, 0.11 ms behind)
[0m[34m[TIME]: 0.0005 seconds total (1872.7 hz, 0.11 ms behind)
[0m[33m[init]: disparity is 35.073,24.933 (15.00 thresh)
[0m[33m[init]: failed static init: no accel jerk detected, platform moving too much
[0m[34m[TIME]: 0.0005 seconds total (2000.0 hz, 0.11 ms behind)
[0m[34m[TIME]: 0.0004 seconds total (2525.3 hz, 0.11 ms behind)
[0m[33m[init]: disparity is 35.073,24.933 (15.00 thresh)
[0m[33m[init]: failed static init: no accel jerk detected, platform moving too much
[0m[34m[TIME]: 0.0011 seconds total (913.2 hz, 0.12 ms behind)
[0m[33m[init]: disparity is 33.701,25.644 (15.00 thresh)
[0m[33m[init]: failed static init: no accel jerk detected, platform moving too much
[0m[34m[TIME]: 0.0007 seconds total (1536.1 hz, 0.12 ms behind)
[0m[33m[init]: disparity is 33.701,25.644 (15.00 thresh)
[0m[33m[init]: failed static init: no accel jerk detected, platform moving too much
[0m[34m[TIME]: 0.0006 seconds total (1805.1 hz, 0.12 ms behind)
[0m[33m[init]: disparity is 33.701,25.644 (15.00 thresh)
[0m[33m[init]: failed static init: no accel jerk detected, platform moving too much
[0m[34m[TIME]: 0.0006 seconds total (1736.1 hz, 0.12 ms behind)
[0m[33m[init]: disparity is 33.701,25.644 (15.00 thresh)
[0m[33m[init]: failed static init: no accel jerk detected, platform moving too much
[0m[34m[TIME]: 0.0008 seconds total (1228.5 hz, 0.12 ms behind)
[0m[33m[init]: disparity is 33.701,25.644 (15.00 thresh)
[0m[33m[init]: failed static init: no accel jerk detected, platform moving too much
[0m[34m[TIME]: 0.0010 seconds total (1036.3 hz, 0.13 ms behind)
[0m[33m[init]: disparity is 30.634,22.241 (15.00 thresh)
[0m[33m[init]: failed static init: no accel jerk detected, platform moving too much
[0m[34m[TIME]: 0.0007 seconds total (1477.1 hz, 0.13 ms behind)
[0m[33m[init]: disparity is 30.634,22.241 (15.00 thresh)
[0m[33m[init]: failed static init: no accel jerk detected, platform moving too much
[0m[34m[TIME]: 0.0007 seconds total (1479.3 hz, 0.13 ms behind)
[0m[33m[init]: disparity is 30.634,22.241 (15.00 thresh)
[0m[33m[init]: failed static init: no accel jerk detected, platform moving too much
[0m[34m[TIME]: 0.0007 seconds total (1445.1 hz, 0.13 ms behind)
[0m[33m[init]: disparity is 30.634,22.241 (15.00 thresh)
[0m[33m[init]: failed static init: no accel jerk detected, platform moving too much
[0m[34m[TIME]: 0.0007 seconds total (1404.5 hz, 0.13 ms behind)
[0m[33m[init]: disparity is 30.634,22.241 (15.00 thresh)
[0m[33m[init]: failed static init: no accel jerk detected, platform moving too much
[0m[34m[TIME]: 0.0009 seconds total (1116.1 hz, 0.14 ms behind)
[0m[33m[init]: disparity is 27.494,20.313 (15.00 thresh)
[0m[33m[init]: failed static init: no accel jerk detected, platform moving too much
[0m[34m[TIME]: 0.0006 seconds total (1631.3 hz, 0.14 ms behind)
[0m[33m[init]: disparity is 27.494,20.313 (15.00 thresh)
[0m[33m[init]: failed static init: no accel jerk detected, platform moving too much
[0m[34m[TIME]: 0.0006 seconds total (1572.3 hz, 0.14 ms behind)
[0m[33m[init]: disparity is 27.494,20.313 (15.00 thresh)
[0m[33m[init]: failed static init: no accel jerk detected, platform moving too much
[0m[34m[TIME]: 0.0006 seconds total (1623.4 hz, 0.14 ms behind)
[0m[33m[init]: disparity is 27.494,20.313 (15.00 thresh)
[0m[33m[init]: failed static init: no accel jerk detected, platform moving too much
[0m[34m[TIME]: 0.0006 seconds total (1715.3 hz, 0.14 ms behind)
[0m[33m[init]: disparity is 27.494,20.313 (15.00 thresh)
[0m[33m[init]: failed static init: no accel jerk detected, platform moving too much
[0m[34m[TIME]: 0.0010 seconds total (1024.6 hz, 0.15 ms behind)
[0m[33m[init]: disparity is 28.485,17.196 (15.00 thresh)
[0m[33m[init]: failed static init: no accel jerk detected, platform moving too much
[0m[34m[TIME]: 0.0008 seconds total (1295.3 hz, 0.15 ms behind)
[0m[33m[init]: disparity is 28.485,17.196 (15.00 thresh)
[0m[33m[init]: failed static init: no accel jerk detected, platform moving too much
[0m[34m[TIME]: 0.0007 seconds total (1388.9 hz, 0.15 ms behind)
[0m[33m[init]: disparity is 28.485,17.196 (15.00 thresh)
[0m[33m[init]: failed static init: no accel jerk detected, platform moving too much
[0m[34m[TIME]: 0.0007 seconds total (1479.3 hz, 0.15 ms behind)
[0m[33m[init]: disparity is 28.485,17.196 (15.00 thresh)
[0m[33m[init]: failed static init: no accel jerk detected, platform moving too much
[0m[34m[TIME]: 0.0006 seconds total (1623.4 hz, 0.15 ms behind)
[0m[33m[init]: disparity is 28.485,17.196 (15.00 thresh)
[0m[33m[init]: failed static init: no accel jerk detected, platform moving too much
[0m[34m[TIME]: 0.0009 seconds total (1132.5 hz, 0.16 ms behind)
[0m[33m[init]: disparity is 30.130,16.402 (15.00 thresh)
[0m[33m[init]: failed static init: no accel jerk detected, platform moving too much
[0m[34m[TIME]: 0.0006 seconds total (1636.7 hz, 0.16 ms behind)
[0m[34m[TIME]: 0.0006 seconds total (1620.7 hz, 0.16 ms behind)
[0m[33m[init]: disparity is 30.130,16.402 (15.00 thresh)
[0m[33m[init]: failed static init: no accel jerk detected, platform moving too much
[0m[34m[TIME]: 0.0028 seconds total (351.1 hz, 0.16 ms behind)
[0m[33m[init]: disparity is 30.130,16.402 (15.00 thresh)
[0m[33m[init]: failed static init: no accel jerk detected, platform moving too much
[0m[34m[TIME]: 0.0005 seconds total (1953.1 hz, 0.16 ms behind)
[0m[33m[init]: disparity is 30.130,16.402 (15.00 thresh)
[0m[33m[init]: failed static init: no accel jerk detected, platform moving too much
[0m[34m[TIME]: 0.0009 seconds total (1128.7 hz, 0.17 ms behind)
[0m[33m[init]: disparity is 31.276,14.946 (15.00 thresh)
[0m[33m[init]: failed static init: no accel jerk detected, platform moving too much
[0m[34m[TIME]: 0.0007 seconds total (1432.7 hz, 0.17 ms behind)
[0m[33m[init]: disparity is 31.276,14.946 (15.00 thresh)
[0m[33m[init]: failed static init: no accel jerk detected, platform moving too much
[0m[34m[TIME]: 0.0007 seconds total (1345.9 hz, 0.17 ms behind)
[0m[33m[init]: disparity is 31.276,14.946 (15.00 thresh)
[0m[33m[init]: failed static init: no accel jerk detected, platform moving too much
[0m[34m[TIME]: 0.0005 seconds total (1912.0 hz, 0.17 ms behind)
[0m[33m[init]: disparity is 31.276,14.946 (15.00 thresh)
[0m[33m[init]: failed static init: no accel jerk detected, platform moving too much
[0m[34m[TIME]: 0.0007 seconds total (1457.7 hz, 0.17 ms behind)
[0m[33m[init]: disparity is 31.276,14.946 (15.00 thresh)
[0m[33m[init]: failed static init: no accel jerk detected, platform moving too much
[0m[34m[TIME]: 0.0011 seconds total (919.1 hz, 0.18 ms behind)
[0m[33m[init]: disparity is 31.838,14.066 (15.00 thresh)
[0m[33m[init]: failed static init: no accel jerk detected, platform moving too much
[0m[34m[TIME]: 0.0005 seconds total (1855.3 hz, 0.18 ms behind)
[0m[33m[init]: disparity is 31.838,14.066 (15.00 thresh)
[0m[33m[init]: failed static init: no accel jerk detected, platform moving too much
[0m[34m[TIME]: 0.0005 seconds total (1984.1 hz, 0.18 ms behind)
[0m[33m[init]: disparity is 31.838,14.066 (15.00 thresh)
[0m[33m[init]: failed static init: no accel jerk detected, platform moving too much
[0m[34m[TIME]: 0.0007 seconds total (1481.5 hz, 0.18 ms behind)
[0m[33m[init]: disparity is 31.838,14.066 (15.00 thresh)
[0m[33m[init]: failed static init: no accel jerk detected, platform moving too much
[0m[34m[TIME]: 0.0005 seconds total (1934.2 hz, 0.18 ms behind)
[0m[33m[init]: disparity is 31.838,14.066 (15.00 thresh)
[0m[33m[init]: failed static init: no accel jerk detected, platform moving too much
[0m[34m[TIME]: 0.0009 seconds total (1059.3 hz, 0.19 ms behind)
[0m[33m[init]: disparity is 29.414,13.823 (15.00 thresh)
[0m[33m[init]: failed static init: no accel jerk detected, platform moving too much
[0m[34m[TIME]: 0.0006 seconds total (1582.3 hz, 0.19 ms behind)
[0m[33m[init]: disparity is 29.414,13.823 (15.00 thresh)
[0m[33m[init]: failed static init: no accel jerk detected, platform moving too much
[0m[34m[TIME]: 0.0007 seconds total (1472.8 hz, 0.19 ms behind)
[0m[33m[init]: disparity is 29.414,13.823 (15.00 thresh)
[0m[33m[init]: failed static init: no accel jerk detected, platform moving too much
[0m[34m[TIME]: 0.0007 seconds total (1483.7 hz, 0.19 ms behind)
[0m[33m[init]: disparity is 29.414,13.823 (15.00 thresh)
[0m[33m[init]: failed static init: no accel jerk detected, platform moving too much
[0m[34m[TIME]: 0.0006 seconds total (1650.2 hz, 0.19 ms behind)
[0m[33m[init]: disparity is 29.414,13.823 (15.00 thresh)
[0m[33m[init]: failed static init: no accel jerk detected, platform moving too much
[0m[34m[TIME]: 0.0009 seconds total (1146.8 hz, 0.20 ms behind)
[0m[33m[init]: disparity is 26.502,13.361 (15.00 thresh)
[0m[33m[init]: failed static init: no accel jerk detected, platform moving too much
[0m[34m[TIME]: 0.0006 seconds total (1626.0 hz, 0.20 ms behind)
[0m[33m[init]: disparity is 26.502,13.361 (15.00 thresh)
[0m[33m[init]: failed static init: no accel jerk detected, platform moving too much
[0m[34m[TIME]: 0.0006 seconds total (1612.9 hz, 0.20 ms behind)
[0m[33m[init]: disparity is 26.502,13.361 (15.00 thresh)
[0m[33m[init]: failed static init: no accel jerk detected, platform moving too much
[0m[34m[TIME]: 0.0006 seconds total (1655.6 hz, 0.20 ms behind)
[0m[33m[init]: disparity is 26.502,13.361 (15.00 thresh)
[0m[33m[init]: failed static init: no accel jerk detected, platform moving too much
[0m[34m[TIME]: 0.0006 seconds total (1626.0 hz, 0.20 ms behind)
[0m[33m[init]: disparity is 26.502,13.361 (15.00 thresh)
[0m[33m[init]: failed static init: no accel jerk detected, platform moving too much
[0m[34m[TIME]: 0.0009 seconds total (1054.9 hz, 0.21 ms behind)
[0m[33m[init]: disparity is 23.811,10.848 (15.00 thresh)
[0m[33m[init]: failed static init: no accel jerk detected, platform moving too much
[0m[34m[TIME]: 0.0007 seconds total (1349.5 hz, 0.21 ms behind)
[0m[33m[init]: disparity is 23.811,10.848 (15.00 thresh)
[0m[33m[init]: failed static init: no accel jerk detected, platform moving too much
[0m[34m[TIME]: 0.0007 seconds total (1508.3 hz, 0.21 ms behind)
[0m[33m[init]: disparity is 23.811,10.848 (15.00 thresh)
[0m[33m[init]: failed static init: no accel jerk detected, platform moving too much
[0m[34m[TIME]: 0.0006 seconds total (1562.5 hz, 0.21 ms behind)
[0m[33m[init]: disparity is 23.811,10.848 (15.00 thresh)
[0m[33m[init]: failed static init: no accel jerk detected, platform moving too much
[0m[34m[TIME]: 0.0006 seconds total (1602.6 hz, 0.21 ms behind)
[0m[33m[init]: disparity is 23.811,10.848 (15.00 thresh)
[0m[33m[init]: failed static init: no accel jerk detected, platform moving too much
[0m[34m[TIME]: 0.0010 seconds total (962.5 hz, 0.22 ms behind)
[0m[33m[init]: disparity is 24.030,10.134 (15.00 thresh)
[0m[33m[init]: failed static init: no accel jerk detected, platform moving too much
[0m[34m[TIME]: 0.0007 seconds total (1488.1 hz, 0.22 ms behind)
[0m[33m[init]: disparity is 24.030,10.134 (15.00 thresh)
[0m[33m[init]: failed static init: no accel jerk detected, platform moving too much
[0m[34m[TIME]: 0.0006 seconds total (1658.4 hz, 0.22 ms behind)
[0m[33m[init]: disparity is 24.030,10.134 (15.00 thresh)
[0m[33m[init]: failed static init: no accel jerk detected, platform moving too much
[0m[34m[TIME]: 0.0006 seconds total (1597.4 hz, 0.22 ms behind)
[0m[33m[init]: disparity is 24.030,10.134 (15.00 thresh)
[0m[33m[init]: failed static init: no accel jerk detected, platform moving too much
[0m[34m[TIME]: 0.0006 seconds total (1706.5 hz, 0.22 ms behind)
[0m[33m[init]: disparity is 24.030,10.134 (15.00 thresh)
[0m[33m[init]: failed static init: no accel jerk detected, platform moving too much
[0m[34m[TIME]: 0.0010 seconds total (1037.3 hz, 0.23 ms behind)
[0m[33m[init]: disparity is 24.664,9.346 (15.00 thresh)
[0m[33m[init]: failed static init: no accel jerk detected, platform moving too much
[0m[34m[TIME]: 0.0007 seconds total (1412.4 hz, 0.23 ms behind)
[0m[33m[init]: disparity is 24.664,9.346 (15.00 thresh)
[0m[33m[init]: failed static init: no accel jerk detected, platform moving too much
[0m[34m[TIME]: 0.0006 seconds total (1631.3 hz, 0.23 ms behind)
[0m[33m[init]: disparity is 24.664,9.346 (15.00 thresh)
[0m[33m[init]: failed static init: no accel jerk detected, platform moving too much
[0m[34m[TIME]: 0.0006 seconds total (1666.7 hz, 0.23 ms behind)
[0m[33m[init]: disparity is 24.664,9.346 (15.00 thresh)
[0m[33m[init]: failed static init: no accel jerk detected, platform moving too much
[0m[34m[TIME]: 0.0006 seconds total (1628.7 hz, 0.23 ms behind)
[0m[33m[init]: disparity is 24.664,9.346 (15.00 thresh)
[0m[33m[init]: failed static init: no accel jerk detected, platform moving too much
[0m[34m[TIME]: 0.0011 seconds total (946.1 hz, 0.24 ms behind)
[0m[33m[init]: disparity is 24.044,9.661 (15.00 thresh)
[0m[33m[init]: failed static init: no accel jerk detected, platform moving too much
[0m[34m[TIME]: 0.0007 seconds total (1490.3 hz, 0.24 ms behind)
[0m[33m[init]: disparity is 24.044,9.661 (15.00 thresh)
[0m[33m[init]: failed static init: no accel jerk detected, platform moving too much
[0m[34m[TIME]: 0.0006 seconds total (1560.1 hz, 0.24 ms behind)
[0m[33m[init]: disparity is 24.044,9.661 (15.00 thresh)
[0m[33m[init]: failed static init: no accel jerk detected, platform moving too much
[0m[34m[TIME]: 0.0006 seconds total (1574.8 hz, 0.24 ms behind)
[0m[33m[init]: disparity is 24.044,9.661 (15.00 thresh)
[0m[33m[init]: failed static init: no accel jerk detected, platform moving too much
[0m[34m[TIME]: 0.0039 seconds total (257.5 hz, 0.24 ms behind)
[0m[33m[init]: disparity is 24.044,9.661 (15.00 thresh)
[0m[33m[init]: failed static init: no accel jerk detected, platform moving too much
[0m[34m[TIME]: 0.0010 seconds total (1024.6 hz, 0.25 ms behind)
[0m[33m[init]: disparity is 23.713,12.208 (15.00 thresh)
[0m[33m[init]: failed static init: no accel jerk detected, platform moving too much
[0m[34m[TIME]: 0.0007 seconds total (1430.6 hz, 0.25 ms behind)
[0m[33m[init]: disparity is 23.713,12.208 (15.00 thresh)
[0m[33m[init]: failed static init: no accel jerk detected, platform moving too much
[0m[34m[TIME]: 0.0006 seconds total (1655.6 hz, 0.25 ms behind)
[0m[33m[init]: disparity is 23.713,12.208 (15.00 thresh)
[0m[33m[init]: failed static init: no accel jerk detected, platform moving too much
[0m[34m[TIME]: 0.0006 seconds total (1610.3 hz, 0.25 ms behind)
[0m[33m[init]: disparity is 23.713,12.208 (15.00 thresh)
[0m[33m[init]: failed static init: no accel jerk detected, platform moving too much
[0m[34m[TIME]: 0.0040 seconds total (247.0 hz, 0.25 ms behind)
[0m[33m[init]: disparity is 23.713,12.208 (15.00 thresh)
[0m[33m[init]: failed static init: no accel jerk detected, platform moving too much
[0m[34m[TIME]: 0.0009 seconds total (1133.8 hz, 0.27 ms behind)
[0m[33m[init]: disparity is 24.169,14.519 (15.00 thresh)
[0m[33m[init]: failed static init: no accel jerk detected, platform moving too much
[0m[34m[TIME]: 0.0006 seconds total (1557.6 hz, 0.27 ms behind)
[0m[33m[init]: disparity is 24.169,14.519 (15.00 thresh)
[0m[33m[init]: failed static init: no accel jerk detected, platform moving too much
[0m[34m[TIME]: 0.0006 seconds total (1623.4 hz, 0.27 ms behind)
[0m[33m[init]: disparity is 24.169,14.519 (15.00 thresh)
[0m[33m[init]: failed static init: no accel jerk detected, platform moving too much
[0m[34m[TIME]: 0.0006 seconds total (1703.6 hz, 0.27 ms behind)
[0m[33m[init]: disparity is 24.169,14.519 (15.00 thresh)
[0m[33m[init]: failed static init: no accel jerk detected, platform moving too much
[0m[34m[TIME]: 0.0039 seconds total (257.3 hz, 0.27 ms behind)
[0m[33m[init]: disparity is 24.169,14.519 (15.00 thresh)
[0m[33m[init]: failed static init: no accel jerk detected, platform moving too much
[0m[34m[TIME]: 0.0011 seconds total (941.6 hz, 0.28 ms behind)
[0m[33m[init]: disparity is 25.325,16.553 (15.00 thresh)
[0m[33m[init]: failed static init: no accel jerk detected, platform moving too much
[0m[34m[TIME]: 0.0007 seconds total (1477.1 hz, 0.28 ms behind)
[0m[33m[init]: disparity is 25.325,16.553 (15.00 thresh)
[0m[33m[init]: failed static init: no accel jerk detected, platform moving too much
[0m[34m[TIME]: 0.0006 seconds total (1607.7 hz, 0.28 ms behind)
[0m[33m[init]: disparity is 25.325,16.553 (15.00 thresh)
[0m[33m[init]: failed static init: no accel jerk detected, platform moving too much
[0m[34m[TIME]: 0.0006 seconds total (1552.8 hz, 0.28 ms behind)
[0m[33m[init]: disparity is 25.325,16.553 (15.00 thresh)
[0m[33m[init]: failed static init: no accel jerk detected, platform moving too much
[0m[34m[TIME]: 0.0031 seconds total (323.4 hz, 0.28 ms behind)
[0m[33m[init]: disparity is 25.325,16.553 (15.00 thresh)
[0m[33m[init]: failed static init: no accel jerk detected, platform moving too much
[0m[34m[TIME]: 0.0010 seconds total (998.0 hz, 0.29 ms behind)
[0m[33m[init]: disparity is 24.964,17.134 (15.00 thresh)
[0m[33m[init]: failed static init: no accel jerk detected, platform moving too much
[0m[34m[TIME]: 0.0007 seconds total (1447.2 hz, 0.29 ms behind)
[0m[33m[init]: disparity is 24.964,17.134 (15.00 thresh)
[0m[33m[init]: failed static init: no accel jerk detected, platform moving too much
[0m[34m[TIME]: 0.0007 seconds total (1533.7 hz, 0.29 ms behind)
[0m[33m[init]: disparity is 24.964,17.134 (15.00 thresh)
[0m[33m[init]: failed static init: no accel jerk detected, platform moving too much
[0m[34m[TIME]: 0.0005 seconds total (1915.7 hz, 0.29 ms behind)
[0m[33m[init]: disparity is 24.964,17.134 (15.00 thresh)
[0m[33m[init]: failed static init: no accel jerk detected, platform moving too much
[0m[34m[TIME]: 0.0026 seconds total (384.8 hz, 0.29 ms behind)
[0m[33m[init]: disparity is 24.964,17.134 (15.00 thresh)
[0m[33m[init]: failed static init: no accel jerk detected, platform moving too much
[0m[34m[TIME]: 0.0008 seconds total (1190.5 hz, 0.05 ms behind)
[0m[33m[init]: disparity is 24.908,17.253 (15.00 thresh)
[0m[33m[init]: failed static init: no accel jerk detected, platform moving too much
[0m[34m[TIME]: 0.0007 seconds total (1408.5 hz, 0.05 ms behind)
[0m[33m[init]: disparity is 24.908,17.253 (15.00 thresh)
[0m[33m[init]: failed static init: no accel jerk detected, platform moving too much
[0m[34m[TIME]: 0.0006 seconds total (1655.6 hz, 0.05 ms behind)
[0m[33m[init]: disparity is 24.908,17.253 (15.00 thresh)
[0m[33m[init]: failed static init: no accel jerk detected, platform moving too much
[0m[34m[TIME]: 0.0006 seconds total (1569.9 hz, 0.05 ms behind)
[0m[33m[init]: disparity is 24.908,17.253 (15.00 thresh)
[0m[33m[init]: failed static init: no accel jerk detected, platform moving too much
[0m[34m[TIME]: 0.0029 seconds total (339.4 hz, 0.05 ms behind)
[0m[33m[init]: disparity is 24.908,17.253 (15.00 thresh)
[0m[33m[init]: failed static init: no accel jerk detected, platform moving too much
[0m[34m[TIME]: 0.0008 seconds total (1184.8 hz, 0.31 ms behind)
[0m[33m[init]: disparity is 20.745,18.222 (15.00 thresh)
[0m[33m[init]: failed static init: no accel jerk detected, platform moving too much
[0m[34m[TIME]: 0.0006 seconds total (1709.4 hz, 0.31 ms behind)
[0m[33m[init]: disparity is 20.745,18.222 (15.00 thresh)
[0m[33m[init]: failed static init: no accel jerk detected, platform moving too much
[0m[34m[TIME]: 0.0005 seconds total (2083.3 hz, 0.31 ms behind)
[0m[33m[init]: disparity is 20.745,18.222 (15.00 thresh)
[0m[33m[init]: failed static init: no accel jerk detected, platform moving too much
[0m[34m[TIME]: 0.0005 seconds total (1984.1 hz, 0.31 ms behind)
[0m[33m[init]: disparity is 20.745,18.222 (15.00 thresh)
[0m[33m[init]: failed static init: no accel jerk detected, platform moving too much
[0m[34m[TIME]: 0.0026 seconds total (383.4 hz, 0.31 ms behind)
[0m[33m[init]: disparity is 20.745,18.222 (15.00 thresh)
[0m[33m[init]: failed static init: no accel jerk detected, platform moving too much
[0m[34m[TIME]: 0.0009 seconds total (1073.0 hz, 0.07 ms behind)
[0m[33m[init]: disparity is 18.341,19.677 (15.00 thresh)
[0m[33m[init]: failed static init: no accel jerk detected, platform moving too much
[0m[34m[TIME]: 0.0007 seconds total (1438.8 hz, 0.07 ms behind)
[0m[33m[init]: disparity is 18.341,19.677 (15.00 thresh)
[0m[33m[init]: failed static init: no accel jerk detected, platform moving too much
[0m[34m[TIME]: 0.0006 seconds total (1587.3 hz, 0.07 ms behind)
[0m[33m[init]: disparity is 18.341,19.677 (15.00 thresh)
[0m[33m[init]: failed static init: no accel jerk detected, platform moving too much
[0m[34m[TIME]: 0.0006 seconds total (1652.9 hz, 0.07 ms behind)
[0m[33m[init]: disparity is 18.341,19.677 (15.00 thresh)
[0m[33m[init]: failed static init: no accel jerk detected, platform moving too much
[0m[34m[TIME]: 0.0039 seconds total (259.4 hz, 0.07 ms behind)
[0m[33m[init]: disparity is 18.341,19.677 (15.00 thresh)
[0m[33m[init]: failed static init: no accel jerk detected, platform moving too much
[0m[34m[TIME]: 0.0010 seconds total (1044.9 hz, 0.08 ms behind)
[0m[33m[init]: disparity is 16.563,19.481 (15.00 thresh)
[0m[33m[init]: failed static init: no accel jerk detected, platform moving too much
[0m[34m[TIME]: 0.0007 seconds total (1512.9 hz, 0.08 ms behind)
[0m[33m[init]: disparity is 16.563,19.481 (15.00 thresh)
[0m[33m[init]: failed static init: no accel jerk detected, platform moving too much
[0