t,tracked,n_obs0,n_obs1,mean0,ms,keyframe,n_landmarks
1520530308.199448,0,0,0,32.81,1.34,0,0
1520530308.249449,0,0,0,32.97,0.63,0,0
1520530308.299451,0,0,0,32.88,0.64,0,0
1520530308.349503,0,0,0,34.46,0.63,0,0
1520530308.399505,0,0,0,34.83,0.62,0,0
1520530308.449505,0,0,0,34.94,0.60,0,0
1520530308.499506,0,0,0,34.57,0.60,0,0
1520530308.549508,0,0,0,34.72,0.61,0,0
1520530308.599509,0,0,0,34.80,0.61,0,0
1520530308.649555,0,0,0,34.70,0.60,0,0
1520530308.699512,0,0,0,34.58,0.61,0,0
1520530308.749559,0,0,0,36.16,0.61,0,0
1520530308.799560,0,0,0,36.06,0.61,0,0
1520530308.849562,0,0,0,36.08,0.60,0,0
1520530308.899563,0,0,0,36.16,0.62,0,0
1520530308.949565,0,0,0,36.42,0.61,0,0
1520530308.999567,0,0,0,36.31,0.60,0,0
1520530309.049568,0,0,0,36.56,0.61,0,0
1520530309.099570,0,0,0,36.48,0.59,0,0
1520530309.149567,0,0,0,36.26,0.61,0,0
1520530309.199583,0,0,0,36.84,0.62,0,0
1520530309.249583,0,0,0,36.56,0.62,0,0
1520530309.299586,0,0,0,36.86,0.61,0,0
1520530309.349586,0,0,0,36.84,0.62,0,0
1520530309.399589,0,0,0,36.56,0.60,0,0
1520530309.449590,0,0,0,36.54,0.60,0,0
1520530309.499591,0,0,0,36.69,0.61,0,0
1520530309.549594,0,0,0,36.90,0.60,0,0
1520530309.599597,0,0,0,36.75,0.62,0,0
1520530309.649599,0,0,0,37.06,0.61,0,0
1520530309.699600,0,0,0,37.13,0.66,0,0
1520530309.749602,0,0,0,37.06,0.62,0,0
1520530309.799603,0,0,0,36.94,0.61,0,0
1520530309.849605,0,0,0,37.12,0.60,0,0
1520530309.899606,0,0,0,37.19,0.61,0,0
1520530309.949608,0,0,0,36.80,0.63,0,0
1520530309.999622,0,0,0,37.51,0.60,0,0
1520530310.049623,0,0,0,37.44,0.61,0,0
1520530310.099625,0,0,0,37.51,0.61,0,0
1520530310.149627,0,0,0,37.62,0.61,0,0
1520530310.199628,0,0,0,37.76,0.61,0,0
1520530310.249729,0,0,0,37.48,0.70,0,0
1520530310.299631,0,0,0,37.60,0.60,0,0
1520530310.349633,0,0,0,37.51,0.61,0,0
1520530310.399625,0,0,0,37.22,0.58,0,0
1520530310.449627,0,0,0,37.11,0.60,0,0
1520530310.499628,0,0,0,37.30,0.60,0,0
1520530310.549630,0,0,0,37.27,0.60,0,0
1520530310.599632,0,0,0,37.29,0.60,0,0
1520530310.649633,0,0,0,37.27,0.61,0,0
1520530310.699635,0,0,0,37.18,0.72,0,0
1520530310.749636,0,0,0,37.14,0.62,0,0
1520530310.799651,0,0,0,37.75,0.61,0,0
1520530310.849652,0,0,0,37.79,0.61,0,0
1520530310.899654,0,0,0,38.00,0.62,0,0
1520530310.949655,0,0,0,37.84,0.62,0,0
1520530310.999657,0,0,0,37.81,0.61,0,0
1520530311.049659,0,0,0,37.88,0.63,0,0
1520530311.099660,1,115,99,37.72,12.96,1,99
1520530311.149662,1,220,172,38.00,17.98,0,99
1520530311.199672,1,225,177,38.23,19.95,0,99
1520530311.249673,1,219,175,38.21,28.71,1,185
1520530311.299675,1,216,177,38.06,19.73,0,185
1520530311.349677,1,216,175,38.18,18.69,0,185
1520530311.399678,1,214,175,38.19,29.79,1,218
1520530311.449679,1,217,176,38.15,20.23,0,218
1520530311.499684,1,227,180,38.18,20.13,0,218
1520530311.549683,1,229,181,38.12,31.15,1,238
1520530311.599684,1,230,179,38.31,19.70,0,238
1520530311.649719,1,228,180,39.47,19.65,0,238
1520530311.699720,1,225,178,39.30,37.96,1,244
1520530311.749722,1,225,179,39.57,19.10,0,244
1520530311.799723,1,225,180,39.43,19.33,0,244
1520530311.849725,1,225,178,39.32,45.65,1,249
1520530311.899726,1,246,196,39.37,20.94,0,249
1520530311.949728,1,244,195,39.37,20.73,0,249
1520530311.999729,1,244,194,39.33,49.42,1,268
1520530312.049721,1,244,196,38.87,21.26,0,268
1520530312.099721,1,243,195,39.11,21.73,0,268
1520530312.149723,1,248,195,38.97,53.63,1,286
1520530312.199726,1,257,202,39.22,21.82,0,286
1520530312.249727,1,258,202,39.22,21.61,0,286
1520530312.299728,1,262,206,38.95,49.35,1,306
1520530312.349730,1,263,207,38.93,22.30,0,306
1520530312.399731,1,263,206,38.95,22.12,0,306
1520530312.449712,1,264,206,38.31,68.94,1,323
1520530312.499714,1,264,207,38.34,22.80,0,323
1520530312.549715,1,261,204,38.47,21.71,0,323
1520530312.599717,1,263,207,38.40,49.57,1,324
1520530312.649719,1,256,201,38.30,22.34,0,324
1520530312.699720,1,264,208,38.24,22.04,0,324
1520530312.749722,1,262,208,38.27,52.89,1,340
1520530312.799724,1,264,209,38.44,22.28,0,340
1520530312.849720,1,265,209,38.28,22.86,0,340
1520530312.899721,1,265,207,38.35,56.54,1,344
1520530312.949723,1,264,207,38.23,22.55,0,344
1520530312.999725,1,253,202,38.41,22.03,0,344
1520530313.049726,1,260,206,38.29,59.37,1,356
1520530313.099727,1,268,208,38.34,22.69,0,356
1520530313.149729,1,268,213,38.34,22.93,0,356
1520530313.199730,1,269,211,38.21,73.17,1,373
1520530313.249736,1,269,216,38.34,23.18,0,373
1520530313.299738,1,268,213,38.64,22.87,0,373
1520530313.349739,1,267,212,38.59,75.77,1,382
1520530313.399790,1,264,209,38.60,22.73,0,382
1520530313.449743,1,263,211,38.43,21.72,0,382
1520530313.499744,1,263,213,38.29,120.00,1,386
1520530313.549746,1,262,208,38.47,22.53,0,386
1520530313.599747,1,261,207,38.46,21.86,0,386
1520530313.649745,1,261,209,38.30,96.94,1,386
1520530313.699746,1,261,208,38.16,23.03,0,386
1520530313.749748,1,261,213,38.33,22.72,0,386
1520530313.799750,1,262,211,38.35,83.23,1,397
1520530313.849751,1,261,212,38.56,22.39,0,397
1520530313.899753,1,258,208,38.43,22.27,0,397
1520530313.949754,1,260,206,38.19,111.29,1,413
1520530313.999756,1,263,209,38.23,22.55,0,413
1520530314.049757,1,262,209,38.63,22.70,0,413
1520530314.099763,1,260,207,38.57,127.76,1,429
1520530314.149765,1,260,209,38.61,23.42,0,429
1520530314.199766,1,256,206,38.71,22.17,0,429
1520530314.249768,1,256,206,38.92,143.27,1,438
1520530314.299769,1,256,211,38.97,23.40,0,438
1520530314.349771,1,257,206,38.77,22.63,0,438
1520530314.399773,1,259,208,38.90,153.97,1,448
1520530314.449774,1,240,203,38.84,24.48,0,448
1520530314.499774,1,237,202,39.13,21.92,0,448
1520530314.549776,1,237,201,38.97,191.22,1,462
1520530314.599777,1,237,204,39.12,22.80,0,462
1520530314.649779,1,236,203,39.45,21.84,0,462
1520530314.699780,1,229,199,39.77,164.98,1,479
1520530314.749782,1,234,203,39.80,22.60,0,479
1520530314.799787,1,231,199,40.00,22.17,0,479
1520530314.849784,1,224,196,40.42,129.36,1,497
1520530314.899810,1,253,214,41.22,23.34,0,497
1520530314.949812,1,257,220,41.66,24.53,0,497
1520530314.999919,1,241,207,41.68,138.13,1,522
1520530315.049815,1,260,221,41.70,23.74,0,522
1520530315.099817,1,260,223,41.89,24.05,0,522
1520530315.149818,1,264,224,41.99,176.01,1,564
1520530315.199819,1,265,225,42.16,23.67,0,564
1520530315.249821,1,267,231,42.37,24.10,0,564
1520530315.299635,1,214,182,35.04,117.38,1,552
1520530315.349637,1,211,179,34.89,19.73,0,552
1520530315.399639,1,211,181,34.76,20.26,0,552
1520530315.449640,1,198,178,34.76,51.90,1,503
1520530315.499642,1,211,184,34.61,19.97,0,503
1520530315.549643,1,300,263,34.78,26.23,0,503
1520530315.599645,1,284,257,34.53,63.64,1,577
1520530315.649646,1,287,252,34.36,26.77,0,577
1520530315.699637,1,285,255,33.55,26.43,0,577
1520530315.749639,1,290,255,33.52,61.18,1,568
1520530315.799640,1,289,250,33.62,27.15,0,568
1520530315.849642,1,276,248,33.53,27.20,0,568
1520530315.899643,1,269,232,33.29,75.30,1,570
1520530315.949645,1,261,215,32.86,25.24,0,570
1520530315.999647,1,263,205,32.87,24.69,0,570
1520530316.049648,1,261,206,32.67,87.38,1,574
1520530316.100221,1,192,164,53.46,25.43,0,574
1520530316.150223,1,197,168,53.66,19.75,0,574
1520530316.200224,1,186,167,54.00,72.21,1,580
1520530316.250226,1,185,166,54.22,18.28,0,580
1520530316.300227,1,198,172,54.27,19.38,0,580
1520530316.350229,1,196,175,54.59,76.71,1,587
1520530316.400230,1,184,168,54.29,19.35,0,587
1520530316.450231,1,208,179,54.30,19.99,0,587
1520530316.500233,1,203,176,54.43,71.54,1,582
1520530316.550276,1,204,180,55.71,20.08,0,582
1520530316.600278,1,206,182,55.64,20.03,0,582
1520530316.650280,1,199,179,55.65,63.08,1,600
1520530316.700281,1,195,177,55.63,19.79,0,600
1520530316.750283,1,202,182,55.50,19.11,0,600
1520530316.800284,1,205,182,55.53,57.37,1,613
1520530316.850286,1,202,181,55.31,20.21,0,613
1520530316.900287,1,203,181,55.56,19.39,0,613
1520530316.949773,1,171,156,37.26,59.07,1,607
1520530316.999775,1,185,162,37.40,18.02,0,607
1520530317.049776,1,187,168,37.18,19.10,0,607
1520530317.099778,1,187,167,37.26,59.51,1,625
1520530317.149779,1,200,174,37.34,19.43,0,625
1520530317.199781,1,188,163,37.32,19.14,0,625
1520530317.249782,1,187,159,37.36,73.47,1,631
1520530317.299784,1,196,158,37.31,18.89,0,631
1520530317.349743,1,185,152,35.72,18.82,0,631
1520530317.399745,1,192,151,35.72,62.94,1,624
1520530317.449748,1,184,148,35.60,18.41,0,624
1520530317.499748,1,194,149,35.65,18.05,0,624
1520530317.549752,1,195,148,35.41,65.03,1,638
1520530317.599752,1,196,146,35.16,18.57,0,638
1520530317.649754,1,204,147,35.17,19.42,0,638
1520530317.699755,1,192,142,34.48,69.65,1,652
1520530317.750237,1,212,140,50.63,20.76,0,652
1520530317.800239,1,224,151,49.92,20.02,0,652
1520530317.850240,1,256,171,49.24,105.61,1,708
1520530317.900242,1,246,164,48.60,21.81,0,708
1520530317.950243,1,251,168,48.25,21.74,0,708
1520530318.000244,1,240,165,47.68,113.53,1,710
1520530318.050247,1,235,162,47.23,20.52,0,710
1520530318.100248,1,241,165,47.07,21.28,0,710
1520530318.150816,1,246,177,63.41,100.70,1,749
1520530318.200769,1,240,176,63.21,22.02,0,749
1520530318.250771,1,241,177,63.22,21.36,0,749
1520530318.300772,1,259,185,63.11,119.98,1,773
1520530318.350774,1,247,185,63.43,23.20,0,773
1520530318.400775,1,237,182,63.61,21.92,0,773
1520530318.450777,1,229,176,63.88,130.52,1,784
1520530318.500778,1,239,180,63.82,21.20,0,784
1520530318.550780,1,300,221,64.03,24.03,0,784
1520530318.600567,1,258,199,57.46,123.19,1,826
1520530318.650568,1,247,188,57.57,22.80,0,826
1520530318.700570,1,248,189,57.73,21.95,0,826
1520530318.750571,1,264,201,58.06,128.39,1,836
1520530318.800573,1,261,201,58.25,23.16,0,836
1520530318.850574,1,300,221,58.43,25.23,0,836
1520530318.900576,1,285,211,58.80,127.97,1,855
1520530318.950577,1,278,207,59.02,24.65,0,855
1520530318.999955,1,195,143,38.95,23.28,0,855
1520530319.049957,1,194,142,39.01,134.68,1,863
1520530319.099960,1,192,141,39.47,17.90,0,863
1520530319.149961,1,192,143,39.41,18.01,0,863
1520530319.199962,1,233,171,39.65,138.40,1,874
1520530319.249964,1,227,169,39.73,20.99,0,874
1520530319.299965,1,215,168,40.21,20.09,0,874
1520530319.349967,1,206,161,40.21,117.18,1,852
1520530319.399832,1,190,154,35.62,20.22,0,852
1520530319.449833,1,188,158,35.64,19.20,0,852
1520530319.499835,1,187,161,35.80,74.80,1,817
1520530319.549837,1,179,154,35.76,18.57,0,817
1520530319.599838,1,181,153,35.52,18.10,0,817
1520530319.649840,1,179,146,35.31,79.14,1,790
1520530319.699841,1,167,143,35.35,18.31,0,790
1520530319.749942,1,169,141,35.21,17.14,0,790
1520530319.800341,1,173,150,53.11,58.04,1,726
1520530319.850343,1,191,162,53.50,18.60,0,726
1520530319.900344,1,174,154,54.04,18.86,0,726
1520530319.950346,1,185,161,54.57,58.19,1,753
1520530320.000347,1,174,153,54.93,18.64,0,753
1520530320.050349,1,173,156,55.13,18.28,0,753
1520530320.100350,1,183,163,55.48,92.04,1,767
1520530320.150352,1,192,170,55.63,19.56,0,767
1520530320.200401,1,179,164,57.84,19.27,0,767
1520530320.250402,1,178,163,58.04,61.58,1,785
1520530320.300404,1,194,170,58.24,18.98,0,785
1520530320.350405,1,203,178,58.49,20.13,0,785
1520530320.400407,1,207,182,58.48,83.62,1,783
1520530320.450408,1,213,184,58.62,20.79,0,783
1520530320.500410,1,202,181,58.62,21.12,0,783
1520530320.550412,1,234,200,58.87,86.70,1,808
1520530320.599869,1,168,146,38.01,21.99,0,808
1520530320.649871,1,210,176,37.99,18.91,0,808
1520530320.699873,1,221,185,38.25,88.37,1,844
1520530320.749874,1,212,177,37.95,20.50,0,844
1520530320.799876,1,209,177,38.17,21.07,0,844
1520530320.849877,1,207,177,38.06,102.01,1,845
1520530320.899879,1,271,220,38.01,24.07,0,845
1520530320.949880,1,242,207,38.08,23.97,0,845
1520530320.999882,1,241,209,38.18,93.10,1,877
1520530321.049740,1,221,191,32.32,22.77,0,877
1520530321.099742,1,218,187,31.98,20.95,0,877
1520530321.149743,1,214,188,31.64,93.92,1,873
1520530321.199745,1,300,253,31.80,25.74,0,873
1520530321.249747,1,278,245,31.69,26.99,0,873
1520530321.299749,1,260,244,31.33,101.85,1,922
1520530321.349750,1,266,238,31.22,25.28,0,922
1520530321.399751,1,300,256,30.84,27.09,0,922
1520530321.449856,1,300,264,34.85,107.05,1,983
1520530321.499857,1,300,263,34.75,28.43,0,983
1520530321.549859,1,300,269,34.46,27.99,0,983
1520530321.599860,1,300,269,34.27,103.15,1,994
1520530321.649862,1,288,256,34.12,27.37,0,994
1520530321.699863,1,295,260,34.08,27.24,0,994
1520530321.749866,1,285,254,33.89,113.31,1,995
1520530321.799867,1,281,253,33.47,26.58,0,995
1520530321.850152,1,269,236,44.22,28.18,0,995
1520530321.900154,1,300,262,44.27,124.65,1,1063
1520530321.950155,1,285,252,44.04,26.70,0,1063
1520530322.000157,1,300,260,44.01,26.83,0,1063
1520530322.050158,1,300,262,43.77,123.16,1,1039
1520530322.100160,1,276,249,43.77,27.10,0,1039
1520530322.150162,1,300,259,43.53,26.71,0,1039
1520530322.200163,1,299,260,43.30,127.49,1,1047
1520530322.250207,1,283,249,44.96,26.82,0,1047
1520530322.300208,1,300,266,44.81,27.01,0,1047
1520530322.350209,1,300,264,44.73,116.61,1,1018
1520530322.400212,1,300,258,44.49,26.94,0,1018
1520530322.450214,1,295,258,44.39,26.38,0,1018
1520530322.500215,1,300,262,44.14,157.88,1,1012
1520530322.550216,1,300,261,44.19,27.26,0,1012
1520530322.600218,1,300,260,43.96,26.77,0,1012
1520530322.650023,1,299,256,36.87,169.92,1,1047
1520530322.700025,1,299,258,36.88,27.24,0,1047
1520530322.750027,1,300,258,36.84,27.33,0,1047
1520530322.800028,1,282,254,36.73,170.40,1,1020
1520530322.850031,1,275,248,36.88,26.02,0,1020
1520530322.900065,1,300,262,36.64,27.60,0,1020
1520530322.950033,1,278,251,36.58,108.37,1,1010
1520530323.000035,1,282,249,36.63,25.92,0,1010
1520530323.050036,1,276,248,36.47,26.61,0,1010
1520530323.100074,1,263,237,38.09,144.70,1,998
1520530323.150076,1,261,236,37.95,24.69,0,998
1520530323.200077,1,263,234,38.01,24.36,0,998
1520530323.250079,1,275,240,38.24,145.46,1,1002
1520530323.300080,1,294,247,38.18,26.24,0,1002
1520530323.350082,1,286,248,37.96,26.50,0,1002
1520530323.400084,1,279,243,38.16,175.39,1,984
1520530323.450085,1,275,246,38.25,26.15,0,984
1520530323.500345,1,235,207,47.47,24.72,0,984
1520530323.550346,1,250,217,47.49,157.65,1,999
1520530323.600348,1,300,250,47.48,25.85,0,999
1520530323.650349,1,300,254,47.47,27.25,0,999
1520530323.700351,1,300,250,47.71,130.78,1,1044
1520530323.750353,1,295,252,47.63,26.85,0,1044
1520530323.800354,1,300,254,48.06,26.97,0,1044
1520530323.850356,1,300,257,47.61,125.82,1,1059
1520530323.900153,1,264,230,40.82,27.43,0,1059
1520530323.950154,1,252,222,40.87,24.74,0,1059
1520530324.000156,1,300,261,40.76,131.19,1,1094
1520530324.050157,1,296,258,41.03,27.34,0,1094
1520530324.100159,1,291,254,41.40,26.58,0,1094
1520530324.150160,1,276,244,41.68,99.66,1,1081
1520530324.200162,1,267,232,41.94,25.15,0,1081
1520530324.250163,1,257,225,41.65,23.82,0,1081
1520530324.299908,1,209,179,33.07,96.96,1,1074
1520530324.349910,1,211,181,33.20,20.25,0,1074
1520530324.399911,1,217,176,33.61,20.26,0,1074
1520530324.449913,1,221,180,33.77,132.18,1,1071
1520530324.499994,1,222,177,33.62,21.29,0,1071
1520530324.549915,1,219,174,34.05,21.16,0,1071
1520530324.599917,1,226,176,34.10,122.00,1,1074
1520530324.649919,1,211,162,33.97,22.50,0,1074
1520530324.700018,1,216,160,37.13,20.31,0,1074
1520530324.750020,1,228,160,36.77,122.76,1,1050
1520530324.800021,1,225,162,36.59,20.65,0,1050
1520530324.850023,1,222,160,36.31,20.57,0,1050
1520530324.900024,1,221,153,36.34,112.32,1,1016
1520530324.950026,1,227,157,36.03,20.29,0,1016
1520530325.000028,1,220,155,35.94,20.32,0,1016
1520530325.050029,1,221,154,36.03,113.21,1,1022
1520530325.100816,1,217,154,64.07,21.81,0,1022
1520530325.150817,1,226,164,64.13,19.84,0,1022
1520530325.200819,1,258,193,63.68,109.29,1,1029
1520530325.250820,1,244,187,63.41,22.56,0,1029
1520530325.300822,1,241,193,63.02,22.26,0,1029
1520530325.350824,1,252,198,62.76,107.64,1,1049
1520530325.400825,1,300,241,62.79,26.34,0,1049
1520530325.450827,1,294,233,63.01,25.96,0,1049
1520530325.500828,1,294,224,63.09,110.15,1,1036
1520530325.550913,1,285,209,66.03,25.51,0,1036
1520530325.600915,1,286,221,66.13,25.19,0,1036
1520530325.650917,1,300,238,65.97,83.06,1,986
1520530325.700918,1,299,239,65.78,26.18,0,986
1520530325.750919,1,297,239,65.38,27.09,0,986
1520530325.800921,1,298,243,64.82,114.08,1,991
1520530325.850922,1,300,244,64.47,27.61,0,991
1520530325.900924,1,300,243,63.91,27.01,0,991
1520530325.950541,1,261,198,51.05,120.30,1,1008
1520530326.000543,1,300,222,50.85,25.69,0,1008
1520530326.050549,1,300,225,50.50,25.68,0,1008
1520530326.100546,1,300,225,50.27,112.15,1,965
1520530326.150548,1,299,227,50.10,26.36,0,965
1520530326.200549,1,300,223,50.04,26.26,0,965
1520530326.250551,1,300,228,49.79,85.82,1,956
1520530326.300552,1,300,233,49.67,26.18,0,956
1520530326.350204,1,269,203,38.13,26.09,0,956
1520530326.400206,1,300,229,38.08,140.31,1,958
1520530326.450207,1,300,226,37.90,26.24,0,958
1520530326.500209,1,300,221,37.88,25.69,0,958
1520530326.550210,1,300,223,37.75,122.02,1,961
1520530326.600213,1,300,221,37.71,25.80,0,961
1520530326.650214,1,300,219,37.81,25.45,0,961
1520530326.700216,1,300,220,37.68,97.72,1,966
1520530326.750426,1,300,226,44.48,27.14,0,966
1520530326.800429,1,300,225,44.42,25.32,0,966
1520530326.850430,1,296,225,44.48,132.35,1,942
1520530326.900431,1,300,227,44.38,25.82,0,942
1520530326.950433,1,294,225,44.19,26.66,0,942
1520530327.000434,1,287,223,44.19,159.06,1,957
1520530327.050437,1,290,226,43.97,26.36,0,957
1520530327.100437,1,280,228,44.45,25.79,0,957
1520530327.150430,1,300,240,44.20,136.32,1,972
1520530327.200433,1,293,240,43.97,26.83,0,972
1520530327.250435,1,300,246,44.11,26.10,0,972
1520530327.300436,1,298,245,44.43,105.19,1,964
1520530327.350437,1,284,238,44.55,26.08,0,964
1520530327.400439,1,291,248,45.08,26.26,0,964
1520530327.450440,1,284,252,45.38,106.31,1,973
1520530327.500442,1,263,234,45.88,25.22,0,973
1520530327.550090,1,221,191,33.99,24.00,0,973
1520530327.600091,1,231,200,34.51,132.97,1,983
1520530327.650103,1,219,197,35.14,21.93,0,983
1520530327.700094,1,215,192,35.54,21.38,0,983
1520530327.750096,1,201,186,36.16,154.67,1,953
1520530327.800097,1,198,182,36.82,21.02,0,953
1520530327.850099,1,191,164,37.49,19.81,0,953
1520530327.900100,1,201,166,38.22,122.10,1,908
1520530327.950102,1,195,159,38.02,20.19,0,908
1520530328.000280,1,167,142,45.31,18.68,0,908
1520530328.050282,1,169,139,45.44,109.60,1,915
1520530328.100283,1,162,130,45.52,16.71,0,915
1520530328.150285,1,300,229,45.36,24.78,0,915
1520530328.200287,1,300,221,45.58,115.86,1,949
1520530328.250288,1,300,233,45.67,26.39,0,949
1520530328.300290,1,261,226,45.58,25.96,0,949
1520530328.350291,1,252,220,45.39,117.80,1,953
1520530328.400337,1,202,181,46.06,22.55,0,953
1520530328.450338,1,198,184,45.71,20.72,0,953
1520530328.500340,1,195,183,45.45,138.86,1,971
1520530328.550342,1,196,177,45.06,19.68,0,971
1520530328.600343,1,194,182,44.61,19.27,0,971
1520530328.650346,1,199,179,44.34,143.27,1,975
1520530328.700347,1,200,175,43.95,20.22,0,975
1520530328.750348,1,201,179,43.68,19.49,0,975
1520530328.800086,1,177,150,33.83,115.99,1,967
1520530328.850087,1,183,149,34.07,18.23,0,967
1520530328.900089,1,300,229,34.12,23.94,0,967
1520530328.950091,1,280,227,34.39,140.09,1,1033
1520530329.000092,1,265,220,34.92,24.82,0,1033
1520530329.050093,1,242,208,35.07,23.12,0,1033
1520530329.100095,1,242,204,35.55,131.02,1,1029
1520530329.150097,1,234,205,35.72,22.54,0,1029
1520530329.200044,1,219,202,34.01,22.07,0,1029
1520530329.250095,1,213,195,34.56,120.39,1,1026
1520530329.300047,1,200,187,34.75,21.12,0,1026
1520530329.350049,1,192,175,35.00,19.67,0,1026
1520530329.400050,1,191,174,34.87,112.33,1,970
1520530329.450052,1,181,168,34.72,19.82,0,970
1520530329.500053,1,176,163,34.88,18.14,0,970
1520530329.550055,1,202,172,34.71,126.80,1,978
1520530329.600097,1,184,172,36.49,19.58,0,978
1520530329.650099,1,181,168,36.65,19.33,0,978
1520530329.700100,1,197,168,36.39,93.82,1,933
1520530329.750102,1,184,168,36.51,20.17,0,933
1520530329.800104,1,178,169,36.20,18.62,0,933
1520530329.850105,1,183,170,36.10,105.26,1,927
1520530329.900107,1,194,171,35.70,19.25,0,927
1520530329.950109,1,196,170,34.65,19.38,0,927
1520530330.000110,1,195,171,33.95,109.78,1,925
1520530330.050161,1,197,167,35.13,20.85,0,925
1520530330.100162,1,191,158,34.79,19.98,0,925
1520530330.150164,1,197,153,34.79,97.03,1,902
1520530330.200165,1,182,141,34.27,20.09,0,902
1520530330.250167,1,172,131,34.47,19.02,0,902
1520530330.300169,1,155,116,34.72,84.09,1,892
1520530330.350170,1,149,112,35.09,18.36,0,892
1520530330.400172,1,164,124,34.83,17.78,0,892
1520530330.450787,1,186,150,55.06,72.37,1,975
1520530330.500788,1,203,172,54.91,21.27,0,975
1520530330.550790,1,229,193,55.27,21.60,0,975
1520530330.600792,1,242,209,55.95,110.09,1,1018
1520530330.650793,1,229,198,56.90,22.67,0,1018
1520530330.700795,1,233,198,58.05,22.87,0,1018
1520530330.750797,1,282,238,59.22,119.75,1,1084
1520530330.800798,1,238,206,59.46,24.45,0,1084
1520530330.850367,1,156,140,40.00,86.52,1,1076
1520530330.900277,1,148,133,39.91,16.17,0,1076
1520530330.950279,1,148,132,39.59,16.24,0,1076
1520530331.000280,1,145,134,39.67,100.72,1,1096
1520530331.050282,1,141,126,39.85,16.16,0,1096
1520530331.100283,1,142,123,40.16,15.88,0,1096
1520530331.150285,1,134,117,40.59,74.05,1,1087
1520530331.200286,1,134,114,40.67,15.96,0,1087
1520530331.250735,1,149,126,57.91,16.53,0,1087
1520530331.300736,1,134,115,57.42,97.06,1,1096
1520530331.350739,1,134,118,56.91,15.72,0,1096
1520530331.400740,1,181,155,56.86,18.92,0,1096
1520530331.450741,1,177,149,57.30,120.31,1,1084
1520530331.500743,1,168,154,58.01,19.91,0,1084
1520530331.550744,1,164,150,58.18,18.93,0,1084
1520530331.600746,1,172,156,58.12,98.16,1,1089
1520530331.650479,1,163,151,47.76,18.94,0,1089
1520530331.700481,1,172,155,47.33,18.10,0,1089
1520530331.750483,1,172,156,46.81,98.36,1,1085
1520530331.800484,1,193,159,45.68,19.36,0,1085
1520530331.850486,1,195,167,44.68,20.05,0,1085
1520530331.900488,1,213,173,43.84,127.95,1,1101
1520530331.950489,1,200,163,43.53,21.64,0,1101
1520530332.000491,1,196,153,43.29,19.62,0,1101
1520530332.050387,1,186,142,39.89,95.29,1,1097
1520530332.100388,1,178,138,39.72,18.75,0,1097
1520530332.150390,1,177,134,39.80,17.09,0,1097
1520530332.200392,1,176,133,39.69,92.01,1,1108
1520530332.250393,1,167,125,39.69,18.38,0,1108
1520530332.300399,1,162,121,39.75,17.84,0,1108
1520530332.350396,1,158,122,39.56,84.31,1,1040
1520530332.400401,1,163,129,39.59,18.45,0,1040
1520530332.450399,1,188,151,40.07,18.50,0,1040
1520530332.500483,1,190,158,43.02,88.80,1,1096
1520530332.550483,1,195,169,43.50,19.57,0,1096
1520530332.600486,1,282,244,44.15,24.65,0,1096
1520530332.650488,1,248,222,44.73,102.80,1,1163
1520530332.700488,1,232,207,45.39,22.95,0,1163
1520530332.750491,1,225,199,45.91,22.43,0,1163
1520530332.800492,1,218,192,46.34,83.56,1,1157
1520530332.850493,1,197,179,46.09,20.60,0,1157
1520530332.900164,1,154,143,33.57,20.15,0,1157
1520530332.950166,1,146,136,33.39,89.14,1,1146
1520530333.000168,1,146,131,33.16,15.97,0,1146
1520530333.050169,1,151,135,33.15,15.69,0,1146
1520530333.100171,1,142,125,33.33,82.53,1,1070
1520530333.150173,1,139,126,33.51,15.50,0,1070
1520530333.200174,1,134,116,33.60,15.24,0,1070
1520530333.250175,1,126,113,34.12,84.74,1,1071
1520530333.300608,1,128,112,51.75,15.88,0,1071
1520530333.350610,1,156,131,52.02,18.09,0,1071
1520530333.400612,1,136,120,51.82,86.31,1,1107
1520530333.450613,1,132,117,51.52,15.84,0,1107
1520530333.500615,1,128,113,51.01,15.77,0,1107
1520530333.550616,1,144,125,50.96,85.38,1,1121
1520530333.600618,1,200,169,51.05,18.84,0,1121
1520530333.650619,1,179,160,50.71,18.98,0,1121
1520530333.700541,1,174,154,47.50,82.55,1,1144
1520530333.750542,1,163,149,48.01,18.11,0,1144
1520530333.800544,1,178,160,48.25,18.69,0,1144
1520530333.850545,1,166,153,48.14,63.94,1,1164
1520530333.900547,1,173,162,47.68,18.19,0,1164
1520530333.950549,1,171,161,46.87,18.24,0,1164
1520530334.000561,1,184,165,46.01,99.29,1,1186
1520530334.050551,1,177,158,45.64,18.75,0,1186
1520530334.100216,1,157,142,32.81,19.11,0,1186
1520530334.150218,1,160,143,32.71,93.91,1,1190
1520530334.200219,1,162,145,32.59,16.58,0,1190
1520530334.250221,1,207,171,32.65,18.99,0,1190
1520530334.300222,1,188,164,32.86,112.15,1,1192
1520530334.350224,1,181,156,33.37,18.99,0,1192
1520530334.400225,1,181,158,33.46,18.63,0,1192
1520530334.450227,1,177,155,33.48,82.17,1,1179
1520530334.500228,1,175,153,33.49,19.18,0,1179
1520530334.550086,1,168,148,28.61,18.20,0,1179
1520530334.600088,1,163,148,28.14,114.22,1,1188
1520530334.650089,1,164,141,27.10,17.14,0,1188
1520530334.700091,1,162,143,26.02,16.88,0,1188
1520530334.750092,1,155,136,25.24,80.50,1,1095
1520530334.800094,1,160,145,24.39,16.64,0,1095
1520530334.850095,1,207,180,23.97,20.44,0,1095
1520530334.900097,1,203,174,23.95,83.57,1,1060
1520530334.950928,1,300,256,55.06,28.11,0,1060
1520530335.000928,1,300,257,55.01,26.40,0,1060
1520530335.050931,1,286,250,55.53,107.30,1,1080
1520530335.100933,1,266,240,55.66,26.03,0,1080
1520530335.150934,1,265,233,55.68,25.91,0,1080
1520530335.200936,1,224,194,56.42,117.69,1,1082
1520530335.250937,1,213,180,57.83,21.85,0,1082
1520530335.300938,1,218,189,58.90,21.30,0,1082
1520530335.351457,1,206,176,76.98,117.51,1,1100
1520530335.401459,1,194,170,76.52,19.76,0,1100
1520530335.451459,1,220,185,76.62,20.76,0,1100
1520530335.501461,1,202,177,76.51,94.36,1,1092
1520530335.551462,1,202,176,76.06,20.40,0,1092
1520530335.601512,1,300,253,76.37,25.39,0,1092
1520530335.651465,1,274,232,76.24,134.36,1,1107
1520530335.701467,1,268,229,76.22,24.86,0,1107
1520530335.750223,1,170,143,31.49,26.13,0,1107
1520530335.800224,1,260,207,31.46,128.75,1,1195
1520530335.850226,1,230,202,31.25,23.25,0,1195
1520530335.900227,1,216,191,31.14,21.58,0,1195
1520530335.950228,1,212,195,31.99,155.10,1,1193
1520530336.000230,1,196,185,32.08,21.03,0,1193
1520530336.050231,1,192,182,32.44,19.74,0,1193
1520530336.100233,1,200,187,32.17,136.10,1,1169
1520530336.150177,1,190,178,30.43,19.84,0,1169
1520530336.200179,1,197,182,30.40,19.73,0,1169
1520530336.250180,1,275,235,30.62,123.01,1,1174
1520530336.300182,1,292,240,30.69,26.73,0,1174
1520530336.350183,1,258,223,30.88,26.32,0,1174
1520530336.400185,1,229,207,30.97,129.94,1,1164
1520530336.450186,1,198,176,30.79,21.80,0,1164
1520530336.500188,1,195,174,30.94,20.24,0,1164
1520530336.550582,1,151,134,46.10,179.70,1,1163
1520530336.600584,1,154,133,46.05,17.23,0,1163
1520530336.650586,1,148,134,46.25,16.39,0,1163
1520530336.700586,1,159,142,46.11,80.88,1,1136
1520530336.750588,1,160,140,45.96,16.50,0,1136
1520530336.800590,1,212,181,45.96,19.62,0,1136
1520530336.850591,1,199,177,45.79,86.98,1,1089
1520530336.900594,1,196,178,46.00,20.01,0,1089
1520530336.950594,1,235,207,45.81,21.86,0,1089
1520530337.000258,1,172,156,32.99,99.21,1,1092
1520530337.050259,1,174,156,32.77,18.70,0,1092
1520530337.100266,1,167,157,32.62,18.34,0,1092
1520530337.150262,1,167,157,32.64,95.12,1,1086
1520530337.200351,1,171,160,32.64,17.87,0,1086
1520530337.250265,1,173,160,32.51,18.24,0,1086
1520530337.300267,1,172,156,32.21,95.04,1,1085
1520530337.350269,1,182,158,31.68,18.28,0,1085
1520530337.400301,1,180,152,32.47,18.31,0,1085
1520530337.450303,1,185,146,32.24,95.88,1,1089
1520530337.500304,1,188,137,31.80,17.98,0,1089
1520530337.550306,1,197,133,31.25,17.80,0,1089
1520530337.600307,1,191,132,30.61,101.06,1,1068
1520530337.650309,1,176,131,30.58,17.84,0,1068
1520530337.700310,1,175,131,30.67,17.92,0,1068
1520530337.750312,1,175,131,30.57,98.30,1,1064
1520530337.800854,1,188,142,49.14,22.79,0,1064
1520530337.850855,1,197,145,49.03,18.38,0,1064
1520530337.900856,1,209,152,48.79,85.94,1,1081
1520530337.950858,1,215,159,48.20,19.91,0,1081
1520530338.000860,1,211,157,48.24,20.33,0,1081
1520530338.050862,1,214,159,48.19,100.16,1,1086
1520530338.100863,1,209,155,48.08,19.69,0,1086
1520530338.150864,1,207,157,48.09,18.66,0,1086
1520530338.200470,1,189,140,35.04,81.04,1,1071
1520530338.250473,1,188,137,35.46,17.72,0,1071
1520530338.300474,1,186,131,35.49,18.09,0,1071
1520530338.350476,1,242,171,36.19,81.82,1,1110
1520530338.400477,1,232,173,36.88,21.80,0,1110
1520530338.450478,1,213,168,37.43,20.98,0,1110
1520530338.500480,1,211,173,37.89,71.27,1,1116
1520530338.550481,1,183,162,38.27,20.69,0,1116
1520530338.600260,1,173,150,30.44,19.67,0,1116
1520530338.650261,1,168,147,30.25,91.85,1,1114
1520530338.700263,1,169,143,30.54,17.70,0,1114
1520530338.750266,1,200,155,29.68,18.34,0,1114
1520530338.800266,1,176,152,29.15,83.85,1,1123
1520530338.850267,1,167,145,28.66,18.12,0,1123
1520530338.900269,1,191,162,28.05,19.38,0,1123
1520530338.950270,1,162,148,27.25,115.08,1,1136
1520530339.000272,1,163,139,26.47,17.67,0,1136
1520530339.050959,1,178,156,52.61,21.38,0,1136
1520530339.100960,1,206,182,52.77,117.59,1,1161
1520530339.150962,1,196,176,52.82,21.23,0,1161
1520530339.200963,1,202,185,53.26,20.74,0,1161
1520530339.250965,1,197,178,52.91,104.50,1,1083
1520530339.300966,1,190,181,53.25,20.90,0,1083
1520530339.350968,1,182,167,53.37,19.50,0,1083
1520530339.400970,1,171,156,53.81,105.19,1,1094
1520530339.451687,1,169,153,81.57,20.49,0,1094
1520530339.501689,1,156,145,82.65,18.79,0,1094
1520530339.551691,1,150,139,83.57,102.19,1,1096
1520530339.601692,1,176,166,84.54,19.33,0,1096
1520530339.651693,1,167,151,84.78,19.16,0,1096
1520530339.701695,1,161,148,85.14,98.91,1,1121
1520530339.751697,1,160,141,85.43,17.66,0,1121
1520530339.801698,1,180,153,85.80,18.37,0,1121
1520530339.851056,1,151,131,61.16,82.70,1,1078
1520530339.901057,1,169,141,61.13,17.48,0,1078
1520530339.951059,1,170,143,60.96,17.79,0,1078
1520530340.001061,1,159,141,61.03,62.93,1,972
1520530340.051062,1,185,153,60.88,18.91,0,972
1520530340.101063,1,171,151,60.75,18.30,0,972
1520530340.151065,1,171,150,61.04,98.98,1,977
1520530340.201067,1,202,169,60.94,19.37,0,977
1520530340.250395,1,140,124,34.73,20.51,0,977
1520530340.300397,1,154,136,34.61,100.98,1,998
1520530340.350399,1,152,137,34.60,16.55,0,998
1520530340.400400,1,149,133,34.41,15.97,0,998
1520530340.450401,1,152,135,34.34,101.01,1,949
1520530340.500403,1,146,134,34.11,16.14,0,949
1520530340.550404,1,148,135,33.87,15.95,0,949
1520530340.600406,1,147,135,33.78,78.13,1,942
1520530340.650347,1,148,135,31.23,16.56,0,942
1520530340.700348,1,147,135,31.07,16.33,0,942
1520530340.750350,1,152,140,30.80,67.07,1,918
1520530340.800351,1,158,141,30.62,16.75,0,918
1520530340.850353,1,158,142,30.22,16.16,0,918
1520530340.900354,1,198,153,30.25,79.17,1,902
1520530340.950356,1,200,150,30.22,19.26,0,902
1520530341.000358,1,197,147,30.00,18.29,0,902
1520530341.050774,1,185,140,45.16,82.09,1,881
1520530341.100776,1,300,222,44.99,23.88,0,881
1520530341.150777,1,294,226,44.84,25.46,0,881
1520530341.200779,1,293,231,45.16,115.37,1,957
1520530341.250780,1,270,224,45.37,25.29,0,957
1520530341.300782,1,260,219,45.42,24.53,0,957
1520530341.350784,1,249,212,45.68,77.74,1,975
1520530341.400785,1,243,205,45.81,22.99,0,975
1520530341.450787,1,245,208,45.87,22.28,0,975
1520530341.500713,1,227,183,43.10,78.28,1,972
1520530341.550714,1,227,185,43.28,21.09,0,972
1520530341.600716,1,230,194,43.36,20.91,0,972
1520530341.650717,1,300,238,43.37,85.74,1,1017
1520530341.700719,1,292,240,43.57,26.27,0,1017
1520530341.750720,1,300,252,43.57,26.76,0,1017
1520530341.800722,1,300,253,43.79,90.13,1,1027
1520530341.850723,1,300,255,43.81,27.13,0,1027
1520530341.900542,1,300,249,37.04,28.51,0,1027
1520530341.950578,1,282,238,37.09,93.32,1,1073
1520530342.000545,1,279,239,37.23,25.82,0,1073
1520530342.050546,1,275,234,37.26,25.58,0,1073
1520530342.100548,1,276,237,37.23,121.17,1,1018
1520530342.150549,1,275,233,37.23,25.65,0,1018
1520530342.200551,1,273,236,37.23,25.30,0,1018
1520530342.250553,1,268,234,37.01,96.45,1,1004
1520530342.300673,1,237,213,41.80,25.51,0,1004
1520530342.350675,1,235,211,41.42,22.29,0,1004
1520530342.400676,1,237,215,41.17,142.78,1,980
1520530342.450678,1,241,215,41.17,23.13,0,980
1520530342.500679,1,252,218,41.06,23.02,0,980
1520530342.550681,1,257,216,41.12,115.84,1,941
1520530342.600683,1,256,213,41.38,23.84,0,941
1520530342.650684,1,260,213,41.29,23.39,0,941
1520530342.700643,1,250,210,40.15,115.48,1,940
1520530342.750644,1,251,206,40.14,23.16,0,940
1520530342.800646,1,245,201,39.56,22.82,0,940
1520530342.850648,1,238,193,38.89,112.89,1,939
1520530342.900649,1,233,190,38.72,22.60,0,939
1520530342.950651,1,226,187,38.53,21.47,0,939
1520530343.000653,1,220,180,37.99,116.54,1,930
1520530343.050654,1,239,189,37.50,21.34,0,930
1520530343.101131,1,274,223,55.10,25.03,0,930
1520530343.151133,1,293,235,55.43,126.93,1,998
1520530343.201134,1,293,232,55.66,26.60,0,998
1520530343.251136,1,252,194,55.83,24.29,0,998
1520530343.301138,1,243,184,55.81,142.50,1,961
1520530343.351140,1,297,209,55.49,24.20,0,961
1520530343.401141,1,263,206,55.37,24.56,0,961
1520530343.451144,1,255,199,54.77,127.43,1,975
1520530343.501404,1,300,225,64.31,25.09,0,975
1520530343.551476,1,300,227,63.99,27.00,0,975
1520530343.601407,1,300,231,63.75,135.10,1,1008
1520530343.651408,1,300,216,63.13,26.63,0,1008
1520530343.701410,1,292,212,62.33,26.48,0,1008
1520530343.751410,1,259,201,61.10,116.34,1,1009
1520530343.801413,1,279,213,60.38,24.80,0,1009
1520530343.851414,1,280,223,59.28,24.84,0,1009
1520530343.901415,1,269,221,57.67,131.58,1,1010
1520530343.951402,1,265,215,55.70,24.29,0,1010
1520530344.001403,1,255,209,54.94,23.08,0,1010
1520530344.051405,1,249,212,54.35,146.92,1,1006
1520530344.101406,1,300,241,53.79,26.32,0,1006
1520530344.151408,1,282,238,53.28,26.49,0,1006
1520530344.201410,1,266,230,52.85,135.16,1,1017
1520530344.251411,1,261,224,52.07,24.21,0,1017
1520530344.301413,1,250,220,51.31,23.48,0,1017
1520530344.351409,1,242,213,49.82,119.62,1,1022
1520530344.401411,1,233,206,49.16,23.66,0,1022
1520530344.451412,1,231,207,48.61,22.23,0,1022
1520530344.501414,1,230,205,48.24,103.11,1,1007
1520530344.551415,1,245,213,48.23,22.58,0,1007
1520530344.601418,1,246,215,48.10,22.93,0,1007
1520530344.651419,1,251,220,48.51,147.44,1,1023
1520530344.701421,1,249,213,49.09,23.29,0,1023
1520530344.751636,1,259,227,55.28,24.57,0,1023
1520530344.801638,1,247,221,56.08,131.18,1,1052
1520530344.851639,1,249,222,56.74,23.43,0,1052
1520530344.901641,1,252,218,57.12,23.27,0,1052
1520530344.951642,1,253,216,58.00,123.50,1,1057
1520530345.001644,1,246,204,57.83,23.71,0,1057
1520530345.051645,1,250,213,57.11,22.59,0,1057
1520530345.101647,1,275,222,56.97,122.94,1,1087
1520530345.151845,1,300,244,59.28,26.01,0,1087
1520530345.201743,1,300,236,59.53,25.96,0,1087
1520530345.251745,1,300,238,59.91,124.40,1,1124
1520530345.301746,1,300,240,60.46,26.21,0,1124
1520530345.351748,1,284,223,60.60,25.65,0,1124
1520530345.401750,1,300,236,61.06,113.40,1,1055
1520530345.451751,1,287,229,61.70,25.71,0,1055
1520530345.501753,1,300,231,62.34,25.49,0,1055
1520530345.551195,1,282,215,46.52,116.91,1,1102
1520530345.601196,1,282,217,46.83,25.30,0,1102
1520530345.651198,1,300,225,47.31,26.27,0,1102
1520530345.701199,1,282,208,47.92,120.00,1,1136
1520530345.751201,1,300,215,48.16,25.82,0,1136
1520530345.801203,1,300,211,48.22,26.24,0,1136
1520530345.851204,1,237,187,48.84,114.05,1,1107
1520530345.901206,1,196,162,49.90,21.00,0,1107
1520530345.951161,1,163,123,49.31,17.83,0,1107
1520530346.001475,1,183,141,60.06,111.15,1,1113
1520530346.051476,1,158,121,60.72,18.91,0,1113
1520530346.101478,1,133,106,61.28,15.67,0,1113
1520530346.151479,1,300,243,61.70,107.08,1,1198
1520530346.201480,1,225,193,62.60,25.38,0,1198
1520530346.251484,1,300,254,63.09,26.10,0,1198
1520530346.301485,1,248,211,63.28,131.07,1,1237
1520530346.351486,1,300,253,63.35,27.94,0,1237
1520530346.401376,1,300,249,59.80,30.44,0,1237
1520530346.451378,1,251,199,60.19,120.17,1,1304
1520530346.501379,1,193,156,60.74,23.70,0,1304
1520530346.551380,1,233,184,61.01,22.90,0,1304
1520530346.601382,1,205,172,61.51,127.22,1,1349
1520530346.651383,1,300,241,61.70,27.93,0,1349
1520530346.701385,1,283,223,61.87,31.06,0,1349
1520530346.751386,1,266,203,61.87,121.35,1,1409
1520530346.801545,1,278,195,67.87,28.28,0,1409
1520530346.851546,1,201,153,67.86,24.40,0,1409
1520530346.901547,1,206,156,67.78,129.39,1,1439
1520530346.951549,1,198,153,67.77,20.66,0,1439
1520530347.001551,1,278,192,67.52,23.97,0,1439
1520530347.051553,1,236,168,67.48,120.46,1,1493
1520530347.101554,1,234,162,67.68,22.56,0,1493
1520530347.151556,1,224,155,67.69,21.39,0,1493
1520530347.201400,1,211,141,61.75,102.45,1,1527
1520530347.251402,1,197,133,61.89,19.66,0,1527
1520530347.301403,1,209,139,61.61,20.27,0,1527
1520530347.351405,1,201,138,61.39,123.32,1,1458
1520530347.401407,1,193,130,61.10,18.95,0,1458
1520530347.451408,1,190,118,60.58,18.48,0,1458
1520530347.501410,1,159,104,60.36,107.64,1,1426
1520530347.551411,1,144,93,60.50,15.47,0,1426
1520530347.601218,1,150,93,53.65,15.36,0,1426
1520530347.651220,1,135,90,53.98,84.51,1,1386
1520530347.701222,1,128,89,54.38,13.94,0,1386
1520530347.751223,1,128,90,54.89,13.90,0,1386
1520530347.801224,1,117,83,55.42,95.63,1,1331
1520530347.851226,1,106,78,55.60,13.13,0,1331
1520530347.901227,1,102,82,56.33,12.60,0,1331
1520530347.951229,1,104,87,56.54,79.89,1,1300
1520530348.001163,1,105,71,54.39,11.92,0,1300
1520530348.051164,1,101,83,54.61,11.42,0,1300
1520530348.101166,1,100,85,55.01,93.00,1,1277
1520530348.151168,1,157,117,55.36,15.04,0,1277
1520530348.201169,1,122,100,55.98,15.96,0,1277
1520530348.251170,1,138,105,56.38,76.85,1,1305
1520530348.301184,1,110,88,56.81,14.22,0,1305
1520530348.351173,1,132,100,57.02,13.16,0,1305
1520530348.401175,1,131,99,57.10,64.50,1,1272
1520530348.451416,1,130,99,67.32,14.43,0,1272
1520530348.501419,1,122,96,67.14,13.55,0,1272
1520530348.551420,1,126,100,67.18,100.25,1,1277
1520530348.601422,1,122,98,67.07,13.76,0,1277
1520530348.651423,1,125,100,67.00,13.08,0,1277
1520530348.701425,1,127,101,66.74,121.82,1,1266
1520530348.751426,1,119,87,66.79,13.99,0,1266
1520530348.801427,1,124,92,67.26,13.31,0,1266
1520530348.851315,1,122,90,61.99,89.43,1,1251
1520530348.901316,1,129,96,61.67,15.23,0,1251
1520530348.951318,1,130,99,61.38,14.27,0,1251
1520530349.001319,1,138,112,61.14,76.46,1,1238
1520530349.051321,1,138,114,60.87,15.88,0,1238
1520530349.101322,1,132,115,60.33,14.93,0,1238
1520530349.151325,1,135,113,59.67,65.84,1,1233
1520530349.201326,1,132,117,59.32,14.98,0,1233
1520530349.251106,1,149,126,49.97,15.51,0,1233
1520530349.301107,1,144,123,49.56,62.11,1,1203
1520530349.351109,1,147,125,49.63,15.88,0,1203
1520530349.401110,1,167,138,49.45,16.29,0,1203
1520530349.451112,1,173,142,49.11,74.68,1,1181
1520530349.501114,1,170,142,49.11,18.12,0,1181
1520530349.551115,1,203,163,49.40,19.30,0,1181
1520530349.601117,1,199,164,49.60,100.91,1,1191
1520530349.650935,1,191,155,42.02,20.52,0,1191
1520530349.700937,1,182,152,41.96,18.40,0,1191
1520530349.750943,1,187,150,41.84,93.22,1,1136
1520530349.800940,1,207,159,41.20,19.54,0,1136
1520530349.850941,1,296,238,40.76,24.35,0,1136
1520530349.900986,1,282,228,40.32,104.43,1,1184
1520530349.950944,1,275,214,39.70,25.16,0,1184
1520530350.000946,1,300,234,38.99,25.95,0,1184
1520530350.051376,1,256,196,55.47,104.07,1,1174
1520530350.101378,1,260,196,55.45,24.14,0,1174
1520530350.151379,1,222,165,55.39,21.87,0,1174
1520530350.201381,1,242,188,55.26,110.48,1,1205
1520530350.251384,1,238,183,54.72,22.40,0,1205
1520530350.301384,1,300,231,54.87,25.56,0,1205
1520530350.351386,1,261,200,54.79,86.19,1,1122
1520530350.401387,1,292,222,54.48,25.54,0,1122
1520530350.451515,1,300,222,58.64,26.06,0,1122
1520530350.501516,1,300,214,58.59,87.00,1,1159
1520530350.551518,1,300,221,58.30,27.20,0,1159
1520530350.601520,1,300,223,57.95,26.56,0,1159
1520530350.651521,1,300,223,57.94,99.28,1,1130
1520530350.701523,1,300,223,57.85,26.66,0,1130
1520530350.751523,1,300,220,57.62,26.19,0,1130
1520530350.801526,1,300,224,57.47,103.89,1,1139
1520530350.851527,1,300,227,57.16,27.59,0,1139
1520530350.901571,1,300,219,58.28,27.16,0,1139
1520530350.951573,1,275,212,57.83,128.15,1,1090
1520530351.001574,1,256,197,57.21,23.47,0,1090
1520530351.051576,1,239,197,56.30,22.87,0,1090
1520530351.101578,1,273,223,54.99,120.81,1,1098
1520530351.151579,1,225,202,53.69,23.17,0,1098
1520530351.201581,1,214,196,52.20,21.83,0,1098
1520530351.251582,1,206,190,51.33,108.60,1,1049
1520530351.301683,1,201,183,53.61,19.84,0,1049
1520530351.351680,1,205,183,52.46,19.56,0,1049
1520530351.401685,1,201,178,51.65,82.78,1,1036
1520530351.451683,1,221,188,51.25,20.83,0,1036
1520530351.501759,1,216,194,50.60,20.39,0,1036
1520530351.551686,1,231,201,50.30,97.18,1,1047
1520530351.601688,1,238,215,49.91,22.14,0,1047
1520530351.651689,1,239,215,50.08,21.97,0,1047
1520530351.701695,1,245,220,50.18,94.09,1,1068
1520530351.751696,1,249,217,50.05,23.22,0,1068
1520530351.801698,1,249,215,50.28,22.80,0,1068
1520530351.851700,1,264,230,50.48,121.69,1,1089
1520530351.901701,1,300,254,50.79,26.82,0,1089
1520530351.951703,1,279,252,51.33,26.91,0,1089
1520530352.001704,1,284,246,51.81,127.70,1,1127
1520530352.051706,1,289,249,52.21,26.49,0,1127
1520530352.101805,1,268,231,55.41,25.05,0,1127
1520530352.151806,1,273,233,55.44,116.72,1,1145
1520530352.201808,1,262,229,55.56,25.29,0,1145
1520530352.251809,1,270,232,55.80,25.51,0,1145
1520530352.301811,1,270,237,55.22,135.21,1,1158
1520530352.351812,1,262,224,54.38,24.82,0,1158
1520530352.401814,1,244,201,54.92,23.73,0,1158
1520530352.451817,1,300,232,55.85,105.12,1,1193
1520530352.501469,1,254,202,46.23,25.79,0,1193
1520530352.551471,1,300,229,46.53,25.37,0,1193
1520530352.601472,1,275,213,46.96,105.53,1,1249
1520530352.651474,1,300,225,47.15,26.03,0,1249
1520530352.701475,1,300,226,47.61,26.11,0,1249
1520530352.751477,1,300,230,47.85,122.87,1,1274
1520530352.801478,1,300,226,48.29,25.81,0,1274
1520530352.851480,1,275,210,48.68,25.53,0,1274
1520530352.901098,1,196,142,37.51,109.46,1,1277
1520530352.951099,1,176,128,37.78,18.56,0,1277
1520530353.001101,1,194,128,37.93,17.56,0,1277
1520530353.051102,1,177,130,38.17,118.94,1,1289
1520530353.101208,1,162,117,38.08,17.78,0,1289
1520530353.151105,1,146,105,38.18,15.59,0,1289
1520530353.201107,1,140,95,38.61,94.12,1,1273
1520530353.251108,1,125,83,39.19,15.27,0,1273
1520530353.301110,1,100,73,39.58,13.28,0,1273
1520530353.351398,1,104,84,49.61,88.42,1,1268
1520530353.401399,1,107,88,50.65,14.16,0,1268
1520530353.451401,1,266,220,51.11,22.29,0,1268
1520530353.501402,1,190,159,51.57,100.40,1,1339
1520530353.551404,1,192,164,52.04,21.03,0,1339
1520530353.601405,1,300,234,52.41,25.41,0,1339
1520530353.651407,1,300,229,52.44,134.98,1,1425
1520530353.701408,1,300,223,52.64,30.41,0,1425
1520530353.751736,1,300,219,65.24,29.26,0,1425
1520530353.801738,1,300,214,65.40,112.08,1,1505
1520530353.851739,1,300,216,65.31,31.77,0,1505
1520530353.901741,1,300,200,65.58,30.56,0,1505
1520530353.951742,1,222,166,65.65,123.77,1,1531
1520530354.001744,1,212,152,65.59,22.71,0,1531
1520530354.051745,1,237,160,65.59,23.43,0,1531
1520530354.101747,1,182,138,65.76,99.02,1,1454
1520530354.151896,1,255,174,71.56,23.50,0,1454
1520530354.201897,1,270,169,71.69,26.18,0,1454
1520530354.251899,1,193,139,71.36,116.78,1,1462
1520530354.301900,1,254,170,71.79,23.68,0,1462
1520530354.351902,1,214,140,71.82,23.10,0,1462
1520530354.401904,1,188,133,71.66,78.24,1,1440
1520530354.451905,1,248,155,71.16,21.83,0,1440
1520530354.501907,1,220,155,71.25,22.53,0,1440
1520530354.551594,1,222,161,58.93,90.32,1,1419
1520530354.601593,1,241,166,58.75,23.09,0,1419
1520530354.651595,1,197,140,58.74,21.42,0,1419
1520530354.701596,1,181,127,58.60,94.35,1,1383
1520530354.751597,1,174,121,58.86,19.18,0,1383
1520530354.801599,1,165,115,59.04,17.35,0,1383
1520530354.851600,1,162,114,59.37,80.52,1,1340
1520530354.901602,1,165,111,59.68,16.66,0,1340
1520530354.951359,1,151,103,50.74,16.49,0,1340
1520530355.001360,1,141,100,51.22,94.09,1,1292
1520530355.051362,1,139,99,51.18,14.73,0,1292
1520530355.101363,1,173,115,51.83,16.29,0,1292
1520530355.151365,1,165,119,52.55,103.75,1,1281
1520530355.201366,1,134,110,52.98,17.24,0,1281
1520530355.251368,1,127,99,52.99,14.41,0,1281
1520530355.301370,1,146,116,53.28,86.03,1,1258
1520530355.351371,1,127,101,53.67,15.52,0,1258
1520530355.401407,1,131,99,55.47,14.27,0,1258
1520530355.451408,1,189,136,55.83,102.77,1,1309
1520530355.501410,1,148,117,56.12,18.51,0,1309
1520530355.551411,1,192,142,56.38,17.48,0,1309
1520530355.601414,1,271,203,56.31,113.61,1,1381
1520530355.651416,1,241,182,56.60,23.31,0,1381
1520530355.701417,1,215,167,56.89,21.57,0,1381
1520530355.751418,1,197,154,56.86,94.12,1,1360
1520530355.801531,1,194,150,61.63,20.39,0,1360
1520530355.851533,1,206,154,61.56,18.98,0,1360
1520530355.901534,1,267,198,61.70,110.24,1,1391
1520530355.951536,1,265,203,61.35,25.33,0,1391
1520530356.001537,1,262,192,60.93,24.51,0,1391
1520530356.051539,1,230,174,60.90,102.38,1,1389
1520530356.101541,1,216,169,60.99,22.13,0,1389
1520530356.151542,1,216,166,60.49,20.99,0,1389
1520530356.201376,1,201,164,53.06,91.03,1,1366
1520530356.251380,1,207,168,52.63,20.91,0,1366
1520530356.301379,1,208,178,52.84,20.50,0,1366
1520530356.351380,1,209,181,52.61,147.36,1,1361
1520530356.401382,1,200,178,52.40,21.38,0,1361
1520530356.451383,1,194,177,52.02,20.67,0,1361
1520530356.501385,1,212,183,51.47,107.96,1,1349
1520530356.551386,1,214,186,51.28,21.39,0,1349
1520530356.601232,1,195,172,45.15,20.08,0,1349
1520530356.651235,1,193,172,44.84,83.88,1,1275
1520530356.701236,1,199,177,44.55,20.31,0,1275
1520530356.751237,1,223,190,44.74,20.77,0,1275
1520530356.801239,1,227,193,44.61,128.68,1,1236
1520530356.851240,1,211,180,44.60,22.40,0,1236
1520530356.901242,1,211,182,44.56,20.62,0,1236
1520530356.951244,1,230,192,44.77,117.74,1,1208
1520530357.001153,1,219,177,40.76,21.93,0,1208
1520530357.051154,1,210,173,40.78,20.42,0,1208
1520530357.101156,1,218,178,40.58,116.08,1,1195
1520530357.151156,1,222,183,39.94,21.70,0,1195
1520530357.201159,1,271,218,39.47,23.81,0,1195
1520530357.251160,1,253,205,38.95,111.60,1,1232
1520530357.301162,1,240,190,38.59,22.83,0,1232
1520530357.351164,1,254,196,38.04,24.05,0,1232
1520530357.401658,1,234,178,56.82,115.59,1,1257
1520530357.451660,1,266,198,56.68,23.72,0,1257
1520530357.501662,1,267,197,56.48,24.31,0,1257
1520530357.551663,1,284,212,56.43,131.55,1,1328
1520530357.601666,1,245,184,55.96,23.87,0,1328
1520530357.651666,1,300,232,55.95,24.95,0,1328
1520530357.701667,1,300,227,55.98,118.53,1,1309
1520530357.751669,1,300,224,55.88,28.09,0,1309
1520530357.801671,1,300,215,55.95,26.65,0,1309
1520530357.851585,1,262,197,51.64,124.00,1,1234
1520530357.901559,1,300,223,51.67,25.99,0,1234
1520530357.951560,1,300,223,51.35,26.30,0,1234
1520530358.001562,1,300,214,51.39,126.80,1,1164
1520530358.051563,1,300,219,51.17,27.29,0,1164
1520530358.101565,1,300,219,50.85,26.86,0,1164
1520530358.151567,1,300,219,50.79,119.33,1,1192
1520530358.201568,1,300,203,50.65,26.21,0,1192
1520530358.251625,1,279,195,52.68,24.94,0,1192
1520530358.301626,1,298,214,52.23,119.72,1,1230
1520530358.351628,1,300,224,51.90,26.88,0,1230
1520530358.401629,1,300,234,51.40,26.76,0,1230
1520530358.451631,1,281,216,50.90,145.20,1,1238
1520530358.501632,1,245,196,50.16,23.69,0,1238
1520530358.551634,1,236,198,49.29,22.26,0,1238
1520530358.601636,1,238,200,48.08,97.27,1,1222
1520530358.651798,1,251,209,52.35,23.44,0,1222
1520530358.701800,1,288,229,51.49,24.80,0,1222
1520530358.751801,1,282,228,50.98,116.88,1,1224
1520530358.801803,1,252,215,50.03,24.25,0,1224
1520530358.851805,1,243,206,49.26,22.56,0,1224
1520530358.901806,1,228,197,48.57,98.31,1,1224
1520530358.951808,1,241,207,47.71,23.06,0,1224
1520530359.001810,1,221,197,47.52,21.99,0,1224
1520530359.051806,1,237,201,46.88,116.65,1,1233
1520530359.101811,1,221,191,46.26,22.51,0,1233
1520530359.151809,1,220,195,46.17,21.47,0,1233
1520530359.201810,1,219,194,45.77,132.97,1,1241
1520530359.251812,1,219,197,45.27,21.55,0,1241
1520530359.301813,1,221,195,45.21,21.70,0,1241
1520530359.351815,1,220,197,45.59,136.26,1,1227
1520530359.401817,1,223,198,46.05,21.41,0,1227
1520530359.451919,1,219,192,47.64,21.13,0,1227
1520530359.501870,1,247,216,48.34,141.79,1,1249
1520530359.551871,1,248,213,48.58,24.19,0,1249
1520530359.601873,1,243,209,48.95,22.93,0,1249
1520530359.651874,1,252,219,49.58,127.42,1,1225
1520530359.701876,1,243,213,49.93,23.72,0,1225
1520530359.751878,1,249,220,50.22,23.66,0,1225
1520530359.801879,1,246,220,50.62,132.85,1,1168
1520530359.851881,1,258,226,50.94,24.30,0,1168
1520530359.901826,1,257,228,48.82,24.43,0,1168
1520530359.951828,1,247,220,48.18,143.27,1,1232
1520530360.001829,1,300,251,48.11,27.50,0,1232
1520530360.051831,1,287,238,48.38,27.97,0,1232
1520530360.101832,1,267,224,48.70,120.71,1,1244
1520530360.151834,1,265,220,49.08,25.54,0,1244
1520530360.201836,1,251,199,49.75,23.31,0,1244
1520530360.251837,1,235,187,50.37,151.89,1,1266
1520530360.301316,1,171,128,35.46,23.38,0,1266
1520530360.351317,1,183,127,35.36,17.82,0,1266
1520530360.401319,1,158,110,35.50,115.05,1,1278
1520530360.451321,1,145,96,35.35,17.33,0,1278
1520530360.501323,1,128,93,35.39,15.32,0,1278
1520530360.551324,1,126,86,35.36,103.84,1,1268
1520530360.601326,1,120,84,35.76,13.59,0,1268
1520530360.651327,1,118,85,36.28,12.24,0,1268
1520530360.700978,1,91,73,26.81,119.42,1,1259
1520530360.750980,1,89,60,27.08,12.93,0,1259
1520530360.800981,1,87,60,27.63,11.02,0,1259
1520530360.850983,1,82,55,28.03,98.48,1,1248
1520530360.900984,1,72,53,28.47,11.08,0,1248
1520530360.950988,1,65,50,28.67,9.71,0,1248
1520530361.000988,1,88,62,29.21,99.00,1,1227
1520530361.051064,1,85,60,29.57,11.37,0,1227
1520530361.101044,1,77,56,31.09,10.67,0,1227
1520530361.151045,1,65,53,30.70,105.96,1,1213
1520530361.201047,1,81,61,30.35,10.04,0,1213
1520530361.251048,1,67,56,30.18,9.64,0,1213
1520530361.301050,1,283,238,30.39,93.44,1,1386
1520530361.351051,1,300,249,30.32,29.74,0,1386
1520530361.401053,1,240,204,30.39,26.14,0,1386
1520530361.451055,1,212,186,30.28,136.00,1,1361
1520530361.501690,1,167,139,55.23,22.29,0,1361
1520530361.551692,1,175,136,55.26,18.42,0,1361
1520530361.601693,1,300,212,55.32,133.83,1,1468
1520530361.651695,1,295,195,55.49,30.16,0,1468
1520530361.701696,1,206,138,55.33,25.15,0,1468
1520530361.751698,1,300,206,55.21,114.94,1,1462
1520530361.801700,1,300,210,55.25,32.19,0,1462
1520530361.851701,1,300,216,55.20,29.94,0,1462
1520530361.901939,1,300,227,63.98,111.67,1,1499
1520530361.951941,1,212,174,64.00,24.97,0,1499
1520530362.001942,1,209,175,64.10,21.62,0,1499
1520530362.051944,1,246,204,64.17,98.15,1,1517
1520530362.101945,1,227,181,64.28,23.63,0,1517
1520530362.151947,1,214,169,64.27,21.31,0,1517
1520530362.201949,1,211,163,64.43,69.30,1,1492
1520530362.251950,1,199,156,64.39,19.56,0,1492
1520530362.301951,1,226,158,64.27,19.60,0,1492
1520530362.351623,1,166,124,51.85,93.03,1,1437
1520530362.401625,1,213,149,52.09,19.02,0,1437
1520530362.451626,1,222,146,52.11,20.25,0,1437
1520530362.501628,1,177,127,51.93,95.38,1,1394
1520530362.551629,1,215,130,52.15,18.69,0,1394
1520530362.601631,1,181,129,52.28,19.12,0,1394
1520530362.651727,1,165,127,52.30,92.50,1,1380
1520530362.701634,1,222,148,52.52,19.35,0,1380
1520530362.751364,1,179,114,42.16,18.99,0,1380
1520530362.801366,1,206,128,42.31,110.24,1,1399
1520530362.851367,1,193,128,42.03,19.16,0,1399
1520530362.901369,1,190,128,41.95,19.77,0,1399
1520530362.951370,1,184,124,41.87,89.09,1,1372
1520530363.001372,1,212,139,41.86,18.47,0,1372
1520530363.051374,1,197,133,42.43,20.43,0,1372
1520530363.101375,1,194,134,42.37,96.76,1,1388
1520530363.151650,1,191,137,53.75,19.94,0,1388
1520530363.201651,1,202,139,54.44,20.52,0,1388
1520530363.251653,1,211,136,55.10,98.74,1,1404
1520530363.301654,1,214,137,55.76,21.20,0,1404
1520530363.351656,1,220,150,56.21,21.87,0,1404
1520530363.401658,1,223,148,56.79,111.02,1,1432
1520530363.451659,1,198,135,57.38,21.16,0,1432
1520530363.501661,1,194,129,57.99,20.72,0,1432
1520530363.551745,1,160,124,62.03,108.35,1,1444
1520530363.601746,1,157,121,61.80,16.78,0,1444
1520530363.651748,1,140,115,60.93,15.53,0,1444
1520530363.701749,1,124,104,60.54,76.83,1,1399
1520530363.751751,1,119,93,59.87,13.49,0,1399
1520530363.801753,1,119,91,59.26,13.03,0,1399
1520530363.851754,1,108,81,58.78,80.26,1,1368
1520530363.901756,1,102,79,57.99,13.24,0,1368
1520530363.951780,1,128,93,58.34,14.12,0,1368
1520530364.001782,1,135,108,57.98,84.17,1,1363
1520530364.051784,1,141,114,57.29,16.00,0,1363
1520530364.101785,1,126,110,56.59,16.19,0,1363
1520530364.151786,1,129,113,55.64,82.85,1,1321
1520530364.201788,1,124,104,54.89,15.21,0,1321
1520530364.251789,1,149,117,53.24,14.88,0,1321
1520530364.301791,1,183,140,51.48,98.47,1,1286
1520530364.351792,1,179,139,50.78,19.56,0,1286
1520530364.401853,1,204,154,52.02,19.12,0,1286
1520530364.451854,1,201,151,51.24,109.85,1,1288
1520530364.501856,1,216,163,51.05,20.34,0,1288
1520530364.551858,1,222,172,50.19,21.19,0,1288
1520530364.601859,1,221,167,49.69,101.92,1,1287
1520530364.651861,1,300,222,49.13,24.80,0,1287
1520530364.701862,1,233,183,49.42,23.96,0,1287
1520530364.751864,1,225,171,49.78,104.38,1,1337
1520530364.802375,1,251,192,68.13,22.45,0,1337
1520530364.852378,1,231,178,68.68,23.06,0,1337
1520530364.902379,1,249,193,68.79,103.57,1,1371
1520530364.952380,1,238,191,68.66,22.50,0,1371
1520530365.002383,1,242,194,68.24,22.68,0,1371
1520530365.052383,1,237,195,67.88,79.07,1,1417
1520530365.102386,1,244,196,67.61,22.91,0,1417
1520530365.152387,1,241,193,67.64,21.81,0,1417
1520530365.201844,1,209,170,49.69,105.30,1,1434
1520530365.251846,1,228,177,49.64,20.20,0,1434
1520530365.301847,1,224,175,49.77,21.11,0,1434
1520530365.351849,1,219,167,49.85,110.38,1,1469
1520530365.401850,1,217,169,50.04,19.85,0,1469
1520530365.451852,1,220,171,50.31,19.63,0,1469
1520530365.501853,1,222,168,50.53,103.70,1,1299
1520530365.551855,1,225,172,51.24,20.62,0,1299
1520530365.601535,1,218,168,40.17,21.82,0,1299
1520530365.651537,1,227,168,40.66,112.47,1,1307
1520530365.701539,1,237,177,40.73,21.51,0,1307
1520530365.751540,1,236,173,41.02,20.68,0,1307
1520530365.801546,1,300,221,41.61,87.56,1,1229
1520530365.851543,1,299,220,41.63,26.03,0,1229
1520530365.901545,1,300,231,41.85,26.05,0,1229
1520530365.951546,1,284,224,42.33,100.59,1,1175
1520530366.001907,1,300,228,56.17,26.35,0,1175
1520530366.051908,1,300,220,56.36,26.56,0,1175
1520530366.101911,1,300,233,55.94,124.94,1,1137
1520530366.151911,1,300,228,55.36,27.81,0,1137
1520530366.201913,1,300,233,54.48,27.21,0,1137
1520530366.251915,1,300,230,53.69,77.67,1,1158
1520530366.301916,1,253,199,52.88,24.62,0,1158
1520530366.351918,1,258,202,52.34,24.13,0,1158
1520530366.402120,1,248,193,58.30,113.96,1,1187
1520530366.452121,1,300,229,57.95,25.69,0,1187
1520530366.502124,1,265,207,57.65,26.11,0,1187
1520530366.552125,1,256,198,56.82,92.66,1,1233
1520530366.602127,1,225,186,56.26,24.60,0,1233
1520530366.652128,1,225,193,55.10,21.54,0,1233
1520530366.702130,1,220,193,53.81,122.76,1,1251
1520530366.752132,1,211,190,53.17,21.18,0,1251
1520530366.802132,1,213,193,52.75,21.15,0,1251
1520530366.852166,1,199,177,53.49,81.70,1,1251
1520530366.902167,1,189,170,53.03,19.45,0,1251
1520530366.952169,1,191,164,52.54,19.24,0,1251
1520530367.002170,1,243,205,52.28,97.87,1,1258
1520530367.052171,1,210,183,52.42,21.51,0,1258
1520530367.102178,1,214,187,52.61,20.80,0,1258
1520530367.152174,1,206,177,52.55,111.77,1,1260
1520530367.202177,1,210,170,52.63,20.91,0,1260
1520530367.252540,1,300,242,63.11,27.11,0,1260
1520530367.302541,1,277,215,62.80,136.11,1,1319
1520530367.352542,1,269,206,63.17,23.71,0,1319
1520530367.402545,1,247,192,62.95,22.64,0,1319
1520530367.452546,1,263,196,62.61,120.94,1,1296
1520530367.502548,1,252,187,62.05,23.06,0,1296
1520530367.552549,1,241,186,61.79,21.47,0,1296
1520530367.602551,1,246,184,61.53,106.13,1,1271
1520530367.652264,1,222,164,52.83,21.12,0,1271
1520530367.702266,1,222,172,52.90,19.87,0,1271
1520530367.752267,1,277,223,52.58,143.04,1,1305
1520530367.802269,1,300,248,52.52,27.01,0,1305
1520530367.852271,1,283,241,52.73,26.23,0,1305
1520530367.902272,1,255,221,52.28,145.84,1,1340
1520530367.952274,1,243,221,52.24,24.84,0,1340
1520530368.002275,1,259,223,52.04,23.93,0,1340
1520530368.052124,1,242,208,48.02,147.60,1,1365
1520530368.102125,1,272,237,47.87,24.59,0,1365
1520530368.152127,1,277,245,47.53,26.64,0,1365
1520530368.202129,1,300,258,47.30,124.44,1,1413
1520530368.252130,1,300,261,47.33,28.31,0,1413
1520530368.302132,1,300,262,47.19,27.95,0,1413
1520530368.352134,1,300,262,46.98,159.62,1,1445
1520530368.402135,1,278,242,47.10,26.84,0,1445
1520530368.452048,1,255,231,44.49,25.46,0,1445
1520530368.502050,1,237,213,44.42,112.05,1,1423
1520530368.552051,1,215,190,45.24,24.33,0,1423
1520530368.602053,1,204,165,46.38,20.46,0,1423
1520530368.652054,1,300,211,47.36,128.58,1,1458
1520530368.702056,1,300,210,48.04,29.57,0,1458
1520530368.752057,1,212,156,48.42,25.06,0,1458
1520530368.802058,1,262,183,48.84,129.12,1,1492
1520530368.851389,1,117,92,29.92,78.16,1,1456
1520530368.901391,1,113,91,30.45,14.30,0,1456
1520530368.951392,1,93,69,31.62,14.43,0,1456
1520530369.001394,1,100,73,32.45,84.01,1,1484
1520530369.051395,1,81,63,33.22,12.09,0,1484
1520530369.101397,1,73,56,33.69,10.17,0,1484
1520530369.151398,1,80,57,33.54,84.71,1,1446
1520530369.201400,1,89,61,34.24,11.36,0,1446
1520530369.251401,1,88,57,34.94,10.68,0,1446
1520530369.301537,1,120,82,40.13,83.31,1,1460
1520530369.351538,1,116,91,40.14,13.78,0,1460
1520530369.401540,1,142,110,40.00,14.57,0,1460
1520530369.451542,1,161,131,39.84,115.91,1,1476
1520530369.501543,1,157,133,39.85,16.49,0,1476
1520530369.551545,1,148,124,39.81,15.60,0,1476
1520530369.601546,1,164,119,39.95,110.70,1,1468
1520530369.651548,1,168,122,39.58,17.07,0,1468
1520530369.701896,1,174,139,51.72,17.91,0,1468
1520530369.751898,1,241,180,51.24,111.20,1,1526
1520530369.801901,1,229,181,50.68,22.28,0,1526
1520530369.851902,1,215,175,50.35,20.48,0,1526
1520530369.901903,1,213,178,49.82,118.60,1,1502
1520530369.951905,1,216,169,49.74,20.41,0,1502
1520530370.001906,1,220,173,49.48,20.05,0,1502
1520530370.051908,1,215,176,49.28,105.02,1,1449
1520530370.101930,1,213,171,49.63,20.73,0,1449
1520530370.151931,1,228,175,49.61,20.30,0,1449
1520530370.201933,1,233,177,49.61,139.73,1,1432
1520530370.251934,1,241,183,49.57,22.01,0,1432
1520530370.301934,1,220,177,49.54,21.25,0,1432
1520530370.351937,1,233,180,49.41,138.79,1,1372
1520530370.401938,1,268,194,49.29,22.75,0,1372
1520530370.451940,1,278,200,48.96,24.11,0,1372
1520530370.501883,1,260,192,46.75,107.80,1,1306
1520530370.551883,1,290,199,46.57,24.54,0,1306
1520530370.601898,1,283,201,46.45,24.98,0,1306
1520530370.651887,1,246,196,46.44,83.14,1,1283
1520530370.701889,1,295,208,46.48,24.07,0,1283
1520530370.751890,1,285,197,46.36,25.07,0,1283
1520530370.801892,1,279,196,46.47,97.02,1,1238
1520530370.851892,1,280,194,46.51,25.31,0,1238
1520530370.901941,1,261,182,48.31,23.56,0,1238
1520530370.951942,1,249,176,48.54,119.97,1,1217
1520530371.001944,1,245,173,48.49,22.44,0,1217
1520530371.051946,1,256,179,48.53,22.73,0,1217
1520530371.101947,1,259,186,48.16,121.56,1,1222
1520530371.151949,1,252,169,48.53,24.91,0,1222
1520530371.201950,1,224,156,47.99,20.39,0,1222
1520530371.251952,1,212,151,47.38,76.34,1,1190
1520530371.301953,1,217,158,47.17,20.68,0,1190
1520530371.351951,1,216,159,47.15,19.89,0,1190
1520530371.401953,1,204,160,47.22,122.12,1,1182
1520530371.451954,1,211,161,47.75,19.87,0,1182
1520530371.501956,1,207,159,47.74,19.26,0,1182
1520530371.551958,1,216,165,47.87,101.86,1,1100
1520530371.601959,1,245,176,48.05,21.94,0,1100
1520530371.651961,1,287,201,48.36,23.69,0,1100
1520530371.701962,1,279,200,48.39,132.34,1,1125
1520530371.751959,1,279,201,48.16,24.37,0,1125
1520530371.801961,1,263,192,48.04,23.20,0,1125
1520530371.851963,1,266,195,47.49,84.36,1,1132
1520530371.901964,1,275,199,46.95,23.75,0,1132
1520530371.951966,1,267,187,46.79,23.48,0,1132
1520530372.001968,1,264,179,46.95,111.98,1,1092
1520530372.051969,1,262,180,46.84,22.62,0,1092
1520530372.101971,1,258,180,47.08,22.05,0,1092
1520530372.151955,1,272,182,46.65,121.66,1,1103
1520530372.201977,1,253,178,46.93,22.81,0,1103
1520530372.251958,1,253,177,47.10,21.37,0,1103
1520530372.301960,1,253,184,46.89,90.02,1,1083
1520530372.351961,1,300,200,46.79,24.24,0,1083
1520530372.401963,1,275,194,46.90,24.09,0,1083
1520530372.451964,1,267,186,47.07,113.24,1,1033
1520530372.501966,1,273,187,46.88,23.18,0,1033
1520530372.551956,1,269,189,46.73,23.07,0,1033
1520530372.601959,1,278,193,46.57,128.30,1,984
1520530372.651960,1,270,188,46.64,23.97,0,984
1520530372.701961,1,294,205,46.89,24.36,0,984
1520530372.751963,1,294,204,47.23,124.76,1,993
1520530372.801964,1,282,199,48.26,24.88,0,993
1520530372.851966,1,271,197,48.96,23.95,0,993
1520530372.901967,1,285,201,49.55,126.80,1,905
1520530372.951617,1,255,175,37.44,24.48,0,905
1520530373.001619,1,281,192,37.66,23.31,0,905
1520530373.051620,1,245,173,38.08,144.08,1,848
1520530373.101622,1,253,181,38.19,21.85,0,848
1520530373.151624,1,258,180,38.37,22.61,0,848
1520530373.201626,1,267,190,38.78,108.79,1,846
1520530373.251627,1,257,185,38.66,23.01,0,846
1520530373.301630,1,250,183,38.80,22.01,0,846
1520530373.351457,1,235,175,32.52,136.03,1,843
1520530373.401458,1,239,173,32.21,21.90,0,843
1520530373.451460,1,236,169,32.56,21.01,0,843
1520530373.501461,1,256,175,32.63,130.90,1,825
1520530373.551463,1,241,169,33.26,21.78,0,825
1520530373.601465,1,235,159,33.16,20.60,0,825
1520530373.651466,1,228,155,32.41,140.44,1,805
1520530373.701467,1,214,154,31.44,20.29,0,805
1520530373.751469,1,202,147,30.51,19.20,0,805
1520530373.801615,1,199,152,33.41,153.73,1,818
1520530373.851583,1,194,153,33.15,19.72,0,818
1520530373.901585,1,196,160,32.24,19.26,0,818
1520530373.951586,1,226,172,32.23,103.29,1,802
1520530374.001589,1,200,164,32.18,20.41,0,802
1520530374.051589,1,193,158,31.96,19.85,0,802
1520530374.101591,1,200,167,31.83,104.69,1,820
1520530374.151592,1,178,144,31.73,17.85,0,820
1520530374.201953,1,173,130,42.84,17.45,0,820
1520530374.251955,1,181,115,42.34,76.23,1,836
1520530374.301956,1,175,103,41.67,16.17,0,836
1520530374.351958,1,179,107,40.94,16.08,0,836
1520530374.401959,1,174,97,40.50,90.11,1,841
1520530374.451961,1,184,100,40.66,16.53,0,841
1520530374.501962,1,192,106,40.85,16.16,0,841
1520530374.551964,1,192,105,41.00,103.63,1,854
1520530374.602407,1,215,126,53.65,18.63,0,854
1520530374.652408,1,215,121,53.65,17.71,0,854
1520530374.702410,1,214,126,53.57,95.89,1,875
1520530374.752412,1,262,154,53.26,20.35,0,875
1520530374.802413,1,243,160,52.69,21.51,0,875
1520530374.852415,1,242,166,52.30,71.12,1,906
1520530374.902417,1,248,174,52.20,21.77,0,906
1520530374.952418,1,232,176,52.12,21.41,0,906
1520530375.002442,1,234,183,52.79,87.52,1,918
1520530375.052444,1,229,190,53.09,22.28,0,918
1520530375.102445,1,220,190,53.78,22.22,0,918
1520530375.152447,1,226,192,54.38,106.49,1,945
1520530375.202449,1,245,204,54.96,23.57,0,945
1520530375.252454,1,256,211,55.01,23.45,0,945
1520530375.302452,1,254,211,55.51,118.99,1,945
1520530375.352453,1,244,214,55.60,23.52,0,945
1520530375.402252,1,243,217,48.22,22.92,0,945
1520530375.452214,1,234,208,47.70,77.72,1,958
1520530375.502216,1,232,198,47.28,22.06,0,958
1520530375.552217,1,234,193,46.71,22.43,0,958
1520530375.602219,1,233,195,45.49,132.06,1,963
1520530375.652220,1,222,189,44.70,21.52,0,963
1520530375.702222,1,216,189,43.43,21.41,0,963
1520530375.752223,1,212,186,42.64,87.68,1,964
1520530375.802225,1,206,188,41.67,20.75,0,964
1520530375.852258,1,206,188,41.45,20.49,0,964
1520530375.902259,1,208,194,40.89,108.25,1,942
1520530375.952261,1,209,189,40.87,20.99,0,942
1520530376.002263,1,218,187,41.40,20.14,0,942
1520530376.052264,1,222,197,41.69,70.18,1,961
1520530376.102265,1,227,199,42.08,22.19,0,961
1520530376.152267,1,216,189,42.94,21.59,0,961
1520530376.202270,1,230,194,44.50,99.86,1,964
1520530376.251950,1,210,173,37.27,22.38,0,964
1520530376.301951,1,208,169,37.92,20.09,0,964
1520530376.351954,1,212,172,38.05,68.46,1,956
1520530376.401955,1,197,162,38.04,20.18,0,956
1520530376.451957,1,198,164,37.13,18.53,0,956
1520530376.501958,1,194,147,37.45,108.48,1,978
1520530376.551960,1,225,158,38.19,20.44,0,978
1520530376.601961,1,247,171,39.22,24.12,0,978
1520530376.652663,1,216,147,60.23,107.58,1,1011
1520530376.702664,1,235,174,60.24,22.45,0,1011
1520530376.752666,1,206,164,61.11,21.89,0,1011
1520530376.802668,1,166,132,62.03,125.98,1,1036
1520530376.852669,1,144,120,63.58,17.93,0,1036
1520530376.902671,1,131,109,65.20,16.57,0,1036
1520530376.952672,1,202,168,66.88,124.64,1,1103
1520530377.002721,1,159,131,67.87,19.37,0,1103
1520530377.052897,1,158,118,76.18,17.09,0,1103
1520530377.102900,1,149,115,76.35,82.14,1,1116
1520530377.152901,1,161,121,76.26,16.69,0,1116
1520530377.202903,1,145,111,76.14,17.21,0,1116
1520530377.252904,1,166,120,75.53,82.17,1,1139
1520530377.302906,1,169,114,75.22,17.94,0,1139
1520530377.352906,1,176,120,74.75,17.43,0,1139
1520530377.402909,1,246,165,74.37,114.50,1,1187
1520530377.451720,1,118,80,35.77,110.50,1,1198
1520530377.501720,1,120,82,36.27,14.70,0,1198
1520530377.551722,1,80,65,36.43,18.26,0,1198
1520530377.601723,1,79,68,36.43,101.66,1,1208
1520530377.651725,1,86,72,36.81,11.66,0,1208
1520530377.701726,1,91,73,37.09,13.07,0,1208
1520530377.751728,1,75,65,37.48,86.75,1,1183
1520530377.801730,1,78,62,37.83,11.68,0,1183
1520530377.851407,1,68,48,26.75,13.50,0,1183
1520530377.901409,1,75,48,25.96,59.85,1,1166
1520530377.951411,1,69,47,25.62,12.74,0,1166
1520530378.001412,1,85,60,25.34,12.07,0,1166
1520530378.051414,1,75,60,25.04,92.41,1,1157
1520530378.101416,1,82,55,25.68,10.82,0,1157
1520530378.151417,1,87,58,26.24,10.76,0,1157
1520530378.201419,1,92,62,26.38,79.34,1,1088
1520530378.251420,1,300,212,26.33,23.56,0,1088
1520530378.301512,1,300,234,29.33,30.81,0,1088
1520530378.351513,1,200,168,29.34,120.53,1,1162
1520530378.401515,1,178,162,29.39,19.32,0,1162
1520530378.451516,1,194,167,29.47,19.84,0,1162
1520530378.501517,1,171,154,29.56,93.75,1,1167
1520530378.551519,1,148,137,29.60,18.58,0,1167
1520530378.601571,1,155,140,29.56,16.74,0,1167
1520530378.651522,1,137,128,29.44,95.21,1,1173
1520530378.702209,1,166,149,56.33,20.88,0,1173
1520530378.752210,1,146,127,56.71,16.77,0,1173
1520530378.802212,1,144,122,57.20,86.05,1,1187
1520530378.852213,1,140,110,57.75,16.35,0,1187
1520530378.902215,1,148,119,57.91,16.10,0,1187
1520530378.952216,1,147,116,57.91,73.54,1,1177
1520530379.002218,1,144,118,57.91,16.77,0,1177
1520530379.052220,1,152,116,57.83,17.01,0,1177
1520530379.102149,1,141,113,55.15,85.05,1,1159
1520530379.152151,1,165,127,54.70,17.26,0,1159
1520530379.202152,1,146,123,54.57,16.90,0,1159
1520530379.252154,1,174,124,54.45,89.83,1,1171
1520530379.302155,1,236,158,54.21,20.83,0,1171
1520530379.352157,1,218,154,54.00,20.74,0,1171
1520530379.402159,1,255,163,53.74,88.40,1,1191
1520530379.452160,1,254,173,53.60,24.96,0,1191
1520530379.501850,1,183,135,41.82,22.54,0,1191
1520530379.551852,1,181,122,41.98,88.54,1,1173
1520530379.601853,1,172,114,41.87,18.66,0,1173
1520530379.651855,1,142,101,42.32,16.43,0,1173
1520530379.701856,1,116,80,42.11,81.23,1,1163
1520530379.751858,1,151,103,42.29,14.64,0,1163
1520530379.801860,1,125,90,42.14,16.06,0,1163
1520530379.851861,1,147,100,42.14,96.42,1,1179
1520530379.901824,1,150,101,40.87,16.43,0,1179
1520530379.951826,1,168,114,41.46,17.31,0,1179
1520530380.001827,1,118,88,42.11,76.70,1,1174
1520530380.051829,1,120,93,43.00,15.43,0,1174
1520530380.101830,1,114,94,44.01,14.42,0,1174
1520530380.151832,1,117,100,44.45,79.39,1,1167
1520530380.201888,1,120,101,44.99,13.75,0,1167
1520530380.251835,1,110,93,45.48,12.90,0,1167
1520530380.301736,1,105,92,41.05,71.67,1,1134
1520530380.352160,1,134,99,58.12,15.06,0,1134
1520530380.402162,1,214,145,56.60,18.30,0,1134
1520530380.452163,1,178,124,55.51,84.21,1,1149
1520530380.502166,1,180,130,54.77,18.11,0,1149
1520530380.552166,1,138,121,53.96,16.13,0,1149
1520530380.602168,1,128,118,53.28,69.47,1,1137
1520530380.652170,1,128,118,52.91,15.48,0,1137
1520530380.702171,1,118,109,52.77,14.09,0,1137
1520530380.752135,1,124,105,51.12,85.00,1,1123
1520530380.802136,1,141,117,50.94,15.19,0,1123
1520530380.852138,1,139,120,50.37,15.40,0,1123
1520530380.902139,1,143,122,49.63,77.82,1,1091
1520530380.952141,1,156,132,49.12,17.25,0,1091
1520530381.002143,1,154,125,48.32,16.70,0,1091
1520530381.052144,1,184,135,47.86,71.41,1,1078
1520530381.102146,1,180,129,47.29,17.83,0,1078
1520530381.152048,1,197,129,43.07,18.61,0,1078
1520530381.202049,1,225,146,42.21,90.55,1,1044
1520530381.252051,1,209,138,41.69,19.81,0,1044
1520530381.302052,1,194,134,41.38,18.61,0,1044
1520530381.352053,1,201,146,41.44,70.18,1,1045
1520530381.402056,1,193,150,41.58,19.04,0,1045
1520530381.452057,1,181,143,41.70,17.48,0,1045
1520530381.502058,1,182,143,42.09,72.28,1,1031
1520530381.552262,1,186,147,48.43,18.28,0,1031
1520530381.602264,1,183,147,48.71,18.05,0,1031
1520530381.652266,1,179,146,48.84,71.11,1,958
1520530381.702267,1,248,199,48.99,21.29,0,958
1520530381.752268,1,228,191,48.97,21.95,0,958
1520530381.802325,1,214,181,48.74,72.16,1,1005
1520530381.852271,1,208,180,48.89,20.44,0,1005
1520530381.902273,1,205,176,48.70,19.62,0,1005
1520530381.952332,1,230,192,50.52,78.79,1,1033
1520530382.002334,1,227,192,49.74,21.34,0,1033
1520530382.052335,1,238,199,49.45,21.30,0,1033
1520530382.102337,1,242,194,49.27,67.66,1,1052
1520530382.152339,1,267,212,49.12,23.31,0,1052
1520530382.202340,1,283,224,49.66,24.21,0,1052
1520530382.252342,1,296,229,49.80,120.99,1,1089
1520530382.302343,1,283,221,49.80,26.44,0,1089
1520530382.352159,1,253,208,43.76,24.18,0,1089
1520530382.402160,1,253,207,43.67,87.13,1,1102
1520530382.452162,1,252,198,44.01,23.06,0,1102
1520530382.502164,1,281,210,44.19,24.06,0,1102
1520530382.552165,1,253,189,44.95,112.20,1,1039
1520530382.602167,1,231,175,45.86,22.22,0,1039
1520530382.652168,1,221,169,47.19,20.86,0,1039
1520530382.702170,1,209,162,47.31,103.58,1,1015
1520530382.752171,1,203,155,47.47,19.68,0,1015
1520530382.802243,1,217,161,49.47,19.67,0,1015
1520530382.852246,1,215,165,49.55,104.54,1,1013
1520530382.902248,1,221,171,49.46,21.08,0,1013
1520530382.952249,1,224,177,49.37,21.32,0,1013
1520530383.002250,1,293,215,49.04,99.59,1,1024
1520530383.052252,1,279,216,48.57,24.85,0,1024
1520530383.102252,1,300,237,48.23,25.19,0,1024
1520530383.152255,1,286,228,47.68,117.44,1,1029
1520530383.202206,1,285,227,45.72,25.62,0,1029
1520530383.252208,1,271,222,44.91,25.05,0,1029
1520530383.302210,1,300,248,44.65,95.59,1,1051
1520530383.352211,1,261,207,44.20,26.16,0,1051
1520530383.402266,1,251,204,43.75,23.53,0,1051
1520530383.452214,1,237,195,43.48,108.43,1,1045
1520530383.502216,1,236,198,42.60,22.07,0,1045
1520530383.552217,1,235,199,41.87,22.16,0,1045
1520530383.602472,1,248,206,48.32,111.15,1,1041
1520530383.652472,1,251,203,47.67,23.38,0,1041
1520530383.702475,1,300,242,46.73,26.14,0,1041
1520530383.752476,1,287,237,46.23,118.17,1,1076
1520530383.802478,1,283,228,46.24,25.20,0,1076
1520530383.852479,1,300,239,46.54,26.11,0,1076
1520530383.902481,1,300,241,46.16,136.40,1,1091
1520530383.952482,1,258,219,46.05,26.42,0,1091
1520530384.002530,1,289,234,47.47,26.40,0,1091
1520530384.052531,1,252,212,47.34,121.43,1,1083
1520530384.102533,1,228,197,48.14,23.09,0,1083
1520530384.152534,1,215,186,49.26,21.13,0,1083
1520530384.202536,1,188,156,50.94,134.90,1,1078
1520530384.252537,1,186,149,52.09,19.29,0,1078
1520530384.302539,1,170,128,53.33,17.46,0,1078
1520530384.352541,1,171,129,53.93,113.86,1,1079
1520530384.402432,1,158,126,50.47,17.74,0,1079
1520530384.452435,1,145,124,51.06,16.34,0,1079
1520530384.502435,1,133,115,52.97,112.41,1,1092
1520530384.552437,1,138,115,54.46,14.70,0,1092
1520530384.602439,1,135,119,55.98,15.49,0,1092
1520530384.652440,1,137,120,57.72,97.55,1,1050
1520530384.702442,1,133,115,59.24,14.59,0,1050
1520530384.752443,1,218,182,60.55,19.38,0,1050
1520530384.802857,1,300,257,77.79,169.10,1,1178
1520530384.852858,1,270,244,78.83,28.22,0,1178
1520530384.902860,1,246,226,79.37,25.31,0,1178
1520530384.952861,1,264,246,79.40,138.70,1,1227
1520530385.002916,1,235,226,79.50,26.39,0,1227
1520530385.052864,1,210,197,80.30,22.94,0,1227
1520530385.102866,1,283,255,80.66,130.24,1,1311
1520530385.152867,1,297,272,80.86,29.35,0,1311
1520530385.202869,1,243,224,80.70,25.79,0,1311
1520530385.252705,1,300,266,74.32,137.38,1,1351
1520530385.302707,1,251,222,73.50,26.70,0,1351
1520530385.352709,1,249,213,72.92,24.35,0,1351
1520530385.402710,1,215,186,72.11,110.19,1,1324
1520530385.452712,1,204,181,70.72,20.98,0,1324
1520530385.502713,1,198,179,69.07,21.48,0,1324
1520530385.552715,1,212,189,68.17,92.33,1,1338
1520530385.602716,1,196,174,67.60,20.31,0,1338
1520530385.652486,1,183,160,58.36,18.92,0,1338
1520530385.702487,1,171,151,58.08,111.79,1,1363
1520530385.752490,1,183,157,57.97,18.79,0,1363
1520530385.802491,1,167,147,58.18,18.79,0,1363
1520530385.852493,1,153,135,58.03,99.00,1,1373
1520530385.902494,1,149,135,57.54,16.72,0,1373
1520530385.952496,1,210,183,57.31,19.37,0,1373
1520530386.002497,1,191,170,57.05,106.49,1,1391
1520530386.052544,1,164,144,58.21,19.11,0,1391
1520530386.102546,1,160,134,57.83,17.65,0,1391
1520530386.152547,1,160,131,57.57,105.33,1,1371
1520530386.202549,1,143,118,57.26,16.20,0,1371
1520530386.252550,1,138,118,57.11,15.63,0,1371
1520530386.302552,1,144,121,56.91,104.32,1,1366
1520530386.352553,1,147,126,57.06,16.89,0,1366
1520530386.402554,1,142,115,56.84,15.49,0,1366
1520530386.452758,1,134,112,64.30,101.84,1,1325
1520530386.502760,1,134,113,64.37,15.60,0,1325
1520530386.552761,1,132,111,64.46,14.02,0,1325
1520530386.602814,1,125,99,64.79,102.16,1,1310
1520530386.652764,1,123,100,65.05,14.88,0,1310
1520530386.702766,1,145,118,65.05,15.89,0,1310
1520530386.752767,1,138,116,65.41,103.86,1,1314
1520530386.802769,1,159,127,65.68,16.57,0,1314
1520530386.852674,1,152,121,62.33,17.08,0,1314
1520530386.902676,1,143,117,62.74,103.21,1,1328
1520530386.952678,1,141,113,63.10,15.21,0,1328
1520530387.002679,1,138,111,63.68,15.01,0,1328
1520530387.052681,1,139,110,63.76,105.08,1,1327
1520530387.102682,1,147,124,64.35,16.53,0,1327
1520530387.152684,1,148,122,64.90,16.54,0,1327
1520530387.202685,1,141,118,65.31,99.90,1,1279
1520530387.252606,1,146,117,62.97,16.73,0,1279
1520530387.302607,1,151,122,63.45,16.30,0,1279
1520530387.352609,1,129,104,63.76,100.36,1,1281
1520530387.402611,1,147,118,64.08,15.43,0,1281
1520530387.452612,1,148,123,64.50,16.41,0,1281
1520530387.502614,1,126,108,64.43,101.86,1,1251
1520530387.552615,1,112,96,64.71,14.77,0,1251
1520530387.602617,1,95,88,64.25,13.39,0,1251
1520530387.652619,1,93,84,63.64,87.05,1,1238
1520530387.702457,1,87,74,56.37,11.30,0,1238
1520530387.752459,1,92,71,55.24,13.02,0,1238
1520530387.802460,1,94,70,54.07,93.78,1,1197
1520530387.852464,1,87,72,53.80,12.98,0,1197
1520530387.902463,1,103,87,53.41,12.55,0,1197
1520530387.952464,1,84,69,52.88,94.63,1,1159
1520530388.002467,1,83,64,51.97,11.98,0,1159
1520530388.052467,1,79,57,50.84,10.90,0,1159
1520530388.102494,1,83,58,50.91,90.55,1,1132
1520530388.152496,1,86,57,50.74,10.52,0,1132
1520530388.202544,1,104,66,50.05,12.62,0,1132
1520530388.252499,1,142,92,49.53,95.67,1,1122
1520530388.302501,1,135,90,49.06,14.09,0,1122
1520530388.352502,1,135,88,48.75,13.00,0,1122
1520530388.402504,1,136,87,48.63,81.27,1,1137
1520530388.452505,1,143,92,48.15,13.93,0,1137
1520530388.502852,1,300,197,58.73,22.57,0,1137
1520530388.552854,1,300,193,58.66,81.58,1,1227
1520530388.602855,1,270,179,58.70,23.82,0,1227
1520530388.652857,1,254,165,59.00,21.68,0,1227
1520530388.702858,1,300,195,59.51,106.21,1,1272
1520530388.752860,1,257,175,59.85,23.66,0,1272
1520530388.802861,1,239,161,59.82,21.19,0,1272
1520530388.852863,1,222,134,60.01,104.37,1,1263
1520530388.902233,1,138,85,40.16,20.18,0,1263
1520530388.952235,1,135,76,39.96,13.41,0,1263
1520530389.002237,1,137,76,38.95,90.46,1,1129
1520530389.052238,1,174,94,38.20,15.65,0,1129
1520530389.102240,1,188,105,38.06,17.30,0,1129
1520530389.152242,1,174,101,37.47,61.59,1,1097
1520530389.202243,1,213,110,37.23,18.39,0,1097
1520530389.252245,1,209,106,37.11,18.72,0,1097
1520530389.302934,1,179,119,57.91,87.30,1,1009
1520530389.352936,1,171,113,57.83,17.65,0,1009
1520530389.402938,1,177,109,58.00,18.30,0,1009
1520530389.452939,1,139,96,58.15,81.48,1,931
1520530389.502940,1,131,89,57.83,15.58,0,931
1520530389.552942,1,129,81,57.18,14.04,0,931
1520530389.602943,1,173,92,56.67,81.15,1,931
1520530389.652948,1,147,86,56.41,16.95,0,931
1520530389.702847,1,147,75,53.76,14.44,0,931
1520530389.753403,1,146,72,68.80,72.18,1,896
1520530389.803445,1,152,70,68.52,14.49,0,896
1520530389.853406,1,148,78,68.87,14.68,0,896
1520530389.903408,1,149,97,69.73,87.48,1,917
1520530389.953409,1,138,100,70.60,15.26,0,917
1520530390.003411,1,218,139,71.88,19.17,0,917
1520530390.053412,1,300,205,72.79,89.77,1,1011
1520530390.103414,1,236,169,73.73,24.97,0,1011
1520530390.152569,1,209,160,47.59,25.15,0,1011
1520530390.202569,1,197,157,48.19,59.05,1,1013
1520530390.252571,1,243,169,48.42,23.07,0,1013
1520530390.302572,1,239,176,48.24,23.84,0,1013
1520530390.352574,1,215,162,47.98,83.89,1,1053
1520530390.402575,1,208,165,47.43,21.16,0,1053
1520530390.452578,1,213,177,46.84,21.52,0,1053
1520530390.502578,1,213,185,46.42,73.45,1,1112
1520530390.553324,1,282,216,70.54,26.67,0,1112
1520530390.603326,1,235,191,70.54,27.04,0,1112
1520530390.653327,1,287,231,70.81,102.26,1,1223
1520530390.703329,1,244,199,71.86,25.47,0,1223
1520530390.753331,1,231,190,72.36,22.10,0,1223
1520530390.803333,1,230,182,71.81,113.47,1,1263
1520530390.853334,1,235,184,70.91,22.67,0,1263
1520530390.903336,1,226,182,69.59,21.95,0,1263
1520530390.953379,1,251,195,70.20,79.54,1,1278
1520530391.003381,1,236,184,69.09,22.05,0,1278
1520530391.053383,1,242,187,68.71,21.45,0,1278
1520530391.103384,1,282,200,68.26,100.41,1,1308
1520530391.153385,1,300,214,68.15,25.41,0,1308
1520530391.203387,1,300,232,67.74,25.97,0,1308
1520530391.253388,1,300,226,67.60,105.02,1,1340
1520530391.303389,1,300,217,67.18,25.88,0,1340
1520530391.352333,1,278,199,37.43,29.79,0,1340
1520530391.402366,1,260,205,37.23,105.15,1,1383
1520530391.452336,1,239,194,37.67,24.04,0,1383
1520530391.502338,1,258,198,37.59,23.00,0,1383
1520530391.552339,1,229,185,37.85,86.81,1,1401
1520530391.602341,1,219,183,37.95,22.66,0,1401
1520530391.652342,1,215,178,37.70,21.01,0,1401
1520530391.702344,1,300,240,37.27,117.21,1,1462
1520530391.752424,1,300,240,39.12,27.15,0,1462
1520530391.802426,1,300,246,38.67,26.58,0,1462
1520530391.852427,1,300,247,38.37,123.80,1,1502
1520530391.902428,1,300,246,37.83,26.77,0,1502
1520530391.952430,1,300,250,37.76,26.96,0,1502
1520530392.002431,1,294,243,37.66,129.50,1,1521
1520530392.052433,1,275,230,37.66,26.43,0,1521
1520530392.102435,1,276,239,37.44,25.13,0,1521
1520530392.152436,1,267,227,37.12,130.52,1,1540
1520530392.203142,1,254,218,54.19,29.63,0,1540
1520530392.253143,1,248,205,53.49,23.95,0,1540
1520530392.303145,1,247,213,53.58,122.18,1,1624
1520530392.353147,1,255,214,54.00,25.32,0,1624
1520530392.403147,1,284,230,54.51,25.84,0,1624
1520530392.453150,1,289,236,55.08,128.87,1,1658
1520530392.503151,1,300,238,55.63,28.54,0,1658
1520530392.553153,1,300,239,56.18,27.77,0,1658
1520530392.602235,1,170,136,32.59,158.90,1,1689
1520530392.652236,1,300,212,32.28,24.76,0,1689
1520530392.702237,1,257,183,32.50,24.82,0,1689
1520530392.752239,1,215,174,32.19,122.00,1,1630
1520530392.802241,1,205,172,31.75,27.64,0,1630
1520530392.852242,1,225,186,31.61,23.92,0,1630
1520530392.902243,1,216,173,31.63,115.37,1,1674
1520530392.952245,1,213,174,31.75,23.01,0,1674
1520530393.002174,1,232,199,29.18,22.95,0,1674
1520530393.052154,1,218,190,28.44,132.52,1,1741
1520530393.102155,1,235,206,28.04,23.82,0,1741
1520530393.152157,1,231,208,27.80,23.71,0,1741
1520530393.202159,1,246,222,27.14,153.14,1,1801
1520530393.252160,1,230,205,26.60,23.81,0,1801
1520530393.302162,1,232,202,26.51,23.20,0,1801
1520530393.352164,1,226,197,26.27,131.14,1,1816
1520530393.402921,1,300,275,44.69,30.01,0,1816
1520530393.452923,1,300,270,44.48,28.76,0,1816
1520530393.502924,1,300,264,44.53,143.29,1,1894
1520530393.552926,1,300,269,44.53,28.72,0,1894
1520530393.602927,1,300,263,45.48,28.50,0,1894
1520530393.652929,1,300,254,46.61,144.35,1,1956
1520530393.702931,1,277,237,47.73,28.39,0,1956
1520530393.752932,1,263,220,47.68,26.30,0,1956
1520530393.802958,1,272,226,48.07,173.17,1,1992
1520530393.852959,1,265,221,47.59,26.00,0,1992
1520530393.902961,1,279,235,47.55,25.11,0,1992
1520530393.952963,1,300,249,47.22,102.40,1,2035
1520530394.002964,1,299,249,47.00,27.56,0,2035
1520530394.052965,1,300,254,46.84,26.88,0,2035
1520530394.102968,1,300,254,46.55,135.92,1,2031
1520530394.152969,1,293,261,46.16,27.81,0,2031
1520530394.202165,1,205,187,26.33,27.97,0,2031
1520530394.252167,1,225,201,26.13,125.80,1,1963
1520530394.302169,1,212,195,26.04,22.30,0,1963
1520530394.352170,1,233,211,26.13,22.19,0,1963
1520530394.402172,1,217,201,26.06,145.73,1,1929
1520530394.452173,1,216,204,26.06,22.73,0,1929
1520530394.502175,1,220,204,26.25,22.03,0,1929
1520530394.552176,1,221,199,26.61,136.28,1,1910
1520530394.602189,1,224,196,26.58,21.78,0,1910
1520530394.652877,1,244,208,47.71,24.42,0,1910
1520530394.702878,1,240,204,48.94,142.22,1,1890
1520530394.752879,1,284,233,50.01,25.05,0,1890
1520530394.802881,1,300,247,51.08,26.58,0,1890
1520530394.852882,1,300,255,51.82,147.14,1,1837
1520530394.902885,1,294,254,53.20,27.02,0,1837
1520530394.952885,1,297,243,53.78,27.03,0,1837
1520530395.002887,1,297,234,53.54,151.62,1,1843
1520530395.053731,1,300,232,80.74,27.66,0,1843
1520530395.103732,1,297,224,81.49,26.24,0,1843
1520530395.153734,1,300,218,82.19,171.56,1,1827
1520530395.203735,1,300,219,83.48,26.05,0,1827
1520530395.253737,1,300,206,84.74,24.44,0,1827
1520530395.303738,1,300,201,86.37,143.86,1,1820
1520530395.353740,1,300,196,87.49,25.41,0,1820
1520530395.403742,1,281,193,88.31,24.53,0,1820
1520530395.452705,1,263,183,52.65,174.13,1,1818
1520530395.502707,1,265,194,52.90,23.55,0,1818
1520530395.552709,1,262,202,52.90,23.93,0,1818
1520530395.602710,1,287,224,52.59,139.52,1,1805
1520530395.652712,1,300,232,52.41,26.77,0,1805
1520530395.702713,1,300,244,52.19,27.77,0,1805
1520530395.752715,1,296,240,51.60,142.25,1,1821
1520530395.802716,1,300,242,51.37,26.67,0,1821
1520530395.853078,1,300,239,63.89,26.72,0,1821
1520530395.903079,1,300,241,63.66,142.28,1,1740
1520530395.953081,1,300,239,63.01,26.61,0,1740
1520530396.003083,1,300,246,62.48,26.82,0,1740
1520530396.053084,1,300,255,61.73,103.60,1,1726
1520530396.103085,1,300,264,60.83,27.46,0,1726
1520530396.153087,1,300,259,60.04,26.86,0,1726
1520530396.203089,1,295,249,59.90,160.48,1,1732
1520530396.253235,1,284,247,64.77,26.29,0,1732
1520530396.303237,1,300,252,64.75,26.79,0,1732
1520530396.353238,1,300,251,64.52,168.53,1,1763
1520530396.403240,1,265,232,64.39,26.22,0,1763
1520530396.453241,1,268,221,64.34,24.31,0,1763
1520530396.503243,1,267,212,63.87,156.51,1,1718
1520530396.553244,1,243,180,63.38,23.16,0,1718
1520530396.603246,1,225,157,62.81,20.32,0,1718
1520530396.653248,1,216,149,62.15,145.64,1,1643
1520530396.703145,1,224,150,58.37,20.89,0,1643
1520530396.753147,1,217,132,57.99,19.66,0,1643
1520530396.803148,1,264,156,57.61,164.50,1,1639
1520530396.853149,1,240,149,57.36,21.59,0,1639
1520530396.903152,1,227,140,57.01,19.64,0,1639
1520530396.953152,1,217,130,57.37,155.20,1,1575
1520530397.003155,1,201,108,57.90,18.84,0,1575
1520530397.053156,1,190,106,58.47,17.61,0,1575
1520530397.102782,1,170,93,47.85,158.70,1,1517
1520530397.152784,1,165,89,47.56,15.54,0,1517
1520530397.202785,1,157,91,47.56,15.00,0,1517
1520530397.252787,1,164,97,47.33,133.14,1,1464
1520530397.302788,1,237,146,47.24,18.40,0,1464
1520530397.352790,1,246,164,47.14,22.55,0,1464
1520530397.402791,1,300,205,47.30,145.82,1,1463
1520530397.452793,1,300,206,47.57,26.76,0,1463
1520530397.502304,1,192,149,33.13,23.94,0,1463
1520530397.552306,1,188,152,32.95,123.87,1,1451
1520530397.602308,1,181,152,33.02,20.80,0,1451
1520530397.652309,1,180,149,32.95,18.17,0,1451
1520530397.702310,1,192,158,33.33,120.56,1,1390
1520530397.752312,1,197,154,33.19,19.44,0,1390
1520530397.802315,1,195,152,33.70,20.37,0,1390
1520530397.852315,1,204,155,33.59,86.84,1,1361
1520530397.902585,1,196,143,41.89,21.15,0,1361
1520530397.952586,1,210,150,41.32,19.95,0,1361
1520530398.002588,1,212,138,41.15,136.88,1,1331
1520530398.052589,1,271,187,41.46,23.58,0,1331
1520530398.102591,1,266,191,41.72,25.32,0,1331
1520530398.152592,1,273,203,42.12,130.67,1,1371
1520530398.202594,1,281,216,42.31,24.62,0,1371
1520530398.252596,1,300,244,42.66,26.65,0,1371
1520530398.303365,1,300,251,71.02,139.40,1,1417
1520530398.353367,1,251,209,71.97,27.09,0,1417
1520530398.403368,1,282,239,73.25,26.35,0,1417
1520530398.453370,1,221,192,74.85,124.48,1,1399
1520530398.503371,1,213,191,75.79,21.21,0,1399
1520530398.553373,1,220,197,76.48,22.27,0,1399
1520530398.603375,1,226,201,77.15,169.05,1,1433
1520530398.653376,1,224,192,77.25,22.39,0,1433
1520530398.703221,1,200,173,70.95,21.37,0,1433
1520530398.753223,1,199,164,70.07,109.96,1,1416
1520530398.803225,1,219,173,68.88,21.02,0,1416
1520530398.853226,1,205,163,68.08,20.49,0,1416
1520530398.903227,1,199,157,66.83,121.73,1,1395
1520530398.953229,1,191,143,65.58,18.79,0,1395
1520530399.003230,1,193,149,64.21,18.50,0,1395
1520530399.053232,1,250,180,63.47,120.11,1,1403
1520530399.103233,1,219,174,62.73,22.54,0,1403
1520530399.152330,1,151,129,33.01,23.18,0,1403
1520530399.202332,1,158,141,32.60,79.16,1,1414
1520530399.252333,1,153,139,31.63,17.46,0,1414
1520530399.302335,1,152,136,31.27,15.75,0,1414
1520530399.352336,1,146,126,30.90,116.48,1,1380
1520530399.402342,1,135,115,30.08,15.01,0,1380
1520530399.452339,1,142,115,29.61,14.20,0,1380
1520530399.502341,1,142,113,29.19,118.31,1,1377
1520530399.553006,1,141,116,49.52,19.62,0,1377
1520530399.603008,1,139,110,49.54,15.29,0,1377
1520530399.653009,1,187,135,50.17,86.69,1,1400
1520530399.703011,1,193,136,50.64,19.06,0,1400
1520530399.753012,1,181,110,51.15,17.84,0,1400
1520530399.803014,1,179,99,51.70,110.35,1,1352
1520530399.853016,1,162,90,52.50,16.79,0,1352
1520530399.903017,1,147,97,53.46,15.64,0,1352
1520530399.953275,1,153,97,61.78,107.97,1,1344
1520530400.003276,1,160,104,61.78,16.36,0,1344
1520530400.053278,1,138,94,61.53,16.30,0,1344
1520530400.103279,1,139,93,61.12,81.78,1,1344
1520530400.153281,1,251,175,60.49,20.46,0,1344
1520530400.203283,1,210,149,59.90,22.66,0,1344
1520530400.253284,1,199,148,59.51,98.08,1,1376
1520530400.303286,1,223,162,58.57,22.04,0,1376
1520530400.352494,1,124,97,35.62,25.45,0,1376
1520530400.402496,1,140,105,35.35,63.04,1,1361
1520530400.452498,1,132,100,34.97,13.97,0,1361
1520530400.502500,1,203,154,34.63,18.02,0,1361
1520530400.552501,1,156,130,34.00,100.15,1,1331
1520530400.602502,1,158,137,33.74,17.04,0,1331
1520530400.652504,1,184,159,32.82,18.91,0,1331
1520530400.702505,1,202,176,32.44,100.83,1,1359
1520530400.752291,1,154,146,26.26,20.83,0,1359
1520530400.802292,1,160,148,25.86,17.02,0,1359
1520530400.852294,1,165,155,25.26,99.69,1,1382
1520530400.902295,1,300,251,24.98,25.72,0,1382
1520530400.952297,1,245,216,25.23,26.84,0,1382
1520530401.002299,1,258,229,25.51,112.22,1,1435
1520530401.052300,1,220,190,26.16,23.94,0,1435
1520530401.102302,1,205,175,25.84,21.73,0,1435
1520530401.152303,1,262,207,26.13,110.41,1,1477
1520530401.202755,1,231,195,39.36,26.32,0,1477
1520530401.252756,1,231,185,39.98,22.84,0,1477
1520530401.302758,1,204,170,40.49,111.68,1,1529
1520530401.352759,1,196,166,41.90,21.68,0,1529
1520530401.402761,1,202,158,42.70,19.53,0,1529
1520530401.452763,1,184,151,43.53,115.35,1,1555
1520530401.502764,1,176,135,44.17,18.89,0,1555
1520530401.552766,1,172,131,45.04,17.47,0,1555
1520530401.603037,1,156,117,54.45,103.32,1,1508
1520530401.653039,1,170,125,55.48,17.65,0,1508
1520530401.703041,1,164,127,56.33,16.59,0,1508
1520530401.753042,1,156,134,57.33,90.59,1,1525
1520530401.803044,1,153,132,58.10,16.52,0,1525
1520530401.853045,1,159,135,59.17,17.28,0,1525
1520530401.903047,1,147,126,60.79,90.30,1,1509
1520530401.953048,1,147,130,61.76,17.28,0,1509
1520530402.002281,1,115,104,33.15,18.23,0,1509
1520530402.052283,1,119,107,33.20,73.45,1,1493
1520530402.102285,1,125,105,32.99,14.42,0,1493
1520530402.152286,1,128,108,32.52,14.41,0,1493
1520530402.202287,1,124,105,31.82,100.35,1,1458
1520530402.252289,1,118,100,31.57,13.97,0,1458
1520530402.302290,1,120,103,30.92,14.00,0,1458
1520530402.352292,1,104,84,30.59,72.67,1,1363
1520530402.402567,1,107,82,40.62,14.62,0,1363
1520530402.452569,1,113,78,40.16,12.42,0,1363
1520530402.502570,1,107,73,39.56,82.50,1,1331
1520530402.552572,1,185,136,39.57,17.88,0,1331
1520530402.602574,1,130,102,39.33,18.82,0,1331
1520530402.652672,1,131,108,39.72,90.47,1,1337
1520530402.702577,1,125,106,39.44,14.57,0,1337
1520530402.752578,1,116,96,39.59,14.23,0,1337
1520530402.803416,1,119,97,70.88,59.19,1,1320
1520530402.853417,1,116,92,70.43,14.50,0,1320
1520530402.903419,1,109,86,69.49,14.11,0,1320
1520530402.953420,1,103,75,68.51,86.72,1,1314
1520530403.003422,1,100,79,67.88,15.24,0,1314
1520530403.053424,1,181,107,67.07,16.22,0,1314
1520530403.103425,1,114,86,66.06,90.92,1,1292
1520530403.153427,1,114,86,64.92,13.27,0,1292
1520530403.202933,1,81,63,49.61,14.21,0,1292
1520530403.252935,1,106,67,49.89,77.67,1,1239
1520530403.302936,1,79,65,50.53,14.69,0,1239
1520530403.352938,1,73,62,50.98,10.49,0,1239
1520530403.402940,1,77,64,51.54,49.61,1,1190
1520530403.452941,1,89,69,52.37,11.34,0,1190
1520530403.502943,1,102,73,52.91,12.30,0,1190
1520530403.552945,1,114,80,53.99,63.71,1,1197
1520530403.602946,1,115,76,54.68,14.24,0,1197
1520530403.652254,1,92,58,29.90,16.77,0,1197
1520530403.702256,1,87,64,29.61,49.59,1,1199
1520530403.752257,1,85,72,28.94,11.81,0,1199
1520530403.802258,1,110,89,28.55,12.00,0,1199
1520530403.852261,1,102,86,28.37,64.38,1,1155
1520530403.902261,1,216,168,27.80,19.01,0,1155
1520530403.952263,1,233,182,27.54,24.68,0,1155
1520530404.002264,1,167,139,27.58,61.21,1,1202
1520530404.052744,1,120,109,46.90,18.85,0,1202
1520530404.102747,1,127,117,46.60,15.03,0,1202
1520530404.152748,1,138,114,46.31,76.73,1,1216
1520530404.202749,1,202,169,45.61,19.16,0,1216
1520530404.252828,1,214,185,45.66,21.40,0,1216
1520530404.302752,1,190,176,45.77,78.46,1,1257
1520530404.352753,1,168,146,46.75,19.24,0,1257
1520530404.402755,1,154,131,47.77,17.34,0,1257
1520530404.453112,1,155,141,62.99,58.27,1,1220
1520530404.503114,1,164,149,63.63,17.26,0,1220
1520530404.553115,1,300,265,64.16,25.20,0,1220
1520530404.603117,1,288,261,64.54,83.02,1,1310
1520530404.653119,1,278,256,64.90,27.52,0,1310
1520530404.703120,1,247,232,65.25,25.43,0,1310
1520530404.753122,1,234,218,65.48,96.27,1,1286
1520530404.803123,1,227,211,65.32,22.92,0,1286
1520530404.852642,1,155,145,46.11,21.62,0,1286
1520530404.902643,1,156,145,45.80,65.89,1,1247
1520530404.952645,1,159,146,46.01,17.30,0,1247
1520530405.002647,1,153,137,45.95,16.99,0,1247
1520530405.052648,1,143,137,46.01,82.31,1,1219
1520530405.102650,1,135,121,46.27,15.83,0,1219
1520530405.152651,1,118,107,46.24,13.99,0,1219
1520530405.202653,1,110,102,46.25,79.31,1,1120
1520530405.252327,1,93,84,32.33,14.97,0,1120
1520530405.302330,1,88,78,31.76,11.31,0,1120
1520530405.352331,1,80,68,31.92,75.79,1,1063
1520530405.402333,1,77,65,31.56,11.29,0,1063
1520530405.452334,1,71,55,31.37,9.39,0,1063
1520530405.502335,1,105,71,31.21,78.58,1,1029
1520530405.552337,1,85,60,30.26,13.49,0,1029
1520530405.602339,1,72,54,29.35,10.09,0,1029
1520530405.652792,1,72,60,47.38,48.90,1,1019
1520530405.702792,1,64,52,46.03,12.77,0,1019
1520530405.752795,1,98,74,44.68,12.17,0,1019
1520530405.802797,1,80,65,43.97,61.35,1,1001
1520530405.852855,1,108,86,43.11,13.93,0,1001
1520530405.902800,1,116,94,42.44,15.29,0,1001
1520530405.952801,1,111,92,42.15,59.44,1,1014
1520530406.002802,1,114,93,41.92,13.59,0,1014
1520530406.052804,1,106,90,42.07,13.90,0,1014
1520530406.103570,1,102,89,69.98,69.31,1,1016
1520530406.153571,1,122,105,70.34,14.97,0,1016
1520530406.203573,1,115,101,70.88,14.98,0,1016
1520530406.253574,1,89,79,71.82,52.18,1,1013
1520530406.303576,1,90,83,73.07,11.92,0,1013
1520530406.353577,1,78,73,73.94,11.51,0,1013
1520530406.403578,1,80,77,74.33,72.21,1,1008
1520530406.453581,1,93,80,74.62,11.93,0,1008
1520530406.503485,1,100,81,71.86,12.19,0,1008
1520530406.553487,1,96,79,72.93,61.46,1,1004
1520530406.603489,1,121,89,74.02,13.43,0,1004
1520530406.653490,1,114,86,75.76,13.82,0,1004
1520530406.703492,1,95,83,77.03,75.33,1,979
1520530406.753493,1,84,78,78.28,13.18,0,979
1520530406.803495,1,122,101,79.49,13.17,0,979
1520530406.853497,1,90,85,80.28,86.06,1,949
1520530406.902692,1,71,66,46.22,12.64,0,949
1520530406.952693,1,73,49,46.11,9.91,0,949
1520530407.002694,1,66,53,46.17,53.43,1,921
1520530407.052696,1,55,38,46.08,11.59,0,921
1520530407.102698,1,97,56,45.93,11.41,0,921
1520530407.152699,1,79,54,45.40,68.87,1,934
1520530407.202701,1,78,62,45.13,10.67,0,934
1520530407.252702,1,88,71,43.94,11.29,0,934
1520530407.303185,1,91,76,63.22,47.96,1,967
1520530407.353185,1,92,76,61.73,14.10,0,967
1520530407.403187,1,103,81,60.51,11.85,0,967
1520530407.453221,1,108,87,60.01,86.87,1,992
1520530407.503190,1,107,92,59.03,13.61,0,992
1520530407.553191,1,145,113,58.11,14.49,0,992
1520530407.603193,1,133,115,56.79,89.26,1,1023
1520530407.653194,1,145,122,56.06,15.63,0,1023
1520530407.703510,1,157,128,66.35,16.07,0,1023
1520530407.753511,1,174,139,66.05,82.03,1,1034
1520530407.803513,1,185,139,65.42,18.25,0,1034
1520530407.853514,1,192,126,65.14,18.12,0,1034
1520530407.903516,1,200,139,65.23,73.96,1,1054
1520530407.953518,1,201,145,65.25,20.35,0,1054
1520530408.003519,1,194,151,64.46,18.90,0,1054
1520530408.053521,1,281,211,63.25,81.43,1,1135
1520530408.103522,1,268,209,62.13,25.13,0,1135
1520530408.153603,1,246,193,63.76,24.35,0,1135
1520530408.203605,1,270,210,62.93,89.66,1,1126
1520530408.253606,1,252,202,62.14,24.16,0,1126
1520530408.303608,1,254,217,61.36,24.10,0,1126
1520530408.353609,1,295,249,60.29,86.96,1,1174
1520530408.403612,1,297,252,59.27,26.96,0,1174
1520530408.453613,1,286,248,58.48,27.93,0,1174
1520530408.503614,1,300,270,57.50,90.28,1,1186
1520530408.553374,1,300,273,50.23,28.70,0,1186
1520530408.603376,1,300,269,49.60,27.93,0,1186
1520530408.653377,1,300,269,49.13,95.27,1,1221
1520530408.703379,1,294,263,48.85,27.27,0,1221
1520530408.753380,1,300,262,48.54,27.42,0,1221
1520530408.803382,1,300,267,48.58,91.45,1,1129
1520530408.853383,1,300,257,48.20,28.34,0,1129
1520530408.903385,1,300,263,47.78,27.06,0,1129
1520530408.952878,1,289,243,34.63,73.91,1,1199
1520530409.002880,1,300,238,34.55,27.02,0,1199
1520530409.052890,1,265,217,34.54,25.83,0,1199
1520530409.102883,1,271,206,34.58,70.37,1,1214
1520530409.152884,1,256,194,34.98,24.87,0,1214
1520530409.202886,1,235,177,35.72,23.47,0,1214
1520530409.252887,1,300,204,35.96,83.55,1,1271
1520530409.302889,1,257,191,36.99,26.87,0,1271
1520530409.352902,1,232,182,38.11,23.20,0,1271
1520530409.402904,1,196,161,38.50,90.59,1,1297
1520530409.452906,1,191,156,38.54,19.76,0,1297
1520530409.502907,1,277,205,39.21,23.58,0,1297
1520530409.552909,1,209,176,39.92,109.77,1,1350
1520530409.602910,1,201,168,40.77,21.39,0,1350
1520530409.652912,1,200,166,41.61,20.05,0,1350
1520530409.702913,1,195,153,42.30,105.14,1,1342
1520530409.752654,1,179,138,33.91,21.04,0,1342
1520530409.802656,1,177,131,34.61,17.84,0,1342
1520530409.852657,1,181,132,34.80,77.59,1,1335
1520530409.902659,1,176,133,34.65,18.69,0,1335
1520530409.952660,1,173,125,33.50,17.44,0,1335
1520530410.002662,1,175,136,33.05,79.05,1,1344
1520530410.052664,1,180,146,33.05,18.94,0,1344
1520530410.102666,1,161,134,33.19,17.40,0,1344
1520530410.153222,1,198,166,53.32,71.52,1,1359
1520530410.203225,1,182,153,53.52,19.27,0,1359
1520530410.253226,1,172,154,53.58,17.93,0,1359
1520530410.303227,1,169,150,53.42,104.93,1,1357
1520530410.353231,1,159,144,53.14,18.15,0,1357
1520530410.403230,1,218,187,53.16,20.76,0,1357
1520530410.453231,1,211,180,53.45,76.33,1,1389
1520530410.503232,1,262,219,53.85,25.04,0,1389
1520530410.553234,1,219,197,54.57,24.98,0,1389
1520530410.603875,1,300,239,78.95,119.24,1,1465
1520530410.653876,1,242,212,80.37,26.33,0,1465
1520530410.703878,1,246,213,81.45,23.55,0,1465
1520530410.753879,1,233,209,82.02,81.18,1,1469
1520530410.803881,1,240,206,82.48,22.80,0,1469
1520530410.853882,1,254,223,83.02,23.97,0,1469
1520530410.903884,1,245,212,83.67,94.70,1,1467
1520530410.953885,1,237,204,83.94,23.49,0,1467
1520530411.003418,1,194,171,66.50,21.24,0,1467
1520530411.053420,1,188,168,66.48,78.38,1,1455
1520530411.103421,1,182,161,66.31,18.96,0,1455
1520530411.153423,1,186,163,65.94,18.42,0,1455
1520530411.203424,1,201,167,65.49,113.13,1,1460
1520530411.253426,1,300,223,64.76,24.59,0,1460
1520530411.303427,1,260,210,63.53,24.57,0,1460
1520530411.353429,1,300,233,62.57,125.65,1,1501
1520530411.403009,1,240,194,46.29,25.49,0,1501
1520530411.453010,1,226,194,45.67,21.61,0,1501
1520530411.503012,1,232,198,45.37,155.71,1,1481
1520530411.553013,1,217,192,45.05,21.40,0,1481
1520530411.603015,1,212,192,45.08,20.61,0,1481
1520530411.653017,1,212,185,44.91,155.88,1,1453
1520530411.703018,1,223,192,44.54,22.29,0,1453
1520530411.753020,1,238,199,43.90,21.75,0,1453
1520530411.802906,1,227,177,39.83,92.12,1,1444
1520530411.852907,1,226,163,39.80,21.01,0,1444
1520530411.902908,1,246,172,39.57,21.76,0,1444
1520530411.952911,1,226,158,39.18,116.30,1,1434
1520530412.002912,1,211,158,38.45,20.52,0,1434
1520530412.052913,1,189,140,38.19,18.93,0,1434
1520530412.102915,1,175,132,38.50,112.71,1,1408
1520530412.152916,1,167,128,38.32,17.92,0,1408
1520530412.203416,1,218,167,55.44,21.94,0,1408
1520530412.253417,1,188,154,55.34,127.94,1,1378
1520530412.303419,1,187,147,54.78,19.13,0,1378
1520530412.353420,1,184,155,53.88,19.76,0,1378
1520530412.403422,1,177,152,53.09,111.51,1,1346
1520530412.453423,1,172,149,51.65,18.03,0,1346
1520530412.503425,1,184,159,50.30,18.41,0,1346
1520530412.553426,1,190,151,49.50,130.23,1,1307
1520530412.603428,1,179,153,48.92,20.55,0,1307
1520530412.653630,1,243,188,54.18,21.53,0,1307
1520530412.703631,1,216,184,53.92,108.90,1,1286
1520530412.753633,1,300,223,53.76,25.78,0,1286
1520530412.803634,1,300,229,53.62,29.54,0,1286
1520530412.853636,1,288,230,53.66,132.46,1,1317
1520530412.903637,1,300,239,53.51,30.83,0,1317
1520530412.953639,1,300,228,53.49,28.46,0,1317
1520530413.003641,1,278,211,53.63,106.27,1,1349
1520530413.053009,1,248,175,37.01,30.00,0,1349
1520530413.103011,1,300,208,37.64,26.75,0,1349
1520530413.153012,1,232,178,38.52,133.30,1,1357
1520530413.203014,1,200,154,39.36,23.42,0,1357
1520530413.253016,1,202,156,40.64,21.69,0,1357
1520530413.303017,1,198,152,41.65,123.70,1,1368
1520530413.353019,1,175,132,42.50,21.44,0,1368
1520530413.403021,1,176,144,43.14,19.42,0,1368
1520530413.452940,1,173,136,40.42,124.87,1,1328
1520530413.502941,1,171,133,41.07,17.37,0,1328
1520530413.552943,1,170,130,41.19,18.72,0,1328
1520530413.602944,1,188,139,41.09,113.32,1,1322
1520530413.652946,1,182,137,40.34,21.25,0,1322
1520530413.702947,1,174,130,39.12,18.47,0,1322
1520530413.752949,1,171,133,38.84,107.30,1,1283
1520530413.802951,1,167,133,39.32,17.10,0,1283
1520530413.853107,1,173,141,45.47,18.42,0,1283
1520530413.903189,1,260,197,46.03,112.71,1,1335
1520530413.953110,1,214,166,46.55,22.66,0,1335
1520530414.003112,1,227,180,46.70,20.66,0,1335
1520530414.053113,1,218,178,46.29,76.41,1,1328
1520530414.103115,1,208,170,46.25,20.84,0,1328
1520530414.153116,1,211,172,45.93,19.50,0,1328
1520530414.203118,1,203,170,45.45,132.52,1,1328
1520530414.252894,1,188,158,37.66,20.55,0,1328
1520530414.302895,1,191,158,37.25,18.53,0,1328
1520530414.352898,1,198,161,36.89,96.37,1,1295
1520530414.402899,1,203,162,36.56,19.04,0,1295
1520530414.452900,1,204,163,36.29,19.22,0,1295
1520530414.502902,1,204,164,35.49,75.02,1,1291
1520530414.552903,1,205,171,35.21,19.45,0,1291
1520530414.602905,1,208,173,34.94,19.26,0,1291
1520530414.652705,1,197,163,28.01,75.49,1,1235
1520530414.702707,1,203,165,28.05,19.16,0,1235
1520530414.752708,1,204,167,28.00,18.90,0,1235
1520530414.802710,1,198,161,28.41,93.83,1,1169
1520530414.852712,1,178,158,28.75,18.77,0,1169
1520530414.902714,1,187,163,28.81,18.53,0,1169
1520530414.952715,1,176,154,28.95,72.78,1,1173
1520530415.002717,1,169,144,28.77,18.42,0,1173
1520530415.052718,1,164,130,28.72,16.53,0,1173
1520530415.103195,1,171,136,43.61,102.49,1,1198
1520530415.153197,1,173,136,43.49,17.38,0,1198
1520530415.203199,1,174,134,43.77,18.22,0,1198
1520530415.253200,1,227,166,43.64,110.30,1,1250
1520530415.303202,1,218,160,43.61,21.09,0,1250
1520530415.353203,1,300,210,43.87,24.52,0,1250
1520530415.403205,1,261,188,43.54,115.79,1,1286
1520530415.453206,1,261,186,43.46,22.94,0,1286
1520530415.503115,1,234,165,38.83,23.03,0,1286
1520530415.553069,1,233,165,38.55,111.37,1,1236
1520530415.603071,1,300,198,38.67,24.22,0,1236
1520530415.653072,1,288,187,38.31,25.07,0,1236
1520530415.703074,1,268,171,38.30,131.12,1,1252
1520530415.753075,1,265,167,38.05,22.31,0,1252
1520530415.803077,1,261,161,37.51,21.63,0,1252
1520530415.853079,1,249,152,37.50,135.21,1,1262
1520530415.903361,1,206,124,45.72,20.68,0,1262
1520530415.953363,1,216,130,45.56,19.58,0,1262
1520530416.003364,1,208,124,45.51,103.96,1,1248
1520530416.053366,1,221,126,45.56,18.36,0,1248
1520530416.103368,1,228,124,45.69,18.68,0,1248
1520530416.153369,1,226,119,46.10,112.41,1,1211
1520530416.203371,1,226,116,46.47,18.48,0,1211
1520530416.253372,1,226,117,46.54,17.66,0,1211
1520530416.303375,1,225,116,46.81,116.08,1,1203
1520530416.353376,1,226,114,46.77,18.15,0,1203
1520530416.403378,1,220,112,46.91,17.89,0,1203
1520530416.453380,1,214,112,47.45,113.61,1,1138
1520530416.503381,1,216,115,47.68,18.44,0,1138
1520530416.553383,1,214,121,47.81,18.71,0,1138
1520530416.603384,1,206,128,47.82,115.04,1,1107
1520530416.653386,1,203,137,48.04,18.81,0,1107
1520530416.703272,1,207,148,44.72,18.27,0,1107
1520530416.753274,1,205,150,44.81,119.46,1,1092
1520530416.803277,1,300,222,44.81,24.19,0,1092
1520530416.853277,1,236,193,44.95,24.99,0,1092
1520530416.903278,1,262,211,44.81,190.73,1,1105
1520530416.953280,1,259,210,44.87,25.35,0,1105
1520530417.003283,1,257,211,44.76,23.57,0,1105
1520530417.053283,1,296,236,45.32,117.13,1,1098
1520530417.103391,1,265,210,48.24,25.76,0,1098
1520530417.153371,1,300,234,48.46,25.91,0,1098
1520530417.203373,1,299,224,48.89,134.12,1,1086
1520530417.253374,1,300,216,49.49,25.86,0,1086
1520530417.303376,1,300,219,49.43,25.28,0,1086
1520530417.353378,1,300,225,49.61,130.80,1,1027
1520530417.403379,1,300,226,49.63,25.31,0,1027
1520530417.453381,1,300,225,49.50,23.01,0,1027
1520530417.503382,1,300,224,49.48,144.97,1,994
1520530417.553464,1,299,216,52.30,25.55,0,994
1520530417.603466,1,300,218,52.14,25.61,0,994
1520530417.653467,1,285,213,51.84,126.85,1,982
1520530417.703468,1,276,212,51.66,24.53,0,982
1520530417.753470,1,263,210,51.48,23.86,0,982
1520530417.803472,1,260,212,51.38,122.70,1,962
1520530417.853473,1,257,212,51.44,23.22,0,962
1520530417.903476,1,251,204,51.02,22.86,0,962
1520530417.953456,1,243,202,49.99,91.67,1,962
1520530418.003458,1,244,209,50.16,23.66,0,962
1520530418.053458,1,257,219,50.06,23.99,0,962
1520530418.103461,1,255,212,49.69,91.95,1,908
1520530418.153462,1,267,222,49.84,25.35,0,908
1520530418.203465,1,251,213,49.83,25.66,0,908
1520530418.253466,1,292,232,49.88,94.75,1,960
1520530418.303468,1,300,242,49.59,26.94,0,960
1520530418.353431,1,300,235,48.70,26.19,0,960
1520530418.403432,1,287,231,48.62,91.41,1,984
1520530418.453434,1,292,230,48.68,25.11,0,984
1520530418.503435,1,283,226,48.51,24.77,0,984
1520530418.553437,1,268,217,48.54,89.76,1,973
1520530418.603439,1,300,228,48.22,25.85,0,973
1520530418.653440,1,273,217,48.22,26.36,0,973
1520530418.703442,1,265,206,48.16,91.22,1,987
1520530418.753343,1,242,188,44.98,23.18,0,987
1520530418.803345,1,257,197,44.95,23.04,0,987
1520530418.853346,1,249,206,44.94,91.72,1,1003
1520530418.903348,1,236,211,44.78,22.92,0,1003
1520530418.953350,1,223,200,44.98,21.68,0,1003
1520530419.003351,1,208,186,44.84,122.82,1,1015
1520530419.053353,1,220,192,45.03,21.03,0,1015
1520530419.103354,1,215,195,45.47,21.41,0,1015
1520530419.153533,1,300,250,51.51,101.32,1,1100
1520530419.203534,1,263,228,51.93,25.86,0,1100
1520530419.253536,1,269,223,52.09,23.98,0,1100
1520530419.303537,1,255,217,52.13,92.83,1,1097
1520530419.353539,1,297,239,52.33,25.89,0,1097
1520530419.403541,1,285,229,51.90,25.15,0,1097
1520530419.453542,1,286,233,51.84,90.37,1,1095
1520530419.503544,1,300,242,51.64,26.87,0,1095
1520530419.553545,1,300,240,51.87,25.81,0,1095
1520530419.603729,1,300,238,57.59,85.64,1,1076
1520530419.653731,1,292,233,57.50,26.07,0,1076
1520530419.703733,1,290,234,57.26,25.60,0,1076
1520530419.753734,1,280,234,57.43,86.61,1,1066
1520530419.803736,1,287,241,57.72,25.65,0,1066
1520530419.853739,1,277,236,57.19,25.09,0,1066
1520530419.903739,1,270,236,56.88,87.59,1,1047
1520530419.953740,1,284,249,56.43,25.70,0,1047
1520530420.003597,1,249,212,51.40,24.11,0,1047
1520530420.053598,1,234,208,50.72,123.89,1,1065
1520530420.103600,1,229,202,49.99,22.73,0,1065
1520530420.153602,1,227,195,49.37,21.74,0,1065
1520530420.203604,1,211,185,49.35,87.54,1,1085
1520530420.253605,1,213,184,49.68,21.76,0,1085
1520530420.303607,1,204,178,50.05,21.98,0,1085
1520530420.353608,1,201,175,50.39,111.74,1,1108
1520530420.403699,1,185,165,53.14,19.79,0,1108
1520530420.453700,1,183,163,53.39,18.28,0,1108
1520530420.503702,1,197,169,53.42,100.81,1,1140
1520530420.553704,1,193,164,53.24,19.07,0,1140
1520530420.603705,1,216,180,53.54,19.39,0,1140
1520530420.653707,1,253,202,53.54,125.52,1,1184
1520530420.703708,1,260,211,53.57,22.82,0,1184
1520530420.753710,1,251,207,53.58,22.46,0,1184
1520530420.803356,1,211,171,42.59,111.28,1,1204
1520530420.853358,1,203,169,42.69,20.35,0,1204
1520530420.903359,1,203,172,42.20,19.63,0,1204
1520530420.953361,1,180,158,41.93,127.38,1,1193
1520530421.003363,1,178,161,41.59,18.40,0,1193
1520530421.053364,1,190,170,41.03,18.54,0,1193
1520530421.103366,1,195,172,40.42,86.91,1,1152
1520530421.153367,1,179,166,40.01,20.08,0,1152
1520530421.203429,1,176,164,41.30,18.21,0,1152
1520530421.253431,1,179,164,41.11,119.26,1,1108
1520530421.303432,1,192,176,41.11,19.33,0,1108
1520530421.353434,1,198,174,40.97,19.62,0,1108
1520530421.403435,1,265,223,41.60,88.98,1,1136
1520530421.453437,1,239,199,41.97,24.12,0,1136
1520530421.503439,1,229,194,42.53,22.30,0,1136
1520530421.553440,1,230,194,43.36,136.27,1,1168
1520530421.603611,1,227,195,48.79,22.63,0,1168
1520530421.653613,1,227,193,49.15,22.29,0,1168
1520530421.703614,1,244,202,49.45,91.62,1,1206
1520530421.753616,1,250,201,49.34,23.90,0,1206
1520530421.803617,1,249,207,49.13,22.79,0,1206
1520530421.853618,1,253,208,48.96,169.08,1,1217
1520530421.903620,1,261,215,48.80,23.10,0,1217
1520530421.953693,1,254,210,48.50,23.32,0,1217
1520530422.003623,1,261,213,47.97,171.95,1,1223
1520530422.053472,1,243,207,43.30,24.59,0,1223
1520530422.103474,1,238,205,42.82,23.36,0,1223
1520530422.153476,1,300,245,42.38,134.80,1,1277
1520530422.203477,1,268,217,42.12,26.46,0,1277
1520530422.253479,1,256,217,41.43,23.98,0,1277
1520530422.303480,1,253,212,41.04,98.32,1,1289
1520530422.353482,1,240,203,40.54,24.33,0,1289
1520530422.403483,1,284,240,39.56,25.53,0,1289
1520530422.453394,1,238,207,36.66,126.76,1,1268
1520530422.503396,1,232,209,35.82,23.15,0,1268
1520530422.553397,1,235,208,35.88,23.59,0,1268
1520530422.603400,1,231,215,36.14,85.69,1,1299
1520530422.653401,1,221,209,36.88,23.25,0,1299
1520530422.703403,1,220,208,37.32,21.82,0,1299
1520530422.753404,1,248,228,38.07,126.37,1,1335
1520530422.803406,1,260,230,38.62,24.43,0,1335
1520530422.853580,1,234,204,44.01,22.66,0,1335
1520530422.903583,1,234,206,44.16,120.70,1,1346
1520530422.953585,1,300,245,44.36,26.40,0,1346
1520530423.003587,1,292,243,43.82,26.75,0,1346
1520530423.053587,1,265,234,43.61,91.30,1,1368
1520530423.103590,1,300,251,43.27,26.16,0,1368
1520530423.153590,1,261,233,42.97,26.87,0,1368
1520530423.203592,1,273,237,42.86,111.98,1,1398
1520530423.253316,1,200,175,35.19,25.69,0,1398
1520530423.303317,1,232,195,34.96,21.06,0,1398
1520530423.353319,1,228,189,34.98,119.95,1,1341
1520530423.403322,1,267,219,35.09,25.30,0,1341
1520530423.453322,1,247,206,35.22,25.92,0,1341
1520530423.503324,1,300,236,35.04,134.60,1,1385
1520530423.553359,1,292,239,35.12,28.14,0,1385
1520530423.603327,1,243,214,35.12,25.84,0,1385
1520530423.652983,1,160,140,26.21,114.06,1,1350
1520530423.702985,1,199,168,26.22,19.80,0,1350
1520530423.752986,1,188,164,25.69,19.70,0,1350
1520530423.802988,1,214,187,25.68,112.92,1,1378
1520530423.852990,1,210,185,25.46,20.92,0,1378
1520530423.902991,1,197,173,25.12,19.69,0,1378
1520530423.952993,1,190,172,24.81,111.87,1,1376
1520530424.002995,1,191,169,24.79,20.56,0,1376
1520530424.052950,1,184,161,24.04,19.98,0,1376
1520530424.103253,1,176,157,33.17,113.98,1,1386
1520530424.153255,1,182,160,33.15,19.34,0,1386
1520530424.203257,1,214,178,33.10,20.51,0,1386
1520530424.253258,1,229,190,33.28,121.70,1,1402
1520530424.303260,1,227,191,33.45,21.69,0,1402
1520530424.353261,1,249,212,33.63,23.23,0,1402
1520530424.403263,1,231,200,33.93,122.00,1,1399
1520530424.453264,1,223,193,33.48,22.32,0,1399
1520530424.504722,1,234,205,75.84,24.85,0,1399
1520530424.554724,1,256,226,75.85,102.13,1,1442
1520530424.604726,1,283,255,75.78,26.16,0,1442
1520530424.654727,1,284,260,75.50,27.26,0,1442
1520530424.704729,1,292,260,75.41,120.04,1,1481
1520530424.754730,1,300,269,75.43,26.44,0,1481
1520530424.804732,1,300,272,75.83,26.56,0,1481
1520530424.854733,1,300,269,76.68,126.41,1,1451
1520530424.903374,1,234,206,39.17,29.90,0,1451
1520530424.953377,1,218,197,39.69,22.43,0,1451
1520530425.003378,1,213,192,39.20,116.38,1,1478
1520530425.053379,1,219,197,38.94,22.06,0,1478
1520530425.103381,1,212,192,38.75,20.59,0,1478
1520530425.153383,1,220,191,38.77,135.86,1,1492
1520530425.203384,1,300,238,38.59,25.79,0,1492
1520530425.253385,1,271,222,38.17,25.02,0,1492
1520530425.303732,1,244,208,48.11,115.59,1,1501
1520530425.353734,1,245,204,47.82,22.65,0,1501
1520530425.403735,1,250,203,47.50,22.00,0,1501
1520530425.453737,1,247,196,47.64,147.97,1,1483
1520530425.503738,1,247,197,47.44,22.31,0,1483
1520530425.553740,1,249,206,47.91,23.08,0,1483
1520530425.603741,1,243,204,48.76,113.10,1,1406
1520530425.653743,1,242,210,49.48,22.96,0,1406
1520530425.703675,1,239,215,48.58,23.02,0,1406
1520530425.753677,1,244,220,49.03,167.43,1,1404
1520530425.803679,1,254,213,49.56,23.81,0,1404
1520530425.853680,1,261,203,50.81,24.03,0,1404
1520530425.903682,1,246,177,51.20,132.77,1,1394
1520530425.953682,1,283,198,51.54,23.83,0,1394
1520530426.003685,1,285,197,52.04,23.15,0,1394
1520530426.053685,1,300,209,51.91,99.65,1,1418
1520530426.103474,1,284,204,44.63,24.97,0,1418
1520530426.153475,1,274,215,44.07,24.63,0,1418
1520530426.203478,1,265,222,42.76,162.07,1,1421
1520530426.253478,1,263,223,41.59,24.04,0,1421
1520530426.303480,1,297,246,41.14,25.82,0,1421
1520530426.353482,1,262,225,41.22,127.03,1,1391
1520530426.403483,1,267,207,41.16,24.26,0,1391
1520530426.453484,1,257,182,40.88,22.65,0,1391
1520530426.503486,1,228,142,40.77,166.00,1,1379
1520530426.553551,1,257,155,42.04,21.35,0,1379
1520530426.603553,1,250,158,42.16,21.30,0,1379
1520530426.653554,1,254,164,42.25,113.10,1,1343
1520530426.703556,1,281,193,43.04,23.54,0,1343
1520530426.753558,1,300,230,43.06,25.88,0,1343
1520530426.803559,1,288,234,43.26,145.10,1,1356
1520530426.853560,1,281,232,43.30,26.29,0,1356
1520530426.903562,1,282,228,43.94,25.20,0,1356
1520530426.953598,1,282,214,45.73,97.77,1,1344
1520530427.003600,1,287,205,46.70,24.23,0,1344
1520530427.053602,1,290,193,47.25,24.45,0,1344
1520530427.103602,1,290,179,47.86,175.99,1,1348
1520530427.153605,1,296,168,48.32,23.29,0,1348
1520530427.203605,1,296,168,48.47,23.45,0,1348
1520530427.253608,1,270,162,49.20,163.96,1,1321
1520530427.303609,1,266,163,49.46,22.49,0,1321
1520530427.353592,1,248,157,49.02,21.13,0,1321
1520530427.403594,1,214,156,49.50,139.69,1,1278
1520530427.453595,1,216,158,49.90,20.13,0,1278
1520530427.503597,1,207,153,50.39,19.79,0,1278
1520530427.553598,1,214,158,50.44,134.91,1,1235
1520530427.603601,1,300,226,50.58,24.23,0,1235
1520530427.653601,1,290,225,50.38,25.72,0,1235
1520530427.703604,1,300,234,49.97,123.18,1,1233
1520530427.753678,1,280,231,52.17,26.33,0,1233
1520530427.803679,1,281,229,51.58,25.50,0,1233
1520530427.853681,1,284,235,51.25,182.22,1,1212
1520530427.903682,1,280,223,51.19,25.91,0,1212
1520530427.953684,1,257,201,50.61,24.21,0,1212
1520530428.003686,1,225,167,50.12,103.29,1,1161
1520530428.053687,1,213,158,49.87,20.39,0,1161
1520530428.103692,1,212,157,48.68,19.98,0,1161
1520530428.153535,1,183,144,42.97,167.82,1,1196
1520530428.203537,1,175,139,41.82,18.68,0,1196
1520530428.253538,1,189,145,41.11,18.32,0,1196
1520530428.303540,1,165,101,40.53,101.75,1,1209
1520530428.353542,1,160,93,40.08,16.47,0,1209
1520530428.403618,1,134,71,40.58,14.71,0,1209
1520530428.453544,1,131,70,41.32,137.08,1,1167
1520530428.503546,1,140,73,42.29,14.35,0,1167
1520530428.553451,1,125,72,39.24,13.26,0,1167
1520530428.603452,1,112,76,39.73,107.14,1,1170
1520530428.653454,1,104,76,40.26,12.49,0,1170
1520530428.703455,1,110,82,40.92,13.24,0,1170
1520530428.753457,1,90,71,41.59,64.56,1,1101
1520530428.803458,1,85,71,42.41,11.41,0,1101
1520530428.853460,1,77,67,42.74,11.07,0,1101
1520530428.903461,1,87,70,43.15,84.18,1,1037
1520530428.953463,1,73,64,43.96,14.07,0,1037
1520530429.003444,1,76,62,43.24,11.09,0,1037
1520530429.053445,1,67,60,43.61,95.16,1,1034
1520530429.103447,1,61,52,43.84,10.04,0,1034
1520530429.153448,1,59,54,44.83,8.96,0,1034
1520530429.203450,1,61,56,44.76,113.53,1,982
1520530429.253451,1,65,61,45.39,9.98,0,982
1520530429.303453,1,81,66,45.81,10.88,0,982
1520530429.353455,1,89,63,46.05,114.68,1,992
1520530429.403551,1,87,62,49.82,11.13,0,992
1520530429.453553,1,91,75,49.61,11.20,0,992
1520530429.503555,1,101,84,49.58,85.79,1,1007
1520530429.553556,1,98,89,49.81,12.57,0,1007
1520530429.603558,1,116,98,49.34,12.78,0,1007
1520530429.653558,1,115,104,49.20,70.47,1,1023
1520530429.703560,1,114,99,49.15,14.10,0,1023
1520530429.753561,1,115,106,49.00,13.42,0,1023
1520530429.803622,1,133,121,50.58,57.30,1,1031
1520530429.853626,1,148,134,50.29,16.24,0,1031
1520530429.903625,1,151,141,50.11,16.45,0,1031
1520530429.953626,1,155,140,49.45,69.29,1,1026
1520530430.003663,1,157,144,49.00,17.45,0,1026
1520530430.053629,1,173,151,48.44,16.69,0,1026
1520530430.103631,1,170,146,47.72,83.71,1,1004
1520530430.153632,1,182,129,46.81,17.32,0,1004
1520530430.203344,1,161,108,36.57,16.75,0,1004
1520530430.253346,1,152,108,36.39,57.22,1,978
1520530430.303347,1,147,106,36.13,14.99,0,978
1520530430.353349,1,146,109,35.63,14.94,0,978
1520530430.403350,1,144,105,34.50,58.02,1,979
1520530430.453352,1,144,111,33.46,15.00,0,979
1520530430.503353,1,140,113,33.01,14.71,0,979
1520530430.553355,1,160,128,31.90,65.27,1,981
1520530430.603527,1,150,129,36.06,16.88,0,981
1520530430.653528,1,191,164,35.01,18.27,0,981
1520530430.703530,1,229,198,34.39,64.82,1,1066
1520530430.753532,1,228,194,33.84,21.80,0,1066
1520530430.803533,1,255,214,33.22,23.17,0,1066
1520530430.853534,1,234,197,33.16,68.17,1,1070
1520530430.903536,1,215,190,33.13,21.18,0,1070
1520530430.953538,1,203,179,33.90,20.57,0,1070
1520530431.003696,1,185,160,38.71,67.73,1,1013
1520530431.053698,1,199,162,39.05,19.48,0,1013
1520530431.103700,1,189,154,39.20,19.99,0,1013
1520530431.153701,1,202,150,39.76,85.31,1,995
1520530431.203703,1,177,126,41.22,19.56,0,995
1520530431.253704,1,158,120,42.57,18.42,0,995
1520530431.303706,1,142,101,43.31,88.83,1,974
1520530431.353708,1,129,83,44.00,16.15,0,974
1520530431.403709,1,110,67,45.00,14.02,0,974
1520530431.453562,1,96,62,40.87,46.35,1,965
1520530431.503564,1,78,63,41.49,12.70,0,965
1520530431.553565,1,84,58,42.53,11.00,0,965
1520530431.603567,1,75,59,42.78,82.19,1,965
1520530431.653568,1,64,50,43.83,11.40,0,965
1520530431.703570,1,76,54,44.46,10.33,0,965
1520530431.753571,1,79,64,44.36,45.42,1,961
1520530431.803573,1,100,75,44.23,11.45,0,961
1520530431.853524,1,101,72,42.46,11.10,0,961
1520530431.903526,1,116,96,42.50,69.87,1,928
1520530431.953527,1,125,107,43.24,13.77,0,928
1520530432.003528,1,118,104,43.55,14.07,0,928
1520530432.053531,1,129,101,44.07,58.92,1,955
1520530432.103532,1,134,105,44.26,14.33,0,955
1520530432.153533,1,136,108,44.39,13.89,0,955
1520530432.203536,1,126,112,44.54,79.31,1,955
1520530432.253696,1,135,108,51.09,14.79,0,955
1520530432.303698,1,134,112,50.45,14.46,0,955
1520530432.353700,1,137,118,48.94,74.00,1,940
1520530432.403701,1,136,118,48.18,14.70,0,940
1520530432.453702,1,138,117,47.26,15.44,0,940
1520530432.503704,1,141,115,46.38,50.15,1,934
1520530432.553705,1,149,118,45.46,15.75,0,934
1520530432.603708,1,163,115,44.57,15.44,0,934
1520530432.653548,1,161,107,38.50,52.24,1,937
1520530432.703550,1,154,112,37.73,16.30,0,937
1520530432.753551,1,149,115,36.80,16.01,0,937
1520530432.803553,1,152,117,35.99,77.03,1,943
1520530432.853554,1,168,128,36.00,17.69,0,943
1520530432.903556,1,163,132,35.87,17.41,0,943
1520530432.953557,1,159,135,35.08,66.52,1,974
1520530433.003559,1,167,137,33.99,18.32,0,974
1520530433.053690,1,208,166,36.68,19.65,0,974
1520530433.103692,1,300,246,35.70,77.25,1,1123
1520530433.153693,1,260,217,34.54,25.71,0,1123
1520530433.203694,1,247,215,33.87,23.82,0,1123
1520530433.253695,1,256,228,33.59,94.75,1,1167
1520530433.303697,1,252,233,33.72,25.02,0,1167
1520530433.353699,1,292,267,34.09,26.00,0,1167
1520530433.403701,1,281,255,34.67,101.44,1,1233
1520530433.453702,1,264,240,35.61,25.68,0,1233
1520530433.503793,1,277,244,38.85,24.70,0,1233
1520530433.553795,1,244,211,39.96,99.97,1,1219
1520530433.603796,1,244,211,40.74,22.53,0,1219
1520530433.653798,1,229,195,41.46,22.18,0,1219
1520530433.703799,1,243,197,42.10,67.22,1,1195
1520530433.753802,1,218,172,42.75,21.21,0,1195
1520530433.803803,1,223,172,43.03,20.79,0,1195
1520530433.853804,1,202,152,42.44,75.43,1,1176
1520530433.903630,1,172,125,37.64,18.87,0,1176
1520530433.953632,1,162,115,38.21,16.68,0,1176
1520530434.003634,1,158,106,38.87,106.62,1,1178
1520530434.053635,1,147,95,39.29,15.32,0,1178
1520530434.103637,1,130,83,40.08,14.91,0,1178
1520530434.153638,1,115,75,40.27,67.31,1,1162
1520530434.203640,1,93,74,40.12,12.90,0,1162
1520530434.253642,1,92,78,40.52,13.09,0,1162
1520530434.303478,1,81,66,35.79,79.41,1,1148
1520530434.353481,1,70,57,36.53,10.15,0,1148
1520530434.403481,1,69,58,36.96,9.45,0,1148
1520530434.453483,1,75,58,37.47,73.40,1,1130
1520530434.503485,1,72,59,37.65,10.42,0,1130
1520530434.553486,1,76,54,37.42,10.03,0,1130
1520530434.603488,1,91,73,37.62,68.51,1,1125
1520530434.653489,1,104,81,37.63,13.14,0,1125
1520530434.703656,1,149,111,43.68,14.98,0,1125
1520530434.753658,1,156,117,43.95,103.12,1,1161
1520530434.803658,1,148,127,44.72,18.57,0,1161
1520530434.853723,1,113,108,45.01,14.94,0,1161
1520530434.903661,1,180,145,44.51,85.12,1,1131
1520530434.953662,1,134,125,43.77,18.30,0,1131
1520530435.003665,1,238,214,43.49,22.88,0,1131
1520530435.053667,1,246,219,43.55,75.65,1,1220
1520530435.103796,1,223,216,49.16,23.94,0,1220
1520530435.153798,1,248,225,49.61,24.41,0,1220
1520530435.203799,1,234,221,50.15,87.93,1,1239
1520530435.253802,1,223,209,49.52,22.87,0,1239
1520530435.303802,1,231,213,49.17,22.37,0,1239
1520530435.353804,1,231,213,48.84,98.30,1,1246
1520530435.403806,1,232,205,48.30,22.29,0,1246
1520530435.453807,1,235,193,47.76,22.23,0,1246
1520530435.504086,1,241,190,56.90,101.54,1,1261
1520530435.554088,1,215,159,56.29,22.11,0,1261
1520530435.604089,1,205,157,55.14,19.37,0,1261
1520530435.654091,1,224,178,53.71,83.82,1,1291
1520530435.704092,1,219,165,52.83,21.15,0,1291
1520530435.754094,1,201,160,52.03,20.67,0,1291
1520530435.804096,1,198,163,51.66,68.73,1,1336
1520530435.854097,1,300,239,51.15,25.74,0,1336
1520530435.904099,1,254,210,51.25,25.74,0,1336
1520530435.953835,1,207,175,42.61,91.66,1,1377
1520530436.003837,1,204,150,42.28,19.23,0,1377
1520530436.053838,1,193,141,41.54,17.73,0,1377
1520530436.103839,1,187,130,41.05,84.86,1,1346
1520530436.153841,1,196,125,40.58,17.69,0,1346
1520530436.203843,1,196,121,40.19,18.37,0,1346
1520530436.253844,1,180,97,40.18,98.63,1,1336
1520530436.303846,1,173,92,40.05,15.99,0,1336
1520530436.353955,1,173,88,43.99,14.95,0,1336
1520530436.403958,1,175,88,44.16,98.96,1,1328
1520530436.453978,1,300,131,44.34,21.99,0,1328
1520530436.503960,1,296,135,44.84,23.13,0,1328
1520530436.553962,1,283,129,45.33,88.07,1,1354
1520530436.603963,1,282,130,45.40,22.26,0,1354
1520530436.653965,1,300,136,45.88,23.45,0,1354
1520530436.703966,1,293,141,46.01,110.90,1,1366
1520530436.754031,1,262,139,47.85,23.81,0,1366
1520530436.804032,1,220,145,47.92,21.51,0,1366
1520530436.854034,1,178,107,47.81,111.29,1,1351
1520530436.904035,1,165,89,48.10,16.90,0,1351
1520530436.954037,1,138,79,48.09,15.61,0,1351
1520530437.004039,1,145,96,47.49,93.14,1,1346
1520530437.054040,1,134,99,46.97,16.71,0,1346
1520530437.104042,1,300,191,46.41,22.04,0,1346
1520530437.153533,1,173,140,31.02,90.09,1,1358
1520530437.203536,1,160,142,31.24,16.98,0,1358
1520530437.253536,1,163,138,31.68,17.01,0,1358
1520530437.303538,1,162,144,31.99,94.38,1,1223
1520530437.353539,1,166,150,31.65,17.79,0,1223
1520530437.403543,1,177,150,30.91,18.10,0,1223
1520530437.453544,1,180,138,30.78,78.30,1,1232
1520530437.503545,1,180,134,30.57,19.03,0,1232
1520530437.553870,1,212,161,41.24,20.23,0,1232
1520530437.603872,1,205,154,41.41,76.64,1,1233
1520530437.653873,1,202,149,42.29,19.96,0,1233
1520530437.703875,1,200,141,42.68,19.08,0,1233
1520530437.753876,1,194,136,42.92,114.05,1,1249
1520530437.803878,1,181,125,44.40,19.52,0,1249
1520530437.853879,1,158,128,46.46,18.56,0,1249
1520530437.903881,1,155,130,47.31,78.31,1,1273
1520530437.954482,1,149,132,68.48,18.45,0,1273
1520530438.004481,1,159,137,68.08,16.83,0,1273
1520530438.054484,1,174,143,68.18,115.13,1,1294
1520530438.104484,1,176,148,67.93,19.11,0,1294
1520530438.154486,1,178,146,66.71,18.04,0,1294
1520530438.204487,1,186,147,65.86,100.05,1,1279
1520530438.254489,1,202,149,65.06,18.24,0,1279
1520530438.304490,1,200,151,64.69,19.79,0,1279
1520530438.354492,1,200,163,64.34,99.79,1,1312
1520530438.403621,1,173,148,34.42,22.38,0,1312
1520530438.453623,1,159,141,33.56,17.43,0,1312
1520530438.503624,1,164,143,32.32,97.97,1,1349
1520530438.553626,1,165,131,31.33,18.25,0,1349
1520530438.603628,1,166,131,30.19,17.44,0,1349
1520530438.653629,1,195,162,29.36,105.34,1,1411
1520530438.703631,1,179,154,29.02,19.44,0,1411
1520530438.753632,1,180,153,28.98,18.29,0,1411
1520530438.804389,1,201,178,49.80,88.55,1,1444
1520530438.854392,1,207,185,49.64,21.08,0,1444
1520530438.904392,1,216,194,49.26,20.93,0,1444
1520530438.954394,1,255,225,49.42,94.49,1,1451
1520530439.004395,1,272,242,49.45,26.14,0,1451
1520530439.054397,1,295,263,49.72,27.11,0,1451
1520530439.104398,1,300,270,49.38,139.11,1,1442
1520530439.154401,1,300,266,49.15,27.53,0,1442
1520530439.204654,1,300,264,55.34,27.59,0,1442
1520530439.254655,1,296,270,54.53,119.78,1,1353
1520530439.304657,1,298,271,54.22,27.04,0,1353
1520530439.354659,1,300,276,54.09,27.06,0,1353
1520530439.404660,1,300,274,53.67,122.86,1,1343
1520530439.454661,1,300,278,53.40,27.34,0,1343
1520530439.504663,1,300,277,53.12,25.29,0,1343
1520530439.554665,1,300,277,52.80,85.92,1,1305
1520530439.604177,1,300,272,41.14,30.70,0,1305
1520530439.654178,1,300,270,41.26,26.56,0,1305
1520530439.704263,1,300,272,41.41,129.37,1,1302
1520530439.754182,1,297,267,41.85,27.60,0,1302
1520530439.804183,1,300,274,42.72,28.69,0,1302
1520530439.854185,1,300,268,42.90,105.04,1,1272
1520530439.904186,1,300,267,43.31,27.68,0,1272
1520530439.954188,1,277,247,43.94,25.91,0,1272
1520530440.004099,1,268,240,41.78,117.78,1,1246
1520530440.054101,1,270,232,42.16,24.96,0,1246
1520530440.104102,1,258,227,42.39,24.17,0,1246
1520530440.154104,1,258,224,42.43,123.97,1,1211
1520530440.204106,1,268,229,42.52,24.21,0,1211
1520530440.254107,1,262,223,42.43,23.46,0,1211
1520530440.304109,1,244,204,42.30,130.89,1,1210
1520530440.354110,1,253,209,42.31,22.96,0,1210
1520530440.404112,1,242,195,43.14,22.66,0,1210
1520530440.453977,1,213,163,39.40,82.46,1,1200
1520530440.503979,1,283,202,39.61,23.07,0,1200
1520530440.553980,1,255,187,39.92,23.42,0,1200
1520530440.603981,1,237,180,40.49,130.54,1,1233
1520530440.653984,1,242,175,41.09,21.53,0,1233
1520530440.703986,1,300,218,41.23,27.17,0,1233
1520530440.753987,1,300,213,41.77,91.33,1,1227
1520530440.803989,1,279,206,41.94,24.51,0,1227
1520530440.853871,1,228,172,38.51,21.46,0,1227
1520530440.903872,1,235,175,38.64,117.47,1,1238
1520530440.953874,1,218,167,38.60,20.37,0,1238
1520530441.003875,1,203,156,38.83,19.41,0,1238
1520530441.053876,1,184,144,39.12,135.96,1,1242
1520530441.103878,1,168,134,39.36,17.66,0,1242
1520530441.153883,1,300,222,39.58,23.73,0,1242
1520530441.203881,1,229,192,40.07,137.95,1,1282
1520530441.253889,1,194,173,40.75,21.20,0,1282
1520530441.303927,1,153,132,41.58,17.75,0,1282
1520530441.353892,1,139,120,42.21,132.68,1,1219
1520530441.403893,1,132,115,42.81,14.99,0,1219
1520530441.453895,1,133,119,42.57,15.15,0,1219
1520530441.503896,1,132,109,42.70,119.88,1,1207
1520530441.553898,1,160,119,42.58,17.01,0,1207
1520530441.603899,1,153,117,42.81,15.57,0,1207
1520530441.654083,1,155,116,49.05,137.45,1,1190
1520530441.704084,1,153,117,48.97,15.99,0,1190
1520530441.754086,1,150,119,49.14,15.75,0,1190
1520530441.804088,1,164,129,49.54,133.98,1,1153
1520530441.854089,1,164,129,49.43,17.21,0,1153
1520530441.904091,1,151,113,49.49,17.88,0,1153
1520530441.954092,1,135,97,49.58,117.78,1,1114
1520530442.004094,1,146,104,49.60,15.00,0,1114
1520530442.054029,1,145,106,47.32,15.25,0,1114
1520530442.104032,1,136,106,47.61,118.82,1,1088
1520530442.154034,1,129,108,47.35,15.27,0,1088
1520530442.204035,1,128,110,47.33,14.37,0,1088
1520530442.254038,1,120,108,47.07,142.79,1,1067
1520530442.304038,1,102,93,46.82,12.59,0,1067
1520530442.354040,1,92,87,46.26,11.69,0,1067
1520530442.404042,1,97,87,46.34,77.34,1,1041
1520530442.453714,1,76,63,35.37,12.80,0,1041
1520530442.503716,1,84,62,35.05,10.86,0,1041
1520530442.553716,1,80,63,34.21,124.38,1,1012
1520530442.603719,1,75,57,32.81,10.20,0,1012
1520530442.653721,1,82,56,31.90,10.37,0,1012
1520530442.703722,1,85,58,31.06,119.71,1,973
1520530442.753723,1,128,83,30.23,13.42,0,973
1520530442.803725,1,116,83,29.34,13.35,0,973
1520530442.853726,1,119,80,29.08,94.03,1,945
1520530442.904376,1,151,110,47.78,18.48,0,945
1520530442.954377,1,160,122,47.47,16.34,0,945
1520530443.004380,1,164,128,47.25,102.86,1,962
1520530443.054381,1,191,145,46.95,18.42,0,962
1520530443.104383,1,169,126,47.07,18.07,0,962
1520530443.154384,1,168,137,47.13,93.12,1,923
1520530443.204385,1,176,143,47.31,19.66,0,923
1520530443.254387,1,178,145,47.07,18.71,0,923
1520530443.304466,1,180,145,49.19,73.21,1,902
1520530443.354468,1,188,151,49.01,18.37,0,902
1520530443.404470,1,188,151,49.02,18.64,0,902
1520530443.454471,1,186,152,49.29,73.18,1,879
1520530443.504473,1,191,153,49.46,18.21,0,879
1520530443.554475,1,182,151,49.73,17.69,0,879
1520530443.604476,1,281,188,50.13,65.32,1,912
1520530443.654478,1,264,181,50.52,24.08,0,912
1520530443.704013,1,179,129,37.15,21.71,0,912
1520530443.754014,1,183,130,37.59,94.19,1,933
1520530443.804016,1,176,128,37.61,17.27,0,933
1520530443.854018,1,165,128,37.91,16.31,0,933
1520530443.904020,1,158,112,38.67,58.66,1,901
1520530443.954022,1,154,99,39.20,15.04,0,901
1520530444.004023,1,148,95,39.58,14.92,0,901
1520530444.054024,1,135,84,39.45,57.24,1,891
1520530444.104403,1,122,81,51.43,13.88,0,891
1520530444.154404,1,112,84,51.20,13.58,0,891
1520530444.204406,1,120,91,50.73,88.10,1,894
1520530444.254406,1,113,95,51.04,14.09,0,894
1520530444.304409,1,300,263,51.28,25.05,0,894
1520530444.354410,1,235,208,51.72,86.02,1,1027
1520530444.404411,1,215,197,51.60,23.19,0,1027
1520530444.454414,1,201,182,51.77,21.04,0,1027
1520530444.505162,1,178,169,78.34,65.20,1,1030
1520530444.555264,1,209,181,78.53,20.99,0,1030
1520530444.605164,1,197,169,79.30,20.85,0,1030
1520530444.655166,1,186,158,79.67,90.07,1,1036
1520530444.705167,1,177,150,80.35,19.88,0,1036
1520530444.755169,1,169,140,80.91,18.65,0,1036
1520530444.805171,1,153,114,81.76,82.76,1,986
1520530444.855172,1,140,116,82.79,16.95,0,986
1520530444.905173,1,125,105,84.13,17.17,0,986
1520530444.954962,1,102,89,77.68,81.96,1,944
1520530445.004964,1,95,81,78.63,12.85,0,944
1520530445.054965,1,91,75,79.41,11.94,0,944
1520530445.104967,1,136,100,78.93,77.50,1,960
1520530445.154968,1,119,100,78.35,15.20,0,960
1520530445.204970,1,249,172,77.31,20.27,0,960
1520530445.254972,1,158,144,76.33,93.78,1,1015
1520530445.304973,1,139,128,75.68,16.49,0,1015
1520530445.353892,1,82,71,36.92,51.49,1,954
1520530445.403894,1,85,70,36.46,10.88,0,954
1520530445.453896,1,93,73,35.93,10.72,0,954
1520530445.503898,1,100,76,35.48,51.38,1,973
1520530445.553899,1,101,70,34.99,13.32,0,973
1520530445.603900,1,110,75,34.53,12.05,0,973
1520530445.653902,1,172,107,33.94,77.17,1,985
1520530445.703904,1,145,95,33.12,16.43,0,985
1520530445.753751,1,137,83,27.72,15.44,0,985
1520530445.803752,1,125,89,27.84,82.66,1,1028
1520530445.853755,1,131,89,27.17,14.70,0,1028
1520530445.903755,1,135,94,26.80,13.93,0,1028
1520530445.953756,1,137,109,26.70,83.63,1,1031
1520530446.003759,1,140,107,26.90,15.49,0,1031
1520530446.053761,1,163,135,27.19,15.62,0,1031
1520530446.103762,1,153,135,27.33,77.84,1,1054
1520530446.154954,1,174,152,65.49,21.12,0,1054
1520530446.204900,1,174,158,65.77,18.43,0,1054
1520530446.254902,1,195,178,65.97,87.64,1,1127
1520530446.304903,1,184,157,65.74,19.40,0,1127
1520530446.354905,1,181,157,65.24,18.20,0,1127
1520530446.404906,1,181,157,64.62,61.57,1,1117
1520530446.454908,1,214,185,64.05,19.84,0,1117
1520530446.504909,1,207,185,63.58,20.20,0,1117
1520530446.554783,1,203,185,58.92,93.71,1,1140
1520530446.604785,1,206,188,58.19,20.41,0,1140
1520530446.654786,1,200,184,57.59,20.14,0,1140
1520530446.704788,1,216,187,57.06,94.70,1,1155
1520530446.754789,1,202,173,56.68,21.16,0,1155
1520530446.804791,1,198,168,56.59,18.84,0,1155
1520530446.854792,1,210,178,56.24,101.51,1,1168
1520530446.904794,1,219,177,56.63,20.30,0,1168
1520530446.954330,1,192,154,43.80,21.79,0,1168
1520530447.004332,1,208,166,44.29,96.08,1,1157
1520530447.054334,1,197,160,44.35,19.73,0,1157
1520530447.104335,1,205,155,44.76,19.39,0,1157
1520530447.154337,1,207,147,45.06,94.61,1,1197
1520530447.204338,1,191,128,44.96,17.50,0,1197
1520530447.254340,1,188,128,44.85,17.19,0,1197
1520530447.304342,1,179,125,45.26,89.31,1,1138
1520530447.354343,1,191,136,45.65,17.62,0,1138
1520530447.404124,1,170,120,39.02,16.46,0,1138
1520530447.454125,1,157,115,39.33,88.13,1,1121
1520530447.504127,1,204,139,40.00,17.13,0,1121
1520530447.554128,1,186,133,40.18,17.48,0,1121
1520530447.604130,1,174,128,40.40,64.49,1,1140
1520530447.654131,1,300,218,40.59,23.96,0,1140
1520530447.704133,1,297,210,40.65,25.61,0,1140
1520530447.754142,1,255,188,40.72,135.60,1,1211
1520530447.804072,1,196,152,38.71,21.81,0,1211
1520530447.854074,1,213,158,38.95,18.58,0,1211
1520530447.904075,1,295,203,38.58,112.30,1,1189
1520530447.954077,1,300,207,38.53,26.03,0,1189
1520530448.004078,1,287,201,38.56,24.71,0,1189
1520530448.054080,1,287,199,38.66,75.60,1,1219
1520530448.104081,1,282,198,38.66,24.35,0,1219
1520530448.154083,1,284,204,38.78,23.90,0,1219
1520530448.203885,1,194,139,31.86,72.92,1,1222
1520530448.253886,1,193,145,32.24,17.88,0,1222
1520530448.303888,1,193,147,32.26,16.94,0,1222
1520530448.353889,1,193,145,32.21,72.22,1,1238
1520530448.403891,1,191,146,32.07,18.18,0,1238
1520530448.453892,1,197,151,31.96,17.48,0,1238
1520530448.503894,1,199,152,32.04,74.52,1,1218
1520530448.553895,1,200,153,31.85,18.27,0,1218
1520530448.603930,1,195,149,33.22,18.11,0,1218
1520530448.653932,1,198,150,33.05,85.52,1,1076
1520530448.703934,1,202,154,33.12,18.30,0,1076
1520530448.753935,1,200,153,33.15,18.11,0,1076
1520530448.803937,1,194,152,33.38,97.96,1,1059
1520530448.853939,1,219,157,33.25,18.83,0,1059
1520530448.903940,1,216,155,33.21,18.91,0,1059
1520530448.953942,1,217,150,33.28,101.75,1,1031
1520530449.003905,1,203,150,31.84,18.86,0,1031
1520530449.053906,1,210,153,32.07,18.21,0,1031
1520530449.103908,1,220,158,32.05,107.87,1,1031
1520530449.153910,1,225,161,31.81,19.35,0,1031
1520530449.203911,1,225,163,32.05,19.08,0,1031
