ply
format ascii 1.0
element vertex 12814
property float x
property float y
property float z
property uchar red
property uchar green
property uchar blue
end_header
0.1465 0.0916 0.0490 80 200 120
0.0930 -0.0814 0.0301 80 200 120
0.1523 0.1373 0.0315 80 200 120
2.8685 0.2549 0.7912 80 200 120
0.1799 0.1597 0.0285 80 200 120
0.1115 -0.0304 0.0387 80 200 120
0.0994 0.0602 0.0308 80 200 120
0.1300 0.0289 0.0302 80 200 120
0.1642 -0.1179 0.0326 80 200 120
0.1459 0.0243 0.0296 80 200 120
0.0868 -0.1268 0.1161 80 200 120
0.1427 0.1032 0.0542 80 200 120
0.0787 -0.0051 0.0299 80 200 120
0.0774 -0.0054 0.0299 80 200 120
0.0592 0.0625 0.0567 80 200 120
0.1790 0.1081 0.1151 80 200 120
0.1513 0.0187 0.0291 80 200 120
0.1601 0.0091 0.0296 80 200 120
3.8427 -3.5762 3.6351 80 200 120
0.0815 -0.0119 0.0305 80 200 120
0.0852 -0.0013 0.0303 80 200 120
0.0851 0.0092 0.0322 80 200 120
0.1873 0.2934 0.0281 80 200 120
2.0908 1.4528 1.1752 80 200 120
0.0864 -0.0154 0.0368 80 200 120
0.0950 -0.0277 0.0334 80 200 120
0.1250 0.0441 0.0303 80 200 120
2.2790 -0.9858 0.6408 80 200 120
0.2924 -0.0570 0.0287 80 200 120
0.0870 -0.0284 0.0480 80 200 120
0.1461 0.1272 0.0474 80 200 120
0.2627 -0.2797 0.0322 80 200 120
0.1560 0.1038 0.0410 80 200 120
2.3670 1.8791 1.0811 80 200 120
0.0999 -0.1250 0.1945 80 200 120
0.1140 -0.0425 0.0566 80 200 120
0.1340 0.0068 0.0652 80 200 120
0.0994 -0.0528 0.0441 80 200 120
0.1001 0.0298 0.0488 80 200 120
0.1723 -0.0661 0.1116 80 200 120
0.0922 0.0525 0.0948 80 200 120
0.3326 0.1544 0.0288 80 200 120
0.0840 -0.0464 0.0598 80 200 120
0.0745 -0.0038 0.0299 80 200 120
0.1020 -0.0681 0.0398 80 200 120
0.0567 0.1286 0.1122 80 200 120
0.0875 0.0066 0.0446 80 200 120
0.1625 -0.2293 0.1552 80 200 120
0.0922 -0.0721 0.0879 80 200 120
2.7353 1.8911 2.5046 80 200 120
0.1214 -0.0749 0.0441 80 200 120
0.1234 0.0759 0.0561 80 200 120
0.0974 -0.0046 0.0300 80 200 120
1.3253 -0.3836 2.4476 80 200 120
0.0654 -0.0853 0.1114 80 200 120
0.0933 -0.0708 0.0435 80 200 120
0.1874 -0.1364 0.0671 80 200 120
0.1082 0.0065 0.0325 80 200 120
0.0732 0.0016 0.0329 80 200 120
0.1789 0.0751 0.0285 80 200 120
0.0817 0.0169 0.0406 80 200 120
0.1156 -0.0737 0.0638 80 200 120
0.1632 0.1082 0.1257 80 200 120
-0.1922 2.1918 1.8720 80 200 120
0.0619 -0.0328 0.0560 80 200 120
0.0462 -0.0640 0.1194 80 200 120
0.0756 0.0015 0.0336 80 200 120
0.1677 0.1297 0.1565 80 200 120
0.1291 0.0533 0.0848 80 200 120
0.1135 0.0775 0.0645 80 200 120
0.0293 -2.1293 1.7989 80 200 120
0.9877 -2.9275 1.1390 80 200 120
0.0622 -0.0370 0.0556 80 200 120
0.0674 -0.0143 0.0379 80 200 120
0.1028 0.0463 0.0657 80 200 120
0.1077 -0.0253 0.0331 80 200 120
0.0814 -0.0029 0.0278 80 200 120
0.1085 -0.0930 0.0921 80 200 120
0.0916 -0.0115 0.0347 80 200 120
0.7267 0.6349 0.0381 80 200 120
0.1635 -0.0525 0.1446 80 200 120
0.1461 0.0203 0.0985 80 200 120
0.0681 -0.0090 0.0410 80 200 120
2.4917 0.4416 1.1923 80 200 120
0.1541 -0.1159 0.0788 80 200 120
0.1934 -0.1493 0.0878 80 200 120
0.1053 -0.0060 0.0496 80 200 120
0.1122 -0.0277 0.0702 80 200 120
0.0575 0.0568 0.0706 80 200 120
0.1563 0.0561 0.0867 80 200 120
3.4079 -1.2301 2.8696 80 200 120
0.0781 0.0037 0.0311 80 200 120
0.0747 -0.0025 0.0435 80 200 120
0.0781 -0.0104 0.0373 80 200 120
0.1198 0.1443 0.1351 80 200 120
2.5460 -0.5703 0.5308 80 200 120
1.5396 1.9561 1.1348 80 200 120
0.0551 0.0111 0.0743 80 200 120
0.1391 -0.0600 0.0407 80 200 120
-4.2871 2.1570 6.3298 80 200 120
0.1942 -0.2444 0.0315 80 200 120
0.1713 0.0706 0.0384 80 200 120
0.7138 -2.4580 1.0886 80 200 120
0.0928 -0.1197 0.1397 80 200 120
0.0840 -0.0957 0.0408 80 200 120
0.0640 0.0071 0.0464 80 200 120
0.0873 0.0183 0.0367 80 200 120
0.1304 0.1151 0.0952 80 200 120
0.0830 -0.0641 0.0433 80 200 120
0.1402 -0.0135 0.0517 80 200 120
0.1633 0.0197 0.0992 80 200 120
2.5490 -0.9558 1.7659 80 200 120
0.0826 0.1752 0.1001 80 200 120
0.0857 -0.0569 0.0908 80 200 120
1.6243 -2.1355 2.7347 80 200 120
0.9531 2.3791 2.1801 80 200 120
-0.6569 2.8974 2.6006 80 200 120
0.0576 0.1105 0.1666 80 200 120
0.2966 2.4114 2.3191 80 200 120
0.1245 -0.0559 0.0990 80 200 120
0.1052 -0.0573 0.0882 80 200 120
0.0750 0.0424 0.0601 80 200 120
1.2530 -2.9039 2.3774 80 200 120
0.0908 0.0741 0.0588 80 200 120
0.1035 0.0059 0.0697 80 200 120
0.0998 -0.0042 0.0569 80 200 120
0.0859 0.0006 0.0426 80 200 120
1.9680 0.6850 0.3279 80 200 120
0.1223 -0.0149 0.0338 80 200 120
0.0348 0.0032 0.0729 80 200 120
0.0919 0.0698 0.1254 80 200 120
0.1305 0.0492 0.1190 80 200 120
0.0087 0.0248 0.1767 80 200 120
0.0585 0.0308 0.0955 80 200 120
0.0910 0.0498 0.0618 80 200 120
0.0536 -0.0237 0.0530 80 200 120
0.0793 0.1010 0.0822 80 200 120
0.0583 0.0344 0.0819 80 200 120
0.1088 -0.0387 0.0409 80 200 120
0.0905 0.0165 0.1491 80 200 120
0.1300 0.0281 0.0489 80 200 120
0.0779 0.0117 0.0461 80 200 120
0.0619 -0.1217 0.1054 80 200 120
0.0977 -0.0307 0.1044 80 200 120
0.0735 -0.0489 0.0394 80 200 120
0.0876 -0.1039 0.0663 80 200 120
0.0878 -0.0354 0.0751 80 200 120
0.2463 -0.0762 0.0274 80 200 120
0.0554 0.0664 0.0636 80 200 120
0.1306 -0.2192 0.0524 80 200 120
0.0811 -0.0006 0.0331 80 200 120
0.0836 0.1008 0.1538 80 200 120
0.0376 -0.0421 0.1009 80 200 120
0.0873 -0.0461 0.0358 80 200 120
0.0101 -0.1320 0.1409 80 200 120
0.1029 0.0105 0.0690 80 200 120
0.0509 -0.0241 0.1122 80 200 120
0.1214 0.0113 0.1058 80 200 120
2.2250 -0.4647 2.3301 80 200 120
0.1910 0.0493 0.0844 80 200 120
0.1706 -0.0484 0.1267 80 200 120
0.0841 0.0955 0.2155 80 200 120
-0.7796 0.6642 0.0177 80 200 120
1.0212 1.2409 0.2824 80 200 120
-0.0399 0.0780 0.0299 80 200 120
-0.0466 0.1896 0.0291 80 200 120
-0.1135 0.5055 0.0307 80 200 120
-0.0524 0.1907 0.0868 80 200 120
-0.1997 0.0786 0.0290 80 200 120
-0.0853 0.0389 0.0545 80 200 120
29.7733 76.2860 -0.5953 80 200 120
-0.0339 0.0713 0.0300 80 200 120
-0.0700 0.1546 0.0298 80 200 120
-0.0349 0.0661 0.0301 80 200 120
0.1539 0.3183 0.0907 80 200 120
-0.1276 0.1045 0.0283 80 200 120
0.4224 0.3666 0.2757 80 200 120
-0.0513 0.2190 0.0425 80 200 120
-0.1397 0.0818 0.0281 80 200 120
0.0753 0.1734 0.1295 80 200 120
-0.4261 -0.1265 0.1714 80 200 120
-0.0515 0.2166 0.0821 80 200 120
-0.0567 0.0358 0.0496 80 200 120
-0.9782 0.9695 0.0110 80 200 120
-3.3407 2.3246 0.0450 80 200 120
0.1796 0.2236 0.1235 80 200 120
-0.1056 0.0619 0.0286 80 200 120
-2.7391 1.0291 0.9544 80 200 120
-0.5475 -0.2462 0.1914 80 200 120
0.0012 -0.0656 0.1873 80 200 120
0.0121 0.1630 0.1611 80 200 120
-0.8592 4.0966 3.0017 80 200 120
-0.6080 2.3654 1.1022 80 200 120
0.0450 0.1690 0.0688 80 200 120
0.0536 0.5219 0.0356 80 200 120
0.4803 0.5587 0.3085 80 200 120
0.0490 0.1635 0.1333 80 200 120
0.0430 0.1031 0.1014 80 200 120
0.0089 0.0454 0.1092 80 200 120
-0.5751 2.1504 0.4828 80 200 120
0.2903 0.5122 0.2544 80 200 120
-1.5785 0.9644 -0.0009 80 200 120
-0.0208 0.2183 0.0927 80 200 120
0.0354 0.1251 0.0778 80 200 120
-2.8857 -1.4839 1.3410 80 200 120
-0.6228 0.0031 0.0251 80 200 120
0.1300 0.1077 0.1627 80 200 120
-0.0543 0.0755 0.0423 80 200 120
-2.7080 -2.2167 2.1829 80 200 120
-0.0621 0.0612 0.0642 80 200 120
0.1262 0.0868 0.1329 80 200 120
-0.1304 0.0710 0.1328 80 200 120
-0.0207 0.0706 0.0430 80 200 120
1.1515 1.4379 0.1705 80 200 120
-0.1513 0.0701 0.0895 80 200 120
0.1576 0.3249 0.2193 80 200 120
-0.1071 0.1193 0.0368 80 200 120
-0.0134 0.1174 0.0722 80 200 120
-0.0606 0.0729 0.0690 80 200 120
-0.0306 0.0366 0.0596 80 200 120
-0.0417 0.0188 0.0793 80 200 120
-0.0740 0.0663 0.0606 80 200 120
-0.2142 0.0837 0.0892 80 200 120
-0.0636 0.0881 0.0782 80 200 120
-0.1073 0.0838 0.0285 80 200 120
0.0001 0.1436 0.1064 80 200 120
-0.0384 0.0641 0.0336 80 200 120
-0.0362 0.0830 0.0539 80 200 120
-0.0956 0.0311 0.0797 80 200 120
-0.0506 0.1022 0.0529 80 200 120
-0.0277 0.1143 0.1431 80 200 120
-0.0727 0.0812 0.0416 80 200 120
-0.0380 0.0627 0.0400 80 200 120
0.0243 0.1562 0.1612 80 200 120
-0.1990 0.0939 0.1265 80 200 120
-2.6261 -2.5472 2.8333 80 200 120
0.1058 0.1951 0.1787 80 200 120
-0.0398 0.0632 0.0357 80 200 120
-0.4862 1.8286 0.5744 80 200 120
-0.0419 0.0655 0.0322 80 200 120
-0.0717 0.0732 0.1342 80 200 120
0.1582 0.3394 0.3692 80 200 120
-3.4736 1.4923 2.7102 80 200 120
0.1299 0.1489 0.0969 80 200 120
-0.0039 0.0773 0.0396 80 200 120
0.0266 0.0764 0.0688 80 200 120
0.0346 0.0234 0.2141 80 200 120
-0.0344 0.0641 0.0334 80 200 120
-2.9720 1.3575 0.9378 80 200 120
-0.0263 0.0872 0.0417 80 200 120
-0.0410 0.0637 0.0325 80 200 120
-0.1451 0.0898 0.0681 80 200 120
-0.2648 -0.0445 0.0763 80 200 120
-0.0780 0.0288 0.0476 80 200 120
0.0062 0.1601 0.0663 80 200 120
-0.1432 0.0875 0.1566 80 200 120
-1.7587 -1.1702 3.1458 80 200 120
-0.0348 0.0687 0.0400 80 200 120
-0.3112 -0.0083 0.0548 80 200 120
-0.0080 0.0553 0.0777 80 200 120
-0.1031 0.0592 0.0367 80 200 120
0.0208 0.0762 0.0592 80 200 120
-0.0358 0.0859 0.0948 80 200 120
-0.0433 0.0784 0.0582 80 200 120
0.0871 0.1359 0.1220 80 200 120
-0.0946 0.0895 0.1711 80 200 120
-0.0517 0.0804 0.0800 80 200 120
-1.7814 -3.2871 6.7660 80 200 120
-0.0806 0.0066 0.1217 80 200 120
-0.0586 0.1231 0.0957 80 200 120
-0.0338 0.0696 0.0348 80 200 120
-0.1060 -0.0315 0.1357 80 200 120
0.0210 0.1577 0.1236 80 200 120
-0.0455 0.0722 0.0298 80 200 120
0.2775 0.2819 0.1242 80 200 120
-0.0025 0.0583 0.1384 80 200 120
-0.0237 0.1594 0.0995 80 200 120
-0.0154 0.0748 0.0573 80 200 120
0.4467 0.1508 0.4147 80 200 120
-0.0086 0.1256 0.0677 80 200 120
-0.1461 0.1087 0.0519 80 200 120
-0.0405 0.0663 0.0422 80 200 120
-0.0792 0.0866 0.0649 80 200 120
0.0367 0.2814 0.0437 80 200 120
-0.0080 0.1318 0.1328 80 200 120
-0.0507 0.0593 0.1006 80 200 120
-1.6028 -0.7697 3.1281 80 200 120
-0.0445 0.0742 0.0402 80 200 120
-0.0392 0.0897 0.0795 80 200 120
0.3853 0.0597 0.3558 80 200 120
-3.4584 -2.1090 2.7637 80 200 120
-2.8817 -1.1368 0.0357 80 200 120
-5.1733 -1.5175 0.0733 80 200 120
-2.2694 -3.7840 1.3945 80 200 120
-0.0535 -0.0576 0.0300 80 200 120
-0.1135 -0.1173 0.0295 80 200 120
-1.4522 -1.9497 0.0357 80 200 120
-2.0894 -1.0543 0.0156 80 200 120
-0.0280 -0.0813 0.0297 80 200 120
-1.3574 -1.2140 0.0259 80 200 120
-1.7566 -1.7984 0.0466 80 200 120
-0.0916 -0.1561 0.0315 80 200 120
-0.0651 -0.0719 0.0450 80 200 120
-0.1024 -0.1612 0.0945 80 200 120
-2.6356 -1.5578 -0.0147 80 200 120
2.2655 -2.8205 0.0837 80 200 120
-0.0281 -0.0928 0.0300 80 200 120
-0.0938 -0.2762 0.0283 80 200 120
-0.0481 -0.1035 0.0562 80 200 120
-0.0759 -0.1178 0.0568 80 200 120
0.0575 -0.0572 0.1113 80 200 120
0.0034 -0.1255 0.0293 80 200 120
0.0368 -0.1247 0.0945 80 200 120
-0.0370 -0.0630 0.0313 80 200 120
-4.5640 -0.3249 -0.0563 80 200 120
-0.0561 -0.1053 0.0448 80 200 120
-0.0899 -0.0183 0.0883 80 200 120
-0.2431 -0.0552 0.0286 80 200 120
2.9394 -4.7706 3.0648 80 200 120
-0.0009 -0.1326 0.0752 80 200 120
-0.0401 -0.0662 0.0315 80 200 120
0.0016 -0.1807 0.1899 80 200 120
0.0883 -0.1928 0.0477 80 200 120
-0.0819 -0.1733 0.0811 80 200 120
-0.0244 -0.0909 0.0523 80 200 120
-0.0857 -0.1782 0.1046 80 200 120
-0.0505 -0.0867 0.0431 80 200 120
-0.0246 -0.1145 0.0772 80 200 120
-0.0505 -0.1013 0.0289 80 200 120
0.0109 -0.1030 0.0567 80 200 120
-0.0815 -0.0503 0.0664 80 200 120
-0.0179 -0.1310 0.0398 80 200 120
-0.0059 -0.0864 0.0412 80 200 120
-0.0400 -0.0665 0.0309 80 200 120
0.0732 -0.0081 0.0326 80 200 120
0.1113 -0.0328 0.0629 80 200 120
4.0771 -4.3910 3.7557 80 200 120
2.1577 1.2143 0.9265 80 200 120
0.1451 2.6213 1.6202 80 200 120
0.1941 -0.0416 0.0617 80 200 120
0.0966 0.1415 0.1236 80 200 120
0.0942 0.0475 0.0646 80 200 120
0.1123 -0.0262 0.0534 80 200 120
0.0704 0.0055 0.0344 80 200 120
0.0349 -0.0684 0.1429 80 200 120
-0.0327 -1.5319 2.6068 80 200 120
0.0411 -0.0654 0.2003 80 200 120
0.1544 0.0814 0.1319 80 200 120
0.0934 0.0145 0.0360 80 200 120
0.1359 -0.8053 2.8135 80 200 120
-2.6412 0.4628 2.4453 80 200 120
-0.0081 0.1710 0.0734 80 200 120
-0.0299 0.0908 0.0751 80 200 120
0.0620 0.2672 0.1724 80 200 120
-0.4861 2.2503 0.5829 80 200 120
-0.0390 0.1799 0.0660 80 200 120
-0.3238 0.6377 0.0208 80 200 120
-0.0707 0.1123 0.0987 80 200 120
-0.0555 0.1657 0.0845 80 200 120
-0.8280 3.3266 2.2081 80 200 120
-0.0965 0.0290 0.0887 80 200 120
-2.2287 2.6412 3.1207 80 200 120
1.4649 -3.4050 2.8734 80 200 120
0.0105 -0.2046 0.0939 80 200 120
-0.0278 -0.0700 0.0337 80 200 120
-2.3410 -1.3578 0.9949 80 200 120
-0.1416 -0.1635 0.0784 80 200 120
-2.4952 -4.1428 3.1619 80 200 120
3.4242 -4.7957 2.5672 80 200 120
-0.0478 -0.1249 0.0820 80 200 120
0.0804 -0.3239 0.0338 80 200 120
0.2012 -0.2058 0.2107 80 200 120
-2.6891 -1.1315 0.9580 80 200 120
-0.0012 -0.1331 0.0419 80 200 120
-0.0385 -0.0828 0.0579 80 200 120
-0.0432 -0.2090 0.0260 80 200 120
-0.0345 -0.0809 0.0470 80 200 120
-0.0254 -0.0771 0.0345 80 200 120
-2.3983 -2.7550 0.9875 80 200 120
-0.3034 -0.1143 0.0276 80 200 120
-0.4837 -2.0015 0.6534 80 200 120
-0.0713 -0.0573 0.0300 80 200 120
-0.0347 -0.0799 0.0889 80 200 120
0.0481 -0.2980 0.0741 80 200 120
-0.0174 -0.1573 0.0503 80 200 120
-2.3013 -5.4827 1.2580 80 200 120
0.0086 -0.0832 0.0802 80 200 120
-0.0723 -0.0961 0.0715 80 200 120
0.0311 -0.0577 0.1186 80 200 120
-0.1368 -0.0352 0.1358 80 200 120
-0.0495 -0.1758 0.0960 80 200 120
-0.0057 -0.2064 0.1216 80 200 120
0.0278 -0.1448 0.0460 80 200 120
3.6914 -3.9163 1.8729 80 200 120
3.3230 -4.2187 2.9021 80 200 120
-0.1164 -0.1539 0.0944 80 200 120
0.2991 -2.7637 1.9682 80 200 120
0.0204 -0.0850 0.0805 80 200 120
-2.9570 -1.1995 0.6730 80 200 120
1.0933 -2.9689 0.9983 80 200 120
0.0503 -0.1660 0.1644 80 200 120
0.0743 -0.0877 0.2205 80 200 120
-0.0413 -0.1250 0.0926 80 200 120
-2.8967 0.4274 0.9524 80 200 120
-0.0324 -0.0669 0.0327 80 200 120
-0.0576 -0.1361 0.1367 80 200 120
-0.0836 -0.1199 0.1399 80 200 120
-0.0590 -0.1162 0.0801 80 200 120
-0.0959 -0.0308 0.0780 80 200 120
-2.3526 -1.2098 0.5281 80 200 120
-0.0452 -0.0897 0.0334 80 200 120
-0.0473 -0.0773 0.0320 80 200 120
-0.0409 -0.0685 0.0318 80 200 120
-0.0497 -0.0498 0.0617 80 200 120
-0.0231 -0.1123 0.0484 80 200 120
-3.2279 0.1932 3.0613 80 200 120
0.0301 -0.1100 0.0879 80 200 120
-3.1949 0.8828 1.1052 80 200 120
-0.0813 -0.0650 0.0764 80 200 120
-2.4389 -2.0513 1.2453 80 200 120
0.0348 -0.1291 0.1136 80 200 120
-3.3652 -3.2367 2.9804 80 200 120
-0.1276 -0.0475 0.0866 80 200 120
0.0118 -0.1526 0.2015 80 200 120
-2.0406 -2.8352 3.1243 80 200 120
0.0860 -0.1828 0.1277 80 200 120
-0.0373 -0.0596 0.0360 80 200 120
-0.0298 -0.1625 0.0650 80 200 120
0.0007 -0.1241 0.0379 80 200 120
-0.0365 -0.1121 0.1163 80 200 120
-0.0332 -0.1545 0.0276 80 200 120
0.0538 -0.1153 0.1119 80 200 120
-3.5575 0.8240 2.1392 80 200 120
-3.4524 -0.8428 1.0270 80 200 120
-3.2709 1.1399 2.8200 80 200 120
-0.0125 -0.0868 0.0391 80 200 120
-0.1475 -0.0477 0.0871 80 200 120
-0.0682 -0.0405 0.0432 80 200 120
-0.0195 -0.0778 0.0340 80 200 120
0.0100 -0.0646 0.0683 80 200 120
0.0229 -0.0585 0.1424 80 200 120
1.9951 -3.3932 3.1245 80 200 120
-2.3671 0.1227 2.9535 80 200 120
-0.1577 -0.1076 0.1803 80 200 120
0.1030 -0.1591 0.1957 80 200 120
-0.0922 -0.0541 0.1206 80 200 120
-0.0487 -0.0605 0.0312 80 200 120
0.0121 -0.1188 0.0896 80 200 120
-0.0853 -2.5895 1.7759 80 200 120
-3.4540 -0.7260 2.7621 80 200 120
0.2158 -0.1436 0.2317 80 200 120
-0.0952 -0.0264 0.0486 80 200 120
0.0481 -0.1006 0.0785 80 200 120
-0.6786 -0.9557 3.2307 80 200 120
0.0578 -0.0996 0.1000 80 200 120
-3.2515 -1.5985 3.0601 80 200 120
-0.0382 -0.0591 0.0306 80 200 120
1.8858 -4.0708 1.2689 80 200 120
-0.0301 -0.1023 0.0958 80 200 120
0.1070 -0.1720 0.0576 80 200 120
-0.0603 -0.1829 0.0499 80 200 120
-1.2525 -3.9105 3.0490 80 200 120
-0.0852 -0.1059 0.1460 80 200 120
-3.5537 -3.0763 2.5871 80 200 120
0.0292 -0.1023 0.0641 80 200 120
-0.0342 -0.0667 0.0297 80 200 120
-1.9869 -2.2714 3.1494 80 200 120
-0.8662 -1.4695 3.1256 80 200 120
-0.0742 -0.0701 0.0351 80 200 120
0.0552 -0.0809 0.1220 80 200 120
-0.0860 -0.0944 0.1150 80 200 120
-0.1065 -0.1157 0.0969 80 200 120
0.8131 -2.6619 2.4344 80 200 120
-0.0335 -0.0607 0.0421 80 200 120
-0.1083 -0.1146 0.1310 80 200 120
0.0858 -0.0697 0.2227 80 200 120
-0.1058 -0.0961 0.0699 80 200 120
-0.7789 -3.9665 2.7315 80 200 120
-0.2928 -1.6889 0.7895 80 200 120
-0.0203 -0.0870 0.0490 80 200 120
-2.4007 -1.7764 0.8252 80 200 120
0.0053 -0.1299 0.1169 80 200 120
-0.2251 0.0845 0.1195 80 200 120
-0.0408 -0.0607 0.0312 80 200 120
-0.0027 -0.0625 0.0631 80 200 120
1.4430 -0.6142 1.6181 80 200 120
-3.3748 -0.2057 1.4687 80 200 120
-0.0528 -0.0473 0.0416 80 200 120
-2.3502 -0.5403 3.1708 80 200 120
-0.1881 0.0106 0.1322 80 200 120
-2.7694 -0.3961 3.2375 80 200 120
-0.0743 -0.0860 0.1093 80 200 120
3.2062 -4.7613 0.0842 80 200 120
-0.0481 -0.0529 0.0474 80 200 120
-3.1782 -4.0451 3.0817 80 200 120
-0.1326 -0.1182 0.1106 80 200 120
-0.0053 -0.0654 0.0532 80 200 120
0.0984 -0.1127 0.2173 80 200 120
-0.0443 -0.0610 0.0519 80 200 120
-0.0603 -0.1183 0.0958 80 200 120
-0.0514 -0.0678 0.0321 80 200 120
-0.0317 -0.0886 0.0440 80 200 120
-0.3021 -1.3164 3.0269 80 200 120
0.0556 -0.1288 0.0781 80 200 120
-0.0816 -0.0681 0.0345 80 200 120
-0.0745 -0.1265 0.0373 80 200 120
0.5814 -2.3110 1.2233 80 200 120
0.4426 -2.3091 0.0251 80 200 120
0.1917 -0.1556 0.0022 80 200 120
0.0402 -0.0670 -0.0299 80 200 120
0.0334 -0.2181 -0.0283 80 200 120
0.0833 -0.1083 -0.0290 80 200 120
0.1127 -0.0927 -0.0087 80 200 120
0.0356 -0.0650 -0.0298 80 200 120
0.0364 -0.0652 -0.0299 80 200 120
0.1702 -0.2090 -0.0094 80 200 120
0.1260 -0.2015 0.0400 80 200 120
-0.1547 -0.3046 -0.0268 80 200 120
0.1070 -0.1423 -0.0070 80 200 120
0.1253 -0.0716 -0.0294 80 200 120
3.4469 -3.1867 1.4564 80 200 120
0.1743 -0.1910 0.0565 80 200 120
0.0668 -0.1630 0.0105 80 200 120
0.0502 -0.0873 -0.0228 80 200 120
3.4467 -3.6534 1.7176 80 200 120
0.0181 -0.2429 -0.0272 80 200 120
-0.0789 -0.2492 -0.0272 80 200 120
3.4763 -4.8354 0.9676 80 200 120
0.0582 -0.0740 -0.0295 80 200 120
0.1095 -0.1248 -0.0179 80 200 120
0.0612 -0.0952 -0.0143 80 200 120
0.0957 -0.1865 -0.0097 80 200 120
0.0619 -0.1257 0.0020 80 200 120
3.5342 -4.2082 1.6332 80 200 120
0.0637 -0.0793 -0.0272 80 200 120
0.0795 -0.1161 0.0106 80 200 120
0.0765 -0.2135 -0.0050 80 200 120
0.0967 -0.2182 0.0274 80 200 120
0.1717 -0.0653 -0.0258 80 200 120
0.0457 -0.1209 -0.0123 80 200 120
0.0730 -0.2794 0.0048 80 200 120
-0.0031 -0.1596 -0.0060 80 200 120
0.1006 -0.0809 -0.0108 80 200 120
0.0414 -0.0652 -0.0300 80 200 120
0.1578 -0.1193 -0.0261 80 200 120
0.0231 -0.1173 -0.0292 80 200 120
0.1111 -0.0983 0.0038 80 200 120
0.0831 -0.1660 0.0026 80 200 120
0.1694 -0.0916 -0.0284 80 200 120
0.2518 -0.1729 0.0336 80 200 120
0.0900 -0.2151 0.0046 80 200 120
0.0760 -0.1646 -0.0277 80 200 120
0.0989 -0.0852 -0.0290 80 200 120
-0.1213 -0.2811 -0.0092 80 200 120
0.0286 -0.0907 -0.0246 80 200 120
0.0506 -0.0736 -0.0297 80 200 120
0.0771 -0.0693 -0.0208 80 200 120
0.0287 -0.2012 0.0147 80 200 120
0.0533 -0.1589 0.0077 80 200 120
0.1032 -0.0784 -0.0237 80 200 120
-0.0725 -0.3736 0.0107 80 200 120
0.0604 -0.1242 -0.0218 80 200 120
0.0380 -0.0967 -0.0213 80 200 120
0.0747 -0.0870 -0.0145 80 200 120
0.0034 -0.1287 -0.0258 80 200 120
-0.0347 -0.1751 -0.0147 80 200 120
0.1470 -0.1710 0.0048 80 200 120
0.0379 -0.1462 0.0070 80 200 120
0.1815 -0.1439 0.0249 80 200 120
0.0398 -0.0688 -0.0263 80 200 120
2.7915 -4.9485 0.0487 80 200 120
0.1116 -0.0859 -0.0168 80 200 120
0.0596 -0.0723 -0.0267 80 200 120
0.1541 -0.1092 0.0136 80 200 120
0.0437 -0.0723 -0.0264 80 200 120
0.0532 -0.1190 -0.0011 80 200 120
0.0311 -0.1123 -0.0247 80 200 120
-0.0177 -0.2729 0.0274 80 200 120
0.0684 -0.0802 -0.0142 80 200 120
0.1166 -0.1267 0.0100 80 200 120
0.0563 -0.0845 -0.0150 80 200 120
0.1138 -0.1201 -0.0115 80 200 120
0.0895 -0.1479 -0.0145 80 200 120
0.0630 -0.0716 -0.0266 80 200 120
0.0507 -0.0835 -0.0277 80 200 120
0.0733 -0.1198 -0.0093 80 200 120
0.0871 -0.0672 -0.0250 80 200 120
0.0581 -0.1377 -0.0088 80 200 120
0.0313 -0.1223 -0.0164 80 200 120
0.1096 -0.0489 -0.0312 80 200 120
0.0661 -0.0646 -0.0243 80 200 120
-0.0495 -0.3427 0.0259 80 200 120
0.0375 -0.1116 -0.0136 80 200 120
0.0356 -0.0689 -0.0291 80 200 120
0.0535 -0.2465 0.0415 80 200 120
0.0953 -0.1416 0.0174 80 200 120
0.3088 -0.0656 0.0026 80 200 120
0.0953 -0.1585 0.0354 80 200 120
0.0766 -0.2445 0.0131 80 200 120
-0.1264 -0.0182 -0.0290 80 200 120
-0.1819 -0.0517 -0.0276 80 200 120
-0.1014 0.0257 -0.0298 80 200 120
-0.1101 -0.0571 -0.0295 80 200 120
-0.1343 -0.1077 -0.0274 80 200 120
-3.6512 0.5234 0.0101 80 200 120
-0.0922 -0.0273 -0.0205 80 200 120
-0.0968 -0.0154 -0.0205 80 200 120
-0.2069 -0.1091 -0.0267 80 200 120
-0.2274 -0.0727 0.0315 80 200 120
-1.3167 -1.4291 0.2440 80 200 120
-0.5268 -0.4649 0.1949 80 200 120
-0.1155 0.0260 -0.0146 80 200 120
-0.1110 0.0290 -0.0293 80 200 120
-0.0813 -0.0157 -0.0274 80 200 120
-0.1180 0.0253 -0.0292 80 200 120
-0.0985 -0.0150 -0.0158 80 200 120
-0.2170 -0.2069 -0.0059 80 200 120
-0.1754 -0.0707 -0.0268 80 200 120
-0.1031 0.0049 -0.0112 80 200 120
-0.1102 0.0268 -0.0156 80 200 120
-7.0920 -1.5566 0.0213 80 200 120
-0.0948 0.0285 -0.0287 80 200 120
-0.0857 -0.0070 -0.0255 80 200 120
-0.0914 0.0203 -0.0294 80 200 120
-0.0714 0.0018 -0.0299 80 200 120
-0.1533 -0.0455 -0.0094 80 200 120
-0.1004 -0.0001 -0.0267 80 200 120
-2.4856 0.9819 -0.0068 80 200 120
-0.1168 0.0019 -0.0081 80 200 120
-0.0979 0.0247 -0.0256 80 200 120
-0.0852 0.0076 -0.0244 80 200 120
-0.0951 0.0219 -0.0213 80 200 120
-0.0903 0.0024 -0.0249 80 200 120
-0.0865 0.0041 -0.0302 80 200 120
-0.2684 -0.0477 0.0353 80 200 120
-0.1936 -0.0564 -0.0155 80 200 120
-0.2365 0.0262 0.0275 80 200 120
-0.0741 0.0074 -0.0305 80 200 120
-0.1513 -0.0259 0.0042 80 200 120
-0.1935 -0.0303 -0.0162 80 200 120
-0.0916 -0.0152 -0.0257 80 200 120
-0.0739 -0.0007 -0.0293 80 200 120
-0.1542 -0.0092 -0.0285 80 200 120
-0.1000 0.0088 -0.0187 80 200 120
-0.0811 0.0055 -0.0286 80 200 120
-0.1314 0.0474 -0.0003 80 200 120
-0.0837 0.0011 -0.0244 80 200 120
0.0323 -0.0851 -0.0229 80 200 120
0.1250 -0.1169 -0.0024 80 200 120
0.0624 -0.1808 0.0353 80 200 120
-0.0986 -0.5645 0.1483 80 200 120
-0.0925 0.0054 -0.0275 80 200 120
-0.3013 -0.0396 -0.0034 80 200 120
-0.0761 -0.0007 -0.0270 80 200 120
-2.6718 1.6248 0.3391 80 200 120
-0.0826 -0.0000 -0.0260 80 200 120
-0.1058 0.0060 -0.0252 80 200 120
-3.9005 0.0057 0.0124 80 200 120
-0.1431 0.0253 -0.0192 80 200 120
-0.1042 -0.0113 -0.0194 80 200 120
-0.1666 -0.0098 -0.0197 80 200 120
-0.0764 -0.0015 -0.0269 80 200 120
-0.2829 -0.3008 0.0556 80 200 120
-0.6216 0.5577 0.0474 80 200 120
-0.1417 0.0135 -0.0124 80 200 120
-0.1774 -0.0401 -0.0096 80 200 120
-0.1424 0.0530 -0.0147 80 200 120
-0.5927 -0.2885 -0.0169 80 200 120
-1.7761 -0.3863 0.3111 80 200 120
-0.1058 0.0119 -0.0120 80 200 120
-3.0073 -0.5023 1.1967 80 200 120
-3.8291 0.3754 0.3022 80 200 120
-4.4179 0.3150 -0.0329 80 200 120
-0.0992 0.0288 -0.0220 80 200 120
-0.0820 0.0024 -0.0315 80 200 120
-0.0864 -0.0065 -0.0234 80 200 120
-0.1249 0.0177 -0.0297 80 200 120
-1.5224 -0.9513 0.4288 80 200 120
-1.8607 1.3215 0.5434 80 200 120
-0.1493 -0.0244 -0.0128 80 200 120
-0.1499 0.0451 0.0064 80 200 120
-0.0785 -0.0067 -0.0268 80 200 120
-0.0747 0.0132 -0.0297 80 200 120
-0.1902 0.0256 0.0268 80 200 120
-0.1205 0.0027 -0.0151 80 200 120
-0.0929 -0.0399 -0.0250 80 200 120
0.4428 0.5348 -0.0118 80 200 120
1.7899 2.8989 0.1263 80 200 120
-0.0539 0.8170 -0.0159 80 200 120
-0.1169 0.5332 0.0147 80 200 120
2.2801 4.5311 0.0692 80 200 120
0.1393 0.1033 -0.0197 80 200 120
0.4338 0.6095 -0.0074 80 200 120
0.0447 0.1703 -0.0276 80 200 120
0.7054 0.4579 0.0427 80 200 120
0.4121 0.0924 -0.0257 80 200 120
0.3221 0.2502 -0.0269 80 200 120
0.0584 0.0673 -0.0297 80 200 120
0.0772 0.1011 -0.0290 80 200 120
0.0331 0.1793 -0.0268 80 200 120
16.3409 -1.3814 0.2717 80 200 120
0.2965 0.1786 -0.0242 80 200 120
-0.0223 0.1686 -0.0110 80 200 120
0.1463 0.1229 -0.0285 80 200 120
0.0013 0.1430 -0.0192 80 200 120
0.0539 0.0758 -0.0284 80 200 120
0.0820 0.0604 -0.0288 80 200 120
-0.0234 0.1504 -0.0273 80 200 120
-0.4179 1.7460 -0.0212 80 200 120
0.1107 0.0983 -0.0213 80 200 120
0.0558 0.0683 -0.0303 80 200 120
0.0348 0.0858 -0.0310 80 200 120
0.4646 0.3663 0.0228 80 200 120
0.0382 0.0702 -0.0282 80 200 120
0.0403 0.0667 -0.0284 80 200 120
0.0359 0.0607 -0.0297 80 200 120
0.0457 0.0604 -0.0302 80 200 120
0.2865 -1.7657 1.2251 80 200 120
1.4083 1.3316 1.1127 80 200 120
0.4999 -1.9500 2.5784 80 200 120
2.0281 0.1996 1.1367 80 200 120
1.4996 1.4224 0.9624 80 200 120
2.6977 -1.7268 2.1549 80 200 120
0.6804 1.4961 1.9082 80 200 120
3.4037 -4.8730 0.9471 80 200 120
1.1179 1.5032 0.5787 80 200 120
0.9145 -2.6004 0.5237 80 200 120
1.9173 0.3120 0.1721 80 200 120
2.3338 0.6347 1.5356 80 200 120
1.6668 -3.9556 2.6610 80 200 120
1.8620 -1.0331 2.2706 80 200 120
-0.2859 -1.5675 1.9607 80 200 120
1.5014 0.6740 0.2648 80 200 120
0.7139 1.9142 1.4538 80 200 120
37.2722 -32.3198 5.9958 80 200 120
1.0255 0.6622 0.1212 80 200 120
0.4184 -1.9581 1.8194 80 200 120
1.0129 1.8214 1.0925 80 200 120
0.5099 -1.6730 1.8066 80 200 120
-0.1339 1.6003 2.0329 80 200 120
1.5466 -2.4656 2.5335 80 200 120
2.6391 -0.7349 0.2439 80 200 120
0.4840 1.3862 1.9576 80 200 120
1.3229 1.0245 1.9300 80 200 120
0.8812 1.9679 1.3158 80 200 120
0.2814 2.4853 1.3416 80 200 120
-0.3981 1.2973 2.0107 80 200 120
0.4236 0.2959 2.2559 80 200 120
0.2085 -0.8482 0.3292 80 200 120
0.9927 -1.9180 2.4613 80 200 120
0.2464 -0.6537 0.0981 80 200 120
0.2610 1.5681 1.9833 80 200 120
-0.6807 -0.9612 1.6292 80 200 120
-0.4458 -0.6405 2.1614 80 200 120
-0.4261 2.6221 1.1546 80 200 120
-1.1075 2.9374 0.0245 80 200 120
-3.4351 0.3275 1.7503 80 200 120
-2.1310 1.0518 3.1687 80 200 120
-3.5170 0.5678 2.7220 80 200 120
-1.9153 1.8442 3.1578 80 200 120
-0.6914 2.0620 1.0997 80 200 120
-2.9414 0.6376 1.7045 80 200 120
-2.7449 0.7758 0.9373 80 200 120
-2.6820 1.1983 0.5390 80 200 120
-1.4865 1.5562 3.1867 80 200 120
-0.7443 1.0565 0.7748 80 200 120
-1.5534 -1.7302 3.0788 80 200 120
-3.1938 2.9232 2.6028 80 200 120
-2.2039 -3.7073 0.0569 80 200 120
-2.1080 -7.5305 -0.0636 80 200 120
-2.3822 -3.3029 1.5382 80 200 120
1.3019 -2.2843 0.0100 80 200 120
-2.3793 -4.9903 1.6374 80 200 120
2.1048 -4.5174 2.8432 80 200 120
-1.7365 -3.9786 2.4782 80 200 120
-2.9364 -4.8749 2.4275 80 200 120
3.4960 -3.3250 2.1169 80 200 120
0.4908 -2.2359 0.3239 80 200 120
-5.3218 -5.9999 0.0812 80 200 120
2.6016 -0.8190 0.0282 80 200 120
3.1677 -2.2000 1.7159 80 200 120
-0.8663 1.3159 -0.0018 80 200 120
-2.0097 -0.4877 0.7805 80 200 120
0.3635 0.3597 0.1250 80 200 120
3.4649 -3.2271 1.4702 80 200 120
3.4907 -3.7991 0.5099 80 200 120
1.4772 -2.4168 1.5576 80 200 120
-0.4760 -1.1599 0.7376 80 200 120
-0.5316 -1.0358 0.6623 80 200 120
0.9328 -2.2280 1.2314 80 200 120
0.4986 -1.4901 1.2070 80 200 120
2.7965 -3.2019 0.8921 80 200 120
1.1043 0.5477 1.0611 80 200 120
0.7784 0.8299 0.8063 80 200 120
-0.2884 -1.3312 1.0732 80 200 120
-0.2915 -0.9169 1.2828 80 200 120
0.9303 0.7776 0.8752 80 200 120
2.4438 -1.5906 0.2463 80 200 120
-0.4318 -1.1049 0.5810 80 200 120
1.2328 0.2949 1.1210 80 200 120
2.3830 -2.8335 1.1125 80 200 120
1.7917 -1.1766 1.7165 80 200 120
0.5646 -0.2961 1.5744 80 200 120
-0.4497 0.3453 1.4936 80 200 120
-0.6245 -0.7256 0.8123 80 200 120
1.0848 0.1659 1.2903 80 200 120
1.3263 0.0338 1.0691 80 200 120
-0.5489 0.2195 1.4500 80 200 120
-0.6930 -0.6244 0.7795 80 200 120
0.6217 -0.6595 1.5883 80 200 120
1.0536 0.3007 1.2502 80 200 120
1.7147 -0.8351 1.6595 80 200 120
-0.5488 -0.9619 0.7708 80 200 120
0.9684 -2.3760 0.8240 80 200 120
0.2954 1.3223 0.9388 80 200 120
2.1567 -1.3229 1.2210 80 200 120
0.1177 1.3683 1.1293 80 200 120
-0.3456 -0.7774 1.2816 80 200 120
-0.2306 -0.6324 1.6168 80 200 120
0.8585 0.7651 1.0360 80 200 120
0.7727 0.4368 0.2388 80 200 120
2.5737 -1.8671 0.5018 80 200 120
-0.5716 -0.9059 0.5824 80 200 120
0.5298 -1.7329 1.0911 80 200 120
1.9995 -3.4965 0.9243 80 200 120
-0.6349 -0.7528 0.6306 80 200 120
4.0505 -4.0574 -0.0013 80 200 120
-0.2993 -1.0608 0.6747 80 200 120
2.6707 -2.0408 0.0425 80 200 120
2.7365 -3.4699 3.1427 80 200 120
2.5550 -1.5022 0.5962 80 200 120
0.8183 0.4314 1.3673 80 200 120
1.9197 -0.9341 0.0613 80 200 120
0.2392 -1.2424 1.3539 80 200 120
-0.0408 -1.3755 1.3202 80 200 120
0.3457 -1.4896 0.7671 80 200 120
-2.5022 0.1048 3.1144 80 200 120
-1.9535 0.2318 2.0578 80 200 120
-0.5476 2.2077 0.3260 80 200 120
-2.7069 0.6860 3.1153 80 200 120
-0.7798 0.0012 3.2619 80 200 120
-0.5642 2.5800 1.3685 80 200 120
-1.2076 -0.4471 0.5866 80 200 120
-1.1065 -1.1495 0.9546 80 200 120
-0.2299 -0.9547 1.2249 80 200 120
-1.0062 -1.4982 1.5637 80 200 120
-2.8118 -1.0925 1.3943 80 200 120
-3.1906 -4.7665 2.9912 80 200 120
-1.3858 -4.3869 2.6356 80 200 120
3.3598 -3.1309 3.1073 80 200 120
-2.4902 -2.6548 0.7095 80 200 120
-1.8853 -4.4448 1.9964 80 200 120
-2.4228 -2.7049 0.3842 80 200 120
0.5600 -2.0025 0.8767 80 200 120
-0.7906 -3.8729 3.0893 80 200 120
1.9804 -4.6120 0.1055 80 200 120
1.7409 -3.9612 0.6581 80 200 120
-0.0558 -1.1046 3.1843 80 200 120
2.6752 -1.4927 3.1825 80 200 120
-3.1560 0.6932 3.2314 80 200 120
-0.2522 -1.7229 0.9641 80 200 120
1.3275 -0.6866 1.2829 80 200 120
1.9643 -2.5785 3.2255 80 200 120
1.7768 -0.5493 3.2503 80 200 120
-0.4080 -3.2854 3.1450 80 200 120
-1.4547 -1.7676 3.1423 80 200 120
-2.3463 -3.1186 0.3764 80 200 120
2.6110 -2.7112 3.2596 80 200 120
-3.4618 -1.2133 2.9917 80 200 120
-3.4911 0.4268 2.1860 80 200 120
3.5391 -3.7412 2.9410 80 200 120
2.6503 -4.8170 0.6327 80 200 120
-0.1127 -1.8830 3.1099 80 200 120
1.9330 -1.2178 1.7850 80 200 120
-3.4192 0.3282 1.7171 80 200 120
2.6723 -2.0335 3.3204 80 200 120
-2.0218 0.1400 3.1622 80 200 120
-4.0629 0.0177 0.4140 80 200 120
2.4120 -3.1236 3.1703 80 200 120
0.1907 -2.0269 3.0988 80 200 120
-0.2945 -1.2596 0.2080 80 200 120
1.9108 -1.3474 1.0776 80 200 120
-2.3949 -1.7435 3.1523 80 200 120
-2.5968 -1.3261 1.4703 80 200 120
2.3882 -4.5333 3.2161 80 200 120
1.4099 -2.5956 3.1909 80 200 120
-1.6076 -1.0553 3.1144 80 200 120
-3.4642 -2.1142 2.8076 80 200 120
0.1321 -1.7232 0.8707 80 200 120
-0.1394 -0.1386 0.0156 80 200 120
-5.7529 -1.1850 -0.0125 80 200 120
-2.3749 -1.3398 0.7731 80 200 120
-2.2030 -4.0192 2.4773 80 200 120
0.5014 -2.5389 2.7724 80 200 120
-2.7295 1.3048 0.9519 80 200 120
3.1404 -3.4127 0.3844 80 200 120
1.2081 -3.3514 2.1963 80 200 120
1.1966 -3.4370 2.5997 80 200 120
2.7480 -4.8442 1.2373 80 200 120
0.9477 -2.8400 0.5332 80 200 120
0.3386 -1.9084 0.8499 80 200 120
-3.0505 1.8299 3.2046 80 200 120
-0.7686 0.0121 3.2487 80 200 120
-2.9075 -2.1051 3.1426 80 200 120
0.9152 -2.2592 3.1356 80 200 120
-1.7212 -4.7375 0.4888 80 200 120
3.4788 -4.2889 0.0945 80 200 120
3.9855 -3.9262 0.0642 80 200 120
3.4876 -3.8599 0.4888 80 200 120
3.2611 -5.0817 2.4597 80 200 120
3.3545 -3.8715 1.0369 80 200 120
0.9096 -2.9027 1.0673 80 200 120
3.2389 -1.8712 0.0600 80 200 120
3.4447 -3.0019 0.5517 80 200 120
2.3969 -1.5948 0.2222 80 200 120
1.7171 -4.4224 1.5610 80 200 120
3.5654 -2.5250 0.0287 80 200 120
2.5815 -6.4233 0.0935 80 200 120
4.0790 -3.4000 0.0662 80 200 120
2.3750 -0.6767 0.2064 80 200 120
2.5048 -0.8851 0.4094 80 200 120
2.4450 -1.8966 0.5377 80 200 120
3.0794 -4.9344 0.8233 80 200 120
2.6043 -1.0691 0.2989 80 200 120
3.4146 -4.9959 0.4692 80 200 120
3.8335 -5.9751 2.0882 80 200 120
2.9044 -2.3843 1.8444 80 200 120
6.9534 -0.3537 0.1318 80 200 120
2.0272 -5.1751 0.6323 80 200 120
3.9149 -2.0498 1.0209 80 200 120
2.1716 -4.9582 2.4332 80 200 120
1.8623 -0.7379 0.4695 80 200 120
1.5071 -0.9329 0.7323 80 200 120
2.8737 -3.1303 1.8500 80 200 120
0.7143 -3.2858 0.3388 80 200 120
-2.2479 1.2303 0.6822 80 200 120
-2.6780 1.8642 -0.0180 80 200 120
-1.3505 1.2185 -0.0018 80 200 120
-1.4336 0.3958 0.4562 80 200 120
-1.5487 0.7357 0.1408 80 200 120
-1.5985 0.7264 0.5303 80 200 120
-2.9410 0.7312 0.0152 80 200 120
-3.0701 1.5833 0.0184 80 200 120
-0.6587 -0.4209 0.1068 80 200 120
-1.6556 0.5151 -0.0306 80 200 120
3.4257 -3.2943 2.0700 80 200 120
4.4408 -5.4790 0.1317 80 200 120
2.5516 -3.6411 0.1207 80 200 120
4.0498 -3.5110 0.6072 80 200 120
-0.2856 2.6805 0.0234 80 200 120
-3.3729 2.7360 2.1476 80 200 120
-2.9213 3.2728 3.0713 80 200 120
-3.0568 -1.4249 2.4583 80 200 120
-2.7666 1.5530 3.2016 80 200 120
-2.1524 1.5674 0.7194 80 200 120
-3.4189 1.7676 1.4051 80 200 120
-3.7544 0.4673 0.0515 80 200 120
-5.0510 -1.2104 1.5282 80 200 120
-0.4251 2.4611 0.2577 80 200 120
-3.4747 0.7594 2.4131 80 200 120
-3.1273 1.2531 -0.0196 80 200 120
-2.9414 -1.2175 1.1238 80 200 120
-2.8602 0.4285 0.9326 80 200 120
-1.0323 0.7443 3.2212 80 200 120
-1.1781 0.4148 3.1743 80 200 120
-0.6147 0.6855 3.1326 80 200 120
-3.9331 -0.4735 3.8827 80 200 120
-1.2548 3.6067 2.9546 80 200 120
-3.0198 1.6946 0.9476 80 200 120
-1.0990 1.3255 3.2160 80 200 120
-0.6911 3.3618 3.2020 80 200 120
-0.2915 4.5487 0.4525 80 200 120
-0.4209 4.7220 2.8412 80 200 120
-3.2797 -0.2382 0.7673 80 200 120
-0.3117 1.8571 3.1580 80 200 120
-4.4085 -0.2258 1.9627 80 200 120
-3.5144 2.0189 2.8373 80 200 120
-1.9238 -3.1096 2.3483 80 200 120
-1.0543 3.2114 3.1987 80 200 120
-2.1913 -2.2174 3.1367 80 200 120
-0.5030 2.4076 3.2396 80 200 120
-1.9254 -0.1028 3.1181 80 200 120
-3.4370 -0.5953 2.8535 80 200 120
-1.2517 -2.7217 3.0054 80 200 120
-1.6391 0.8751 3.2500 80 200 120
-2.5823 -1.5928 3.1777 80 200 120
-3.3994 -1.0411 1.3028 80 200 120
-1.4952 1.8936 3.2523 80 200 120
-2.4881 -0.7030 3.1970 80 200 120
-1.6618 -2.1951 1.6258 80 200 120
-1.4533 2.9596 3.2509 80 200 120
-2.7283 -2.1136 2.9441 80 200 120
-0.6837 2.1316 3.2563 80 200 120
-2.0391 0.2917 3.1923 80 200 120
-0.9647 2.0665 3.1981 80 200 120
-0.9523 -0.3681 3.1546 80 200 120
-1.3620 -2.8848 2.2238 80 200 120
-0.6092 0.3534 3.2901 80 200 120
-0.8102 -0.7229 3.2438 80 200 120
-2.2129 -2.8416 3.2730 80 200 120
-1.3835 -0.2593 0.1528 80 200 120
-0.5268 1.5632 3.2137 80 200 120
-2.4322 -1.1604 3.1754 80 200 120
-1.3562 0.0902 3.3739 80 200 120
-0.6339 1.1914 0.5310 80 200 120
-0.4090 1.1122 3.1673 80 200 120
-3.3700 -0.2048 2.3476 80 200 120
-1.7057 2.3353 3.1862 80 200 120
-4.3718 -0.9952 2.2717 80 200 120
-3.3381 1.7359 3.1186 80 200 120
-0.1933 -0.0484 3.3040 80 200 120
-2.8017 1.9326 3.2071 80 200 120
-3.0875 2.3861 3.1704 80 200 120
-3.1771 -0.8362 3.0510 80 200 120
-2.4058 0.7961 3.2195 80 200 120
-3.5135 -1.2435 3.0105 80 200 120
-2.6577 1.0942 3.1687 80 200 120
-1.8539 2.7516 3.1670 80 200 120
-2.7924 -0.4101 3.2309 80 200 120
-3.4697 -4.2705 4.3395 80 200 120
1.1826 -3.4777 -0.0203 80 200 120
-2.5726 -2.8900 1.5790 80 200 120
0.6410 -3.1202 2.7127 80 200 120
-3.5211 0.6672 2.7130 80 200 120
-2.6087 -2.5383 1.1733 80 200 120
-0.4358 -2.5902 3.1499 80 200 120
0.0503 -3.9456 3.2338 80 200 120
-2.8714 -2.7546 3.1321 80 200 120
0.5272 -2.3396 1.5248 80 200 120
-3.5586 -4.1039 2.7849 80 200 120
-0.7926 -2.5368 3.5146 80 200 120
-1.5656 -3.5564 3.1322 80 200 120
-2.2937 -2.9536 0.6879 80 200 120
3.4560 -2.7069 3.1399 80 200 120
-3.3360 -0.3944 3.2177 80 200 120
-1.3933 0.4937 3.3346 80 200 120
0.0350 -1.7018 0.5818 80 200 120
3.6351 -4.3956 1.5058 80 200 120
-1.4301 -1.3102 3.1765 80 200 120
-1.9799 -1.3352 3.1634 80 200 120
-3.3736 -2.6243 3.0767 80 200 120
-3.5391 -0.0588 0.7064 80 200 120
-1.4712 -0.1069 3.2882 80 200 120
-1.3442 -2.8507 3.1698 80 200 120
-2.4888 -4.1566 0.4231 80 200 120
0.3326 -1.7691 0.0168 80 200 120
-3.6682 1.3781 1.2987 80 200 120
0.0503 -1.1479 -0.0006 80 200 120
-2.1780 1.0923 3.3027 80 200 120
3.6174 -4.8981 2.0610 80 200 120
1.3716 -3.2767 1.5233 80 200 120
-3.6108 1.6525 2.8386 80 200 120
-2.4312 -1.3994 3.1698 80 200 120
-0.0542 -1.6523 0.4718 80 200 120
2.9748 -2.3626 2.3189 80 200 120
-2.3070 -3.8970 0.8204 80 200 120
1.2008 -0.6222 3.3459 80 200 120
-0.4789 -0.0415 3.4081 80 200 120
-2.1284 2.1717 3.6362 80 200 120
1.5732 -1.2102 3.3601 80 200 120
-1.4517 1.5570 3.1876 80 200 120
-4.2078 0.5345 0.0232 80 200 120
-0.7344 -2.6915 -0.0221 80 200 120
3.2271 -3.0924 1.9705 80 200 120
2.2192 -4.6408 0.6957 80 200 120
2.7912 -1.3669 0.0537 80 200 120
2.0446 -4.5500 1.3548 80 200 120
2.9305 -0.7039 0.0039 80 200 120
1.0687 -3.0350 0.6284 80 200 120
2.4965 -1.0133 0.0109 80 200 120
3.7089 -2.4472 1.3290 80 200 120
3.4550 -4.7116 1.3960 80 200 120
3.5659 -1.3179 1.8812 80 200 120
3.8917 -5.1161 2.2868 80 200 120
3.4614 -2.6369 0.3965 80 200 120
3.3761 -2.9340 0.9710 80 200 120
3.4413 -2.6127 1.1641 80 200 120
2.3946 -4.7785 0.3351 80 200 120
2.5668 -5.1487 2.2019 80 200 120
2.3749 -0.0191 0.1273 80 200 120
2.4958 -0.0303 0.5804 80 200 120
2.3498 -4.1582 1.1037 80 200 120
3.1453 -1.5686 1.6745 80 200 120
-3.1515 -0.9482 0.0233 80 200 120
-3.6111 -0.0085 0.3565 80 200 120
-7.4460 -0.7258 0.0878 80 200 120
-3.4678 -0.5702 0.3761 80 200 120
-3.5130 -0.3530 0.3383 80 200 120
-2.4755 -0.8950 0.5188 80 200 120
-4.6345 -1.3856 0.9336 80 200 120
-3.3327 0.1753 0.9274 80 200 120
-3.3477 2.4237 1.0009 80 200 120
-3.3698 2.1556 1.1329 80 200 120
-3.4766 0.4086 0.7849 80 200 120
-2.3986 -1.1973 0.4006 80 200 120
-3.1153 2.3362 0.3956 80 200 120
-2.8343 -2.5045 0.0192 80 200 120
-2.7744 1.2350 0.5460 80 200 120
-2.0743 -0.9130 0.4374 80 200 120
2.8050 -1.8099 0.5943 80 200 120
2.7823 -1.2306 0.8230 80 200 120
2.0507 -4.5313 2.8686 80 200 120
-2.6669 -8.5104 5.1901 80 200 120
1.0151 -3.1626 2.5879 80 200 120
3.3546 -3.1398 3.0917 80 200 120
3.5070 -4.0731 1.0927 80 200 120
2.8449 -4.9513 1.2396 80 200 120
0.4143 -2.6136 1.8634 80 200 120
3.4559 -4.2052 1.6065 80 200 120
0.6590 -2.3473 3.0800 80 200 120
-0.1149 -3.3768 3.1814 80 200 120
0.6183 -3.1769 2.7653 80 200 120
1.7077 -0.5679 3.1994 80 200 120
3.2742 -2.0913 3.0891 80 200 120
2.9352 -4.7931 3.0685 80 200 120
3.4142 -4.3868 2.9705 80 200 120
1.3169 -3.8184 2.5941 80 200 120
3.4034 -0.6669 1.7773 80 200 120
3.4134 -1.5461 3.0663 80 200 120
-0.4564 -2.5814 3.1475 80 200 120
2.6186 -1.4815 3.1737 80 200 120
3.3840 -2.1357 2.6816 80 200 120
3.4251 -1.4006 2.4099 80 200 120
-0.4376 -2.3534 1.5977 80 200 120
0.4977 -2.5920 2.7932 80 200 120
-0.8294 -2.3930 3.3601 80 200 120
-1.7439 -4.5693 3.9361 80 200 120
1.0865 -0.6310 3.1960 80 200 120
1.6087 -4.1544 0.5145 80 200 120
3.3552 -2.3751 2.1038 80 200 120
-0.9076 -4.2714 3.3795 80 200 120
3.3815 -0.7063 3.0810 80 200 120
0.8994 -2.8290 2.8708 80 200 120
1.9019 -2.5181 3.1639 80 200 120
-0.4782 -3.0641 3.2141 80 200 120
0.2989 -3.8259 2.8272 80 200 120
1.1571 -2.6765 3.1260 80 200 120
0.7887 -1.8135 3.1588 80 200 120
2.9973 -1.6782 0.8399 80 200 120
1.2249 -1.3325 3.1410 80 200 120
2.4638 -2.6269 3.1853 80 200 120
2.2203 -1.4338 3.2168 80 200 120
-0.0054 -0.6201 3.4189 80 200 120
1.5298 -3.2106 3.1383 80 200 120
3.4160 -0.9918 2.6729 80 200 120
-0.0546 -1.8268 3.1573 80 200 120
2.4495 -3.7713 3.1756 80 200 120
3.4424 -2.7803 1.8746 80 200 120
2.9014 -0.7866 3.1768 80 200 120
2.4861 -2.1703 3.1962 80 200 120
3.3977 -1.9279 1.4769 80 200 120
2.0238 -0.3321 3.1475 80 200 120
3.5109 -3.6569 2.8952 80 200 120
2.0564 -0.7596 3.1453 80 200 120
-0.1830 -2.1371 1.4547 80 200 120
1.9058 -3.1360 3.1321 80 200 120
3.4085 -1.3485 1.4781 80 200 120
-0.1834 -4.0213 3.1068 80 200 120
3.4139 -4.7864 1.3495 80 200 120
0.1313 -2.4322 3.1382 80 200 120
0.6123 -0.6154 3.1373 80 200 120
-0.1440 -1.4668 3.1116 80 200 120
-0.6066 -1.8310 3.1800 80 200 120
0.5887 -1.2571 3.1982 80 200 120
0.2593 -3.4761 3.1592 80 200 120
-0.1466 -2.7692 3.2062 80 200 120
-0.2084 -0.9265 3.1978 80 200 120
2.9751 -1.2067 3.1921 80 200 120
1.3154 -2.1139 3.1450 80 200 120
0.5177 -2.1303 0.5120 80 200 120
3.4243 -2.7120 2.7170 80 200 120
0.2809 -1.7207 1.0614 80 200 120
2.9172 -1.9007 0.3357 80 200 120
-0.1790 -1.1745 3.2342 80 200 120
-0.4887 -1.4311 3.2107 80 200 120
-1.5187 0.4897 3.6120 80 200 120
1.7002 -3.8295 3.0465 80 200 120
-2.8858 -1.8514 5.1921 80 200 120
-3.3667 -3.1938 4.6176 80 200 120
-1.8964 -2.0050 3.7034 80 200 120
-1.1157 -3.1058 3.3446 80 200 120
-0.6172 -0.8688 3.1637 80 200 120
-1.5229 -2.0772 3.6963 80 200 120
-1.1630 0.1087 3.9316 80 200 120
-0.8008 -0.0091 3.5930 80 200 120
-0.9107 -1.5598 3.2724 80 200 120
-1.7962 -1.6327 3.9575 80 200 120
-2.4303 0.2304 3.7243 80 200 120
-1.7782 -0.7794 3.5073 80 200 120
0.1491 -0.8997 3.0820 80 200 120
2.3991 -0.5306 0.5085 80 200 120
2.5348 -0.8613 0.7152 80 200 120
-2.8784 -0.6918 3.8223 80 200 120
-1.0885 0.8045 3.4504 80 200 120
3.4572 -0.3734 1.6239 80 200 120
4.9152 0.1610 2.1791 80 200 120
1.2416 -0.2156 3.2239 80 200 120
1.5874 -0.2476 3.1763 80 200 120
-2.6480 -3.2146 3.7833 80 200 120
2.8374 -0.4305 0.8351 80 200 120
-0.8205 -0.5184 3.2609 80 200 120
-1.3899 -0.2580 3.2897 80 200 120
-0.5605 2.9596 0.0648 80 200 120
-0.1485 2.8125 3.0191 80 200 120
-0.1585 3.8037 2.8154 80 200 120
-2.9965 -1.1854 3.2424 80 200 120
-1.8748 1.3713 3.2904 80 200 120
-2.7333 -1.0747 1.3449 80 200 120
-1.4357 -1.9459 3.5221 80 200 120
-3.2948 -2.4836 2.9485 80 200 120
-1.4917 -1.3537 3.1854 80 200 120
-0.1719 3.6280 1.7867 80 200 120
-3.5216 0.1158 2.7502 80 200 120
-0.8964 -1.5482 3.1912 80 200 120
-3.3987 2.1394 1.3681 80 200 120
-0.3888 3.9451 0.9960 80 200 120
0.1180 3.0843 2.6440 80 200 120
-3.4159 0.1630 3.1747 80 200 120
-3.2161 2.1647 0.6113 80 200 120
-1.2135 -0.9705 3.1763 80 200 120
-9.0810 -1.7244 3.7709 80 200 120
0.6508 -2.4045 3.0906 80 200 120
0.8079 -1.7749 3.1962 80 200 120
-2.6675 -1.1324 3.1994 80 200 120
4.3185 -1.6387 2.8714 80 200 120
-1.0302 0.8252 3.3472 80 200 120
-3.8806 3.0921 2.4299 80 200 120
3.5148 -3.2021 1.3559 80 200 120
0.9150 -2.7878 0.5243 80 200 120
3.4774 -4.9179 0.9035 80 200 120
-0.3869 -1.7344 0.3062 80 200 120
0.2533 -1.7889 0.3922 80 200 120
3.7045 -2.2752 2.8960 80 200 120
1.7793 -0.2934 3.2967 80 200 120
-1.9245 -2.2545 -0.0342 80 200 120
-2.1939 -2.9748 0.0383 80 200 120
-1.0707 -3.0111 -0.0304 80 200 120
-1.1935 -4.6992 2.0689 80 200 120
0.8757 -2.7614 1.2023 80 200 120
-1.2965 1.2585 3.6506 80 200 120
2.7825 -1.7892 0.5395 80 200 120
3.4555 -3.4818 1.0192 80 200 120
3.2897 -1.4104 1.1451 80 200 120
3.3632 -2.8127 1.6276 80 200 120
3.9757 -1.9940 1.6628 80 200 120
1.9383 -0.1780 0.0319 80 200 120
2.3102 -0.4729 0.1920 80 200 120
3.0422 -1.2772 0.7959 80 200 120
-1.6474 -5.8665 0.0100 80 200 120
3.3810 -0.6625 1.0596 80 200 120
2.9890 -5.3408 2.9357 80 200 120
2.6452 -1.3016 0.3006 80 200 120
2.8445 -0.3510 0.7802 80 200 120
-2.1181 -2.0816 0.0454 80 200 120
-2.3938 -1.3424 0.7820 80 200 120
-2.6399 -0.0658 0.6034 80 200 120
-2.7288 -1.0452 0.1215 80 200 120
-1.9743 -2.2637 0.0182 80 200 120
-3.9088 1.1207 1.4314 80 200 120
-4.2537 3.5323 1.2476 80 200 120
-4.1662 -0.9716 0.0182 80 200 120
-1.9149 -1.5086 0.2312 80 200 120
-0.6591 1.6568 0.0422 80 200 120
3.4514 -4.7266 2.0355 80 200 120
3.4703 -3.0056 0.5176 80 200 120
3.2037 -5.0290 2.3684 80 200 120
3.3500 0.0774 2.7280 80 200 120
2.4366 -0.0988 0.7275 80 200 120
2.5954 0.2418 0.6832 80 200 120
3.3949 0.2792 1.9044 80 200 120
-2.1260 -3.1790 3.1768 80 200 120
3.4991 -3.3069 1.0647 80 200 120
-0.6714 0.7677 3.3083 80 200 120
-0.7664 3.6621 3.3375 80 200 120
-1.2472 1.1160 3.3564 80 200 120
-3.0742 1.0660 1.0604 80 200 120
-3.0205 0.3653 3.2283 80 200 120
-0.3480 2.8016 0.9801 80 200 120
-0.1999 3.4167 3.0364 80 200 120
-3.4422 0.5349 3.1984 80 200 120
-2.3331 3.5074 3.1697 80 200 120
-3.2603 0.8832 1.1241 80 200 120
-3.5510 3.2049 1.4598 80 200 120
-3.3752 2.3994 1.0789 80 200 120
-3.4901 0.6889 2.0832 80 200 120
-0.0216 2.6300 1.5780 80 200 120
-0.0474 2.7468 0.8198 80 200 120
-2.9279 -1.7942 1.0786 80 200 120
-2.9685 -1.2286 1.1947 80 200 120
-2.2601 -1.0708 1.2077 80 200 120
0.3498 3.5574 2.5220 80 200 120
0.5387 4.1833 0.7932 80 200 120
-2.1341 -1.0903 0.8860 80 200 120
-2.9646 -1.7400 1.3897 80 200 120
3.3794 -1.5869 3.1540 80 200 120
0.6505 -2.3209 -0.0208 80 200 120
1.1460 -2.9604 0.0325 80 200 120
1.8336 -4.1212 0.3157 80 200 120
-1.4205 -3.2210 -0.0552 80 200 120
-2.9896 -0.9120 0.0567 80 200 120
-2.4810 -1.0008 0.0275 80 200 120
3.2223 -4.0662 0.0635 80 200 120
-1.8336 -1.6330 0.0104 80 200 120
-3.3742 -0.4843 -0.0024 80 200 120
-3.4221 -0.7229 0.0069 80 200 120
3.5966 -2.7815 2.7675 80 200 120
-1.5595 -4.7981 0.3904 80 200 120
3.2719 -2.4292 0.7418 80 200 120
2.9494 -0.8925 0.7779 80 200 120
-1.2314 -4.1620 0.6181 80 200 120
3.6256 -5.3745 1.9861 80 200 120
2.5700 -0.9009 0.3924 80 200 120
2.5025 -1.8855 -0.0098 80 200 120
1.5168 -2.7036 -0.0360 80 200 120
2.7928 -1.8910 0.2410 80 200 120
2.2507 -1.3752 0.0155 80 200 120
2.4352 -0.6061 0.0188 80 200 120
1.0254 -2.8837 -0.0005 80 200 120
2.6091 -0.5664 0.5277 80 200 120
3.1204 -1.5556 0.6288 80 200 120
3.5623 -4.3846 2.5890 80 200 120
3.3042 -3.6120 2.2301 80 200 120
-3.3615 -0.8087 0.4211 80 200 120
-3.5366 -0.4208 1.6223 80 200 120
-2.0146 -2.7867 0.0254 80 200 120
-2.4790 -1.1030 0.0458 80 200 120
-3.0854 2.0859 0.6729 80 200 120
-2.5530 -2.7213 0.7071 80 200 120
-2.8118 0.3632 0.0215 80 200 120
-3.0271 0.1600 -0.0013 80 200 120
-3.4759 -0.8428 1.0335 80 200 120
-3.4425 -0.0147 0.3733 80 200 120
-2.3914 -2.1648 0.2984 80 200 120
-3.4086 -0.3254 0.3202 80 200 120
-3.0552 0.4072 0.5593 80 200 120
-2.2782 -3.8576 0.4234 80 200 120
-3.4718 -0.3845 0.6108 80 200 120
-3.0192 1.1593 0.7644 80 200 120
-0.4838 -0.3466 0.0754 80 200 120
-3.7817 2.2737 1.7306 80 200 120
-3.5197 -0.6069 0.8211 80 200 120
-3.5594 0.7444 1.5336 80 200 120
-2.8896 -0.9476 0.8010 80 200 120
-3.2250 0.3463 0.8357 80 200 120
-3.4975 0.2073 0.7013 80 200 120
-2.3867 -1.5785 0.2151 80 200 120
-3.4126 0.3658 0.2712 80 200 120
-0.5942 2.2238 0.0419 80 200 120
-0.6771 2.5857 0.2608 80 200 120
-0.6147 1.1738 0.0376 80 200 120
-0.3508 2.6890 0.0517 80 200 120
-0.5297 2.4565 0.0627 80 200 120
-0.6171 1.6840 0.6069 80 200 120
-0.6003 1.7337 0.3475 80 200 120
-0.7185 0.9836 0.0206 80 200 120
-0.5577 2.4468 0.4266 80 200 120
-0.2500 2.7335 0.7411 80 200 120
3.2618 0.7045 2.6125 80 200 120
3.4777 -4.9098 0.8921 80 200 120
2.0689 -0.5186 0.0314 80 200 120
3.3113 0.7237 2.1295 80 200 120
-0.2244 2.8881 3.0490 80 200 120
2.9321 0.2119 3.1749 80 200 120
0.1423 0.1550 3.0482 80 200 120
3.1684 0.4816 0.2683 80 200 120
3.4110 -2.4088 1.2923 80 200 120
-0.2264 2.5411 3.1875 80 200 120
-2.0961 -4.3326 3.3950 80 200 120
3.3364 -1.7686 2.2216 80 200 120
2.2498 -1.3831 0.0459 80 200 120
2.1374 -1.0963 0.0732 80 200 120
-0.1380 1.2635 3.1595 80 200 120
-0.5230 2.5903 3.4457 80 200 120
-0.8815 4.1671 3.0712 80 200 120
-2.2866 -3.5640 3.3792 80 200 120
0.2361 2.9386 0.0575 80 200 120
-0.1221 2.2135 0.0244 80 200 120
-4.3130 -4.7993 3.8677 80 200 120
-2.9227 0.4464 0.9530 80 200 120
0.1639 2.2636 3.1696 80 200 120
-0.2023 2.4414 3.1279 80 200 120
-3.5922 1.1890 3.0941 80 200 120
0.3860 3.6396 1.9641 80 200 120
-0.3911 2.6636 0.0509 80 200 120
-0.5583 2.1916 0.4117 80 200 120
-2.7198 1.3744 0.2374 80 200 120
-0.4448 0.0025 3.6001 80 200 120
-2.8740 1.9108 0.0665 80 200 120
-0.1436 1.2502 3.1898 80 200 120
-0.1602 -1.1962 3.2025 80 200 120
3.4442 -2.1791 3.2155 80 200 120
-1.1788 1.0431 3.1939 80 200 120
-3.1447 -0.0134 0.0144 80 200 120
3.0691 -4.4667 0.0776 80 200 120
3.5097 -3.8481 0.4071 80 200 120
-1.0943 -4.1187 0.0695 80 200 120
0.6160 -2.4006 0.3085 80 200 120
3.2479 -0.6310 2.9909 80 200 120
-0.6103 -3.5354 1.1361 80 200 120
0.1269 -3.3374 3.1407 80 200 120
2.1753 -2.4380 0.0210 80 200 120
3.5029 -1.8130 1.4676 80 200 120
1.7842 -2.6550 -0.1345 80 200 120
1.7108 -3.6551 0.0211 80 200 120
-1.1605 -4.8783 0.3589 80 200 120
2.5372 -2.2462 -0.0129 80 200 120
1.8011 -0.3556 -0.0008 80 200 120
1.6951 -0.2070 0.0271 80 200 120
-1.2206 -4.8164 1.1035 80 200 120
0.1236 -1.6364 0.3311 80 200 120
-0.1526 -1.6047 0.2367 80 200 120
2.2437 -4.8577 0.3193 80 200 120
2.8575 -4.9833 1.2526 80 200 120
0.4558 -2.0987 -0.0199 80 200 120
2.3393 -4.9057 1.0268 80 200 120
0.0842 -1.3558 -0.0080 80 200 120
2.6304 -4.8568 0.7593 80 200 120
0.2961 -1.7991 0.3783 80 200 120
2.6020 -5.4766 1.7173 80 200 120
-0.0010 -1.4072 0.0118 80 200 120
-2.7837 -1.1716 0.7201 80 200 120
-2.3981 -2.7166 0.2435 80 200 120
-2.5033 -1.8242 -0.0063 80 200 120
-1.9906 -3.2728 0.0542 80 200 120
-2.6840 1.5210 -0.0296 80 200 120
-2.9461 1.4552 0.9513 80 200 120
-2.5632 -2.6056 0.9811 80 200 120
-3.2391 -0.5300 -0.0050 80 200 120
-2.9940 1.0402 1.0725 80 200 120
-2.0730 -2.7798 0.2476 80 200 120
-2.4241 -3.1058 0.5095 80 200 120
-2.9304 0.4547 0.9552 80 200 120
-3.3919 2.4187 1.1476 80 200 120
-2.3533 -1.2471 0.5227 80 200 120
-2.6598 1.3489 0.2391 80 200 120
-2.9909 0.7844 1.0268 80 200 120
-2.3227 -1.5282 0.4320 80 200 120
-3.2194 1.9640 1.1275 80 200 120
-3.4847 1.7444 1.5291 80 200 120
-2.4110 -1.3418 0.1662 80 200 120
-3.5430 -0.5995 1.4432 80 200 120
-3.5592 -0.3975 1.2552 80 200 120
-3.5412 -0.8196 1.5364 80 200 120
-3.5730 0.0043 1.1554 80 200 120
-2.9092 -0.6812 0.0115 80 200 120
-3.2200 3.1669 0.5770 80 200 120
-2.7326 -2.4796 1.1307 80 200 120
-2.2851 -3.1122 0.8105 80 200 120
-3.4744 2.9397 0.6007 80 200 120
-3.2603 -0.9097 0.7018 80 200 120
-3.0305 2.2629 0.0548 80 200 120
-3.1902 2.8878 -0.0194 80 200 120
-2.4532 -1.7209 0.8012 80 200 120
-2.4219 -1.0764 0.3800 80 200 120
-3.0172 -0.1997 -0.0039 80 200 120
-3.3047 -0.2200 1.7384 80 200 120
-3.6012 0.3166 1.3892 80 200 120
-2.4661 -0.9264 0.3588 80 200 120
-2.8042 0.4349 0.2337 80 200 120
-2.6947 0.9463 0.3481 80 200 120
-0.8983 0.9973 0.2787 80 200 120
0.0263 2.7471 0.5810 80 200 120
-0.1352 4.3546 0.4118 80 200 120
-0.0724 0.2140 -0.0030 80 200 120
-0.0637 2.1037 0.0164 80 200 120
-0.0207 0.2198 -0.0120 80 200 120
-0.5115 3.5233 0.3499 80 200 120
0.4063 3.9996 2.1388 80 200 120
0.4668 4.6628 0.4729 80 200 120
2.3857 0.2163 0.6247 80 200 120
3.3952 -4.6745 0.2935 80 200 120
2.0628 0.4838 3.0922 80 200 120
3.3844 -0.2729 3.0525 80 200 120
3.4092 -3.6333 1.7338 80 200 120
2.1069 -0.1596 0.0627 80 200 120
-0.2385 3.6451 2.7599 80 200 120
1.6360 0.4650 3.0449 80 200 120
2.6437 -3.4084 0.1022 80 200 120
-2.4263 -1.0093 0.9714 80 200 120
0.2900 3.1070 3.0975 80 200 120
1.1262 4.4396 0.1422 80 200 120
-2.9478 2.7094 0.0969 80 200 120
-2.4720 2.5084 0.8727 80 200 120
-0.6108 2.2871 0.8759 80 200 120
-3.3791 -3.2535 2.5857 80 200 120
1.0206 4.6318 1.8955 80 200 120
-3.2030 2.5175 0.0685 80 200 120
-0.6879 1.6049 -0.0078 80 200 120
-3.3533 4.0047 3.0094 80 200 120
-3.0304 2.8869 0.5147 80 200 120
-3.2761 -0.4218 3.2177 80 200 120
-0.4974 -2.7167 3.3555 80 200 120
-2.0434 -3.3338 0.0270 80 200 120
-3.2655 -0.1911 0.0032 80 200 120
-2.0743 -3.5938 0.0432 80 200 120
-0.2129 -1.3852 -0.0108 80 200 120
-3.7170 -6.5789 1.5833 80 200 120
-1.9111 -4.8254 1.1061 80 200 120
-1.5584 -4.7064 0.2275 80 200 120
-1.4849 -4.9452 0.6382 80 200 120
-1.9626 -5.0088 0.5371 80 200 120
-2.1244 -3.6060 0.6167 80 200 120
-0.2690 -1.1424 -0.0005 80 200 120
-2.5900 -4.3939 0.3967 80 200 120
-1.2010 -3.0287 0.0151 80 200 120
2.0400 -0.5513 0.0450 80 200 120
3.4806 -3.3981 2.2480 80 200 120
3.5004 -4.0390 1.1251 80 200 120
2.9796 -1.6704 0.8231 80 200 120
0.9405 -2.8726 0.1389 80 200 120
1.6860 -0.9376 0.0464 80 200 120
1.7113 -1.4124 -0.0196 80 200 120
0.6364 -2.0428 -0.0139 80 200 120
-2.5363 -5.0281 0.4457 80 200 120
-0.5467 -2.1998 0.0211 80 200 120
1.7726 -1.2050 0.0358 80 200 120
0.6247 -2.4166 0.3165 80 200 120
0.0216 -1.6784 0.5974 80 200 120
-1.4714 -5.2385 1.8205 80 200 120
-0.0650 -1.6676 0.5140 80 200 120
-0.3864 -1.7095 0.4093 80 200 120
-0.0864 -1.4144 -0.0016 80 200 120
-0.3484 -1.7018 0.2511 80 200 120
-3.2843 0.4514 1.7957 80 200 120
-3.4708 -0.0726 0.6988 80 200 120
-3.5360 0.1353 1.5262 80 200 120
-3.5712 -0.1724 1.5462 80 200 120
-3.2675 0.1928 1.8008 80 200 120
-2.5369 -2.3999 0.6574 80 200 120
-2.7707 -1.0679 1.3579 80 200 120
-2.3585 -1.3444 0.9823 80 200 120
-2.5347 -1.2856 1.1998 80 200 120
-2.3974 -1.7536 1.0182 80 200 120
-3.5096 -0.7336 1.8368 80 200 120
-2.6306 0.5957 0.2169 80 200 120
-3.2288 -0.0484 0.1312 80 200 120
-3.7449 3.2999 1.2624 80 200 120
-2.1220 -2.4607 0.8127 80 200 120
-2.9044 -0.9238 0.2731 80 200 120
-2.6704 1.2372 0.5607 80 200 120
-2.3465 -1.5183 1.0452 80 200 120
-1.9607 -3.8703 0.2278 80 200 120
-3.8981 2.9294 1.8294 80 200 120
0.0011 -0.0542 0.0106 80 200 120
0.4573 4.0328 0.7991 80 200 120
-0.0679 0.3950 0.0192 80 200 120
0.0384 2.4835 1.1139 80 200 120
-0.5449 2.8453 0.7486 80 200 120
-0.5503 0.3830 0.0060 80 200 120
-0.6649 1.3761 0.3268 80 200 120
-0.6760 1.3638 0.1767 80 200 120
-0.3012 0.1242 -0.0012 80 200 120
-0.1813 0.1769 0.0038 80 200 120
-0.1186 -0.1376 0.0141 80 200 120
0.3625 3.5173 1.0543 80 200 120
-0.0869 -0.1970 -0.0083 80 200 120
-0.1051 0.0538 -0.0059 80 200 120
-0.1489 -0.1638 0.0097 80 200 120
-0.0731 0.1295 0.0491 80 200 120
-1.3018 1.0938 0.0190 80 200 120
0.1551 -0.0545 0.0072 80 200 120
0.5337 3.9375 1.7066 80 200 120
0.0975 -0.0318 0.0115 80 200 120
-0.0304 -0.0386 0.0070 80 200 120
-0.5076 0.9997 -0.0582 80 200 120
-0.4853 0.2053 -0.0068 80 200 120
0.8398 4.7772 0.5546 80 200 120
-0.0408 2.6594 0.8147 80 200 120
3.1687 0.6398 0.3139 80 200 120
-0.1307 0.1818 -0.0030 80 200 120
-0.1986 3.1223 1.4082 80 200 120
-0.2586 0.0881 -0.0008 80 200 120
-0.1382 0.1047 -0.0067 80 200 120
1.6330 0.4882 0.0675 80 200 120
2.3821 -4.9475 0.7176 80 200 120
3.1509 1.0489 0.2900 80 200 120
2.2272 0.2090 0.0626 80 200 120
3.1137 1.0910 2.8676 80 200 120
2.1514 -0.6532 0.0482 80 200 120
0.2300 1.2479 1.8608 80 200 120
-2.9334 0.4511 0.9259 80 200 120
0.9793 3.4549 1.7425 80 200 120
1.0243 4.1502 3.1269 80 200 120
-0.5854 2.4266 0.0141 80 200 120
-1.5859 -4.9630 3.0097 80 200 120
-2.0418 -4.8634 3.0389 80 200 120
-3.3548 3.4982 3.1520 80 200 120
-2.3126 -4.9317 1.5275 80 200 120
-2.6707 -4.8528 3.0067 80 200 120
-2.4475 -4.8730 1.9899 80 200 120
-1.9868 -4.9754 2.4648 80 200 120
-0.7743 -4.6470 2.6261 80 200 120
-2.0924 -1.8361 0.0583 80 200 120
3.5766 -3.2571 1.4161 80 200 120
-3.2869 -0.7696 -0.0171 80 200 120
-1.2355 -4.8952 2.1294 80 200 120
-0.9769 -4.7479 1.0520 80 200 120
3.5192 -3.9869 0.8005 80 200 120
-2.3237 -2.7622 0.0332 80 200 120
-2.3603 -1.0715 0.0081 80 200 120
-3.1063 -0.9531 0.0600 80 200 120
-2.4881 -0.9697 0.0349 80 200 120
3.4536 -4.4280 3.1766 80 200 120
-2.1255 -2.9490 0.0503 80 200 120
-1.0455 -3.7708 -0.0037 80 200 120
-2.3033 -3.3023 0.3008 80 200 120
3.0115 -1.4798 0.6563 80 200 120
3.5272 -1.8433 1.3197 80 200 120
2.3383 -0.8400 0.4120 80 200 120
0.1454 -1.6913 0.3394 80 200 120
2.9214 -2.2346 0.6682 80 200 120
2.8294 -1.1667 0.7569 80 200 120
1.6680 -0.7332 0.0399 80 200 120
4.2634 -1.6944 1.4832 80 200 120
2.7086 -1.3559 0.3261 80 200 120
2.8514 -4.8319 3.0445 80 200 120
3.3674 -3.1551 1.4128 80 200 120
3.4565 -4.6622 1.9603 80 200 120
-2.3419 -3.0452 0.4941 80 200 120
3.4767 -2.9182 1.9654 80 200 120
-2.2788 -3.3040 0.5833 80 200 120
4.6245 -5.2668 3.2138 80 200 120
-2.4396 -1.0969 0.8779 80 200 120
-3.2410 -1.0071 1.2358 80 200 120
-2.5596 -0.9812 0.9632 80 200 120
-2.3818 -1.9937 1.2248 80 200 120
-2.7762 -5.5831 0.8960 80 200 120
-3.4937 3.1948 0.1645 80 200 120
-1.7981 -2.9468 0.0257 80 200 120
-2.2359 -2.8531 -0.0012 80 200 120
-2.5239 -2.8308 0.4754 80 200 120
-2.3355 -3.1570 0.2998 80 200 120
-3.8559 4.3509 1.1652 80 200 120
-2.3112 -3.4568 0.5575 80 200 120
-2.0881 -3.2337 0.1992 80 200 120
-2.9831 1.2493 1.0181 80 200 120
-2.1189 -1.6373 0.0198 80 200 120
-2.3271 -2.5995 0.0303 80 200 120
-2.2348 -2.1170 0.0292 80 200 120
-2.3454 0.9766 0.0128 80 200 120
-2.3094 1.2445 0.0312 80 200 120
-2.3903 -1.9241 0.2752 80 200 120
-2.7252 1.2660 0.3527 80 200 120
-2.5626 -2.5188 0.2672 80 200 120
-1.9296 -2.7229 -0.0637 80 200 120
-1.0832 1.0994 0.4032 80 200 120
2.4300 -0.3354 0.4690 80 200 120
0.2004 2.7620 0.0509 80 200 120
2.3507 0.2113 0.6384 80 200 120
2.1377 0.1869 0.0373 80 200 120
-0.3704 3.6354 0.7508 80 200 120
-0.9027 1.0163 0.0184 80 200 120
2.9548 0.3017 0.3703 80 200 120
2.3842 -0.0103 0.5391 80 200 120
-0.3468 0.4690 0.0041 80 200 120
2.3221 -0.1198 0.1969 80 200 120
2.3167 -0.3483 0.2402 80 200 120
-0.0557 0.2740 0.0600 80 200 120
-0.4602 0.3471 0.0088 80 200 120
-0.3524 0.2099 0.0054 80 200 120
0.3779 -0.0390 0.0124 80 200 120
2.2329 -0.5519 0.1069 80 200 120
-0.0736 0.1035 0.0162 80 200 120
1.8120 -0.0090 0.0159 80 200 120
-0.2644 2.7302 1.0065 80 200 120
-0.0870 0.0229 0.0125 80 200 120
1.0581 4.9069 1.9653 80 200 120
-1.0659 0.9981 0.0249 80 200 120
0.2613 3.1884 1.7858 80 200 120
-0.4865 2.5593 1.0974 80 200 120
1.2161 -0.4007 -0.0293 80 200 120
-0.9883 1.0498 0.1239 80 200 120
2.3011 -0.1195 0.4100 80 200 120
0.7478 0.1293 0.0234 80 200 120
-0.2138 2.8223 3.0303 80 200 120
0.2478 3.0564 2.6036 80 200 120
1.0298 -3.0945 1.2931 80 200 120
2.9386 -1.5824 0.5693 80 200 120
0.4210 -2.5410 3.1385 80 200 120
0.3247 3.4017 2.4577 80 200 120
0.3478 -2.3617 1.6493 80 200 120
-0.5491 -2.0831 1.3450 80 200 120
-0.2387 2.5143 3.1739 80 200 120
2.5042 0.8511 3.0536 80 200 120
-0.9957 0.7126 3.0850 80 200 120
3.1653 1.1766 0.5781 80 200 120
0.2746 -0.0539 0.0262 80 200 120
1.9996 -3.7413 0.0725 80 200 120
0.2735 2.9854 2.9541 80 200 120
3.2003 0.7148 3.0684 80 200 120
-2.7198 0.6407 0.9288 80 200 120
-1.9647 3.8566 3.1712 80 200 120
0.4079 1.6315 1.2533 80 200 120
0.4812 1.7818 1.9696 80 200 120
-1.3072 1.1038 0.0177 80 200 120
-1.7884 2.3624 1.8852 80 200 120
-1.1623 -4.6467 0.0456 80 200 120
-2.5447 -2.4954 0.2776 80 200 120
0.2676 -3.8766 3.1584 80 200 120
-2.5522 0.0923 3.1814 80 200 120
-1.1289 -3.7025 3.1650 80 200 120
-1.4222 -3.1063 0.0184 80 200 120
2.9821 -4.3716 0.0883 80 200 120
3.7444 -4.1033 3.0903 80 200 120
-2.2797 -2.6241 0.0039 80 200 120
-2.1023 -3.6230 -0.0221 80 200 120
-2.0285 -1.9802 0.0217 80 200 120
3.3346 -4.8105 3.0164 80 200 120
-0.6818 -3.7401 0.6102 80 200 120
3.6222 -2.1503 1.8059 80 200 120
2.9324 -3.7840 0.0891 80 200 120
3.6580 -5.6571 -0.0117 80 200 120
-2.4945 -5.3328 1.6739 80 200 120
1.9617 -0.5641 0.0540 80 200 120
-2.6396 -4.5934 1.0520 80 200 120
2.3743 -0.7512 0.7124 80 200 120
-1.1314 -5.8349 1.9384 80 200 120
-1.9173 -5.6476 1.8020 80 200 120
-1.2516 -2.7956 0.0369 80 200 120
1.8736 -4.2667 1.2770 80 200 120
-1.4137 -5.1041 1.7358 80 200 120
1.0297 -0.2498 0.0137 80 200 120
-0.8342 -2.0076 -0.0201 80 200 120
2.4105 -4.8183 2.0913 80 200 120
0.0904 -1.5502 0.0147 80 200 120
-1.3088 -4.3564 -0.0037 80 200 120
-2.3753 2.1161 -0.0294 80 200 120
-2.3033 -0.5918 0.0698 80 200 120
-2.0638 -1.3409 0.0400 80 200 120
2.3361 -0.6351 0.3191 80 200 120
2.5681 0.5783 1.1337 80 200 120
0.0506 0.9569 0.0186 80 200 120
-0.6493 2.5673 0.9918 80 200 120
-0.4415 0.5302 0.0113 80 200 120
-0.2393 0.3135 0.0093 80 200 120
-0.0850 -0.0508 0.0805 80 200 120
-0.6184 0.3167 -0.0008 80 200 120
-0.2694 0.5397 -0.0081 80 200 120
0.4789 2.4310 0.0771 80 200 120
-0.6107 0.1873 -0.0029 80 200 120
-0.3659 1.9453 -0.0964 80 200 120
0.9338 -0.2224 -0.0122 80 200 120
-0.0987 0.1329 0.0140 80 200 120
-0.3399 2.7590 0.0818 80 200 120
3.2516 0.6979 0.2658 80 200 120
0.9381 4.7005 0.5207 80 200 120
1.0637 4.8259 1.2871 80 200 120
-0.8097 1.0588 0.3865 80 200 120
0.3414 -0.1698 0.0084 80 200 120
0.7902 4.4093 2.4580 80 200 120
2.3614 -2.7656 0.0700 80 200 120
-0.1981 3.6050 2.7962 80 200 120
-0.8693 -3.9883 3.1398 80 200 120
-1.0746 1.2107 3.0125 80 200 120
3.1625 1.0415 2.2814 80 200 120
-0.6512 4.9905 2.9992 80 200 120
2.7167 -2.0229 0.0221 80 200 120
2.1664 0.4874 0.0885 80 200 120
0.1103 -3.7696 2.5915 80 200 120
-1.4130 -3.6825 3.1466 80 200 120
0.1320 2.3200 3.1608 80 200 120
1.7188 0.5710 0.1104 80 200 120
2.2401 -1.4157 0.0981 80 200 120
2.1438 -1.1393 0.0407 80 200 120
2.0949 -0.6679 0.0628 80 200 120
-0.8163 3.5409 2.6897 80 200 120
-3.2534 3.0808 0.0733 80 200 120
2.3147 0.4880 3.3136 80 200 120
-2.9987 3.5489 2.1242 80 200 120
-0.5805 1.1432 0.0182 80 200 120
0.9355 2.6976 0.1089 80 200 120
0.2098 1.1529 0.0523 80 200 120
-3.2581 -3.6045 2.9082 80 200 120
1.7212 -0.5650 3.2205 80 200 120
-2.7013 -1.2427 1.4455 80 200 120
-2.8704 -1.1772 1.1318 80 200 120
0.4700 1.7204 2.3956 80 200 120
0.2666 0.1411 1.9044 80 200 120
-2.3482 -1.2052 1.0924 80 200 120
0.3730 1.5020 1.4706 80 200 120
-2.6670 -0.9946 0.0280 80 200 120
-2.2224 -2.2685 0.0507 80 200 120
2.9534 -4.7605 2.1854 80 200 120
-1.8210 1.7350 3.0577 80 200 120
-0.5147 -3.5996 0.0382 80 200 120
0.6639 -2.2829 0.0083 80 200 120
3.5196 -1.2309 2.4578 80 200 120
-0.4571 -1.6897 0.0067 80 200 120
3.1784 -2.3149 0.3694 80 200 120
2.1821 -0.6546 0.2320 80 200 120
2.3016 -0.8965 0.5060 80 200 120
-0.2359 -0.9765 -0.0052 80 200 120
-2.4764 -5.1513 1.0409 80 200 120
3.5753 -2.5591 1.9824 80 200 120
4.1857 -2.0677 1.7566 80 200 120
-0.7698 -3.7279 -0.0383 80 200 120
0.7303 -1.3202 0.0014 80 200 120
0.1562 -1.2550 -0.0092 80 200 120
-0.0726 -1.0666 0.0015 80 200 120
-0.9478 -1.8907 -0.0469 80 200 120
-0.8069 -4.1537 0.9768 80 200 120
3.9156 -4.4760 2.6358 80 200 120
0.6792 -0.7090 0.0053 80 200 120
-4.6539 4.5316 2.2809 80 200 120
-3.0683 0.0015 0.0094 80 200 120
-2.4025 -2.8229 0.9416 80 200 120
-2.4327 -2.0245 1.2443 80 200 120
-3.3728 -0.5086 0.0234 80 200 120
-3.5166 -0.9767 1.9573 80 200 120
-1.2272 -2.4721 0.0452 80 200 120
-2.3732 -0.9465 -0.0817 80 200 120
-3.1298 -1.3376 0.4615 80 200 120
-3.1433 1.5435 1.2922 80 200 120
-3.3842 2.3051 0.2421 80 200 120
2.3560 0.0106 0.7857 80 200 120
3.4159 0.4263 1.2257 80 200 120
-2.6532 2.3340 0.0451 80 200 120
1.7983 -0.1052 0.0241 80 200 120
3.4062 0.6776 1.0296 80 200 120
1.0678 0.2002 0.0469 80 200 120
1.3579 4.4770 2.0163 80 200 120
1.3638 4.4178 0.3580 80 200 120
2.0045 -0.6722 0.0701 80 200 120
1.1168 -0.5643 -0.0238 80 200 120
0.7603 -0.5558 -0.0231 80 200 120
-1.0549 0.3489 -0.0021 80 200 120
-0.1722 0.9858 -0.0126 80 200 120
3.3109 0.7472 0.7158 80 200 120
-0.0953 0.2367 0.0226 80 200 120
1.3323 4.3010 1.1855 80 200 120
-0.5942 0.9244 0.0010 80 200 120
0.0698 -0.1276 0.0072 80 200 120
2.3948 0.2601 0.0518 80 200 120
-2.1377 -3.1423 3.0416 80 200 120
-1.2053 1.0992 3.2374 80 200 120
0.5753 -3.0514 2.0764 80 200 120
-0.7742 -4.4848 2.8581 80 200 120
-1.4451 -4.3360 2.6331 80 200 120
-1.4404 -5.1535 2.7893 80 200 120
0.1943 -2.7469 1.8639 80 200 120
3.2289 0.5545 1.5724 80 200 120
2.8874 -1.8872 0.2431 80 200 120
1.2976 0.4072 -0.0177 80 200 120
0.5589 0.5107 2.5643 80 200 120
-2.7734 3.3155 0.6601 80 200 120
-2.2519 1.0595 0.0656 80 200 120
-2.8175 -2.7220 3.0731 80 200 120
-1.0258 6.3910 1.8136 80 200 120
-1.2361 0.9822 0.0421 80 200 120
-2.9915 3.6883 0.0471 80 200 120
-1.0291 1.0200 0.0302 80 200 120
-1.6666 -3.1673 0.0716 80 200 120
-2.4901 -2.3364 0.6175 80 200 120
-2.2643 -1.9740 0.0560 80 200 120
0.1719 0.1526 1.6762 80 200 120
-2.2118 -2.2810 0.0427 80 200 120
-2.0785 -1.8711 0.0551 80 200 120
-2.7911 -4.7113 0.8912 80 200 120
-0.9530 -4.5874 1.5293 80 200 120
2.5101 -4.1697 0.0773 80 200 120
-0.4259 -1.8090 0.5615 80 200 120
0.9487 -1.8988 -0.0385 80 200 120
-1.8858 -4.9759 1.2076 80 200 120
2.0668 -1.6652 0.0799 80 200 120
-1.8285 -3.6907 0.0060 80 200 120
2.0030 -1.0599 0.0828 80 200 120
-1.3880 -3.6759 -0.0120 80 200 120
0.1101 -1.6471 0.8178 80 200 120
-2.2753 -1.0100 1.2958 80 200 120
-2.4407 -1.3092 -0.0090 80 200 120
-1.9679 -1.2777 0.0576 80 200 120
-2.9349 3.2552 0.1409 80 200 120
-2.4383 -1.2138 1.2172 80 200 120
-2.5615 -4.4746 0.6020 80 200 120
-2.0815 -3.5162 0.0272 80 200 120
-2.6079 -2.5734 1.2044 80 200 120
-1.9971 -0.2143 -0.0130 80 200 120
-1.2108 0.2933 0.0130 80 200 120
-1.6112 -0.6151 0.0002 80 200 120
-0.6884 1.2480 0.7874 80 200 120
2.2161 -0.5214 0.4807 80 200 120
1.8279 -0.8439 0.0385 80 200 120
0.6226 -0.1651 0.0028 80 200 120
2.5014 7.4187 3.9657 80 200 120
1.4836 -0.4310 -0.0284 80 200 120
-0.7527 0.5344 0.0083 80 200 120
0.2735 -0.4150 0.0020 80 200 120
0.0526 1.4962 -0.0172 80 200 120
-1.5474 0.8370 0.0225 80 200 120
1.4873 -3.7373 0.0647 80 200 120
3.0906 -2.2552 0.4293 80 200 120
0.2057 1.3967 2.0742 80 200 120
1.9917 -0.8549 0.0685 80 200 120
-0.3932 2.5592 1.1413 80 200 120
-2.5554 0.0860 3.1476 80 200 120
-0.1210 3.5192 0.0956 80 200 120
-0.6063 1.0938 0.0206 80 200 120
-0.0983 2.0797 0.0622 80 200 120
4.3086 1.1545 3.2822 80 200 120
3.9219 1.0233 3.5235 80 200 120
-3.2119 -3.0430 2.7629 80 200 120
-2.2210 -1.0265 0.0380 80 200 120
2.3326 -3.9177 0.0491 80 200 120
1.3068 -3.4895 2.2388 80 200 120
-2.3733 -2.6254 0.4072 80 200 120
-0.8325 -4.2640 1.9752 80 200 120
2.1756 -0.8030 0.0222 80 200 120
2.3440 -0.5494 0.4978 80 200 120
0.5452 -1.6689 0.0100 80 200 120
-0.1780 -1.4713 0.0225 80 200 120
2.6943 -0.8028 0.7749 80 200 120
2.8070 -3.2175 -0.0015 80 200 120
-2.3178 -4.9800 1.5504 80 200 120
-1.4676 -5.2040 1.7863 80 200 120
0.7167 -0.8303 0.0214 80 200 120
0.0327 -1.6988 0.6019 80 200 120
-1.8910 -2.7024 -0.1432 80 200 120
-3.1769 1.2286 1.7865 80 200 120
-2.7302 -1.7557 1.5638 80 200 120
-2.4402 -1.8375 1.3458 80 200 120
-2.1300 2.4763 0.1055 80 200 120
-3.1127 3.8006 0.7288 80 200 120
-2.4192 -3.8108 0.2076 80 200 120
-3.5339 0.7243 1.6121 80 200 120
-3.4951 3.7944 1.0317 80 200 120
-3.2792 3.9454 0.0448 80 200 120
2.6020 0.7617 0.0440 80 200 120
1.3286 0.3135 -0.0426 80 200 120
2.4019 0.4718 -0.0047 80 200 120
-1.0944 0.5741 0.0215 80 200 120
2.3494 -0.1391 0.1741 80 200 120
-0.9189 0.4878 0.0071 80 200 120
-0.4310 0.2279 0.0015 80 200 120
2.9513 0.9070 0.3377 80 200 120
-5.6488 7.0584 0.6651 80 200 120
0.1356 0.0950 1.5662 80 200 120
2.7828 6.6949 -0.0145 80 200 120
3.5070 -1.4795 1.5835 80 200 120
2.6600 -1.9516 0.0115 80 200 120
2.5391 -1.3132 0.0161 80 200 120
2.5397 -1.5408 0.0622 80 200 120
3.4580 -4.3324 0.6580 80 200 120
1.1464 -0.2201 -0.0407 80 200 120
-2.3571 -1.8712 0.0070 80 200 120
-1.9598 -3.9209 0.0099 80 200 120
-2.8908 -1.4540 1.7063 80 200 120
-2.0429 -1.5668 0.0590 80 200 120
-1.5089 -3.3311 0.0590 80 200 120
-3.3342 3.2630 0.5218 80 200 120
-3.3718 0.2827 1.7834 80 200 120
-3.5560 3.0290 1.6170 80 200 120
-2.1641 -3.5373 0.0185 80 200 120
-3.3496 -0.6673 0.0089 80 200 120
-2.3924 -1.2363 0.0115 80 200 120
-2.5600 0.9746 -0.0137 80 200 120
-3.0946 0.0635 0.0367 80 200 120
-0.8781 1.0321 0.0164 80 200 120
-0.4400 1.0724 -0.0082 80 200 120
0.7370 2.7976 0.0087 80 200 120
2.2650 0.1832 0.0522 80 200 120
2.4021 -0.1156 0.7040 80 200 120
3.8148 0.4948 1.2413 80 200 120
-0.0730 0.0475 0.0035 80 200 120
0.1124 -0.2717 0.0160 80 200 120
1.5695 0.5385 -0.0117 80 200 120
2.7265 1.0929 0.0775 80 200 120
2.2667 0.2172 0.0783 80 200 120
-0.4059 3.0491 1.2601 80 200 120
2.1450 -0.2432 0.0320 80 200 120
2.4597 -1.4958 0.0977 80 200 120
2.5062 -2.3113 0.0639 80 200 120
-0.5644 1.1075 0.0728 80 200 120
-3.0910 3.1533 0.1543 80 200 120
-1.2931 1.0733 0.0290 80 200 120
-3.0145 0.3494 0.0490 80 200 120
-2.8072 -1.2950 1.4777 80 200 120
-2.7132 -1.0958 1.3127 80 200 120
-3.4358 -1.0103 0.0422 80 200 120
-1.9263 -4.9430 1.1764 80 200 120
-1.4576 -4.2958 0.0417 80 200 120
-2.4171 -1.2371 1.1286 80 200 120
-2.0936 -4.1773 0.0466 80 200 120
-2.4828 -1.1318 -0.0173 80 200 120
-2.6769 -1.0009 0.0069 80 200 120
-0.2997 -1.6900 0.9497 80 200 120
2.9087 -2.7096 -0.0023 80 200 120
-2.5353 -3.4852 -0.0438 80 200 120
3.0037 -2.4661 0.1036 80 200 120
2.3542 -0.5518 0.0233 80 200 120
-0.1889 -1.5657 0.0213 80 200 120
-1.1034 -2.1875 -0.0221 80 200 120
-3.3960 2.2164 1.8968 80 200 120
-3.6353 1.1865 2.1188 80 200 120
-3.2809 1.6603 1.8622 80 200 120
-1.2656 1.0066 0.0196 80 200 120
-2.3869 -1.6759 0.7561 80 200 120
-1.1508 0.5443 -0.0030 80 200 120
-1.5303 0.7580 -0.0105 80 200 120
-0.7426 -1.5115 -0.0217 80 200 120
0.9749 -0.2066 0.0021 80 200 120
0.8465 4.4000 0.0998 80 200 120
-0.0570 2.3292 1.4065 80 200 120
1.1187 -0.3523 -0.0204 80 200 120
0.7012 0.0736 -0.0072 80 200 120
-0.0642 0.5882 0.0170 80 200 120
2.4167 -0.5590 0.4828 80 200 120
0.2676 3.2860 1.9090 80 200 120
2.0102 -0.0100 0.0007 80 200 120
-0.2820 1.2857 0.0010 80 200 120
-1.5911 -4.9432 2.9942 80 200 120
1.7164 0.4571 0.0254 80 200 120
-0.9374 4.4308 3.2616 80 200 120
0.2768 1.2696 2.1716 80 200 120
1.9340 -3.7200 0.1170 80 200 120
2.3086 0.5529 2.4063 80 200 120
-2.8790 4.4336 3.2183 80 200 120
-2.4554 1.2593 0.0354 80 200 120
2.7631 0.7012 2.3234 80 200 120
-2.2419 1.1396 3.3752 80 200 120
3.3627 -2.0745 3.1367 80 200 120
-0.9665 -4.2401 0.0184 80 200 120
0.3870 -2.4196 1.6100 80 200 120
-2.4256 -3.6419 1.1501 80 200 120
-1.6823 -4.1019 0.0191 80 200 120
1.8391 -0.2735 3.3355 80 200 120
2.4379 0.2106 0.0526 80 200 120
2.0302 -0.2099 0.0852 80 200 120
0.1277 -0.0466 -0.0063 80 200 120
0.3155 -1.6864 0.0022 80 200 120
1.1813 -3.3156 1.3006 80 200 120
2.4020 -0.6622 0.2142 80 200 120
-2.0875 -1.8550 0.0657 80 200 120
2.4793 -1.0849 0.6659 80 200 120
3.4125 -3.1417 1.4321 80 200 120
3.3693 -3.3639 2.1640 80 200 120
1.5298 -3.8867 2.1906 80 200 120
3.0662 -4.6560 2.9022 80 200 120
3.2552 -3.5128 2.6998 80 200 120
-0.6820 -1.3696 -0.0186 80 200 120
0.2296 -1.1731 -0.0100 80 200 120
3.4027 -1.2668 1.0563 80 200 120
-1.4883 -5.2060 1.7527 80 200 120
3.4647 -2.3885 1.8405 80 200 120
3.1971 -2.7141 1.8213 80 200 120
-0.3751 -1.4577 -0.0106 80 200 120
-2.2404 -1.4542 0.0269 80 200 120
-2.3644 -1.8404 0.0168 80 200 120
-1.0117 1.0229 0.0234 80 200 120
-2.4789 -2.0694 1.2829 80 200 120
-0.8885 -1.9650 -0.0200 80 200 120
2.2074 -1.2458 0.0611 80 200 120
-1.3041 1.0886 0.0182 80 200 120
-1.0818 1.0808 0.0287 80 200 120
2.2953 -0.7274 0.0754 80 200 120
-1.0431 0.3171 0.0146 80 200 120
-2.5450 1.9356 -0.0166 80 200 120
1.7036 -0.7442 -0.0265 80 200 120
2.2869 -0.6563 0.3474 80 200 120
1.1531 -0.0902 -0.0014 80 200 120
-2.2206 1.3327 -0.0187 80 200 120
0.9853 0.0445 0.0038 80 200 120
2.0696 -0.3247 0.0464 80 200 120
2.4593 -0.0355 0.6759 80 200 120
-0.5513 1.1863 0.0138 80 200 120
-1.1836 0.5483 -0.0102 80 200 120
2.1535 -0.9635 0.1314 80 200 120
2.2131 -0.3215 0.0232 80 200 120
-0.5737 1.5497 0.7228 80 200 120
0.8224 1.9380 2.9538 80 200 120
-2.5680 4.6292 2.6026 80 200 120
-1.7297 1.6330 0.0599 80 200 120
-1.5409 3.6439 2.0001 80 200 120
-2.8239 0.4687 -0.0212 80 200 120
-1.2484 -4.0419 0.0964 80 200 120
2.8769 -5.8355 1.1234 80 200 120
-0.3619 -4.7870 2.8635 80 200 120
-2.2076 -3.6644 0.0297 80 200 120
-1.7550 -3.6537 -0.0911 80 200 120
0.6694 0.1391 0.0141 80 200 120
-2.1633 -4.3841 0.0049 80 200 120
0.4537 0.0279 -0.0023 80 200 120
2.6235 -4.6384 2.8934 80 200 120
0.1767 -0.0541 0.0127 80 200 120
1.1121 -1.8153 -0.0289 80 200 120
1.6127 -1.1065 -0.0085 80 200 120
1.4449 -1.8241 -0.0081 80 200 120
0.9980 -0.2349 -0.0110 80 200 120
-0.0522 -1.6570 0.4748 80 200 120
1.2617 -1.2800 -0.0283 80 200 120
0.3486 -2.3825 1.6075 80 200 120
0.2987 -0.0539 0.0083 80 200 120
-0.6714 -2.5721 -0.0133 80 200 120
3.4647 -4.4625 3.1021 80 200 120
2.8499 -1.8357 0.2322 80 200 120
-2.3055 -3.3901 1.1601 80 200 120
-1.8813 -4.6355 0.6269 80 200 120
-0.9195 0.8300 -0.0280 80 200 120
-3.4585 -0.4473 0.0562 80 200 120
-1.5992 -0.1775 0.0018 80 200 120
-2.6437 -1.2286 1.4361 80 200 120
-2.4036 -1.2469 1.1291 80 200 120
-2.0251 -4.2637 0.0639 80 200 120
-2.4756 1.3739 0.0177 80 200 120
2.3320 0.2061 0.6288 80 200 120
-0.6309 1.7326 0.5734 80 200 120
-0.5762 0.8951 -0.0049 80 200 120
0.4722 2.2981 0.0202 80 200 120
0.0750 1.7105 0.0308 80 200 120
2.3585 -0.5526 0.4846 80 200 120
-0.9364 0.8815 -0.0166 80 200 120
-0.9050 0.4701 -0.0120 80 200 120
-0.3592 2.3247 -0.0559 80 200 120
3.0330 0.9805 0.1497 80 200 120
3.2105 -3.1007 0.0730 80 200 120
3.1553 -3.9259 0.0940 80 200 120
-1.7036 -5.3034 3.1774 80 200 120
2.7759 -2.3359 0.0933 80 200 120
3.0016 0.7326 0.1255 80 200 120
-2.4510 2.6701 0.1642 80 200 120
-0.5776 1.4110 0.0689 80 200 120
-0.1164 4.3386 0.0623 80 200 120
1.1381 4.7538 0.0921 80 200 120
-0.5945 1.0331 0.0399 80 200 120
-1.4410 4.8591 2.9014 80 200 120
1.4227 4.3513 1.1812 80 200 120
0.8667 -2.7610 1.2801 80 200 120
-1.8842 -4.9923 2.0090 80 200 120
-2.7262 -1.0436 -0.0119 80 200 120
2.3209 -5.1954 0.3970 80 200 120
0.8196 -3.7102 2.1241 80 200 120
0.4076 -2.4629 3.0873 80 200 120
-2.2467 -3.7891 0.0032 80 200 120
-2.4920 -2.8629 -0.0323 80 200 120
-2.2462 -2.1499 0.0116 80 200 120
0.8792 -2.6286 0.0297 80 200 120
-0.1245 -1.6483 -0.0022 80 200 120
2.4301 -0.9222 0.5217 80 200 120
-2.3644 -3.0459 0.4906 80 200 120
-2.2533 -3.2784 0.5937 80 200 120
-2.3939 -3.3479 0.2212 80 200 120
2.3155 -0.2545 0.0164 80 200 120
-2.5184 -4.3511 1.0962 80 200 120
-1.9032 -4.9805 0.7428 80 200 120
3.0397 -0.2481 0.8743 80 200 120
-1.5074 -2.1398 -0.0696 80 200 120
2.3855 -0.1817 0.5474 80 200 120
3.3611 -0.7118 1.0027 80 200 120
1.7600 -0.1012 0.0272 80 200 120
-0.8150 -4.3932 -0.0524 80 200 120
-2.2996 -4.9417 1.5471 80 200 120
-2.5154 -4.2623 0.7502 80 200 120
-2.5219 0.9816 0.0020 80 200 120
-2.7296 2.6266 0.2132 80 200 120
-3.5623 3.3368 1.5429 80 200 120
-1.9131 -0.2170 0.0022 80 200 120
-1.2520 1.0011 0.0187 80 200 120
-2.4134 -1.5567 0.0069 80 200 120
-2.6951 2.9280 0.4316 80 200 120
-1.5235 1.3678 0.1099 80 200 120
-1.7089 -4.5868 0.0239 80 200 120
-2.5645 -2.1366 1.2688 80 200 120
-0.5306 2.5191 0.6632 80 200 120
-0.8897 0.6731 -0.0069 80 200 120
2.4361 -0.3587 -0.0092 80 200 120
2.4969 -1.2143 0.0102 80 200 120
-1.2230 0.1424 -0.0256 80 200 120
-2.9427 1.9933 0.0637 80 200 120
-0.2611 0.7684 0.0117 80 200 120
-0.2970 -4.9944 3.0700 80 200 120
1.5705 -4.1601 2.0224 80 200 120
2.8585 -4.5882 0.1078 80 200 120
-0.3815 -3.6818 3.1795 80 200 120
2.1325 -0.1746 0.0960 80 200 120
-0.1338 2.9068 2.0447 80 200 120
-1.0197 1.0582 0.0211 80 200 120
-2.6238 2.7695 0.4994 80 200 120
0.5565 4.9149 0.1675 80 200 120
1.7999 -4.2443 1.3624 80 200 120
4.1170 -3.8996 2.4932 80 200 120
-1.3777 -4.5423 0.0369 80 200 120
-2.4059 -1.9215 0.2618 80 200 120
-2.2647 -3.7750 0.0440 80 200 120
2.0449 -4.7138 -0.0200 80 200 120
-0.0491 -1.8569 1.2584 80 200 120
-0.5972 -2.8511 -0.0689 80 200 120
-0.1080 -3.6593 1.9370 80 200 120
-0.8440 -2.5948 3.1719 80 200 120
3.5541 -2.4790 2.5706 80 200 120
-2.2462 -3.7967 1.3279 80 200 120
-2.3924 -3.5357 1.1169 80 200 120
3.1374 -4.7027 2.9658 80 200 120
0.7958 -2.7073 1.1069 80 200 120
-2.4069 -2.6707 0.4218 80 200 120
3.7814 -3.9936 3.0757 80 200 120
2.9300 0.7168 0.1173 80 200 120
2.5968 -4.8739 3.0338 80 200 120
2.1477 -1.8579 -0.0552 80 200 120
-1.5073 -3.1816 -0.0531 80 200 120
2.4206 -3.5923 -0.0771 80 200 120
1.2601 -3.7484 0.1492 80 200 120
2.2439 0.5640 0.0128 80 200 120
-1.2832 -4.4682 -0.1370 80 200 120
2.3766 -0.5516 0.4959 80 200 120
0.5594 -2.2567 -0.0096 80 200 120
0.6303 0.1133 0.0391 80 200 120
-1.9978 -2.2366 -0.0738 80 200 120
-0.8706 -2.0856 -0.0160 80 200 120
-2.6668 -2.8119 1.6097 80 200 120
-2.4267 -2.8399 1.4728 80 200 120
-0.4729 -1.6873 0.0013 80 200 120
-3.3095 -0.7047 0.0644 80 200 120
-3.2791 -0.0654 -0.1104 80 200 120
-2.5348 -1.2062 1.3379 80 200 120
-1.1725 -4.6911 0.0600 80 200 120
-0.5310 -2.0211 0.0393 80 200 120
-2.4397 -1.1032 1.0756 80 200 120
-1.8986 0.4170 0.0108 80 200 120
-3.5168 -1.5251 2.0397 80 200 120
0.8597 -0.7234 0.0154 80 200 120
1.9871 -0.8240 -0.0680 80 200 120
2.3928 0.0189 0.6620 80 200 120
2.6889 -1.5208 0.0484 80 200 120
2.5481 -0.1565 0.6247 80 200 120
-1.9774 1.3594 0.0314 80 200 120
1.5118 -0.3890 -0.0138 80 200 120
-1.5735 0.8245 0.0096 80 200 120
1.1445 4.7632 0.1638 80 200 120
2.3232 -0.7713 0.0393 80 200 120
-1.0649 0.7031 0.0194 80 200 120
-1.5479 1.0409 -0.0108 80 200 120
0.4267 -0.3939 0.0010 80 200 120
3.1078 -2.5179 0.0534 80 200 120
2.6358 -1.5467 0.0940 80 200 120
2.2644 -1.5534 -0.0446 80 200 120
2.3791 -0.5707 0.0349 80 200 120
2.6539 -1.3554 0.0125 80 200 120
2.1645 -0.9970 0.0236 80 200 120
1.8141 -3.5880 0.0624 80 200 120
2.2166 -0.7695 0.0318 80 200 120
0.9859 -3.0682 1.1516 80 200 120
-1.4385 4.4626 2.1305 80 200 120
-2.8302 0.4390 0.8728 80 200 120
-0.1584 2.2790 0.0804 80 200 120
-1.6742 1.5216 0.0324 80 200 120
-0.5677 1.3455 0.1232 80 200 120
-2.6140 1.2542 0.0090 80 200 120
-0.5803 1.1865 0.0437 80 200 120
0.2294 1.8462 -0.0090 80 200 120
-2.2175 3.2997 1.6217 80 200 120
-3.3024 -3.1396 2.8558 80 200 120
-0.9302 4.8872 2.5051 80 200 120
2.4855 -5.3469 2.2372 80 200 120
-1.0649 -4.6003 -0.0180 80 200 120
0.9378 -4.1302 2.9304 80 200 120
-2.4922 -2.3368 0.4273 80 200 120
-2.2561 -3.0000 0.9810 80 200 120
-1.2366 -4.7998 2.0608 80 200 120
-2.2036 -2.7078 0.7898 80 200 120
3.3685 -2.7200 2.7323 80 200 120
-1.5585 -4.7899 0.5775 80 200 120
-2.3396 -3.5565 1.4010 80 200 120
-3.5001 0.2387 -0.0355 80 200 120
-3.4966 0.3032 1.8479 80 200 120
-2.8175 0.5962 -0.0291 80 200 120
-0.6509 2.3015 -0.0991 80 200 120
-1.0389 1.0650 0.0185 80 200 120
-2.0664 2.0962 0.1318 80 200 120
-2.7138 0.8091 -0.0304 80 200 120
-0.6090 1.0900 0.0076 80 200 120
-1.2466 -2.7046 0.0314 80 200 120
-0.6772 2.4295 1.0989 80 200 120
0.3829 2.6656 0.0793 80 200 120
-3.5497 2.9357 0.0337 80 200 120
0.5322 2.8116 1.3964 80 200 120
2.5001 -0.5607 0.4712 80 200 120
4.2143 0.7931 1.2664 80 200 120
-0.5492 0.5720 0.0164 80 200 120
0.2548 -0.0465 0.0046 80 200 120
0.1329 -0.2711 -0.0013 80 200 120
0.0457 1.2322 0.0890 80 200 120
1.9067 -1.2368 0.0282 80 200 120
0.0352 0.9234 0.7544 80 200 120
0.6032 -4.8626 2.9959 80 200 120
2.3141 -4.8661 0.0933 80 200 120
2.7634 0.8900 2.7254 80 200 120
2.3270 -0.2842 -0.0076 80 200 120
3.4152 -0.8058 0.9530 80 200 120
2.5216 -3.0999 -0.0163 80 200 120
2.2251 -3.4381 -0.0603 80 200 120
2.8710 0.8948 2.1759 80 200 120
2.6367 0.3100 0.0642 80 200 120
3.2809 -2.4845 3.0400 80 200 120
2.3979 0.4929 -0.0309 80 200 120
-3.1940 2.8491 0.0722 80 200 120
-2.5903 1.4711 -0.0490 80 200 120
-2.6463 -1.0915 1.3039 80 200 120
-2.7154 0.7663 -0.0274 80 200 120
1.5922 -0.5576 3.0481 80 200 120
-1.7198 1.6605 1.1217 80 200 120
-2.6038 -1.3596 1.3807 80 200 120
-0.4643 -4.3590 2.0236 80 200 120
3.4002 -4.6103 1.9220 80 200 120
-1.7827 -5.1680 0.5860 80 200 120
-3.2191 -0.9969 0.0977 80 200 120
0.0152 -1.8292 1.2278 80 200 120
3.4894 -5.0550 0.9604 80 200 120
3.7247 -3.4856 2.1515 80 200 120
3.6699 -4.5297 2.8973 80 200 120
3.3367 -3.6023 1.6770 80 200 120
2.4350 -1.4407 2.9817 80 200 120
3.3037 -3.9603 1.5252 80 200 120
-3.2792 0.5410 3.1299 80 200 120
-1.3334 -2.4867 -0.0356 80 200 120
0.9427 -2.8447 2.9119 80 200 120
-2.4790 -2.6988 0.6501 80 200 120
1.6969 -4.2881 2.0326 80 200 120
0.0153 -1.3846 -0.0055 80 200 120
-2.3938 -2.7262 -0.0062 80 200 120
-2.3105 -3.0318 -0.0213 80 200 120
3.1565 -4.7619 3.0031 80 200 120
3.5145 -3.7506 2.8720 80 200 120
-0.5695 -2.0247 0.0151 80 200 120
2.7121 -4.7653 3.0046 80 200 120
0.2106 -1.1263 -0.0092 80 200 120
-2.2603 -3.8316 1.3043 80 200 120
-2.6992 2.1943 0.0232 80 200 120
-1.9841 -2.2542 -0.0603 80 200 120
0.7543 4.1829 0.2085 80 200 120
2.4002 0.2429 0.0200 80 200 120
-0.0093 0.7987 -0.0128 80 200 120
1.2619 -0.1938 0.0053 80 200 120
3.1331 0.5034 0.2924 80 200 120
-0.1882 3.3653 1.4302 80 200 120
-1.3896 0.6598 0.0395 80 200 120
-0.9623 0.8776 -0.0116 80 200 120
1.9343 -0.0953 -0.0242 80 200 120
2.3224 -0.3809 -0.0286 80 200 120
-0.6865 1.8373 0.8656 80 200 120
-0.0465 2.4447 1.4364 80 200 120
-1.0096 4.6799 2.4578 80 200 120
-0.4733 2.5622 1.1793 80 200 120
-0.9799 0.0786 0.0039 80 200 120
0.3962 3.3571 1.6392 80 200 120
-0.4046 1.3592 0.0176 80 200 120
-0.2419 2.6890 2.9812 80 200 120
1.2159 -3.5392 1.3652 80 200 120
2.6396 -1.1784 0.5798 80 200 120
0.3479 2.6971 2.2237 80 200 120
-0.2963 3.2468 2.9594 80 200 120
-3.2316 0.3894 0.0203 80 200 120
-2.5554 2.5880 0.2266 80 200 120
-1.0334 1.9184 1.1763 80 200 120
-3.4501 -0.0286 0.3406 80 200 120
3.4120 -2.7074 2.7068 80 200 120
-2.3415 -3.2832 -0.0309 80 200 120
0.2381 -2.0263 1.2680 80 200 120
-2.4368 -1.1753 -0.0074 80 200 120
-2.3071 -2.0367 0.0632 80 200 120
2.8946 -5.1217 1.2745 80 200 120
3.0166 -6.3587 0.2052 80 200 120
3.1446 1.0212 0.3144 80 200 120
2.4815 -0.4107 0.6806 80 200 120
1.4316 0.2580 0.0098 80 200 120
-0.4588 -1.6904 0.0035 80 200 120
-0.0527 -0.0292 -0.0185 80 200 120
-0.7551 -3.3880 0.9806 80 200 120
0.7840 -3.7488 1.9801 80 200 120
-2.5776 -2.5515 0.2460 80 200 120
-2.0026 -4.2915 0.0186 80 200 120
0.0383 -4.9771 2.6927 80 200 120
0.4159 -2.0325 1.1240 80 200 120
1.0752 -2.4847 -0.0393 80 200 120
2.4042 0.2120 0.6464 80 200 120
0.4755 0.0152 0.0989 80 200 120
3.3260 -4.3075 3.0053 80 200 120
-0.6084 2.3354 0.2516 80 200 120
-3.4947 2.1716 2.3333 80 200 120
-3.4732 1.3514 2.4026 80 200 120
-2.0934 -0.9413 0.4711 80 200 120
-2.4029 -1.4729 -0.0306 80 200 120
-2.5163 -1.8344 -0.0550 80 200 120
-2.4910 -2.8493 1.4859 80 200 120
-2.3704 -3.0510 1.4558 80 200 120
-1.9194 -0.5292 0.0055 80 200 120
-1.0692 0.6950 0.0205 80 200 120
2.3094 0.2011 0.6281 80 200 120
2.0465 -0.5086 0.5077 80 200 120
2.3477 -0.6109 0.2867 80 200 120
2.3504 -0.6205 0.0069 80 200 120
-0.2211 1.6607 0.0088 80 200 120
0.7611 -0.2443 -0.0234 80 200 120
1.3317 -0.6719 -0.0163 80 200 120
0.6392 4.4313 2.9505 80 200 120
2.3082 -0.7983 0.0193 80 200 120
-1.4674 4.4414 2.2735 80 200 120
2.1355 -1.3665 -0.0385 80 200 120
-1.1280 4.7810 2.0922 80 200 120
0.4187 2.3814 1.2746 80 200 120
2.3427 -0.1525 0.6126 80 200 120
-0.4599 0.8910 0.0128 80 200 120
2.1299 -1.8628 -0.0408 80 200 120
-0.8615 -3.8645 3.0614 80 200 120
-0.8424 -5.1979 3.1893 80 200 120
2.1572 -4.7153 0.1383 80 200 120
2.3230 -0.6575 0.0461 80 200 120
2.1347 -1.3695 -0.0305 80 200 120
-0.0176 -4.9961 2.7173 80 200 120
-0.3855 2.5766 0.0614 80 200 120
-0.4606 3.7711 0.1074 80 200 120
0.2134 2.7078 0.1278 80 200 120
-0.1553 2.2447 0.0965 80 200 120
1.6111 -0.5380 3.0878 80 200 120
3.4197 -3.2017 3.1475 80 200 120
3.0894 -3.0966 2.0909 80 200 120
2.5386 -1.4557 3.0751 80 200 120
1.6064 -0.5089 3.0036 80 200 120
-2.3084 -1.7532 0.8069 80 200 120
-2.4352 -1.0309 0.6687 80 200 120
-3.6164 -1.0706 0.0032 80 200 120
-1.6629 -4.4266 0.0432 80 200 120
0.0372 -5.0566 2.7340 80 200 120
-1.7399 1.6507 2.9795 80 200 120
3.2104 -3.0710 3.0562 80 200 120
2.4661 -4.1159 3.3778 80 200 120
3.3868 0.9749 0.5031 80 200 120
0.2699 -4.9671 3.1312 80 200 120
-2.2881 -1.8556 0.0362 80 200 120
1.9929 -4.6359 1.4380 80 200 120
-2.4126 -2.6414 0.6600 80 200 120
0.9614 -4.4983 2.9603 80 200 120
1.6703 -4.2243 2.0681 80 200 120
-2.3591 -3.4986 1.1015 80 200 120
3.3529 -2.6743 2.6717 80 200 120
0.6837 -4.6759 3.1468 80 200 120
-2.2914 -0.9947 0.6606 80 200 120
-2.0996 -2.7860 0.0785 80 200 120
-1.4674 -3.3217 -0.0185 80 200 120
-0.8803 -2.0850 -0.0229 80 200 120
-1.9149 -2.1643 -0.0473 80 200 120
-1.9590 0.8805 -0.0026 80 200 120
-2.3489 0.3023 -0.0505 80 200 120
-0.6200 2.4454 0.0232 80 200 120
-2.1041 2.0351 0.1668 80 200 120
-0.6206 1.8342 -0.0277 80 200 120
-0.5680 -2.3643 0.0882 80 200 120
-1.3323 -4.7628 0.0208 80 200 120
-0.6052 1.0882 -0.0004 80 200 120
-2.5913 -4.4454 1.0500 80 200 120
-1.9558 1.2679 0.0205 80 200 120
-3.5948 2.5102 0.3457 80 200 120
-1.2558 1.0392 0.0327 80 200 120
-2.6745 1.7279 0.0210 80 200 120
-2.1849 1.2310 -0.0360 80 200 120
1.7708 -0.2488 -0.0220 80 200 120
2.5727 -1.2392 0.0069 80 200 120
-3.4730 2.6821 0.0629 80 200 120
0.6932 0.0019 0.1010 80 200 120
-0.8629 4.7733 2.3796 80 200 120
0.2245 3.3773 0.2713 80 200 120
-0.0606 -0.0316 0.0071 80 200 120
2.2350 -0.2428 0.0563 80 200 120
0.5232 -0.0090 0.1002 80 200 120
0.0802 -0.0453 0.0213 80 200 120
1.4652 -0.5700 0.0041 80 200 120
-0.5602 4.5923 2.8090 80 200 120
0.4015 2.6639 0.6593 80 200 120
0.2182 -4.8160 3.1455 80 200 120
0.3067 3.5538 2.9868 80 200 120
1.5705 -4.2789 0.6335 80 200 120
2.1680 -0.7976 0.0517 80 200 120
0.2963 1.6277 3.2117 80 200 120
0.9443 4.6647 0.0292 80 200 120
-2.3414 2.2393 0.0779 80 200 120
0.8891 -3.1291 1.9255 80 200 120
-0.0314 -1.7142 1.1930 80 200 120
-2.0957 -3.5227 0.1002 80 200 120
2.1837 -4.9030 1.3917 80 200 120
-1.5606 -3.5246 -0.0554 80 200 120
-0.7796 -3.9490 0.0577 80 200 120
-2.3171 -2.1788 0.0395 80 200 120
3.2004 -4.6372 0.9384 80 200 120
0.7361 -2.4980 1.0257 80 200 120
3.2052 -0.6741 1.7564 80 200 120
3.3775 -2.0162 2.5625 80 200 120
3.1243 -1.0137 1.9738 80 200 120
3.1591 -1.4219 2.2136 80 200 120
-2.1386 -4.8904 2.1621 80 200 120
-0.8326 -4.6433 2.6941 80 200 120
0.1174 -2.1428 1.2681 80 200 120
3.1831 0.5089 0.2963 80 200 120
2.2441 -4.7895 2.9640 80 200 120
0.6109 -1.1442 -0.0239 80 200 120
-2.1919 -2.7003 0.8065 80 200 120
-0.6934 -1.4500 -0.0227 80 200 120
-0.1993 -1.0455 0.0012 80 200 120
2.5368 -0.7940 0.6695 80 200 120
0.4857 -2.7955 1.3798 80 200 120
0.6019 0.0563 0.1491 80 200 120
0.3825 -1.3460 -0.0008 80 200 120
0.0157 -0.0624 -0.0026 80 200 120
-1.9553 -4.4760 1.0881 80 200 120
-2.4730 -3.6792 1.1084 80 200 120
-0.4583 -1.7465 -0.0298 80 200 120
-0.2272 1.6588 -0.0082 80 200 120
-1.7551 -4.7855 -0.0038 80 200 120
-0.5388 -1.9832 0.0745 80 200 120
-2.0797 -4.2308 0.0905 80 200 120
-0.5956 1.3757 -0.0242 80 200 120
-3.4784 2.6773 2.1733 80 200 120
-0.1784 -1.6567 -0.0088 80 200 120
-0.2243 -0.9619 -0.0212 80 200 120
0.0208 2.5450 2.2045 80 200 120
-0.1788 5.5639 -0.2350 80 200 120
-1.5346 1.3397 0.0108 80 200 120
0.5030 4.6667 2.5479 80 200 120
-0.0935 0.4582 0.1285 80 200 120
2.0242 -1.3246 0.0264 80 200 120
-1.0461 0.6898 0.0402 80 200 120
-2.0096 1.3177 -0.0031 80 200 120
-1.0099 0.5848 -0.0212 80 200 120
-1.2264 0.6550 0.0140 80 200 120
0.0997 1.6287 0.2342 80 200 120
2.5419 -1.4896 0.0760 80 200 120
-0.8414 2.8519 1.4085 80 200 120
-0.1223 2.7015 1.7822 80 200 120
2.2628 -0.8124 0.0387 80 200 120
0.7653 -3.8355 2.4829 80 200 120
1.1128 2.4694 3.1879 80 200 120
2.5752 -0.3074 0.6148 80 200 120
2.1369 -1.8964 -0.0438 80 200 120
3.5185 -2.1175 1.9186 80 200 120
-0.8813 -3.9600 3.1480 80 200 120
1.3112 -3.8200 0.9481 80 200 120
-0.1943 3.6765 2.6774 80 200 120
-0.0271 2.4565 2.0732 80 200 120
-1.1488 -4.7579 3.0064 80 200 120
-2.7634 0.3607 0.8552 80 200 120
-1.3348 1.5824 1.0965 80 200 120
0.1077 2.3138 0.0687 80 200 120
0.3403 3.3885 -0.0569 80 200 120
0.2650 -4.7306 2.9507 80 200 120
1.6017 -4.2867 2.7371 80 200 120
-3.2016 -0.9806 0.1204 80 200 120
1.5084 -3.9843 -0.0164 80 200 120
-2.2169 -4.4411 0.0413 80 200 120
-2.4579 -1.9186 -0.0007 80 200 120
3.9619 -2.5098 2.9383 80 200 120
-0.5261 -4.2235 1.4935 80 200 120
-2.4112 -3.4531 -0.0953 80 200 120
-0.6196 -2.6023 0.0058 80 200 120
-2.6088 -5.0345 2.1077 80 200 120
0.8314 -3.0065 2.5721 80 200 120
-2.1255 -3.5579 1.3522 80 200 120
0.8792 0.1487 0.1345 80 200 120
-0.5379 -4.9965 2.1254 80 200 120
-2.1857 -2.8477 0.0304 80 200 120
-0.8356 -3.6978 0.0809 80 200 120
-2.4983 -2.6804 0.7684 80 200 120
1.0515 0.0478 0.0077 80 200 120
1.4700 0.2181 0.1307 80 200 120
1.0882 -0.5842 0.0073 80 200 120
-1.7081 1.4816 0.9622 80 200 120
0.1047 1.0447 0.1461 80 200 120
-0.1775 2.7219 0.0519 80 200 120
-0.0643 2.4253 -0.0031 80 200 120
-2.9819 4.5679 1.8176 80 200 120
-1.5679 -1.0649 0.4226 80 200 120
-1.3554 -2.5680 0.0131 80 200 120
-1.4471 0.1503 0.0141 80 200 120
-0.0609 -0.0433 0.0028 80 200 120
-0.6212 2.0477 -0.0865 80 200 120
-2.5335 1.0056 0.0734 80 200 120
0.0197 -0.0654 -0.0045 80 200 120
-0.4370 0.4517 0.0439 80 200 120
-0.4026 2.6285 0.0244 80 200 120
-0.0143 0.7046 -0.0176 80 200 120
-1.7080 -1.3311 0.3767 80 200 120
-0.0012 0.7658 0.0841 80 200 120
-0.7074 -1.4567 -0.0263 80 200 120
-0.0563 -0.0341 0.0167 80 200 120
-0.0520 0.7888 0.2869 80 200 120
-0.6334 1.6192 0.8274 80 200 120
-0.0666 0.0546 -0.0334 80 200 120
-2.0112 1.7870 0.2119 80 200 120
-3.2899 2.5788 0.0677 80 200 120
-0.5506 1.7281 0.1079 80 200 120
-0.9137 0.8279 0.0045 80 200 120
-0.0948 0.3637 0.0781 80 200 120
-1.9307 1.7570 0.0381 80 200 120
2.5844 -0.2113 0.6200 80 200 120
-0.8311 2.1733 1.0604 80 200 120
-0.7861 4.4021 2.2479 80 200 120
2.6585 0.0394 0.6893 80 200 120
-1.5524 1.0846 -0.0389 80 200 120
1.9759 2.4822 3.2332 80 200 120
-0.8311 -5.3960 2.9786 80 200 120
3.4952 1.3063 2.9431 80 200 120
3.3824 -3.0282 -0.0225 80 200 120
-0.1067 -4.6093 1.9223 80 200 120
2.4180 0.2277 0.0222 80 200 120
2.7156 -0.9905 0.6577 80 200 120
2.9359 -0.7875 0.6058 80 200 120
3.3071 1.7267 3.1551 80 200 120
3.3835 2.4849 3.1189 80 200 120
1.4476 4.0476 3.1074 80 200 120
-0.9321 4.8693 3.0377 80 200 120
2.0326 4.2638 2.9674 80 200 120
-2.5833 1.0443 0.9018 80 200 120
-2.8178 0.7793 0.8875 80 200 120
-2.6992 0.5516 0.8949 80 200 120
-2.2689 -3.8022 0.0269 80 200 120
2.1466 -4.6180 0.1257 80 200 120
3.1815 -3.3722 1.6448 80 200 120
3.5084 -2.7211 2.7158 80 200 120
2.1648 -4.6429 0.7313 80 200 120
-3.3682 0.6304 2.6138 80 200 120
1.3122 0.2863 0.1411 80 200 120
-1.8621 -4.9748 2.3447 80 200 120
1.5998 0.3892 0.1766 80 200 120
1.2800 0.2890 0.0103 80 200 120
2.5898 -0.1886 0.6635 80 200 120
0.6000 0.0458 0.1731 80 200 120
-2.3630 -2.8758 0.8831 80 200 120
-3.4517 -3.3288 2.4801 80 200 120
-3.3133 1.8856 2.5706 80 200 120
-4.3848 6.0733 2.7025 80 200 120
-1.6604 1.4859 0.6171 80 200 120
-2.2392 -3.6882 1.3865 80 200 120
-2.4630 -1.1704 1.2865 80 200 120
-2.2700 -3.0886 1.4602 80 200 120
-2.4795 -2.9309 1.4571 80 200 120
-0.9572 0.7142 -0.0100 80 200 120
0.1186 -0.0617 -0.0268 80 200 120
-1.8759 -2.1385 -0.0342 80 200 120
-0.0862 0.0565 0.0336 80 200 120
0.6402 -0.0059 0.4067 80 200 120
-1.6916 0.9746 -0.0074 80 200 120
2.4434 -0.3907 0.7257 80 200 120
-2.4157 1.8426 -0.0652 80 200 120
-0.6285 2.4442 0.0488 80 200 120
2.3888 -1.5060 -0.1346 80 200 120
-0.0686 0.6847 0.2659 80 200 120
0.3376 -0.0538 0.3844 80 200 120
0.1360 -0.0346 -0.0836 80 200 120
0.9837 -0.3431 0.0085 80 200 120
-0.0602 -0.5273 0.0554 80 200 120
2.5759 0.2097 0.6783 80 200 120
3.3060 3.0915 3.1226 80 200 120
2.5306 -0.5692 0.4459 80 200 120
0.6231 -3.4140 1.3796 80 200 120
3.4134 -3.4614 0.0494 80 200 120
2.3746 -2.9779 -0.0041 80 200 120
2.4559 4.0183 3.1620 80 200 120
3.2105 3.0590 2.6151 80 200 120
3.5557 2.4269 2.1882 80 200 120
2.3200 -0.8264 0.0267 80 200 120
3.0735 -4.8518 0.0851 80 200 120
3.2592 3.8880 3.0717 80 200 120
2.1163 4.4240 3.0201 80 200 120
-0.8958 4.3964 3.2179 80 200 120
-0.6195 2.2966 1.1513 80 200 120
-3.5487 1.4976 2.7793 80 200 120
-1.7621 -1.1921 3.1491 80 200 120
-1.5816 -0.7779 3.1112 80 200 120
-0.1168 6.8988 -0.4883 80 200 120
-2.1302 1.9449 0.1654 80 200 120
-0.1651 1.9199 0.2600 80 200 120
-0.5346 2.0234 0.5602 80 200 120
-0.3837 2.4695 0.0958 80 200 120
3.0655 2.9314 2.5710 80 200 120
3.3696 2.3412 1.9481 80 200 120
2.8841 2.9913 2.9267 80 200 120
-2.2526 -3.7706 1.3763 80 200 120
2.9919 -4.8606 3.0877 80 200 120
-3.2205 -0.9646 0.1160 80 200 120
-2.3910 -2.7652 -0.0167 80 200 120
3.5057 -3.4345 2.1864 80 200 120
1.3548 -3.7342 1.4436 80 200 120
2.7172 -1.5393 3.2274 80 200 120
-2.4783 -3.3707 -0.0688 80 200 120
2.6291 0.6562 0.6327 80 200 120
-2.6091 -1.1914 -0.1111 80 200 120
2.4034 0.2141 0.6449 80 200 120
1.6067 -4.4019 2.8179 80 200 120
2.2033 -1.4034 -0.0477 80 200 120
0.9246 -5.4275 3.2582 80 200 120
1.5765 -0.7287 0.0011 80 200 120
0.3609 -1.9711 1.0429 80 200 120
2.4912 0.6592 0.1183 80 200 120
-0.0530 -0.0404 0.0129 80 200 120
0.1092 -0.0532 0.0004 80 200 120
-1.3648 -3.5285 -0.0601 80 200 120
3.0078 0.5399 0.1275 80 200 120
1.2498 -3.5471 0.7545 80 200 120
-2.8877 0.4621 0.8669 80 200 120
-2.9866 1.7032 0.8448 80 200 120
-3.4886 1.2414 0.8507 80 200 120
-0.6464 -2.6354 0.0046 80 200 120
-0.0036 0.7533 0.2989 80 200 120
-2.9599 0.7364 -0.1587 80 200 120
-1.5127 -0.8709 0.4345 80 200 120
-1.2439 1.1454 1.0184 80 200 120
-0.5249 -2.5806 0.2872 80 200 120
-1.9996 -4.2592 0.1354 80 200 120
-2.9993 2.7933 0.1592 80 200 120
2.3274 -0.5732 0.0373 80 200 120
-0.6891 1.8347 1.0543 80 200 120
-0.9394 4.8686 2.4306 80 200 120
-0.6259 1.5820 0.8209 80 200 120
-1.1512 4.9731 2.1651 80 200 120
-1.4070 4.3809 2.2530 80 200 120
0.2867 3.2285 2.0877 80 200 120
-0.1890 0.1819 0.0112 80 200 120
0.2659 -0.0415 -0.0756 80 200 120
-3.4636 2.3455 0.0210 80 200 120
-2.6725 1.7303 0.0041 80 200 120
-0.0351 0.7027 0.0236 80 200 120
-0.0477 2.1025 1.9461 80 200 120
0.3038 3.6772 3.1081 80 200 120
-0.2127 3.4744 2.7447 80 200 120
-3.7946 5.2902 1.7747 80 200 120
1.3876 0.0654 0.4037 80 200 120
-3.5037 2.7540 0.0280 80 200 120
2.4142 -1.4641 0.1186 80 200 120
1.1474 0.0362 0.3696 80 200 120
2.5432 -1.8306 -0.0393 80 200 120
-2.7332 0.8153 -0.0445 80 200 120
-1.1988 4.4450 1.5975 80 200 120
-0.7523 0.7721 0.0328 80 200 120
-1.9560 0.5308 -0.0415 80 200 120
-1.9554 0.8793 0.0039 80 200 120
2.6720 -1.3120 0.0265 80 200 120
-0.2266 3.3894 2.8235 80 200 120
3.3492 2.6783 1.8222 80 200 120
2.8433 -1.6808 -0.0246 80 200 120
1.0614 -3.4189 0.9646 80 200 120
2.8757 -2.0442 0.0049 80 200 120
-0.3640 1.0673 0.9023 80 200 120
-2.3152 2.7448 3.2579 80 200 120
-0.6669 1.6662 1.0047 80 200 120
-1.4395 1.2479 1.0218 80 200 120
-2.9074 0.3786 0.8574 80 200 120
-1.4587 1.4969 1.0047 80 200 120
-1.2796 1.7137 1.0428 80 200 120
-0.6162 2.3323 0.1136 80 200 120
1.6255 -3.8659 3.1617 80 200 120
-2.3780 -1.3935 1.0090 80 200 120
-2.6410 -4.4054 3.2708 80 200 120
3.6262 -5.0578 2.6441 80 200 120
-2.9579 -1.2424 0.9639 80 200 120
-2.4341 -2.8103 0.9875 80 200 120
0.8171 -4.7395 2.9495 80 200 120
-3.3903 0.2065 3.2099 80 200 120
-2.7920 -2.3620 1.2986 80 200 120
-3.4081 -3.3361 3.0073 80 200 120
-2.0416 -2.8485 3.1272 80 200 120
-3.6591 -0.8954 1.0490 80 200 120
2.2867 -3.8592 3.3937 80 200 120
-3.5415 -0.7744 2.8268 80 200 120
-3.3606 -1.6686 3.1476 80 200 120
-3.7599 -3.3080 2.6817 80 200 120
-1.9241 -2.2226 3.0854 80 200 120
-0.8848 -1.5423 3.2011 80 200 120
1.1788 -3.5533 2.9917 80 200 120
-0.8071 -4.7333 3.1753 80 200 120
-2.3715 -0.5783 3.1996 80 200 120
-2.7647 -0.4316 3.2342 80 200 120
-3.2471 -4.1677 3.1146 80 200 120
-0.3125 -1.4396 3.2261 80 200 120
1.9298 -4.9399 -0.2483 80 200 120
-1.2710 -2.7629 -0.0080 80 200 120
3.2927 -4.7502 0.9530 80 200 120
2.3220 -5.1014 0.3452 80 200 120
-1.3835 -4.5980 0.0517 80 200 120
1.5453 -4.1027 1.1674 80 200 120
-1.3781 -3.6729 -0.1050 80 200 120
0.5325 -2.3697 0.9837 80 200 120
-3.4749 -2.7058 -0.5634 80 200 120
3.7693 -5.0421 2.0140 80 200 120
3.0338 -1.9950 2.5554 80 200 120
3.4769 -3.6910 1.7244 80 200 120
3.4389 -4.7571 0.9501 80 200 120
3.5138 -4.1845 1.6219 80 200 120
4.0553 0.6710 1.2303 80 200 120
-0.5353 -2.2999 1.2117 80 200 120
-0.8333 -5.3162 2.9096 80 200 120
-1.7197 -4.6811 0.0097 80 200 120
-1.9327 -2.5452 0.2311 80 200 120
-0.0559 -0.0345 -0.0401 80 200 120
-1.3754 -3.5229 -0.0530 80 200 120
-0.5977 2.4939 0.4355 80 200 120
-0.5326 -2.0779 0.0942 80 200 120
-0.8764 -2.0869 -0.0159 80 200 120
-1.1384 -4.6700 0.1000 80 200 120
-3.0508 4.6833 1.8795 80 200 120
0.0744 2.2654 0.0843 80 200 120
-2.2329 -3.7018 1.3949 80 200 120
-1.3862 1.1547 0.0776 80 200 120
-2.6901 -3.7632 1.5551 80 200 120
-1.3161 24.4368 -5.6133 80 200 120
-0.6500 -2.9081 0.3710 80 200 120
-3.6875 0.1539 -0.0657 80 200 120
-0.0272 -1.6973 -0.0159 80 200 120
-1.3316 -1.4355 -0.0183 80 200 120
-1.4013 4.7118 3.1287 80 200 120
-0.0643 -0.0295 0.0884 80 200 120
-2.7018 1.2609 -0.0220 80 200 120
-2.5336 1.4270 -0.0258 80 200 120
-1.4740 0.1690 -0.0055 80 200 120
2.2991 -0.5300 0.5068 80 200 120
-0.8895 1.1281 1.0722 80 200 120
-0.0848 0.4831 0.1582 80 200 120
0.0065 -0.0589 0.0384 80 200 120
0.5083 -0.4059 -0.0990 80 200 120
-0.6068 10.6729 -1.2452 80 200 120
1.0623 0.0281 0.8995 80 200 120
-0.5569 7.3824 0.2385 80 200 120
3.2646 3.4151 3.0865 80 200 120
2.7485 -0.5824 0.6266 80 200 120
3.0513 -0.9145 0.6511 80 200 120
2.7067 4.8074 2.3439 80 200 120
-0.1536 5.8702 -0.8462 80 200 120
-3.7668 0.8594 0.7823 80 200 120
3.6383 -4.3261 1.6316 80 200 120
-0.0581 -0.0487 0.0498 80 200 120
5.2646 -4.7415 4.2512 80 200 120
3.6162 -4.6350 3.2220 80 200 120
-2.6247 -2.8069 0.7281 80 200 120
228.4706 -156.2045 104.8093 80 200 120
-0.7321 -2.8087 0.1573 80 200 120
-2.9080 -0.9639 0.7907 80 200 120
-0.0093 7.6864 -0.5691 80 200 120
-0.1875 -1.6742 0.0058 80 200 120
-2.4216 0.8449 0.1585 80 200 120
-0.5154 -2.3063 0.3715 80 200 120
-1.4976 -4.7408 0.0327 80 200 120
0.2390 -1.2254 -0.0873 80 200 120
3.2551 1.6729 3.0457 80 200 120
-0.7240 1.4797 1.0506 80 200 120
-1.8099 1.5945 -0.0838 80 200 120
-3.0578 2.0602 0.1309 80 200 120
-1.2484 1.4668 1.0165 80 200 120
3.5681 2.6368 3.3436 80 200 120
0.0137 0.7337 1.2243 80 200 120
3.5468 0.3701 2.0000 80 200 120
3.1158 4.4559 3.1209 80 200 120
2.7909 0.2849 -0.0974 80 200 120
3.7205 0.5025 -0.1381 80 200 120
-0.4772 3.2388 1.1968 80 200 120
-3.6215 0.3396 1.8183 80 200 120
-2.2145 1.0916 3.2716 80 200 120
-3.5447 0.5701 2.7582 80 200 120
-2.0422 1.9752 3.3236 80 200 120
-0.7974 2.4782 1.1957 80 200 120
-2.7806 1.2370 0.5563 80 200 120
-1.5117 1.5416 3.2285 80 200 120
-3.7872 3.6065 3.0073 80 200 120
-0.4097 2.7570 -0.0237 80 200 120
-3.2560 2.1162 0.8041 80 200 120
-2.6816 -3.7543 1.6276 80 200 120
2.3311 -5.1241 3.2022 80 200 120
-3.1498 -5.2464 2.5871 80 200 120
-1.0796 -4.8119 -0.0930 80 200 120
-2.5656 -1.1893 1.3276 80 200 120
-2.7254 -1.9433 1.3538 80 200 120
-2.1908 -3.7663 1.1196 80 200 120
2.5554 -0.5877 0.7493 80 200 120
-0.6041 -5.0569 1.7638 80 200 120
-1.4770 -2.7688 -0.0440 80 200 120
1.3351 -0.3294 0.0472 80 200 120
-2.4654 -4.1526 -0.0501 80 200 120
0.2556 -0.0716 0.7791 80 200 120
0.0875 2.1460 -0.0404 80 200 120
-0.8388 0.6455 1.0737 80 200 120
-1.0129 1.1483 1.0839 80 200 120
-2.6652 -4.4715 1.5270 80 200 120
-1.1504 1.2220 1.1691 80 200 120
2.8222 5.2892 3.0462 80 200 120
-0.0863 0.4975 0.3671 80 200 120
0.1255 -0.0491 -0.0057 80 200 120
2.8398 -1.3527 0.0041 80 200 120
3.7815 3.7008 2.9547 80 200 120
2.3115 -1.5095 -0.0748 80 200 120
3.0632 -0.9383 0.6476 80 200 120
3.5624 0.5352 2.2837 80 200 120
3.3698 4.2247 3.1296 80 200 120
2.0803 4.8131 3.1471 80 200 120
2.8740 -1.1871 0.5743 80 200 120
2.8122 -0.5802 0.7142 80 200 120
2.8937 0.0475 0.7453 80 200 120
0.0420 2.6485 2.0805 80 200 120
3.5632 -3.2850 1.5741 80 200 120
3.7722 -4.0583 0.5591 80 200 120
3.1375 -3.9047 3.5228 80 200 120
2.5831 -0.6287 -0.0121 80 200 120
-2.6122 0.1345 3.2514 80 200 120
-2.9727 0.7791 3.3518 80 200 120
-0.8040 0.0491 3.3422 80 200 120
-0.6667 3.9728 1.4851 80 200 120
-1.5780 8.7242 -2.7691 80 200 120
-0.7631 1.7087 1.0549 80 200 120
-0.2100 2.2414 0.3628 80 200 120
-3.6671 1.8332 0.7559 80 200 120
-3.0226 0.4170 0.8809 80 200 120
-2.7707 -1.0852 1.4306 80 200 120
-3.3847 -5.0578 3.2057 80 200 120
-2.7121 -2.8902 0.7323 80 200 120
-2.5273 -2.8283 0.4269 80 200 120
-0.8172 -4.0528 3.3008 80 200 120
-0.0640 -1.1094 3.2946 80 200 120
-0.4305 -3.7833 3.5729 80 200 120
-1.5532 -1.8529 3.3462 80 200 120
-2.5908 -3.4535 0.3531 80 200 120
-3.6129 -1.2427 3.1307 80 200 120
3.7576 -3.9249 3.1563 80 200 120
-0.1115 -1.9529 3.2940 80 200 120
2.6121 -3.3415 3.4198 80 200 120
0.2099 -2.1636 3.3677 80 200 120
-2.4107 -1.7273 3.2263 80 200 120
-2.8157 -1.4204 1.5505 80 200 120
2.5203 -4.7929 3.4445 80 200 120
-1.6937 -1.0870 3.2804 80 200 120
-2.5261 -1.4169 0.8024 80 200 120
0.5469 -2.6616 2.9800 80 200 120
1.3130 -3.8179 2.9178 80 200 120
-3.1487 -2.2607 3.3869 80 200 120
0.9652 -2.3907 3.3515 80 200 120
-3.2442 -5.5255 -0.3637 80 200 120
3.9536 -4.2842 0.5076 80 200 120
2.0168 -3.3277 2.0428 80 200 120
3.8229 -3.2704 0.5674 80 200 120
2.9916 -4.4414 0.6401 80 200 120
1.8656 0.2197 0.0177 80 200 120
3.0616 -3.6863 3.0444 80 200 120
2.1529 -3.3389 2.4290 80 200 120
-2.4927 -3.6680 1.1891 80 200 120
-2.4778 -4.1530 1.5013 80 200 120
-0.4974 0.9919 0.3602 80 200 120
-1.0420 0.0750 -0.0541 80 200 120
-2.4855 -3.6463 1.1819 80 200 120
-0.0308 2.6377 -0.1091 80 200 120
-1.1605 0.4290 -0.0530 80 200 120
-1.4155 0.5042 -0.0809 80 200 120
-0.7534 -3.3711 0.3400 80 200 120
-2.1575 -1.1666 0.1812 80 200 120
-2.2816 -4.0500 0.0693 80 200 120
2.9286 -1.9166 0.2479 80 200 120
3.0127 0.4462 0.5324 80 200 120
2.8283 -1.6726 0.0246 80 200 120
3.7027 2.5228 2.2050 80 200 120
3.7173 2.9932 2.3561 80 200 120
2.1574 -1.8608 -0.0062 80 200 120
2.7892 4.9224 2.2415 80 200 120
1.6535 -1.3265 -0.0239 80 200 120
3.5591 -3.3737 2.1960 80 200 120
2.7725 -3.4884 0.3260 80 200 120
3.5214 3.4342 2.2018 80 200 120
-0.3334 5.1652 3.4420 80 200 120
3.2831 -3.3183 0.1837 80 200 120
2.6065 -0.8943 -0.0199 80 200 120
3.1710 4.6027 3.0145 80 200 120
-4.1300 3.4715 2.3580 80 200 120
-3.0457 3.4615 3.1841 80 200 120
-2.6705 1.5049 3.1433 80 200 120
-3.6318 1.9001 1.4404 80 200 120
-0.9984 0.7076 3.1213 80 200 120
-1.2198 0.4788 3.2550 80 200 120
-0.6140 0.6886 3.1001 80 200 120
-1.3093 3.9507 3.1443 80 200 120
-3.3204 1.9108 0.9362 80 200 120
-1.2417 1.5913 3.5250 80 200 120
-0.7664 3.8144 3.4297 80 200 120
-0.4163 6.2602 0.1597 80 200 120
-0.4920 5.5375 3.0870 80 200 120
-0.3157 2.0644 3.3362 80 200 120
-3.6863 2.1658 2.9319 80 200 120
-1.1523 3.6200 3.4182 80 200 120
-0.5014 2.5618 3.3276 80 200 120
-1.9872 -0.0823 3.2240 80 200 120
-3.5035 -0.5800 2.9328 80 200 120
-1.6315 0.8989 3.2409 80 200 120
-2.6288 -1.5748 3.2598 80 200 120
-1.5262 1.9653 3.2938 80 200 120
-2.5317 -0.6717 3.2669 80 200 120
-1.3834 2.7773 3.1201 80 200 120
-0.6706 2.1272 3.2284 80 200 120
-2.1016 0.3352 3.2797 80 200 120
-0.9606 2.0944 3.2057 80 200 120
-0.9974 -0.3306 3.2792 80 200 120
-0.6126 0.3918 3.2502 80 200 120
-0.8164 -0.6850 3.2993 80 200 120
-0.5611 1.6787 3.3302 80 200 120
-2.5199 -1.1550 3.2956 80 200 120
-1.3562 0.1298 3.3698 80 200 120
-0.4518 1.2128 3.3052 80 200 120
-3.6749 -0.1752 2.5010 80 200 120
-1.7994 2.5008 3.3038 80 200 120
-3.1687 1.6569 3.0309 80 200 120
-2.8688 2.0213 3.2645 80 200 120
-3.2260 2.5398 3.2565 80 200 120
-2.4280 0.8139 3.2537 80 200 120
-3.5469 -1.2260 3.0770 80 200 120
-2.9084 1.2677 3.3868 80 200 120
-2.1152 3.2501 3.4688 80 200 120
-2.8847 -0.3749 3.3230 80 200 120
-4.0711 4.1385 -0.2474 80 200 120
0.4537 4.7522 -0.0013 80 200 120
-3.4810 2.6967 0.0697 80 200 120
5.0918 4.9864 3.4194 80 200 120
2.9917 4.2987 3.1132 80 200 120
1.2999 2.8682 3.4636 80 200 120
-3.5344 5.1594 1.2626 80 200 120
-2.7173 -3.0758 1.6790 80 200 120
0.6430 -3.1123 2.8464 80 200 120
-2.6417 -2.5644 1.2453 80 200 120
-0.4506 -2.6195 3.2790 80 200 120
-3.0832 -2.9166 3.3597 80 200 120
-3.7026 -4.3082 2.9633 80 200 120
-1.6506 -3.7572 3.3616 80 200 120
-2.3892 -3.0763 0.7444 80 200 120
-3.3624 -0.3838 3.2696 80 200 120
-1.4193 -1.2761 3.2194 80 200 120
-2.0551 -1.3425 3.2957 80 200 120
-3.8066 -2.9281 3.4120 80 200 120
-1.4576 -3.1066 3.4691 80 200 120
-2.6663 -4.4317 0.4794 80 200 120
-2.5366 -1.4104 3.3136 80 200 120
-3.1692 -0.9804 0.1651 80 200 120
-0.6273 -2.4184 0.1813 80 200 120
-0.7250 -2.9117 0.2571 80 200 120
3.7160 -4.9580 1.5128 80 200 120
3.9187 -3.3134 1.0427 80 200 120
3.4625 -2.6208 1.2490 80 200 120
-2.4040 -2.3026 0.0508 80 200 120
2.1114 -4.5414 2.9897 80 200 120
0.0635 -5.4418 2.9763 80 200 120
2.0526 -2.0695 2.4391 80 200 120
2.1363 -1.8451 2.2320 80 200 120
2.4260 0.2070 0.0461 80 200 120
2.8627 0.3148 0.5932 80 200 120
2.5817 0.5256 0.1043 80 200 120
-3.9915 -1.0732 -0.2285 80 200 120
-3.5216 -0.5802 0.4103 80 200 120
-1.8448 -5.1124 1.1907 80 200 120
-2.4224 -4.0470 1.5124 80 200 120
-1.7788 1.8716 0.9880 80 200 120
-2.3181 -2.7875 0.9798 80 200 120
-2.7759 0.0233 -0.1063 80 200 120
-2.6069 -2.9793 1.2793 80 200 120
-2.7835 3.9120 1.2708 80 200 120
-0.6776 1.7769 0.7884 80 200 120
-0.7317 1.7308 0.9712 80 200 120
-0.4712 -1.7559 0.0260 80 200 120
-0.6077 2.0088 -0.0367 80 200 120
-3.5649 5.6478 1.9389 80 200 120
-1.6289 -0.6388 -0.0218 80 200 120
-1.6053 -1.5689 0.0029 80 200 120
-0.4923 1.7205 0.7740 80 200 120
4.2303 -0.9703 1.3996 80 200 120
-0.0973 0.2076 1.0251 80 200 120
-0.2824 5.0227 3.3974 80 200 120
3.6735 3.5720 2.2560 80 200 120
-0.9378 4.8676 2.4146 80 200 120
-1.8241 1.6082 0.5714 80 200 120
3.5874 3.1839 3.2689 80 200 120
2.4451 0.2195 0.0257 80 200 120
3.1706 -1.6013 0.5099 80 200 120
3.3669 -2.1087 0.5214 80 200 120
3.4904 -1.4947 0.7610 80 200 120
2.1784 -4.7904 3.0952 80 200 120
1.1498 -3.5505 2.9051 80 200 120
3.0758 -2.8518 2.9816 80 200 120
3.7288 -4.2672 1.1520 80 200 120
2.9044 -4.9966 1.3190 80 200 120
3.6738 -4.4097 1.7048 80 200 120
0.6959 -2.3588 3.1724 80 200 120
-0.0754 -3.3593 3.2525 80 200 120
0.6580 -3.2334 2.8921 80 200 120
1.9168 -0.5572 3.4270 80 200 120
3.3807 -2.1394 3.1880 80 200 120
3.0180 -4.8112 3.1612 80 200 120
3.4190 -4.3205 3.0251 80 200 120
1.7529 -4.9497 3.2113 80 200 120
3.5008 -0.6537 1.8168 80 200 120
3.2743 -1.4425 3.0199 80 200 120
-0.4378 -2.6140 3.2556 80 200 120
2.7705 -1.5179 3.3041 80 200 120
3.1809 -1.9830 2.6411 80 200 120
4.3127 -1.6507 2.7324 80 200 120
0.5585 -2.6960 2.9542 80 200 120
1.1732 -0.6042 3.3180 80 200 120
3.5941 -2.4848 2.2112 80 200 120
3.5439 -0.6601 3.1881 80 200 120
1.1399 -3.4075 3.3667 80 200 120
1.9020 -2.4620 3.1949 80 200 120
-0.4419 -3.0080 3.2452 80 200 120
1.2567 -2.8118 3.3232 80 200 120
0.8382 -1.8142 3.2458 80 200 120
4.1265 -2.1740 0.7466 80 200 120
1.3365 -1.3830 3.3156 80 200 120
2.5507 -2.6545 3.2850 80 200 120
2.2176 -1.3751 3.2297 80 200 120
1.7505 -3.5318 3.4433 80 200 120
3.0384 -0.8923 2.5462 80 200 120
2.7230 -4.0626 3.4330 80 200 120
3.6765 -2.9108 1.9759 80 200 120
3.0864 -0.7755 3.3207 80 200 120
2.5738 -2.1815 3.2939 80 200 120
3.6996 -2.0402 1.5395 80 200 120
2.1114 -0.3071 3.2416 80 200 120
3.1798 -3.3072 2.7966 80 200 120
2.2241 -0.7686 3.3105 80 200 120
1.9380 -3.1134 3.2036 80 200 120
3.6701 -1.4162 1.5242 80 200 120
-0.1458 -4.1128 3.2470 80 200 120
3.7696 -5.1916 1.4403 80 200 120
0.1615 -2.5022 3.2879 80 200 120
0.6679 -0.6049 3.2475 80 200 120
-0.1357 -1.5757 3.3972 80 200 120
0.6141 -1.2210 3.2439 80 200 120
0.3250 -3.7662 3.4283 80 200 120
-0.1202 -2.8118 3.3167 80 200 120
-0.1877 -0.9101 3.2447 80 200 120
2.8907 -1.1557 3.1649 80 200 120
1.3975 -2.1454 3.2651 80 200 120
3.5669 -2.7611 2.8261 80 200 120
-0.1592 -1.1370 3.2487 80 200 120
1.8116 -4.0640 3.2808 80 200 120
0.1723 -0.8769 3.1450 80 200 120
3.5001 -0.3511 1.6447 80 200 120
1.2774 -0.1824 3.2796 80 200 120
1.4782 -0.2232 3.0616 80 200 120
2.5444 0.2335 0.6009 80 200 120
3.4001 0.7389 0.1136 80 200 120
2.7983 -1.6988 -0.3602 80 200 120
4.3758 0.1573 0.4554 80 200 120
1.1766 -3.4477 1.1197 80 200 120
2.8551 -0.2845 0.7395 80 200 120
2.8491 -0.4152 -0.2248 80 200 120
3.7302 1.5527 0.7044 80 200 120
-0.1325 3.5262 3.4045 80 200 120
-0.1500 5.9963 3.6445 80 200 120
-3.0096 -1.1399 3.2984 80 200 120
-1.8939 1.4277 3.3333 80 200 120
-0.1763 3.4948 1.7681 80 200 120
-3.6811 0.1495 2.8787 80 200 120
-3.6570 2.3499 1.4073 80 200 120
0.0623 2.8221 2.5469 80 200 120
-3.4935 0.2128 3.2629 80 200 120
-1.2043 -0.9273 3.2056 80 200 120
-0.6728 2.4334 0.9719 80 200 120
-0.7352 1.8071 0.9896 80 200 120
0.0245 1.4839 0.5951 80 200 120
-4.1215 1.8134 0.7456 80 200 120
-3.0016 0.4108 0.8893 80 200 120
0.6250 -2.2949 3.0842 80 200 120
0.8639 -1.7832 3.2982 80 200 120
-2.7788 -1.1276 3.3513 80 200 120
-2.2709 -3.8141 0.1130 80 200 120
-0.0837 -2.8006 1.2078 80 200 120
-1.7774 -0.8093 1.1559 80 200 120
2.7547 -1.7861 0.5899 80 200 120
3.4521 -3.4651 1.0746 80 200 120
0.3147 -0.0579 0.5341 80 200 120
-2.4811 -4.1754 1.4933 80 200 120
-0.0505 -0.0374 -0.0095 80 200 120
-1.9391 -5.1555 2.2018 80 200 120
-2.2211 -3.2909 1.1764 80 200 120
-2.6301 -2.9690 0.3844 80 200 120
0.1813 -0.1273 0.7991 80 200 120
2.4646 -0.1764 0.6190 80 200 120
-2.4496 -3.0019 0.8509 80 200 120
-2.4583 -1.3698 0.8242 80 200 120
-2.8720 -1.0853 0.1418 80 200 120
-0.6669 0.7381 1.1041 80 200 120
-5.2361 -5.8229 2.7314 80 200 120
-2.4567 -3.4729 1.5612 80 200 120
-3.2277 0.7884 -0.2551 80 200 120
-3.5185 2.7236 2.1936 80 200 120
-0.7070 1.7954 -0.0092 80 200 120
0.3349 -0.0389 0.6096 80 200 120
2.5117 0.2692 0.3262 80 200 120
3.6140 0.5542 2.2456 80 200 120
-0.0381 0.2887 1.1596 80 200 120
3.8930 3.1129 1.5913 80 200 120
3.5836 -4.8436 2.1430 80 200 120
3.6604 -3.1406 0.5385 80 200 120
3.3243 -5.1359 2.4727 80 200 120
3.4463 0.1112 2.7933 80 200 120
3.7112 0.3526 1.9832 80 200 120
3.4099 -3.2059 1.1180 80 200 120
2.9945 -3.0627 0.2321 80 200 120
3.2771 -4.0631 0.1998 80 200 120
2.9685 0.3840 0.1724 80 200 120
2.7198 0.3317 -0.0123 80 200 120
2.7529 -0.4825 0.6176 80 200 120
-3.4401 1.2437 1.0468 80 200 120
-2.8836 0.3589 3.1582 80 200 120
-0.3804 3.8902 0.8667 80 200 120
-0.1873 4.2505 3.4281 80 200 120
-3.4002 0.5574 3.1942 80 200 120
-2.5002 3.7992 3.3132 80 200 120
-4.1482 3.8471 1.4699 80 200 120
-3.1792 2.2288 1.0826 80 200 120
-3.6020 0.7347 2.1371 80 200 120
0.0058 3.1507 1.6341 80 200 120
0.0519 4.2242 0.6364 80 200 120
0.2878 3.4517 2.4503 80 200 120
-3.2517 2.1549 -0.2174 80 200 120
3.7426 3.5964 2.8267 80 200 120
3.8484 2.8616 3.4264 80 200 120
-0.2560 0.0368 1.1216 80 200 120
3.6830 3.7001 2.0461 80 200 120
-1.2950 1.0301 0.8084 80 200 120
-8.5748 2.9545 0.2070 80 200 120
-0.3379 4.0467 -0.1679 80 200 120
-3.3312 6.3727 0.2543 80 200 120
2.1439 4.4855 3.0336 80 200 120
4.2318 -6.1198 3.7001 80 200 120
2.0026 -4.4749 2.9366 80 200 120
0.3704 -0.0281 0.2942 80 200 120
3.1701 0.9501 0.1487 80 200 120
3.3480 -3.2687 2.2246 80 200 120
3.8880 -5.2153 2.7372 80 200 120
-3.6065 -0.8391 0.4079 80 200 120
-3.6284 -0.4137 1.6623 80 200 120
-2.4924 -1.0930 0.0982 80 200 120
-2.6446 1.7227 0.7354 80 200 120
-2.4530 -2.6067 0.7990 80 200 120
-3.5284 0.5307 -0.2661 80 200 120
-3.7089 -0.8726 1.0639 80 200 120
-3.6867 -0.0006 0.3477 80 200 120
-3.7043 -0.3364 0.2887 80 200 120
-3.5054 0.5044 0.4874 80 200 120
-3.7036 -0.3967 0.6081 80 200 120
-3.2878 -0.5620 0.8730 80 200 120
-3.0063 0.2894 0.8669 80 200 120
-3.3329 0.1888 0.7606 80 200 120
-2.5319 -1.6657 0.2085 80 200 120
-3.4572 0.3358 0.2930 80 200 120
-0.5781 1.4162 0.0797 80 200 120
-11.2290 3.7098 0.1119 80 200 120
-0.8308 -3.7473 -0.1323 80 200 120
-2.4248 -5.1238 1.5354 80 200 120
-0.7079 2.5986 0.2645 80 200 120
-0.7159 0.9704 0.0583 80 200 120
-0.6320 2.9107 0.3029 80 200 120
-2.7390 0.4167 -0.1863 80 200 120
-0.0445 0.5525 1.1421 80 200 120
-2.6023 3.2435 0.9234 80 200 120
-5.4907 3.9352 -1.2713 80 200 120
-5.0953 3.6961 -0.5998 80 200 120
-4.1821 3.4308 -0.2004 80 200 120
-1.9762 1.8650 0.9108 80 200 120
3.2966 4.7249 2.0838 80 200 120
-2.2302 1.2375 -0.0402 80 200 120
3.2792 4.2007 2.3524 80 200 120
-1.7024 5.5708 2.4769 80 200 120
0.3930 -0.0203 0.9892 80 200 120
0.3623 -0.0378 0.8118 80 200 120
-0.0646 0.6192 -0.0158 80 200 120
-0.2434 3.7944 2.8937 80 200 120
1.1857 5.2949 2.0122 80 200 120
0.4545 -0.0016 0.8235 80 200 120
1.4517 0.2896 0.5189 80 200 120
3.5530 0.8105 2.7408 80 200 120
3.3785 -4.7348 0.9706 80 200 120
3.4180 0.7605 2.1564 80 200 120
3.0865 0.2697 3.2808 80 200 120
0.1847 0.2425 3.2900 80 200 120
3.4560 -1.8038 2.2931 80 200 120
-0.1346 1.3414 3.2254 80 200 120
4.0473 5.9585 0.5288 80 200 120
3.5447 0.5216 2.2184 80 200 120
3.3615 1.1814 0.1226 80 200 120
0.1414 2.1380 3.0588 80 200 120
-0.1999 2.5147 3.1573 80 200 120
-3.5018 1.1730 3.0744 80 200 120
0.3886 3.7786 1.9995 80 200 120
-2.8450 1.4532 0.2124 80 200 120
-0.1215 1.3595 3.3049 80 200 120
-0.0396 0.6214 1.1231 80 200 120
1.5091 2.2720 1.0089 80 200 120
0.7689 6.6664 -1.2331 80 200 120
-0.7105 3.0709 -0.2431 80 200 120
0.0929 -2.9671 2.9731 80 200 120
-0.2797 -1.3309 1.2078 80 200 120
-2.8728 -2.6918 -0.1804 80 200 120
-0.0218 -2.2271 1.1969 80 200 120
-0.1915 -1.5311 1.2036 80 200 120
-3.4852 -1.3454 0.9900 80 200 120
1.5574 -3.4895 0.1739 80 200 120
-1.4671 -6.0924 0.2185 80 200 120
2.5285 -5.4278 0.2988 80 200 120
2.7264 -4.7706 1.3224 80 200 120
2.4628 -5.1485 1.0965 80 200 120
3.9296 -6.8822 0.6725 80 200 120
2.5203 0.2338 0.6311 80 200 120
2.7366 -1.3043 -0.0098 80 200 120
-3.5544 -2.7841 -0.5699 80 200 120
-2.1767 -2.1079 0.0926 80 200 120
-2.6414 -3.7611 1.4947 80 200 120
3.0409 1.2586 0.0650 80 200 120
-2.4724 -4.2928 1.5461 80 200 120
-2.9049 -3.0621 0.6652 80 200 120
2.8903 -4.5408 2.2858 80 200 120
-2.4772 -4.3330 0.2637 80 200 120
-4.6105 -2.8453 -1.1024 80 200 120
-3.2088 1.6342 0.9466 80 200 120
-2.6775 -2.7099 1.0325 80 200 120
-2.4045 -3.0835 0.5720 80 200 120
-3.0812 2.1493 1.1468 80 200 120
-2.5524 -1.3498 0.5076 80 200 120
-2.3991 -1.5607 0.4574 80 200 120
-2.8819 1.7227 1.1399 80 200 120
-2.4318 -1.2441 0.2153 80 200 120
-3.6152 -0.5946 1.4773 80 200 120
-3.9051 -0.4106 1.2847 80 200 120
-3.4831 0.0089 1.1736 80 200 120
-3.7841 3.2628 0.5409 80 200 120
-3.4134 -0.9262 0.7372 80 200 120
-3.8075 2.9758 -0.2238 80 200 120
-3.5446 0.3085 1.4075 80 200 120
-2.6465 0.9359 0.3851 80 200 120
-0.4697 -1.7308 0.0144 80 200 120
-1.3900 22.8930 -6.0464 80 200 120
0.0036 2.2544 0.7075 80 200 120
-0.0546 2.3046 -0.0737 80 200 120
-0.0173 1.4257 0.8811 80 200 120
0.2196 2.3597 0.1905 80 200 120
1.9628 2.6265 1.1313 80 200 120
2.6526 1.2177 1.0460 80 200 120
3.5286 1.3958 1.0313 80 200 120
4.2968 -5.7649 0.1049 80 200 120
2.1377 0.5139 3.1580 80 200 120
3.5092 -0.2399 3.1264 80 200 120
3.3161 -3.5271 1.7651 80 200 120
1.6907 0.5046 3.1148 80 200 120
3.9281 0.8793 -0.0593 80 200 120
1.0585 -3.0927 1.4774 80 200 120
0.2292 2.8246 2.9373 80 200 120
1.1153 5.0439 1.9345 80 200 120
-3.1493 3.7820 2.9072 80 200 120
-2.6803 2.4946 0.5963 80 200 120
-3.1682 -0.4025 3.1848 80 200 120
-1.8353 1.6892 0.6001 80 200 120
-1.4070 -3.1626 0.0786 80 200 120
-2.6047 -3.2603 1.4617 80 200 120
0.4861 -3.4952 1.1702 80 200 120
4.7364 -3.5235 3.8373 80 200 120
-1.7671 -5.9357 0.6048 80 200 120
3.2869 -3.8158 1.1585 80 200 120
3.1820 -1.7369 0.8287 80 200 120
1.6671 -4.3689 2.8877 80 200 120
2.0573 0.8441 0.0862 80 200 120
2.9390 -3.8516 2.8725 80 200 120
3.0087 -2.8301 2.9097 80 200 120
2.8827 -4.3230 2.8725 80 200 120
-2.0599 -0.9959 0.1990 80 200 120
1.0512 -3.0226 0.1776 80 200 120
-2.5544 -4.3471 1.2916 80 200 120
-2.5179 -2.5223 0.1316 80 200 120
-0.7663 -4.9616 2.8672 80 200 120
-3.6707 -0.0572 0.6990 80 200 120
-3.6696 0.1625 1.5670 80 200 120
-3.8153 -0.1553 1.6055 80 200 120
-2.5175 -2.3751 0.7267 80 200 120
-2.5818 -0.9945 1.3778 80 200 120
-2.3963 -1.3547 1.0203 80 200 120
-2.3890 -1.7458 1.0641 80 200 120
-2.8885 0.6239 0.1472 80 200 120
-2.7612 1.2937 0.5560 80 200 120
-2.4856 -1.5876 1.0816 80 200 120
-2.3090 -3.8636 1.4708 80 200 120
-0.0914 0.8351 1.1247 80 200 120
-0.8479 1.8471 -0.1006 80 200 120
-0.0355 2.6921 0.8223 80 200 120
0.3496 0.3025 1.1702 80 200 120
0.3912 -0.0189 0.7832 80 200 120
-2.2303 1.4156 0.4247 80 200 120
-2.3388 1.4901 0.1747 80 200 120
2.9483 0.3906 0.1738 80 200 120
2.7923 -0.6481 -0.1777 80 200 120
3.6653 2.4012 2.7463 80 200 120
-0.6492 -5.1479 3.2710 80 200 120
3.5568 1.6800 -0.2624 80 200 120
3.0216 -2.4821 0.1773 80 200 120
-0.1414 2.4530 0.0108 80 200 120
-0.6220 2.6913 0.3999 80 200 120
3.3668 3.5205 3.1326 80 200 120
-1.1212 1.1711 0.9925 80 200 120
2.9788 2.8834 2.5032 80 200 120
-3.4626 5.0298 1.2967 80 200 120
-1.5589 -4.9125 3.0750 80 200 120
-2.2172 -5.3138 3.3125 80 200 120
-2.4715 -5.2769 1.6192 80 200 120
-2.6167 -4.7371 3.0498 80 200 120
-2.6532 -5.2890 2.1387 80 200 120
-1.8767 -4.6856 2.4614 80 200 120
-0.8313 -5.0910 2.8699 80 200 120
-1.3150 -5.2737 2.2819 80 200 120
-0.5350 -2.0652 1.1573 80 200 120
-1.1721 -0.6769 1.1676 80 200 120
-1.3799 -4.2741 0.1925 80 200 120
-2.2636 -4.6140 0.1021 80 200 120
3.9395 -4.1045 1.7965 80 200 120
0.8376 -2.6502 3.1265 80 200 120
3.1253 -1.5223 0.6432 80 200 120
2.3220 -1.8811 0.8028 80 200 120
2.5999 -1.3255 0.3839 80 200 120
3.2010 -4.3483 1.9594 80 200 120
2.9666 -5.0624 3.2637 80 200 120
-2.4096 -1.0801 0.9101 80 200 120
-3.0975 -0.9536 1.2632 80 200 120
-2.4571 -0.9452 1.0104 80 200 120
-3.9346 3.7236 0.0316 80 200 120
-2.5431 -2.8467 0.5223 80 200 120
-2.4254 -3.2824 0.3186 80 200 120
-2.4398 -3.6588 0.5792 80 200 120
-3.1350 1.3125 1.0161 80 200 120
-2.2838 -2.5393 0.1150 80 200 120
-2.3827 -2.2221 0.0020 80 200 120
-2.4959 -2.0038 0.2803 80 200 120
-2.8702 1.3442 0.3275 80 200 120
-2.5988 -2.5555 0.3033 80 200 120
-0.5905 2.4842 0.4100 80 200 120
-0.6694 1.4392 0.9982 80 200 120
-1.0889 -2.1416 -0.0323 80 200 120
0.0942 2.3296 0.2027 80 200 120
-0.3301 0.4365 0.0712 80 200 120
-0.4450 0.3325 0.0483 80 200 120
-0.2423 2.8273 1.0051 80 200 120
-0.0397 0.9493 0.2891 80 200 120
-0.6223 0.8542 1.0961 80 200 120
0.4342 0.0200 0.6215 80 200 120
3.2372 0.7104 0.1364 80 200 120
3.3444 3.2064 2.2115 80 200 120
-1.6084 2.1867 0.9938 80 200 120
2.9302 -1.6290 0.6053 80 200 120
0.5000 -2.6201 3.2766 80 200 120
3.3136 0.7587 3.1279 80 200 120
-0.8820 -3.9740 3.2358 80 200 120
-2.0293 4.1029 3.2631 80 200 120
-2.5745 0.4746 0.9394 80 200 120
-3.7880 2.6141 -0.4790 80 200 120
-0.0658 0.4488 1.1364 80 200 120
-1.4724 0.3623 0.5709 80 200 120
-3.4106 1.0288 0.8363 80 200 120
-2.6810 -2.6289 0.2787 80 200 120
0.2775 -3.8912 3.2336 80 200 120
-2.4494 0.0734 3.1288 80 200 120
-1.1337 -3.7539 3.2661 80 200 120
5.4836 -4.8335 2.6490 80 200 120
-0.5688 -2.2149 0.2636 80 200 120
2.9721 -3.8586 0.1149 80 200 120
0.1273 -1.7667 -0.1574 80 200 120
1.2898 -3.6364 3.2030 80 200 120
-0.0478 -0.0491 0.0498 80 200 120
3.3271 -3.1913 3.1233 80 200 120
2.2782 -4.8612 3.0798 80 200 120
-1.4609 -6.0816 0.8523 80 200 120
-6.4415 -9.2735 3.8767 80 200 120
-2.5663 0.7378 0.9471 80 200 120
-1.3882 1.2929 0.9978 80 200 120
-0.5279 -1.9564 0.1699 80 200 120
-0.0492 -0.0173 -0.0739 80 200 120
-2.0949 -1.4819 -0.0723 80 200 120
-3.4579 2.6784 2.1894 80 200 120
-1.8758 -0.8742 0.7766 80 200 120
-0.4125 0.4512 0.1403 80 200 120
-0.2559 0.4236 -0.1830 80 200 120
-0.3399 2.6793 0.1077 80 200 120
-0.0122 1.3983 0.2462 80 200 120
0.0031 1.0781 0.7967 80 200 120
-0.0235 1.5319 0.7054 80 200 120
-2.3314 2.3794 0.9338 80 200 120
0.7663 0.1874 0.4768 80 200 120
-3.6284 3.8284 -0.0991 80 200 120
-3.3640 2.3138 0.0539 80 200 120
0.7292 0.2467 1.1415 80 200 120
-2.5938 1.6858 0.0582 80 200 120
1.6894 1.1547 1.1305 80 200 120
2.4460 -1.8379 0.3229 80 200 120
0.6650 0.1433 0.7824 80 200 120
2.7554 -1.6494 -0.0346 80 200 120
2.6608 -1.9594 -0.0600 80 200 120
3.2826 1.0948 0.1606 80 200 120
2.8634 -0.1401 -0.1883 80 200 120
3.1610 -0.0273 0.5353 80 200 120
0.5277 0.5898 1.1175 80 200 120
3.4713 1.9090 -0.0057 80 200 120
3.2650 1.9569 0.5665 80 200 120
-3.9993 4.9654 2.4618 80 200 120
-2.1004 0.7351 0.9952 80 200 120
-3.3841 -1.2175 1.3701 80 200 120
-0.6461 2.5890 -0.0335 80 200 120
-1.3911 1.1341 0.2147 80 200 120
-0.0463 0.3117 1.1337 80 200 120
3.1710 -5.0173 2.3084 80 200 120
3.5657 -4.1790 1.6008 80 200 120
-0.8857 -3.5915 -0.0196 80 200 120
-2.6315 -4.4247 -0.1000 80 200 120
2.8749 -2.1562 0.4824 80 200 120
0.5919 -1.2136 0.2056 80 200 120
-1.4373 -0.8183 0.5127 80 200 120
-0.6997 -0.7990 0.8796 80 200 120
-1.7809 -1.6249 1.9720 80 200 120
-3.3767 -5.5917 2.4536 80 200 120
-2.3344 -0.9266 -0.0102 80 200 120
-3.7011 2.5668 0.1921 80 200 120
-2.4449 3.6257 1.7000 80 200 120
0.1262 2.5941 -0.0651 80 200 120
0.1231 1.5317 -0.0841 80 200 120
-0.0228 0.8813 0.0138 80 200 120
1.1381 -2.0965 -0.1246 80 200 120
-3.5033 2.8474 0.0411 80 200 120
3.1713 -1.2398 0.5516 80 200 120
3.1315 -1.5465 0.4520 80 200 120
-1.3718 1.4415 1.0283 80 200 120
-2.9753 4.2959 1.2802 80 200 120
2.2978 0.9554 0.8022 80 200 120
-3.6526 2.0690 -0.3901 80 200 120
-0.9843 0.0726 0.0045 80 200 120
-0.0331 0.2586 1.1487 80 200 120
-0.0693 0.6827 0.2162 80 200 120
0.2268 0.1340 1.1456 80 200 120
-0.2046 3.6639 2.8388 80 200 120
3.7992 0.6915 1.6219 80 200 120
3.1403 -2.0270 0.1810 80 200 120
0.7489 0.7250 2.9650 80 200 120
2.5867 0.3089 0.0323 80 200 120
2.2184 0.9486 -0.0266 80 200 120
3.0339 3.3014 1.2062 80 200 120
0.8168 -2.6728 3.1395 80 200 120
2.1546 -5.6814 1.7891 80 200 120
-3.5726 3.2274 -0.0495 80 200 120
3.5047 3.3721 2.7125 80 200 120
-0.2863 -2.3170 1.2007 80 200 120
1.3075 -3.6947 0.9285 80 200 120
2.4243 -5.0305 0.7720 80 200 120
-5.5416 -1.9279 0.4477 80 200 120
-1.4263 -3.6715 -0.0733 80 200 120
-1.1823 -5.1008 3.2257 80 200 120
-2.4873 -2.3907 0.0166 80 200 120
3.0734 -4.9755 -0.1010 80 200 120
0.8089 -1.7083 0.1453 80 200 120
-1.2367 -4.3035 0.0101 80 200 120
2.5572 0.2577 0.6050 80 200 120
2.6479 -0.3061 0.7783 80 200 120
3.1543 -4.6838 3.0423 80 200 120
3.2218 -4.1571 2.9950 80 200 120
2.4682 0.2117 0.0132 80 200 120
-0.0427 -0.0318 -0.0006 80 200 120
-2.4187 -5.1946 1.6573 80 200 120
-0.0826 0.2873 0.3517 80 200 120
-2.1128 -5.6582 2.2657 80 200 120
-2.5100 -2.3827 -0.1002 80 200 120
-2.6093 -2.5734 1.2571 80 200 120
0.0964 1.4436 0.3145 80 200 120
-0.0455 0.6777 -0.0116 80 200 120
-0.0505 -0.0426 0.0072 80 200 120
13.0897 -31.3675 -20.5384 80 200 120
-3.0150 2.9607 -0.2762 80 200 120
3.6802 -2.5676 -0.1027 80 200 120
2.4837 1.2737 0.2063 80 200 120
3.4840 0.4860 2.1114 80 200 120
1.8314 0.1895 -0.0036 80 200 120
2.0777 -1.8438 -0.0258 80 200 120
-2.0493 1.3640 -0.0246 80 200 120
2.8015 3.9130 1.5491 80 200 120
3.4537 0.9872 2.2775 80 200 120
0.0545 -0.0251 1.1481 80 200 120
5.4475 -3.9385 -1.0546 80 200 120
3.5295 -2.5283 0.3502 80 200 120
3.0794 -4.5557 0.1561 80 200 120
3.2881 2.5561 1.5394 80 200 120
-2.6671 1.6927 0.0716 80 200 120
-2.2459 2.2312 0.1272 80 200 120
-2.6478 -1.0446 1.3371 80 200 120
-4.1139 4.6564 -0.2486 80 200 120
4.1316 -3.8167 2.2718 80 200 120
-2.6265 -3.4327 -0.1566 80 200 120
-1.4493 -2.7895 -0.0745 80 200 120
2.1536 -0.8079 0.0536 80 200 120
2.4093 -2.8880 0.2032 80 200 120
0.9893 0.5329 -0.0043 80 200 120
0.9318 0.4814 0.3241 80 200 120
-0.5513 -4.9082 3.1355 80 200 120
0.9219 -4.2706 2.9318 80 200 120
-3.6509 -4.7479 2.8489 80 200 120
-2.3710 -5.0474 1.9231 80 200 120
-2.5552 -4.0146 0.2184 80 200 120
2.9579 -0.1262 -0.0647 80 200 120
-0.4312 0.2342 -0.0039 80 200 120
0.3479 -0.0327 0.6207 80 200 120
0.2159 -0.0337 1.1486 80 200 120
2.4400 -0.6658 0.0118 80 200 120
2.4594 -5.0851 0.7519 80 200 120
2.5344 -0.3898 -0.0836 80 200 120
2.2789 -0.8055 0.0470 80 200 120
-3.2101 1.0376 0.8577 80 200 120
-3.6051 1.5733 0.8172 80 200 120
2.8063 -2.0545 -0.0189 80 200 120
2.6918 -1.6281 0.0255 80 200 120
3.0316 -3.8777 0.7688 80 200 120
-3.4763 3.4450 0.4449 80 200 120
-0.5619 2.3331 0.6789 80 200 120
-0.6731 1.6725 0.9675 80 200 120
-0.1529 2.5766 -0.0520 80 200 120
0.1529 1.7730 0.1674 80 200 120
-0.1301 5.9750 -0.9210 80 200 120
-2.5036 0.5175 0.1012 80 200 120
-2.2186 0.2149 0.0111 80 200 120
-0.7209 0.7661 0.2872 80 200 120
2.4876 -1.0797 1.1351 80 200 120
0.4006 0.3214 1.1762 80 200 120
0.2407 0.2228 1.1552 80 200 120
0.4366 0.0130 0.0797 80 200 120
-1.2167 5.4037 2.1843 80 200 120
2.3679 0.9541 0.4511 80 200 120
1.5377 4.9643 2.2152 80 200 120
2.4828 1.5544 2.2943 80 200 120
2.6494 -0.1582 -0.0937 80 200 120
3.2297 -0.0229 0.4459 80 200 120
2.5671 -0.5713 0.6633 80 200 120
2.8577 -1.6650 0.0168 80 200 120
3.1663 -2.0134 0.6116 80 200 120
-2.2253 2.1789 -0.1420 80 200 120
-1.8649 -4.7785 1.2535 80 200 120
-0.3064 -2.1376 1.1874 80 200 120
-0.4933 -2.5826 1.1613 80 200 120
-0.0312 -2.0968 1.2105 80 200 120
-2.2793 -1.2633 0.8225 80 200 120
3.3192 -2.1756 3.0622 80 200 120
3.4768 -1.6252 2.7262 80 200 120
2.8797 -2.7388 0.0419 80 200 120
2.7555 -2.3420 0.2353 80 200 120
2.2463 -0.5547 0.0851 80 200 120
-1.1038 -2.2157 0.0155 80 200 120
-0.4081 -2.6082 1.2033 80 200 120
0.0350 -2.0543 1.2169 80 200 120
3.4099 1.6068 -0.2055 80 200 120
0.1316 -0.0426 -0.0559 80 200 120
-2.4452 -2.6262 0.7351 80 200 120
2.4999 1.1015 -0.1422 80 200 120
-2.5686 -3.7486 1.5701 80 200 120
-2.4028 -1.6891 0.8055 80 200 120
-1.2292 0.6481 -0.1357 80 200 120
-1.4541 0.7165 0.0616 80 200 120
-2.5410 2.6931 0.3288 80 200 120
-0.0976 0.4283 0.1309 80 200 120
-0.1943 1.6534 -0.0308 80 200 120
-1.0079 1.0473 1.0555 80 200 120
1.0595 -0.2175 -0.0770 80 200 120
-0.2816 1.2194 0.0582 80 200 120
-0.8866 1.5558 1.0700 80 200 120
-0.9898 1.0821 1.0204 80 200 120
-0.0248 0.5892 1.1088 80 200 120
0.3141 0.4790 1.1501 80 200 120
0.1374 0.4445 1.1544 80 200 120
3.2943 0.7175 0.1350 80 200 120
2.9776 3.9923 1.3563 80 200 120
4.2603 4.7713 1.1820 80 200 120
2.9288 -2.0691 -0.0120 80 200 120
2.9512 -1.3754 -0.0772 80 200 120
-3.3142 5.2531 3.5143 80 200 120
-2.0641 1.9785 -0.3748 80 200 120
3.6450 2.5510 1.9569 80 200 120
-1.1908 1.1355 1.0288 80 200 120
-2.2550 2.1836 0.5061 80 200 120
2.9404 4.1381 1.6897 80 200 120
-2.7289 -4.1214 1.2056 80 200 120
-2.3824 -2.2747 0.0600 80 200 120
0.1756 -2.4780 1.2207 80 200 120
-0.8091 -3.4076 0.4216 80 200 120
-3.5625 -1.4087 0.7275 80 200 120
-1.9833 -5.1954 2.9233 80 200 120
0.5991 -3.8331 3.2965 80 200 120
0.3167 -1.7069 0.0330 80 200 120
2.1698 -0.6411 0.3279 80 200 120
2.3162 -1.0727 0.7380 80 200 120
3.2159 -2.9821 1.4650 80 200 120
3.2987 -1.2404 1.0923 80 200 120
-2.7730 -1.2090 -0.1637 80 200 120
-2.1457 -1.4847 0.1536 80 200 120
-1.9502 -1.6166 0.2807 80 200 120
-2.0865 -3.1871 0.1377 80 200 120
-1.1102 1.1037 0.0165 80 200 120
1.2280 -0.0920 -0.0554 80 200 120
-0.7237 1.8366 -0.5460 80 200 120
0.0258 0.5935 1.1342 80 200 120
-1.6120 5.0696 2.4388 80 200 120
1.8494 -0.7758 -0.0430 80 200 120
3.1685 3.2562 2.9953 80 200 120
3.2159 3.0687 2.5944 80 200 120
3.5543 -1.0384 0.5808 80 200 120
7.3091 10.4763 5.2080 80 200 120
2.6285 4.5480 2.2017 80 200 120
3.5282 3.0803 3.2076 80 200 120
3.4236 4.9443 2.4696 80 200 120
3.1922 -1.3860 0.4931 80 200 120
1.2243 2.7083 3.3057 80 200 120
2.6895 -0.1295 0.5714 80 200 120
1.4149 -3.9024 1.5783 80 200 120
-2.7617 5.1545 2.7217 80 200 120
-1.8788 4.6981 2.2028 80 200 120
-2.4715 2.4133 0.1024 80 200 120
-1.1168 1.8163 1.0734 80 200 120
-0.3847 2.5934 0.0594 80 200 120
-2.7332 0.3363 0.9025 80 200 120
-0.3567 -5.0158 3.0462 80 200 120
-1.5717 -5.3436 -0.0538 80 200 120
-1.6249 -3.7923 -0.2016 80 200 120
-3.7710 -5.6916 -0.8870 80 200 120
1.1430 -1.8577 -0.0260 80 200 120
1.4367 -1.8408 0.0241 80 200 120
1.0323 -0.2412 -0.0301 80 200 120
-0.0553 -1.7509 0.4672 80 200 120
1.0723 -1.1885 0.1600 80 200 120
-0.7277 -2.8389 -0.0770 80 200 120
3.7254 -2.2727 -0.0221 80 200 120
-0.0260 0.0464 -0.3256 80 200 120
2.4843 1.0505 0.1551 80 200 120
-2.0507 -1.2437 0.2108 80 200 120
2.6111 -4.5568 3.0276 80 200 120
0.2037 -2.1374 1.1853 80 200 120
-3.5842 -0.4238 0.0630 80 200 120
-1.7560 -0.1716 -0.1060 80 200 120
-2.3851 -1.2288 1.1742 80 200 120
-2.7172 1.4913 -0.0729 80 200 120
-7.8751 3.4784 0.2641 80 200 120
-0.8274 1.5723 1.0817 80 200 120
0.9799 -8.9801 -6.8062 80 200 120
-0.6095 6.7117 -1.0426 80 200 120
-2.2253 -3.7600 1.1063 80 200 120
-0.6186 0.9736 -0.0789 80 200 120
-0.3692 2.4016 -0.1031 80 200 120
-3.9404 2.7560 -0.1500 80 200 120
-3.5630 2.8233 0.0387 80 200 120
3.5604 -1.7262 0.3342 80 200 120
3.3260 0.4521 2.1101 80 200 120
3.3799 0.3563 1.8681 80 200 120
0.4151 -0.0089 0.8159 80 200 120
0.3403 -0.0437 0.7915 80 200 120
-0.8870 1.1100 1.1138 80 200 120
0.6756 -1.8983 -0.6540 80 200 120
0.2668 0.8162 1.1341 80 200 120
-2.1244 1.1669 0.0018 80 200 120
4.3476 1.6335 0.2425 80 200 120
3.4170 -3.5402 0.0870 80 200 120
3.0269 -1.7206 -0.0519 80 200 120
2.9029 -0.8419 0.6474 80 200 120
-1.4422 4.8986 2.8883 80 200 120
-0.6178 2.3763 0.0883 80 200 120
-0.1887 2.7530 -0.0034 80 200 120
-2.0814 0.5358 1.0347 80 200 120
-2.7197 1.3188 0.9308 80 200 120
-2.2652 0.4072 1.0044 80 200 120
-1.0015 1.0925 1.0316 80 200 120
-1.8157 -4.7611 2.0535 80 200 120
0.7607 -3.4631 2.1308 80 200 120
0.4934 -2.6533 3.3238 80 200 120
-3.0087 -3.9591 -0.3989 80 200 120
0.0504 -2.5633 1.1919 80 200 120
-2.6357 -2.4730 0.6091 80 200 120
-0.5492 -2.2325 1.1024 80 200 120
-2.3385 -4.1178 0.1295 80 200 120
0.9695 -2.8750 -0.0002 80 200 120
-0.1426 -1.6477 0.0384 80 200 120
2.5518 -0.9624 0.5063 80 200 120
-2.4386 -3.5461 0.6126 80 200 120
-2.5869 -3.5927 0.2007 80 200 120
2.0361 -0.2830 0.1694 80 200 120
-1.9773 -5.1358 0.7979 80 200 120
1.6092 -0.1241 0.1404 80 200 120
-0.4437 -1.7714 1.1085 80 200 120
3.3804 1.1595 0.1313 80 200 120
0.1048 -0.0851 0.0861 80 200 120
-2.5924 -1.8698 -0.1277 80 200 120
-2.8696 -2.2898 -0.2439 80 200 120
0.3466 -0.0408 0.4505 80 200 120
-2.0134 -0.2067 -0.0354 80 200 120
-1.7176 1.4888 -0.4511 80 200 120
-1.4702 1.2551 0.2098 80 200 120
-2.8827 -2.3891 1.3362 80 200 120
-2.2348 2.1496 0.5196 80 200 120
-2.7114 -4.5444 1.4758 80 200 120
-1.5406 1.3069 0.3660 80 200 120
-0.1825 2.2643 0.0633 80 200 120
-0.0600 -0.0479 0.0187 80 200 120
-0.8377 5.0968 0.2499 80 200 120
-0.2067 3.1412 2.6380 80 200 120
3.8510 3.8745 2.0452 80 200 120
3.3701 4.4648 2.8490 80 200 120
-2.4352 1.5627 0.1346 80 200 120
0.4306 0.1315 1.1012 80 200 120
0.5235 0.5804 1.0956 80 200 120
3.0915 2.1320 1.8593 80 200 120
2.3533 1.7021 2.5952 80 200 120
-1.0469 1.8888 1.0685 80 200 120
-1.7898 0.6385 0.0565 80 200 120
-0.3321 -3.2540 2.9961 80 200 120
2.3112 1.3827 0.5000 80 200 120
2.7322 0.5965 -0.0062 80 200 120
3.1206 -3.9038 0.2157 80 200 120
2.8446 -4.1969 0.2673 80 200 120
-0.3510 4.5699 -0.3582 80 200 120
-2.1991 2.0788 -0.0482 80 200 120
0.7884 3.0123 0.5631 80 200 120
-3.3845 2.2572 -0.3225 80 200 120
-0.0689 -4.5945 2.2302 80 200 120
-0.8406 -2.5976 3.2326 80 200 120
-1.6685 -3.6277 0.4424 80 200 120
4.0683 -4.8839 3.0540 80 200 120
0.2333 -1.8472 1.2017 80 200 120
-2.1603 -5.2337 1.1698 80 200 120
-0.6695 -2.6929 0.6408 80 200 120
-2.2832 -1.2771 1.3571 80 200 120
3.6205 -3.2643 3.2070 80 200 120
-3.2213 -3.5448 2.0752 80 200 120
-2.4797 -3.6676 1.1407 80 200 120
0.9881 -3.1743 1.0958 80 200 120
1.9438 -1.7578 0.0747 80 200 120
-1.5632 -3.3140 -0.0448 80 200 120
2.0757 -3.1872 0.1271 80 200 120
0.8984 -2.9153 0.4716 80 200 120
2.0906 -0.5417 0.5938 80 200 120
0.5255 -2.1469 0.1083 80 200 120
-2.2007 -2.4204 -0.1569 80 200 120
-0.9309 -2.1868 -0.0332 80 200 120
-2.4793 -4.9280 2.1045 80 200 120
-3.3008 -0.6216 0.1341 80 200 120
-3.7797 -0.0688 -0.2850 80 200 120
-2.4132 -1.0862 1.1170 80 200 120
-2.1363 0.5112 -0.1401 80 200 120
-1.2451 -3.7391 0.3771 80 200 120
-1.9807 -4.7337 1.1848 80 200 120
-3.9516 4.3784 1.0051 80 200 120
-1.7802 -4.0902 0.0524 80 200 120
-0.3751 2.1269 -0.2408 80 200 120
-3.5526 5.2271 1.3255 80 200 120
-3.1182 0.3812 0.1859 80 200 120
-4.8939 1.7969 0.6097 80 200 120
-2.6779 1.5490 0.9295 80 200 120
0.5279 0.8622 1.0910 80 200 120
0.3237 -0.0528 0.6161 80 200 120
2.5777 -2.1794 -0.3218 80 200 120
-1.8255 0.4881 0.0635 80 200 120
2.8460 4.9381 2.2761 80 200 120
0.4459 -1.4719 -0.1354 80 200 120
1.5804 4.9465 2.2082 80 200 120
3.6611 4.0794 1.2148 80 200 120
2.5866 5.7968 3.5545 80 200 120
3.3628 4.2454 3.8154 80 200 120
3.6386 1.7247 0.4511 80 200 120
2.6037 -1.0600 0.6596 80 200 120
-0.0997 5.6455 -0.5630 80 200 120
8.0837 -3.5515 -0.8330 80 200 120
-1.1797 1.2835 0.9763 80 200 120
2.9915 -2.2117 -0.2671 80 200 120
-3.0017 2.8938 0.1589 80 200 120
-1.1787 0.9702 1.0471 80 200 120
-0.0783 0.5156 0.2155 80 200 120
0.7971 0.0404 0.8573 80 200 120
2.5335 1.9651 0.3735 80 200 120
-0.2149 3.5156 3.5031 80 200 120
3.2211 -2.9988 0.1642 80 200 120
2.3776 3.0812 3.3358 80 200 120
1.6731 -4.5222 1.6449 80 200 120
5.8664 5.6962 1.5301 80 200 120
3.7630 -1.6742 -0.4925 80 200 120
1.6368 -4.1616 2.5211 80 200 120
5.1276 -3.9205 -0.5420 80 200 120
0.5602 4.6038 3.1720 80 200 120
3.1154 -2.4784 -0.1304 80 200 120
2.5760 -0.4113 -0.1354 80 200 120
-1.5367 4.9827 2.2281 80 200 120
-3.8048 6.1599 1.9212 80 200 120
-0.9192 4.8523 2.4846 80 200 120
0.3249 3.4841 0.3926 80 200 120
-2.5579 0.3386 0.9691 80 200 120
-2.1546 0.5978 1.0348 80 200 120
0.6012 -2.9870 2.5127 80 200 120
5.0281 -3.4567 3.9251 80 200 120
4.3383 -5.7661 2.8036 80 200 120
-0.2717 -2.2704 1.2276 80 200 120
-1.7223 -5.8906 -0.2177 80 200 120
4.4930 -7.4373 1.2859 80 200 120
-2.1491 -3.3982 0.1625 80 200 120
-2.6427 -2.5122 -0.0761 80 200 120
-2.3063 -1.1103 1.3181 80 200 120
-0.7108 -2.9785 0.2707 80 200 120
-2.3252 -1.3250 0.8729 80 200 120
-1.3476 -5.3450 2.2417 80 200 120
0.6225 -5.2379 1.5395 80 200 120
1.5125 -4.0584 2.7734 80 200 120
-0.0353 -2.1814 1.2118 80 200 120
0.4532 0.0301 0.7674 80 200 120
3.4569 -2.5480 3.1480 80 200 120
-1.0007 0.9411 0.1563 80 200 120
-2.6599 -1.6472 -0.1539 80 200 120
-0.9385 0.9253 1.0667 80 200 120
-2.4263 -4.0607 1.4796 80 200 120
-0.6229 1.0749 1.0256 80 200 120
-0.8600 1.6028 1.0930 80 200 120
-2.0806 -2.8574 1.5098 80 200 120
-3.4080 3.1125 1.5056 80 200 120
-4.8429 4.6617 1.3472 80 200 120
0.8845 3.0467 3.2257 80 200 120
-0.6002 2.0430 1.1219 80 200 120
-0.5240 0.5199 0.1256 80 200 120
0.5413 0.3309 1.0812 80 200 120
-2.6383 0.4834 0.0227 80 200 120
3.3404 1.3547 0.2006 80 200 120
0.5546 -4.5246 2.9635 80 200 120
3.8498 -0.8745 0.9108 80 200 120
3.5948 -2.6247 3.2454 80 200 120
2.1519 -0.5582 0.1387 80 200 120
3.6246 3.4213 -0.0284 80 200 120
4.0172 2.4649 0.3847 80 200 120
2.0646 1.0882 0.5268 80 200 120
0.8286 2.4045 3.2631 80 200 120
3.6046 6.3308 2.4790 80 200 120
-1.9683 0.6725 1.0652 80 200 120
-0.5575 -5.8586 2.3860 80 200 120
-3.2095 0.5316 3.1157 80 200 120
1.1991 -3.3368 3.3026 80 200 120
2.5866 -2.7748 1.5905 80 200 120
2.0085 -2.1200 1.8236 80 200 120
0.1929 -1.9152 1.2058 80 200 120
-2.1511 -1.2823 1.1397 80 200 120
6.6286 -12.3117 -0.2595 80 200 120
1.8928 -2.4888 1.5015 80 200 120
-0.6121 -2.4390 0.6918 80 200 120
8.5736 -10.6176 2.8242 80 200 120
-0.5929 -2.4871 1.0488 80 200 120
-2.4946 -2.4231 1.1123 80 200 120
0.0037 -1.4342 -0.0102 80 200 120
-2.1972 -2.5820 0.1568 80 200 120
-0.5028 -1.7899 0.2489 80 200 120
0.2141 -1.1470 -0.0029 80 200 120
1.3295 -5.8320 1.7052 80 200 120
-2.1085 -0.9923 0.2234 80 200 120
-2.5054 -1.5863 -0.0771 80 200 120
-2.2176 1.6751 0.3106 80 200 120
-0.3939 2.2466 0.1671 80 200 120
0.0877 2.4246 -0.0067 80 200 120
-0.1972 2.1027 0.1709 80 200 120
-0.0651 -0.0429 0.0125 80 200 120
-0.3275 1.0937 0.8057 80 200 120
1.3616 -0.2053 -0.0600 80 200 120
-0.1787 3.5513 1.4264 80 200 120
2.0048 -0.1116 -0.0587 80 200 120
-0.4540 2.4256 1.1985 80 200 120
0.7022 5.1610 1.8268 80 200 120
-0.3748 1.1644 0.1912 80 200 120
0.3809 0.8004 1.0971 80 200 120
-2.7749 1.8509 0.2745 80 200 120
-0.0578 0.2936 1.1302 80 200 120
-0.6230 1.0653 1.0272 80 200 120
4.3535 5.9571 1.8503 80 200 120
0.9828 0.1004 0.4402 80 200 120
-0.1360 0.1599 0.7090 80 200 120
4.3954 0.6537 -0.3653 80 200 120
1.9640 2.2727 0.6917 80 200 120
-0.6116 13.5189 -3.6595 80 200 120
-0.5057 1.5818 0.4887 80 200 120
-2.8958 -3.0123 -0.1335 80 200 120
-0.9983 -1.3329 0.9097 80 200 120
1.4090 -3.7822 1.5350 80 200 120
-2.7563 -4.8338 0.0362 80 200 120
-2.0407 -1.4320 1.3576 80 200 120
3.0604 -1.6697 3.4450 80 200 120
-1.5566 -3.0077 -0.2121 80 200 120
-0.4287 -1.7090 0.0587 80 200 120
1.0685 -4.6627 2.2465 80 200 120
-2.1777 -4.7317 -0.0241 80 200 120
1.0744 -2.5338 -0.0234 80 200 120
0.2955 -0.0680 0.6050 80 200 120
1.9452 0.3447 0.3615 80 200 120
-2.3044 -3.4615 1.1554 80 200 120
0.4662 0.0059 0.7027 80 200 120
0.5505 0.0505 0.7591 80 200 120
0.6985 0.1296 0.8007 80 200 120
-2.1907 -0.5774 -0.1708 80 200 120
-1.0728 0.7496 -0.0296 80 200 120
-3.2650 -5.5751 1.5396 80 200 120
-0.5982 0.9915 1.0478 80 200 120
-1.1409 0.1316 1.1864 80 200 120
-0.5815 -2.3391 0.6683 80 200 120
-1.0672 -3.3366 0.4595 80 200 120
2.5365 -0.6591 0.2227 80 200 120
-0.2172 1.6073 0.0541 80 200 120
0.7863 -0.2370 -0.0152 80 200 120
-0.4972 1.0442 -0.1529 80 200 120
3.2760 1.9415 0.1585 80 200 120
0.5285 0.6653 1.0825 80 200 120
2.2290 2.0703 0.4750 80 200 120
3.4756 3.6513 3.1419 80 200 120
3.4832 2.0142 0.5072 80 200 120
2.8025 -2.0586 0.2105 80 200 120
2.5956 -1.3201 0.6070 80 200 120
5.1967 -3.5267 -1.3053 80 200 120
-3.8998 3.0871 -0.5561 80 200 120
-1.0058 0.0678 -0.0299 80 200 120
2.1427 -1.7616 -0.0922 80 200 120
2.3286 0.4247 0.0464 80 200 120
1.3730 3.8554 3.0162 80 200 120
4.2402 0.6377 2.3586 80 200 120
3.4571 -4.2896 0.0940 80 200 120
3.7199 -0.7351 -0.6647 80 200 120
3.2276 -4.4445 0.4161 80 200 120
3.3956 2.1725 0.1433 80 200 120
2.8418 -5.7939 0.6469 80 200 120
4.8031 -3.6339 -0.9000 80 200 120
-2.1824 0.9962 1.0279 80 200 120
-1.1216 2.4315 1.0007 80 200 120
-3.2650 3.3156 -0.3676 80 200 120
-3.2338 -2.4138 0.6193 80 200 120
-0.0185 -4.1076 2.5268 80 200 120
-2.0639 -0.8952 1.1641 80 200 120
-11.4737 -18.5471 -6.2242 80 200 120
-5.1208 -4.4632 -1.6094 80 200 120
1.8999 -7.1368 0.6816 80 200 120
2.2327 -5.0575 1.4838 80 200 120
0.3309 -0.0421 1.1043 80 200 120
-0.4503 1.0304 1.1634 80 200 120
-0.4461 0.6395 1.2461 80 200 120
-2.1433 1.0049 -0.1203 80 200 120
-0.6903 3.0966 -0.2649 80 200 120
-1.6554 1.4247 0.5237 80 200 120
-0.5958 1.0036 0.0841 80 200 120
-1.9481 1.2813 0.0357 80 200 120
-1.1155 0.0431 1.1890 80 200 120
-1.8400 -11.4949 -2.9821 80 200 120
-3.3240 4.2123 0.7304 80 200 120
-7.1486 522.0672 -140.1885 80 200 120
0.0826 1.1047 -0.4002 80 200 120
-0.2096 2.4224 0.2591 80 200 120
-4.4800 4.6398 -3.7679 80 200 120
1.7505 -0.2544 0.0017 80 200 120
2.4954 -0.2721 -0.0484 80 200 120
1.0997 0.1470 -0.1661 80 200 120
2.4112 0.2556 0.0446 80 200 120
-0.7388 0.6588 1.1312 80 200 120
3.2943 2.4543 0.0826 80 200 120
-0.8832 1.6123 1.0982 80 200 120
2.9316 0.4035 2.0061 80 200 120
-0.0910 1.2760 1.7248 80 200 120
1.6464 0.5089 -6.3376 80 200 120
-0.1171 0.2896 0.7376 80 200 120
-0.7840 2.4345 -0.6792 80 200 120
1.5038 4.3697 0.2107 80 200 120
-0.4555 -0.4860 -0.0882 80 200 120
0.3232 -4.9170 3.2324 80 200 120
2.0983 -1.5836 0.3537 80 200 120
3.7469 0.8446 -0.4536 80 200 120
-0.1941 3.3644 3.7282 80 200 120
3.9681 5.2859 0.0427 80 200 120
2.7600 -0.6008 0.6004 80 200 120
-0.8686 0.7907 1.0962 80 200 120
-0.4955 0.6541 1.1564 80 200 120
1.2612 -3.9937 2.1416 80 200 120
-2.3155 -3.4423 0.6125 80 200 120
-2.4301 -3.3570 -0.0139 80 200 120
0.2571 -4.3981 2.9945 80 200 120
0.5687 -1.1029 0.0780 80 200 120
-0.6962 -1.4351 0.0215 80 200 120
-0.2218 -1.0991 -0.0153 80 200 120
2.5415 -0.8327 0.6913 80 200 120
0.3922 -1.4426 -0.0236 80 200 120
-2.5711 -5.1400 2.1438 80 200 120
-0.0324 1.5850 0.4200 80 200 120
-0.6363 1.5113 0.0259 80 200 120
-0.0605 4.5401 -1.0772 80 200 120
-0.0661 1.5582 0.2584 80 200 120
0.3021 1.8337 -0.4425 80 200 120
-0.2102 0.0449 0.7594 80 200 120
-0.1378 -0.1039 0.4148 80 200 120
-0.6183 0.2561 0.7077 80 200 120
0.0909 1.3721 0.4515 80 200 120
2.3197 -0.8684 0.0010 80 200 120
3.0766 0.6530 0.1293 80 200 120
-0.0221 -0.0030 1.0766 80 200 120
1.3590 0.1989 0.3959 80 200 120
0.9804 0.1188 0.2240 80 200 120
-0.5717 1.8147 0.0536 80 200 120
3.2719 -1.0223 0.6195 80 200 120
-0.7538 3.7057 2.1788 80 200 120
0.7690 -3.6352 2.4670 80 200 120
3.2255 -1.9698 1.9012 80 200 120
1.6115 -2.7268 0.6569 80 200 120
1.7562 -0.9605 0.4795 80 200 120
2.3698 -2.0178 0.4767 80 200 120
7.2166 7.9277 0.8892 80 200 120
3.8617 1.7415 1.0894 80 200 120
0.6684 -3.5809 2.7540 80 200 120
2.0994 -0.7057 0.8940 80 200 120
-3.8202 2.1050 0.7401 80 200 120
-1.2446 2.2052 1.0043 80 200 120
-1.1281 4.9191 2.1021 80 200 120
-4.3274 3.4873 -0.8946 80 200 120
3.3054 2.5063 3.1873 80 200 120
-1.4201 1.5258 1.0154 80 200 120
3.3961 3.2842 2.1775 80 200 120
3.3642 4.7357 2.5557 80 200 120
-0.3036 3.3313 0.0555 80 200 120
-3.6490 4.0091 1.0182 80 200 120
3.3129 2.6262 2.1857 80 200 120
3.1796 1.7142 3.0429 80 200 120
-1.3614 5.2139 1.6872 80 200 120
2.8655 5.0223 2.3306 80 200 120
0.9198 4.7637 0.1159 80 200 120
2.9072 -7.0182 3.8038 80 200 120
-0.6250 -5.1951 1.6227 80 200 120
-2.2270 -1.1302 1.1891 80 200 120
1.6890 -4.1074 2.1684 80 200 120
-2.6436 -1.0857 1.0335 80 200 120
-2.1465 -1.3017 0.9835 80 200 120
-2.3591 -4.8332 0.0165 80 200 120
2.7838 -0.6489 4.1031 80 200 120
-2.1992 -3.2169 3.2324 80 200 120
-1.4512 1.4689 3.1496 80 200 120
-0.9415 -4.5101 1.6959 80 200 120
-2.6723 -2.8135 1.3169 80 200 120
-3.0911 -5.2003 2.5009 80 200 120
-2.5093 -3.0720 1.5262 80 200 120
0.2344 -3.5906 3.1213 80 200 120
-0.5424 -4.8243 2.1599 80 200 120
-2.2507 -2.9340 0.0446 80 200 120
-1.1466 -5.9973 -0.5679 80 200 120
-1.6530 -5.1840 3.1463 80 200 120
1.3529 -0.6627 -0.2406 80 200 120
0.0018 -2.6028 1.2233 80 200 120
-2.4849 -1.8923 0.0175 80 200 120
-2.2401 -1.0421 0.1535 80 200 120
3.4241 1.3197 -0.7650 80 200 120
-3.4321 3.6727 0.4378 80 200 120
-0.8857 -1.4902 0.6583 80 200 120
-1.5376 0.1898 -0.0487 80 200 120
-2.3119 -1.6467 0.1263 80 200 120
-2.7337 0.6907 0.9405 80 200 120
-0.6583 -2.8798 0.5571 80 200 120
-1.1766 -2.1883 0.8359 80 200 120
-0.0459 0.7287 0.3716 80 200 120
-0.8240 0.6978 0.1859 80 200 120
-0.1435 0.0612 0.8687 80 200 120
-1.2077 0.9512 0.6096 80 200 120
2.6588 -0.1657 0.6535 80 200 120
3.3892 1.0388 0.0484 80 200 120
3.4473 0.4815 2.1195 80 200 120
2.0931 -1.0015 0.0517 80 200 120
0.4116 -1.4211 -0.0432 80 200 120
-1.2863 0.5192 -0.2823 80 200 120
0.2324 -0.1803 -0.1966 80 200 120
3.4865 1.2156 0.5492 80 200 120
4.3053 3.1334 3.5809 80 200 120
3.2321 4.5406 2.3130 80 200 120
-0.4917 -5.0528 2.2423 80 200 120
2.9579 -1.1165 0.6107 80 200 120
2.6812 1.3743 2.8126 80 200 120
4.1542 3.0553 3.4554 80 200 120
2.4574 -2.7388 -0.0836 80 200 120
2.3545 -3.5795 -0.0494 80 200 120
2.1950 0.1078 0.8507 80 200 120
2.7940 -0.2649 0.7555 80 200 120
-0.9113 -4.1816 3.3047 80 200 120
0.8483 -4.4474 1.5629 80 200 120
-0.4589 -2.6219 3.2116 80 200 120
-0.5792 -5.0639 3.1343 80 200 120
2.9643 -0.3464 0.4631 80 200 120
2.4917 -2.3233 0.0725 80 200 120
-0.7455 -2.3683 3.2385 80 200 120
3.8866 0.5422 -0.1871 80 200 120
-0.0697 -3.5769 3.2521 80 200 120
2.3312 -4.8768 0.7500 80 200 120
1.5400 -3.8062 3.2334 80 200 120
-0.8369 4.4702 2.8819 80 200 120
3.3017 3.7271 0.3231 80 200 120
2.6365 3.3267 3.2471 80 200 120
3.3479 3.7624 1.2953 80 200 120
2.4411 5.0118 1.9726 80 200 120
-1.2718 1.7327 1.0641 80 200 120
2.4525 4.7716 0.6894 80 200 120
3.3542 2.9975 3.1190 80 200 120
5.5662 10.5148 -1.0072 80 200 120
3.3231 1.4316 3.1255 80 200 120
1.0270 3.8816 0.0298 80 200 120
1.5543 4.3159 3.1233 80 200 120
3.3969 3.1764 1.4666 80 200 120
1.5650 4.9766 2.1617 80 200 120
0.7796 2.3109 3.2356 80 200 120
3.4936 2.6504 2.5576 80 200 120
0.3161 1.6083 3.2144 80 200 120
4.7723 1.3283 3.7592 80 200 120
0.4170 3.8541 0.9960 80 200 120
-2.2763 4.7714 1.0374 80 200 120
1.6959 4.8761 1.2457 80 200 120
-3.8511 0.9214 2.5456 80 200 120
3.5921 2.3391 2.7733 80 200 120
3.3777 2.6757 1.2384 80 200 120
-0.0382 1.7404 3.2128 80 200 120
-0.7340 2.0991 0.8921 80 200 120
-0.6835 1.3728 0.9433 80 200 120
-0.5681 2.3601 0.5075 80 200 120
1.6512 4.1008 -0.0498 80 200 120
-0.0300 2.2767 1.3908 80 200 120
-3.1364 3.2339 2.9821 80 200 120
-3.4915 -0.1246 1.8402 80 200 120
-3.2509 -2.2576 2.6927 80 200 120
-3.4754 2.1125 2.7310 80 200 120
-2.0749 -5.4921 0.4562 80 200 120
-3.3887 -1.6859 1.8899 80 200 120
-3.5646 0.6929 2.8392 80 200 120
-1.7221 -4.3057 0.0729 80 200 120
0.6459 -5.4001 2.0549 80 200 120
-3.5644 0.3085 1.9075 80 200 120
1.1934 -2.3643 3.0624 80 200 120
-2.0679 -1.5984 0.2788 80 200 120
-2.6709 -1.2433 1.3493 80 200 120
-3.3608 -0.7899 1.1101 80 200 120
-2.6873 -1.1486 0.8068 80 200 120
-2.7071 -1.8927 0.7132 80 200 120
-2.1051 1.1053 3.2362 80 200 120
-0.2134 -4.6620 1.6203 80 200 120
-3.5477 1.5397 2.7989 80 200 120
-3.2102 -1.3666 2.0007 80 200 120
-3.1506 -2.9201 1.5444 80 200 120
-3.3422 -5.3476 3.0630 80 200 120
-2.7464 -2.5833 1.4372 80 200 120
-3.5781 -3.9640 2.1031 80 200 120
-2.4670 -1.0950 0.6736 80 200 120
-4.3669 -1.2009 -0.2606 80 200 120
-2.6928 -2.2233 1.3252 80 200 120
0.2112 -2.1019 1.1959 80 200 120
3.1662 0.3332 -0.3724 80 200 120
-2.6030 -0.9351 0.1510 80 200 120
-2.4593 -1.4965 0.9205 80 200 120
-0.8387 -5.3844 3.0057 80 200 120
2.0280 -4.8427 2.3562 80 200 120
-2.3855 -1.3206 0.7944 80 200 120
-2.3553 -4.9824 2.5577 80 200 120
1.9486 -0.1843 0.7420 80 200 120
-2.3481 -2.8925 0.9211 80 200 120
1.4579 0.2392 0.1337 80 200 120
3.7820 -4.1961 3.0672 80 200 120
-0.2329 -5.5195 3.3749 80 200 120
-0.5726 -5.3389 3.3059 80 200 120
-1.5184 -1.4755 -0.0123 80 200 120
-1.2996 4.9698 1.5305 80 200 120
-2.3772 -1.0883 1.3388 80 200 120
-0.9451 0.6632 0.0785 80 200 120
-3.8914 4.2979 1.0110 80 200 120
-3.5489 4.9454 1.9393 80 200 120
-3.7080 -0.3507 -0.0853 80 200 120
-3.2609 4.7874 1.3202 80 200 120
-2.7451 -1.5509 1.3445 80 200 120
-0.5647 1.5728 0.1756 80 200 120
-2.7173 -1.1203 0.6466 80 200 120
-0.4362 2.7403 0.2071 80 200 120
-0.6665 -0.9971 0.1052 80 200 120
-0.0563 0.6196 0.0038 80 200 120
0.1081 1.5156 0.2087 80 200 120
-0.5851 2.6431 0.3791 80 200 120
-2.2823 -0.5703 0.0359 80 200 120
-2.5939 5.3555 0.5702 80 200 120
-3.1648 5.0573 1.9153 80 200 120
8.2655 -0.9829 2.9283 80 200 120
2.7771 -2.8979 -0.0151 80 200 120
3.8199 0.6226 3.1496 80 200 120
2.4458 -4.1972 -0.7165 80 200 120
-0.9234 4.6451 -0.9899 80 200 120
1.0098 -0.3795 -0.0003 80 200 120
4.9380 1.4553 2.6274 80 200 120
3.3474 -0.6853 1.6819 80 200 120
3.7088 -3.0881 -0.1878 80 200 120
2.3670 2.5631 0.7963 80 200 120
0.6244 -1.1104 0.0143 80 200 120
4.1126 0.4063 2.0145 80 200 120
2.1156 4.3278 1.8678 80 200 120
1.7742 -1.7275 0.0324 80 200 120
0.3780 0.4623 1.1287 80 200 120
3.3786 0.7345 2.4809 80 200 120
-0.9446 0.4848 0.1619 80 200 120
0.1839 -1.0486 0.1008 80 200 120
-0.0498 6.7807 -2.2316 80 200 120
1.4804 -1.1269 -0.0206 80 200 120
6.2893 3.3640 4.3421 80 200 120
0.4200 3.7045 2.3229 80 200 120
3.5863 3.0991 3.2141 80 200 120
-0.0331 0.3279 1.1130 80 200 120
3.5922 -3.1158 0.5377 80 200 120
0.9741 -1.7013 0.0530 80 200 120
0.0086 -5.0067 1.5158 80 200 120
-0.5834 -5.0733 1.6307 80 200 120
3.5157 3.2933 3.1972 80 200 120
3.8643 2.6095 2.2334 80 200 120
0.3317 -4.8273 1.2658 80 200 120
3.0574 -3.7092 -0.3317 80 200 120
3.8315 -0.7518 1.7646 80 200 120
3.5218 -0.1884 1.0125 80 200 120
2.1787 -4.8545 1.4642 80 200 120
1.7545 -4.2266 2.2157 80 200 120
3.5119 -1.1094 2.1278 80 200 120
-1.6100 -5.1107 3.0904 80 200 120
2.7018 -5.2656 0.0774 80 200 120
2.7426 -4.5733 0.2167 80 200 120
3.6166 -2.9151 -0.0798 80 200 120
-0.1102 -4.9780 1.9846 80 200 120
0.0368 -5.0147 2.7338 80 200 120
2.7738 -2.0171 0.0675 80 200 120
2.4223 -1.2087 0.1660 80 200 120
1.0199 -3.1856 0.8566 80 200 120
3.2302 1.1805 2.8278 80 200 120
-1.3952 -5.0493 2.7983 80 200 120
2.5846 -0.7466 0.6048 80 200 120
3.2727 -5.1212 2.3716 80 200 120
3.8682 1.0463 3.3675 80 200 120
0.5664 -4.6043 1.2023 80 200 120
-1.8414 -5.0068 2.1203 80 200 120
2.7164 -0.5783 0.6913 80 200 120
3.1307 1.1467 3.2459 80 200 120
2.7160 -1.8052 0.3834 80 200 120
3.4030 -0.4245 3.1056 80 200 120
3.4138 0.7568 2.7758 80 200 120
-0.8232 3.9415 3.0321 80 200 120
-3.0308 1.2715 2.6110 80 200 120
3.5147 1.9760 1.4930 80 200 120
3.4693 1.9536 1.0920 80 200 120
1.4747 2.9105 0.2532 80 200 120
1.7305 2.9452 0.6523 80 200 120
2.1248 3.0972 0.7568 80 200 120
3.5347 1.0924 2.9891 80 200 120
2.1039 4.7052 0.1344 80 200 120
-0.0538 2.2010 2.0192 80 200 120
-0.6947 1.9709 1.2055 80 200 120
0.2222 2.5943 0.2085 80 200 120
1.1241 4.5849 3.0723 80 200 120
3.2355 4.2238 0.9410 80 200 120
1.3867 4.3977 0.5816 80 200 120
3.2426 1.0639 1.8695 80 200 120
1.3430 4.2970 0.2278 80 200 120
3.7630 -0.3345 3.3474 80 200 120
2.0227 -0.5835 3.4788 80 200 120
0.4392 3.1643 0.2467 80 200 120
4.7364 0.9926 3.0009 80 200 120
3.6103 0.5144 2.2333 80 200 120
1.5934 2.5936 3.1755 80 200 120
-2.0322 -3.3500 1.4204 80 200 120
-2.8979 1.0806 0.9182 80 200 120
-3.3584 2.0813 1.1749 80 200 120
-3.4653 2.6417 2.1587 80 200 120
-2.5039 -4.3579 0.5992 80 200 120
-1.5241 -4.3705 1.0274 80 200 120
0.5766 -5.0037 2.6827 80 200 120
-3.2761 -0.2749 0.8691 80 200 120
-2.3995 -2.0129 1.3412 80 200 120
-2.4620 -1.0766 0.5450 80 200 120
-3.3450 4.0846 2.6914 80 200 120
-3.4907 1.8218 1.3859 80 200 120
-2.2628 -2.2610 3.2780 80 200 120
2.0189 -0.8622 -0.3028 80 200 120
0.3284 -1.9519 1.0808 80 200 120
-1.3089 -3.2412 0.2201 80 200 120
1.2787 -3.6133 0.7488 80 200 120
-3.9188 -0.5715 -0.2049 80 200 120
-3.4931 -4.4751 2.8845 80 200 120
-0.1093 0.2947 0.6634 80 200 120
-2.6706 -0.9900 1.3276 80 200 120
-0.2682 -0.7673 -0.0106 80 200 120
-2.3711 -1.1869 0.0153 80 200 120
2.4313 -0.2966 -0.2108 80 200 120
2.5070 -2.3925 -0.0065 80 200 120
-2.5737 -1.1562 0.8739 80 200 120
-0.4274 -0.4998 -0.0219 80 200 120
-2.5529 -0.7249 0.1101 80 200 120
-2.3064 0.0932 -0.0284 80 200 120
-2.4241 -1.3125 0.5172 80 200 120
-1.9139 -0.5313 -0.0037 80 200 120
-2.8927 4.3087 3.0235 80 200 120
-3.7357 0.6310 0.7704 80 200 120
-0.2662 4.1369 0.2918 80 200 120
-2.6911 1.2517 0.0221 80 200 120
-3.8938 4.8540 2.9031 80 200 120
-0.1842 2.5827 0.1630 80 200 120
-3.1530 2.6104 2.2898 80 200 120
-1.7909 0.6053 0.0650 80 200 120
-0.1247 0.0139 0.5964 80 200 120
-0.2327 0.0635 0.4501 80 200 120
-0.9924 0.0619 0.0204 80 200 120
0.2215 2.8882 0.1778 80 200 120
-0.2222 3.3503 0.1769 80 200 120
-3.4436 3.6174 3.2585 80 200 120
0.0097 3.1042 0.3625 80 200 120
-2.6944 5.0507 2.7431 80 200 120
-0.1020 1.8889 0.0059 80 200 120
-1.4845 0.9072 0.0879 80 200 120
-0.2238 1.3782 0.2569 80 200 120
-0.5673 2.1945 0.9731 80 200 120
-0.3360 2.8151 1.0820 80 200 120
-0.8762 3.0034 1.1006 80 200 120
-0.6034 1.2673 1.0387 80 200 120
-1.0342 1.1477 1.0313 80 200 120
-0.9597 2.3332 0.9764 80 200 120
1.4115 4.8147 0.0752 80 200 120
0.1101 1.1630 0.5270 80 200 120
-0.0440 0.6567 0.2956 80 200 120
-0.7766 4.7034 2.3279 80 200 120
-0.0075 0.7347 0.5053 80 200 120
-0.4323 2.3163 -0.0381 80 200 120
2.3480 -0.5519 0.0221 80 200 120
-0.6441 0.5963 0.2865 80 200 120
0.9688 -3.0428 0.1332 80 200 120
2.1147 -2.6303 0.0534 80 200 120
1.6898 -1.1274 0.0037 80 200 120
3.2593 -3.2906 0.1470 80 200 120
0.7750 -2.4623 0.1993 80 200 120
3.0997 1.4001 -0.0765 80 200 120
2.9789 -1.8362 0.5472 80 200 120
1.4997 -1.4154 -0.0082 80 200 120
2.5939 -1.9182 -0.0091 80 200 120
3.2227 -4.4881 0.5598 80 200 120
1.8119 3.4136 0.8831 80 200 120
3.4328 -4.0265 1.1276 80 200 120
0.5755 0.0256 0.1100 80 200 120
1.5145 2.7373 0.7065 80 200 120
3.3048 -4.0719 0.1871 80 200 120
1.8212 2.6861 0.8509 80 200 120
2.3203 2.8195 0.5282 80 200 120
3.4519 -3.7561 0.5463 80 200 120
1.3262 -1.8826 -0.0033 80 200 120
3.2328 -2.1265 0.1317 80 200 120
-0.2310 -0.0919 1.0237 80 200 120
-0.9518 -5.0584 1.1237 80 200 120
-3.1323 -5.1144 2.5842 80 200 120
1.4863 -2.8941 0.0106 80 200 120
-2.7063 -5.1025 2.3669 80 200 120
0.7414 -2.3027 3.1374 80 200 120
-2.5395 -4.9489 3.1222 80 200 120
-1.3973 -3.6888 3.2347 80 200 120
-2.0691 -5.0788 2.5619 80 200 120
-0.3865 -3.4163 3.2843 80 200 120
-0.1815 -5.0856 3.1231 80 200 120
-1.6840 -5.0722 1.6828 80 200 120
-3.2680 -4.9030 3.1454 80 200 120
-2.0686 -4.9239 3.1330 80 200 120
-1.2938 -5.0717 2.2270 80 200 120
-2.4264 -5.0998 1.6392 80 200 120
0.2598 -2.1334 1.2331 80 200 120
-0.1089 -2.8153 1.2210 80 200 120
-3.5726 -4.5544 2.9386 80 200 120
0.3321 -1.8664 1.0059 80 200 120
3.0842 0.8688 2.2088 80 200 120
-2.3839 -3.5221 3.3610 80 200 120
-2.5634 -4.4468 3.3317 80 200 120
-2.1938 2.7000 3.1864 80 200 120
3.4537 2.3692 0.0895 80 200 120
3.5804 2.1597 0.4793 80 200 120
3.5440 1.5419 0.3375 80 200 120
3.4115 1.8869 0.0518 80 200 120
3.6078 1.4531 0.8549 80 200 120
3.8270 -1.6597 3.0936 80 200 120
-0.1266 5.0046 -0.0256 80 200 120
2.6924 3.0716 -0.1527 80 200 120
-0.3749 3.3179 1.0343 80 200 120
2.6679 2.9401 0.2142 80 200 120
1.7452 2.6742 0.4275 80 200 120
-0.6220 2.4941 1.2264 80 200 120
3.4689 2.8326 0.1007 80 200 120
3.4838 0.3603 1.8944 80 200 120
0.4705 4.0869 2.9978 80 200 120
-3.6951 5.0679 2.8950 80 200 120
1.6058 2.5537 0.1973 80 200 120
3.1365 4.9311 0.9285 80 200 120
1.0934 3.4314 -0.0472 80 200 120
3.5239 0.9808 2.2661 80 200 120
3.5810 -1.0374 2.4341 80 200 120
-2.4026 -3.9314 3.1343 80 200 120
-2.2323 -2.5448 1.0771 80 200 120
-3.1190 0.2481 3.1322 80 200 120
-3.3402 -3.3079 3.0584 80 200 120
-3.4343 -0.7974 2.7923 80 200 120
-3.2969 -1.6644 3.1439 80 200 120
-3.3583 -2.9326 2.6058 80 200 120
-0.8374 -1.4321 3.1117 80 200 120
-0.7671 -4.6324 3.2051 80 200 120
-2.7702 -0.4623 3.2335 80 200 120
-3.2000 -4.2033 3.2758 80 200 120
-0.3077 -1.2678 3.0206 80 200 120
-2.9947 1.5803 0.9414 80 200 120
-3.5668 3.0207 1.5559 80 200 120
-2.2671 -4.5992 2.4233 80 200 120
-2.4088 -1.3148 0.8038 80 200 120
-1.9700 1.9376 3.2614 80 200 120
-2.9391 1.8140 3.1618 80 200 120
-2.2643 -2.9863 1.0750 80 200 120
-3.1848 -0.7711 0.6260 80 200 120
-3.4706 0.8187 2.4828 80 200 120
-3.4586 0.3583 2.5639 80 200 120
-3.0625 -1.1516 1.2940 80 200 120
-2.8038 5.1267 3.0947 80 200 120
-2.6239 -1.8779 1.3375 80 200 120
0.4817 -2.5852 3.2689 80 200 120
-3.1073 3.9238 3.0850 80 200 120
-3.6350 -1.1031 1.3218 80 200 120
-3.5435 2.6136 1.1846 80 200 120
-1.4098 0.9968 3.4928 80 200 120
-3.6020 4.9043 1.7402 80 200 120
-2.1912 -1.9577 1.1397 80 200 120
-1.2467 1.7130 3.6362 80 200 120
3.9100 -5.4190 0.9544 80 200 120
-1.8959 -4.9085 0.0380 80 200 120
-1.5201 1.2343 -0.0395 80 200 120
-3.3438 0.0500 0.1065 80 200 120
0.1792 -2.6285 1.2470 80 200 120
-3.2639 -3.6092 3.0575 80 200 120
0.0003 -4.9817 2.7560 80 200 120
-3.5055 -2.7259 1.7228 80 200 120
-2.6836 -1.2397 1.3399 80 200 120
-0.4725 -2.3612 1.1966 80 200 120
-2.7812 1.3818 -0.0392 80 200 120
0.3869 -0.0517 0.0632 80 200 120
3.8317 -3.7300 0.0226 80 200 120
0.0612 -0.5115 -0.0199 80 200 120
-2.5969 -2.4515 0.5023 80 200 120
3.7401 -2.6814 -0.1161 80 200 120
3.5401 -4.4789 0.0308 80 200 120
3.6650 -4.0685 0.4985 80 200 120
-2.7802 -5.3091 3.2974 80 200 120
-3.1386 -0.8440 0.1067 80 200 120
-0.5683 -5.7596 3.4663 80 200 120
-0.9844 -4.8895 -0.4963 80 200 120
-2.6015 -1.0851 1.1210 80 200 120
1.1554 -6.5862 3.5487 80 200 120
-0.9438 -5.0341 1.1607 80 200 120
-1.4446 1.2054 0.0985 80 200 120
-1.3293 -1.3902 0.0601 80 200 120
0.4127 3.9863 0.4818 80 200 120
0.3097 3.0423 0.4871 80 200 120
0.1218 -0.0583 0.0772 80 200 120
-0.6389 2.9926 1.1746 80 200 120
-3.8050 1.8968 1.2513 80 200 120
1.5897 4.1583 0.4122 80 200 120
-3.4634 0.1428 0.0440 80 200 120
-2.4095 1.4592 0.2309 80 200 120
0.0847 2.3976 -0.0563 80 200 120
-0.2360 2.5328 -0.0865 80 200 120
1.9148 2.9449 0.3049 80 200 120
-2.7787 0.9317 0.9108 80 200 120
-1.9457 3.2980 0.6996 80 200 120
-2.6423 2.1397 0.1125 80 200 120
-0.5762 1.5786 0.1355 80 200 120
-2.6905 -2.5651 -0.1117 80 200 120
-0.8866 1.0744 1.0282 80 200 120
2.1499 2.9004 0.5913 80 200 120
-1.5632 4.9897 2.4211 80 200 120
-0.7414 1.0824 1.0363 80 200 120
-0.7576 4.2560 3.0992 80 200 120
1.0401 4.3564 0.0856 80 200 120
3.4055 -3.6500 1.7502 80 200 120
3.3420 -3.9736 1.5976 80 200 120
2.2862 0.7828 0.0207 80 200 120
-0.8942 -2.0465 0.0321 80 200 120
2.8602 -4.9014 0.0698 80 200 120
1.4205 1.6794 0.5460 80 200 120
0.3946 -2.1409 0.1360 80 200 120
1.2162 -3.5909 0.2067 80 200 120
2.0775 1.1045 0.0565 80 200 120
3.0988 -4.4301 0.1205 80 200 120
-0.9753 0.9452 0.1340 80 200 120
0.8043 0.0891 0.2139 80 200 120
1.0183 3.3747 0.0066 80 200 120
1.0438 -2.4260 0.0514 80 200 120
-1.6796 1.0064 -0.0317 80 200 120
-1.3655 0.6022 -0.3371 80 200 120
2.7661 5.4231 -0.7967 80 200 120
0.2430 -0.0843 1.0911 80 200 120
1.8299 2.7455 0.3986 80 200 120
3.2346 -2.6819 0.0713 80 200 120
0.3854 2.8390 -0.0393 80 200 120
3.4527 -3.2783 2.1446 80 200 120
3.4671 -4.9679 1.0044 80 200 120
3.4751 0.4473 2.1484 80 200 120
1.8547 -4.6638 0.1769 80 200 120
2.3005 -4.8370 0.7718 80 200 120
3.4940 2.2394 2.6715 80 200 120
1.5780 -3.3604 -0.0257 80 200 120
2.3816 -4.4485 -0.1078 80 200 120
0.3505 -1.6115 0.0196 80 200 120
2.5170 -2.3865 -0.0118 80 200 120
1.9314 1.5318 0.0351 80 200 120
0.2439 -1.0837 0.0010 80 200 120
0.0684 -1.3647 0.0099 80 200 120
0.1725 -1.7004 0.3508 80 200 120
2.4748 0.0443 0.5961 80 200 120
-0.2910 -1.0508 -0.0192 80 200 120
3.4528 -1.4106 0.9533 80 200 120
3.7118 3.5753 1.4804 80 200 120
-0.0998 -1.0526 -0.0209 80 200 120
3.4020 -2.3190 1.9491 80 200 120
2.1481 -3.3228 0.0251 80 200 120
2.2544 -4.9503 0.4200 80 200 120
3.4583 -3.1740 1.4509 80 200 120
3.5021 2.5159 3.1837 80 200 120
2.4366 3.8374 1.0841 80 200 120
-2.8504 -3.3277 1.4658 80 200 120
2.1003 -3.8508 0.1326 80 200 120
0.0440 -2.4323 1.2751 80 200 120
0.5025 -4.1606 2.1807 80 200 120
-0.0801 -1.8633 3.2273 80 200 120
-2.8667 -2.8499 3.2301 80 200 120
-0.2260 -1.7107 0.9661 80 200 120
-0.2900 -1.7434 1.1877 80 200 120
3.1854 -2.6089 0.2286 80 200 120
0.5660 -2.4078 1.2136 80 200 120
-2.2702 -3.8148 1.4618 80 200 120
-0.4619 -2.8732 1.0723 80 200 120
-2.0858 -5.0354 1.1984 80 200 120
1.8619 -4.5737 0.2709 80 200 120
1.5488 -4.1731 1.3380 80 200 120
-3.3016 -3.7153 3.1457 80 200 120
-3.3836 -3.2211 3.0736 80 200 120
-0.3446 -3.5928 1.2027 80 200 120
3.4184 -0.9696 3.1953 80 200 120
-1.8425 -2.6298 3.2792 80 200 120
3.3797 1.5826 0.1074 80 200 120
3.4745 -2.2287 3.2126 80 200 120
3.5123 -0.7227 1.8586 80 200 120
-1.9394 4.8834 2.7313 80 200 120
3.4433 3.2958 0.1406 80 200 120
3.7077 -1.8863 3.3396 80 200 120
3.5164 -0.9962 3.1926 80 200 120
3.4939 0.1661 2.8523 80 200 120
2.9084 3.2266 0.6879 80 200 120
2.0695 -1.3638 3.3949 80 200 120
-1.9129 0.9392 3.0602 80 200 120
-2.6984 1.2321 0.5580 80 200 120
-3.4411 5.0827 1.2567 80 200 120
-3.6898 4.1197 0.9779 80 200 120
-2.5987 0.3372 1.0105 80 200 120
-2.9401 1.8243 0.8683 80 200 120
-3.3234 -0.0636 0.7584 80 200 120
-3.3559 -2.5933 1.7267 80 200 120
-3.0529 -2.9805 1.8442 80 200 120
-3.2248 1.2910 1.0445 80 200 120
-3.7179 4.7589 0.6207 80 200 120
-3.3906 -0.0294 0.4245 80 200 120
-1.7118 5.0873 2.3052 80 200 120
-0.9947 4.8070 2.5014 80 200 120
-0.5852 4.8495 2.9268 80 200 120
-3.1434 0.7454 3.0804 80 200 120
-2.6285 3.9180 3.0637 80 200 120
-3.4276 -4.9346 2.7112 80 200 120
-1.2012 5.2532 2.1519 80 200 120
-2.5148 -4.2501 1.6726 80 200 120
0.3407 0.1089 -1.4327 80 200 120
-0.9470 0.8602 0.2270 80 200 120
-2.3673 -2.1764 0.0128 80 200 120
1.6412 -1.1192 0.0064 80 200 120
-1.4224 0.6259 0.0640 80 200 120
-3.3777 -0.6490 0.0838 80 200 120
1.7943 -2.7619 0.0079 80 200 120
-1.9432 0.5525 -0.0069 80 200 120
0.9695 -1.5808 -0.0315 80 200 120
-2.2475 1.3257 0.3393 80 200 120
-0.1080 0.4168 0.4091 80 200 120
-2.1496 1.1309 -0.0074 80 200 120
-2.0752 -3.7979 -0.1334 80 200 120
-0.4245 -1.7944 0.5714 80 200 120
-1.1182 0.4038 -0.0166 80 200 120
-1.8426 -0.2276 0.0018 80 200 120
-3.3377 -4.9045 2.5948 80 200 120
-3.3814 -3.2113 3.0496 80 200 120
-2.7831 0.3530 0.9001 80 200 120
-0.5117 -2.2273 1.0575 80 200 120
-1.0171 0.0413 -0.0544 80 200 120
-0.8863 0.7138 0.0097 80 200 120
-0.6961 2.2833 -0.7798 80 200 120
-2.1972 0.6599 0.3226 80 200 120
1.7123 3.5469 0.4293 80 200 120
0.3921 1.7786 0.1153 80 200 120
3.4098 4.9286 2.0995 80 200 120
1.3980 3.7033 0.1614 80 200 120
1.4820 2.8998 -0.0797 80 200 120
0.0206 2.4984 2.0585 80 200 120
-2.2367 1.5814 0.0585 80 200 120
-0.6249 1.0281 0.0807 80 200 120
-0.0186 2.7802 1.3765 80 200 120
2.2213 2.6523 -0.0296 80 200 120
1.6051 3.3310 0.1105 80 200 120
1.9255 3.1909 0.5716 80 200 120
3.3185 2.5976 0.0046 80 200 120
0.6005 4.8529 3.2779 80 200 120
2.7912 4.9022 2.2895 80 200 120
3.1451 1.0943 -0.0585 80 200 120
-0.1427 0.2937 0.9413 80 200 120
-0.1029 3.0075 1.8788 80 200 120
2.7052 2.9634 0.3834 80 200 120
2.2483 0.7400 -0.0118 80 200 120
3.0269 1.3816 -0.0578 80 200 120
-2.6554 1.2532 0.8801 80 200 120
-0.1659 -0.0306 0.8444 80 200 120
-0.8832 -3.6295 0.0482 80 200 120
-0.4062 -1.6474 0.1347 80 200 120
1.4928 0.3289 -0.0152 80 200 120
-0.4893 -1.7339 0.3759 80 200 120
0.0677 -1.6367 0.0551 80 200 120
1.4091 -3.9128 1.6170 80 200 120
-1.2122 -2.3015 0.1905 80 200 120
3.7416 1.0660 2.8253 80 200 120
-0.0754 -0.0324 0.1422 80 200 120
-0.7145 -2.9054 -0.1194 80 200 120
-0.1127 -1.6729 0.0662 80 200 120
1.7321 1.0452 -0.0288 80 200 120
2.8600 -5.0333 1.3310 80 200 120
3.0570 -2.3264 3.0013 80 200 120
3.6601 -3.3149 3.2784 80 200 120
1.5456 1.9810 -0.0118 80 200 120
3.3649 -4.5216 2.0181 80 200 120
3.4581 -4.2824 2.8661 80 200 120
3.4406 -2.7207 2.7469 80 200 120
-2.4420 -2.8570 0.9251 80 200 120
-1.8216 -4.2532 0.0047 80 200 120
-2.3268 -3.0410 0.7227 80 200 120
-2.7575 -2.8465 0.9868 80 200 120
-2.8983 -2.2797 1.3357 80 200 120
-2.3488 -3.2907 0.4743 80 200 120
1.7495 -4.5538 0.6703 80 200 120
-2.7975 -2.8532 1.5297 80 200 120
-2.1538 -3.2893 3.2690 80 200 120
-3.4494 -2.3575 2.7707 80 200 120
3.6170 -0.6599 2.9258 80 200 120
-1.6789 -5.0362 1.1647 80 200 120
-3.5342 -3.0416 2.6365 80 200 120
-2.8754 -3.9473 1.5130 80 200 120
1.5735 -4.0907 0.1110 80 200 120
-1.5473 -4.8977 0.0941 80 200 120
0.2862 -1.7078 1.2194 80 200 120
-2.3218 -3.4393 1.1652 80 200 120
-2.4830 -4.1746 1.0010 80 200 120
0.2830 -1.6757 1.0614 80 200 120
-1.2596 -4.5351 -0.0675 80 200 120
-2.4382 -2.3024 1.3402 80 200 120
0.6527 -3.2038 2.0576 80 200 120
-3.4957 -3.8801 2.1788 80 200 120
-3.3111 -1.6593 3.1770 80 200 120
0.9169 -2.8722 3.2797 80 200 120
2.0817 2.6801 0.6782 80 200 120
4.1274 -4.0090 2.2728 80 200 120
3.7587 -1.5416 0.8927 80 200 120
1.9609 4.0316 0.2731 80 200 120
3.4538 -3.1676 3.1682 80 200 120
3.5103 0.7704 2.5662 80 200 120
3.4859 -0.2027 3.1867 80 200 120
1.6012 -0.2479 3.1921 80 200 120
3.3891 -1.3140 2.6809 80 200 120
-2.3951 4.5470 2.9909 80 200 120
2.1788 2.5123 0.1579 80 200 120
3.4658 0.7540 0.0736 80 200 120
2.6615 0.1645 0.7779 80 200 120
2.5333 1.1217 0.2088 80 200 120
3.1043 1.7302 0.0795 80 200 120
3.3935 1.1403 0.1430 80 200 120
3.2595 -2.4757 3.1276 80 200 120
3.5017 1.2528 0.4948 80 200 120
3.7423 -2.9544 2.8781 80 200 120
3.4939 0.6758 0.4761 80 200 120
3.6421 -3.9313 2.9112 80 200 120
-2.9868 -5.0161 2.5334 80 200 120
-3.6708 3.3711 -0.0604 80 200 120
-0.0561 5.3487 3.4054 80 200 120
-2.7686 1.0037 0.9076 80 200 120
-3.2135 5.0926 1.9042 80 200 120
-3.2627 -0.9730 3.1218 80 200 120
-2.0919 -4.7693 3.1012 80 200 120
-2.5347 2.6019 3.2232 80 200 120
-1.9012 5.0660 2.8023 80 200 120
-3.0839 2.4406 3.0575 80 200 120
-2.8216 0.5927 1.0182 80 200 120
0.4366 3.9568 2.9732 80 200 120
-3.3540 3.5191 0.0645 80 200 120
-2.3861 5.0961 1.2119 80 200 120
-3.5751 0.2025 2.1962 80 200 120
0.2247 2.4244 3.2434 80 200 120
-2.7721 0.7124 3.2507 80 200 120
0.3331 1.6307 3.2552 80 200 120
-3.6895 2.5675 2.5063 80 200 120
-1.2901 4.4394 3.0609 80 200 120
-3.4941 5.0143 -0.0381 80 200 120
-2.5888 4.7872 2.9523 80 200 120
1.3673 2.8325 3.3830 80 200 120
-2.1511 1.0843 3.2555 80 200 120
-1.3654 1.9573 3.2301 80 200 120
-0.0495 1.7602 3.2360 80 200 120
-1.3209 5.2337 1.7629 80 200 120
-3.3822 0.4846 1.8949 80 200 120
-2.6982 5.1909 0.6482 80 200 120
-0.6028 -5.0330 1.7303 80 200 120
-1.3031 -2.3657 0.2156 80 200 120
-2.3190 -3.8925 0.1693 80 200 120
-1.4548 1.2670 0.8306 80 200 120
-3.3611 2.0771 1.2282 80 200 120
-2.2710 1.3666 1.0176 80 200 120
-3.3391 2.9636 0.1185 80 200 120
-3.2730 0.3985 0.1197 80 200 120
-1.4597 1.1955 0.2360 80 200 120
-3.2986 3.3993 0.1447 80 200 120
-3.2933 -0.2325 0.1304 80 200 120
-1.5683 -5.7373 2.9495 80 200 120
-2.6664 0.3616 0.0779 80 200 120
-0.0617 -0.0429 1.1385 80 200 120
-2.0641 0.4242 0.4780 80 200 120
3.2826 -4.3760 0.0493 80 200 120
-0.5350 -1.8948 1.0313 80 200 120
-2.8326 0.9738 0.9564 80 200 120
0.3080 -2.0936 1.1644 80 200 120
-0.2448 0.0548 0.1465 80 200 120
-1.5202 0.1925 -0.0301 80 200 120
0.1859 -1.7316 0.3452 80 200 120
-1.8070 1.0270 -0.1808 80 200 120
-1.3430 1.2056 -0.1917 80 200 120
-0.6501 1.1233 -0.0625 80 200 120
2.2401 -5.0033 0.9098 80 200 120
-0.1995 -1.3198 -0.0018 80 200 120
2.4837 -2.3514 0.0044 80 200 120
-2.4397 -1.2496 1.1112 80 200 120
-1.9292 1.2489 0.0530 80 200 120
3.2077 0.2802 0.4074 80 200 120
-1.5096 3.2904 0.7086 80 200 120
2.6111 0.5798 0.0921 80 200 120
-0.0561 -0.0528 0.1352 80 200 120
3.4230 1.9117 0.0061 80 200 120
1.0767 3.5873 -0.0984 80 200 120
0.7831 2.1021 0.0605 80 200 120
-0.5689 1.2446 0.1178 80 200 120
1.5156 2.3856 0.2322 80 200 120
1.4926 1.8065 0.0261 80 200 120
3.3177 4.4022 1.3540 80 200 120
1.3774 0.5028 0.0386 80 200 120
-1.0485 1.7328 0.9400 80 200 120
2.7967 5.1012 2.9091 80 200 120
1.9927 0.9644 -0.0825 80 200 120
2.9127 3.2736 0.6763 80 200 120
-2.0080 2.5657 0.5329 80 200 120
-2.2873 0.3912 0.3425 80 200 120
3.3785 0.7452 0.1145 80 200 120
2.6190 0.3347 0.2265 80 200 120
3.3813 4.7340 3.0972 80 200 120
0.3545 -0.0445 0.8203 80 200 120
0.9668 1.8379 0.0064 80 200 120
3.4720 2.0993 0.5442 80 200 120
1.7249 0.5907 0.0502 80 200 120
-0.0879 0.5520 0.8642 80 200 120
1.3891 2.4563 -0.0845 80 200 120
1.9183 0.0369 0.0270 80 200 120
2.6654 -1.3369 0.1706 80 200 120
2.1853 -1.4135 0.0135 80 200 120
2.6255 -0.5972 0.6774 80 200 120
2.7596 -0.0293 0.7401 80 200 120
0.3062 -2.4138 1.1304 80 200 120
-0.0860 0.4776 0.2362 80 200 120
1.4848 -4.0653 2.8893 80 200 120
2.6342 -4.5830 3.1099 80 200 120
0.3614 -1.9635 1.1171 80 200 120
1.4670 2.9828 0.6287 80 200 120
-1.5285 -4.8931 0.0725 80 200 120
3.1799 2.9295 0.1663 80 200 120
-0.4085 -0.4602 -0.0051 80 200 120
1.5696 3.0300 -0.1803 80 200 120
2.0536 3.4451 0.4852 80 200 120
-0.7789 -3.3584 0.5628 80 200 120
2.7582 -3.3684 0.0015 80 200 120
0.6759 -3.4847 2.2742 80 200 120
-0.2865 -1.7019 0.9773 80 200 120
-0.0856 0.4565 0.6552 80 200 120
0.5244 1.3128 0.5729 80 200 120
0.3555 -3.1979 1.1620 80 200 120
3.5372 -3.2487 1.4732 80 200 120
2.7404 -3.3728 3.2104 80 200 120
-2.6498 -4.6548 0.1832 80 200 120
-3.2236 -1.6289 1.9044 80 200 120
-2.3124 -4.7384 0.0944 80 200 120
-1.8843 -5.0227 0.6614 80 200 120
-1.1005 -4.8668 0.1849 80 200 120
-2.5132 -4.0422 0.6600 80 200 120
-1.1551 -5.0169 3.1508 80 200 120
1.9960 -4.6049 0.2751 80 200 120
-0.5515 -2.6467 0.8531 80 200 120
3.3965 -1.7452 3.1386 80 200 120
-2.6964 -4.6871 1.7487 80 200 120
0.4488 -2.6591 3.1049 80 200 120
-0.0252 -4.9999 1.1488 80 200 120
2.7857 -0.7993 0.7001 80 200 120
2.9777 -0.6223 0.6074 80 200 120
3.1395 -1.0929 0.6259 80 200 120
2.2183 3.2726 0.7463 80 200 120
2.8966 -1.6029 3.3199 80 200 120
3.5460 -0.8720 0.9788 80 200 120
3.4495 -0.1685 1.0320 80 200 120
3.5717 -2.5277 1.9746 80 200 120
3.4930 1.6338 1.1797 80 200 120
4.2827 -2.2734 0.7938 80 200 120
3.5489 -0.6361 2.9252 80 200 120
3.5102 0.6121 1.1084 80 200 120
3.5094 2.2161 2.2611 80 200 120
3.0054 0.3539 0.2288 80 200 120
1.9858 3.1056 0.2339 80 200 120
2.8937 -0.1329 0.7219 80 200 120
3.4962 -0.4209 1.7489 80 200 120
-1.4237 -1.7276 3.1693 80 200 120
-3.3548 -1.2442 3.0387 80 200 120
-2.2579 -1.7730 3.1788 80 200 120
-1.7174 -1.1139 3.2520 80 200 120
-0.5956 4.7975 1.2209 80 200 120
-0.1682 2.9525 3.1791 80 200 120
0.0312 2.6150 2.0385 80 200 120
0.3250 3.2295 3.2936 80 200 120
-0.8535 4.5657 3.2051 80 200 120
-4.1830 4.4056 0.2979 80 200 120
-0.0266 3.7314 1.8229 80 200 120
-3.3215 -0.7614 1.4989 80 200 120
0.8810 2.4837 3.3042 80 200 120
-1.0800 1.2891 3.2215 80 200 120
-1.0535 0.8261 3.2297 80 200 120
-0.1995 3.8826 1.6587 80 200 120
-3.3311 0.6810 1.6272 80 200 120
-3.4686 1.0836 1.2285 80 200 120
-1.0121 3.4794 3.2720 80 200 120
-3.3358 0.1295 1.6286 80 200 120
-1.3748 4.8898 1.1502 80 200 120
-2.8273 -4.3129 2.9682 80 200 120
-2.5846 0.6490 0.9775 80 200 120
-1.3876 2.8967 0.7991 80 200 120
-2.7939 1.2497 0.8928 80 200 120
-1.4612 1.5820 3.2199 80 200 120
-2.7199 1.2058 0.5452 80 200 120
-3.2735 -1.0873 2.1389 80 200 120
-2.0758 0.3260 1.2002 80 200 120
-3.1994 -3.4831 3.1291 80 200 120
-0.0559 0.5882 0.7069 80 200 120
1.1196 -2.5327 -0.0117 80 200 120
0.6487 -5.2489 1.1895 80 200 120
-1.4937 -2.1754 -0.0137 80 200 120
-4.7317 3.3936 -0.7660 80 200 120
-2.9021 1.4183 0.7456 80 200 120
-2.5946 -1.8095 1.3423 80 200 120
-0.5986 1.3634 0.1836 80 200 120
-2.9592 1.3039 1.0152 80 200 120
-2.5531 1.9420 0.1264 80 200 120
2.4327 -4.8647 0.0564 80 200 120
-2.0364 -4.8353 3.1418 80 200 120
-3.4372 3.9982 0.3776 80 200 120
-1.1304 0.3992 -0.0094 80 200 120
-1.3925 0.5013 -0.0500 80 200 120
2.8772 -0.2382 0.7170 80 200 120
2.4536 0.2283 -0.0365 80 200 120
-0.1354 0.2783 0.8016 80 200 120
-3.4292 4.1437 2.7574 80 200 120
2.5424 1.9386 0.0204 80 200 120
-0.0224 0.4669 1.0992 80 200 120
3.3720 2.6285 1.8049 80 200 120
-1.0067 0.0530 -0.0207 80 200 120
3.4548 1.6160 0.5395 80 200 120
-2.6020 3.5874 0.5287 80 200 120
2.4518 -0.1913 0.5839 80 200 120
-3.0789 4.0053 3.0781 80 200 120
-3.8211 2.6851 -0.4958 80 200 120
-0.7178 1.3999 1.1551 80 200 120
-0.4957 3.6041 1.3382 80 200 120
3.6780 2.8364 2.2378 80 200 120
3.5049 3.7583 2.9519 80 200 120
2.3896 -0.3752 -0.0461 80 200 120
3.4639 3.5222 1.9909 80 200 120
0.9531 4.1713 -0.0553 80 200 120
-2.6631 -1.5900 -0.2339 80 200 120
-3.3635 -0.3520 0.1277 80 200 120
-3.4845 2.6459 2.2151 80 200 120
0.6932 1.5884 -0.0031 80 200 120
3.5491 2.7891 1.4579 80 200 120
3.0573 0.4121 0.5225 80 200 120
-2.0767 -2.6900 0.1980 80 200 120
-2.2225 -3.8092 0.1454 80 200 120
-2.3300 -1.2811 0.0614 80 200 120
-2.2820 -2.1872 0.1237 80 200 120
-2.4020 -4.1673 0.3082 80 200 120
0.9932 -4.6838 3.1186 80 200 120
3.3986 -4.6284 2.5465 80 200 120
-0.1196 -2.3754 1.2183 80 200 120
0.6211 -2.2462 0.1775 80 200 120
-0.4944 -2.0119 0.3441 80 200 120
0.3360 -0.0499 0.8566 80 200 120
-1.4005 -3.2059 0.1181 80 200 120
0.6150 -4.5942 1.2820 80 200 120
3.5972 0.3789 1.9146 80 200 120
2.2108 -4.6753 3.0493 80 200 120
2.0462 2.7990 0.6312 80 200 120
3.5328 0.5095 2.2109 80 200 120
-0.0499 -0.0384 1.1307 80 200 120
2.2677 2.6027 0.0822 80 200 120
-0.4726 -2.6900 1.0851 80 200 120
-0.9068 0.9146 0.2048 80 200 120
-2.3547 -1.9090 0.0737 80 200 120
0.1173 -0.0844 0.0421 80 200 120
1.0936 1.9587 -0.0180 80 200 120
3.5114 -3.3392 2.0805 80 200 120
-2.2229 -3.7426 0.1509 80 200 120
3.3539 -3.7019 0.5655 80 200 120
-2.4695 -2.6848 1.2391 80 200 120
2.9681 -2.8144 1.2387 80 200 120
2.1943 -4.3952 -0.0110 80 200 120
3.0497 -4.7528 0.1674 80 200 120
0.6125 -3.9714 0.9154 80 200 120
-0.9870 -4.9825 1.6699 80 200 120
2.5705 -4.8265 0.1946 80 200 120
-3.2228 -4.6950 2.2787 80 200 120
-3.5007 -3.8539 1.7644 80 200 120
3.2069 -0.4464 3.0726 80 200 120
-1.4493 -1.8004 3.2245 80 200 120
-2.6327 -2.7474 0.9021 80 200 120
-1.9950 -1.3265 3.2271 80 200 120
-0.7067 3.3078 3.2163 80 200 120
-0.3749 3.6383 2.7415 80 200 120
-0.2450 1.8801 3.1794 80 200 120
-1.0604 3.3613 3.2852 80 200 120
-0.4603 2.3967 3.2137 80 200 120
-0.6296 1.9656 3.1243 80 200 120
3.2809 4.8014 3.0912 80 200 120
1.1032 2.4313 3.2034 80 200 120
3.4051 -4.6249 2.5316 80 200 120
3.4198 -5.0259 3.0198 80 200 120
2.0889 2.8169 0.6439 80 200 120
2.7270 1.2219 0.1130 80 200 120
2.1209 2.6213 0.4533 80 200 120
3.4358 1.3822 1.5437 80 200 120
-3.0688 -0.3975 3.1248 80 200 120
-1.3841 -1.3144 3.1971 80 200 120
-2.0040 -1.3078 3.2168 80 200 120
-2.4283 -1.3793 3.2285 80 200 120
2.0480 6.4100 2.2320 80 200 120
1.1950 2.5943 3.2528 80 200 120
-0.1482 2.3993 3.1923 80 200 120
-0.2385 1.4840 3.2317 80 200 120
-2.2251 4.8676 2.1871 80 200 120
-3.9998 4.7701 -0.1035 80 200 120
-3.0581 1.4238 3.0899 80 200 120
-2.3288 3.0617 3.2673 80 200 120
-3.9559 3.6484 -0.0261 80 200 120
-2.9416 -2.8158 2.9172 80 200 120
-3.1074 -2.4374 3.0360 80 200 120
-2.6971 -3.9370 1.4167 80 200 120
-0.2445 2.2419 0.1654 80 200 120
-1.4373 1.2601 0.8157 80 200 120
-2.9589 1.9066 0.7901 80 200 120
-1.7183 1.5077 0.2125 80 200 120
0.2415 -2.1898 1.2391 80 200 120
-0.1535 0.2242 0.9161 80 200 120
-1.5632 2.1176 0.7259 80 200 120
-1.1165 0.7099 -0.0362 80 200 120
-1.3109 -1.6512 0.0167 80 200 120
-0.4307 0.5020 -0.0520 80 200 120
-3.1462 -0.9948 1.4418 80 200 120
-2.5365 3.3135 0.5977 80 200 120
0.1253 -0.0817 0.0185 80 200 120
0.5076 -0.3402 0.1217 80 200 120
-0.5556 1.9928 0.3675 80 200 120
-0.5915 0.9594 1.0975 80 200 120
-2.7613 1.4760 1.0784 80 200 120
-2.5182 -1.4932 1.2743 80 200 120
1.4675 -3.9044 0.3607 80 200 120
-0.5650 -2.5756 0.9524 80 200 120
-1.1396 1.0896 1.0088 80 200 120
-1.2860 3.4152 0.6269 80 200 120
-2.5266 -0.0159 0.0584 80 200 120
2.6420 -0.5830 0.6743 80 200 120
2.7027 0.2323 0.5720 80 200 120
0.7784 0.0726 0.3448 80 200 120
1.9838 3.0516 -0.2070 80 200 120
2.3454 -0.5917 0.0223 80 200 120
1.3235 -0.3176 0.0368 80 200 120
-2.5730 -1.1856 -0.1042 80 200 120
-2.4952 0.3109 1.0985 80 200 120
2.4743 -1.1456 -0.0403 80 200 120
1.9718 -1.2950 0.1201 80 200 120
-2.4439 -0.9704 0.2038 80 200 120
2.8859 3.1951 0.1209 80 200 120
0.3204 -0.0396 1.1333 80 200 120
3.2765 -3.0311 3.1051 80 200 120
-0.5044 1.4752 0.3481 80 200 120
2.7828 -4.1390 2.9574 80 200 120
-1.3833 -4.6360 0.1245 80 200 120
2.5241 -0.8202 0.5747 80 200 120
0.7989 2.0475 0.0701 80 200 120
-0.5983 1.6460 -0.1230 80 200 120
2.4739 -1.2278 0.0013 80 200 120
2.1286 -4.5579 3.0411 80 200 120
3.8984 -3.4522 3.1775 80 200 120
3.5069 -4.0057 1.1565 80 200 120
2.9191 -4.9920 1.2790 80 200 120
3.7045 -4.4793 1.6375 80 200 120
0.5137 -2.7031 2.8087 80 200 120
1.5334 -0.4982 3.1566 80 200 120
3.4517 -2.2052 3.1758 80 200 120
3.1690 -4.9839 3.1540 80 200 120
3.4080 -4.2100 2.9994 80 200 120
0.9229 -2.8278 2.7632 80 200 120
3.4501 -1.4356 3.0640 80 200 120
2.6190 -1.4998 3.1965 80 200 120
3.2098 -1.9700 2.6136 80 200 120
0.5196 -2.4774 2.8957 80 200 120
3.5141 -2.4531 2.1463 80 200 120
0.7504 -2.5832 2.9739 80 200 120
2.0063 -2.5298 3.2080 80 200 120
1.2363 -2.8787 3.2750 80 200 120
0.8520 -1.9237 3.2554 80 200 120
1.2947 -1.3600 3.2355 80 200 120
2.3732 -2.4842 3.1695 80 200 120
1.5320 -3.2273 3.2361 80 200 120
3.4488 -2.7569 1.9378 80 200 120
2.4704 -2.1234 3.1950 80 200 120
4.2172 -4.2072 2.9915 80 200 120
2.0575 -0.7730 3.1796 80 200 120
2.5682 -4.1101 3.4933 80 200 120
3.4146 -4.7707 1.4250 80 200 120
0.3003 -3.2992 3.1950 80 200 120
-0.1392 -2.7500 3.2274 80 200 120
1.4910 -2.2725 3.2899 80 200 120
3.7575 -2.8755 2.8271 80 200 120
0.3635 -2.3210 1.1281 80 200 120
-0.6820 -3.6562 0.4626 80 200 120
-0.0703 -2.3614 1.1811 80 200 120
-2.2734 -3.0524 1.0541 80 200 120
0.1619 -2.1901 1.1613 80 200 120
-0.0955 -2.9141 1.2498 80 200 120
0.5500 -2.3360 1.2336 80 200 120
-0.2190 2.7099 3.1265 80 200 120
-0.2571 3.0376 2.9271 80 200 120
0.0066 2.4409 2.4548 80 200 120
2.9353 0.2213 0.6614 80 200 120
2.8920 -0.4018 0.7226 80 200 120
3.4161 3.2437 -0.0038 80 200 120
3.4822 -2.5409 0.8025 80 200 120
2.8268 -4.7098 3.1369 80 200 120
3.4978 0.7454 0.0933 80 200 120
2.7877 -1.1149 0.7981 80 200 120
2.7804 -0.5974 0.7340 80 200 120
3.5231 0.6146 1.6307 80 200 120
3.4023 -1.3862 0.9838 80 200 120
0.3548 2.3109 3.2337 80 200 120
1.9324 4.0500 0.3238 80 200 120
1.4420 -4.1227 2.9911 80 200 120
3.2002 -4.0754 3.0854 80 200 120
3.4551 -3.1624 1.5327 80 200 120
3.4708 -3.5432 1.6863 80 200 120
3.0965 -4.2204 2.0450 80 200 120
3.3846 -3.0739 1.1224 80 200 120
2.3251 -4.9460 3.1263 80 200 120
2.7203 5.0656 2.8456 80 200 120
3.3370 -3.9671 1.6606 80 200 120
-2.5574 -1.0792 3.2148 80 200 120
-5.2034 3.8121 -1.0831 80 200 120
-1.4158 3.2412 3.2321 80 200 120
0.4658 4.4782 2.6095 80 200 120
-3.8836 4.1029 -0.2467 80 200 120
1.9293 4.9964 2.8812 80 200 120
-2.7931 -2.8060 3.1714 80 200 120
-1.8117 5.3352 0.6678 80 200 120
-2.3979 -2.7465 0.4850 80 200 120
-0.8750 2.6539 0.8924 80 200 120
-0.8987 1.7209 1.0437 80 200 120
-0.9557 0.9694 1.0474 80 200 120
-2.6062 4.6556 0.0765 80 200 120
-2.9307 -1.1306 -0.1538 80 200 120
-4.2754 -0.7114 -0.5039 80 200 120
2.0564 -0.7885 -0.0332 80 200 120
-0.0176 -0.0004 0.9622 80 200 120
3.2221 4.5207 3.0352 80 200 120
3.2772 3.4547 3.1043 80 200 120
-3.0211 0.6819 0.7854 80 200 120
3.1667 3.0574 2.6296 80 200 120
0.3387 0.0979 1.0556 80 200 120
3.4825 2.6835 2.2037 80 200 120
-3.9769 4.5641 -0.4297 80 200 120
-1.5176 1.6187 0.6038 80 200 120
3.5462 2.4077 2.0339 80 200 120
0.3298 1.0814 0.4837 80 200 120
-0.4329 -0.4630 0.0436 80 200 120
2.5616 0.2451 0.3127 80 200 120
-1.2203 0.9419 0.2651 80 200 120
-0.4093 -3.0137 1.1463 80 200 120
-1.8040 -4.4209 0.0331 80 200 120
-2.9334 -5.1336 -0.0560 80 200 120
-0.7282 -2.8453 0.1376 80 200 120
-2.9670 -3.0009 -0.2599 80 200 120
3.5476 -4.7954 2.1135 80 200 120
3.4934 -3.4202 0.9874 80 200 120
-0.2598 2.8961 3.0614 80 200 120
0.2870 3.5618 2.4875 80 200 120
2.3212 4.7672 3.0617 80 200 120
3.2965 0.9220 3.1748 80 200 120
2.8947 0.2991 0.3307 80 200 120
3.4564 -4.6957 2.5503 80 200 120
3.0823 -0.9474 0.7025 80 200 120
-3.2804 -3.1574 3.0365 80 200 120
-3.4692 -0.1225 1.8513 80 200 120
-1.1760 1.0249 3.2132 80 200 120
-3.5171 0.1363 1.5971 80 200 120
-0.0646 2.7874 2.0858 80 200 120
0.0515 2.9102 3.0362 80 200 120
-1.5723 -1.7394 3.1933 80 200 120
-3.3906 1.2116 3.0047 80 200 120
-3.6607 0.4763 2.1745 80 200 120
-0.1387 -0.0131 0.2507 80 200 120
-1.6838 3.6674 0.4286 80 200 120
-1.6393 1.8201 0.7240 80 200 120
1.3941 -3.7531 0.2114 80 200 120
-0.1938 3.0618 -0.3929 80 200 120
0.6900 -2.3331 0.1920 80 200 120
-0.4539 -3.3312 1.0370 80 200 120
-2.8522 -1.9820 1.2463 80 200 120
-2.2752 1.6266 -0.0191 80 200 120
-3.1956 2.1351 0.4498 80 200 120
-2.9255 0.3502 0.1180 80 200 120
2.5710 0.0075 0.7170 80 200 120
-2.4189 0.7776 0.2345 80 200 120
-0.0798 0.5050 0.9760 80 200 120
2.2642 -1.4270 -0.1065 80 200 120
2.6998 -0.8169 0.7400 80 200 120
-0.1788 2.8668 3.1612 80 200 120
2.5176 -0.8160 0.5576 80 200 120
1.8226 -0.2280 -0.0643 80 200 120
-2.8411 -0.8708 0.4884 80 200 120
2.7378 -1.5691 0.0043 80 200 120
-0.1324 1.8528 0.4572 80 200 120
1.3073 2.6165 0.4859 80 200 120
2.7163 3.4124 0.6932 80 200 120
-0.0182 -0.0036 1.0306 80 200 120
-2.1166 -2.7928 0.1792 80 200 120
-2.5581 -2.7690 0.6448 80 200 120
-0.0412 -1.6915 0.4875 80 200 120
3.5491 -4.9288 0.9137 80 200 120
3.5431 -4.8043 0.2950 80 200 120
3.8281 -2.2636 1.8929 80 200 120
-3.3526 -2.6315 1.7515 80 200 120
0.5731 -2.3743 1.2157 80 200 120
-3.0156 -0.9372 3.0565 80 200 120
-3.2590 -1.7121 1.9335 80 200 120
3.5992 -4.2404 0.0621 80 200 120
0.2878 -2.1180 1.1666 80 200 120
0.1634 2.4205 3.1791 80 200 120
-0.2084 2.4379 3.1627 80 200 120
0.4939 4.6358 1.9792 80 200 120
-0.1304 1.2546 3.2108 80 200 120
2.7519 3.2208 0.3243 80 200 120
1.9677 3.4752 0.4471 80 200 120
2.5078 3.3970 0.3301 80 200 120
3.4546 4.8652 2.1049 80 200 120
3.6658 -1.4784 0.8822 80 200 120
3.4856 -1.2839 2.3673 80 200 120
3.1346 -3.0862 2.2235 80 200 120
3.4447 0.7470 0.1423 80 200 120
-0.0070 2.5344 2.0167 80 200 120
-3.4590 -2.9507 2.9197 80 200 120
-1.2861 0.8640 3.2469 80 200 120
-2.8545 3.2067 0.5709 80 200 120
-2.7716 2.2475 0.9558 80 200 120
-3.3289 -2.4930 3.1170 80 200 120
-3.4624 0.7458 2.1766 80 200 120
-2.9428 2.7014 0.3924 80 200 120
1.5168 -3.4781 0.2110 80 200 120
-2.4468 -4.1895 0.3628 80 200 120
-0.7112 1.3892 0.7748 80 200 120
-0.6804 1.7236 0.9215 80 200 120
-2.9457 1.0019 0.9190 80 200 120
-1.5473 -4.8738 3.0654 80 200 120
-0.0296 2.0528 -0.1091 80 200 120
-3.2511 -3.6296 3.1233 80 200 120
-0.5713 2.3289 0.5394 80 200 120
-0.1629 -2.5839 1.1814 80 200 120
0.1805 1.7361 0.0037 80 200 120
-0.3663 1.6609 0.0655 80 200 120
-0.0382 -0.0097 0.9579 80 200 120
0.3546 -2.3741 1.1530 80 200 120
0.3138 -1.7886 1.1291 80 200 120
-0.9233 1.2059 0.9027 80 200 120
-0.6118 2.1190 -0.0975 80 200 120
-0.0722 0.4720 1.0970 80 200 120
-3.7258 1.9434 0.7483 80 200 120
-3.1432 2.2238 1.1425 80 200 120
-4.3113 2.8126 0.6346 80 200 120
-3.7098 3.2099 0.5536 80 200 120
-3.3902 2.6722 -0.0017 80 200 120
-2.7181 0.9619 0.4035 80 200 120
-1.6451 2.7224 0.9338 80 200 120
-3.7074 -0.3042 -0.1507 80 200 120
-1.5934 1.6733 0.8280 80 200 120
-2.5990 -1.0194 0.1130 80 200 120
3.3981 3.2795 2.6729 80 200 120
-3.8159 1.0575 0.5809 80 200 120
-2.8993 3.1707 2.9825 80 200 120
3.5418 1.3877 1.0194 80 200 120
2.9207 3.3946 0.2716 80 200 120
-3.3753 3.5168 -3.6689 80 200 120
-0.5100 -1.8001 0.9134 80 200 120
3.7414 3.5792 -0.1882 80 200 120
-1.2038 -4.1670 0.3804 80 200 120
-1.2501 -2.4770 0.0859 80 200 120
3.5388 -3.7371 1.7543 80 200 120
-1.6264 -5.1079 -0.0149 80 200 120
1.6520 -4.4919 0.6634 80 200 120
-2.4516 -4.0895 1.4610 80 200 120
-0.4984 -3.4386 0.9932 80 200 120
1.0600 -3.1174 1.9381 80 200 120
2.1827 -4.7857 0.2229 80 200 120
1.2225 -3.4845 1.3631 80 200 120
0.2234 3.2627 3.1110 80 200 120
3.4092 2.0383 0.0459 80 200 120
3.4582 1.0485 0.1923 80 200 120
2.8827 0.0339 0.8511 80 200 120
1.0640 3.3211 3.1865 80 200 120
3.1511 -1.5963 1.6602 80 200 120
-3.2955 -3.6511 3.1206 80 200 120
-1.2383 0.4792 3.2938 80 200 120
-3.4180 -1.5705 2.6550 80 200 120
-3.3968 0.1071 2.8101 80 200 120
-1.5915 0.4536 3.2217 80 200 120
-2.9322 -2.8953 3.2167 80 200 120
-3.5284 -4.6508 3.1752 80 200 120
-3.5968 0.1618 1.5841 80 200 120
-1.4708 4.9246 1.4156 80 200 120
2.2122 -4.8608 0.4426 80 200 120
0.9973 -2.9783 0.2533 80 200 120
-2.3412 -3.9868 1.3319 80 200 120
-2.3855 -2.4239 0.2502 80 200 120
0.3399 -2.2687 1.0031 80 200 120
-1.9701 -4.7826 3.1188 80 200 120
1.1850 -3.2946 0.5388 80 200 120
-0.1199 2.6218 -0.2118 80 200 120
-3.9568 1.9907 1.1056 80 200 120
-2.6710 0.5916 0.3765 80 200 120
-2.6715 1.2479 0.5678 80 200 120
2.0452 -1.3262 0.0805 80 200 120
-3.2503 -0.0215 0.1928 80 200 120
-0.7526 1.1355 0.9948 80 200 120
0.2309 -1.1065 -0.0279 80 200 120
-2.1411 -1.0042 0.3005 80 200 120
-3.6796 -0.6048 -0.0896 80 200 120
0.3730 0.3526 0.8980 80 200 120
1.9150 2.9715 -0.1384 80 200 120
-0.1523 -2.5603 1.1855 80 200 120
2.9468 -4.3794 3.0357 80 200 120
-0.1344 3.0279 -0.4537 80 200 120
0.3155 3.7158 -0.4293 80 200 120
-0.5681 1.5322 0.0173 80 200 120
3.1080 -4.1603 0.0361 80 200 120
-0.8632 -5.1229 2.8985 80 200 120
-1.6291 -1.7287 3.2263 80 200 120
3.4656 -0.7968 2.8189 80 200 120
3.2774 3.4397 3.0892 80 200 120
2.5791 3.5451 0.6355 80 200 120
1.8356 -0.2774 3.2433 80 200 120
3.4581 1.1309 1.8576 80 200 120
1.0770 4.8365 1.9178 80 200 120
-0.8408 4.1661 3.0828 80 200 120
3.5048 1.9028 2.4878 80 200 120
1.8899 -0.5502 3.2850 80 200 120
3.0039 5.0883 0.9628 80 200 120
3.5029 1.9147 2.0706 80 200 120
-1.9533 5.0743 1.6435 80 200 120
-3.3140 1.2236 1.5872 80 200 120
-2.7286 2.7379 3.2228 80 200 120
-3.0490 1.6522 0.9917 80 200 120
-2.9954 1.8598 0.7886 80 200 120
-1.8836 0.5380 1.4370 80 200 120
-0.4740 3.2706 -0.4589 80 200 120
-0.6722 -3.3721 0.8097 80 200 120
-0.6679 1.6590 -0.1855 80 200 120
0.4068 -2.1937 0.7675 80 200 120
-3.6992 3.4534 0.1624 80 200 120
-3.2623 1.3939 0.9895 80 200 120
-2.7809 1.2741 0.4108 80 200 120
-0.0292 -0.5633 -0.0269 80 200 120
-0.2385 -0.9916 0.0059 80 200 120
2.5966 3.7384 0.5650 80 200 120
-0.2696 0.3159 0.3752 80 200 120
-0.4718 -1.7982 1.1077 80 200 120
0.3317 0.1029 1.0628 80 200 120
0.7419 1.7048 -0.0455 80 200 120
3.5012 0.3715 1.9051 80 200 120
-2.0565 -2.4313 0.2976 80 200 120
-2.4497 -1.5929 -0.0674 80 200 120
2.2822 2.6553 0.6075 80 200 120
2.4167 2.7306 0.0421 80 200 120
2.7152 3.8259 0.4645 80 200 120
1.9660 3.3831 0.4347 80 200 120
-2.0082 -3.4655 0.3272 80 200 120
3.1098 2.8552 0.2583 80 200 120
1.1194 -3.3387 1.4011 80 200 120
-2.4737 -2.0082 -0.0961 80 200 120
-2.4701 -2.3643 -0.0642 80 200 120
2.0234 3.0668 0.1727 80 200 120
0.5136 -2.4370 3.2025 80 200 120
-2.3500 -2.7996 1.5750 80 200 120
4.1400 0.0404 3.3152 80 200 120
4.0620 -2.5179 2.8475 80 200 120
3.7002 -1.2361 2.4425 80 200 120
3.7444 -0.4740 3.2222 80 200 120
0.0978 -2.9955 1.2450 80 200 120
2.8358 -4.7598 -0.3160 80 200 120
3.6532 -4.9739 2.6173 80 200 120
-0.4806 -3.3616 1.0625 80 200 120
3.6078 -1.2825 2.9155 80 200 120
2.8984 -1.5188 1.7095 80 200 120
3.2302 -1.6366 1.9364 80 200 120
3.2018 -3.0154 3.1344 80 200 120
5.3223 -4.0793 3.1139 80 200 120
2.7998 -2.8502 3.2879 80 200 120
3.3443 0.4300 3.1310 80 200 120
3.0893 -0.7654 1.1422 80 200 120
4.3945 -4.7703 3.0561 80 200 120
-2.7863 0.0619 3.2938 80 200 120
-3.6066 4.3014 0.1206 80 200 120
-2.7096 0.7384 0.9409 80 200 120
-3.9059 4.2971 0.8996 80 200 120
-3.1176 -4.8496 3.1050 80 200 120
-4.8282 6.8161 -0.8384 80 200 120
-2.6412 -1.3479 1.5433 80 200 120
0.0919 -1.6138 0.0701 80 200 120
0.9531 -3.1432 0.3897 80 200 120
1.0131 -3.0019 0.7051 80 200 120
2.0657 -1.3583 0.0545 80 200 120
-2.0811 -0.9938 0.3583 80 200 120
-2.6922 -0.9407 0.1574 80 200 120
-0.2424 0.1614 0.7964 80 200 120
2.6644 -1.5651 0.0473 80 200 120
0.1489 2.2992 0.1226 80 200 120
-0.5467 1.1827 0.0092 80 200 120
-1.4520 1.2702 -0.2314 80 200 120
1.7279 3.5333 -0.1314 80 200 120
1.6320 3.4134 0.3823 80 200 120
-2.1290 -3.7857 0.5663 80 200 120
-0.5696 -2.3546 1.0444 80 200 120
-2.2844 -3.2184 0.0070 80 200 120
1.6696 5.2126 -0.1215 80 200 120
-0.8728 0.8761 0.3348 80 200 120
3.7376 2.9771 1.5095 80 200 120
2.2230 -4.4510 -0.0473 80 200 120
3.3363 -1.2562 3.1717 80 200 120
2.2154 6.4775 -0.6512 80 200 120
3.5815 4.7459 1.3677 80 200 120
3.5725 3.9562 0.4259 80 200 120
3.3861 -1.7874 3.1563 80 200 120
2.8658 3.4414 0.1837 80 200 120
1.9388 3.3556 0.4472 80 200 120
-0.0770 2.6891 2.0551 80 200 120
-2.4105 -4.6714 3.0659 80 200 120
-3.3713 -4.2943 2.8240 80 200 120
-4.0437 5.5250 1.6793 80 200 120
-1.6295 5.6080 1.3328 80 200 120
-4.2887 5.5356 0.4373 80 200 120
-4.4931 5.2426 2.1513 80 200 120
-2.2059 4.1550 0.8717 80 200 120
-3.1936 3.1232 0.3932 80 200 120
-3.1681 -0.7985 1.2225 80 200 120
-3.1526 -1.0265 1.3643 80 200 120
-0.1897 2.4456 3.1632 80 200 120
3.4980 -5.1461 0.2930 80 200 120
2.9717 -3.4322 -0.1199 80 200 120
2.3238 -4.2115 -0.0544 80 200 120
0.4187 -2.3540 0.0821 80 200 120
-3.3144 -4.9485 3.1508 80 200 120
-3.6440 -4.6963 2.8188 80 200 120
-3.1388 -5.1856 2.4698 80 200 120
-2.3762 -1.8315 0.8611 80 200 120
-0.5995 1.4027 -0.1035 80 200 120
1.6964 -1.2275 0.0025 80 200 120
-0.5426 2.0671 0.3271 80 200 120
-0.7151 1.3073 0.8336 80 200 120
-2.3464 1.4060 1.0736 80 200 120
-1.3430 1.4290 0.9594 80 200 120
-1.1368 1.2576 0.9135 80 200 120
-3.1990 2.1454 0.4400 80 200 120
0.3806 0.0375 0.8922 80 200 120
2.8265 -0.5915 0.6788 80 200 120
2.4768 -0.4951 0.5939 80 200 120
2.8848 -0.8300 0.6455 80 200 120
3.1926 -0.3158 0.4992 80 200 120
-0.1323 -0.3462 0.0078 80 200 120
-2.9547 -0.9075 0.2882 80 200 120
3.2020 3.0005 0.1400 80 200 120
-3.6242 2.7806 2.1734 80 200 120
3.4090 3.2622 2.6956 80 200 120
-0.6011 1.7033 0.9604 80 200 120
2.2575 2.5546 0.7155 80 200 120
-0.5863 2.0957 0.1032 80 200 120
-0.1694 0.0751 0.4247 80 200 120
0.3216 0.2772 1.1001 80 200 120
-0.5824 -3.1085 0.9079 80 200 120
2.9516 -0.3422 0.6418 80 200 120
0.4720 -2.7243 1.1163 80 200 120
1.0190 3.6817 0.2113 80 200 120
0.4168 -2.4106 0.2884 80 200 120
-2.3577 -3.9322 -0.0174 80 200 120
0.5847 3.7568 0.0074 80 200 120
3.6333 4.6146 0.2640 80 200 120
3.3853 2.3191 1.8969 80 200 120
0.7668 -2.6268 3.1319 80 200 120
0.7488 -2.4191 2.0625 80 200 120
4.1061 -4.7927 -0.2661 80 200 120
4.2820 -0.4957 3.3599 80 200 120
1.1465 -3.9107 2.2521 80 200 120
2.4900 -4.9592 2.0772 80 200 120
0.5759 -2.3101 2.0584 80 200 120
3.4860 -0.8204 3.1584 80 200 120
1.0202 -3.1228 1.5198 80 200 120
0.3051 -3.3766 0.9817 80 200 120
-0.0736 -2.9459 1.1828 80 200 120
2.8739 -1.4113 2.6716 80 200 120
3.5753 3.4986 2.7265 80 200 120
2.6743 -3.0631 2.7913 80 200 120
3.2418 1.6078 0.1469 80 200 120
3.2082 -1.6550 1.6449 80 200 120
3.4031 -0.4844 3.1690 80 200 120
10.8787 -13.5124 6.8253 80 200 120
-3.6333 -3.5884 1.8230 80 200 120
-2.3757 -1.1157 1.6286 80 200 120
0.2388 2.5593 3.2843 80 200 120
-3.5461 -2.4318 2.8029 80 200 120
-2.9610 0.4355 0.9165 80 200 120
-2.7096 -1.1227 1.2690 80 200 120
-3.0764 4.8605 1.9250 80 200 120
-2.6751 -1.7363 1.5033 80 200 120
-1.0978 -3.5956 0.4558 80 200 120
-2.2948 -4.9778 1.6611 80 200 120
1.1222 -3.3613 0.8408 80 200 120
-1.9364 -1.5176 1.5405 80 200 120
0.4424 -2.9475 0.8798 80 200 120
1.3043 -3.7457 0.3811 80 200 120
-1.6559 -5.1763 3.1343 80 200 120
2.2409 -2.8306 -0.0139 80 200 120
-3.3237 3.0401 0.0990 80 200 120
-2.4215 -5.7977 3.3565 80 200 120
0.9548 -2.9437 1.5730 80 200 120
2.8342 -2.0516 -0.0147 80 200 120
2.9885 -3.1362 0.3548 80 200 120
-2.4748 -1.1118 0.0357 80 200 120
3.3162 3.4785 3.0966 80 200 120
1.8030 0.1748 0.0407 80 200 120
0.3295 0.1301 0.1112 80 200 120
0.3289 -0.0753 0.2185 80 200 120
2.3073 -5.2380 0.0358 80 200 120
2.7807 -5.7754 0.5012 80 200 120
-0.9060 -5.1645 0.7280 80 200 120
3.0012 -4.7345 0.1911 80 200 120
-3.4420 -3.8693 2.8355 80 200 120
3.4708 2.6899 1.5057 80 200 120
0.0234 2.7079 2.7141 80 200 120
1.7541 0.4011 3.2446 80 200 120
2.6947 3.6435 0.5898 80 200 120
3.0346 10.8455 -2.5557 80 200 120
-1.4244 4.8712 2.9072 80 200 120
3.4815 1.1213 1.1716 80 200 120
-0.9685 4.7996 2.5007 80 200 120
0.5503 4.3622 1.1309 80 200 120
-2.7977 -0.9704 1.4501 80 200 120
-2.9377 1.0216 0.9704 80 200 120
-3.4577 -3.8449 2.1281 80 200 120
-0.5702 -1.7897 0.9583 80 200 120
2.1388 -1.3775 -0.0052 80 200 120
2.9383 -4.5945 0.0323 80 200 120
-2.4171 2.4797 0.3240 80 200 120
-5.1652 7.3778 -1.0965 80 200 120
-0.5315 -2.1866 0.9908 80 200 120
-2.3009 -1.5551 0.0667 80 200 120
-2.5799 -1.0791 1.3550 80 200 120
-2.7674 -0.9403 0.1205 80 200 120
-2.3275 -1.0087 1.1975 80 200 120
2.4408 -0.1536 0.2791 80 200 120
2.0049 2.7762 0.6225 80 200 120
-2.5596 -5.2745 -0.4374 80 200 120
1.6599 3.3961 0.3944 80 200 120
1.7730 6.5090 -0.5986 80 200 120
0.4252 0.8808 0.5380 80 200 120
0.3635 0.1120 0.8102 80 200 120
0.3753 0.5682 0.6840 80 200 120
0.3075 0.1072 1.0873 80 200 120
1.6033 -4.1431 0.0392 80 200 120
-0.1298 -2.6369 1.1229 80 200 120
2.8371 -2.2263 0.0706 80 200 120
-0.8944 0.9434 0.2414 80 200 120
3.1837 -4.3557 2.5283 80 200 120
2.0890 -4.5754 3.0611 80 200 120
0.8978 -2.7820 2.0764 80 200 120
1.9815 -4.9710 1.7522 80 200 120
3.4746 -3.8496 0.5165 80 200 120
0.8895 -2.7910 1.7316 80 200 120
0.3034 -3.4683 0.9523 80 200 120
2.0922 -4.2794 0.1123 80 200 120
0.6866 -2.5551 2.1073 80 200 120
3.3925 -3.5265 1.7750 80 200 120
-0.0728 -2.9642 1.2240 80 200 120
3.5169 1.6204 0.4714 80 200 120
3.8259 4.3624 0.3452 80 200 120
1.8255 2.8074 0.7648 80 200 120
3.3321 1.1411 0.6204 80 200 120
0.4657 5.1984 2.0390 80 200 120
1.7704 4.9080 1.2155 80 200 120
-3.2919 1.6833 0.5559 80 200 120
-2.4462 -1.3007 1.4013 80 200 120
-1.2156 5.2663 2.1404 80 200 120
-3.0114 0.4356 0.8936 80 200 120
-2.4533 -1.4987 1.4315 80 200 120
-0.9949 4.9223 2.5604 80 200 120
3.4582 -3.8436 0.5707 80 200 120
2.7918 -2.0287 0.0236 80 200 120
-0.0711 -0.0087 -0.1035 80 200 120
0.3382 0.0120 0.9609 80 200 120
-0.0461 -0.0363 1.0893 80 200 120
0.2970 -3.8245 0.8207 80 200 120
2.4794 -2.3307 -0.0309 80 200 120
-3.5160 -3.8941 3.2018 80 200 120
1.2763 -4.3318 0.4168 80 200 120
-0.6595 1.1743 0.9426 80 200 120
3.3777 -3.1067 0.1593 80 200 120
0.0390 -2.2884 1.1611 80 200 120
-3.9958 3.9871 0.2301 80 200 120
-2.1356 0.2039 0.0578 80 200 120
-2.9514 -0.9761 0.3562 80 200 120
2.5824 -1.2492 0.1097 80 200 120
-0.0672 0.0731 1.1068 80 200 120
0.9870 3.5822 0.2593 80 200 120
3.5677 2.4895 1.9124 80 200 120
0.8922 -2.8055 2.1164 80 200 120
-0.2360 -1.7339 0.9174 80 200 120
-0.5032 -1.8008 1.0733 80 200 120
0.2720 -2.0772 1.1329 80 200 120
2.3491 0.4070 0.3999 80 200 120
4.0708 -0.4601 3.3223 80 200 120
3.5636 -4.1998 0.0941 80 200 120
2.1077 -4.9642 0.1114 80 200 120
2.4158 -5.0042 0.7853 80 200 120
3.5697 -2.2356 2.7937 80 200 120
-0.8844 -5.0575 0.7232 80 200 120
1.0808 3.2460 0.7005 80 200 120
3.0945 -2.0845 3.0618 80 200 120
-2.8756 -4.8875 2.4461 80 200 120
-0.2232 2.6673 2.7536 80 200 120
-0.7374 -1.7495 0.7392 80 200 120
-3.1376 -0.9212 0.3976 80 200 120
-2.5198 -2.7026 0.6572 80 200 120
0.3027 -0.0790 0.1228 80 200 120
3.4668 -2.4729 -0.0129 80 200 120
0.3422 -0.0823 0.8701 80 200 120
0.3949 0.7288 0.6846 80 200 120
-2.5311 -4.5956 3.0701 80 200 120
-1.7859 -5.4860 3.1868 80 200 120
0.3127 0.1215 1.0361 80 200 120
-1.1921 0.6392 -0.0921 80 200 120
-1.5898 0.8251 -0.0993 80 200 120
0.3033 -0.0255 0.1565 80 200 120
0.4600 1.2315 0.1056 80 200 120
-2.4028 -1.4350 0.0223 80 200 120
1.0058 -0.2371 0.0357 80 200 120
-0.1250 0.0310 0.9665 80 200 120
0.2276 2.7006 0.2459 80 200 120
1.0482 3.4174 0.6519 80 200 120
3.1959 -4.6739 3.0810 80 200 120
3.4557 2.7144 1.5581 80 200 120
0.0059 -4.9583 1.1601 80 200 120
-3.4716 -4.8544 1.7876 80 200 120
-0.1000 -2.9033 1.2436 80 200 120
-3.6105 -3.4442 2.7936 80 200 120
2.6840 -4.2240 0.4313 80 200 120
-3.1312 -2.4539 3.1636 80 200 120
0.6210 -2.3447 2.0197 80 200 120
-0.4383 -3.4064 1.0673 80 200 120
-3.5745 -2.4147 2.8121 80 200 120
3.4512 2.3923 1.9628 80 200 120
3.4779 3.3287 -0.0450 80 200 120
3.4669 2.8228 0.1240 80 200 120
1.5368 3.0311 0.7960 80 200 120
2.7909 3.8036 0.6064 80 200 120
1.7903 2.7728 0.9059 80 200 120
-0.0260 2.6106 1.9864 80 200 120
3.4805 0.5956 1.6357 80 200 120
-1.3762 5.3458 1.6262 80 200 120
-2.3215 -1.3918 1.1725 80 200 120
-1.4519 5.4367 1.6040 80 200 120
-2.0914 -1.3436 1.4992 80 200 120
-2.1318 -1.1979 1.6840 80 200 120
-1.5928 2.6158 1.2695 80 200 120
-3.3776 0.5702 0.7655 80 200 120
2.6627 -1.7652 0.5922 80 200 120
-1.4476 1.6658 0.6087 80 200 120
-3.9530 4.6963 -0.1359 80 200 120
-0.5554 2.1668 0.2331 80 200 120
2.0574 -0.4560 0.3098 80 200 120
-0.1067 0.0038 0.7328 80 200 120
-3.2505 -1.2252 1.1415 80 200 120
-2.4769 -1.8170 -0.0799 80 200 120
2.4559 -1.1943 0.2472 80 200 120
2.4505 -1.1260 0.7557 80 200 120
2.6063 -1.5551 0.1782 80 200 120
1.1876 -0.1023 0.0110 80 200 120
1.7857 -0.7586 0.0352 80 200 120
-0.7308 -2.2187 0.9349 80 200 120
0.9566 -3.4913 0.7076 80 200 120
0.2908 -2.0643 0.8181 80 200 120
0.2806 -2.5262 0.7735 80 200 120
2.0952 3.3409 0.0334 80 200 120
-0.0753 -2.4610 1.1456 80 200 120
1.5967 -3.3618 0.0461 80 200 120
1.7297 -4.9405 0.9946 80 200 120
1.2732 -4.5705 2.6643 80 200 120
3.3060 2.2136 0.1958 80 200 120
0.5651 4.8190 1.0530 80 200 120
2.1728 3.0872 0.5224 80 200 120
3.8479 4.1567 0.3821 80 200 120
3.5910 2.1928 0.4854 80 200 120
0.9685 4.7838 0.7187 80 200 120
-2.2906 -4.8857 2.5450 80 200 120
-2.6265 -2.8740 1.4835 80 200 120
-2.6814 0.7654 0.9437 80 200 120
-3.1140 1.5920 0.6458 80 200 120
-2.7761 1.0988 0.9021 80 200 120
-4.1164 4.9313 -0.2448 80 200 120
-4.3055 5.2945 2.6935 80 200 120
-2.5706 -1.2544 1.0702 80 200 120
-0.0492 -1.6889 0.5684 80 200 120
-8.6374 -4.5302 -0.6986 80 200 120
3.6670 -2.8911 -0.0569 80 200 120
-2.7280 1.4826 -0.0766 80 200 120
3.7488 3.6601 2.7291 80 200 120
-2.2597 -2.2192 0.1728 80 200 120
-0.4084 -1.5792 0.1180 80 200 120
1.0571 -4.0933 -0.0582 80 200 120
1.6708 -4.9097 0.0923 80 200 120
-1.1251 -4.0644 0.4724 80 200 120
2.1288 -0.2979 -0.0137 80 200 120
3.4222 -3.0786 3.1284 80 200 120
0.1545 3.0551 -0.0938 80 200 120
0.3303 0.4872 0.6446 80 200 120
1.0721 4.2076 -0.0683 80 200 120
1.0167 3.0828 0.7822 80 200 120
3.4250 -4.5594 2.0215 80 200 120
0.0768 -3.1374 1.1807 80 200 120
1.9960 -4.9944 0.0273 80 200 120
2.3161 -4.9946 0.3957 80 200 120
0.4565 -2.3805 2.4549 80 200 120
2.8984 -5.4981 -0.2992 80 200 120
-1.5934 -4.7094 0.7592 80 200 120
-2.8853 -4.6019 1.2827 80 200 120
3.5061 -0.4747 3.1724 80 200 120
1.8034 3.1300 0.5692 80 200 120
-1.1681 5.0204 2.1483 80 200 120
-3.1610 -3.0235 1.1753 80 200 120
-2.0947 -2.0561 1.4551 80 200 120
-1.5831 -1.1977 1.6919 80 200 120
-4.0104 2.0262 -0.2327 80 200 120
0.8533 -2.7031 0.2071 80 200 120
-0.1065 -1.6010 0.1673 80 200 120
-2.2862 -3.3568 0.6739 80 200 120
-2.3141 -3.2583 0.4075 80 200 120
-1.9568 -5.0744 0.8163 80 200 120
3.1560 -2.3184 0.0603 80 200 120
2.2020 -3.4039 0.0077 80 200 120
-0.9960 1.3890 1.1632 80 200 120
-0.2469 1.1221 0.9700 80 200 120
-1.2214 2.2967 0.1725 80 200 120
-2.0000 -0.2032 -0.0198 80 200 120
-1.3439 1.0531 0.1067 80 200 120
-1.3346 1.0989 0.3355 80 200 120
-2.1073 2.0304 0.5946 80 200 120
-1.4195 1.1524 0.3986 80 200 120
0.1450 4.6684 0.2136 80 200 120
-2.3915 -1.3116 1.4359 80 200 120
-2.5235 -1.0811 1.3718 80 200 120
0.0329 -0.0039 1.0764 80 200 120
0.3187 -2.3782 -0.0497 80 200 120
-0.1443 2.7291 -0.2338 80 200 120
-0.6757 -2.1997 0.9690 80 200 120
0.5960 4.5458 -0.4107 80 200 120
0.3402 -1.8212 0.4012 80 200 120
-0.0693 -2.8640 1.0873 80 200 120
0.3648 0.3965 1.0791 80 200 120
0.2603 -3.1521 1.0436 80 200 120
2.5262 4.2509 0.4049 80 200 120
0.6124 4.7863 2.6085 80 200 120
-2.5499 4.8795 2.9901 80 200 120
-1.6368 5.1429 2.3897 80 200 120
-1.1895 -4.4875 3.0595 80 200 120
-2.2356 -1.9607 1.3702 80 200 120
-2.9440 -2.2205 1.4304 80 200 120
-3.6599 -0.0433 0.6296 80 200 120
-0.7126 1.3872 1.7121 80 200 120
-1.8557 1.1121 1.0088 80 200 120
-4.5703 1.5697 0.0929 80 200 120
-1.5011 -3.1127 0.1001 80 200 120
-1.9871 -2.2357 0.0342 80 200 120
-0.6581 -1.7097 0.7349 80 200 120
3.7105 -4.2537 1.0596 80 200 120
-0.0564 -0.0127 1.0371 80 200 120
-0.1786 0.0813 0.2361 80 200 120
0.3377 -0.1594 1.3041 80 200 120
-4.6644 3.2101 -0.0119 80 200 120
2.6438 -1.2598 0.1007 80 200 120
-0.1251 0.4525 0.9908 80 200 120
0.5113 1.1448 0.1824 80 200 120
1.9053 -4.7669 0.0633 80 200 120
-1.7162 0.3377 0.2661 80 200 120
-0.0965 1.2191 0.6087 80 200 120
-2.8932 -1.6150 1.1731 80 200 120
2.6830 -0.8132 0.7828 80 200 120
2.4669 -1.1026 0.7507 80 200 120
3.5230 1.6582 0.4644 80 200 120
2.5794 -1.0673 0.6868 80 200 120
0.4316 -2.5983 0.5051 80 200 120
-0.0741 -0.0147 1.0330 80 200 120
0.2845 -3.1488 1.0169 80 200 120
1.0810 3.7775 0.5107 80 200 120
2.8318 -0.7936 0.6650 80 200 120
0.3189 0.7017 0.9692 80 200 120
1.7618 -4.7021 2.5386 80 200 120
0.4838 -2.7600 2.7095 80 200 120
3.3596 -4.1619 0.1841 80 200 120
1.6422 -4.9348 1.9562 80 200 120
2.5936 -4.8248 0.2075 80 200 120
0.8959 -3.1725 1.7364 80 200 120
-3.4676 4.6558 3.1693 80 200 120
-1.3305 5.1952 1.6647 80 200 120
-2.9377 -0.9352 0.6469 80 200 120
-3.4981 -4.4867 2.7630 80 200 120
-3.0292 -2.1051 1.2150 80 200 120
-3.4798 -3.8673 2.1252 80 200 120
-2.9629 1.9151 0.7772 80 200 120
-2.8523 -1.5894 1.2228 80 200 120
-3.8333 -1.6301 1.2322 80 200 120
-3.5419 -2.9437 2.9343 80 200 120
3.4720 -2.4362 -0.0124 80 200 120
3.4853 -2.7824 0.0325 80 200 120
0.3730 0.1985 -0.0081 80 200 120
-0.9088 0.8992 0.1998 80 200 120
-3.5090 3.2386 1.4970 80 200 120
-3.1735 -1.4194 1.4408 80 200 120
-1.9679 -2.0685 0.8127 80 200 120
-2.9326 -1.1220 1.2635 80 200 120
-0.4062 -1.6831 0.5962 80 200 120
0.6350 5.4636 -0.1988 80 200 120
3.6594 3.8150 3.2159 80 200 120
3.4347 1.4221 0.1562 80 200 120
-0.4535 1.0528 0.2428 80 200 120
-0.5468 -1.8302 0.3237 80 200 120
0.2990 0.1702 0.9851 80 200 120
-0.7908 2.1540 -0.5305 80 200 120
0.2408 2.2909 0.3889 80 200 120
-0.3675 -1.5612 1.0608 80 200 120
0.3491 -3.6349 2.8968 80 200 120
3.4874 -2.5623 3.1800 80 200 120
3.0024 -4.6788 0.2453 80 200 120
-3.3636 -5.1443 1.1063 80 200 120
1.2077 -4.4669 0.2766 80 200 120
2.5665 -2.4447 2.9361 80 200 120
3.7595 1.4123 0.3478 80 200 120
3.5825 3.8492 0.5834 80 200 120
2.5669 4.9171 0.6057 80 200 120
0.0583 4.1740 2.2157 80 200 120
1.6690 1.9603 1.0652 80 200 120
-3.2361 0.5177 3.0799 80 200 120
-2.4750 -4.8523 2.1838 80 200 120
-2.5057 -3.1825 1.5151 80 200 120
-1.1253 -4.4689 3.0394 80 200 120
-2.2813 -4.9036 2.5635 80 200 120
-2.6729 -2.5915 1.5224 80 200 120
-2.8219 1.4038 0.7933 80 200 120
-2.5098 -2.4700 1.0076 80 200 120
0.0102 -1.4166 0.0102 80 200 120
-2.2045 -2.6343 0.1491 80 200 120
-0.3688 -1.6581 0.5504 80 200 120
0.2133 -1.1509 -0.0540 80 200 120
-2.9223 -1.2038 0.2771 80 200 120
-1.6775 3.1269 -0.3996 80 200 120
2.4921 -1.6253 0.7873 80 200 120
2.0293 -1.1774 0.6529 80 200 120
3.0406 -0.4729 0.6170 80 200 120
2.3078 -0.6419 0.1050 80 200 120
1.3057 -0.2165 0.0337 80 200 120
1.9256 -0.1287 0.0207 80 200 120
0.9446 -3.4882 -0.1567 80 200 120
3.4748 -3.8688 0.5379 80 200 120
3.6151 -3.5975 0.5791 80 200 120
2.0552 -4.8676 1.1335 80 200 120
0.9181 -3.2682 2.0600 80 200 120
1.4581 6.0972 -0.3840 80 200 120
3.3627 12.2505 -2.9234 80 200 120
-2.6887 -3.8528 1.5790 80 200 120
-2.6186 3.0459 0.6727 80 200 120
-2.2788 -1.5158 1.4788 80 200 120
-2.8041 1.0991 1.0631 80 200 120
-0.3110 -1.5829 0.4079 80 200 120
-2.1513 -4.7363 -0.0624 80 200 120
-2.3974 -3.6230 1.0872 80 200 120
0.3027 0.3859 0.6826 80 200 120
-0.1161 0.0721 0.8889 80 200 120
0.2983 -2.6423 0.9218 80 200 120
-0.5839 0.5561 1.3901 80 200 120
0.3442 0.1799 1.2901 80 200 120
0.2827 -1.7646 1.0768 80 200 120
-0.1214 0.0300 0.6291 80 200 120
-1.2361 0.9029 -0.2753 80 200 120
0.3701 0.2260 -0.0193 80 200 120
0.2778 -1.7089 0.3922 80 200 120
2.9054 -0.8478 0.6672 80 200 120
2.3945 -0.6556 0.3469 80 200 120
0.7828 -0.2157 -0.0913 80 200 120
3.5504 2.1916 -0.0355 80 200 120
3.5078 2.0175 0.4717 80 200 120
2.6749 -1.3247 0.5616 80 200 120
2.0558 -1.7035 -0.0158 80 200 120
2.3022 0.4208 0.0638 80 200 120
0.2445 -2.8054 0.8082 80 200 120
1.4679 6.2586 -0.4799 80 200 120
0.3094 -1.6526 1.2302 80 200 120
0.3093 0.5229 1.1032 80 200 120
0.3132 0.5007 0.9267 80 200 120
0.3005 -1.9415 1.1108 80 200 120
3.1870 -4.3554 -0.1489 80 200 120
-4.0497 -4.3734 2.1546 80 200 120
-0.8809 -5.1243 0.7647 80 200 120
2.7767 -2.1367 2.9992 80 200 120
3.5580 0.8546 2.8632 80 200 120
3.4695 -2.2801 3.1546 80 200 120
1.7418 -0.2734 3.2130 80 200 120
1.8802 4.1485 0.3077 80 200 120
2.2162 2.9532 0.7956 80 200 120
3.2402 3.0351 0.1933 80 200 120
-1.5275 -5.4647 2.8310 80 200 120
-2.7317 -2.4237 1.2375 80 200 120
-1.0693 1.3123 3.2295 80 200 120
-2.0734 -1.2644 1.5370 80 200 120
-2.3900 -2.0124 1.3131 80 200 120
-3.4470 -1.3341 1.3478 80 200 120
-3.0664 -2.0162 1.3786 80 200 120
-2.7042 -1.9731 1.2750 80 200 120
0.4815 -3.7937 2.9566 80 200 120
-0.2991 1.3900 0.7905 80 200 120
-1.0174 3.1719 -0.9963 80 200 120
-0.4413 1.1804 0.3296 80 200 120
2.6120 -1.3375 0.0911 80 200 120
-2.0516 0.9307 -0.0366 80 200 120
-0.7166 2.9283 -0.1601 80 200 120
-1.4952 1.2312 0.5800 80 200 120
-1.7481 1.1348 0.2267 80 200 120
-3.6085 4.5978 0.5974 80 200 120
-2.4092 -2.7373 0.0090 80 200 120
-2.6985 -2.5029 0.4632 80 200 120
1.8054 -0.2275 -0.1116 80 200 120
2.3481 -0.3110 0.0940 80 200 120
2.4331 0.2915 -0.0011 80 200 120
3.2513 2.3896 0.1423 80 200 120
-7.6941 17.6202 -15.6938 80 200 120
0.2710 -3.8352 0.6214 80 200 120
0.2808 -3.5628 2.9888 80 200 120
-2.9590 -5.0732 1.7831 80 200 120
0.8048 -2.7618 1.8859 80 200 120
2.1863 -4.5477 0.0011 80 200 120
3.4928 -0.4837 3.1622 80 200 120
0.7321 -2.3234 3.1694 80 200 120
3.4666 -1.3380 2.6573 80 200 120
3.7877 4.9838 0.1619 80 200 120
0.6292 4.8138 0.9849 80 200 120
2.7348 3.4910 0.1465 80 200 120
-2.1797 -4.0901 1.8496 80 200 120
-2.4461 -4.6862 3.1435 80 200 120
-3.6596 1.5424 1.4474 80 200 120
-3.3315 4.8059 1.2607 80 200 120
-0.6759 -1.4412 0.0241 80 200 120
-0.2133 -1.0916 -0.0179 80 200 120
0.3849 -1.4155 0.0303 80 200 120
-2.5107 -5.0268 2.1360 80 200 120
-1.6443 -5.2506 3.1612 80 200 120
-0.4210 1.0018 0.5512 80 200 120
2.2666 -0.8650 0.0857 80 200 120
2.5591 0.4271 0.5566 80 200 120
3.1317 -1.0254 0.6431 80 200 120
0.3236 -0.0122 1.8914 80 200 120
0.1374 3.5888 -0.2066 80 200 120
-0.4564 -1.7239 0.4770 80 200 120
0.4286 0.1452 1.9264 80 200 120
2.3323 -4.3484 -0.0727 80 200 120
0.6094 -2.3259 3.0987 80 200 120
2.0762 -4.9734 0.0763 80 200 120
3.2145 2.4180 3.1491 80 200 120
3.4737 3.3839 2.2007 80 200 120
3.1530 4.2919 2.5490 80 200 120
3.4514 2.7288 2.1882 80 200 120
3.5110 1.9589 3.1244 80 200 120
2.7010 4.6130 2.3306 80 200 120
1.6898 3.4819 0.6161 80 200 120
1.7060 2.7338 0.7588 80 200 120
-1.4051 5.3843 1.6741 80 200 120
2.5381 -1.4662 3.1771 80 200 120
2.2487 3.1104 0.7290 80 200 120
0.0002 2.6987 1.9226 80 200 120
-0.4863 3.7897 2.3505 80 200 120
-2.9430 -5.0179 2.4688 80 200 120
-2.5517 4.7688 2.9799 80 200 120
-2.7295 -3.3425 1.5140 80 200 120
-2.5561 -5.0864 2.1139 80 200 120
-0.7195 0.8133 3.2421 80 200 120
-3.0214 -4.1912 1.4890 80 200 120
-1.8554 0.7539 1.2660 80 200 120
-1.3627 4.4011 2.4218 80 200 120
-2.8799 1.1304 1.0319 80 200 120
-2.6192 -2.7405 1.3751 80 200 120
-2.7095 -3.2955 1.4664 80 200 120
-2.2297 -2.8949 0.0822 80 200 120
-2.5628 -1.8932 -0.0540 80 200 120
-0.3344 0.5908 1.3679 80 200 120
0.3616 -1.9478 0.3087 80 200 120
1.1346 -3.9784 2.9726 80 200 120
-3.6096 3.8531 0.4043 80 200 120
-1.6164 0.2250 -0.1373 80 200 120
0.4393 -2.2756 0.2808 80 200 120
0.3066 0.2069 0.9066 80 200 120
0.6635 -2.1632 0.3396 80 200 120
3.3096 3.4152 3.0999 80 200 120
2.7179 -0.1152 0.5806 80 200 120
3.0993 0.8475 0.3071 80 200 120
2.1645 -1.0000 -0.0027 80 200 120
0.4025 -1.3696 0.0315 80 200 120
3.5877 1.2709 0.5061 80 200 120
0.2987 -1.6788 1.1823 80 200 120
0.3079 -3.2097 0.9827 80 200 120
0.2284 -3.6815 0.4316 80 200 120
-0.4216 -1.6448 1.0056 80 200 120
-0.3290 1.2696 0.4020 80 200 120
0.2676 -2.6134 0.9314 80 200 120
-0.4237 -4.7891 2.2426 80 200 120
-0.8273 -3.9424 3.2354 80 200 120
-0.4878 -2.6883 3.2342 80 200 120
-0.6050 -5.1272 3.1717 80 200 120
-0.7091 -2.3189 3.2122 80 200 120
-0.0584 -3.6161 3.2516 80 200 120
1.5228 -3.8364 3.2497 80 200 120
1.0919 -4.2148 0.4378 80 200 120
1.0960 -4.3780 1.0078 80 200 120
0.4665 -2.5050 3.2479 80 200 120
3.4670 -2.4819 2.0123 80 200 120
2.9539 3.8169 3.3276 80 200 120
3.2262 3.5104 1.3717 80 200 120
2.3235 4.6687 1.9993 80 200 120
3.3758 2.9897 3.0976 80 200 120
3.5290 1.6043 3.1635 80 200 120
1.4619 3.4061 2.9847 80 200 120
3.1783 2.8402 1.5487 80 200 120
1.6054 5.2354 2.1531 80 200 120
0.8424 2.3024 3.2433 80 200 120
3.3775 2.5353 2.5742 80 200 120
3.5169 2.3095 2.7722 80 200 120
3.2033 2.4005 1.3205 80 200 120
1.6345 5.3314 0.3587 80 200 120
3.8781 2.4742 0.3061 80 200 120
4.0152 2.0711 0.1997 80 200 120
1.9062 1.0402 3.1850 80 200 120
-3.3807 3.5024 3.0199 80 200 120
-3.3737 2.0035 2.7297 80 200 120
-3.4939 0.6551 2.8054 80 200 120
-3.5515 0.3047 1.9196 80 200 120
-3.3851 1.4521 2.7723 80 200 120
-1.8010 -4.9440 2.1226 80 200 120
-2.6416 0.5521 0.9062 80 200 120
-2.6963 0.7802 0.9532 80 200 120
-2.7273 -1.2922 1.5408 80 200 120
-2.1562 -1.1812 1.2716 80 200 120
-1.8537 -4.8694 2.5035 80 200 120
-2.7333 -2.6102 1.3940 80 200 120
-3.4629 -3.8796 2.0941 80 200 120
-2.8499 -2.3442 1.1737 80 200 120
-2.5860 -0.9559 0.1648 80 200 120
-2.5195 -1.4906 0.8259 80 200 120
-2.4321 -1.3362 0.7321 80 200 120
-2.3303 -2.8642 0.9269 80 200 120
-1.5233 -1.4762 -0.0655 80 200 120
0.4440 -2.9104 2.7753 80 200 120
-1.0684 1.1585 0.9750 80 200 120
0.3447 0.3055 0.2888 80 200 120
0.3250 -0.0803 0.1435 80 200 120
0.2803 0.4332 0.7339 80 200 120
2.9563 -1.8026 0.4533 80 200 120
-1.3616 -4.5959 3.0416 80 200 120
0.2738 -2.0473 1.0612 80 200 120
-1.3026 5.0180 1.5376 80 200 120
-1.1103 0.8227 -0.1932 80 200 120
-3.3783 4.9531 1.2896 80 200 120
-0.4928 2.8023 0.2602 80 200 120
0.1777 1.1049 0.6325 80 200 120
-0.6859 2.8583 0.2802 80 200 120
-3.1855 5.0953 1.9924 80 200 120
-2.9532 3.6493 3.0234 80 200 120
2.8115 -2.8764 0.0029 80 200 120
1.0223 -0.3578 -0.0661 80 200 120
3.5546 -0.6844 1.6416 80 200 120
0.6251 -1.1058 0.0137 80 200 120
1.8017 -1.7285 -0.0313 80 200 120
1.4837 -1.1245 -0.0553 80 200 120
3.5647 -3.0864 0.5582 80 200 120
1.0007 -1.7503 -0.0889 80 200 120
1.4077 2.4676 1.0317 80 200 120
2.1364 3.5919 -0.5573 80 200 120
1.7414 3.7246 -0.2083 80 200 120
-0.7666 4.1173 -0.9940 80 200 120
0.2370 1.7492 0.5288 80 200 120
0.4246 0.4190 1.7991 80 200 120
0.6213 1.4237 -0.0155 80 200 120
0.2705 0.5976 0.7492 80 200 120
0.8174 -2.7039 0.4687 80 200 120
0.6007 1.1773 1.5700 80 200 120
0.0048 -5.0437 1.5246 80 200 120
-0.5674 -5.0264 1.6299 80 200 120
0.2961 -4.0380 1.4751 80 200 120
2.2376 -4.9907 1.4316 80 200 120
-1.5693 -4.9922 3.0767 80 200 120
-0.0951 -4.9851 1.9864 80 200 120
0.0661 -4.5944 2.7070 80 200 120
-1.5144 -5.2885 2.8459 80 200 120
3.2119 -5.0092 2.3490 80 200 120
-1.8820 -5.0834 2.1339 80 200 120
3.4103 1.8839 1.5201 80 200 120
3.4165 1.8966 1.1052 80 200 120
3.5936 1.1507 2.9685 80 200 120
1.0638 3.5631 2.9330 80 200 120
3.5002 0.5015 2.2221 80 200 120
1.6355 2.6920 3.2046 80 200 120
2.8256 2.0281 0.6341 80 200 120
-1.9828 3.9085 2.9070 80 200 120
-3.4404 2.1405 1.1400 80 200 120
-3.3907 2.5657 2.1711 80 200 120
-3.8312 2.0688 1.3069 80 200 120
-2.3842 -5.1028 1.6294 80 200 120
-3.6527 2.5182 0.4494 80 200 120
-3.3207 -1.8592 1.1172 80 200 120
-3.6511 -2.2640 0.8919 80 200 120
-1.4045 -4.7369 3.0458 80 200 120
-3.2542 4.1277 0.9236 80 200 120
-0.9529 -4.7455 3.1267 80 200 120
-2.9761 -2.5684 1.1120 80 200 120
-1.4253 -3.3522 0.0848 80 200 120
-2.9463 -1.0203 1.2568 80 200 120
-0.2917 -0.7578 -0.0510 80 200 120
-2.2349 -1.1797 0.1676 80 200 120
-2.5076 -1.1580 0.9347 80 200 120
-0.4067 -0.4857 -0.0048 80 200 120
-2.6189 -0.7118 0.0841 80 200 120
-2.2725 0.0900 -0.0265 80 200 120
-2.4983 -1.3448 0.4297 80 200 120
-1.9603 -0.5150 -0.0818 80 200 120
-3.4409 -4.4641 2.7754 80 200 120
0.3196 -0.0565 1.1553 80 200 120
-1.3168 0.5499 1.5488 80 200 120
2.4935 -1.2113 0.2714 80 200 120
1.1753 -4.1908 3.0123 80 200 120
-2.7312 1.2869 -0.0091 80 200 120
-0.1186 2.2863 0.3886 80 200 120
-1.8730 0.6682 -0.0337 80 200 120
-0.1786 0.0094 0.4400 80 200 120
0.2057 2.7586 0.2160 80 200 120
0.0342 1.1929 0.6021 80 200 120
-1.5631 0.9649 -0.0305 80 200 120
-0.0970 1.0557 0.6566 80 200 120
-0.6757 2.6600 0.7838 80 200 120
-0.4036 3.1590 0.9865 80 200 120
-1.0079 3.3450 0.9370 80 200 120
-0.6527 1.4061 0.9693 80 200 120
-1.3027 3.0652 0.6397 80 200 120
1.4747 5.4807 -0.2124 80 200 120
0.1575 0.9891 0.6956 80 200 120
-0.8648 4.9680 2.3729 80 200 120
-0.3125 2.0017 0.1686 80 200 120
0.4400 -2.4738 0.0095 80 200 120
0.7001 -2.2476 0.2714 80 200 120
-2.9665 -2.1532 1.2175 80 200 120
2.3273 -0.5551 0.0518 80 200 120
2.2296 -2.7600 -0.1222 80 200 120
1.6941 -1.1136 -0.0259 80 200 120
3.2815 -3.2741 0.1201 80 200 120
0.7253 -2.4056 0.1915 80 200 120
2.9425 1.2979 0.0435 80 200 120
2.9103 -1.8088 0.5773 80 200 120
1.5119 -1.3963 -0.0079 80 200 120
2.7328 -1.9997 -0.1650 80 200 120
3.5782 -4.9123 0.3551 80 200 120
3.4977 -4.0823 1.1186 80 200 120
3.4668 -4.2580 0.0224 80 200 120
3.5945 -3.8947 0.4578 80 200 120
1.3222 -1.8342 0.0110 80 200 120
2.8644 -1.9387 0.4054 80 200 120
0.8795 -3.1306 0.3605 80 200 120
2.0859 -4.9848 0.0440 80 200 120
0.4234 1.3114 1.5131 80 200 120
0.2318 0.8900 0.7316 80 200 120
3.4963 3.3978 2.6915 80 200 120
2.9257 -4.2740 3.0331 80 200 120
3.4763 2.3583 1.9174 80 200 120
0.4351 -2.5260 0.1151 80 200 120
-2.9512 -4.9027 2.5842 80 200 120
-2.5146 -4.8520 2.3688 80 200 120
-2.4423 -4.7928 3.1044 80 200 120
-1.3425 -3.5813 3.2087 80 200 120
-1.9518 -4.8598 2.5638 80 200 120
-0.3594 -3.3543 3.2373 80 200 120
-0.1703 -4.9436 3.1168 80 200 120
-1.8696 -5.4042 1.6238 80 200 120
-3.0475 -4.6697 3.0918 80 200 120
-1.9737 -4.7602 3.1062 80 200 120
-1.2598 -5.0100 2.2305 80 200 120
-2.2142 -4.8162 1.6968 80 200 120
-3.5133 -4.4850 2.9357 80 200 120
-2.4550 -4.3127 3.2941 80 200 120
2.9796 -4.7198 0.2309 80 200 120
-0.9012 -4.9668 1.1391 80 200 120
1.7734 -4.8153 3.1285 80 200 120
2.6891 -4.9575 3.1358 80 200 120
3.2313 -4.3993 -0.0613 80 200 120
0.9166 -3.3653 1.3623 80 200 120
0.8650 -3.1954 1.7258 80 200 120
1.9205 -4.9828 0.6253 80 200 120
-2.8468 -4.8803 1.7597 80 200 120
3.4988 -1.5532 3.0228 80 200 120
3.4854 0.3657 1.8904 80 200 120
0.5117 3.9119 2.9677 80 200 120
3.5983 1.0402 2.2448 80 200 120
2.5139 2.0047 0.7838 80 200 120
3.5347 1.5667 0.6052 80 200 120
-1.2718 5.0035 1.6715 80 200 120
3.5148 2.1381 0.5024 80 200 120
3.5756 1.6488 1.0859 80 200 120
-3.4962 0.3601 3.1543 80 200 120
-3.5000 -0.7905 2.8107 80 200 120
-3.4174 -1.6905 3.1479 80 200 120
-2.6283 -0.4651 3.2185 80 200 120
-3.4334 2.8820 1.5913 80 200 120
-1.7323 1.6811 3.1840 80 200 120
-3.5421 0.8407 2.4630 80 200 120
-3.7470 0.4571 2.5984 80 200 120
-3.2719 4.1215 3.0819 80 200 120
-3.0425 2.1638 1.3348 80 200 120
-3.0058 3.5876 2.6294 80 200 120
-3.7055 0.6504 0.6076 80 200 120
-2.5982 -2.5871 1.5216 80 200 120
-2.4446 -2.7598 1.3963 80 200 120
-2.0736 -5.3793 2.1156 80 200 120
-2.6709 4.9426 3.0023 80 200 120
-2.3434 -4.4274 1.8014 80 200 120
-0.6838 -5.2042 3.1742 80 200 120
0.0657 -3.6697 3.2698 80 200 120
-2.3045 7.1920 2.3806 80 200 120
-1.7792 -4.8682 0.0322 80 200 120
-1.5086 1.2281 -0.0612 80 200 120
-3.4490 0.0847 0.0289 80 200 120
-3.6386 -2.7825 1.6891 80 200 120
-2.8198 -1.2742 1.2884 80 200 120
-2.7103 1.3404 0.0025 80 200 120
0.0826 -0.5007 -0.0431 80 200 120
-2.7926 -2.5447 0.3986 80 200 120
-2.9222 -0.8337 0.2265 80 200 120
-2.4756 -1.0878 1.2077 80 200 120
-0.8790 -4.8603 1.2096 80 200 120
-4.3300 3.0616 -0.6333 80 200 120
-0.2047 0.9095 0.7686 80 200 120
-0.4613 -4.3341 0.3450 80 200 120
0.3648 0.3223 0.3581 80 200 120
-2.7416 0.8188 -0.0988 80 200 120
-1.3252 1.1100 0.1554 80 200 120
0.4219 0.2272 1.9191 80 200 120
0.1221 -0.0413 0.0293 80 200 120
-0.7835 3.3471 1.0456 80 200 120
1.8492 6.1630 -0.3768 80 200 120
-2.6835 1.6739 0.0500 80 200 120
0.1951 1.7278 0.4701 80 200 120
-0.0817 1.9344 0.3655 80 200 120
1.8843 2.7418 0.3868 80 200 120
-3.0959 1.1157 0.7647 80 200 120
-2.2429 1.7678 0.3729 80 200 120
-0.5151 1.5421 0.2445 80 200 120
2.4183 3.7356 0.1828 80 200 120
-1.6390 5.1753 2.4359 80 200 120
0.4007 -2.6103 0.1777 80 200 120
-2.2173 -3.3196 0.1264 80 200 120
0.3270 -1.9725 0.4020 80 200 120
-2.4011 -2.7141 0.0562 80 200 120
-0.5867 -1.8384 1.0090 80 200 120
0.2825 -1.6923 1.1929 80 200 120
3.4448 -3.6825 1.7341 80 200 120
3.6252 -4.2698 1.5463 80 200 120
2.2482 0.7526 0.0887 80 200 120
2.0236 1.0906 0.0756 80 200 120
3.2300 -4.5760 0.0147 80 200 120
1.0565 -2.4272 0.0865 80 200 120
3.2913 -2.6911 0.0333 80 200 120
3.5308 -3.3415 2.1313 80 200 120
3.4449 -4.9108 1.0413 80 200 120
2.4336 -5.1132 0.6692 80 200 120
0.3524 -1.5461 0.2310 80 200 120
2.5464 -2.4078 -0.0672 80 200 120
1.9262 1.5480 0.0183 80 200 120
0.2236 -1.0776 -0.0673 80 200 120
0.0649 -1.3596 -0.0289 80 200 120
0.1710 -1.6858 0.3304 80 200 120
2.6078 0.1210 0.4339 80 200 120
-0.2831 -1.0443 -0.0237 80 200 120
3.5827 -1.4332 0.8722 80 200 120
3.4866 -2.3638 1.9327 80 200 120
2.2016 -3.3898 -0.0464 80 200 120
2.2312 -4.9164 0.4077 80 200 120
3.4577 -3.1599 1.4526 80 200 120
0.1163 0.8551 1.2509 80 200 120
0.3500 -3.1257 0.5620 80 200 120
2.8193 -4.7874 3.1407 80 200 120
3.3943 2.6089 1.6019 80 200 120
0.2965 -3.5890 0.8143 80 200 120
-0.3809 -1.6063 0.0886 80 200 120
-0.0117 0.2203 1.1594 80 200 120
0.3639 -4.1809 2.0957 80 200 120
-0.1062 -1.9039 3.2424 80 200 120
-3.2942 -3.7125 3.1227 80 200 120
-1.9643 -2.7274 3.3054 80 200 120
1.6121 -4.9776 1.4810 80 200 120
0.3724 -3.8045 1.8515 80 200 120
2.8573 -5.1554 0.6125 80 200 120
3.5338 -1.3673 2.6714 80 200 120
3.3899 -0.9773 3.1473 80 200 120
3.4665 0.1576 2.8489 80 200 120
3.1391 3.4859 0.2939 80 200 120
3.0960 4.1926 0.3923 80 200 120
-3.3469 4.4100 3.1809 80 200 120
-3.4772 0.8822 3.0995 80 200 120
-2.4206 3.6180 3.0102 80 200 120
-2.3759 -3.9963 1.4500 80 200 120
-2.9203 -2.5023 1.1391 80 200 120
-2.6496 1.2733 0.8925 80 200 120
-2.1233 -3.0926 1.5245 80 200 120
-3.1457 1.2667 0.9087 80 200 120
-2.5602 -4.4317 1.5262 80 200 120
-2.2584 -2.1600 0.0001 80 200 120
-1.5592 0.7391 -0.1211 80 200 120
-3.1081 -0.6621 0.2514 80 200 120
-2.0173 0.6155 -0.1214 80 200 120
-2.2635 1.2442 -0.1617 80 200 120
-2.0263 -3.7163 -0.0972 80 200 120
-0.2975 -1.6853 0.7686 80 200 120
-1.1083 0.4316 -0.0649 80 200 120
-1.8761 -0.2021 -0.0633 80 200 120
-3.1286 0.5390 0.6320 80 200 120
-0.9785 0.0403 -0.0494 80 200 120
-0.8783 0.7245 -0.0123 80 200 120
3.2954 -2.6827 0.1791 80 200 120
2.6304 -1.8936 -0.0996 80 200 120
-1.4873 1.3314 0.7460 80 200 120
0.3286 0.7557 0.6061 80 200 120
0.2282 1.2417 0.4398 80 200 120
-5.1536 2.8716 -0.3304 80 200 120
2.2572 -0.6928 0.1884 80 200 120
2.1847 -1.3810 -0.0852 80 200 120
-1.2400 -4.3861 3.0081 80 200 120
2.4354 -1.2058 0.3482 80 200 120
2.6212 -1.4244 0.2353 80 200 120
1.9575 4.8384 -0.1291 80 200 120
0.4206 1.2772 0.5250 80 200 120
3.5150 5.1405 2.1435 80 200 120
1.5109 4.7435 -0.3828 80 200 120
1.6534 3.5700 -0.5769 80 200 120
-2.1823 1.5886 0.0670 80 200 120
-0.3857 0.6176 0.6121 80 200 120
0.2755 0.6284 2.0343 80 200 120
1.9746 1.9630 0.4643 80 200 120
1.6949 3.7135 -0.1651 80 200 120
2.1133 3.6821 0.3338 80 200 120
3.1909 2.4698 0.1016 80 200 120
2.8916 0.9059 0.1742 80 200 120
-0.1551 0.2608 0.9364 80 200 120
2.6291 3.0441 0.4367 80 200 120
2.2443 0.7479 -0.0080 80 200 120
2.8823 1.2733 0.0488 80 200 120
-3.0731 1.5229 0.5933 80 200 120
-2.3727 -2.2388 1.4018 80 200 120
-2.4391 -2.7790 0.8547 80 200 120
-2.8767 -2.5967 0.3876 80 200 120
-2.9291 -1.6705 1.2583 80 200 120
2.4569 -1.1966 0.2803 80 200 120
2.9952 -0.8570 0.5913 80 200 120
1.5222 0.3663 -0.0622 80 200 120
0.0825 -1.5927 0.1213 80 200 120
-0.1409 0.0494 -0.0991 80 200 120
-0.1118 -1.6538 0.1056 80 200 120
1.7433 1.0841 -0.0814 80 200 120
2.8847 -5.0627 1.3367 80 200 120
1.6207 2.2132 -0.2225 80 200 120
3.4287 -2.7009 2.7493 80 200 120
1.0798 -4.6934 0.0307 80 200 120
3.4716 2.7188 2.2078 80 200 120
3.4298 3.2592 2.6731 80 200 120
0.2488 -2.0463 1.1115 80 200 120
-2.1244 -3.2659 3.2538 80 200 120
2.0842 -4.9613 2.3091 80 200 120
3.5304 0.7917 2.5466 80 200 120
3.5602 -0.1713 3.1764 80 200 120
-0.0783 2.4510 2.0439 80 200 120
0.1602 3.1235 2.2686 80 200 120
3.6632 5.0908 0.7401 80 200 120
4.3733 4.6294 -0.8344 80 200 120
3.6894 0.9878 1.9390 80 200 120
1.1455 3.8338 0.5551 80 200 120
-1.7769 4.5632 2.7302 80 200 120
0.1100 1.7450 2.6186 80 200 120
-3.2610 -0.9764 3.1041 80 200 120
-2.1062 -4.8014 3.0884 80 200 120
-3.4758 2.8443 3.1135 80 200 120
-3.5691 0.1976 2.2092 80 200 120
-3.0635 0.8757 3.2748 80 200 120
-3.3506 2.2871 2.5078 80 200 120
-2.3853 1.3156 3.2977 80 200 120
-1.2292 1.8088 3.1761 80 200 120
-3.4132 0.4716 1.8691 80 200 120
-2.8095 -1.6044 1.5455 80 200 120
-3.4030 -2.6637 1.7534 80 200 120
-0.5922 -5.0081 1.7279 80 200 120
-1.5393 -2.3467 0.0460 80 200 120
-2.1469 -3.7454 0.2111 80 200 120
-3.3984 0.4059 0.0890 80 200 120
-0.9184 0.5941 0.8347 80 200 120
-3.2461 -0.2412 0.1362 80 200 120
-2.3587 0.2798 0.2334 80 200 120
3.3074 -4.3754 0.0230 80 200 120
-0.9084 -2.1228 0.5210 80 200 120
-1.6096 0.2465 -0.1598 80 200 120
0.2408 -1.6380 0.7385 80 200 120
-1.7629 0.9852 -0.1367 80 200 120
-1.0603 0.9231 0.1533 80 200 120
-0.4097 0.7365 0.4469 80 200 120
-0.1578 -1.3170 0.1377 80 200 120
-2.5001 -1.2662 1.0519 80 200 120
-1.9563 1.2860 0.0201 80 200 120
-3.6419 2.1850 0.7345 80 200 120
2.2652 -0.4394 0.1334 80 200 120
-1.9929 4.1832 0.3559 80 200 120
2.3857 0.4890 0.2536 80 200 120
-0.1048 0.0105 -0.1148 80 200 120
3.4143 1.8948 0.0136 80 200 120
1.0591 3.4767 -0.0410 80 200 120
0.7600 2.2970 -0.1015 80 200 120
-0.3978 0.8934 0.5211 80 200 120
1.5507 1.9540 -0.1373 80 200 120
3.0896 3.9480 1.4480 80 200 120
1.4165 0.5851 -0.1298 80 200 120
-1.0132 1.6729 0.9593 80 200 120
2.0267 1.0081 -0.1554 80 200 120
3.3868 4.0446 0.3931 80 200 120
-1.8328 2.2664 0.6710 80 200 120
-2.5194 0.5342 0.1487 80 200 120
3.2788 0.7125 0.2180 80 200 120
2.5250 0.3407 0.2703 80 200 120
0.9825 2.0165 -0.1341 80 200 120
3.3574 1.9950 0.6069 80 200 120
1.7734 0.6553 -0.0809 80 200 120
1.4338 2.7271 -0.2945 80 200 120
1.9401 0.0669 0.0052 80 200 120
-2.7514 -2.3631 1.4686 80 200 120
2.6649 -1.2844 0.1411 80 200 120
2.2246 -1.4150 -0.0713 80 200 120
2.6907 -0.5957 0.6058 80 200 120
2.9494 0.0541 0.5960 80 200 120
2.7946 -3.3463 0.0046 80 200 120
0.1727 0.9862 1.6353 80 200 120
0.4471 1.2027 1.5829 80 200 120
2.8500 3.6916 0.6532 80 200 120
-4.6232 13.4479 -7.8166 80 200 120
-0.1880 1.9647 0.4901 80 200 120
-0.8939 5.7668 -1.5223 80 200 120
-0.0403 0.6274 1.0698 80 200 120
3.4765 -3.1993 1.4900 80 200 120
-1.1393 -4.9344 3.1540 80 200 120
3.4020 -1.7295 3.1458 80 200 120
0.4290 -2.8548 3.1873 80 200 120
0.3860 -3.5762 2.3963 80 200 120
0.6664 -2.4418 2.8398 80 200 120
3.4850 -0.6302 2.9102 80 200 120
3.1968 1.8578 2.3077 80 200 120
2.2439 5.5334 -0.3081 80 200 120
3.3860 4.9091 -0.6292 80 200 120
3.0319 5.2451 -0.6219 80 200 120
-3.5197 -1.2502 3.0634 80 200 120
-1.6858 -1.0988 3.2316 80 200 120
-1.3122 1.4168 3.1677 80 200 120
-3.1408 0.4901 0.8585 80 200 120
-2.4814 -2.9707 1.5977 80 200 120
-2.5283 -4.1281 1.3957 80 200 120
-2.2831 -2.0191 1.3713 80 200 120
-2.6187 -3.5169 1.3481 80 200 120
-3.5275 -3.9074 2.1453 80 200 120
-3.4899 -5.7221 1.5961 80 200 120
-3.0939 -4.7672 2.7692 80 200 120
-2.7996 -2.7626 0.8933 80 200 120
-2.0804 0.3108 1.2090 80 200 120
1.0390 -2.3736 0.3849 80 200 120
-1.4728 -2.0972 0.0337 80 200 120
-2.1636 1.5742 0.4312 80 200 120
-2.8735 -1.2640 1.2317 80 200 120
-2.5718 -3.4405 1.3564 80 200 120
-2.7002 -1.9760 1.3270 80 200 120
-2.7403 -3.1547 1.4315 80 200 120
-0.1610 -4.7647 0.1090 80 200 120
1.7358 0.1100 0.1521 80 200 120
-1.1607 1.3328 0.8510 80 200 120
-2.7093 -4.4151 3.0586 80 200 120
0.3008 -3.2182 0.9454 80 200 120
-1.3949 -4.6791 3.0511 80 200 120
1.3113 -4.6810 3.1002 80 200 120
2.7487 -1.5263 0.0677 80 200 120
2.8921 -1.4700 0.4583 80 200 120
0.4962 0.8556 0.4260 80 200 120
-1.1273 0.4255 -0.0521 80 200 120
-1.3785 0.4960 -0.0362 80 200 120
2.4711 0.2427 -0.0789 80 200 120
2.6567 2.1597 -0.1643 80 200 120
3.3369 2.5510 1.7805 80 200 120
-0.9941 0.0600 -0.0494 80 200 120
3.4121 1.5699 0.5377 80 200 120
-3.6964 5.0642 -0.1393 80 200 120
2.5173 -0.1859 0.4883 80 200 120
-2.8515 1.9271 0.1153 80 200 120
-0.9319 1.7669 0.9373 80 200 120
-0.5115 3.4427 1.4721 80 200 120
3.2971 3.2667 2.0246 80 200 120
0.9792 4.3929 -0.2054 80 200 120
0.6994 1.3982 0.1344 80 200 120
3.4921 2.7153 1.4614 80 200 120
-0.6044 -1.8317 0.9631 80 200 120
0.2819 -1.6983 1.2005 80 200 120
2.9925 0.3451 0.5776 80 200 120
-0.2709 1.4488 1.1600 80 200 120
0.5580 -2.4255 -0.1522 80 200 120
0.1190 -0.0682 -0.0123 80 200 120
1.0632 1.9342 0.0068 80 200 120
1.1215 3.7702 0.5340 80 200 120
-0.0037 0.2046 1.1709 80 200 120
0.3910 0.3435 0.1095 80 200 120
0.3983 -2.4317 0.9310 80 200 120
4.0422 4.1700 2.7013 80 200 120
-1.1574 1.2820 -0.1628 80 200 120
0.2718 -3.5457 0.5484 80 200 120
3.6065 -3.3933 2.0695 80 200 120
0.4434 -3.2240 3.0019 80 200 120
-1.0795 -5.2124 1.6144 80 200 120
1.5209 -7.2424 -0.4769 80 200 120
0.8824 -3.1555 1.8906 80 200 120
3.4229 -0.2592 3.1251 80 200 120
-0.7926 3.4553 3.1855 80 200 120
3.4849 5.2479 3.1055 80 200 120
1.1183 2.3316 3.1729 80 200 120
3.9807 1.8145 1.3429 80 200 120
-2.4198 4.4892 2.9480 80 200 120
-0.0764 2.9319 2.6578 80 200 120
1.6661 5.2435 0.2694 80 200 120
0.1187 3.5700 2.2890 80 200 120
-3.1474 -0.3738 3.1506 80 200 120
-1.9810 -1.2894 3.2172 80 200 120
-2.5499 -1.3822 3.2529 80 200 120
-3.3740 1.6324 3.1051 80 200 120
-2.4521 -1.0410 1.3950 80 200 120
-2.6609 -1.2532 1.3461 80 200 120
-2.8614 0.7992 0.8884 80 200 120
-3.5044 -4.9842 1.6211 80 200 120
-1.9335 -5.0798 2.1341 80 200 120
-0.7121 -4.8175 2.8460 80 200 120
-2.7864 -4.0527 1.3227 80 200 120
-1.2634 0.8229 -0.2495 80 200 120
-1.2742 -1.6366 0.0381 80 200 120
0.1329 -0.0738 0.0015 80 200 120
-2.5360 -1.5459 1.2419 80 200 120
-0.7323 -2.8312 0.6802 80 200 120
3.2642 -2.7120 0.2106 80 200 120
-2.9611 -4.0941 2.7839 80 200 120
-0.0874 -0.0244 0.3977 80 200 120
2.8957 -2.0953 0.5092 80 200 120
-3.9985 2.9825 -0.4203 80 200 120
-1.0562 0.7475 0.8348 80 200 120
3.4513 -3.4877 0.1008 80 200 120
-2.6547 0.0166 -0.1286 80 200 120
2.6957 0.2281 0.5704 80 200 120
0.8516 0.2156 -0.0856 80 200 120
1.8683 2.5643 0.0776 80 200 120
1.3503 -0.2771 -0.0474 80 200 120
-3.0933 0.5374 0.7231 80 200 120
-2.5213 -2.3154 1.2715 80 200 120
0.6954 -2.3306 0.1874 80 200 120
-2.1733 -3.7166 0.1985 80 200 120
-3.1839 -2.9042 1.3696 80 200 120
-2.4546 -3.1494 -0.0987 80 200 120
2.5016 -0.8253 0.5686 80 200 120
0.7514 2.1653 -0.0105 80 200 120
2.6086 -1.2112 -0.1855 80 200 120
0.2659 -1.7347 1.0913 80 200 120
0.2445 -2.6186 0.9775 80 200 120
0.2921 -1.9185 1.0908 80 200 120
-1.6423 5.3328 -2.0117 80 200 120
0.0726 -0.2489 1.1465 80 200 120
2.2539 -4.8913 3.1030 80 200 120
3.5036 -3.1662 3.1092 80 200 120
3.4840 -3.9733 1.1589 80 200 120
2.9730 -5.0954 1.2403 80 200 120
3.5196 -4.2610 1.6716 80 200 120
3.4515 -2.1913 3.1825 80 200 120
3.1274 -4.9085 3.1430 80 200 120
3.6775 -4.5384 3.0729 80 200 120
1.0139 -3.3672 2.9263 80 200 120
2.7204 -1.5213 3.2183 80 200 120
0.4715 -3.1232 3.1224 80 200 120
0.7501 -2.5193 2.9760 80 200 120
2.0641 -2.5891 3.2279 80 200 120
2.3563 -2.5117 3.1697 80 200 120
1.4566 -3.0663 3.1831 80 200 120
3.6054 -2.8488 1.9020 80 200 120
2.5893 -2.1922 3.2248 80 200 120
3.6221 -3.7005 2.9421 80 200 120
1.9935 -3.1957 3.1984 80 200 120
3.5165 -4.8666 1.3825 80 200 120
0.2769 -3.4420 3.2180 80 200 120
-0.2702 -3.0901 3.3356 80 200 120
1.3983 -2.1348 3.2006 80 200 120
3.5879 -2.7557 2.8111 80 200 120
-0.2219 2.6086 3.0832 80 200 120
-0.2644 2.9219 2.9508 80 200 120
0.3902 2.3977 3.2327 80 200 120
2.3907 4.1753 2.8008 80 200 120
-0.0261 0.9883 1.9959 80 200 120
-3.3540 4.5680 1.9566 80 200 120
-3.1487 4.1751 3.1474 80 200 120
2.2473 3.3095 0.8381 80 200 120
3.4769 1.5865 1.9378 80 200 120
1.6491 4.5911 1.3475 80 200 120
-3.3159 3.9253 2.7457 80 200 120
-3.9824 -4.7792 0.1782 80 200 120
-3.5127 -2.8861 0.3033 80 200 120
-4.2578 1.0305 0.2908 80 200 120
-2.7150 -1.2414 1.0020 80 200 120
-3.1367 1.2051 0.8587 80 200 120
-2.8991 -5.0244 1.7976 80 200 120
-3.6563 1.8987 0.8967 80 200 120
-0.2329 -4.2688 3.0526 80 200 120
-0.7072 -5.0824 3.1951 80 200 120
0.3709 -20.8437 7.4734 80 200 120
-3.2999 -0.7932 0.9086 80 200 120
-3.6547 -1.9442 1.6669 80 200 120
-2.4513 -2.7859 0.4167 80 200 120
0.3015 0.0566 1.0204 80 200 120
2.4198 -0.3698 -0.0905 80 200 120
2.3647 -0.6617 0.0154 80 200 120
-2.1265 -5.1071 2.2924 80 200 120
2.6899 -1.2011 0.0588 80 200 120
2.9322 -3.0211 0.1088 80 200 120
2.9160 -1.4629 0.4365 80 200 120
2.7146 -1.6383 0.1085 80 200 120
3.0857 0.6489 -0.9000 80 200 120
0.3806 -3.7827 2.9885 80 200 120
-2.5220 0.5426 1.0352 80 200 120
3.5245 -0.7956 0.1983 80 200 120
-2.7773 -1.8287 1.1743 80 200 120
1.8879 -0.1040 0.0951 80 200 120
3.5041 -4.7799 0.3124 80 200 120
2.0505 -0.7864 -0.0477 80 200 120
2.7722 3.6020 2.9346 80 200 120
-3.1857 3.6361 0.0387 80 200 120
-1.1666 1.2487 0.8641 80 200 120
0.3356 0.6417 0.8821 80 200 120
-0.4608 -0.4331 -0.0525 80 200 120
2.5167 -1.1647 0.7526 80 200 120
0.4470 -2.4971 -0.0283 80 200 120
2.3273 -0.3753 0.0189 80 200 120
-0.8652 5.8574 -0.9131 80 200 120
-2.8185 -2.9496 1.2660 80 200 120
2.5979 0.3174 0.2306 80 200 120
-0.1938 -4.0938 0.5085 80 200 120
3.5522 -4.7858 2.1012 80 200 120
-1.7180 -4.8385 2.1869 80 200 120
3.5479 -1.6033 2.7336 80 200 120
2.1861 -5.1274 2.7694 80 200 120
3.5917 -1.2580 2.9668 80 200 120
3.1474 -4.9414 0.0958 80 200 120
3.5516 -0.4244 3.1384 80 200 120
3.6633 -4.4407 0.2517 80 200 120
1.7464 -5.9435 -0.0049 80 200 120
3.5711 -2.6128 2.5572 80 200 120
-0.8672 -2.4134 3.2632 80 200 120
3.3196 -2.3351 1.3948 80 200 120
3.5361 -3.4070 2.4817 80 200 120
3.5455 -2.1590 1.9488 80 200 120
3.5535 -1.5437 2.9692 80 200 120
-0.2734 2.8177 3.0435 80 200 120
2.3121 4.7919 3.0086 80 200 120
3.4810 1.0537 3.1670 80 200 120
3.4949 0.5099 2.1860 80 200 120
2.3605 6.0604 -0.5573 80 200 120
1.2843 4.9836 0.0229 80 200 120
-3.4203 -3.2424 3.0692 80 200 120
-3.5153 -0.0981 1.8474 80 200 120
-3.5293 1.3088 3.0103 80 200 120
-3.5432 0.4547 2.1957 80 200 120
-2.2105 -3.0285 0.9625 80 200 120
-3.8471 3.3868 1.4200 80 200 120
-3.6279 -1.5381 2.0213 80 200 120
-0.7966 -5.1206 2.8886 80 200 120
0.3630 -8.2729 3.6817 80 200 120
-0.3920 -8.3295 4.3378 80 200 120
-1.0987 -4.6320 2.2203 80 200 120
0.6825 -2.3805 0.1098 80 200 120
-1.0371 -4.7628 0.0227 80 200 120
-0.1228 0.0687 0.5751 80 200 120
2.5860 -3.3567 0.0078 80 200 120
2.4440 -1.0426 0.6254 80 200 120
2.8330 -1.7693 0.5626 80 200 120
0.3693 0.2451 0.3664 80 200 120
2.4540 -0.8012 0.5872 80 200 120
-1.7072 1.6483 -0.6075 80 200 120
-3.9902 -5.7367 3.2518 80 200 120
0.3124 -2.9633 0.8989 80 200 120
-1.8857 -5.6331 3.1816 80 200 120
-2.9878 1.9415 0.5754 80 200 120
-3.0234 0.3929 -0.0033 80 200 120
2.6792 0.0645 0.6174 80 200 120
-2.7486 0.9758 0.0866 80 200 120
-0.1747 0.8035 0.7019 80 200 120
1.8678 -0.2009 -0.1607 80 200 120
0.2827 -1.7201 1.1433 80 200 120
0.0742 6.2656 -0.5507 80 200 120
0.2801 -1.7082 1.1402 80 200 120
0.4634 -2.5828 0.3753 80 200 120
0.2885 -2.2877 1.1410 80 200 120
0.8082 -2.6453 0.1844 80 200 120
1.3122 -4.0678 2.5198 80 200 120
3.3712 -3.4094 0.7176 80 200 120
3.5454 -3.9187 0.6075 80 200 120
3.6574 -3.3499 0.9761 80 200 120
3.4997 -2.0089 2.4608 80 200 120
3.5723 -2.8870 3.1872 80 200 120
1.9580 -1.1936 3.2340 80 200 120
3.5081 -3.6343 2.2092 80 200 120
1.0865 -4.3052 1.3395 80 200 120
3.4348 0.0779 3.1710 80 200 120
3.5414 -0.6671 2.9029 80 200 120
3.5273 -4.1621 2.2586 80 200 120
0.9794 -3.5418 1.9327 80 200 120
3.4789 -2.8626 1.4522 80 200 120
1.7796 -1.7880 3.2011 80 200 120
0.1684 2.4217 3.1806 80 200 120
-0.2598 2.6079 3.1435 80 200 120
3.0226 4.0105 2.1727 80 200 120
2.0366 2.8018 0.6495 80 200 120
-3.0054 4.6787 1.9272 80 200 120
3.5784 0.4387 1.8683 80 200 120
-1.5821 4.8355 2.4473 80 200 120
3.5557 0.2012 2.8336 80 200 120
-2.1859 4.4439 1.2919 80 200 120
-3.4844 -2.5567 3.1264 80 200 120
-3.6752 0.8685 2.1703 80 200 120
-2.6276 4.9195 2.9772 80 200 120
-2.5256 -2.0937 1.2470 80 200 120
-2.2544 -1.2485 1.5355 80 200 120
-3.1078 -4.6020 1.7288 80 200 120
-1.4461 -5.1578 2.7511 80 200 120
-3.0812 3.6836 2.6318 80 200 120
-2.8444 -0.2569 0.9946 80 200 120
-2.5309 -4.2307 0.4108 80 200 120
-0.1692 -2.5852 1.1528 80 200 120
2.5525 -1.1951 0.7387 80 200 120
0.3079 -0.0223 1.1166 80 200 120
0.9026 -2.8828 1.1281 80 200 120
2.2638 0.0863 0.1809 80 200 120
-3.4162 1.7109 0.8486 80 200 120
-3.3803 2.8476 0.8007 80 200 120
-2.9158 2.2619 0.2357 80 200 120
-2.8170 0.9874 0.3850 80 200 120
-2.5978 4.3092 0.2235 80 200 120
-3.1132 -0.4753 0.2071 80 200 120
-1.5308 1.6274 0.8594 80 200 120
2.5622 -1.1917 0.1660 80 200 120
2.6054 -1.1784 0.6779 80 200 120
2.5361 -1.0122 0.5140 80 200 120
-0.6906 -2.1175 0.8693 80 200 120
2.8838 -1.4575 0.4407 80 200 120
3.4128 1.2480 1.1109 80 200 120
-0.8202 1.4826 0.8079 80 200 120
-0.8719 1.8990 0.6691 80 200 120
-0.6004 3.6159 0.8027 80 200 120
-0.1100 0.1020 0.9207 80 200 120
0.3698 -2.6518 0.8827 80 200 120
-0.0691 -0.0495 0.8209 80 200 120
0.4971 3.7550 0.0814 80 200 120
0.2939 -3.0636 1.1236 80 200 120
2.7901 2.2300 2.6611 80 200 120
-0.6889 0.6213 0.5859 80 200 120
-0.4958 2.0694 0.8334 80 200 120
-0.1381 0.6187 0.8899 80 200 120
2.9133 -1.5552 0.5181 80 200 120
3.5047 -4.9197 0.8720 80 200 120
3.0672 -5.3990 -0.1831 80 200 120
4.1183 -5.4826 -0.1494 80 200 120
0.4393 -2.5289 2.5016 80 200 120
0.4230 -2.8460 2.6068 80 200 120
0.2392 3.0122 3.1137 80 200 120
1.5521 4.2426 -0.1417 80 200 120
1.0024 2.2747 3.0246 80 200 120
-3.5351 3.5882 3.1947 80 200 120
3.5234 -0.4836 3.1886 80 200 120
-0.5790 3.7663 0.8181 80 200 120
3.3172 3.0866 0.1001 80 200 120
-3.4587 2.7693 3.1416 80 200 120
3.5818 11.0466 -2.7296 80 200 120
-3.4854 -3.7721 3.0936 80 200 120
-3.5609 -1.5930 2.6383 80 200 120
-3.6456 0.1824 2.8360 80 200 120
-3.0331 -2.9807 3.2275 80 200 120
-3.1801 -4.3735 3.0825 80 200 120
-3.7552 0.2234 1.5444 80 200 120
-1.2385 -2.7661 1.6057 80 200 120
-2.4289 -5.5786 0.9737 80 200 120
-1.2954 -5.0421 2.2080 80 200 120
-0.5837 -5.0262 3.2095 80 200 120
-3.5758 -4.1220 2.7411 80 200 120
-3.5222 -2.7141 1.7218 80 200 120
-2.7014 -4.2941 2.3222 80 200 120
-2.6533 -4.2827 1.2107 80 200 120
-2.5781 -2.4857 0.1000 80 200 120
0.3495 -2.4916 0.7952 80 200 120
-3.3883 0.4741 0.0217 80 200 120
-3.4949 -0.0466 -0.0120 80 200 120
-1.3297 1.1801 -0.1096 80 200 120
-3.6883 1.3839 0.3837 80 200 120
2.6109 -2.2979 -0.0689 80 200 120
3.5132 -2.7852 -0.0045 80 200 120
-2.9938 0.7270 0.2095 80 200 120
-2.9831 1.4991 0.3255 80 200 120
-0.8028 1.2613 0.9335 80 200 120
-2.8767 -0.7111 0.4530 80 200 120
0.3511 0.3407 0.7967 80 200 120
-0.1200 2.1124 1.0145 80 200 120
0.6933 -2.3544 0.1692 80 200 120
3.0464 -0.5146 0.5876 80 200 120
2.9005 -0.8536 0.6472 80 200 120
-2.2625 -2.9850 0.0781 80 200 120
0.2912 -2.2529 1.1953 80 200 120
0.3318 -2.6649 0.3366 80 200 120
0.2742 -1.7297 1.0896 80 200 120
0.1447 -4.2742 -0.5268 80 200 120
-0.3530 14.4351 -3.9254 80 200 120
-0.8039 -4.9684 2.8865 80 200 120
1.9669 -5.0373 0.5843 80 200 120
3.8059 -0.9857 2.4159 80 200 120
3.5343 -4.2959 2.7079 80 200 120
0.6672 -2.4294 2.8158 80 200 120
3.6869 -1.0440 2.7916 80 200 120
2.7465 -1.6977 3.2546 80 200 120
2.5041 -1.2594 3.2240 80 200 120
-1.2555 -4.9068 2.2378 80 200 120
3.7540 -3.6980 0.4783 80 200 120
2.9816 2.9153 3.0190 80 200 120
0.0849 3.8070 0.4356 80 200 120
3.4467 1.1230 1.8575 80 200 120
1.1242 5.3448 1.8433 80 200 120
-0.9522 4.6301 3.0477 80 200 120
3.0632 1.4123 2.5271 80 200 120
3.1089 5.3661 0.8742 80 200 120
3.5817 2.0156 2.0457 80 200 120
3.6570 0.4500 1.8391 80 200 120
2.8681 4.9186 2.2585 80 200 120
0.6493 5.2693 0.8848 80 200 120
-1.5640 4.4872 0.9213 80 200 120
-3.4211 2.9607 1.5476 80 200 120
-1.3442 -4.9573 2.7745 80 200 120
0.0020 -4.5939 3.3703 80 200 120
-3.3835 -0.2423 2.2918 80 200 120
-3.3389 -0.1354 0.7851 80 200 120
-3.5576 -3.4350 1.8731 80 200 120
0.4416 -2.0240 2.7566 80 200 120
-2.5109 -1.7745 1.3666 80 200 120
-2.8185 -3.3440 1.4551 80 200 120
-2.3720 -1.2789 1.4867 80 200 120
-3.2140 -1.9619 1.3993 80 200 120
-0.9168 -3.8791 0.3795 80 200 120
0.4324 -2.5579 0.2864 80 200 120
2.9896 -2.0148 0.3784 80 200 120
-1.3739 1.0897 0.2750 80 200 120
2.9308 -1.7771 0.4587 80 200 120
2.9030 -1.5346 0.5264 80 200 120
2.3261 -0.6282 0.0576 80 200 120
-3.2216 2.8692 0.4850 80 200 120
-3.4589 1.5234 0.9024 80 200 120
-2.9593 1.4195 0.2961 80 200 120
-0.0227 -0.5433 -0.0778 80 200 120
-0.2180 -1.0476 0.2042 80 200 120
2.6829 4.0134 0.4303 80 200 120
-1.7950 -3.4850 0.5289 80 200 120
2.5039 2.9072 2.9328 80 200 120
-2.3264 -2.2241 1.3667 80 200 120
-2.7588 -2.0387 1.2755 80 200 120
-1.0036 -2.9597 0.3961 80 200 120
-0.6037 -1.7916 0.9314 80 200 120
3.2625 -0.0217 0.4544 80 200 120
-3.0301 -2.5416 0.3162 80 200 120
-2.4141 -2.6950 0.0569 80 200 120
-0.6058 -3.0771 0.9086 80 200 120
0.7350 1.3298 0.2387 80 200 120
2.2791 2.3416 0.3552 80 200 120
3.0833 2.8473 0.3027 80 200 120
-1.0538 3.2902 0.5882 80 200 120
-1.7597 1.0671 -0.1344 80 200 120
0.0017 -0.1774 0.7723 80 200 120
0.1747 0.0151 1.2797 80 200 120
-0.6403 2.3939 0.0311 80 200 120
-1.1857 0.9859 0.1406 80 200 120
-0.2866 3.0520 0.1603 80 200 120
-0.5970 3.8184 0.7321 80 200 120
1.4947 3.3776 -0.4390 80 200 120
0.5561 3.0818 0.3427 80 200 120
0.9823 -3.6307 1.0037 80 200 120
0.9391 -3.2438 0.8048 80 200 120
3.2665 3.3651 1.4139 80 200 120
2.5694 1.6706 -0.0038 80 200 120
3.5775 -4.8538 2.6240 80 200 120
2.3358 -5.0330 0.3682 80 200 120
-0.1604 -5.0741 1.4614 80 200 120
-0.3204 -4.2969 2.5446 80 200 120
3.5990 -1.3141 2.3568 80 200 120
3.2737 -4.7462 1.1072 80 200 120
1.9922 -5.0480 1.7450 80 200 120
3.6265 -3.5970 1.0367 80 200 120
3.6670 -3.5973 3.2557 80 200 120
4.0758 -5.3968 -0.0996 80 200 120
3.5254 -3.2161 1.0766 80 200 120
1.1051 4.4350 -0.2512 80 200 120
1.8452 2.7797 0.3830 80 200 120
3.4142 0.4679 3.1445 80 200 120
-2.8792 5.1512 0.5437 80 200 120
1.2616 4.1340 0.3862 80 200 120
1.8102 3.6875 0.5095 80 200 120
-0.3112 3.1731 1.4901 80 200 120
-1.8956 4.8873 1.6887 80 200 120
2.9652 4.0969 -0.1038 80 200 120
0.8599 4.5408 0.1116 80 200 120
0.0937 3.1688 1.1569 80 200 120
-2.9662 0.1580 3.3085 80 200 120
-2.9474 -4.6874 3.0837 80 200 120
-0.7496 -5.9764 2.0501 80 200 120
-2.5508 -1.0658 1.3584 80 200 120
-3.4249 2.2012 3.1415 80 200 120
-6.6614 8.7764 2.6375 80 200 120
-3.1185 -4.3878 0.4400 80 200 120
-3.4505 -0.9817 3.1807 80 200 120
-2.3122 -5.6461 2.0607 80 200 120
0.1933 -1.5868 0.7681 80 200 120
0.8568 -2.6948 1.0847 80 200 120
0.9032 -2.8640 1.5728 80 200 120
-2.9816 -4.6572 3.0939 80 200 120
2.5155 -1.1653 -0.0849 80 200 120
-2.5619 -4.9475 0.1418 80 200 120
2.5664 -1.1106 0.5086 80 200 120
0.6616 -2.2994 0.3869 80 200 120
2.4721 -1.1955 0.2807 80 200 120
-0.9522 -2.3377 0.4664 80 200 120
-0.3359 3.2041 0.4432 80 200 120
0.2797 -3.1274 0.5265 80 200 120
0.7579 -2.4559 0.5573 80 200 120
-1.0353 3.7644 0.7367 80 200 120
-0.1442 0.1987 0.8459 80 200 120
-0.2176 2.6007 0.1583 80 200 120
-0.9559 2.3173 0.5949 80 200 120
3.5583 -3.2432 1.4097 80 200 120
-0.3715 -1.6281 0.1604 80 200 120
1.0402 4.1205 -0.0918 80 200 120
0.7596 -2.4784 0.4953 80 200 120
1.3216 5.1405 -0.0847 80 200 120
3.1392 -1.2830 3.1456 80 200 120
0.7336 -2.3914 3.1934 80 200 120
-0.1372 -5.5511 2.2213 80 200 120
3.5101 -2.8145 1.1466 80 200 120
0.8228 -2.6770 3.1181 80 200 120
-0.1775 -8.8327 1.0060 80 200 120
0.8345 -2.6891 2.9452 80 200 120
3.3719 -2.3130 1.4523 80 200 120
1.2042 -3.5605 3.1111 80 200 120
3.3144 -3.0933 1.5350 80 200 120
1.8419 -0.5111 3.2093 80 200 120
1.8428 -5.4366 0.8172 80 200 120
4.1695 -5.0190 0.3971 80 200 120
2.0682 3.0046 0.8148 80 200 120
3.2608 4.5288 0.3285 80 200 120
-0.8252 2.7387 1.1589 80 200 120
-3.2053 4.6389 1.3465 80 200 120
3.5958 0.6860 1.6104 80 200 120
-2.7653 -3.6465 1.2487 80 200 120
-2.6870 -3.8779 1.4795 80 200 120
2.0964 -3.8582 0.2679 80 200 120
0.4190 -2.3926 0.3239 80 200 120
-2.6555 -4.6691 2.5027 80 200 120
-2.3890 -1.8424 0.8260 80 200 120
1.7137 -1.2192 -0.0309 80 200 120
0.3979 -3.5000 2.9209 80 200 120
2.6499 0.3919 -0.3398 80 200 120
2.3161 -0.4161 0.0627 80 200 120
0.4046 -2.1258 1.7111 80 200 120
2.6867 -1.2264 0.0455 80 200 120
0.2867 -2.2541 1.1984 80 200 120
2.3598 -0.6691 0.0100 80 200 120
0.2557 -1.9582 0.9537 80 200 120
2.7891 -1.1877 0.6119 80 200 120
-3.0059 1.9733 0.5621 80 200 120
0.3952 0.3159 0.3010 80 200 120
-0.1715 -0.3039 -0.0990 80 200 120
3.3096 3.2460 0.0375 80 200 120
-0.7354 2.0631 0.7261 80 200 120
-3.3971 -4.4628 1.3261 80 200 120
-3.2207 -4.5771 1.1331 80 200 120
-2.6462 -2.3148 1.2254 80 200 120
-2.6330 -4.3117 0.2683 80 200 120
-2.2573 -3.8390 0.1200 80 200 120
-2.9636 -2.9851 1.2026 80 200 120
-2.9277 -1.7903 1.2282 80 200 120
-3.2407 -1.5346 1.0934 80 200 120
-2.7095 -4.2965 1.0458 80 200 120
-2.8393 -3.6374 1.2309 80 200 120
-3.1255 -2.1717 1.1739 80 200 120
-0.6826 -3.1650 0.7923 80 200 120
2.5438 3.4004 0.3447 80 200 120
2.8556 -0.3880 0.7054 80 200 120
2.5665 -0.4239 0.5200 80 200 120
-0.4729 -0.4184 -0.0434 80 200 120
2.7908 2.4972 3.0354 80 200 120
-1.2434 6.6927 -0.0579 80 200 120
-0.4180 1.6686 0.2010 80 200 120
-0.5109 4.2855 0.2548 80 200 120
0.2583 -3.2214 0.9855 80 200 120
-0.7041 1.3346 0.8968 80 200 120
0.2985 -2.9632 0.8935 80 200 120
2.9948 -2.2022 0.4455 80 200 120
2.7413 -1.6272 0.0810 80 200 120
0.2844 -3.8316 0.7841 80 200 120
0.2593 -2.0121 1.1410 80 200 120
-1.0353 0.3296 0.0241 80 200 120
0.5628 6.1907 -0.4822 80 200 120
-0.2008 0.4486 0.8660 80 200 120
-0.6579 2.8712 0.3155 80 200 120
2.5160 -5.0344 2.0588 80 200 120
3.5105 -0.8388 3.1396 80 200 120
2.8848 -4.0715 3.2656 80 200 120
0.0842 -3.7512 3.1895 80 200 120
-1.8270 -5.4034 3.1369 80 200 120
3.4339 -3.4100 3.1889 80 200 120
2.2333 -0.2679 3.1932 80 200 120
3.4866 -4.7486 0.3187 80 200 120
3.7742 -5.3712 0.7836 80 200 120
1.6974 -5.1384 1.8626 80 200 120
2.5148 -5.5122 0.1395 80 200 120
2.2880 -5.0578 1.4777 80 200 120
1.5892 -3.7305 3.1653 80 200 120
3.5805 -3.0892 2.1426 80 200 120
2.0603 -2.2124 3.2281 80 200 120
3.0814 2.7480 2.7199 80 200 120
1.2176 3.8170 0.5980 80 200 120
-3.4410 2.7150 3.1597 80 200 120
3.4441 0.1267 3.1853 80 200 120
1.8808 -0.4906 3.2317 80 200 120
-3.5231 -2.4005 2.8186 80 200 120
-2.9867 -2.4364 1.1020 80 200 120
-0.1639 -7.2220 2.8202 80 200 120
-2.7658 -1.2179 1.5320 80 200 120
-2.5708 -4.1752 1.3526 80 200 120
-2.1386 -5.1253 1.1280 80 200 120
-1.0294 -4.3382 3.2641 80 200 120
-1.1687 -3.8232 0.2571 80 200 120
-2.2477 -4.9120 1.6692 80 200 120
0.9686 -2.7716 1.4075 80 200 120
2.2832 -2.8679 -0.0819 80 200 120
-2.8416 -4.4376 0.6798 80 200 120
-1.3536 1.1741 -0.1224 80 200 120
2.9659 -4.4175 0.4351 80 200 120
3.3770 -4.3050 0.0342 80 200 120
-1.4988 -4.9089 3.0756 80 200 120
-3.3537 -2.1008 1.1204 80 200 120
-0.0619 -0.1197 0.4980 80 200 120
3.3824 -3.4542 0.1262 80 200 120
2.5198 -0.7545 0.4994 80 200 120
-2.4610 -1.1038 0.1381 80 200 120
1.8477 0.2424 -0.0734 80 200 120
0.3685 0.0530 0.1502 80 200 120
0.3287 -0.0402 0.1418 80 200 120
-0.0199 5.1610 -0.1215 80 200 120
-0.0487 -0.0915 0.5487 80 200 120
-0.9344 0.8537 -0.0750 80 200 120
3.4388 0.4390 2.1916 80 200 120
-0.3818 -0.0200 -0.0594 80 200 120
0.2745 -2.3343 1.0487 80 200 120
-0.3517 -5.1460 3.2367 80 200 120
0.9102 -2.9928 2.4826 80 200 120
1.5625 -4.5419 1.2332 80 200 120
3.6686 -2.2559 1.8791 80 200 120
3.5301 -3.8972 2.7876 80 200 120
3.4037 -2.4373 1.9714 80 200 120
0.4240 -2.8872 2.7253 80 200 120
-1.1682 -4.4936 3.3433 80 200 120
3.3199 -3.7225 3.1929 80 200 120
3.7679 3.1172 1.4188 80 200 120
-3.1717 3.4220 1.3415 80 200 120
-2.6371 -2.0083 1.3370 80 200 120
-2.3237 -3.0625 0.9331 80 200 120
-2.4040 -1.2218 1.2494 80 200 120
-0.9945 -4.9482 1.7176 80 200 120
-0.8387 -4.1066 2.3184 80 200 120
-0.4091 -4.6653 2.2122 80 200 120
-0.9547 -1.8893 0.4438 80 200 120
-0.7161 -2.3658 0.5394 80 200 120
-2.1326 -1.5521 0.1970 80 200 120
-2.1810 -1.8512 0.2156 80 200 120
-3.3889 0.4949 0.0159 80 200 120
-3.6820 -2.4202 1.1634 80 200 120
2.8247 -0.9061 0.7265 80 200 120
-0.0788 -0.0314 0.7730 80 200 120
-2.2003 1.2485 -0.0908 80 200 120
-2.5167 -0.9877 0.3190 80 200 120
-2.8739 -1.6711 1.2664 80 200 120
2.2855 -0.4056 0.0755 80 200 120
2.4812 -1.2145 0.2463 80 200 120
0.2585 -1.7180 1.0214 80 200 120
0.6777 -2.3666 0.1576 80 200 120
0.4388 -2.4624 0.4926 80 200 120
0.3140 -2.4725 1.1444 80 200 120
2.4544 -0.1374 0.2119 80 200 120
2.1255 3.2117 0.4098 80 200 120
0.3093 0.3860 0.4995 80 200 120
2.8300 -2.1951 0.0661 80 200 120
-0.8114 2.0290 0.7613 80 200 120
-1.0422 0.8061 0.2881 80 200 120
-0.3379 3.3454 0.2408 80 200 120
0.3031 -2.8755 1.2845 80 200 120
-1.5362 9.9075 -1.9378 80 200 120
-1.2992 1.0467 0.5089 80 200 120
0.2746 -1.9183 0.9829 80 200 120
-0.0836 -0.0312 0.8464 80 200 120
-2.1594 0.7443 -0.2216 80 200 120
3.6984 0.6974 3.1940 80 200 120
3.5207 -3.6364 1.7228 80 200 120
3.0120 -5.0430 1.6575 80 200 120
0.3526 -2.8749 2.8569 80 200 120
3.5423 -3.2395 1.4247 80 200 120
3.4631 -4.8778 0.9493 80 200 120
2.9075 -5.0977 1.2731 80 200 120
3.5319 -4.7969 1.3986 80 200 120
1.9780 -0.3879 3.2623 80 200 120
3.3338 -4.2538 0.7940 80 200 120
2.6728 -4.8662 0.7419 80 200 120
0.4335 4.0325 2.1506 80 200 120
-3.4664 4.4216 0.7854 80 200 120
-3.4323 2.9965 1.4987 80 200 120
1.9500 4.6394 0.0867 80 200 120
-0.6173 2.4010 1.3265 80 200 120
3.8559 6.1555 -1.0827 80 200 120
0.3178 5.6261 -0.1849 80 200 120
-3.3917 2.5406 2.2260 80 200 120
-1.2806 3.5611 1.1667 80 200 120
3.5635 0.4198 1.8834 80 200 120
-2.7458 -2.6681 1.1432 80 200 120
-3.9144 -0.0972 1.4776 80 200 120
-3.1976 -4.6902 1.6760 80 200 120
-2.6252 -3.3666 1.1279 80 200 120
-2.8386 -4.5217 0.7028 80 200 120
2.8460 -2.0311 -0.0305 80 200 120
0.3751 -3.6190 1.0879 80 200 120
0.0344 -2.3041 1.1336 80 200 120
2.5817 0.3593 -0.2666 80 200 120
3.3690 -2.7708 0.1409 80 200 120
-3.4360 3.2924 0.5568 80 200 120
-2.2339 0.2620 -0.0627 80 200 120
-2.6323 -1.0610 0.5378 80 200 120
-0.2718 0.8637 0.4971 80 200 120
-2.8276 -4.4004 0.1872 80 200 120
-2.5407 -3.3925 1.3668 80 200 120
-2.3381 -3.9634 0.0055 80 200 120
-2.5512 -2.7658 1.3636 80 200 120
-2.8514 -2.7600 1.4661 80 200 120
-2.6871 -3.9133 1.4612 80 200 120
-2.8932 -3.3593 1.4354 80 200 120
-2.0583 -3.2889 0.2813 80 200 120
0.3198 -2.0796 0.6476 80 200 120
0.4406 -2.4350 0.0227 80 200 120
-0.8841 -3.7325 0.4768 80 200 120
0.2755 -2.2435 1.2123 80 200 120
0.3118 -2.7926 1.2260 80 200 120
-0.3806 3.5135 0.3382 80 200 120
-2.6693 -1.4068 1.3502 80 200 120
2.6287 0.7931 -0.0521 80 200 120
0.4560 -2.6313 0.1052 80 200 120
0.2448 -1.7266 0.9707 80 200 120
1.3605 0.7183 -0.0522 80 200 120
0.3605 -2.8064 0.6845 80 200 120
-0.2265 -1.6179 0.4975 80 200 120
-0.1594 0.2894 0.7807 80 200 120
0.3630 -2.7953 0.2686 80 200 120
-0.6380 1.1681 0.9852 80 200 120
2.4462 -5.0533 0.7561 80 200 120
3.6120 -2.2434 2.7861 80 200 120
2.3729 0.0175 3.1626 80 200 120
3.8211 -3.7170 0.3870 80 200 120
3.8091 -4.1038 0.2841 80 200 120
3.5628 -0.5768 2.8738 80 200 120
2.5004 -2.6147 3.1937 80 200 120
3.5239 -3.8507 1.9608 80 200 120
0.8132 -2.5560 2.9831 80 200 120
3.5893 -1.2534 2.3910 80 200 120
2.2420 -5.2530 0.8717 80 200 120
3.3740 -0.8320 2.7477 80 200 120
3.5097 -2.8892 1.3636 80 200 120
3.6535 -1.0024 2.4357 80 200 120
2.5137 -5.1108 2.6470 80 200 120
3.5298 -1.9504 2.3771 80 200 120
1.6313 2.3644 0.8072 80 200 120
1.4210 2.5361 0.5491 80 200 120
3.2521 3.9405 2.6802 80 200 120
-1.4314 3.2511 0.6872 80 200 120
5.8599 9.9616 1.6622 80 200 120
2.3915 4.9331 1.9471 80 200 120
-3.5557 1.2517 3.0661 80 200 120
-2.4586 -3.2220 1.6047 80 200 120
-2.8337 1.9055 2.2701 80 200 120
-3.6681 -3.9037 2.0801 80 200 120
0.0251 -5.4025 2.7555 80 200 120
-0.1164 -3.5143 3.2342 80 200 120
-1.8398 -5.1370 1.6359 80 200 120
-3.4538 -0.7689 1.7843 80 200 120
-3.5092 -1.4388 1.3211 80 200 120
-2.7361 -1.5855 1.2922 80 200 120
-2.2938 -3.0779 0.8561 80 200 120
-1.3020 -5.0812 2.1896 80 200 120
-0.3515 -5.2405 3.1904 80 200 120
-3.4881 -0.1936 2.4266 80 200 120
-1.3120 0.6714 3.2348 80 200 120
-3.6152 -2.3606 1.9105 80 200 120
-1.3155 -1.8056 -0.0352 80 200 120
-3.0771 -0.8978 0.3725 80 200 120
-2.5974 -2.7411 0.5392 80 200 120
2.5601 -1.1306 0.6435 80 200 120
3.0368 -3.0946 0.0161 80 200 120
1.8274 0.1770 -0.0555 80 200 120
-0.0811 -0.0839 0.4346 80 200 120
-2.9439 -4.9964 2.4841 80 200 120
-0.5387 -2.9928 0.9024 80 200 120
2.4939 -0.8749 0.6413 80 200 120
2.1018 -0.8052 -0.0531 80 200 120
1.9010 -0.1046 0.0723 80 200 120
1.5143 -2.8211 0.9868 80 200 120
3.3504 -2.3845 0.1240 80 200 120
2.2623 -0.5915 0.7905 80 200 120
-1.2171 0.6642 -0.1457 80 200 120
-1.5733 0.7938 -0.0691 80 200 120
0.3220 -0.0011 0.0755 80 200 120
0.4901 0.4540 0.6969 80 200 120
-2.3206 -1.4246 0.0961 80 200 120
2.4518 -1.2462 0.2912 80 200 120
2.5056 -1.1254 0.6605 80 200 120
-2.0288 -3.6677 1.3568 80 200 120
3.1004 -0.7977 0.4765 80 200 120
2.5899 -0.5107 0.5215 80 200 120
1.0155 -0.1747 -0.1064 80 200 120
0.8330 -2.6170 1.2479 80 200 120
0.2862 -2.4825 1.1134 80 200 120
-1.1482 0.9455 0.1312 80 200 120
1.7592 3.9688 0.3483 80 200 120
0.2875 -3.0281 0.7779 80 200 120
2.8835 2.2922 2.6386 80 200 120
3.4362 0.1294 2.7360 80 200 120
3.5816 -2.4480 2.9020 80 200 120
1.0190 -2.8860 2.8272 80 200 120
2.8145 -5.1058 0.9169 80 200 120
3.5328 -2.1592 2.4325 80 200 120
3.5133 -3.7809 1.4584 80 200 120
3.5379 -2.4671 1.9061 80 200 120
-2.0060 -8.0837 3.1340 80 200 120
3.7118 -3.3094 0.9627 80 200 120
3.5776 -2.1818 2.1523 80 200 120
3.6514 2.6451 1.9094 80 200 120
-2.4501 4.1671 0.2129 80 200 120
-0.3047 3.2123 0.3571 80 200 120
2.2323 3.0201 0.7693 80 200 120
1.2857 4.3460 0.2978 80 200 120
-0.8932 2.8364 0.7710 80 200 120
3.6203 2.2307 0.4581 80 200 120
3.0330 2.5297 0.4386 80 200 120
-2.5282 -2.7772 1.3318 80 200 120
-2.4301 -2.9621 1.4620 80 200 120
-2.6458 -5.0870 2.2240 80 200 120
-3.5242 -3.8977 1.6741 80 200 120
-2.8558 -2.3788 1.1466 80 200 120
-2.3676 -3.4909 1.1107 80 200 120
-3.2251 -2.8605 0.6642 80 200 120
-2.3631 -2.0498 1.3118 80 200 120
-1.9962 -3.5134 1.0967 80 200 120
-0.1544 0.1700 0.5141 80 200 120
-1.2668 -4.7713 2.8521 80 200 120
3.2100 -2.6523 -0.0234 80 200 120
-0.5922 0.4215 -0.1148 80 200 120
-2.3592 -4.2052 3.0077 80 200 120
-2.8611 -2.0466 1.2253 80 200 120
0.2664 -2.3139 1.0217 80 200 120
0.3561 -0.0097 0.5400 80 200 120
0.3078 -2.6693 0.8630 80 200 120
-2.9168 -1.1852 1.2485 80 200 120
0.4754 -3.0092 1.4217 80 200 120
3.5577 -3.9222 0.5037 80 200 120
-0.1143 0.2420 0.3772 80 200 120
-2.2989 -1.8121 0.0342 80 200 120
0.2704 -1.7178 0.9986 80 200 120
0.4439 -2.5379 0.4445 80 200 120
0.2584 -2.3602 0.9682 80 200 120
3.2439 1.6600 0.1001 80 200 120
-2.3784 -3.9468 -0.0329 80 200 120
2.9297 0.3922 0.5142 80 200 120
-0.7946 -3.6181 0.5585 80 200 120
2.3649 -0.6729 0.0882 80 200 120
-1.5511 -3.3932 -0.0378 80 200 120
-2.4820 -2.2812 1.3112 80 200 120
2.2564 -0.4162 0.0657 80 200 120
-0.6588 -1.7279 0.7944 80 200 120
1.1842 -0.0830 -0.0371 80 200 120
1.7897 -0.7453 -0.0250 80 200 120
1.9498 2.8792 0.3557 80 200 120
1.6249 -3.3935 0.0125 80 200 120
0.1982 2.5294 0.8100 80 200 120
-0.7935 4.8645 0.4317 80 200 120
-0.1182 0.1279 0.5054 80 200 120
-0.9268 3.4895 1.0133 80 200 120
-0.7515 1.8079 0.8694 80 200 120
3.4504 3.6974 3.1943 80 200 120
-0.2190 0.6426 0.5659 80 200 120
0.2601 -2.3514 0.9407 80 200 120
-0.1004 -4.8088 0.1903 80 200 120
-0.7548 2.5954 0.8579 80 200 120
-1.4635 1.3440 0.8478 80 200 120
0.0474 0.5880 0.8608 80 200 120
0.8175 -2.5737 2.8856 80 200 120
3.3283 -4.9110 1.7462 80 200 120
-1.4990 -4.8668 3.0679 80 200 120
3.4442 -5.0440 2.8531 80 200 120
2.9823 -1.7029 1.7658 80 200 120
3.5120 -2.2216 1.9272 80 200 120
-3.1857 0.5263 2.3947 80 200 120
1.9021 4.4351 0.1386 80 200 120
1.5202 2.5925 0.4601 80 200 120
1.2867 3.3628 0.1609 80 200 120
-3.4398 1.6805 3.1741 80 200 120
3.3649 0.4010 2.1773 80 200 120
-1.1428 2.6971 0.9362 80 200 120
-1.1662 -4.7965 1.2810 80 200 120
-3.3979 0.2829 1.8173 80 200 120
-0.1397 -2.9406 2.5258 80 200 120
-3.4427 -1.9204 1.3409 80 200 120
-3.3629 -4.1863 1.8556 80 200 120
-3.5068 0.8069 2.1142 80 200 120
0.4835 -4.5558 3.0671 80 200 120
-2.2802 -1.1433 1.4859 80 200 120
-0.8124 -2.3522 3.2270 80 200 120
-3.6391 -3.4595 2.5491 80 200 120
-4.2680 -5.7121 -0.1486 80 200 120
-2.8636 -4.9992 1.7470 80 200 120
-3.1712 -1.5371 1.4228 80 200 120
-3.3942 -4.8739 1.6223 80 200 120
-3.7787 0.0457 -0.2370 80 200 120
0.3189 -2.1699 0.9510 80 200 120
0.7748 -2.4844 1.4335 80 200 120
-3.8253 -2.1090 1.1605 80 200 120
0.7960 -2.4933 1.6337 80 200 120
1.4855 -1.3046 -0.0474 80 200 120
-2.6848 1.4424 -0.0581 80 200 120
-2.4316 -2.2648 -0.0686 80 200 120
-0.2617 -1.5705 0.7813 80 200 120
-2.3895 -4.0404 1.4349 80 200 120
-2.3673 -3.4848 -0.0272 80 200 120
-2.5644 -4.1055 1.0830 80 200 120
-0.9286 -2.2934 0.2240 80 200 120
0.6330 -2.2841 0.9598 80 200 120
-3.5755 0.1972 -0.0907 80 200 120
-1.3544 -4.6204 0.2477 80 200 120
2.1625 -0.2065 -0.1726 80 200 120
0.3037 0.2957 0.8453 80 200 120
-0.7009 1.3937 0.8292 80 200 120
0.3796 -2.1305 0.5648 80 200 120
-1.0732 1.2575 0.9336 80 200 120
-1.2561 0.9499 0.5164 80 200 120
3.5875 0.4058 1.8575 80 200 120
-1.3467 1.1241 0.6928 80 200 120
0.3260 -2.8744 0.6644 80 200 120
-0.2957 -1.0179 -0.0003 80 200 120
-1.5479 2.8842 0.7171 80 200 120
3.5920 1.1043 3.1676 80 200 120
3.5208 -4.7798 1.4094 80 200 120
3.5701 -0.9679 2.4404 80 200 120
3.3866 -1.7688 2.1133 80 200 120
3.6343 -3.8263 0.8433 80 200 120
-0.8057 -4.8252 3.2070 80 200 120
3.6306 -1.2937 2.3621 80 200 120
-0.9766 1.6513 1.0221 80 200 120
0.6435 2.6228 0.3420 80 200 120
-2.8445 1.7838 1.3819 80 200 120
-3.4084 1.9170 1.5042 80 200 120
1.5496 1.9958 1.1498 80 200 120
-2.9086 4.1234 1.4717 80 200 120
-2.5648 -1.9594 1.3395 80 200 120
-4.0666 4.4007 3.2408 80 200 120
-3.5004 -4.1634 2.5783 80 200 120
0.4405 -2.5111 2.9702 80 200 120
-0.1033 -5.3918 2.2101 80 200 120
-2.6723 -2.3104 1.2548 80 200 120
-2.2782 -4.9690 2.6048 80 200 120
0.2269 -5.1707 3.2062 80 200 120
0.0251 -5.5301 2.7626 80 200 120
-0.4044 -5.0178 2.3606 80 200 120
0.7073 -2.3639 1.0135 80 200 120
0.0323 -1.6112 0.9355 80 200 120
-2.3825 -3.4221 0.5729 80 200 120
-2.3770 -3.3274 0.2750 80 200 120
-1.9091 -5.0215 0.8108 80 200 120
-1.6709 -5.6292 3.2816 80 200 120
1.2216 -2.9043 1.6863 80 200 120
-0.3290 -0.0680 0.0280 80 200 120
1.2972 -0.4032 0.0272 80 200 120
-0.2429 -2.7405 1.1464 80 200 120
2.3271 -1.0914 0.7363 80 200 120
-4.2579 -5.8612 3.2735 80 200 120
2.6870 -0.9876 0.8542 80 200 120
2.3817 -0.7408 0.1038 80 200 120
1.6946 -0.3665 0.4203 80 200 120
-3.5873 -5.6016 2.4842 80 200 120
0.4781 -2.9093 1.0959 80 200 120
1.4247 -1.1029 -0.0437 80 200 120
-2.7336 -5.1739 2.1932 80 200 120
-2.0526 -0.1692 -0.0847 80 200 120
-1.2821 1.0327 0.0488 80 200 120
-1.3127 1.1013 0.2551 80 200 120
-2.2178 2.2957 0.4614 80 200 120
-1.3743 1.1276 0.3053 80 200 120
0.2131 2.9041 0.7112 80 200 120
0.0184 0.0618 1.0000 80 200 120
0.4227 -2.4163 0.6939 80 200 120
0.2661 -2.3418 0.9845 80 200 120
-2.6202 -2.3042 1.2301 80 200 120
3.1132 1.6435 -0.3206 80 200 120
0.3759 -2.2668 0.7050 80 200 120
0.3609 -1.7999 0.7316 80 200 120
0.2479 -1.6946 0.8553 80 200 120
-0.0831 0.0345 0.3091 80 200 120
-1.1382 0.3538 -0.0372 80 200 120
-2.3974 1.4112 -0.0048 80 200 120
2.5821 -4.6888 0.1814 80 200 120
-0.7550 4.7132 0.5771 80 200 120
0.3173 -3.1068 0.9482 80 200 120
-0.9350 3.1618 1.0415 80 200 120
0.4504 -2.7508 2.9341 80 200 120
3.5997 -2.8609 1.9813 80 200 120
0.2492 -4.9273 3.1926 80 200 120
2.7029 -1.1801 2.1342 80 200 120
3.6152 -2.3690 2.3347 80 200 120
3.4278 0.4692 3.1405 80 200 120
1.8979 -0.4583 3.2021 80 200 120
3.6418 -3.2910 0.9958 80 200 120
0.5628 4.1072 2.5865 80 200 120
-0.9109 2.4142 0.5536 80 200 120
-0.7774 3.2965 0.3412 80 200 120
-4.0353 4.9719 -0.1930 80 200 120
-1.1358 2.6103 3.0946 80 200 120
-2.2176 4.7815 2.1664 80 200 120
0.1281 3.7278 0.4471 80 200 120
-4.3317 6.5169 -0.9361 80 200 120
-3.2379 -2.2322 1.3123 80 200 120
-2.5705 -1.6615 1.3968 80 200 120
-3.9045 -5.3249 0.0882 80 200 120
-3.5752 -0.2074 1.5431 80 200 120
-3.4960 1.5905 2.7533 80 200 120
-3.4091 -0.9418 2.1556 80 200 120
-3.4660 -3.4355 1.8514 80 200 120
-2.4431 -2.6172 1.5913 80 200 120
-3.5615 -4.6497 0.0245 80 200 120
-3.6194 -3.8818 2.7061 80 200 120
-2.5796 -2.7717 1.2963 80 200 120
-2.3659 -5.0539 1.5726 80 200 120
-2.2907 -5.2976 1.0335 80 200 120
-1.1512 -4.8362 1.5820 80 200 120
-0.5390 -5.1208 2.1640 80 200 120
-1.5693 -3.1888 -0.0419 80 200 120
-2.0645 -2.2349 -0.0833 80 200 120
-0.7876 -1.6891 0.5847 80 200 120
-2.4460 -1.1224 1.3129 80 200 120
3.0832 -2.2375 -0.0574 80 200 120
0.1332 -5.0565 0.0471 80 200 120
2.7598 -1.6193 0.0499 80 200 120
-3.3159 -1.3887 1.3604 80 200 120
-0.1880 1.8965 0.1972 80 200 120
-2.9228 3.6523 3.1263 80 200 120
-4.2379 -2.4598 0.9692 80 200 120
-1.4254 -5.4041 -0.2536 80 200 120
-2.6945 -2.0090 1.2485 80 200 120
2.8874 0.7356 0.4467 80 200 120
3.3188 1.4497 0.6082 80 200 120
2.6739 -1.0107 0.5779 80 200 120
2.6604 -0.8628 0.7732 80 200 120
-2.8696 2.0069 -0.0202 80 200 120
0.7741 -2.4436 0.5590 80 200 120
0.2708 -2.2829 1.0716 80 200 120
-1.2555 0.7805 -0.1409 80 200 120
3.2575 3.4721 0.6796 80 200 120
0.2782 -1.9281 0.9526 80 200 120
-1.6563 0.9760 -0.0580 80 200 120
0.7568 -2.4340 2.8871 80 200 120
1.9844 -1.1566 3.2251 80 200 120
3.3167 -2.5523 1.2010 80 200 120
-0.3734 3.8329 0.3813 80 200 120
3.6591 3.6344 -0.1443 80 200 120
3.3455 0.2471 1.9208 80 200 120
-3.5950 2.6371 1.0778 80 200 120
0.5066 4.7661 -0.3610 80 200 120
3.6946 3.9803 0.5043 80 200 120
-3.3004 4.3436 2.0345 80 200 120
-3.6111 1.6780 2.7573 80 200 120
-1.2991 3.4568 1.1756 80 200 120
1.8916 4.4248 0.1789 80 200 120
1.7142 2.4815 0.8821 80 200 120
-3.4990 -4.4797 2.7612 80 200 120
-3.5460 -2.9469 2.9230 80 200 120
-0.5940 -5.3667 1.4695 80 200 120
-2.9547 -3.7295 1.2057 80 200 120
-1.1181 -4.6671 1.2970 80 200 120
-3.2894 -2.4704 1.5687 80 200 120
-2.7127 -2.3167 1.2353 80 200 120
-3.5051 -4.9312 2.1375 80 200 120
-1.2003 -5.4849 1.5359 80 200 120
0.6552 -5.0439 3.1904 80 200 120
2.7599 -1.2184 0.6220 80 200 120
0.3283 -2.8353 0.7543 80 200 120
2.6861 -0.1272 -0.4216 80 200 120
0.3287 -2.7141 0.4438 80 200 120
3.3635 -4.4942 2.0620 80 200 120
3.7330 -4.2780 1.4903 80 200 120
-3.0686 -4.5862 -0.0536 80 200 120
2.4421 -1.1182 0.5959 80 200 120
2.4854 -0.7524 0.5716 80 200 120
-4.2646 -0.9062 0.6527 80 200 120
2.7487 -0.9747 0.7627 80 200 120
0.7336 -2.3938 1.8495 80 200 120
2.9229 -1.5278 0.5034 80 200 120
1.8351 0.1808 -0.0609 80 200 120
-1.8451 -4.3771 -0.0727 80 200 120
-2.8548 -4.6410 3.0618 80 200 120
2.7010 -1.2109 0.0317 80 200 120
0.7184 -2.3839 1.4862 80 200 120
-3.3487 -5.3661 2.4415 80 200 120
-1.1777 -4.7203 3.1051 80 200 120
-2.0126 -1.9824 -0.0789 80 200 120
-3.3682 -1.7508 1.2544 80 200 120
-2.8118 -5.0324 1.6724 80 200 120
-3.4370 -4.4428 2.7133 80 200 120
-0.9719 1.0857 0.0245 80 200 120
-3.5102 3.2340 1.5716 80 200 120
-2.7782 -1.1424 1.3366 80 200 120
-0.2976 -1.6504 0.8772 80 200 120
0.5709 4.1205 0.2974 80 200 120
2.5907 -1.2222 0.1349 80 200 120
2.5358 -0.0935 0.5780 80 200 120
2.6998 0.0914 0.6961 80 200 120
3.3066 3.2210 0.1548 80 200 120
2.4167 -0.3169 -0.1305 80 200 120
2.9934 0.9764 0.4917 80 200 120
3.2298 4.4604 3.0806 80 200 120
-1.9967 0.6402 -0.0464 80 200 120
-1.2974 0.9770 0.4872 80 200 120
-1.4416 1.7758 0.9656 80 200 120
0.3188 -2.9184 0.9290 80 200 120
-0.6093 0.4524 -0.0806 80 200 120
3.6007 -2.5796 3.1823 80 200 120
4.0091 -5.1785 -0.0819 80 200 120
3.5919 -2.5634 2.5592 80 200 120
3.6361 -4.8851 0.6694 80 200 120
-0.8156 -5.2234 2.8067 80 200 120
3.4994 -2.8896 1.3988 80 200 120
3.4405 -0.9576 2.3421 80 200 120
1.9608 3.1607 1.1360 80 200 120
-3.5521 0.6479 2.7414 80 200 120
-3.6343 5.4985 -0.2202 80 200 120
-3.5374 0.7799 2.0923 80 200 120
-3.5627 0.7040 3.0866 80 200 120
-2.0902 -5.3440 0.3893 80 200 120
-3.0238 -1.2401 1.4484 80 200 120
-2.8949 -1.5377 1.4645 80 200 120
-2.0914 -4.9515 3.1759 80 200 120
0.5804 -5.0266 2.6495 80 200 120
-3.1198 -0.4007 1.7084 80 200 120
-2.8873 -4.1641 0.4938 80 200 120
-3.4293 0.6817 2.3413 80 200 120
0.1130 -1.5616 0.8688 80 200 120
-2.3800 -2.6567 0.0499 80 200 120
0.2243 -1.3244 0.4685 80 200 120
-0.1587 0.2828 -0.0467 80 200 120
-2.9235 -2.0729 1.0422 80 200 120
-2.4081 0.2031 -0.1885 80 200 120
-0.5004 -3.8706 0.0343 80 200 120
-2.9617 -2.3076 1.3974 80 200 120
-2.7261 -3.2858 1.4986 80 200 120
0.4637 -2.6063 0.1610 80 200 120
-1.4878 -4.8617 0.0457 80 200 120
2.8957 -0.4957 0.6578 80 200 120
-2.4410 -3.0140 1.3903 80 200 120
1.2970 -0.1556 -0.0274 80 200 120
1.9526 -0.0756 -0.0504 80 200 120
0.4741 -2.5209 0.2560 80 200 120
0.7117 -2.3908 1.1970 80 200 120
0.6607 -2.3664 0.7484 80 200 120
0.3023 -2.5314 0.6214 80 200 120
3.1570 -0.0311 2.7843 80 200 120
3.8178 -2.3885 1.2105 80 200 120
3.5761 -1.6196 1.5656 80 200 120
0.6260 -4.5944 2.2321 80 200 120
3.6656 -2.8875 2.5836 80 200 120
0.5368 -4.9893 3.1591 80 200 120
2.0832 2.7166 0.8453 80 200 120
-2.2104 3.7398 0.4373 80 200 120
1.6610 5.4559 -0.8450 80 200 120
-0.7633 3.1876 1.3119 80 200 120
1.7820 2.5760 0.6462 80 200 120
-3.1500 -1.6395 1.1638 80 200 120
-3.4701 -1.8700 2.0338 80 200 120
-5.6354 -7.1877 -2.0437 80 200 120
-0.6369 -5.0304 1.8941 80 200 120
-2.3695 -3.6105 1.1018 80 200 120
0.2565 -1.7786 1.0494 80 200 120
3.0550 -1.1587 0.5757 80 200 120
-2.7294 -4.5841 3.0575 80 200 120
-2.6137 -1.0012 0.2225 80 200 120
-2.2991 -3.2455 -0.0051 80 200 120
-0.1428 -1.6019 0.8602 80 200 120
-2.4304 -4.8591 2.2113 80 200 120
-2.7001 -4.7522 2.4524 80 200 120
0.4942 -2.7147 1.2674 80 200 120
-0.4158 -1.5620 0.7050 80 200 120
3.4864 -3.2446 1.4971 80 200 120
-1.1387 0.7222 -0.1129 80 200 120
0.4041 0.0238 0.1510 80 200 120
-1.0171 -4.8019 0.0203 80 200 120
-2.3595 -3.5391 0.5836 80 200 120
2.4383 -0.6352 0.2925 80 200 120
0.7620 -0.2554 -0.0395 80 200 120
3.3271 1.9220 0.1627 80 200 120
3.3800 1.8952 0.5746 80 200 120
2.8844 -1.2410 0.3301 80 200 120
2.0663 -1.6933 -0.0450 80 200 120
2.3450 0.5408 -0.0773 80 200 120
0.3011 -2.8468 0.6366 80 200 120
-0.3570 3.7417 0.4038 80 200 120
0.3283 -2.9486 0.8636 80 200 120
-0.6481 1.2910 -0.0738 80 200 120
0.1629 -4.9422 -0.0221 80 200 120
3.4393 0.7267 2.5583 80 200 120
3.3140 3.1336 2.0891 80 200 120
4.4182 2.5691 3.5014 80 200 120
0.4681 -2.6331 2.8269 80 200 120
3.4532 -2.8498 1.3304 80 200 120
2.7383 -1.9596 3.2568 80 200 120
-0.6051 -5.1276 3.1939 80 200 120
3.5578 -3.2758 1.7666 80 200 120
0.6902 -2.3722 2.7396 80 200 120
4.2372 1.6488 3.2712 80 200 120
0.2347 -3.9377 3.2429 80 200 120
3.6656 -3.1080 2.7789 80 200 120
0.8380 -5.0651 3.0362 80 200 120
0.0477 -4.6771 3.2301 80 200 120
3.2486 0.6003 2.8327 80 200 120
-3.1438 1.6558 0.9520 80 200 120
-0.7221 2.6158 0.7860 80 200 120
-3.2801 3.5466 0.2698 80 200 120
3.2213 0.2756 2.1704 80 200 120
-3.1377 2.6503 1.6208 80 200 120
-3.3595 4.9258 1.4070 80 200 120
-3.5060 0.3064 1.8373 80 200 120
-2.4586 -2.6864 1.4219 80 200 120
-2.8176 -3.6681 1.2699 80 200 120
-2.8876 -1.8567 1.1936 80 200 120
-1.0955 -4.5822 1.4019 80 200 120
-3.2481 -0.3278 2.3091 80 200 120
-2.8267 -2.2973 1.4810 80 200 120
-2.5028 -3.2749 1.1707 80 200 120
-3.6507 0.7627 2.7085 80 200 120
-3.1625 -3.9871 3.1510 80 200 120
-2.3897 -5.2279 2.1405 80 200 120
-2.1107 -4.9057 0.8439 80 200 120
2.5458 -1.0728 0.4860 80 200 120
2.1603 -0.5538 0.1949 80 200 120
1.8425 0.1907 -0.0422 80 200 120
3.3744 -3.0202 0.5808 80 200 120
-1.7552 -4.6788 2.3253 80 200 120
2.7732 -1.2421 0.3494 80 200 120
2.3635 -0.6384 0.6898 80 200 120
-1.6641 -5.1948 3.1130 80 200 120
-2.0612 0.9505 -0.0700 80 200 120
-0.6096 2.3112 0.1728 80 200 120
-1.4226 1.1575 0.5427 80 200 120
-1.9461 1.4428 -0.0365 80 200 120
-3.5181 4.4357 0.6042 80 200 120
-2.6315 -1.0572 1.1466 80 200 120
-2.3816 -1.7306 0.0059 80 200 120
2.4138 -0.1898 0.6356 80 200 120
2.6169 0.0234 0.7503 80 200 120
1.7851 -0.2788 -0.0573 80 200 120
2.2703 -0.3464 0.1517 80 200 120
2.4108 0.2772 -0.0147 80 200 120
3.3451 2.5991 0.0629 80 200 120
0.3116 -3.1310 0.8645 80 200 120
0.7188 -2.3877 1.8010 80 200 120
0.1125 -1.5945 0.8120 80 200 120
0.7182 -4.7387 3.2183 80 200 120
2.8992 0.3882 3.3957 80 200 120
3.7918 -3.0468 1.5724 80 200 120
3.3134 -1.9432 2.0344 80 200 120
3.9829 -0.3170 2.3887 80 200 120
-1.9163 1.7695 0.6737 80 200 120
-3.0590 1.0141 1.1843 80 200 120
-0.7897 0.9072 1.0877 80 200 120
-1.2636 1.0112 1.0248 80 200 120
-1.5107 3.1148 0.6411 80 200 120
-2.4503 2.9954 0.7458 80 200 120
1.1823 4.0017 0.4135 80 200 120
0.5427 4.1145 1.1055 80 200 120
-0.6278 1.1345 1.0335 80 200 120
-0.5437 2.0891 1.4117 80 200 120
-0.5802 2.5046 0.4368 80 200 120
-2.6900 -4.8867 3.2148 80 200 120
0.5082 -5.0179 3.1488 80 200 120
-1.3244 -4.9612 1.8287 80 200 120
-0.4097 -5.1300 1.7850 80 200 120
0.2913 -5.0210 3.1924 80 200 120
-3.5924 -3.1239 2.5731 80 200 120
-0.8877 -4.4268 1.6986 80 200 120
-1.0123 -5.0763 1.6060 80 200 120
0.0547 -5.1048 2.7567 80 200 120
0.8069 -4.9923 3.2228 80 200 120
-1.9997 -2.1975 3.2083 80 200 120
-2.6025 -3.9914 1.2004 80 200 120
-2.6418 -2.7672 1.6113 80 200 120
0.3502 -1.5686 0.7192 80 200 120
2.0168 -1.6472 -0.0693 80 200 120
-0.3495 -1.9369 1.1508 80 200 120
1.3600 -2.4605 1.4420 80 200 120
-0.6621 -3.2994 0.5786 80 200 120
2.9229 -1.1819 0.6714 80 200 120
2.5480 -1.0775 0.9184 80 200 120
0.6823 -2.3577 2.0962 80 200 120
-2.0991 -1.6069 0.2350 80 200 120
1.2372 -4.9735 -0.0336 80 200 120
-0.8456 -4.4096 -0.0981 80 200 120
0.7162 -2.3312 1.7623 80 200 120
1.9688 -0.0592 -0.0162 80 200 120
-0.6178 1.7087 0.0269 80 200 120
2.6503 0.8706 -0.1260 80 200 120
-0.2349 2.4089 0.8851 80 200 120
-2.9954 -4.5668 0.4663 80 200 120
2.3542 -0.3237 -0.0777 80 200 120
2.3546 -0.7954 -0.0297 80 200 120
2.8789 0.8440 0.1587 80 200 120
2.7776 -1.1360 0.8831 80 200 120
0.2505 2.0849 0.5733 80 200 120
-1.3461 2.9126 0.7671 80 200 120
-0.6427 -2.2345 0.8737 80 200 120
-2.0266 0.6698 -0.0810 80 200 120
3.3433 0.9806 2.8863 80 200 120
0.6801 -2.3523 1.5695 80 200 120
-0.2793 2.7557 0.7519 80 200 120
-2.2720 1.3916 -0.1210 80 200 120
1.2065 -5.0818 2.4859 80 200 120
1.1347 -5.0255 3.1580 80 200 120
0.9000 -5.0534 2.7358 80 200 120
3.8100 -1.7604 1.3555 80 200 120
0.5627 -4.8462 2.0793 80 200 120
0.0601 -4.8714 2.4557 80 200 120
0.5728 -4.9721 2.6510 80 200 120
2.9229 2.0887 3.0404 80 200 120
3.2585 3.0908 2.2084 80 200 120
3.2765 2.4902 2.2068 80 200 120
3.0582 1.4769 3.0437 80 200 120
1.6472 2.2958 0.3148 80 200 120
-0.5973 4.7384 2.2085 80 200 120
3.4426 0.2274 1.7821 80 200 120
-2.3877 25.2712 -7.8409 80 200 120
2.6863 -0.1249 2.2661 80 200 120
0.7163 6.8283 -1.3234 80 200 120
-2.2815 6.8184 0.3254 80 200 120
-2.9991 -5.0583 2.4707 80 200 120
-2.9751 -2.3170 1.4134 80 200 120
-2.7329 -2.7488 1.3137 80 200 120
-3.1444 -1.4545 1.4039 80 200 120
-2.7938 -3.6791 1.2743 80 200 120
-2.3401 -3.7643 0.9092 80 200 120
1.1019 -5.1048 3.1773 80 200 120
-0.5602 -5.0949 1.6091 80 200 120
-3.1963 -2.0972 1.3768 80 200 120
-3.4651 1.5910 3.2109 80 200 120
1.3349 -4.9613 3.1352 80 200 120
-2.5624 -2.7307 1.4199 80 200 120
-2.3487 -2.8900 -0.0202 80 200 120
0.3759 -1.9788 0.8335 80 200 120
2.4741 -0.8491 0.6349 80 200 120
1.3695 -0.2608 -0.1537 80 200 120
0.1155 -3.1854 0.8561 80 200 120
0.5149 -2.6925 0.7154 80 200 120
-1.8021 -1.9626 1.6625 80 200 120
0.4972 -2.6608 1.3539 80 200 120
-2.3531 -3.1502 0.7981 80 200 120
0.4859 -2.6510 1.6881 80 200 120
-1.3921 -4.7648 3.0311 80 200 120
0.3565 -3.0158 0.9833 80 200 120
-2.8206 -2.3025 0.2601 80 200 120
0.2824 -0.2869 0.2922 80 200 120
0.6725 -2.3454 1.5948 80 200 120
-4.0091 4.4929 0.1913 80 200 120
-1.5426 0.1480 -0.0480 80 200 120
0.2808 0.2842 0.8825 80 200 120
-2.8492 -4.9973 -0.0762 80 200 120
-2.7488 -3.3135 1.4731 80 200 120
2.7527 -1.1659 -0.0433 80 200 120
-0.5719 -3.2279 0.8612 80 200 120
0.0503 -1.5902 0.8930 80 200 120
2.5516 -0.2867 0.7121 80 200 120
2.8094 0.5972 0.5518 80 200 120
2.2958 -0.8759 -0.1982 80 200 120
0.3231 -1.6832 0.9761 80 200 120
3.2862 0.9788 0.7328 80 200 120
-0.4881 3.3554 1.0811 80 200 120
-2.6548 3.3603 0.4921 80 200 120
1.1743 5.3504 1.8869 80 200 120
0.6840 -2.3677 2.2020 80 200 120
0.6861 -2.3689 1.8923 80 200 120
0.6806 -2.3514 2.0298 80 200 120
1.4371 -4.8966 3.1533 80 200 120
1.6163 -5.1273 2.3878 80 200 120
0.2365 -5.0391 3.0112 80 200 120
1.6579 -5.1380 1.8571 80 200 120
3.1481 0.5642 3.1232 80 200 120
1.3806 -5.0097 2.0550 80 200 120
-0.8192 -5.0459 2.8701 80 200 120
3.0744 -0.2017 2.8022 80 200 120
1.5158 -5.0763 2.6603 80 200 120
0.2179 -3.9113 3.2006 80 200 120
3.4420 -1.1915 2.1201 80 200 120
1.1966 -4.9660 1.8746 80 200 120
3.1218 -0.1201 3.1169 80 200 120
1.0936 -4.9815 2.1442 80 200 120
3.6445 -2.1976 1.9026 80 200 120
1.0721 -4.5030 1.7291 80 200 120
3.1589 -1.5133 2.2005 80 200 120
0.5799 -3.7139 3.2010 80 200 120
3.6080 -1.4961 1.8385 80 200 120
1.8522 -5.1181 1.3506 80 200 120
2.6889 3.4528 3.2024 80 200 120
3.7461 4.4647 1.1722 80 200 120
3.0396 2.5498 2.9885 80 200 120
3.2115 1.2892 3.0943 80 200 120
1.5480 4.9353 2.1839 80 200 120
0.9491 3.0871 3.3187 80 200 120
3.1192 2.2181 2.5516 80 200 120
-4.9925 6.6625 -0.9039 80 200 120
-4.3489 6.9431 -0.9909 80 200 120
-2.3712 4.9708 1.2031 80 200 120
5.9750 25.9375 -9.6980 80 200 120
-3.4124 0.7716 3.1930 80 200 120
-2.0065 -5.0467 2.4801 80 200 120
-1.9751 -5.2431 0.4409 80 200 120
-0.7251 -5.0765 1.3237 80 200 120
-3.6065 -2.3551 1.9838 80 200 120
-3.3807 -5.2303 -0.2949 80 200 120
-2.8190 -4.4523 0.9012 80 200 120
-2.7300 -5.0671 0.0332 80 200 120
-2.4403 -2.4610 3.2279 80 200 120
-3.3023 -1.7578 1.3326 80 200 120
-2.3902 -2.8660 0.8833 80 200 120
-1.5054 -1.4639 -0.0892 80 200 120
-2.4251 -5.0851 1.5650 80 200 120
1.4491 -4.4131 -0.0650 80 200 120
-1.5430 -3.8226 2.8911 80 200 120
-1.2609 -2.7105 -0.0627 80 200 120
0.7114 -2.3585 1.8589 80 200 120
-0.5758 -0.4321 -0.1564 80 200 120
1.5747 -5.0145 0.0581 80 200 120
-2.0261 -5.2350 2.0899 80 200 120
-1.3883 5.4105 1.4843 80 200 120
-1.0482 0.6991 -0.0981 80 200 120
-3.3571 4.8968 1.2904 80 200 120
-0.5091 2.5104 0.4278 80 200 120
0.1387 0.7457 0.9248 80 200 120
-0.6409 2.4515 0.4662 80 200 120
-3.2988 5.3083 1.9869 80 200 120
-0.6641 7.5393 -1.0699 80 200 120
2.4682 -0.5968 -0.1475 80 200 120
1.0147 -0.3220 -0.0861 80 200 120
3.5196 -0.6873 1.6485 80 200 120
1.6720 -1.7156 0.0678 80 200 120
1.2689 -1.2946 0.2837 80 200 120
3.4681 -3.0367 0.6144 80 200 120
0.7681 -1.9806 0.6161 80 200 120
2.0764 3.1671 -0.2407 80 200 120
1.6522 3.3869 -0.0261 80 200 120
0.2426 2.0429 0.5250 80 200 120
0.5015 0.1150 0.8013 80 200 120
-3.0733 2.1885 0.6571 80 200 120
-2.7092 1.7733 0.0160 80 200 120
-0.7681 -2.2687 0.6303 80 200 120
-3.2510 3.3959 0.1415 80 200 120
-2.9074 2.1415 0.2237 80 200 120
0.4867 -2.6426 0.6628 80 200 120
1.4914 -5.0174 1.6327 80 200 120
1.4155 -5.0608 2.9419 80 200 120
2.1461 -0.2910 3.1725 80 200 120
2.7070 -0.7712 3.2929 80 200 120
0.0817 -5.0172 2.7515 80 200 120
2.0598 -5.0808 2.7205 80 200 120
2.0263 -5.0728 1.6656 80 200 120
0.4827 -2.6330 2.6973 80 200 120
2.1246 -5.0605 2.3752 80 200 120
2.0294 -4.9487 3.1837 80 200 120
0.6283 -2.3647 3.1029 80 200 120
-0.2423 -5.0695 2.9400 80 200 120
1.7289 -4.8736 3.2314 80 200 120
3.4801 4.9730 1.6329 80 200 120
-3.4811 0.7325 2.3966 80 200 120
-1.4109 2.0616 3.1952 80 200 120
-2.7516 1.6713 0.8859 80 200 120
2.1418 2.6400 0.8067 80 200 120
1.9596 3.0125 0.5376 80 200 120
-3.5682 2.5897 1.1215 80 200 120
3.5762 3.7938 0.5984 80 200 120
-4.1758 2.4902 0.5949 80 200 120
0.6087 3.5720 3.0427 80 200 120
0.1506 0.9337 1.4672 80 200 120
-0.5948 2.8022 1.1318 80 200 120
4.1738 1.1107 2.0723 80 200 120
-3.4214 2.9316 1.6486 80 200 120
1.3863 3.2490 3.1695 80 200 120
-3.5097 -1.3588 3.0574 80 200 120
-1.5231 1.1576 3.2847 80 200 120
-1.5766 -5.0402 3.1206 80 200 120
-1.0528 -4.9322 3.1687 80 200 120
-2.5451 -2.9707 1.4374 80 200 120
-3.5808 -1.4264 1.2628 80 200 120
-0.9299 -4.0665 3.2298 80 200 120
0.2682 -3.8623 3.1977 80 200 120
-2.5091 -3.4712 0.8558 80 200 120
-2.4888 -1.6863 3.2114 80 200 120
-1.4829 -3.4042 -0.0417 80 200 120
-0.3102 -0.6933 -0.1459 80 200 120
2.2773 -0.4500 0.0435 80 200 120
2.0750 -4.9907 0.0810 80 200 120
1.6399 -1.9206 -0.1097 80 200 120
-1.9005 -2.9270 -0.0304 80 200 120
0.7721 -0.8428 -0.0374 80 200 120
-1.7538 -4.0629 -0.0915 80 200 120
0.9272 -0.2125 -0.1897 80 200 120
1.1362 -3.9129 -0.0154 80 200 120
-1.7867 -1.4392 0.6413 80 200 120
2.6699 -0.4691 0.4590 80 200 120
0.6490 -2.3504 1.5534 80 200 120
-2.6514 -5.0875 2.1854 80 200 120
-1.4885 -4.2608 3.0184 80 200 120
-2.7301 1.2807 -0.0267 80 200 120
-0.1904 2.4041 0.4491 80 200 120
-1.8964 0.7215 -0.0924 80 200 120
-0.1375 0.3634 0.0207 80 200 120
0.1792 1.8409 0.6494 80 200 120
0.0001 1.7600 0.4296 80 200 120
-1.5851 1.0367 -0.1189 80 200 120
-0.1924 2.0567 0.1091 80 200 120
-0.6604 2.4085 0.8608 80 200 120
-0.4419 2.9771 1.0776 80 200 120
-0.8924 2.8818 1.0779 80 200 120
-0.7992 2.1697 0.6357 80 200 120
-1.0893 2.3929 0.8860 80 200 120
1.2550 4.4860 0.1598 80 200 120
0.1143 0.8473 0.8767 80 200 120
-0.3337 2.2982 0.0241 80 200 120
-3.0326 -1.4846 1.4585 80 200 120
-0.1428 -1.5703 0.8661 80 200 120
2.3415 -0.5178 0.0133 80 200 120
1.6428 -1.1316 0.0348 80 200 120
0.5482 -2.3642 0.8740 80 200 120
2.9859 1.4781 -0.0803 80 200 120
2.5486 -1.8574 0.8165 80 200 120
1.3769 -1.4793 0.1998 80 200 120
2.2901 -2.0323 0.3024 80 200 120
1.1685 -1.8969 0.2465 80 200 120
2.4248 -1.9866 0.7041 80 200 120
0.2046 0.9603 0.8192 80 200 120
3.0533 1.8166 1.9396 80 200 120
0.6781 -2.3550 1.9989 80 200 120
-3.8484 5.6584 -0.3153 80 200 120
3.0520 1.2242 3.0350 80 200 120
2.2597 4.5446 3.0756 80 200 120
-2.8069 0.4667 -0.0426 80 200 120
-2.8283 1.2280 -0.1300 80 200 120
3.5723 -2.2329 0.4385 80 200 120
0.4707 -2.6286 2.0628 80 200 120
-0.7994 -4.9080 3.1739 80 200 120
1.7559 -5.1764 1.8081 80 200 120
-0.8140 -5.1686 2.9544 80 200 120
2.8280 -4.9410 3.1544 80 200 120
1.1521 -5.0703 2.7218 80 200 120
2.2985 -4.8542 3.1211 80 200 120
2.4023 -5.0134 1.3161 80 200 120
2.2212 -5.0258 2.0701 80 200 120
0.4923 -4.9680 2.9242 80 200 120
-0.2216 -5.2534 2.6246 80 200 120
0.3889 -4.2535 3.2109 80 200 120
-1.2995 5.1138 1.6393 80 200 120
3.1401 2.0855 1.2206 80 200 120
3.3171 3.6024 1.3455 80 200 120
-1.8328 5.1161 0.7339 80 200 120
-3.4156 0.2940 3.1972 80 200 120
0.5617 2.5245 0.3566 80 200 120
-0.3127 4.5430 0.1017 80 200 120
1.7523 3.8283 0.3723 80 200 120
-0.9680 2.1412 1.0069 80 200 120
-1.4773 2.6726 0.7946 80 200 120
2.7910 3.1105 0.6732 80 200 120
3.5982 0.8976 2.6026 80 200 120
3.2867 0.8229 2.2475 80 200 120
-1.2705 3.3136 3.1894 80 200 120
-3.6174 0.4738 3.1741 80 200 120
-3.5601 -0.7602 2.7862 80 200 120
-3.5043 -1.6785 3.1595 80 200 120
-2.8540 -0.2862 3.2624 80 200 120
-2.7754 -3.4205 1.5065 80 200 120
-3.1293 -1.7833 1.4058 80 200 120
-3.5896 0.6866 2.7322 80 200 120
-1.5033 -4.9587 2.4219 80 200 120
-1.6984 -5.1497 2.8219 80 200 120
-2.5458 0.1372 3.2572 80 200 120
-0.2610 -5.0679 2.4908 80 200 120
-1.7962 -4.9599 -0.0674 80 200 120
-0.9587 -5.0588 1.0842 80 200 120
-0.5973 -4.7974 -0.0706 80 200 120
-2.6290 -3.2969 -0.3885 80 200 120
0.9896 -3.5702 -0.0582 80 200 120
0.5435 -2.6838 1.6668 80 200 120
-2.9787 -3.3944 1.3797 80 200 120
-2.2107 -4.5754 -0.0376 80 200 120
2.3586 -5.0913 0.8002 80 200 120
-0.3515 -1.9270 1.1427 80 200 120
-2.1413 -5.0599 1.1513 80 200 120
3.4034 -4.9231 0.0159 80 200 120
-2.8622 -1.4463 -0.4779 80 200 120
2.6206 -1.0578 0.8362 80 200 120
-0.6726 -1.6155 0.6670 80 200 120
0.5133 -2.6550 1.4264 80 200 120
0.5642 -2.6957 1.7910 80 200 120
1.8956 -4.7602 -0.1074 80 200 120
-0.7455 -2.0642 0.4252 80 200 120
3.4848 -4.9815 0.9440 80 200 120
-0.2543 -3.6017 -0.0065 80 200 120
-1.2787 1.1131 0.1160 80 200 120
0.1277 -0.0217 0.0143 80 200 120
-0.7300 3.0111 1.1676 80 200 120
1.4249 4.4574 0.2637 80 200 120
-2.6827 1.6793 0.0465 80 200 120
0.1221 1.3649 0.7519 80 200 120
-0.1266 2.3656 0.2124 80 200 120
1.9003 2.8434 0.3640 80 200 120
-3.0667 1.0889 0.7573 80 200 120
-2.5228 2.2154 0.0994 80 200 120
-0.5771 1.7670 0.0415 80 200 120
1.9397 2.6269 0.6247 80 200 120
-0.2908 2.4903 0.8164 80 200 120
2.5554 -0.0588 0.4973 80 200 120
2.3583 0.9305 -0.0478 80 200 120
2.0788 1.2802 -0.0598 80 200 120
0.7282 -2.2557 1.0613 80 200 120
0.3056 -1.7890 1.0577 80 200 120
1.4857 -2.3368 1.0871 80 200 120
2.0111 1.7553 -0.1130 80 200 120
0.1868 -1.2766 0.4825 80 200 120
2.5234 0.0145 0.4751 80 200 120
3.2968 -1.4876 1.0045 80 200 120
4.9597 4.8921 1.1268 80 200 120
-1.4913 -3.2959 -0.1283 80 200 120
-0.5520 -3.2188 0.9882 80 200 120
-2.5078 2.5046 -0.0131 80 200 120
-3.2971 2.5239 0.5400 80 200 120
-0.6718 -2.0844 0.7464 80 200 120
-1.2959 -1.6066 -0.0599 80 200 120
0.5110 -2.6685 0.8088 80 200 120
3.8443 -1.2538 2.6628 80 200 120
2.6223 -5.0379 2.1058 80 200 120
3.9084 -1.0511 2.3932 80 200 120
1.1398 -3.7727 3.2099 80 200 120
3.2272 -4.9093 2.9713 80 200 120
2.8230 -5.0144 1.3591 80 200 120
3.3219 -5.0572 2.3189 80 200 120
0.6020 -5.1519 2.6492 80 200 120
2.7462 -5.0174 2.8313 80 200 120
2.9616 -5.0950 2.4964 80 200 120
3.4004 -4.7796 2.5217 80 200 120
0.5321 -2.6638 3.1123 80 200 120
0.5415 -2.6686 2.8614 80 200 120
0.4795 -2.5909 3.2276 80 200 120
3.1043 -0.0701 3.1064 80 200 120
0.9483 -5.0594 2.4245 80 200 120
3.6548 -0.8407 2.2918 80 200 120
2.3995 -5.0273 1.7846 80 200 120
1.7750 0.1144 3.5004 80 200 120
1.1361 -1.6401 3.2226 80 200 120
0.4523 -2.4960 3.2040 80 200 120
1.6054 -3.7126 3.2054 80 200 120
1.7828 -5.0405 2.9936 80 200 120
3.1721 -5.0983 1.9161 80 200 120
3.2332 -5.0243 1.4018 80 200 120
1.8053 0.6628 1.2998 80 200 120
-0.9444 0.7482 1.2089 80 200 120
0.8153 4.4950 0.0903 80 200 120
3.0161 0.1391 2.2277 80 200 120
-0.6123 3.3316 0.0741 80 200 120
-3.5497 0.7906 2.0903 80 200 120
-3.6404 0.6967 2.7514 80 200 120
-0.5595 0.6796 1.1971 80 200 120
-3.0794 2.1514 0.6782 80 200 120
-3.5978 2.6978 1.1544 80 200 120
0.1823 2.5169 0.8591 80 200 120
-2.5686 5.3665 1.0657 80 200 120
-2.9780 3.2070 1.1132 80 200 120
-3.6077 1.0184 3.1094 80 200 120
-0.8032 -5.1084 1.8737 80 200 120
-3.5825 1.6015 3.1716 80 200 120
-2.4389 -4.1425 3.2113 80 200 120
-3.6437 0.2094 2.7685 80 200 120
-2.5632 -3.6186 1.3783 80 200 120
-1.3209 -5.0379 3.1594 80 200 120
-0.5331 -4.8138 1.8303 80 200 120
-0.0418 -4.7620 2.4894 80 200 120
-3.1022 -2.3196 1.3598 80 200 120
-2.5218 -2.6965 1.3810 80 200 120
-2.1682 -3.4444 1.3200 80 200 120
-1.7736 -4.9581 3.1962 80 200 120
-3.5282 -1.9768 2.8406 80 200 120
-3.7296 -1.2606 2.8261 80 200 120
-3.0961 -1.9990 1.3989 80 200 120
0.0656 -5.0402 3.2028 80 200 120
-1.3590 -4.8043 1.4542 80 200 120
-0.8200 -4.9581 3.1635 80 200 120
-3.2010 -4.9670 1.2285 80 200 120
-2.1742 -3.7662 -0.2265 80 200 120
2.0851 -1.4034 0.0166 80 200 120
-2.4597 -2.3017 -0.0543 80 200 120
-0.6080 -2.5781 0.7890 80 200 120
3.3704 -4.3634 0.1125 80 200 120
2.6654 -4.9362 0.0477 80 200 120
-0.0373 -0.5997 -0.0693 80 200 120
-2.8259 -4.6743 3.0586 80 200 120
-2.5499 -3.6078 1.3815 80 200 120
-2.4775 -3.3376 1.3391 80 200 120
3.3402 -4.9625 3.1733 80 200 120
2.4170 -5.0717 3.1537 80 200 120
-1.3687 -4.7305 3.0513 80 200 120
1.5744 3.5641 0.3578 80 200 120
0.4389 0.8251 0.7883 80 200 120
1.3193 3.9484 -0.0502 80 200 120
1.3611 2.5293 -0.0622 80 200 120
-2.3525 1.8746 -0.1270 80 200 120
-0.5908 1.4500 0.0581 80 200 120
2.4690 2.9785 -0.0702 80 200 120
1.5675 3.3014 0.0237 80 200 120
1.7057 2.5518 0.7471 80 200 120
2.9281 2.1528 0.2820 80 200 120
-0.3459 1.7295 0.0430 80 200 120
2.1230 2.1027 0.8141 80 200 120
2.3358 0.8950 -0.1179 80 200 120
-2.8856 1.3143 0.6483 80 200 120
-2.4006 -2.0501 1.3361 80 200 120
-2.5518 -1.5295 1.3606 80 200 120
-2.5172 -1.7684 1.2846 80 200 120
-1.5463 -4.9625 -0.0228 80 200 120
-3.4965 3.3976 3.0714 80 200 120
-3.4053 4.4098 3.1390 80 200 120
1.5200 0.3739 -0.0671 80 200 120
-0.0909 0.0269 -0.0718 80 200 120
1.6636 0.9194 0.0372 80 200 120
1.3412 1.4568 0.1835 80 200 120
0.3113 -3.1239 0.9796 80 200 120
0.1269 -4.9849 -0.0348 80 200 120
1.6687 -4.2330 -0.0544 80 200 120
1.2121 -4.9467 -0.0044 80 200 120
-0.0228 -0.3574 -0.1067 80 200 120
-2.2594 0.0776 0.0068 80 200 120
3.5909 -4.7136 1.9502 80 200 120
1.7196 -5.0839 1.8524 80 200 120
3.0369 -4.2704 3.0498 80 200 120
3.3464 -4.4035 2.3338 80 200 120
1.9206 -5.0530 1.6754 80 200 120
1.9315 -5.0531 2.0019 80 200 120
2.2251 -4.9809 2.5583 80 200 120
1.0716 -4.9998 2.0058 80 200 120
2.4585 -1.2848 3.2242 80 200 120
3.4210 -4.2801 2.8518 80 200 120
3.5047 -4.9323 0.4196 80 200 120
1.5018 -5.0662 2.0243 80 200 120
2.3852 -5.1581 1.4244 80 200 120
2.6157 -0.9113 2.7392 80 200 120
3.5669 -4.7956 1.4032 80 200 120
-0.2716 -5.0906 2.5160 80 200 120
1.2028 -5.2225 1.5054 80 200 120
0.1066 -4.9936 2.7862 80 200 120
1.1670 -4.9293 1.8807 80 200 120
-0.9759 -4.9966 2.8810 80 200 120
3.5795 -5.0916 0.9450 80 200 120
2.4570 -5.0796 1.0789 80 200 120
2.0989 -4.9704 1.0228 80 200 120
0.5209 -4.9387 2.0396 80 200 120
3.6825 -4.2688 1.9591 80 200 120
-0.1304 3.1679 1.9337 80 200 120
-1.9138 4.9508 2.7493 80 200 120
0.0648 0.9383 0.9902 80 200 120
-0.0933 0.6785 1.1271 80 200 120
3.5655 2.1137 2.2460 80 200 120
-3.4928 1.7175 0.9543 80 200 120
-3.3499 3.7846 0.2627 80 200 120
-2.4464 1.3523 0.6685 80 200 120
-3.0098 4.1499 0.1059 80 200 120
3.6486 -0.1134 3.1899 80 200 120
-3.4465 -0.8472 2.8524 80 200 120
4.1763 7.7661 0.5596 80 200 120
0.3991 -5.1617 3.1886 80 200 120
-2.0947 -4.9234 1.8922 80 200 120
0.7289 -5.1271 3.1787 80 200 120
1.0866 -5.0417 3.1858 80 200 120
-0.6052 -5.0489 1.6990 80 200 120
-1.5899 -2.3363 -0.0502 80 200 120
-2.3613 -3.9068 -0.0597 80 200 120
3.5815 -3.8256 0.5701 80 200 120
1.3154 -1.6543 -0.0211 80 200 120
-0.6439 -1.8548 0.6740 80 200 120
-1.3990 -4.9792 -0.0331 80 200 120
-0.8761 -3.8917 -0.0610 80 200 120
-0.5302 -4.7892 3.1288 80 200 120
-2.5891 -2.6419 0.6431 80 200 120
-2.2932 -1.9009 0.0995 80 200 120
0.6477 -2.7011 0.8235 80 200 120
-2.2976 -4.4430 2.4802 80 200 120
2.3340 -4.1663 -0.0315 80 200 120
-2.3774 -2.8728 0.7974 80 200 120
-3.0279 -2.4206 0.1325 80 200 120
1.6098 -4.1556 0.0218 80 200 120
-1.3696 2.2012 1.0327 80 200 120
-0.0762 -0.0046 -0.0775 80 200 120
0.9138 2.8148 0.2398 80 200 120
0.5577 0.8958 0.6990 80 200 120
-0.5618 1.5298 0.0647 80 200 120
1.2071 0.9968 0.3817 80 200 120
1.4097 0.6075 -0.1229 80 200 120
-1.0630 1.9903 0.8413 80 200 120
1.8960 0.8484 -0.0124 80 200 120
-1.4213 1.4316 0.9836 80 200 120
-2.7514 0.7954 -0.0731 80 200 120
2.5938 0.4442 0.1724 80 200 120
0.6228 0.5694 0.7013 80 200 120
1.8029 0.6962 -0.1134 80 200 120
1.2136 2.0413 0.0336 80 200 120
2.1285 0.3587 -0.2587 80 200 120
0.0971 -1.4435 0.7346 80 200 120
-0.7300 -2.0661 0.2074 80 200 120
-0.7025 -1.6910 0.1888 80 200 120
0.3625 -2.5867 0.9798 80 200 120
0.3241 -2.3901 1.0913 80 200 120
-0.5167 -3.1334 0.9555 80 200 120
0.3374 -1.5259 0.8424 80 200 120
0.3068 -2.2465 0.9942 80 200 120
-3.2282 -1.2999 1.3961 80 200 120
2.4272 -1.3677 0.2946 80 200 120
2.0724 -1.4772 0.0880 80 200 120
2.5514 -0.6701 0.6848 80 200 120
2.6115 -0.2258 0.8353 80 200 120
3.2356 -5.0276 -0.0031 80 200 120
0.3717 -2.5713 0.8382 80 200 120
-1.3690 1.1336 0.7475 80 200 120
3.5792 -4.8019 0.2474 80 200 120
0.4690 -1.4576 0.9002 80 200 120
0.2734 -1.0604 0.3630 80 200 120
-0.4836 -3.0853 1.0320 80 200 120
-1.3613 1.1348 0.3955 80 200 120
0.8686 -2.2524 0.5759 80 200 120
3.5928 -4.6982 2.0150 80 200 120
0.5831 -2.6761 1.2544 80 200 120
3.5007 -3.8785 2.8348 80 200 120
0.6840 -5.0081 1.8959 80 200 120
3.3839 -3.9697 3.1285 80 200 120
0.6077 -2.6844 3.0178 80 200 120
3.5943 -3.7738 1.6969 80 200 120
3.7069 -4.0659 2.3282 80 200 120
0.6054 -2.6886 2.8842 80 200 120
-0.5561 -5.0775 3.1929 80 200 120
2.7875 -1.3016 2.5279 80 200 120
2.1335 -5.0631 2.3326 80 200 120
3.2953 -3.6063 3.0981 80 200 120
3.5942 3.5826 -0.0136 80 200 120
-2.8016 4.5459 0.6330 80 200 120
-3.6075 -1.1837 3.0982 80 200 120
-3.4198 -5.0266 2.7907 80 200 120
-3.4391 -4.9975 1.1640 80 200 120
-0.7551 -5.1840 2.6333 80 200 120
-2.6499 -3.2857 1.5146 80 200 120
-3.7753 -1.7289 1.8152 80 200 120
-2.9405 -3.8043 1.5039 80 200 120
-3.8961 0.9947 2.7223 80 200 120
-0.1958 -4.8973 -0.0063 80 200 120
0.5351 -3.5603 -0.0051 80 200 120
0.2794 -1.9526 1.0430 80 200 120
-2.4856 -2.7071 1.3261 80 200 120
-1.7817 -2.2138 1.6622 80 200 120
2.6242 -0.9887 0.4404 80 200 120
-2.7761 -2.7195 1.4122 80 200 120
-2.7773 -2.9380 1.4057 80 200 120
3.2916 -3.4827 0.1792 80 200 120
-2.9377 -3.1818 1.3910 80 200 120
2.0849 -0.7887 -0.0674 80 200 120
-2.8055 -3.7940 1.4911 80 200 120
2.3148 -3.4704 -0.0633 80 200 120
1.3346 -4.9872 3.1374 80 200 120
3.3272 -3.9699 -0.1913 80 200 120
-1.1298 0.4841 -0.0949 80 200 120
-1.4253 0.6778 -0.1731 80 200 120
2.4055 0.1916 -0.0219 80 200 120
2.5920 2.1064 -0.1116 80 200 120
-1.0152 0.1551 -0.1568 80 200 120
-2.7151 1.7382 0.2241 80 200 120
-0.9548 2.0173 0.8452 80 200 120
-0.6484 4.5194 1.3242 80 200 120
0.6758 2.7072 0.4751 80 200 120
0.5351 0.2687 0.7577 80 200 120
2.4229 2.9786 0.4404 80 200 120
3.4335 2.6554 0.0094 80 200 120
-2.7568 -1.2377 1.3645 80 200 120
-0.6221 0.4145 -0.0959 80 200 120
-2.3977 -3.0315 0.6944 80 200 120
-1.8207 -4.3330 -0.0533 80 200 120
-2.5965 -3.8242 1.5566 80 200 120
3.2685 3.1768 0.0984 80 200 120
2.4151 -0.1694 0.6574 80 200 120
-2.5150 -3.7020 1.3668 80 200 120
3.1560 1.6851 0.2527 80 200 120
2.7340 0.1225 0.7815 80 200 120
0.3596 -2.3892 1.0515 80 200 120
0.1322 -0.0689 0.0064 80 200 120
0.6050 0.4602 0.8136 80 200 120
0.4045 -0.0524 0.3879 80 200 120
-2.9817 1.0666 0.7307 80 200 120
3.0992 -4.2814 0.0571 80 200 120
-2.2788 2.3745 0.8630 80 200 120
-2.8859 0.5995 -0.1189 80 200 120
-2.2379 -1.4392 0.1496 80 200 120
-0.1776 -5.0630 -0.0499 80 200 120
2.5136 -0.8391 2.9888 80 200 120
3.7494 -3.7385 2.2051 80 200 120
1.5306 -5.0906 2.1517 80 200 120
2.2832 -5.0369 1.4664 80 200 120
0.6915 -2.6943 2.8137 80 200 120
-1.3315 -5.0332 3.1655 80 200 120
3.5643 -3.3483 1.8382 80 200 120
3.1860 -3.2825 3.1093 80 200 120
3.4308 -4.9781 1.0087 80 200 120
3.3998 -4.0755 1.5941 80 200 120
3.3346 -3.2712 2.1831 80 200 120
0.6288 -2.6813 2.9638 80 200 120
3.4344 -3.3483 2.7210 80 200 120
2.7845 4.0078 2.9620 80 200 120
-2.3985 4.4370 2.9031 80 200 120
-0.0220 3.6077 2.7110 80 200 120
-1.4729 2.7538 0.8355 80 200 120
3.5894 0.6396 2.1544 80 200 120
-3.5375 2.6833 2.2336 80 200 120
4.3834 2.5046 1.1543 80 200 120
-2.5839 2.7751 -0.1499 80 200 120
-3.5773 0.3573 1.7583 80 200 120
-3.5675 0.7871 2.1042 80 200 120
-3.5564 -0.1477 1.5711 80 200 120
2.3680 4.4424 0.8302 80 200 120
-3.3054 -0.2259 3.1953 80 200 120
-2.5218 -1.3781 3.2224 80 200 120
-3.1111 -2.0968 1.4093 80 200 120
-0.5495 -5.4255 2.1008 80 200 120
-3.5151 -2.7741 1.5771 80 200 120
-2.5914 -3.1100 1.5556 80 200 120
-2.5885 -3.6276 1.0451 80 200 120
-1.1463 -5.3615 1.4700 80 200 120
-2.2232 -5.0229 2.8138 80 200 120
-2.9614 -5.0808 2.0225 80 200 120
-3.5139 -3.8704 1.7103 80 200 120
-2.5383 -3.9063 1.4210 80 200 120
-2.7724 -4.7382 0.2971 80 200 120
-1.4798 -2.1215 -0.0619 80 200 120
-1.0638 -2.0708 -0.0588 80 200 120
-2.4148 -3.5506 1.4552 80 200 120
2.8971 -3.1707 -0.0380 80 200 120
-2.9584 -3.4310 1.4248 80 200 120
-0.0780 -3.2312 0.6361 80 200 120
3.5639 -4.0500 1.0928 80 200 120
-0.8053 -1.9856 -0.0172 80 200 120
-0.0120 -3.7439 -0.0430 80 200 120
-0.4796 -5.0606 0.0219 80 200 120
2.2403 -4.8911 3.1396 80 200 120
-2.8066 0.2415 -0.3780 80 200 120
0.8252 0.1515 -0.0360 80 200 120
2.0161 2.9574 -0.1200 80 200 120
1.3513 -0.2519 -0.0739 80 200 120
-3.2285 0.7310 0.5902 80 200 120
0.3272 -2.2212 0.9661 80 200 120
-0.1349 -1.4005 0.6565 80 200 120
0.2965 -2.4370 1.1694 80 200 120
-3.1577 0.1333 0.4148 80 200 120
-2.7186 -2.6612 0.9660 80 200 120
2.5931 -0.7441 0.4841 80 200 120
0.4222 0.4333 0.9526 80 200 120
2.4403 -1.2564 -0.0118 80 200 120
3.3690 -4.6827 0.3953 80 200 120
3.3714 -3.7640 0.5363 80 200 120
3.2637 4.3780 3.0959 80 200 120
3.3691 -4.6568 2.8460 80 200 120
2.3754 -4.9834 1.7990 80 200 120
3.4777 -5.1227 2.3211 80 200 120
0.4128 -2.0760 2.7262 80 200 120
2.1942 -5.1629 2.7683 80 200 120
1.9695 -0.9811 2.9735 80 200 120
1.3885 -5.0328 2.6570 80 200 120
3.3653 -4.5926 2.0222 80 200 120
3.5134 -4.0752 1.1171 80 200 120
2.0406 -5.0690 1.6590 80 200 120
-0.9578 -4.8359 3.1648 80 200 120
-0.8362 -5.0229 2.8788 80 200 120
0.7785 -2.2596 2.8930 80 200 120
0.0010 -5.0881 2.4461 80 200 120
3.4619 -4.3486 0.8391 80 200 120
1.0949 -4.9777 2.1253 80 200 120
1.5656 -4.9772 1.5105 80 200 120
-0.2934 3.0475 3.0509 80 200 120
-0.2958 3.4551 2.9683 80 200 120
-3.1754 4.2508 3.1049 80 200 120
-3.4548 4.1367 2.7424 80 200 120
1.2432 1.6696 0.7320 80 200 120
-0.6936 0.7930 1.0931 80 200 120
-3.5010 3.6870 1.0156 80 200 120
3.2280 0.4641 1.7445 80 200 120
3.1061 0.1841 3.0957 80 200 120
2.1817 -1.3202 2.8056 80 200 120
1.7424 5.0955 0.6873 80 200 120
2.8842 4.7427 1.0439 80 200 120
0.1508 2.3785 0.8611 80 200 120
-0.8030 1.1583 1.3528 80 200 120
3.1935 -0.3529 3.1155 80 200 120
3.3199 0.9883 1.8646 80 200 120
-2.2868 5.1273 2.2101 80 200 120
-2.4008 -2.9406 1.5104 80 200 120
-2.4303 -3.8529 1.2724 80 200 120
-2.7097 -4.8763 0.6992 80 200 120
-1.0402 -4.8424 1.8969 80 200 120
-2.2985 -2.7680 0.5970 80 200 120
-2.2075 -3.1679 0.1788 80 200 120
1.1963 -2.0558 0.4125 80 200 120
2.3207 -0.9768 -0.0082 80 200 120
-2.3510 -3.5840 -0.0230 80 200 120
3.0092 -2.9509 0.3716 80 200 120
-2.8921 3.0073 0.3192 80 200 120
-1.1224 1.2155 0.8716 80 200 120
0.3424 0.6117 0.9101 80 200 120
-0.4652 -0.3940 -0.0769 80 200 120
-3.3383 -4.9281 0.1332 80 200 120
-2.2850 -3.8630 1.5341 80 200 120
2.5037 0.3200 -0.1110 80 200 120
2.3840 -0.2912 -0.1151 80 200 120
-3.3374 -1.4470 1.3276 80 200 120
2.4541 0.1665 0.3144 80 200 120
0.4004 -2.1840 0.9401 80 200 120
-0.4934 -3.1015 0.9584 80 200 120
0.3962 -2.6939 1.2193 80 200 120
3.2243 3.0660 2.6135 80 200 120
-1.4003 -3.2843 0.1329 80 200 120
-0.5790 -2.6285 0.7824 80 200 120
-3.1177 0.3861 0.2619 80 200 120
0.3661 -3.0952 0.9342 80 200 120
0.3212 -1.9701 1.0304 80 200 120
2.6409 -3.0470 0.1569 80 200 120
-2.3063 0.1794 -0.0806 80 200 120
1.1369 -2.1164 0.4835 80 200 120
-0.8219 -1.9697 0.0144 80 200 120
2.1803 -3.4157 -0.0035 80 200 120
2.7518 -4.4957 0.0173 80 200 120
1.5399 -2.0005 0.9702 80 200 120
0.3347 -2.7080 1.0857 80 200 120
1.2519 -2.1090 0.8885 80 200 120
-2.9534 0.8171 0.6496 80 200 120
-6.4201 11.8687 -2.4531 80 200 120
2.6447 2.1449 3.1011 80 200 120
3.3618 -4.0540 0.2082 80 200 120
3.1299 -0.6593 3.0691 80 200 120
3.4645 -4.7227 1.4313 80 200 120
3.3772 -3.1286 2.8853 80 200 120
2.9651 -2.9556 3.0966 80 200 120
3.4440 -2.9302 2.0659 80 200 120
0.5076 -5.0641 2.9887 80 200 120
3.8299 -5.0138 0.5036 80 200 120
3.2539 -5.1603 1.9446 80 200 120
3.8071 -3.5059 2.4587 80 200 120
2.2130 -5.2426 0.9807 80 200 120
3.7837 -3.7984 1.6861 80 200 120
3.4690 -3.3972 0.9755 80 200 120
0.5970 -5.0414 2.6193 80 200 120
-0.3361 3.2124 3.0182 80 200 120
2.4114 5.2297 2.9786 80 200 120
3.0611 0.7238 3.0786 80 200 120
3.4063 1.5105 0.6975 80 200 120
-0.2670 4.9258 -1.6860 80 200 120
-2.3782 3.3021 0.0623 80 200 120
-3.0123 3.8027 -0.5813 80 200 120
-3.5970 -0.7694 2.8363 80 200 120
2.0931 5.0729 1.1982 80 200 120
3.8016 5.7754 -0.6214 80 200 120
-0.2510 2.1371 0.4941 80 200 120
-3.5115 -3.2611 3.1172 80 200 120
-3.1673 -2.3121 1.3526 80 200 120
-3.3850 -1.7051 1.5991 80 200 120
-3.5169 -4.5590 2.0145 80 200 120
-2.7092 -2.9450 1.5851 80 200 120
-3.5791 -2.5693 2.2056 80 200 120
-3.5317 -4.1419 2.9130 80 200 120
-3.4730 -4.9723 1.5904 80 200 120
-3.5606 -1.7880 1.8510 80 200 120
-0.9647 -5.0635 2.3708 80 200 120
-2.2278 -5.2842 1.0349 80 200 120
-2.5011 -3.5227 1.6923 80 200 120
-2.3191 -3.3128 3.1911 80 200 120
-1.0693 -4.8479 -0.0693 80 200 120
-2.5775 -2.3095 1.3303 80 200 120
-2.6098 -2.6747 1.2741 80 200 120
0.2217 -3.2963 0.1021 80 200 120
0.8657 -2.6708 0.8691 80 200 120
-0.4746 -2.7533 0.9048 80 200 120
1.2817 -2.6415 1.4840 80 200 120
2.2872 -1.5467 0.4310 80 200 120
-2.5945 -1.8180 -0.2610 80 200 120
1.2259 -2.6550 1.3386 80 200 120
1.7172 -1.7830 0.1313 80 200 120
-0.3005 -3.1959 0.4312 80 200 120
0.3467 -3.1511 0.5101 80 200 120
-2.9875 1.9293 0.5924 80 200 120
-3.0797 0.4778 -0.0565 80 200 120
-2.6966 0.8837 0.1628 80 200 120
-0.2700 2.0725 0.0048 80 200 120
1.8115 -0.2636 -0.0829 80 200 120
-2.7080 -1.5196 1.2935 80 200 120
-3.7759 -5.2157 0.8576 80 200 120
-2.6451 -2.5968 0.3382 80 200 120
-2.4052 -1.1886 0.0649 80 200 120
-2.5686 -1.7517 1.2534 80 200 120
2.8449 0.6644 0.2522 80 200 120
-0.7663 1.8870 1.2018 80 200 120
3.2480 -3.4761 0.1878 80 200 120
-2.5982 0.9271 0.1083 80 200 120
2.2997 -4.2000 -0.0984 80 200 120
3.3460 1.5659 3.0867 80 200 120
-1.5090 1.2713 0.1842 80 200 120
-2.4232 -1.1155 0.0053 80 200 120
1.0338 -2.7099 1.6675 80 200 120
0.1038 -3.2252 0.5907 80 200 120
-0.2273 -1.3160 0.6854 80 200 120
-2.0953 -1.9541 -0.1768 80 200 120
2.0340 -5.0521 1.6664 80 200 120
2.2742 -5.0156 1.4797 80 200 120
3.2049 -3.4236 1.6631 80 200 120
3.5781 -3.2236 1.4012 80 200 120
2.3851 -5.0318 1.1134 80 200 120
3.1997 -3.6584 1.1812 80 200 120
-0.6057 -5.0463 3.1886 80 200 120
0.7816 -2.6696 2.8930 80 200 120
1.2003 -2.0164 2.9448 80 200 120
0.8094 -2.7079 2.7949 80 200 120
3.4417 -2.7104 2.7501 80 200 120
1.2726 -1.9981 3.1348 80 200 120
22.1911 14.4073 3.2027 80 200 120
1.8085 -1.6013 2.7850 80 200 120
1.4896 -4.9697 2.4330 80 200 120
-1.3810 -5.0689 3.1777 80 200 120
0.0419 1.9801 3.0827 80 200 120
-0.3592 2.7997 3.0863 80 200 120
-1.6528 5.2525 2.4688 80 200 120
1.5654 6.3970 -0.4622 80 200 120
3.5910 4.1077 0.5114 80 200 120
-2.4284 5.1569 1.1880 80 200 120
3.0410 1.4366 1.2508 80 200 120
-3.9152 3.9323 1.4897 80 200 120
2.0830 -0.0434 1.8781 80 200 120
-1.3600 1.3595 0.8225 80 200 120
-0.9033 2.1538 1.0570 80 200 120
3.7804 3.9327 -0.1328 80 200 120
1.6961 5.1093 -0.5823 80 200 120
-3.7306 0.5063 1.7366 80 200 120
3.7034 -0.9514 3.1605 80 200 120
2.3170 4.3265 0.8004 80 200 120
-3.4377 -2.5318 3.1568 80 200 120
-3.4777 0.6104 2.8104 80 200 120
-2.6731 -5.0839 2.7440 80 200 120
-2.3842 -5.0384 1.2744 80 200 120
-1.3559 -4.9279 1.8230 80 200 120
-0.3645 -5.0172 3.1579 80 200 120
-3.3261 -2.2155 3.1451 80 200 120
-3.3834 -5.0126 0.7884 80 200 120
-2.4240 -3.9636 1.4616 80 200 120
-3.5696 0.9495 3.1968 80 200 120
-0.1684 -2.5638 1.1456 80 200 120
-2.7593 -2.6231 0.5757 80 200 120
0.4137 -2.6801 0.9708 80 200 120
-2.5576 -4.4551 3.0023 80 200 120
0.3906 -2.4550 1.0043 80 200 120
-3.0739 -2.4144 0.0966 80 200 120
2.0692 -3.7259 -0.1527 80 200 120
-2.4622 -3.3224 1.3515 80 200 120
-2.0257 -3.0974 0.4217 80 200 120
0.8560 -2.6698 0.5723 80 200 120
3.0471 -4.6031 -0.0505 80 200 120
3.4136 -3.8387 0.5518 80 200 120
3.5000 -2.9298 -0.0235 80 200 120
-2.8765 -4.9344 2.4628 80 200 120
3.3552 -4.5362 2.0578 80 200 120
-3.2080 1.4507 0.9096 80 200 120
-3.6079 3.1746 0.7343 80 200 120
-2.7864 2.0903 0.3941 80 200 120
-2.8183 0.9240 0.4006 80 200 120
-2.5335 4.3580 0.1864 80 200 120
-2.8445 -0.4013 0.5508 80 200 120
-1.4263 1.7041 0.8317 80 200 120
-0.4812 -3.1501 0.7238 80 200 120
3.5460 2.1971 -0.0196 80 200 120
0.1104 -3.3032 0.2932 80 200 120
0.0091 0.3665 0.8025 80 200 120
-2.0228 -1.9854 -0.0709 80 200 120
3.3685 1.1966 1.0694 80 200 120
1.4215 -2.0066 1.3684 80 200 120
-0.5578 -1.1870 0.3945 80 200 120
-1.4850 -3.3383 -0.0104 80 200 120
-2.8440 1.8846 0.8115 80 200 120
-1.2802 2.2871 0.9864 80 200 120
-2.5222 2.6013 -0.0486 80 200 120
1.4243 -4.4044 -0.0479 80 200 120
3.4161 -4.9793 1.0008 80 200 120
-1.4631 -5.1854 2.9872 80 200 120
2.8990 -3.8754 0.9375 80 200 120
1.7024 -5.0604 1.9218 80 200 120
4.9734 -3.0594 0.5405 80 200 120
-3.2815 2.8295 3.0818 80 200 120
3.8678 0.4196 1.3603 80 200 120
3.3545 0.0470 2.7472 80 200 120
-2.2049 3.7299 0.4590 80 200 120
-3.2075 1.4021 0.8525 80 200 120
-3.4055 0.9574 0.9452 80 200 120
-3.6004 -3.8070 3.1194 80 200 120
-2.8394 -2.9512 3.1956 80 200 120
-3.3560 -4.4632 3.1343 80 200 120
-0.5909 -4.9800 3.2042 80 200 120
-2.8399 -3.3506 1.4068 80 200 120
-3.4931 -1.5472 2.0198 80 200 120
-0.8037 -5.0305 2.8664 80 200 120
-1.2201 -5.0541 2.3867 80 200 120
-1.7957 -4.9433 1.7979 80 200 120
-2.5432 -3.5542 1.6749 80 200 120
-2.7613 -2.9590 1.5645 80 200 120
-2.6446 -2.4587 0.0199 80 200 120
-3.4894 -5.0119 1.1288 80 200 120
3.4956 -4.7852 2.5272 80 200 120
1.1626 -2.6051 0.7454 80 200 120
1.1807 -2.6112 1.0222 80 200 120
-2.4122 -2.9387 1.4417 80 200 120
-2.4499 -4.1055 0.3278 80 200 120
3.6130 -4.0813 1.0959 80 200 120
0.2985 -2.0199 1.1321 80 200 120
2.5719 -2.6378 0.0897 80 200 120
-2.4181 -2.0607 -0.0343 80 200 120
-2.4264 -3.8160 0.7470 80 200 120
-2.9966 0.7852 0.1913 80 200 120
-2.7468 1.0233 0.4825 80 200 120
-0.8805 1.8530 0.6852 80 200 120
-2.8161 -0.5377 0.6506 80 200 120
0.3308 0.1838 0.8556 80 200 120
-2.3604 -2.9850 -0.0367 80 200 120
2.3467 2.9158 0.6727 80 200 120
2.2158 -0.7962 0.1924 80 200 120
-2.4168 -3.8334 1.4167 80 200 120
-0.4826 -2.3639 0.2841 80 200 120
-2.7968 -3.9357 1.4925 80 200 120
2.5127 -0.0905 0.5487 80 200 120
-0.4855 -2.2069 0.5440 80 200 120
-0.4964 -2.6302 0.2930 80 200 120
-2.4194 -3.5681 1.4619 80 200 120
0.6957 2.9915 0.3334 80 200 120
-3.3033 4.5672 0.0891 80 200 120
2.8084 3.6462 3.0115 80 200 120
3.0849 1.3041 3.0564 80 200 120
0.1819 -3.2663 0.2269 80 200 120
0.7926 -2.6682 1.0863 80 200 120
0.1418 -4.9690 0.0124 80 200 120
-0.4795 -3.1219 0.8305 80 200 120
-0.9769 -4.7413 0.0567 80 200 120
-0.1881 -4.8009 0.2424 80 200 120
1.1647 -4.9608 0.0356 80 200 120
3.6725 -3.2515 1.3836 80 200 120
-0.5374 -1.8971 0.6614 80 200 120
2.9146 -2.6418 3.0747 80 200 120
-0.2628 -5.1296 2.5169 80 200 120
1.7740 -2.5228 3.1346 80 200 120
1.3710 -4.9402 1.7199 80 200 120
1.3240 -3.6274 3.2085 80 200 120
1.1161 -5.0229 2.1059 80 200 120
3.5067 -3.2007 1.3990 80 200 120
2.3472 -4.9789 1.1382 80 200 120
-0.7692 -5.0519 2.7648 80 200 120
2.8746 2.9681 2.9485 80 200 120
1.0048 4.6356 1.8942 80 200 120
-0.9744 4.0467 2.9641 80 200 120
1.5343 1.0512 0.5233 80 200 120
2.7716 4.8061 2.2359 80 200 120
0.1637 2.4105 0.8383 80 200 120
-1.2902 1.7226 1.0929 80 200 120
-0.9746 1.0571 0.9592 80 200 120
-0.1554 3.3065 1.1041 80 200 120
2.2883 2.6999 0.5835 80 200 120
-2.6171 2.8421 -0.1405 80 200 120
-0.6949 2.1473 0.6084 80 200 120
-0.1631 0.2709 1.1096 80 200 120
-2.6880 1.8603 0.2734 80 200 120
-1.9381 1.8029 0.2155 80 200 120
-1.7866 4.9943 0.7967 80 200 120
-1.3820 -5.0186 2.7782 80 200 120
-3.5979 -4.8282 1.3256 80 200 120
-3.5188 -3.8718 1.6289 80 200 120
-3.6397 -1.7165 1.8496 80 200 120
-3.5140 -2.7723 1.5560 80 200 120
-1.6338 -5.0245 1.6839 80 200 120
-3.6178 -1.8540 1.6106 80 200 120
-1.0820 -4.1280 -0.1050 80 200 120
-2.7288 -3.1302 1.4701 80 200 120
-2.3697 -3.2943 1.4213 80 200 120
0.8592 -2.6448 0.8630 80 200 120
-2.7502 -2.7088 1.4419 80 200 120
0.4060 -2.7410 1.0207 80 200 120
-3.2433 -2.3228 1.2973 80 200 120
-2.5853 -2.6118 0.4006 80 200 120
-2.3870 -3.8249 1.2931 80 200 120
1.4543 -5.1570 3.1787 80 200 120
-3.1570 2.7512 0.5723 80 200 120
-3.2358 1.1706 0.9909 80 200 120
-2.7083 0.8864 0.5037 80 200 120
-0.0667 -0.6146 0.0561 80 200 120
-0.2816 -1.1165 0.4977 80 200 120
-3.0047 -2.4567 0.4445 80 200 120
-2.3575 -2.6715 0.1332 80 200 120
3.0450 0.8507 0.1621 80 200 120
0.3555 -1.5999 0.9831 80 200 120
0.3777 -2.1770 0.9630 80 200 120
0.4062 -2.2753 0.8883 80 200 120
0.4560 0.0983 0.9062 80 200 120
2.4230 2.7045 0.1526 80 200 120
2.8679 2.5387 0.3910 80 200 120
-0.5887 1.8066 0.3046 80 200 120
0.7019 1.0517 0.6932 80 200 120
3.4683 3.7659 1.2555 80 200 120
2.4908 1.6448 0.0315 80 200 120
0.1081 1.6169 0.4552 80 200 120
0.9255 -2.6614 1.6083 80 200 120
1.0313 -2.6422 1.2876 80 200 120
-2.3862 -2.1236 -0.1170 80 200 120
-2.7120 1.2930 -0.0170 80 200 120
-0.7836 2.5858 0.9831 80 200 120
-2.3856 -1.1375 0.0600 80 200 120
-1.3341 2.8869 0.8353 80 200 120
-2.4040 -1.8986 -0.0190 80 200 120
-2.3730 -1.3716 0.0244 80 200 120
-2.3110 -1.1232 0.4995 80 200 120
2.2282 -4.8697 0.8399 80 200 120
-1.3203 -4.9840 3.1604 80 200 120
-0.1346 -4.9125 3.1736 80 200 120
-0.0131 -4.9862 2.4690 80 200 120
2.7772 -4.1161 1.1178 80 200 120
2.8543 -2.2908 3.0655 80 200 120
-0.0987 -4.8819 2.2859 80 200 120
-1.6260 -4.8572 3.1205 80 200 120
-1.9212 4.9325 1.6786 80 200 120
1.6237 3.3644 0.4749 80 200 120
3.2056 5.9973 -1.4845 80 200 120
3.1655 2.6247 0.3266 80 200 120
1.2545 2.3143 0.1283 80 200 120
-3.1913 -2.1770 3.0935 80 200 120
-0.4089 2.8013 -0.0280 80 200 120
-0.3155 2.4107 0.8191 80 200 120
1.1291 3.3633 0.5613 80 200 120
0.7639 3.4786 0.2904 80 200 120
3.2759 1.2671 1.4902 80 200 120
-3.5136 5.2930 1.2395 80 200 120
-1.6869 3.2591 3.2346 80 200 120
-3.4060 -1.3940 3.1595 80 200 120
3.3086 -0.7046 2.8713 80 200 120
-3.6962 4.8455 0.6029 80 200 120
-3.2679 -4.9270 3.1556 80 200 120
-3.3389 -1.0126 3.1840 80 200 120
-1.9163 -5.0246 2.1781 80 200 120
-3.2866 -4.8667 1.2186 80 200 120
-3.2529 -2.6461 3.1473 80 200 120
-3.3979 -1.1378 1.9957 80 200 120
-3.4827 -2.5337 1.5716 80 200 120
-3.6940 -2.3081 2.7036 80 200 120
-2.8279 -3.6514 1.4689 80 200 120
-2.6762 -5.1157 1.4468 80 200 120
-0.8156 -2.2580 -0.0775 80 200 120
-2.6898 -5.0871 -0.0279 80 200 120
-2.8648 -2.5632 0.5356 80 200 120
2.1093 -2.4171 0.8247 80 200 120
-2.4798 -2.2876 -0.0658 80 200 120
3.4548 -4.9409 0.8653 80 200 120
-2.3579 -2.8469 0.7923 80 200 120
-3.0306 -5.0534 2.4465 80 200 120
-2.3604 -3.2116 -0.0377 80 200 120
1.4063 -1.9955 0.0656 80 200 120
-0.5024 -2.1879 0.2539 80 200 120
0.3021 -2.6765 1.1447 80 200 120
4.2147 4.5981 -0.5173 80 200 120
-0.2526 2.4050 0.3372 80 200 120
0.9902 3.5707 0.1402 80 200 120
1.1713 4.3368 0.2421 80 200 120
-2.9698 2.1895 0.7100 80 200 120
-2.5698 -2.3445 0.0792 80 200 120
2.5856 2.3823 3.1001 80 200 120
-2.1970 -1.7464 -0.1463 80 200 120
-0.4706 -2.2272 0.4781 80 200 120
-0.4557 -2.3336 0.2262 80 200 120
-2.3226 -3.3844 -0.0019 80 200 120
-0.4957 -1.6933 0.7454 80 200 120
3.2947 -2.9582 2.4433 80 200 120
1.8274 -4.8981 1.7328 80 200 120
1.1900 -4.6067 1.6803 80 200 120
0.5523 -4.9943 2.0418 80 200 120
6.1568 -2.1324 1.4567 80 200 120
1.0179 -5.0941 1.8608 80 200 120
1.6680 -3.1760 1.7153 80 200 120
2.8657 -4.6257 0.7734 80 200 120
-0.1304 -2.8136 2.5550 80 200 120
2.6143 -3.8097 1.0792 80 200 120
2.3334 -1.4645 3.4558 80 200 120
2.2592 1.5037 0.2144 80 200 120
-3.5977 2.8322 1.0998 80 200 120
-1.1939 0.6935 1.1334 80 200 120
-1.4750 2.1918 1.0222 80 200 120
-2.0188 2.2225 0.0245 80 200 120
-0.9814 0.9082 1.0670 80 200 120
2.0200 16.5123 -6.9486 80 200 120
-2.4281 1.2590 0.5905 80 200 120
-3.2606 0.4534 2.3993 80 200 120
-2.6447 -3.8541 1.4876 80 200 120
-3.4349 -0.5122 3.1697 80 200 120
-3.5405 -1.4995 2.0051 80 200 120
-3.4501 0.7505 3.2090 80 200 120
-3.5057 -1.5894 2.6254 80 200 120
-3.5290 -4.2543 2.2929 80 200 120
-2.7060 -5.0651 2.7665 80 200 120
-2.7727 -3.3009 1.4841 80 200 120
-3.5473 -5.0460 2.4304 80 200 120
-2.3898 -4.8798 3.1534 80 200 120
-3.0088 -4.7860 3.0781 80 200 120
-2.8413 -3.3112 1.4087 80 200 120
-2.3739 -3.3193 1.4055 80 200 120
3.2205 -3.2340 1.1588 80 200 120
-2.3231 -1.9911 0.0889 80 200 120
3.2817 -3.0671 0.5964 80 200 120
1.6682 -2.5067 0.6033 80 200 120
-0.5293 -2.6488 0.6989 80 200 120
3.2387 -2.5808 0.1397 80 200 120
-2.7197 -4.4357 1.0617 80 200 120
-2.9660 1.9069 0.6050 80 200 120
0.3982 0.0523 0.4653 80 200 120
-0.1652 -0.2051 -0.2009 80 200 120
-0.7767 2.1237 0.6847 80 200 120
-2.9626 -4.4599 0.4815 80 200 120
-2.3165 -3.7658 1.4928 80 200 120
-2.6768 -4.2825 0.3255 80 200 120
-0.4424 -3.0901 0.7832 80 200 120
-0.4992 -2.7747 0.1368 80 200 120
-2.6712 -2.3497 0.0616 80 200 120
0.3608 -1.6093 0.9948 80 200 120
-0.5221 -2.5480 0.3409 80 200 120
0.3024 -2.2308 1.0697 80 200 120
2.2730 2.9113 0.5063 80 200 120
2.9107 -0.3393 0.6953 80 200 120
2.5454 -0.4489 0.5342 80 200 120
-0.4772 -0.3804 -0.0439 80 200 120
-0.3993 2.0775 -0.0305 80 200 120
-0.6490 2.0385 0.6696 80 200 120
-3.2862 4.5643 0.0925 80 200 120
-2.2495 -2.6739 0.1063 80 200 120
-2.3577 -1.3775 0.0556 80 200 120
-2.0613 -1.3690 0.8144 80 200 120
1.1725 -4.5116 1.3628 80 200 120
1.2541 -2.5707 3.1858 80 200 120
1.2013 -2.5844 2.6998 80 200 120
2.0762 -4.8788 0.9452 80 200 120
-1.4453 -4.8479 3.1259 80 200 120
2.8098 -2.4546 1.5176 80 200 120
0.0863 -4.9678 2.7381 80 200 120
3.5336 0.8707 3.1986 80 200 120
3.2639 3.1565 2.6477 80 200 120
3.7053 2.1805 -0.1306 80 200 120
3.1210 1.1348 0.4352 80 200 120
4.0176 -0.5421 1.7527 80 200 120
-3.0983 1.8190 3.0446 80 200 120
3.3441 -0.5189 1.6278 80 200 120
1.7797 2.6239 0.1372 80 200 120
2.2050 4.0483 2.8680 80 200 120
-0.6904 4.0103 1.3738 80 200 120
3.3726 1.8378 2.2688 80 200 120
-3.0860 2.5728 0.5371 80 200 120
2.6514 -1.5170 2.4688 80 200 120
-0.3716 -4.9982 3.1326 80 200 120
-1.6873 -1.6783 3.2133 80 200 120
-3.5615 -3.8027 1.3740 80 200 120
-3.4710 -1.3721 2.1485 80 200 120
-3.7768 -0.7327 2.0923 80 200 120
-0.8031 -5.0545 2.8509 80 200 120
-3.8351 1.0875 2.8042 80 200 120
-1.2228 -4.9187 2.1646 80 200 120
-1.2608 -3.9712 -0.0984 80 200 120
-2.5246 -4.1967 1.0975 80 200 120
-2.8634 -3.1454 1.4075 80 200 120
0.3055 -2.7148 1.1585 80 200 120
-2.3219 -1.6942 0.0602 80 200 120
0.0201 -3.1341 0.2671 80 200 120
-2.8370 -3.9583 1.4512 80 200 120
-3.4267 -2.2726 1.2300 80 200 120
2.5438 0.5171 -0.0919 80 200 120
3.5369 2.8781 -0.1310 80 200 120
-2.8095 -3.1336 1.4565 80 200 120
-2.7551 -2.6954 1.4500 80 200 120
-2.4601 -2.0166 1.2908 80 200 120
-2.9343 -1.8928 1.3493 80 200 120
2.4367 -0.2967 -0.1369 80 200 120
1.8952 0.2919 -0.1104 80 200 120
0.4261 0.0418 0.1197 80 200 120
0.3483 -0.0149 0.1078 80 200 120
-0.9261 0.6625 0.0627 80 200 120
3.5141 0.5149 2.1825 80 200 120
-0.3765 -0.0434 -0.0207 80 200 120
2.2642 -2.4534 3.0168 80 200 120
-2.2300 3.4210 0.0748 80 200 120
-3.0659 2.4023 0.6506 80 200 120
-2.4242 -1.5070 -0.0666 80 200 120
-0.4812 -2.7209 0.1556 80 200 120
-0.3335 -5.0223 3.2112 80 200 120
-1.8265 -4.8070 3.1120 80 200 120
1.6786 -5.0556 1.3980 80 200 120
4.3068 -0.2376 2.2126 80 200 120
3.8271 -5.2115 1.4448 80 200 120
2.4969 -3.5355 1.4022 80 200 120
2.9484 2.0449 1.5755 80 200 120
-0.6841 2.1898 0.6908 80 200 120
-3.5799 0.6590 2.7707 80 200 120
-3.6061 0.8467 2.0785 80 200 120
1.6535 1.5503 1.0479 80 200 120
1.7223 1.6741 0.5498 80 200 120
-2.5951 1.6499 0.3661 80 200 120
-3.3284 5.4647 1.8940 80 200 120
0.3221 3.2814 0.5366 80 200 120
0.9177 2.8811 0.7248 80 200 120
-0.0571 2.3257 0.0035 80 200 120
-3.6097 -1.5821 2.9354 80 200 120
-1.8460 -5.0691 2.5937 80 200 120
-3.5794 -1.7805 1.8540 80 200 120
-1.2956 -5.0423 2.9448 80 200 120
0.8052 -2.2076 0.7282 80 200 120
-0.4909 -1.7737 0.0884 80 200 120
1.8692 -1.0808 -0.3087 80 200 120
-0.0139 -2.9570 1.0565 80 200 120
3.3335 -2.1876 0.1357 80 200 120
-2.8537 -3.9615 1.4430 80 200 120
-2.2823 -1.2903 0.2372 80 200 120
-2.3609 -3.1457 -0.1129 80 200 120
-2.4370 -2.3048 -0.0169 80 200 120
-2.2363 -1.2738 0.6507 80 200 120
2.7219 0.5102 0.4224 80 200 120
-0.4566 -3.0228 -0.0139 80 200 120
2.5271 -0.0432 0.4944 80 200 120
-2.3911 -3.3242 1.4217 80 200 120
-2.7027 -2.1035 1.3024 80 200 120
-0.4897 -2.5182 -0.0842 80 200 120
-2.5295 -4.0694 1.3071 80 200 120
-2.5229 -4.1928 0.1605 80 200 120
0.3215 -2.6831 1.1340 80 200 120
0.4584 -2.1378 0.8775 80 200 120
2.4667 -1.2937 0.2182 80 200 120
0.3711 -1.9233 1.0069 80 200 120
-0.3677 -1.3567 0.5235 80 200 120
2.4318 -0.1775 0.2519 80 200 120
2.1672 3.2880 0.3892 80 200 120
0.2942 0.1139 0.6341 80 200 120
-0.4241 -2.9586 0.0498 80 200 120
-2.3038 -2.6549 0.0223 80 200 120
-2.9960 -0.4386 0.4270 80 200 120
1.0629 -2.6288 3.1310 80 200 120
1.6100 -1.8455 3.2350 80 200 120
3.4040 -1.0967 3.1388 80 200 120
2.6847 -3.1804 1.3580 80 200 120
-1.0087 -5.0166 3.1756 80 200 120
2.2432 -5.1016 2.2960 80 200 120
1.1721 -4.9776 1.8494 80 200 120
3.2505 -4.8818 1.0672 80 200 120
2.8204 -5.2286 0.7923 80 200 120
1.7965 -4.8851 1.2408 80 200 120
9.4648 -1.6984 1.2970 80 200 120
1.1590 -5.1085 2.0089 80 200 120
0.4765 -2.6575 3.1621 80 200 120
2.7983 -5.1595 2.0201 80 200 120
3.2198 -0.5889 3.0851 80 200 120
0.9455 -2.1632 3.2301 80 200 120
0.3032 3.1843 2.1835 80 200 120
1.7403 3.7753 0.3449 80 200 120
3.6566 3.5979 -0.0159 80 200 120
3.5456 2.1329 0.5392 80 200 120
3.5698 4.0731 0.4896 80 200 120
2.4274 3.1962 1.9716 80 200 120
-2.9348 4.8822 0.5497 80 200 120
-3.4316 0.2086 1.8491 80 200 120
-3.1186 0.7426 0.9296 80 200 120
-2.8557 0.8226 1.1137 80 200 120
2.3894 -1.7147 2.9157 80 200 120
-2.2879 3.2488 -0.5150 80 200 120
-3.4120 -0.4188 2.2094 80 200 120
-0.1076 -5.0447 3.1856 80 200 120
-3.1959 -2.9730 3.1136 80 200 120
-1.2214 -5.0741 2.3693 80 200 120
-3.4517 -4.9780 1.5314 80 200 120
-2.7560 -3.9128 1.5090 80 200 120
-3.4368 -4.9695 1.0712 80 200 120
-3.6502 -1.7627 2.5814 80 200 120
-3.6338 -3.4685 2.8028 80 200 120
-3.5860 -0.7133 2.8472 80 200 120
-3.3658 -0.0690 3.1506 80 200 120
-0.4749 -2.1808 0.1666 80 200 120
0.2709 -2.2590 1.1844 80 200 120
-0.5026 -1.7195 0.6267 80 200 120
-2.9950 -3.5164 1.3655 80 200 120
2.8696 -3.8796 1.3394 80 200 120
-3.4143 3.2728 0.5676 80 200 120
-2.2691 0.3632 -0.1379 80 200 120
-0.1810 2.0816 -0.1389 80 200 120
-2.4938 -2.7314 1.3559 80 200 120
3.5019 1.9921 -0.0114 80 200 120
1.2494 -2.0674 0.6302 80 200 120
2.5545 0.7191 -0.0010 80 200 120
1.3323 0.7108 -0.0239 80 200 120
-0.4793 -2.7010 0.0297 80 200 120
-1.4299 1.6510 0.5218 80 200 120
1.9510 -4.8571 0.1589 80 200 120
2.9008 -4.7611 3.0871 80 200 120
-0.4108 -3.0704 0.7678 80 200 120
-2.3578 -3.0061 -0.0872 80 200 120
2.9455 -0.1516 3.0284 80 200 120
2.9266 -2.8320 1.5872 80 200 120
2.8954 -0.9559 2.8451 80 200 120
2.4420 -1.4874 2.5608 80 200 120
3.2911 0.5528 3.1314 80 200 120
0.4380 -2.5372 2.9949 80 200 120
1.6088 -5.0158 1.5024 80 200 120
0.0358 -4.8856 3.1927 80 200 120
-1.3399 -5.0322 3.1631 80 200 120
-0.1286 -5.0336 2.7620 80 200 120
3.1727 3.9700 2.5804 80 200 120
2.4216 5.0177 1.9044 80 200 120
0.0117 3.3337 -0.4222 80 200 120
-2.7852 1.0649 0.7830 80 200 120
-1.1694 2.5439 0.8169 80 200 120
-3.6102 0.8924 2.4001 80 200 120
2.4581 3.0239 0.4906 80 200 120
2.3390 2.8234 -0.0147 80 200 120
1.2241 4.6073 0.1631 80 200 120
-2.3066 4.8916 0.0631 80 200 120
1.3423 -2.0668 3.1836 80 200 120
-4.1513 0.4377 1.3009 80 200 120
4.3907 -0.2160 1.7519 80 200 120
-3.5529 -3.8450 2.1068 80 200 120
-3.4384 -5.1186 1.9289 80 200 120
-2.0857 -5.0525 2.3110 80 200 120
-3.5090 -3.0292 2.1910 80 200 120
-3.6373 -2.2215 2.4050 80 200 120
-2.9739 -5.0684 1.6667 80 200 120
-1.3085 -1.7657 -0.0904 80 200 120
-0.4478 -2.9321 -0.1039 80 200 120
0.2517 -2.7107 1.2450 80 200 120
-2.4857 -2.9890 1.4479 80 200 120
-2.7732 -2.7080 1.4236 80 200 120
-3.2544 -2.3293 1.3055 80 200 120
-2.3386 -2.6952 1.4111 80 200 120
-1.1785 0.6643 -0.1361 80 200 120
-1.5776 0.8705 -0.1250 80 200 120
0.3199 -0.0159 0.0708 80 200 120
0.4450 0.1836 0.7769 80 200 120
-0.4373 -3.0230 -0.2139 80 200 120
-2.4379 -4.0301 1.3740 80 200 120
-2.3958 -3.8004 1.4103 80 200 120
-0.4773 -2.6931 -0.0634 80 200 120
-2.7688 -4.3815 0.7063 80 200 120
-2.6014 -4.2323 0.4885 80 200 120
-0.3880 -3.0731 0.8529 80 200 120
0.3801 -1.9115 1.0060 80 200 120
0.7167 -2.2572 0.7203 80 200 120
-2.4987 -1.4910 1.2609 80 200 120
1.0610 -0.1186 -0.1414 80 200 120
-1.1887 1.3063 -0.1110 80 200 120
1.7709 3.8478 0.4130 80 200 120
-3.4096 0.7573 0.6122 80 200 120
-3.3426 0.7428 0.1139 80 200 120
-2.8418 1.1313 0.7253 80 200 120
1.7289 -1.8403 3.2440 80 200 120
3.0976 -4.6672 0.6814 80 200 120
-1.4986 -4.8600 3.0976 80 200 120
-0.7424 -5.0391 3.1662 80 200 120
0.3635 3.3606 0.5312 80 200 120
-1.0201 1.4328 0.7840 80 200 120
-2.6432 -5.0763 2.2133 80 200 120
-3.5423 -5.0519 0.9977 80 200 120
-1.3808 -5.0239 2.9541 80 200 120
-2.3313 -3.1486 -0.0679 80 200 120
-2.4111 -1.1340 0.0026 80 200 120
-0.0510 0.4749 0.1762 80 200 120
-2.3740 -3.9777 -0.0368 80 200 120
-1.5420 -3.3637 -0.0833 80 200 120
0.4904 -2.6563 0.9355 80 200 120
-2.3560 -3.2494 1.4602 80 200 120
-2.0782 2.5427 -0.1125 80 200 120
0.5491 -3.0573 0.8372 80 200 120
1.2165 -0.0305 -0.0749 80 200 120
1.8216 -0.6978 -0.0571 80 200 120
2.0776 3.2449 0.2411 80 200 120
0.5460 3.8643 0.3633 80 200 120
-0.0578 0.4776 0.1973 80 200 120
-0.0542 1.7869 -0.0804 80 200 120
-2.6150 -1.0323 1.1549 80 200 120
-2.3733 -2.6541 -0.1022 80 200 120
1.4450 -2.5725 3.2289 80 200 120
-0.0116 -4.9781 2.4681 80 200 120
-0.3797 -4.9403 3.1347 80 200 120
0.4550 -2.5067 3.1889 80 200 120
-0.5529 -4.9509 3.1600 80 200 120
1.1545 -5.2324 1.4459 80 200 120
1.3258 -4.7020 1.2819 80 200 120
1.4112 -5.1381 1.4266 80 200 120
-3.4057 1.6231 3.1452 80 200 120
-1.9606 4.8476 0.1331 80 200 120
-3.5231 5.1130 -0.1354 80 200 120
-2.5958 2.7318 -0.0752 80 200 120
1.8226 -1.9549 3.1350 80 200 120
-0.2551 3.7915 -0.3658 80 200 120
0.3934 0.6148 0.9667 80 200 120
-2.3729 2.3133 3.0160 80 200 120
-2.4047 3.9006 0.4213 80 200 120
1.2858 -2.6190 3.2083 80 200 120
-3.3602 3.8855 2.7379 80 200 120
-3.0955 0.4179 1.1999 80 200 120
-3.5171 -4.2526 1.8024 80 200 120
-3.3634 -3.3778 2.5861 80 200 120
-3.5347 -3.9869 1.9313 80 200 120
-2.1468 -4.9528 1.8199 80 200 120
-0.9718 -5.0391 2.8602 80 200 120
-1.5880 -5.0329 2.6025 80 200 120
-3.7625 -2.4966 2.8910 80 200 120
0.9165 -1.8477 0.4188 80 200 120
-2.5360 -1.9620 -0.3220 80 200 120
-0.5437 -2.7619 0.4503 80 200 120
-0.6398 -2.5181 0.8834 80 200 120
0.5983 -2.3155 0.9048 80 200 120
-2.6842 1.5166 -0.0969 80 200 120
-2.4179 -2.2939 0.0003 80 200 120
-2.3635 -3.4708 -0.0409 80 200 120
-0.9525 -2.2308 -0.1938 80 200 120
2.4445 2.9248 0.4861 80 200 120
-2.7145 -4.3324 0.8164 80 200 120
2.7620 0.5511 0.3936 80 200 120
-2.8571 -3.9514 1.4621 80 200 120
2.4562 2.0628 0.6125 80 200 120
2.1145 -0.2076 -0.1616 80 200 120
0.2019 0.0230 0.9925 80 200 120
-1.0520 1.4307 0.8602 80 200 120
3.5775 0.4120 1.8321 80 200 120
-3.2765 0.8717 0.6561 80 200 120
-2.8480 0.9727 0.8030 80 200 120
-2.7866 -0.5974 0.6177 80 200 120
3.5491 -3.4571 1.0611 80 200 120
2.8892 -0.9022 2.8533 80 200 120
-1.5428 -5.1081 3.1792 80 200 120
0.5019 -4.8406 2.0113 80 200 120
2.2043 -3.1910 3.0487 80 200 120
3.4512 -3.8124 2.7825 80 200 120
2.8316 -0.7057 3.1101 80 200 120
2.1906 -3.4396 3.0669 80 200 120
-1.3697 -5.1714 3.2014 80 200 120
-3.4846 1.9933 1.5232 80 200 120
-0.2070 3.3382 0.5526 80 200 120
3.4999 -0.5722 1.8642 80 200 120
0.5448 3.9914 0.2943 80 200 120
0.0632 2.3860 0.0599 80 200 120
-3.9752 5.3920 -1.6314 80 200 120
-3.5114 -4.1541 2.5866 80 200 120
-2.3322 -5.0206 2.5870 80 200 120
-1.1364 -4.8343 3.1421 80 200 120
-3.6871 -1.7685 1.9451 80 200 120
-1.7922 -5.1629 2.1120 80 200 120
-3.5415 -5.0525 1.1066 80 200 120
-2.4910 -5.0491 2.0223 80 200 120
-2.3975 -3.4281 0.5886 80 200 120
-2.3862 -3.3089 0.4126 80 200 120
-1.9717 -5.1616 0.6669 80 200 120
-2.7057 -2.5841 0.9735 80 200 120
-0.4890 -2.1154 0.1741 80 200 120
0.4895 -2.7185 1.7808 80 200 120
-2.6864 -2.2769 1.2489 80 200 120
-2.5532 -2.2435 1.1816 80 200 120
-2.3218 -3.4944 -0.0402 80 200 120
-1.3081 1.2515 -0.0857 80 200 120
-1.3259 1.3899 0.0875 80 200 120
-2.6000 3.9362 -0.2404 80 200 120
-1.3856 1.4356 0.1212 80 200 120
1.1456 5.8040 -0.3221 80 200 120
-2.6282 -2.2961 1.2143 80 200 120
-0.3524 -3.0648 0.7148 80 200 120
-0.5807 -2.5520 0.2484 80 200 120
-0.0446 0.2808 0.1114 80 200 120
-1.1554 0.4542 -0.1072 80 200 120
-2.3493 -1.1847 0.1127 80 200 120
-2.2745 -2.6870 0.1142 80 200 120
-2.7146 -0.6622 0.0449 80 200 120
0.4874 -3.0322 0.8876 80 200 120
-2.6127 -2.3554 0.0957 80 200 120
2.4415 -2.4584 3.0851 80 200 120
1.3264 -2.5970 3.2083 80 200 120
0.0801 -4.6111 3.1286 80 200 120
1.6636 -2.5360 2.7695 80 200 120
0.3875 -2.4387 3.1545 80 200 120
0.3415 -2.5648 2.9839 80 200 120
2.2469 -2.9278 3.0949 80 200 120
0.5406 3.7466 2.5898 80 200 120
-3.5372 2.7102 2.2670 80 200 120
3.0369 -1.1973 3.1621 80 200 120
1.4677 1.3699 1.1431 80 200 120
-2.4994 2.4121 0.0492 80 200 120
-2.3374 3.2491 0.0234 80 200 120
-3.5745 -3.4521 1.8038 80 200 120
-3.7229 -3.9222 2.6811 80 200 120
-0.7917 -5.0251 3.1649 80 200 120
-3.2984 0.4695 3.1842 80 200 120
-3.3742 -1.4425 2.1824 80 200 120
-3.3965 -0.5802 3.1463 80 200 120
-1.5614 -3.1716 -0.0236 80 200 120
-2.0514 -2.2332 -0.0340 80 200 120
0.1519 -5.0274 0.0664 80 200 120
-3.3753 -2.3015 1.2352 80 200 120
-2.8291 -2.7318 1.4329 80 200 120
-2.3507 -1.8389 0.0586 80 200 120
0.6566 -2.6952 1.3453 80 200 120
-0.2398 1.9219 0.2403 80 200 120
2.2569 0.1165 0.6972 80 200 120
0.3499 -2.6806 1.0835 80 200 120
0.5748 -2.3305 0.8338 80 200 120
0.6224 -2.2943 1.2379 80 200 120
-0.9021 -2.0045 -0.0554 80 200 120
0.6227 -2.0658 0.6961 80 200 120
0.4807 -2.6859 1.2574 80 200 120
-2.4694 -4.0415 1.3187 80 200 120
-2.4091 -3.7883 1.4077 80 200 120
-2.4681 -4.0902 1.0501 80 200 120
-2.9276 -3.9799 1.4195 80 200 120
0.6312 -3.0703 0.7606 80 200 120
3.5472 1.7178 0.4812 80 200 120
2.7247 -0.9301 0.5076 80 200 120
2.7284 -0.7731 0.7372 80 200 120
-1.2853 0.9907 -0.3131 80 200 120
3.2572 3.5220 0.6744 80 200 120
-1.6316 0.8766 0.0198 80 200 120
-3.2352 0.6401 0.2609 80 200 120
-2.4172 -4.0254 -0.1398 80 200 120
0.4593 -2.6663 3.1578 80 200 120
-2.2652 -3.0507 0.1289 80 200 120
-0.7833 -4.9705 2.7651 80 200 120
4.8704 -4.5420 -0.0271 80 200 120
2.9213 -4.5815 0.7728 80 200 120
-0.4269 -5.1632 2.1242 80 200 120
-2.8684 5.1516 -0.0896 80 200 120
-3.5792 0.6539 2.7696 80 200 120
-3.1364 0.4833 3.0306 80 200 120
-2.3305 5.2552 3.5260 80 200 120
-3.0788 2.2669 0.5141 80 200 120
-1.9150 3.4129 -0.2310 80 200 120
-3.5790 -4.5149 2.7559 80 200 120
-3.5281 -4.9537 2.1354 80 200 120
-3.6903 -3.3208 2.6876 80 200 120
-2.4070 -4.9849 2.4331 80 200 120
-1.6922 -5.0745 3.0244 80 200 120
-2.1434 -5.1161 2.9793 80 200 120
-3.5470 -0.7631 2.8525 80 200 120
-2.6412 -4.9580 1.7930 80 200 120
-3.6822 -2.4698 1.6855 80 200 120
-2.5438 -4.2545 0.6665 80 200 120
-1.8102 -4.3104 0.0543 80 200 120
-1.9909 -1.9932 -0.0267 80 200 120
0.2103 -2.7069 1.2911 80 200 120
0.4809 -3.0461 0.9162 80 200 120
-0.4500 -1.6207 0.3330 80 200 120
-0.5036 -0.7380 -0.1080 80 200 120
-2.5691 -0.9041 -0.2998 80 200 120
-0.5188 -2.5721 0.1024 80 200 120
-0.5249 -2.1414 0.2552 80 200 120
-2.5900 -3.3639 1.4152 80 200 120
-0.4796 -2.3527 0.1411 80 200 120
-1.0039 0.9344 0.1397 80 200 120
-0.5845 -2.7547 0.3771 80 200 120
1.8709 -0.5479 0.8913 80 200 120
3.0060 0.9997 0.4900 80 200 120
-0.6133 0.3604 0.0186 80 200 120
-3.1064 -2.4082 0.4006 80 200 120
-2.8374 -0.5037 0.7306 80 200 120
-0.3309 -3.0527 0.7024 80 200 120
0.3521 -2.5170 3.1469 80 200 120
0.7186 -2.3752 2.6731 80 200 120
1.9209 -5.2717 0.8990 80 200 120
-1.5297 -5.0115 3.1488 80 200 120
-0.7436 -4.8730 3.1480 80 200 120
0.6240 -2.4925 3.0082 80 200 120
1.8398 -1.9761 3.0787 80 200 120
-2.9256 0.9107 1.0712 80 200 120
2.0215 4.4194 0.1493 80 200 120
3.2570 3.1376 0.2058 80 200 120
-2.0773 -4.9077 3.1722 80 200 120
-3.3791 -2.2397 2.8462 80 200 120
-3.6683 -1.7981 1.9102 80 200 120
-1.4400 -5.0579 2.8016 80 200 120
-3.4927 -4.9846 1.5841 80 200 120
-2.9981 -0.7149 3.2097 80 200 120
-2.3121 -2.6531 0.2186 80 200 120
-0.4998 -3.8683 -0.0359 80 200 120
-2.7740 -2.2648 1.1917 80 200 120
-2.5665 -2.2487 1.1449 80 200 120
0.3871 -2.7258 1.3519 80 200 120
-2.3392 -2.2871 1.6446 80 200 120
0.4296 -2.3638 1.3440 80 200 120
-2.3889 -2.1067 1.5758 80 200 120
-2.3680 -2.9979 1.4308 80 200 120
-2.3836 -3.3113 1.4149 80 200 120
0.4397 -1.5553 0.9095 80 200 120
0.6770 -0.8750 0.0672 80 200 120
-2.9280 -5.1075 -0.2296 80 200 120
1.2509 -0.1896 0.0227 80 200 120
2.0167 0.0047 -0.1117 80 200 120
0.5411 -2.4039 0.9630 80 200 120
2.5980 -4.6239 3.0589 80 200 120
-0.4859 -1.7361 0.0908 80 200 120
-1.8027 3.8306 0.4496 80 200 120
0.2123 -4.5501 3.0726 80 200 120
0.1757 -5.0570 3.1536 80 200 120
0.1719 -5.2651 2.3729 80 200 120
0.5581 -5.0004 2.0155 80 200 120
-0.0573 -4.8744 1.9395 80 200 120
2.9593 -0.8615 2.8782 80 200 120
-1.4148 3.1146 0.4743 80 200 120
0.5918 -2.3157 3.1666 80 200 120
-3.3879 4.6412 0.0039 80 200 120
-3.1516 -0.1959 1.9806 80 200 120
-1.9996 -5.2302 2.3951 80 200 120
-3.2508 -0.7134 3.1321 80 200 120
-1.3523 -4.9447 3.1417 80 200 120
-2.9791 -5.0926 2.0068 80 200 120
-2.1509 -5.1074 2.5008 80 200 120
-2.8846 -4.8063 3.1115 80 200 120
-3.1569 -2.4809 3.1312 80 200 120
-2.7261 -1.8460 3.1793 80 200 120
-3.2634 -5.1069 2.9574 80 200 120
-2.3898 -3.6137 0.9826 80 200 120
-0.4126 -2.6613 0.9523 80 200 120
1.3156 -2.5826 1.2749 80 200 120
0.5233 -2.3308 0.9703 80 200 120
-2.9804 -1.8932 1.3155 80 200 120
-2.2814 -3.1306 0.0938 80 200 120
-0.5260 -2.6320 0.2288 80 200 120
-1.1242 0.7274 -0.1108 80 200 120
0.5427 0.1996 -0.0401 80 200 120
-2.4902 -3.6090 0.3327 80 200 120
0.7528 -1.7098 0.6248 80 200 120
-2.4761 -1.0695 0.7948 80 200 120
-2.5363 -0.9895 0.2855 80 200 120
34.2456 53.2827 -25.6329 80 200 120
-0.4402 -3.0232 -0.1484 80 200 120
3.8569 1.6561 -1.0394 80 200 120
2.1751 -0.4662 0.0627 80 200 120
-2.9125 -3.1363 1.3632 80 200 120
0.4529 -2.3503 1.4535 80 200 120
0.0259 -2.4038 1.1600 80 200 120
2.4577 -0.6443 0.2572 80 200 120
0.8556 -0.1190 -0.1668 80 200 120
3.3312 1.9887 0.1437 80 200 120
3.3884 1.9242 0.5715 80 200 120
2.7741 -1.3325 0.3994 80 200 120
2.2912 0.4998 -0.0363 80 200 120
-0.6321 1.3471 -0.0969 80 200 120
3.5519 0.8267 2.5361 80 200 120
3.8033 3.8269 1.9562 80 200 120
-2.6846 -0.7464 0.9912 80 200 120
0.4667 -2.6600 3.1600 80 200 120
2.0722 -1.8618 3.0638 80 200 120
0.6979 -4.8811 3.0150 80 200 120
-1.3532 -4.7981 3.1334 80 200 120
-0.8885 -4.8021 3.1700 80 200 120
2.9785 -5.1305 0.5953 80 200 120
-0.1107 -5.1006 2.0070 80 200 120
3.3045 -4.4359 0.9951 80 200 120
3.1859 -3.1181 1.7050 80 200 120
-1.6750 -4.9348 3.1734 80 200 120
-0.2043 -5.1643 2.4847 80 200 120
-1.5142 -0.0811 3.0784 80 200 120
-0.4734 2.4993 0.3833 80 200 120
-0.9542 2.8685 0.8987 80 200 120
4.5051 -0.0910 1.6936 80 200 120
3.4958 -1.2761 2.3553 80 200 120
-3.9172 1.4059 2.2506 80 200 120
-3.2013 -3.9797 3.1623 80 200 120
-3.4208 -1.3653 2.7816 80 200 120
-3.3600 -1.4579 2.1947 80 200 120
-3.5191 -2.9444 1.9064 80 200 120
-3.5672 -3.6574 2.5617 80 200 120
-2.8045 -3.0637 3.2082 80 200 120
-3.1696 -5.0129 2.2960 80 200 120
-3.1810 -3.3339 3.1319 80 200 120
-3.5793 -3.5966 2.0286 80 200 120
-2.3091 -1.3097 0.2647 80 200 120
-0.4952 -2.3829 0.1794 80 200 120
1.1095 -1.8361 0.1723 80 200 120
-0.2914 -1.4191 0.6882 80 200 120
-2.3431 -1.2425 0.5847 80 200 120
-0.2503 -0.9507 -0.1090 80 200 120
-2.4061 -1.6608 -0.0859 80 200 120
-2.0669 1.0145 -0.0997 80 200 120
-0.7650 1.2949 0.6944 80 200 120
-1.4467 1.5663 0.3430 80 200 120
-1.9364 1.5381 -0.0993 80 200 120
-2.6421 -1.0173 1.1136 80 200 120
-2.4208 -1.7148 -0.0266 80 200 120
-2.3781 -3.9909 1.1483 80 200 120
-2.9235 -3.3332 1.3879 80 200 120
-2.4006 -4.0484 0.7571 80 200 120
0.6322 -2.6354 0.7722 80 200 120
-0.2550 -3.0995 0.6423 80 200 120
0.2878 -2.7132 1.4772 80 200 120
-2.8317 -4.9838 -0.0723 80 200 120
-0.4439 -1.9693 1.2533 80 200 120
-0.5518 -2.7703 0.2046 80 200 120
1.7829 -0.2788 -0.0508 80 200 120
2.3621 -0.2696 0.0970 80 200 120
2.3938 0.2641 -0.0008 80 200 120
3.1802 2.4271 0.1586 80 200 120
-2.5405 -2.2326 1.1928 80 200 120
-2.2539 -3.0057 0.1359 80 200 120
-2.4109 -1.1341 0.9896 80 200 120
0.1735 -4.2130 3.1179 80 200 120
-0.7358 -5.3548 2.8473 80 200 120
-1.3977 -5.0165 2.8012 80 200 120
0.8347 -3.6817 3.1128 80 200 120
-1.5459 -4.9261 3.1190 80 200 120
-0.7365 -5.0357 2.6250 80 200 120
0.4727 -2.6814 3.1754 80 200 120
2.6807 1.5631 0.0701 80 200 120
0.4141 3.4161 1.2519 80 200 120
-0.7276 3.6985 1.4042 80 200 120
-1.2673 0.5832 1.2225 80 200 120
-0.9651 1.6094 0.6746 80 200 120
0.1637 1.0785 0.7251 80 200 120
0.3320 0.3378 1.0445 80 200 120
-2.5186 -4.5788 3.1564 80 200 120
-3.7978 -3.1260 2.5398 80 200 120
-2.8402 -5.1192 2.3253 80 200 120
-1.9037 -4.9152 3.1655 80 200 120
-2.9270 -2.1484 3.1380 80 200 120
-3.7637 -4.0411 2.9253 80 200 120
-2.6435 -2.4983 3.1892 80 200 120
-2.5260 -4.9612 2.9995 80 200 120
-2.6876 -5.1860 2.1612 80 200 120
-3.2863 -2.9546 2.9636 80 200 120
-0.6938 -3.3185 0.1694 80 200 120
1.0893 -4.8172 0.1238 80 200 120
-0.8370 -4.3698 -0.0584 80 200 120
-3.2472 -1.8399 1.3113 80 200 120
-2.6414 -1.7770 -0.6729 80 200 120
2.4922 -2.8772 0.6034 80 200 120
-2.5072 -1.8948 1.5039 80 200 120
-0.3344 -3.0260 0.9329 80 200 120
-0.6238 1.5594 0.2059 80 200 120
-2.4129 -3.7962 1.3974 80 200 120
-2.9591 -4.0142 1.3748 80 200 120
-2.3660 -3.2952 1.4439 80 200 120
3.0463 3.9696 -0.6353 80 200 120
2.5700 3.5875 0.4200 80 200 120
2.5398 0.4741 0.0978 80 200 120
-2.6364 -4.0220 1.3427 80 200 120
-2.2893 -3.6411 0.1626 80 200 120
2.7155 2.4806 0.4478 80 200 120
1.8481 3.0979 0.1915 80 200 120
-2.3115 -3.2805 0.1448 80 200 120
2.2742 -0.8162 0.0077 80 200 120
2.7834 0.6943 0.2401 80 200 120
2.8853 -1.0739 0.8519 80 200 120
0.8588 3.8470 -0.1402 80 200 120
-2.0512 0.7298 -0.1048 80 200 120
3.3162 0.9739 2.8745 80 200 120
-0.2849 2.5133 0.8469 80 200 120
-2.3051 1.5677 -0.2382 80 200 120
0.4486 -2.6601 3.1694 80 200 120
-2.6423 -0.7636 0.1855 80 200 120
2.4754 -4.5835 3.0628 80 200 120
1.4880 -5.2947 2.4068 80 200 120
0.4898 -4.4420 3.0807 80 200 120
1.0740 -5.1823 2.7286 80 200 120
0.9775 -2.6185 2.9049 80 200 120
-0.2739 -5.2101 3.1419 80 200 120
0.4299 -2.5492 2.9857 80 200 120
0.5363 -2.3818 3.1898 80 200 120
-0.3829 -5.2178 2.0877 80 200 120
-0.7076 -4.6712 3.1381 80 200 120
2.3120 -1.2009 2.8865 80 200 120
1.1673 -2.6043 2.5399 80 200 120
0.3058 -2.5663 3.1518 80 200 120
0.6232 -4.9222 1.5638 80 200 120
2.2741 1.4589 2.9594 80 200 120
3.1330 3.0025 2.1764 80 200 120
3.4090 2.6946 2.1628 80 200 120
2.5714 1.0729 2.9765 80 200 120
-0.4953 5.6268 2.1372 80 200 120
3.4453 0.2439 1.7677 80 200 120
-0.0025 2.1509 0.1869 80 200 120
1.8641 -1.9912 3.1195 80 200 120
4.7140 0.0021 1.6113 80 200 120
2.9791 -0.5555 3.0679 80 200 120
4.0136 -1.0289 2.4092 80 200 120
1.3116 3.3124 0.0610 80 200 120
-1.4054 4.7233 -0.1139 80 200 120
-1.9079 5.2941 -0.0301 80 200 120
-2.3782 5.2537 -0.5048 80 200 120
-1.9374 -0.6781 3.1225 80 200 120
2.5556 2.8719 0.8968 80 200 120
-2.1854 3.4016 -0.3519 80 200 120
-3.1323 6.1751 0.0768 80 200 120
2.1073 2.0307 0.0212 80 200 120
3.6567 2.9762 0.5287 80 200 120
-2.9408 -4.9639 2.4768 80 200 120
-3.1822 -1.1016 3.1452 80 200 120
-3.4393 -2.7984 2.6067 80 200 120
-3.6307 -2.9905 2.7678 80 200 120
-2.8378 -4.2387 3.2557 80 200 120
-2.2802 -2.8928 0.1300 80 200 120
-2.3503 -3.1295 0.8535 80 200 120
-3.0696 -4.0798 1.2757 80 200 120
-2.5677 -4.4195 0.4379 80 200 120
-0.5329 -2.0864 0.1956 80 200 120
-2.2650 -3.5639 0.1294 80 200 120
2.5202 -3.0247 1.0018 80 200 120
-2.0637 -4.9243 0.0754 80 200 120
0.0928 -2.4137 1.1156 80 200 120
1.8534 -5.1737 1.8711 80 200 120
0.6748 -2.6436 0.7724 80 200 120
1.0173 -2.1860 0.9114 80 200 120
-0.2387 -1.3870 0.6210 80 200 120
-2.4358 -2.0312 1.2878 80 200 120
-1.5597 0.2536 -0.1104 80 200 120
0.2277 0.1326 0.9515 80 200 120
0.4494 -1.5595 0.9086 80 200 120
3.4998 2.3611 0.0588 80 200 120
2.7477 -0.1627 0.6079 80 200 120
2.9058 0.6700 0.5145 80 200 120
2.0318 -0.9785 -0.0102 80 200 120
0.5490 -1.5765 0.7361 80 200 120
3.3305 1.0766 0.6869 80 200 120
-0.5163 2.7199 1.2552 80 200 120
-0.5427 -2.0890 0.2994 80 200 120
-2.4780 -1.7692 -0.1488 80 200 120
-2.5480 -2.6647 0.5260 80 200 120
-2.2735 -2.9845 0.0882 80 200 120
0.6527 -4.3100 3.0822 80 200 120
0.2768 -5.0574 3.0103 80 200 120
-1.4048 -4.9593 2.8105 80 200 120
0.7066 -3.3818 3.1218 80 200 120
1.4801 -6.0262 1.5630 80 200 120
1.4411 -4.7402 1.2879 80 200 120
-0.8717 -5.0889 2.6167 80 200 120
1.1372 1.1948 3.0324 80 200 120
2.3027 1.7595 2.9363 80 200 120
2.8544 1.0469 3.0260 80 200 120
1.7027 5.3253 2.1544 80 200 120
3.5837 2.7758 2.4953 80 200 120
3.0856 0.6843 0.5259 80 200 120
2.6147 1.6814 -0.0573 80 200 120
-1.2596 2.4125 0.2905 80 200 120
0.2151 1.1812 0.6796 80 200 120
-1.5682 -0.0400 3.1383 80 200 120
1.0841 4.2581 -0.1139 80 200 120
-0.9796 1.2471 0.8635 80 200 120
0.3170 0.3073 0.9552 80 200 120
-2.8258 0.4129 3.1322 80 200 120
-1.0701 -0.0921 3.1868 80 200 120
-3.5780 -4.4665 2.4817 80 200 120
-3.1082 0.1201 3.1507 80 200 120
-3.1302 -2.7863 3.1310 80 200 120
-2.9345 -5.1622 2.9287 80 200 120
-2.1103 -5.1905 2.6588 80 200 120
-3.1255 -0.8833 3.1261 80 200 120
-3.6520 -0.6354 2.8190 80 200 120
-3.7551 -1.9694 2.4408 80 200 120
-3.9552 -2.2148 1.7261 80 200 120
-3.7719 -3.5336 1.7107 80 200 120
-3.5445 -3.9096 2.3057 80 200 120
1.3955 -4.3722 -0.0224 80 200 120
-1.2277 -2.7091 -0.0978 80 200 120
-2.7367 -1.6693 1.2278 80 200 120
0.4032 -2.1687 0.9728 80 200 120
-2.7043 -1.1861 -0.8769 80 200 120
-2.3241 -1.2502 0.9486 80 200 120
-2.3186 -1.4335 0.2685 80 200 120
-0.5258 -2.3723 0.2099 80 200 120
-2.6951 -2.0317 1.3221 80 200 120
1.2607 -2.6107 1.3279 80 200 120
-3.1888 -4.7479 3.1420 80 200 120
-1.0353 0.6603 -0.0649 80 200 120
-0.6642 1.6219 0.8097 80 200 120
0.8169 2.0617 0.1805 80 200 120
-0.7742 1.5454 0.8389 80 200 120
2.7166 0.1231 0.6189 80 200 120
-2.4536 -4.0776 1.2864 80 200 120
1.2252 -2.5907 0.1316 80 200 120
-3.0280 -4.0786 1.2959 80 200 120
2.9390 -1.1106 -0.1728 80 200 120
0.4997 -2.3444 0.9314 80 200 120
2.6689 1.1928 0.0092 80 200 120
-2.4700 -3.3840 1.2829 80 200 120
1.9001 -0.9979 0.3576 80 200 120
-2.7663 -4.1821 1.2498 80 200 120
4.4877 2.5717 0.0600 80 200 120
1.0696 -0.2894 -0.1206 80 200 120
3.5839 -0.6332 1.5980 80 200 120
1.7629 -1.8024 0.0143 80 200 120
1.4507 -1.2422 0.1820 80 200 120
0.7412 -2.0200 0.7036 80 200 120
2.0448 3.3235 -0.3254 80 200 120
2.0211 4.2708 -0.4271 80 200 120
0.7834 3.4915 -0.0583 80 200 120
0.6037 0.2006 0.7174 80 200 120
-2.6271 1.5848 0.1619 80 200 120
0.4991 -2.6503 3.1728 80 200 120
-2.7174 -0.6579 0.8656 80 200 120
0.9726 -2.6559 3.0792 80 200 120
-2.6513 -1.2787 1.3448 80 200 120
-3.0988 4.5556 0.1680 80 200 120
-2.5408 -2.2261 1.1735 80 200 120
-2.8040 0.9007 0.8185 80 200 120
1.3038 -4.9423 2.9453 80 200 120
0.6666 -4.0681 3.0982 80 200 120
0.5192 -4.0624 3.1082 80 200 120
2.9147 -5.9526 0.8343 80 200 120
3.3068 -3.8832 1.2174 80 200 120
-1.5534 -4.9739 3.0943 80 200 120
-1.6784 -4.8940 3.1743 80 200 120
-0.4371 -4.4309 3.1324 80 200 120
-0.6810 -5.1354 2.6126 80 200 120
-0.3320 -5.7605 2.2240 80 200 120
4.3241 -3.4714 1.5671 80 200 120
3.3775 1.7150 -0.1932 80 200 120
2.0184 3.1183 0.4918 80 200 120
-0.2605 0.7642 3.0069 80 200 120
-0.5787 2.8520 1.1189 80 200 120
0.2242 0.8292 3.0393 80 200 120
3.3911 2.3996 0.1017 80 200 120
3.8105 -0.4993 1.7171 80 200 120
-0.5818 1.7313 0.7471 80 200 120
-3.6349 2.6478 1.0887 80 200 120
-3.2556 6.7028 -1.3056 80 200 120
3.6065 -1.2883 2.3926 80 200 120
-3.2516 -4.8001 3.1385 80 200 120
-2.0633 -4.7954 3.1493 80 200 120
-3.3631 -4.2312 3.1407 80 200 120
-3.2258 -3.8764 3.1335 80 200 120
-2.8409 -0.7860 3.1143 80 200 120
-3.5326 -3.3223 2.2071 80 200 120
-3.3621 -1.6528 2.4739 80 200 120
-2.5698 -5.0330 2.4441 80 200 120
-3.7183 -3.6238 2.1340 80 200 120
-3.6612 -3.6355 1.9274 80 200 120
-1.4748 -3.3916 -0.0452 80 200 120
2.0703 -4.9480 0.0809 80 200 120
-1.8962 -2.9184 0.0127 80 200 120
-1.7260 -4.0777 -0.1236 80 200 120
1.0753 -3.8752 0.0611 80 200 120
-2.4782 -1.7503 1.2438 80 200 120
-2.4396 -1.9075 -0.0073 80 200 120
-0.2615 -1.0365 -0.0269 80 200 120
-0.3664 -1.8536 1.0168 80 200 120
-0.0697 -2.6999 1.1695 80 200 120
-2.7339 1.4202 -0.1544 80 200 120
-0.3122 1.9786 0.6676 80 200 120
-1.9004 0.7658 -0.1010 80 200 120
-0.1340 0.3973 -0.0080 80 200 120
0.6974 3.5324 -0.0225 80 200 120
0.1506 2.4416 0.1302 80 200 120
-1.6101 0.9969 -0.0403 80 200 120
-0.2902 1.7825 0.3308 80 200 120
-0.6288 2.5199 0.8086 80 200 120
-0.8199 3.6605 0.8372 80 200 120
-0.8780 1.5396 0.8968 80 200 120
-1.0379 3.2751 0.5814 80 200 120
1.6015 5.1939 -0.0783 80 200 120
0.8340 2.2665 0.0755 80 200 120
-0.4877 1.6221 0.4554 80 200 120
2.3008 -1.1755 0.7183 80 200 120
-2.4205 -3.8113 1.3685 80 200 120
0.7974 -3.0845 0.5274 80 200 120
-2.3599 -4.0044 1.1782 80 200 120
0.1494 -2.7182 1.6263 80 200 120
2.3026 -0.5344 0.0236 80 200 120
1.6014 -1.1554 0.0893 80 200 120
0.4916 -2.3672 0.9495 80 200 120
2.9647 1.4272 -0.0592 80 200 120
1.4530 -1.4480 0.2093 80 200 120
0.6226 -2.1089 0.8781 80 200 120
0.3839 1.1205 0.7363 80 200 120
4.0611 2.9714 1.6395 80 200 120
-2.3989 -3.7927 1.3836 80 200 120
-2.7558 -1.6383 1.2604 80 200 120
-2.3192 -1.2518 0.2728 80 200 120
-3.3821 1.0577 -0.5432 80 200 120
-3.3926 1.1906 0.4618 80 200 120
-3.2887 -2.3623 0.2571 80 200 120
-2.6523 -2.6267 0.9762 80 200 120
-2.4006 -4.0504 1.0487 80 200 120
-2.2677 -2.9807 0.1133 80 200 120
0.9918 -4.0007 3.0809 80 200 120
1.2006 -5.0829 2.7449 80 200 120
1.0596 -4.1478 3.0802 80 200 120
-1.2677 5.2397 1.6193 80 200 120
3.0114 3.2202 1.4156 80 200 120
3.6277 0.9207 2.5943 80 200 120
3.4615 0.9991 2.1920 80 200 120
-1.3707 1.2978 3.0568 80 200 120
1.0346 -2.2220 3.1220 80 200 120
-3.6737 -1.5522 3.1241 80 200 120
-3.3222 -4.5525 2.5499 80 200 120
-3.4699 -4.6617 2.8856 80 200 120
-3.2528 -2.8211 2.9726 80 200 120
-3.2833 -2.8120 2.1271 80 200 120
-2.6341 -3.9164 3.2218 80 200 120
-4.5548 0.2447 2.5987 80 200 120
-3.4680 -1.3339 2.7252 80 200 120
-2.8618 -0.3757 3.1795 80 200 120
-3.1518 -5.0431 2.3027 80 200 120
-3.6568 -1.7242 2.1824 80 200 120
-3.4198 -4.1912 2.2401 80 200 120
-3.5499 -3.1870 2.8531 80 200 120
-2.1875 -4.7710 3.0934 80 200 120
-1.7884 -4.7899 0.1475 80 200 120
-0.9341 -5.0735 1.0913 80 200 120
-0.5891 -4.7666 -0.0861 80 200 120
0.5536 -3.3994 0.5069 80 200 120
-2.2067 -4.5611 -0.0254 80 200 120
-2.1721 -5.1529 1.0346 80 200 120
3.4900 -4.9476 -0.0505 80 200 120
1.7458 -4.6300 0.0324 80 200 120
-0.4611 -3.4307 0.5147 80 200 120
-2.4296 -1.0790 0.7670 80 200 120
4.5224 -4.0705 -0.0476 80 200 120
-3.1264 -4.6704 3.1379 80 200 120
-0.5366 -2.6474 0.2088 80 200 120
-1.3229 1.1745 0.1454 80 200 120
0.1240 -0.0038 0.0241 80 200 120
-0.6578 3.5291 0.9926 80 200 120
1.8321 5.4280 -0.0651 80 200 120
-2.7004 1.8100 0.0026 80 200 120
0.7009 3.0318 0.0194 80 200 120
-0.2493 1.9729 0.4221 80 200 120
-2.9413 0.7970 0.8713 80 200 120
-2.5595 2.3373 0.0938 80 200 120
-0.6497 1.3800 0.4002 80 200 120
-0.2376 2.7094 0.7690 80 200 120
-2.3953 -1.0858 0.4184 80 200 120
-2.7955 -2.2427 1.1409 80 200 120
-2.6082 -2.2264 1.0389 80 200 120
-2.6995 -2.0310 1.3517 80 200 120
2.8531 -0.3581 0.4121 80 200 120
-2.3906 -3.6084 1.4002 80 200 120
-2.0006 4.1789 0.0487 80 200 120
-3.1177 -2.3260 1.2497 80 200 120
2.7251 3.9369 0.3668 80 200 120
-3.1287 -4.1555 1.1907 80 200 120
2.3360 0.9031 -0.0151 80 200 120
2.1639 1.3783 -0.1349 80 200 120
0.5964 -1.6131 0.7047 80 200 120
1.8938 1.7158 -0.0466 80 200 120
2.6922 0.1459 0.3556 80 200 120
-1.2901 -1.5964 -0.0764 80 200 120
-2.5544 -2.2407 1.1179 80 200 120
-0.5384 -2.6410 0.1897 80 200 120
1.9217 -4.3212 2.9858 80 200 120
2.3524 -4.7856 2.8869 80 200 120
3.6532 -4.8663 2.4819 80 200 120
1.8059 -5.8503 2.1833 80 200 120
1.0638 -4.5228 3.0112 80 200 120
-2.0634 -4.7806 3.1742 80 200 120
-1.8049 -4.4521 3.1786 80 200 120
-5.5615 8.5568 0.4739 80 200 120
0.2677 1.2586 0.5789 80 200 120
-3.3777 3.4952 0.4313 80 200 120
2.6774 3.2928 0.3595 80 200 120
0.0972 2.5553 -0.0417 80 200 120
-1.3540 5.1996 -0.1210 80 200 120
0.4581 3.4600 0.5809 80 200 120
1.5466 4.8203 0.0214 80 200 120
-3.1650 4.7227 -0.0019 80 200 120
1.9102 -1.5437 3.1528 80 200 120
-2.5751 -4.3266 3.2320 80 200 120
-3.2971 -2.0733 2.8561 80 200 120
-1.9024 -4.8295 3.1717 80 200 120
-2.9297 -2.6707 3.1418 80 200 120
-3.9151 0.1229 2.7346 80 200 120
-3.4718 -0.0063 2.7923 80 200 120
-3.1466 -5.2539 2.6317 80 200 120
-3.5991 -2.8573 2.3141 80 200 120
-2.8105 -2.5903 3.1830 80 200 120
-4.3747 -0.3356 2.8868 80 200 120
-2.6439 -5.0132 2.7555 80 200 120
-3.6251 -2.4275 2.2183 80 200 120
-3.8952 -5.0409 2.1050 80 200 120
-3.2017 -4.9942 2.6054 80 200 120
-3.4932 -1.4679 3.1692 80 200 120
-2.7909 -1.2662 3.1416 80 200 120
-2.7026 -0.6542 0.6783 80 200 120
3.7037 -4.4611 -0.0790 80 200 120
2.5191 -4.8228 0.1274 80 200 120
-2.7204 -2.5845 0.4006 80 200 120
0.6713 -2.6470 0.7711 80 200 120
-3.0046 -2.3126 1.2297 80 200 120
1.0033 -2.6738 1.2663 80 200 120
-3.3645 -1.1626 1.2595 80 200 120
-2.4719 -1.4792 1.2490 80 200 120
1.9911 4.3831 0.0347 80 200 120
0.3912 0.6864 0.8414 80 200 120
1.5405 4.4800 -0.2864 80 200 120
-2.3330 1.7286 -0.0246 80 200 120
-0.5816 1.5299 0.1403 80 200 120
-0.3822 1.6969 0.2015 80 200 120
-2.8291 1.1924 0.6597 80 200 120
-0.3718 -3.0483 0.9082 80 200 120
-2.6281 -3.3786 1.3915 80 200 120
-3.2896 -1.8182 1.2927 80 200 120
-2.2780 -3.7376 0.3207 80 200 120
-0.2774 0.9588 -0.1138 80 200 120
1.5073 0.3681 -0.0551 80 200 120
-0.0939 0.1423 -0.1290 80 200 120
1.8269 1.1486 -0.1223 80 200 120
1.5680 1.5418 0.0362 80 200 120
1.9442 -4.3543 -0.3129 80 200 120
-0.0261 -0.2461 -0.1808 80 200 120
-2.7502 0.8075 0.8569 80 200 120
-2.5769 -1.6356 1.1258 80 200 120
-2.6537 -4.2905 0.9762 80 200 120
-2.7351 -2.2486 1.1998 80 200 120
-2.2479 -1.3611 0.4921 80 200 120
-2.4652 -3.8481 1.3035 80 200 120
-2.7887 -1.1501 1.2163 80 200 120
-2.7664 -1.6508 1.2104 80 200 120
3.2242 -1.8024 0.8050 80 200 120
1.0202 -3.8869 3.0882 80 200 120
-3.2701 0.7033 0.2750 80 200 120
-2.9944 2.5215 0.4221 80 200 120
1.2912 -3.6802 3.0440 80 200 120
4.4337 -4.7423 2.1453 80 200 120
2.4118 -5.0531 2.5602 80 200 120
2.3061 -3.9283 2.9018 80 200 120
4.9495 -4.6093 1.6745 80 200 120
3.2873 -4.8940 1.0416 80 200 120
-0.3805 -5.2321 2.0629 80 200 120
-1.6270 -5.0665 3.0793 80 200 120
2.7833 -8.2208 0.7015 80 200 120
3.6480 -3.7662 1.6816 80 200 120
3.4582 -4.0309 1.1018 80 200 120
3.7470 -3.3373 2.0579 80 200 120
-1.4510 -4.9909 2.8307 80 200 120
-0.0575 -2.8703 3.1577 80 200 120
3.6808 -3.1759 1.5715 80 200 120
-0.1477 3.0923 1.9466 80 200 120
0.5378 -2.3220 3.1509 80 200 120
-3.8150 2.3600 1.0826 80 200 120
2.3279 2.3378 -0.2176 80 200 120
-2.8526 -0.3436 3.1683 80 200 120
-2.7961 -1.4657 3.1411 80 200 120
-3.6989 -2.5312 2.0744 80 200 120
-1.5881 -2.3337 -0.0433 80 200 120
-2.2178 -3.7697 0.4406 80 200 120
-2.5671 -1.0135 1.1712 80 200 120
-1.3982 -4.8773 0.0918 80 200 120
-0.8890 -3.8493 -0.0332 80 200 120
2.4550 -4.2108 -0.1004 80 200 120
1.7924 -4.2230 -0.1135 80 200 120
-0.0511 -1.2446 0.3023 80 200 120
-2.7139 -1.2477 1.2715 80 200 120
-1.3444 4.1201 0.4524 80 200 120
-0.0891 0.0575 -0.0742 80 200 120
1.3954 3.7371 -0.2551 80 200 120
0.3909 0.4424 0.9188 80 200 120
-0.5778 1.4884 0.2252 80 200 120
1.4136 0.6397 -0.1261 80 200 120
-1.0467 2.2967 0.7106 80 200 120
1.9703 0.9488 -0.0564 80 200 120
-1.4441 3.4937 0.2622 80 200 120
-2.6687 0.5189 0.1002 80 200 120
0.3785 0.0644 1.0005 80 200 120
1.7989 0.7147 -0.1060 80 200 120
1.8564 0.1523 -0.0183 80 200 120
-0.6370 -1.5261 -0.1750 80 200 120
2.7477 2.5922 0.4357 80 200 120
-2.8419 -4.2409 1.1339 80 200 120
-0.0519 -2.7135 1.1146 80 200 120
2.1162 -0.6231 0.2154 80 200 120
-2.5512 -2.9982 1.4291 80 200 120
3.2718 -0.7111 0.0108 80 200 120
1.8266 2.1855 0.2962 80 200 120
-0.1191 -2.7001 1.8878 80 200 120
0.2359 -3.0336 1.0568 80 200 120
-0.6921 -0.0849 -0.0689 80 200 120
-1.3464 5.0846 1.5706 80 200 120
-2.3986 -3.0843 0.6911 80 200 120
3.0901 1.5568 -0.3051 80 200 120
-2.6942 -3.7885 1.3815 80 200 120
-0.3833 -1.9194 1.1346 80 200 120
2.6885 -1.2803 0.1306 80 200 120
2.3739 -1.3550 -0.1697 80 200 120
2.6682 -0.6047 0.5966 80 200 120
2.8277 -0.0909 0.7412 80 200 120
3.4078 -5.0954 -0.1066 80 200 120
1.1568 -1.0491 0.1392 80 200 120
0.5473 -0.7538 -0.1027 80 200 120
0.5230 -2.3541 0.9795 80 200 120
0.9567 -2.2406 3.1072 80 200 120
3.7390 -4.0803 2.3231 80 200 120
0.2327 -4.3434 2.0525 80 200 120
-0.7498 -4.5226 3.1774 80 200 120
0.1995 -5.5047 1.7475 80 200 120
3.2999 1.3719 -0.1758 80 200 120
0.3659 2.3502 -0.3332 80 200 120
1.0618 2.1483 0.1950 80 200 120
0.8051 4.5189 0.0874 80 200 120
-0.6624 2.3218 0.9383 80 200 120
-0.9416 1.5956 0.6501 80 200 120
-0.1286 3.6614 -0.5668 80 200 120
-1.2812 1.6682 0.6568 80 200 120
-1.3563 6.2357 -0.4783 80 200 120
2.4066 -1.3564 3.1360 80 200 120
-3.7712 -1.0611 3.0851 80 200 120
-3.1927 -4.7480 2.8436 80 200 120
-3.4057 -4.0228 2.4846 80 200 120
-2.2067 -1.5511 3.1695 80 200 120
-3.8447 -4.2406 2.6810 80 200 120
-3.6987 -2.6763 2.2166 80 200 120
-2.5185 -2.6836 3.2354 80 200 120
-0.1575 -4.8982 -0.0382 80 200 120
0.2261 -3.4210 0.5189 80 200 120
2.2316 -3.4533 0.0057 80 200 120
3.4250 -4.0121 -0.2854 80 200 120
-3.0846 -4.6020 3.1600 80 200 120
-0.3541 -1.8651 1.0171 80 200 120
-0.5689 -2.9870 0.3757 80 200 120
-0.5231 -1.7420 0.0633 80 200 120
-1.1371 0.4798 -0.0659 80 200 120
-1.4464 0.6450 -0.1141 80 200 120
-1.0458 0.0456 -0.0401 80 200 120
-2.7376 1.8757 0.1695 80 200 120
-0.9434 2.1805 0.7667 80 200 120
-0.5488 5.1631 1.1042 80 200 120
1.2438 4.2567 -0.1220 80 200 120
0.6067 0.2568 0.7240 80 200 120
-2.8209 -1.1428 1.2589 80 200 120
-0.6010 0.4276 -0.1035 80 200 120
2.8372 -0.5583 0.6190 80 200 120
-2.3242 -2.9776 0.1302 80 200 120
3.7285 0.6909 0.0579 80 200 120
0.1597 -2.6449 1.3283 80 200 120
2.8717 0.1894 0.7475 80 200 120
0.1282 -0.0515 0.0181 80 200 120
0.9222 0.7234 0.5103 80 200 120
0.5232 0.2056 0.2776 80 200 120
4.0123 -4.5514 -0.5484 80 200 120
-2.6393 -0.8269 0.9958 80 200 120
-2.6940 -1.4508 1.2966 80 200 120
-2.6453 -1.7083 1.3296 80 200 120
-0.3258 -1.7784 0.9366 80 200 120
-2.3771 -1.8937 0.0649 80 200 120
0.3597 -5.3588 -0.4303 80 200 120
-2.6527 -0.7491 0.3280 80 200 120
1.1546 3.2090 -0.7722 80 200 120
-0.3997 1.9879 0.9297 80 200 120
-3.1381 4.7975 1.9389 80 200 120
-2.9516 -0.3313 2.9170 80 200 120
-2.9139 -0.7018 2.9480 80 200 120
-3.9636 -3.2288 3.1808 80 200 120
-2.9061 -5.0534 2.8398 80 200 120
-3.1552 -4.0878 2.6301 80 200 120
-3.6148 -1.6510 2.9666 80 200 120
-2.5858 -3.8788 1.3852 80 200 120
-2.4967 -4.6291 0.5810 80 200 120
-1.4863 -2.1008 -0.0985 80 200 120
-2.4535 -3.5378 1.4361 80 200 120
3.3375 -3.2116 -0.3735 80 200 120
-0.7980 -1.9755 -0.0294 80 200 120
-0.2112 -3.5883 0.4340 80 200 120
-0.5018 -4.9691 0.1020 80 200 120
-2.8552 -2.6422 1.0562 80 200 120
-2.4899 -0.9326 0.9367 80 200 120
0.8175 0.1788 0.0194 80 200 120
1.3403 -0.2813 -0.0714 80 200 120
-3.1603 0.6343 0.6898 80 200 120
-2.8323 -2.6741 0.6826 80 200 120
-3.2656 0.5424 0.0526 80 200 120
6.1914 3.4398 -1.0375 80 200 120
-2.8984 -2.7146 1.4229 80 200 120
-2.6944 -0.1920 3.1435 80 200 120
3.3753 -0.9320 -0.5239 80 200 120
-0.2765 -3.0910 0.7221 80 200 120
-2.8793 -2.6945 1.0540 80 200 120
2.8935 -0.7817 0.2486 80 200 120
-2.4293 -0.0068 3.1623 80 200 120
-0.2980 -5.6361 -0.9073 80 200 120
0.3220 -1.0220 -0.0861 80 200 120
3.2781 2.0160 0.1390 80 200 120
2.5729 -0.7250 0.4814 80 200 120
0.6168 0.5313 0.8262 80 200 120
2.5724 -1.2000 -0.1166 80 200 120
3.9228 -4.8794 0.1097 80 200 120
2.6578 -3.5499 0.9848 80 200 120
-0.8784 2.6863 1.1763 80 200 120
-2.2069 -3.8024 0.4228 80 200 120
-0.0587 0.6206 0.6688 80 200 120
-2.2996 -2.6653 1.4981 80 200 120
-1.2456 3.6579 0.3083 80 200 120
-2.5039 -2.9922 -0.7453 80 200 120
3.2779 -4.9863 2.3933 80 200 120
1.4215 -5.0372 2.6864 80 200 120
3.6118 -4.6933 1.9705 80 200 120
-2.1399 -7.4955 3.1975 80 200 120
1.8089 -5.5369 3.2248 80 200 120
3.5669 -3.4144 2.2540 80 200 120
1.6588 -5.0325 1.9360 80 200 120
3.4349 -4.9887 2.8308 80 200 120
3.6290 -4.3552 2.8418 80 200 120
3.8024 -3.7584 2.7570 80 200 120
0.0802 -5.0851 2.4646 80 200 120
0.5859 -5.0484 1.9687 80 200 120
2.6949 -4.8950 1.3354 80 200 120
-1.6093 -5.9812 3.1117 80 200 120
-0.8802 -5.0278 2.6164 80 200 120
0.0889 -5.0535 2.7617 80 200 120
-0.2440 -5.1024 2.5260 80 200 120
3.7683 -3.3816 2.7228 80 200 120
-0.7990 -5.0184 2.8661 80 200 120
-0.1981 -4.8084 2.3534 80 200 120
-2.5242 -7.2776 3.1493 80 200 120
0.2881 -4.9277 1.8715 80 200 120
0.8244 -5.0607 2.9812 80 200 120
-1.3953 -5.0094 2.8155 80 200 120
-0.4311 -5.0427 1.9720 80 200 120
2.8513 -5.3618 3.1910 80 200 120
2.1486 -4.9495 1.6343 80 200 120
-0.5026 -6.0188 3.2588 80 200 120
-1.0364 -5.0700 2.8926 80 200 120
-1.2046 -5.0835 2.7393 80 200 120
3.5867 -4.0303 2.1118 80 200 120
0.6105 -5.0656 2.6522 80 200 120
-0.2818 -5.1110 2.8503 80 200 120
4.4436 -4.3854 3.1808 80 200 120
0.5770 -5.0961 2.3871 80 200 120
-1.3728 -5.1744 3.0076 80 200 120
0.1673 -5.5237 3.1065 80 200 120
-0.2941 -5.0663 2.2103 80 200 120
0.5291 -5.0759 2.9666 80 200 120
-0.5557 -5.0857 2.9876 80 200 120
-0.6856 -5.1038 2.2233 80 200 120
-1.6271 -5.0775 2.5998 80 200 120
-0.6950 -5.0824 2.5436 80 200 120
-0.7542 -6.4007 1.8049 80 200 120
1.1191 -5.0033 2.1604 80 200 120
0.8079 -5.4287 3.2688 80 200 120
1.7624 -5.0541 3.1104 80 200 120
4.0243 -4.9909 3.1797 80 200 120
0.3715 -5.0991 2.0788 80 200 120
1.2135 -5.3220 1.3765 80 200 120
3.5621 -4.2187 1.7623 80 200 120
0.2397 -5.5836 1.7231 80 200 120
-0.3130 -5.7111 3.2529 80 200 120
3.6745 -4.6992 2.6157 80 200 120
1.8367 3.9918 0.3594 80 200 120
-0.6279 1.2157 0.8866 80 200 120
3.2219 2.4856 0.1865 80 200 120
-2.0134 4.4201 0.2727 80 200 120
3.5970 0.4332 1.8887 80 200 120
3.5080 1.3360 0.4451 80 200 120
3.2724 3.6491 1.3699 80 200 120
3.2844 -0.6436 1.9445 80 200 120
3.4576 1.9354 1.1788 80 200 120
1.5134 4.6211 0.2012 80 200 120
3.3851 3.6852 0.6562 80 200 120
2.4444 1.5389 0.0550 80 200 120
1.0093 3.3341 -0.1103 80 200 120
3.3317 -0.2280 0.8692 80 200 120
-1.8111 4.9563 0.7832 80 200 120
3.5632 2.0979 2.2147 80 200 120
1.1822 1.3957 0.3360 80 200 120
-3.5272 5.0974 1.2428 80 200 120
-0.2210 4.9541 1.6027 80 200 120
-2.4042 4.8529 1.2279 80 200 120
3.7836 1.3894 1.7481 80 200 120
3.1703 4.3655 0.9022 80 200 120
-3.4952 0.7039 2.3769 80 200 120
2.8065 4.8400 1.2002 80 200 120
-1.0989 1.3812 1.2097 80 200 120
3.1072 3.3073 2.0772 80 200 120
3.3468 2.7347 1.2745 80 200 120
-0.0068 2.9352 1.8649 80 200 120
3.5834 1.2424 1.1238 80 200 120
-1.6429 3.7183 -0.2179 80 200 120
-2.3261 5.2298 2.0420 80 200 120
3.1738 0.1473 0.7955 80 200 120
10.7554 16.9906 3.1433 80 200 120
1.6272 2.6996 0.7464 80 200 120
-3.1422 3.5054 0.5764 80 200 120
5.2700 5.7267 3.1532 80 200 120
0.6170 -2.3710 3.1920 80 200 120
-4.3743 7.0970 3.2346 80 200 120
3.2009 1.4604 0.0899 80 200 120
22.5043 43.5777 2.5461 80 200 120
3.5037 1.3844 2.9906 80 200 120
3.1168 4.5234 2.4140 80 200 120
-2.9910 5.9848 3.2118 80 200 120
3.5005 2.1935 0.4690 80 200 120
3.5674 -1.2633 2.3757 80 200 120
3.7824 3.0251 3.1767 80 200 120
-1.9036 9.0499 3.2238 80 200 120
4.2047 -1.3912 3.0258 80 200 120
3.5631 1.0504 2.3287 80 200 120
3.5931 -0.5685 2.9145 80 200 120
-1.6488 4.8513 2.4721 80 200 120
0.3392 11.3074 3.1315 80 200 120
3.4617 -0.7245 1.0743 80 200 120
3.9041 1.0985 3.1666 80 200 120
3.4229 9.6803 3.3142 80 200 120
-5.7344 8.2597 3.0675 80 200 120
3.9922 -0.0043 3.2188 80 200 120
0.7300 6.9767 3.2478 80 200 120
2.4358 5.0685 1.9231 80 200 120
-3.5797 0.6994 2.7878 80 200 120
-0.0273 3.1235 2.4705 80 200 120
3.5431 0.2936 2.9581 80 200 120
-3.4686 4.0099 0.9049 80 200 120
-1.1249 4.8620 2.5455 80 200 120
3.4796 0.6556 1.1202 80 200 120
1.6263 4.9526 2.4426 80 200 120
-5.7559 -7.7125 3.2270 80 200 120
-5.3895 -5.5912 3.2216 80 200 120
-5.0515 -4.8283 3.2179 80 200 120
-3.6345 -4.3734 3.0023 80 200 120
-4.8441 -4.3390 3.2711 80 200 120
-3.6802 -2.1382 3.2296 80 200 120
-6.1211 -9.6970 3.1601 80 200 120
-3.5457 -4.5148 2.6725 80 200 120
-3.1537 -5.0492 2.9156 80 200 120
-3.4768 -3.9788 2.7370 80 200 120
-3.5502 1.6276 2.8271 80 200 120
-3.6303 -1.7439 2.6677 80 200 120
-3.5360 -0.7882 2.8803 80 200 120
-3.5695 -3.8566 2.6141 80 200 120
-3.1848 -1.0932 3.2083 80 200 120
-4.1542 -2.3117 3.2310 80 200 120
-3.2603 -0.7148 3.2097 80 200 120
-3.5367 -2.3659 2.7710 80 200 120
-3.4766 -3.1283 2.6024 80 200 120
-3.4763 -4.1213 2.5365 80 200 120
-3.6035 -1.9250 2.8953 80 200 120
-3.5373 -2.7102 2.9777 80 200 120
-3.5200 -3.5609 2.8055 80 200 120
-3.4453 -2.2493 2.4849 80 200 120
-2.9908 -6.2248 3.1665 80 200 120
-3.5583 -2.8580 2.8922 80 200 120
-9.7332 -9.7490 3.3309 80 200 120
-3.6826 -1.4992 2.5708 80 200 120
-4.2451 -3.0974 3.2024 80 200 120
-3.4777 -2.0675 2.5940 80 200 120
-3.5167 -0.9933 2.7902 80 200 120
-3.5538 -0.2295 2.9187 80 200 120
-4.1928 -7.8222 3.1550 80 200 120
-3.6176 -3.0195 2.5931 80 200 120
-3.4646 -1.7900 2.5116 80 200 120
0.3064 -2.6535 1.1831 80 200 120
-2.6905 -1.0339 1.2235 80 200 120
-2.7396 -1.3414 1.2509 80 200 120
-3.2003 4.4421 -0.2533 80 200 120
-1.1161 1.3468 0.8117 80 200 120
-0.4795 -0.4175 -0.0393 80 200 120
-3.3973 -1.4140 1.2707 80 200 120
-2.5442 -3.9499 1.1645 80 200 120
-2.5313 -4.3345 0.7906 80 200 120
-3.1714 -4.2623 1.1251 80 200 120
-2.2881 -3.3179 0.1919 80 200 120
0.4984 -1.9563 0.8725 80 200 120
-2.4721 -3.5748 1.3516 80 200 120
-2.8606 -4.1626 1.2402 80 200 120
-0.0973 -5.2373 -0.3413 80 200 120
-2.6576 -4.5562 -0.2027 80 200 120
2.6203 0.2955 0.2050 80 200 120
0.3774 -2.1468 0.9234 80 200 120
0.6044 -2.7101 1.1693 80 200 120
0.4314 -1.8200 0.8625 80 200 120
1.3568 -2.9108 1.1141 80 200 120
-2.2766 0.1066 0.0094 80 200 120
0.8235 -2.3318 0.8731 80 200 120
-0.7937 -1.9362 -0.0773 80 200 120
1.0362 -3.1054 1.1546 80 200 120
2.8293 -1.8192 0.0159 80 200 120
0.4746 -2.6522 0.9118 80 200 120
2.0339 -2.2485 0.3388 80 200 120
-2.9031 0.0110 0.8767 80 200 120
-2.5225 -3.9592 1.1801 80 200 120
-2.3966 -3.2946 1.3289 80 200 120
-2.4412 2.4116 0.0714 80 200 120
-2.7933 -4.2319 1.0679 80 200 120
-2.6442 0.5508 1.1016 80 200 120
-2.5375 -1.6419 1.5002 80 200 120
-2.5623 -0.9232 0.9509 80 200 120
-2.7584 -1.2141 1.2679 80 200 120
1.7488 -4.8983 2.3592 80 200 120
3.1027 -4.5584 1.5275 80 200 120
-0.7382 -4.5872 2.5786 80 200 120
-1.1152 -5.6005 3.3175 80 200 120
0.9537 -5.0657 1.9215 80 200 120
-0.4995 -7.1420 3.1990 80 200 120
2.0727 4.9293 1.2085 80 200 120
-5.2507 5.0322 3.2307 80 200 120
-4.7040 2.7653 3.1829 80 200 120
-3.2530 5.8543 0.1039 80 200 120
-2.7522 5.5513 -0.3094 80 200 120
-3.3113 2.4971 1.7284 80 200 120
3.4925 -0.9575 2.0743 80 200 120
-0.6667 13.5149 3.2547 80 200 120
3.4954 -0.4543 2.3445 80 200 120
-0.8840 2.8232 1.1158 80 200 120
0.3064 2.8616 0.0805 80 200 120
-3.5487 -2.5262 2.9148 80 200 120
-3.4696 -4.1040 2.8591 80 200 120
-3.5253 -0.3464 2.6976 80 200 120
-3.5601 -4.5853 2.9381 80 200 120
-3.5362 -2.1491 2.8564 80 200 120
-4.3508 -2.6885 3.2366 80 200 120
-3.6968 0.9259 2.7607 80 200 120
-3.7940 -0.8642 2.3170 80 200 120
-3.5109 0.1396 2.8520 80 200 120
-3.5298 -1.4157 2.5676 80 200 120
-3.9372 -2.8740 3.2988 80 200 120
-3.1334 -2.0478 3.2397 80 200 120
-4.3239 -3.7810 3.2408 80 200 120
-3.5159 -3.0371 2.9081 80 200 120
-3.5010 -1.9529 2.6822 80 200 120
-3.3188 -0.9720 2.5628 80 200 120
-3.4033 -3.1105 3.0887 80 200 120
-1.0914 -4.7225 0.0174 80 200 120
-3.2400 0.3979 0.0293 80 200 120
-2.9748 0.4102 -0.0312 80 200 120
-0.0430 -3.2892 0.6607 80 200 120
-0.4735 -3.1180 0.7709 80 200 120
0.1019 -3.1329 0.9007 80 200 120
-12.8367 -16.8840 3.1843 80 200 120
2.0986 -2.9979 0.6305 80 200 120
0.0121 -1.2501 0.2059 80 200 120
-2.9918 1.9919 0.5367 80 200 120
-2.6928 0.8657 0.0514 80 200 120
-0.3743 1.7672 0.2789 80 200 120
-2.7170 -1.5025 1.2703 80 200 120
-2.6332 -2.6142 0.3378 80 200 120
-2.3327 -1.2961 0.1249 80 200 120
-2.5505 -1.7386 1.2685 80 200 120
3.0218 2.8519 0.2103 80 200 120
0.6173 -1.5232 0.6673 80 200 120
-2.6552 -3.4022 1.3529 80 200 120
-0.5045 -1.7084 0.2656 80 200 120
2.2715 -3.2500 0.8767 80 200 120
-1.5424 1.5593 0.0147 80 200 120
0.2466 -0.8689 -0.1321 80 200 120
3.1610 -4.7969 0.1370 80 200 120
3.0839 -4.1470 0.3238 80 200 120
0.1007 -4.9625 0.0374 80 200 120
-2.1132 2.8223 0.9874 80 200 120
2.2241 -5.0378 -0.1352 80 200 120
-0.0168 -2.4131 1.0842 80 200 120
-2.8571 -2.3671 0.2035 80 200 120
-2.8182 -2.6974 0.5528 80 200 120
1.6435 -5.0348 2.3699 80 200 120
-1.5735 -5.1241 3.0776 80 200 120
-1.4929 -5.1492 2.4790 80 200 120
-2.0859 -5.7012 3.2383 80 200 120
2.6694 -3.1844 3.2549 80 200 120
3.7949 -3.6992 2.8594 80 200 120
1.9237 -5.4197 1.3179 80 200 120
2.1306 4.5532 0.1259 80 200 120
-0.5999 1.8184 0.9234 80 200 120
0.0704 2.9018 1.9268 80 200 120
0.1301 3.4406 0.2386 80 200 120
2.7816 2.6580 -0.1027 80 200 120
2.2262 1.1966 0.2307 80 200 120
-0.4477 2.9635 1.3755 80 200 120
0.7701 4.4447 0.2024 80 200 120
-1.2169 4.1245 0.0181 80 200 120
-0.0493 3.2713 0.9156 80 200 120
3.5352 -0.5594 1.8819 80 200 120
-3.3421 2.1810 2.3433 80 200 120
-3.6580 0.4553 2.4270 80 200 120
-3.1909 -4.6016 2.8198 80 200 120
-3.5364 -3.9292 2.9676 80 200 120
-3.3848 -3.3813 3.0651 80 200 120
-3.5214 -3.8259 2.6293 80 200 120
-3.5475 -2.9587 2.6467 80 200 120
-3.5137 -3.4117 2.7825 80 200 120
-3.5771 -2.1214 3.0928 80 200 120
-10.8248 -14.3175 3.2340 80 200 120
-3.3553 -4.9168 2.9758 80 200 120
-3.3412 -5.2476 2.9950 80 200 120
-3.5257 -2.7699 3.1366 80 200 120
-3.3700 -2.0044 2.4940 80 200 120
-3.4614 -2.2647 2.5814 80 200 120
-3.5298 -2.8214 2.6150 80 200 120
-3.5958 -0.9564 3.1368 80 200 120
-3.5608 -0.5873 2.6807 80 200 120
-2.6617 0.3592 0.1979 80 200 120
-2.7418 0.3343 0.1528 80 200 120
1.8777 -3.6682 0.0078 80 200 120
3.0860 -4.6099 -0.0965 80 200 120
-0.2727 -1.0221 -0.0417 80 200 120
-2.5269 -1.2427 1.1291 80 200 120
-2.9506 -1.0863 1.2506 80 200 120
-2.6357 -3.9397 1.6162 80 200 120
-0.0697 -2.7178 1.1639 80 200 120
-0.5352 -0.4484 -0.0861 80 200 120
0.4698 -2.6394 0.9903 80 200 120
-3.4004 1.8979 0.6482 80 200 120
-3.7199 3.4960 0.5417 80 200 120
-2.7853 2.2638 0.3158 80 200 120
-2.8054 0.7458 0.3479 80 200 120
-2.5467 4.6987 0.1063 80 200 120
-1.4140 2.5047 0.6483 80 200 120
-0.0240 0.2958 0.8363 80 200 120
-2.0248 -1.9816 -0.0915 80 200 120
2.5051 -1.2443 0.1070 80 200 120
2.6232 0.0219 0.4594 80 200 120
0.8059 -0.6652 -0.1338 80 200 120
3.0664 1.5143 -0.2491 80 200 120
-5.5636 11.4695 3.0107 80 200 120
-2.5376 -2.9821 1.4731 80 200 120
2.5646 -0.0448 -0.2490 80 200 120
91.1035 170.7794 1.3165 80 200 120
-2.5412 -4.3236 0.3807 80 200 120
2.6303 -1.2306 0.7227 80 200 120
-0.2779 -3.1216 0.6916 80 200 120
3.2500 0.9190 0.1536 80 200 120
2.2882 -0.5331 0.5963 80 200 120
2.6353 -0.7563 0.7396 80 200 120
3.6014 1.4274 0.9737 80 200 120
2.9013 -1.7316 0.5277 80 200 120
-0.4370 -0.8327 -0.1123 80 200 120
-3.5683 -4.5564 0.6558 80 200 120
-0.2397 2.7969 0.8664 80 200 120
-2.2302 -3.7774 1.6699 80 200 120
-2.2434 -3.5629 1.9973 80 200 120
-2.4629 -3.2052 -0.5463 80 200 120
-2.2384 -3.6174 0.2975 80 200 120
-1.9319 -3.0892 1.2660 80 200 120
7.8268 12.2820 3.1921 80 200 120
5.1736 5.4681 2.4567 80 200 120
-0.5156 -2.0941 0.3269 80 200 120
-0.5227 -4.9062 0.0588 80 200 120
-2.3600 3.6865 -0.0893 80 200 120
-0.3646 -3.0632 0.8350 80 200 120
-1.5544 -4.8044 0.1615 80 200 120
-2.3941 -3.5214 1.4291 80 200 120
1.4683 -4.8743 0.1328 80 200 120
-0.4659 -2.3728 -0.0440 80 200 120
-2.4955 -2.9631 1.5215 80 200 120
-0.3338 -1.5309 0.3905 80 200 120
0.0314 -3.1777 0.7769 80 200 120
-1.9142 -4.7378 -0.0023 80 200 120
-0.9896 -4.9280 -0.1290 80 200 120
-2.8345 -4.7498 -0.3162 80 200 120
-2.4040 0.1724 0.5947 80 200 120
0.6670 -3.3834 0.5620 80 200 120
-0.5056 -5.0246 2.1730 80 200 120
1.3643 -5.5335 3.2911 80 200 120
-1.8249 -5.3800 3.2352 80 200 120
3.5823 -3.8728 2.5985 80 200 120
3.8551 -3.8108 1.6459 80 200 120
3.3366 -3.7554 3.3366 80 200 120
2.4121 -5.1121 1.5405 80 200 120
-0.0623 -4.7859 2.0125 80 200 120
-2.1357 -6.2415 2.4323 80 200 120
-0.1448 -5.1972 1.8175 80 200 120
-2.3957 -5.5021 2.7607 80 200 120
-0.8453 2.8261 0.5130 80 200 120
1.0238 -2.6868 3.1695 80 200 120
15.1124 23.5999 3.0956 80 200 120
2.1459 3.6162 0.2777 80 200 120
4.0288 2.4663 3.3371 80 200 120
5.0068 -1.8048 3.2890 80 200 120
2.0137 8.8952 3.2682 80 200 120
-8.5325 -9.8120 2.9540 80 200 120
-3.6361 -3.8910 2.8160 80 200 120
-2.8205 -1.0735 3.3169 80 200 120
-3.5709 0.7025 2.8041 80 200 120
-3.5576 1.6934 2.8571 80 200 120
-3.4909 -1.7539 2.4994 80 200 120
-3.5813 -3.7149 3.0108 80 200 120
-3.5707 -1.1595 2.9867 80 200 120
-3.5855 -0.6876 3.1743 80 200 120
-4.1602 -3.4452 3.3217 80 200 120
-3.4055 0.0066 3.3210 80 200 120
-3.4526 -3.1206 3.1081 80 200 120
-3.4405 -3.6018 2.6316 80 200 120
-2.5559 -2.5048 0.2428 80 200 120
-3.5399 -5.0938 1.0896 80 200 120
-2.3428 -4.0094 0.4541 80 200 120
-2.3104 -3.5887 1.0175 80 200 120
0.4282 -2.1960 0.9285 80 200 120
0.5028 -1.9049 0.8496 80 200 120
3.3978 -4.7507 0.3423 80 200 120
-3.3329 0.3154 0.3403 80 200 120
-3.2063 0.6073 -0.2436 80 200 120
3.5345 -3.6471 -0.1072 80 200 120
-2.6813 0.8002 0.5293 80 200 120
-0.8862 1.4684 0.8077 80 200 120
0.3101 0.0631 0.9110 80 200 120
-2.3053 -3.9520 0.5331 80 200 120
0.1057 1.5633 0.2709 80 200 120
2.3150 -0.6205 0.0444 80 200 120
2.6878 -1.5771 -0.0185 80 200 120
-0.5542 -1.9997 0.4175 80 200 120
1.1762 4.1873 -0.2025 80 200 120
-0.8496 3.0783 0.6913 80 200 120
-1.9880 3.1925 0.7829 80 200 120
-0.7830 2.2583 1.5207 80 200 120
-2.8058 -1.9702 1.1430 80 200 120
-2.2381 -3.8830 0.3101 80 200 120
-3.7952 1.7067 -1.3554 80 200 120
-2.7472 -2.2185 0.7757 80 200 120
-3.1449 0.4630 0.5392 80 200 120
-2.7081 1.9353 0.0227 80 200 120
-2.5965 -2.0426 1.0046 80 200 120
-1.2645 3.9010 0.2015 80 200 120
-0.5713 1.2410 0.1205 80 200 120
-2.8886 -2.1129 0.9816 80 200 120
2.1919 -3.0495 3.3280 80 200 120
3.3826 -4.9784 1.1880 80 200 120
2.5427 -2.7132 3.3505 80 200 120
1.2058 5.0614 1.8413 80 200 120
-1.9798 4.3614 0.3728 80 200 120
-4.5102 5.4120 3.2858 80 200 120
-3.9396 -2.1493 3.3474 80 200 120
-4.0010 -2.3767 3.3399 80 200 120
-3.3747 -1.9684 3.3298 80 200 120
-4.7037 -3.1614 3.3441 80 200 120
-3.4971 -1.6281 2.9719 80 200 120
-3.4650 -4.4348 2.7167 80 200 120
-3.5767 -1.8611 3.0535 80 200 120
-3.5710 -2.5496 2.8480 80 200 120
-3.5331 -4.5654 2.9423 80 200 120
-3.5280 -1.7747 3.3651 80 200 120
-3.5812 -0.5428 2.9193 80 200 120
-3.6252 -2.0869 3.1718 80 200 120
-3.7700 -5.3434 2.9826 80 200 120
-3.5640 -1.3244 3.1761 80 200 120
-3.5413 -5.0318 2.7710 80 200 120
-3.3419 -1.4255 3.3862 80 200 120
-3.4440 -0.9129 2.6010 80 200 120
-1.1197 -4.0638 -0.0177 80 200 120
-2.5908 -2.6616 0.3391 80 200 120
-2.3844 -3.7388 1.3207 80 200 120
-3.3903 3.5975 0.1411 80 200 120
-3.4531 1.5509 0.7267 80 200 120
-2.7149 0.7807 0.4492 80 200 120
-0.0344 -0.5621 -0.0359 80 200 120
-0.0067 -0.7312 -0.1215 80 200 120
-2.6403 -2.4199 1.0551 80 200 120
-2.3682 -2.7393 -0.0103 80 200 120
0.4723 -1.9158 0.8582 80 200 120
-2.9185 -3.3531 1.4308 80 200 120
-0.2054 -1.5349 0.6023 80 200 120
0.6209 -1.3343 0.0079 80 200 120
-3.1983 -0.2520 0.5065 80 200 120
-3.1358 -2.7837 1.1590 80 200 120
-0.5775 -2.5699 0.2576 80 200 120
0.2729 -2.2851 1.0234 80 200 120
0.6594 0.3121 0.6933 80 200 120
2.1041 2.2989 0.3901 80 200 120
3.0607 2.6786 0.3272 80 200 120
-0.6614 1.1910 0.7025 80 200 120
1.3101 1.9084 -0.0459 80 200 120
4.7220 5.4829 0.6610 80 200 120
2.4777 1.5543 0.0895 80 200 120
0.2120 1.7869 0.3800 80 200 120
1.0436 -2.6963 1.6719 80 200 120
0.7934 -2.6863 1.6408 80 200 120
-2.4452 -1.0511 0.7459 80 200 120
-2.4332 2.3191 0.1121 80 200 120
0.9007 -2.3373 3.1635 80 200 120
-2.3943 -3.2969 1.3625 80 200 120
-0.3497 -2.8072 0.8644 80 200 120
0.7030 -2.7289 1.5015 80 200 120
3.2117 -2.2524 0.3334 80 200 120
0.4560 -2.4922 2.6430 80 200 120
-2.3327 -2.6523 0.0986 80 200 120
-2.2686 -1.6116 0.5139 80 200 120
-2.2601 -1.8226 0.3996 80 200 120
-2.4402 -3.5694 1.3525 80 200 120
-2.9491 -3.1741 1.3078 80 200 120
3.7332 -3.7890 1.6843 80 200 120
1.1266 -5.0809 2.4833 80 200 120
1.0741 -5.1847 1.4052 80 200 120
0.0147 -5.0607 2.4616 80 200 120
3.3262 -4.0945 3.3170 80 200 120
-1.5681 -5.1071 3.1028 80 200 120
-4.6090 -8.2760 3.3540 80 200 120
-0.3198 3.2175 0.0749 80 200 120
1.4632 4.4052 0.3779 80 200 120
2.2909 1.5321 0.2271 80 200 120
1.5702 3.3300 0.0741 80 200 120
-1.5254 3.9792 0.5261 80 200 120
-9.9042 -8.7480 3.3676 80 200 120
-4.3405 -2.7647 3.3814 80 200 120
-3.2248 -1.2971 3.3966 80 200 120
-3.5693 -0.8198 2.7907 80 200 120
-3.5502 -1.5251 3.3791 80 200 120
-12.1196 -20.5445 3.2172 80 200 120
-7.7824 -11.8436 2.9371 80 200 120
-4.5143 -3.3922 3.2211 80 200 120
-3.4656 -1.8290 2.6358 80 200 120
-3.5137 -1.5734 2.6440 80 200 120
-2.5736 0.7037 0.2122 80 200 120
-0.8659 -2.2830 0.1048 80 200 120
-2.4834 -4.7373 0.4093 80 200 120
-0.0280 -0.3756 -0.0927 80 200 120
0.4533 -0.8095 -0.0338 80 200 120
-2.3673 -2.8998 0.7546 80 200 120
0.5063 -1.9568 0.8684 80 200 120
2.6250 3.1681 0.2270 80 200 120
3.0353 -1.9219 -0.2018 80 200 120
-2.3148 -3.0756 0.0678 80 200 120
2.0762 -0.2354 -0.0791 80 200 120
2.7338 -1.0032 0.4145 80 200 120
2.7078 -1.1698 -0.0357 80 200 120
-0.4416 1.7034 0.6959 80 200 120
-1.2625 1.5498 0.7412 80 200 120
-2.6027 1.6963 0.4470 80 200 120
6.9347 10.7587 3.1964 80 200 120
-2.3021 3.4050 0.0211 80 200 120
-0.7187 2.7322 1.3515 80 200 120
-2.5338 -2.3159 0.2997 80 200 120
-2.6428 -3.6288 -0.9054 80 200 120
40.6329 78.8827 2.8597 80 200 120
-0.7934 -1.9679 -0.0846 80 200 120
-9.0227 -12.5749 2.9351 80 200 120
-1.7921 -5.6515 2.1802 80 200 120
2.8957 -5.0663 1.3210 80 200 120
-1.3959 -5.1329 2.3173 80 200 120
1.0625 -5.3575 3.3862 80 200 120
2.1543 -5.0828 2.2786 80 200 120
-7.4271 -11.8343 3.3911 80 200 120
3.4338 3.3629 2.6216 80 200 120
-0.2837 2.8276 0.9834 80 200 120
-3.5109 5.0059 1.2924 80 200 120
3.8215 0.1030 0.9766 80 200 120
-3.7408 1.5380 2.4264 80 200 120
-3.2362 -0.6026 3.3979 80 200 120
-2.9763 -0.1145 3.4083 80 200 120
-285.2439 -325.9308 -3.8800 80 200 120
-580.2393 -551.8920 -7.1116 80 200 120
-3.4878 -1.3225 2.7951 80 200 120
-3.3838 0.1698 2.5572 80 200 120
-3.6178 -1.8666 3.0507 80 200 120
-3.6023 -0.0433 3.1239 80 200 120
-3.4952 -1.4620 3.0404 80 200 120
-3.7296 -2.7669 3.0402 80 200 120
-5.2047 -3.8496 3.5065 80 200 120
-3.4560 -2.0516 2.5754 80 200 120
-3.7152 -1.9199 2.8687 80 200 120
-3.3962 0.8083 0.6294 80 200 120
-1.8792 0.8502 -0.1606 80 200 120
-2.8756 -3.3912 1.3259 80 200 120
-2.3779 -3.2712 1.4336 80 200 120
-2.3952 -3.9971 1.6835 80 200 120
-2.6913 0.3678 0.9195 80 200 120
0.1634 -1.4765 0.4213 80 200 120
-3.0088 2.0412 0.4947 80 200 120
0.3492 -0.0102 0.7342 80 200 120
-0.2173 -0.2788 -0.1141 80 200 120
-0.8116 1.9348 0.6368 80 200 120
-2.5663 -2.3684 0.3664 80 200 120
0.4995 -1.8311 0.8930 80 200 120
13.1892 25.1652 3.1213 80 200 120
-3.8874 5.7140 3.2314 80 200 120
2.9642 -1.3717 0.4373 80 200 120
-0.3728 -1.8898 1.1155 80 200 120
3.6828 3.7415 2.4449 80 200 120
2.9176 -0.3473 0.6736 80 200 120
2.5952 -0.3855 0.4870 80 200 120
-0.4935 -0.4124 -0.0192 80 200 120
-0.5377 1.2828 0.5709 80 200 120
-0.7294 1.4398 0.9330 80 200 120
1.0554 5.8188 -0.4253 80 200 120
0.7238 4.5326 -0.5572 80 200 120
-1.3727 1.9118 0.1032 80 200 120
1.4486 4.9229 0.0444 80 200 120
-2.5206 -2.2648 1.1816 80 200 120
-2.8819 -2.6373 0.8545 80 200 120
-2.4760 -2.7051 1.3121 80 200 120
-2.4305 -3.3518 1.3269 80 200 120
-2.9154 -2.4303 0.8691 80 200 120
0.2606 -1.4856 0.3747 80 200 120
-2.4412 -2.9331 1.5886 80 200 120
-2.8605 -3.1243 1.3967 80 200 120
-0.8373 3.0045 0.6928 80 200 120
-2.5845 -0.9494 1.0145 80 200 120
-1.3567 7.7432 -1.8533 80 200 120
-2.6435 -2.2252 1.3547 80 200 120
-3.1989 -2.7797 1.0613 80 200 120
2.2277 -5.0443 -0.0389 80 200 120
-0.7600 -5.1651 1.9645 80 200 120
3.3163 -4.8621 1.3095 80 200 120
-1.3981 -5.1269 3.3206 80 200 120
-2.1182 -5.4308 3.1602 80 200 120
0.8155 -4.8584 1.7257 80 200 120
2.6789 -3.3760 3.3899 80 200 120
-44301.2037 -52450.3159 -654.1785 80 200 120
2.2881 -5.0637 3.2823 80 200 120
0.2856 -5.4855 3.4611 80 200 120
1.9027 2.8145 0.0014 80 200 120
4.1730 -1.9599 3.5238 80 200 120
-2.8284 5.2354 2.6820 80 200 120
-0.4706 3.1662 1.2311 80 200 120
-1.9711 5.0641 1.5775 80 200 120
4.5521 -2.8352 3.4182 80 200 120
1.9477 4.0560 0.8692 80 200 120
3.9791 8.1177 3.4062 80 200 120
8.0419 12.9026 3.1170 80 200 120
-3.7989 3.9866 2.8685 80 200 120
-4.5169 3.2454 3.3943 80 200 120
-4.2228 2.0018 3.4518 80 200 120
3.6107 1.2296 1.8584 80 200 120
-3.8495 -1.9273 3.4336 80 200 120
-7.3293 -5.7496 3.4471 80 200 120
-4.0725 -2.1204 3.4424 80 200 120
-3.7236 -3.4310 3.1266 80 200 120
-3.5796 -2.1454 3.1724 80 200 120
-3.7201 -3.9849 3.1325 80 200 120
-3.5512 -4.1651 3.1148 80 200 120
-3.7179 -1.5417 3.4118 80 200 120
-1.2824 -3.8567 0.0352 80 200 120
-2.2546 -3.8048 1.6282 80 200 120
-2.9166 -3.1677 1.3533 80 200 120
0.3900 -2.6062 1.0717 80 200 120
3.1766 -4.2018 0.2733 80 200 120
-2.5516 -2.7313 1.1471 80 200 120
-6.4047 -6.0222 3.3675 80 200 120
-4.3196 -7.0305 3.4100 80 200 120
-0.3343 -1.9513 0.9788 80 200 120
3.4614 -4.7763 0.2652 80 200 120
-3.4889 -2.2762 1.2547 80 200 120
-2.9888 -1.8868 1.3200 80 200 120
-2.7601 -1.5033 1.2127 80 200 120
-2.5569 -2.0383 1.1584 80 200 120
-2.5609 -1.7344 1.2050 80 200 120
0.3995 -2.2852 1.0258 80 200 120
-0.3452 -3.1500 0.7538 80 200 120
-0.5284 -2.3116 0.1407 80 200 120
-0.2869 -1.5961 0.3768 80 200 120
-0.5545 -2.9790 0.2144 80 200 120
2.4111 -1.6136 0.2290 80 200 120
1.7944 0.2663 -0.0650 80 200 120
0.3310 -0.0076 0.2940 80 200 120
0.3099 -0.0421 0.1458 80 200 120
-0.8846 0.7963 -0.1357 80 200 120
3.5534 0.5494 2.1692 80 200 120
-2.3187 -1.2014 0.3523 80 200 120
-2.6606 1.8966 0.0519 80 200 120
-2.4303 -1.0500 0.7949 80 200 120
3.0763 2.9086 2.7358 80 200 120
-2.4634 2.5662 -0.0453 80 200 120
-2.1149 4.5098 -0.0704 80 200 120
4.3063 4.5935 3.3216 80 200 120
-2.4581 -1.9848 1.2997 80 200 120
3.5428 1.3738 2.9314 80 200 120
0.8664 -3.7801 0.8203 80 200 120
3.2214 2.3727 2.3321 80 200 120
-2.1334 1.1684 0.0437 80 200 120
-2.7425 0.0047 0.5885 80 200 120
-0.6124 1.7061 1.1328 80 200 120
20.7596 40.8503 3.1581 80 200 120
-2.4279 -1.4782 0.0881 80 200 120
-2.4065 0.2909 0.5103 80 200 120
-1.2903 -5.0931 2.1638 80 200 120
2.4298 -3.0216 3.4327 80 200 120
2.3037 -2.6210 3.4492 80 200 120
1.0528 -5.3856 3.4306 80 200 120
1.4401 -5.2394 3.4524 80 200 120
2.2026 -5.0853 2.7695 80 200 120
2.6521 -2.0799 3.4531 80 200 120
2.4134 -5.0864 1.5185 80 200 120
2.8220 3.4818 0.1456 80 200 120
2.1236 4.1929 0.1555 80 200 120
3.4024 1.6136 -0.0933 80 200 120
3.1113 -0.2391 1.1699 80 200 120
2.2901 3.5485 0.4988 80 200 120
5.4877 0.0518 3.4082 80 200 120
-0.8458 3.0536 0.9712 80 200 120
3.5229 -2.6765 3.1218 80 200 120
3.6271 -1.1649 2.4307 80 200 120
-4.6402 -2.5041 3.4696 80 200 120
-3.5372 -1.3387 3.5084 80 200 120
-3.6252 -2.2588 2.9775 80 200 120
-3.7243 -1.7947 2.6605 80 200 120
-2.6068 1.6088 3.4617 80 200 120
-2.9752 0.5411 3.4724 80 200 120
-3.2373 -0.5419 3.4808 80 200 120
-3.3071 0.4572 3.4698 80 200 120
-3.6788 0.8394 2.7635 80 200 120
-3.5149 0.1352 3.3554 80 200 120
-3.6051 1.5393 3.0925 80 200 120
-14.6385 -24.3751 3.0995 80 200 120
-3.0435 1.2617 3.5043 80 200 120
-3.3765 -3.8652 2.8913 80 200 120
-3.5634 -1.2672 2.7648 80 200 120
-2.3224 1.7474 3.4504 80 200 120
-3.8109 -3.2651 2.8198 80 200 120
-3.6316 -0.8440 3.0874 80 200 120
-0.8242 0.6313 -0.0169 80 200 120
-0.5925 0.4979 -0.0683 80 200 120
-2.3154 -2.3351 0.3355 80 200 120
-2.7156 1.6439 -0.0073 80 200 120
-1.2520 0.2571 -0.0603 80 200 120
-2.9183 -0.8649 0.9245 80 200 120
-3.1946 0.4759 0.4528 80 200 120
-3.6566 -2.3353 1.0884 80 200 120
-0.3216 -1.6408 0.5525 80 200 120
-2.5140 -1.0110 0.6363 80 200 120
-0.0954 -1.0545 -0.0995 80 200 120
2.5073 -0.4943 0.4826 80 200 120
2.3101 -0.0985 -0.3244 80 200 120
2.8538 -1.9597 -0.0411 80 200 120
3.1071 -1.9626 0.2962 80 200 120
-2.8033 -3.8619 1.5537 80 200 120
-2.4746 -1.4910 1.2912 80 200 120
2.6454 -0.0169 0.0447 80 200 120
2.3578 3.5299 0.2780 80 200 120
0.1969 -0.0714 0.8746 80 200 120
-0.5259 -2.8623 0.4832 80 200 120
-2.4429 -1.7305 1.3364 80 200 120
-2.5159 -4.2715 0.1593 80 200 120
-1.0009 -4.8118 0.0196 80 200 120
3.7527 3.0915 1.5261 80 200 120
-2.5536 -2.8063 -0.5063 80 200 120
-0.7054 3.2772 1.1225 80 200 120
-3.0424 -2.7377 1.2518 80 200 120
-2.6123 -4.4582 0.4088 80 200 120
-2.8737 -3.1456 1.4227 80 200 120
0.7524 -2.7377 1.9995 80 200 120
-1.3458 3.6038 0.2000 80 200 120
-2.3834 -3.3038 1.3751 80 200 120
-2.3648 -3.7404 -0.1116 80 200 120
-2.4811 -2.9322 1.4913 80 200 120
-0.5260 -2.2952 0.3925 80 200 120
2.1743 -4.0890 0.0926 80 200 120
-0.1171 -1.0185 -0.0516 80 200 120
4.0217 4.7519 1.0594 80 200 120
0.5790 -5.2621 3.4429 80 200 120
-0.6051 -5.1265 2.3578 80 200 120
-1.7395 -5.4513 3.5269 80 200 120
1.7727 -5.1591 3.5148 80 200 120
-1.8168 -4.5357 2.6204 80 200 120
1.3766 -5.0383 3.0193 80 200 120
3.3161 4.5989 1.5564 80 200 120
3.4747 2.7489 -0.0338 80 200 120
0.5298 3.8390 0.4879 80 200 120
-4.6072 5.5378 3.3854 80 200 120
3.5586 -1.5420 2.9643 80 200 120
3.4916 3.4289 0.0719 80 200 120
3.4828 -0.5538 1.9118 80 200 120
-3.4494 -1.1689 3.5066 80 200 120
-3.5391 -3.3965 3.1601 80 200 120
-3.5875 -0.6141 2.6625 80 200 120
-3.5621 -2.1595 3.2857 80 200 120
-3.5224 -1.6269 3.1972 80 200 120
-4.1243 4.3087 2.8931 80 200 120
-3.4978 -2.5230 2.9321 80 200 120
-3.6671 0.7624 3.1419 80 200 120
-3.5656 -2.6174 3.2746 80 200 120
-6.3494 -4.8003 3.1944 80 200 120
-3.6020 -2.3746 3.2498 80 200 120
-2.8934 -3.4522 1.4814 80 200 120
-2.7891 0.9760 0.8274 80 200 120
0.4795 -2.5904 0.8926 80 200 120
-1.2198 0.8651 -0.2791 80 200 120
-50.6733 -39.7626 2.7584 80 200 120
-2.2485 -1.1794 0.3465 80 200 120
0.0074 0.0315 -0.1814 80 200 120
3.7804 -4.4619 -0.1944 80 200 120
0.8349 -0.6696 -0.1867 80 200 120
-3.8077 4.3611 0.0546 80 200 120
-2.3007 0.3345 -0.1262 80 200 120
-0.3114 2.0350 -0.0531 80 200 120
2.6582 -0.4798 -0.3001 80 200 120
0.1637 -1.6132 0.4485 80 200 120
2.6608 0.7751 -0.0855 80 200 120
1.4683 0.8809 -0.2361 80 200 120
-2.4019 -4.0129 1.3809 80 200 120
-2.6768 -4.0511 1.4498 80 200 120
-2.4268 -3.5314 1.4036 80 200 120
-2.7309 2.0311 -0.0579 80 200 120
1.3185 -2.4342 1.6725 80 200 120
-2.6284 -0.9252 0.4608 80 200 120
-21.1857 -21.4802 3.3316 80 200 120
-0.7535 -5.2610 3.4263 80 200 120
3.1056 -2.1119 3.5274 80 200 120
-2.5669 -5.3821 3.3964 80 200 120
0.5411 -5.0067 1.9795 80 200 120
3.5211 -5.0351 1.1480 80 200 120
-4.2458 -6.8235 3.5665 80 200 120
-7.0632 -9.1201 3.5226 80 200 120
2.7972 -3.4348 3.5286 80 200 120
3.6431 -3.8408 3.0407 80 200 120
3.0122 -5.0635 3.5478 80 200 120
3.4438 -4.1640 3.2933 80 200 120
3.6146 -0.5533 2.8778 80 200 120
-0.2362 3.3497 0.8000 80 200 120
4.2681 0.8293 3.5337 80 200 120
-3.6058 2.7028 2.3615 80 200 120
-4.6890 -2.9210 3.4988 80 200 120
-3.6795 0.8267 2.7890 80 200 120
-4.6661 -3.2923 3.5182 80 200 120
-3.4659 -1.8430 3.2870 80 200 120
-3.9592 5.4410 2.6859 80 200 120
-3.6985 0.5720 2.5177 80 200 120
-3.6136 -1.5409 2.5853 80 200 120
-3.7195 0.2239 2.6039 80 200 120
0.5800 -0.2503 -0.0478 80 200 120
-2.4632 -2.9450 1.5742 80 200 120
0.7974 -2.3462 1.2798 80 200 120
2.1775 -2.5375 0.4900 80 200 120
1.3239 -1.6404 -0.0742 80 200 120
0.3623 -1.9371 0.9131 80 200 120
0.4784 -1.7067 0.7609 80 200 120
2.4713 -2.3317 -0.0284 80 200 120
-2.2212 1.2579 -0.0710 80 200 120
-1.2019 0.7484 -0.2403 80 200 120
-1.6113 0.8600 -0.1166 80 200 120
0.3016 0.0115 0.0568 80 200 120
3.0066 -0.4006 0.6025 80 200 120
-0.6922 1.1149 0.0402 80 200 120
-4.0821 5.2282 3.3765 80 200 120
0.2081 1.0186 0.5966 80 200 120
-2.8082 -1.9787 1.2410 80 200 120
-2.5806 -1.4444 1.1329 80 200 120
1.1107 -0.0501 -0.2353 80 200 120
-1.2211 0.8377 0.4367 80 200 120
2.2276 4.6451 0.0461 80 200 120
-2.7978 -3.8563 1.5344 80 200 120
-2.5238 -1.5285 -0.3713 80 200 120
-2.3311 -1.9150 0.1242 80 200 120
0.1547 -4.9755 0.0505 80 200 120
7.7713 5.3809 3.4135 80 200 120
-2.7874 1.3203 -0.2330 80 200 120
-0.9727 -4.7521 0.0946 80 200 120
-0.5538 -2.5523 0.5569 80 200 120
4.2477 4.3133 1.7880 80 200 120
1.1077 -4.8022 0.0756 80 200 120
0.8635 -5.0886 3.5609 80 200 120
-1.6370 4.8821 2.4017 80 200 120
3.4057 -0.0769 1.0299 80 200 120
3.5664 -1.1778 2.4425 80 200 120
-0.6681 5.2801 0.9905 80 200 120
3.4837 -2.7566 2.8592 80 200 120
-3.6557 -0.6661 2.1793 80 200 120
-4.8035 -3.6415 3.2857 80 200 120
-3.2656 -0.2294 2.3844 80 200 120
-3.2894 3.4133 3.5334 80 200 120
-3.3050 1.1867 3.5725 80 200 120
-49.7196 -34.0401 3.8570 80 200 120
-3.5034 -0.2718 3.5617 80 200 120
-3.6917 0.9253 2.2999 80 200 120
-2.1662 3.4335 3.4216 80 200 120
-3.4664 -0.5862 3.5693 80 200 120
-3.4782 1.6087 2.7948 80 200 120
-9.7808 -7.6211 2.8707 80 200 120
-3.7120 0.2123 3.5110 80 200 120
-3.5459 -2.0749 2.6625 80 200 120
-3.7093 -2.5699 2.8879 80 200 120
-3.5575 -3.1351 3.1426 80 200 120
0.8925 -0.2849 -0.0346 80 200 120
-2.5826 -2.4925 1.0482 80 200 120
-2.8406 0.5841 0.6751 80 200 120
-4.5634 -6.2490 3.4219 80 200 120
0.6855 -2.3364 0.8894 80 200 120
-3.4134 0.8283 0.5547 80 200 120
-2.6804 0.7156 0.9702 80 200 120
-3.3836 1.7089 0.4982 80 200 120
-0.2148 0.2174 0.1351 80 200 120
-1.0341 0.9105 0.2244 80 200 120
-52.1277 -49.8149 2.5598 80 200 120
-0.1384 0.3069 0.4384 80 200 120
-1.9852 2.1778 0.2332 80 200 120
2.6506 -1.0256 0.4426 80 200 120
2.1294 -0.7514 -0.1593 80 200 120
10.2402 19.8869 3.1455 80 200 120
2.6369 -0.8113 0.7385 80 200 120
2.4080 -1.9473 0.3711 80 200 120
3.1018 -1.9510 0.2989 80 200 120
2.6614 -1.1763 0.0214 80 200 120
0.5040 -1.6703 0.6579 80 200 120
2.5737 -1.5422 0.1026 80 200 120
3.0465 -2.2966 0.3379 80 200 120
-0.4336 -1.8403 1.0763 80 200 120
1.2631 -0.0209 -0.1297 80 200 120
1.8642 -0.6656 -0.1385 80 200 120
1.8233 2.8127 0.4835 80 200 120
-0.1339 0.3371 0.3890 80 200 120
-0.2429 3.2336 0.8532 80 200 120
-1.2550 1.1749 0.9336 80 200 120
2.5283 3.5265 0.8037 80 200 120
-2.4133 -3.0856 -0.3173 80 200 120
1.0393 4.0511 -0.0132 80 200 120
-2.3357 -1.1471 0.2420 80 200 120
-0.5977 3.8366 0.8670 80 200 120
-2.4889 -2.3085 -0.1316 80 200 120
2.0726 -4.9216 0.0442 80 200 120
0.1237 2.0263 0.2755 80 200 120
-0.6255 2.6213 0.7531 80 200 120
-0.9435 4.0833 0.4378 80 200 120
-0.3333 1.9259 0.9083 80 200 120
-1.3185 2.8625 0.6537 80 200 120
-2.2895 -3.6974 0.0856 80 200 120
-2.4563 2.5844 -0.0876 80 200 120
2.7429 -2.6264 3.5447 80 200 120
2.7824 -3.0061 3.5709 80 200 120
0.2837 -5.0846 3.0403 80 200 120
-6.6208 -8.6051 3.5593 80 200 120
-0.8918 -5.1952 2.1989 80 200 120
-3.0803 -5.7985 2.5782 80 200 120
-0.1956 -5.3422 3.5526 80 200 120
3.6603 0.9650 2.7678 80 200 120
3.4880 -2.0186 2.5287 80 200 120
2.9802 5.3361 2.8549 80 200 120
4.1313 -0.6763 3.6290 80 200 120
7.4456 8.3593 3.5350 80 200 120
3.6402 5.2323 2.3451 80 200 120
7.4505 10.2595 3.5266 80 200 120
-0.5892 5.9851 3.5031 80 200 120
-3.7485 1.5583 1.9520 80 200 120
-4.5572 -2.0146 3.5467 80 200 120
-3.8140 2.8062 2.1747 80 200 120
-3.6394 -2.4207 2.6118 80 200 120
-7.3440 -4.2174 3.6487 80 200 120
-5.4640 -3.1158 3.5688 80 200 120
-3.6165 2.9940 3.5146 80 200 120
-4.6561 6.3363 1.7065 80 200 120
-3.0979 4.0902 3.2985 80 200 120
-3.6789 1.4805 2.4531 80 200 120
-2.8693 2.3668 0.1857 80 200 120
-0.1973 0.3602 0.5009 80 200 120
-0.2819 0.9500 -0.2362 80 200 120
-0.7197 0.8955 0.2237 80 200 120
-3.3902 -0.0882 -0.0002 80 200 120
0.2149 -0.0952 0.1569 80 200 120
-3.0428 2.0499 0.7065 80 200 120
-2.6619 1.5179 -0.0792 80 200 120
-2.3959 -2.2952 0.1184 80 200 120
-0.5440 -2.6020 0.4786 80 200 120
2.4905 -1.4741 0.7967 80 200 120
1.8684 1.5077 -0.2099 80 200 120
0.3527 -2.2266 1.0818 80 200 120
0.3013 -2.0194 1.0636 80 200 120
-2.9627 -4.9928 -0.0329 80 200 120
2.1316 -0.2237 -0.1340 80 200 120
0.2389 -0.0781 1.1010 80 200 120
3.6124 0.4597 1.8034 80 200 120
-2.4315 -0.2403 1.0478 80 200 120
-2.5508 -2.2657 1.4380 80 200 120
-2.9715 -2.6792 0.6613 80 200 120
-2.5218 -2.7182 1.2056 80 200 120
-2.7917 -2.6721 1.5058 80 200 120
-2.7401 0.8231 -0.1674 80 200 120
-2.7104 1.9854 -0.0306 80 200 120
-2.5175 -2.9754 1.3856 80 200 120
-1.3245 2.0138 0.7971 80 200 120
-0.9288 2.2522 0.8002 80 200 120
-2.6899 -2.4078 0.5167 80 200 120
-2.3984 -1.9042 -0.0463 80 200 120
-2.8417 -3.3005 1.4640 80 200 120
-0.4927 -5.0853 3.3707 80 200 120
3.2952 -4.7184 3.4857 80 200 120
-0.9904 -5.6761 3.6025 80 200 120
3.5929 -3.7983 2.9508 80 200 120
-3.6353 -6.6992 3.6688 80 200 120
2.9661 -5.0741 2.2748 80 200 120
-1.6737 -5.0408 2.8925 80 200 120
-1.2000 -4.9958 2.7109 80 200 120
1.5431 -5.1228 1.5951 80 200 120
1.4072 4.6211 0.6300 80 200 120
-4.0553 6.1525 3.4882 80 200 120
0.0488 2.9565 1.8316 80 200 120
-0.5711 5.0549 2.9524 80 200 120
-2.9256 5.5336 2.6260 80 200 120
-3.8971 4.2590 3.5553 80 200 120
5.8843 0.3114 3.5304 80 200 120
2.7507 5.1062 0.9923 80 200 120
-5.0126 -2.3343 3.5549 80 200 120
-2.0642 -2.6944 3.4183 80 200 120
-3.5169 -1.0690 3.0119 80 200 120
-3.3188 -1.7934 2.7002 80 200 120
-3.6645 -0.2588 3.3242 80 200 120
-3.4708 -2.1326 3.3414 80 200 120
-3.5899 -0.2190 2.6692 80 200 120
-2.1105 4.1742 3.5955 80 200 120
-2.7280 5.1658 2.9374 80 200 120
-2.6755 4.2972 3.6007 80 200 120
-2.4980 -3.5157 0.5088 80 200 120
-2.3938 -3.3209 0.5196 80 200 120
-1.9535 -4.9788 0.8261 80 200 120
-1.3440 1.3652 -0.2974 80 200 120
-2.5554 2.4603 -0.0279 80 200 120
-3.3341 0.5944 0.1355 80 200 120
-1.3637 1.0751 0.1739 80 200 120
-1.3999 1.2610 0.2881 80 200 120
-2.4825 3.6420 -0.0524 80 200 120
-1.4467 1.2671 0.3125 80 200 120
0.7377 4.9740 0.1599 80 200 120
-2.6381 -3.6760 1.7274 80 200 120
3.6951 -2.1361 -0.2939 80 200 120
-4.1517 5.2153 3.4431 80 200 120
3.6404 3.4843 2.6379 80 200 120
-1.2245 0.4845 -0.1869 80 200 120
0.4591 -2.9546 1.1357 80 200 120
0.9669 -2.4242 1.4473 80 200 120
-2.4515 -3.3323 1.3051 80 200 120
-1.4740 -4.8337 0.1252 80 200 120
-2.4397 -3.4305 -0.1943 80 200 120
-0.9838 -4.7696 0.0118 80 200 120
-2.3038 -3.8719 1.5218 80 200 120
0.6701 -2.7380 2.1750 80 200 120
-2.4980 -3.6757 1.3241 80 200 120
-2.7278 -2.1566 0.8718 80 200 120
3.9604 -3.2289 0.2208 80 200 120
-2.7907 -0.8731 0.1603 80 200 120
-2.6682 -1.5076 -0.5294 80 200 120
-1.7849 -4.4458 0.4069 80 200 120
2.0681 -5.0480 1.6489 80 200 120
-2.5426 -5.3456 2.6170 80 200 120
-12.2362 -11.9484 3.5032 80 200 120
-3.3272 -5.0100 3.0311 80 200 120
-6.4564 -7.6425 3.6077 80 200 120
2.7880 3.4970 0.3960 80 200 120
1.9068 4.7017 -0.0767 80 200 120
-2.5459 6.0649 3.5188 80 200 120
3.6817 -2.9359 3.3284 80 200 120
3.5763 2.8635 -0.1583 80 200 120
-0.9999 5.5019 2.3420 80 200 120
3.1699 4.6752 0.8952 80 200 120
-6.2126 -2.9585 3.5880 80 200 120
-2.3858 -3.6335 3.5759 80 200 120
-3.8935 -1.3159 3.6101 80 200 120
-4.1024 -1.0405 3.6149 80 200 120
-4.5001 -1.5370 3.4816 80 200 120
-3.3364 1.8509 3.6114 80 200 120
-3.6437 1.9373 3.3096 80 200 120
-3.6835 -3.0054 2.8581 80 200 120
-3.7019 0.3121 3.2531 80 200 120
-13.9110 -7.8176 3.7694 80 200 120
-3.5859 0.0395 2.9899 80 200 120
-3.4548 -0.6230 3.3021 80 200 120
-3.6344 2.0644 2.2923 80 200 120
-1.9965 4.5213 3.1634 80 200 120
-3.4164 -2.4872 3.0011 80 200 120
-3.5960 2.4916 2.4815 80 200 120
-3.9640 0.5214 2.0501 80 200 120
-1.6054 -3.2443 -0.2072 80 200 120
-2.0693 -2.2459 -0.0394 80 200 120
0.0765 -4.8291 0.3149 80 200 120
-2.9747 -2.7883 1.2290 80 200 120
0.3906 -2.5099 0.9949 80 200 120
-2.9941 -4.3623 3.5283 80 200 120
-0.2625 2.3356 -0.1356 80 200 120
-2.5545 -2.8078 1.1467 80 200 120
3.6078 2.6049 1.9786 80 200 120
2.6352 -1.7932 -0.1585 80 200 120
0.4319 -2.2161 0.9144 80 200 120
2.7267 -1.1681 -0.0448 80 200 120
-0.4039 -3.2354 0.7141 80 200 120
0.4127 -2.5593 0.9762 80 200 120
3.6899 1.8402 0.3461 80 200 120
2.6535 -0.9578 0.5412 80 200 120
2.8337 -0.7725 0.6515 80 200 120
3.6431 4.0288 0.3709 80 200 120
-1.6845 1.1103 -0.2758 80 200 120
-2.6312 -1.0169 -0.4019 80 200 120
-0.6428 3.1734 0.3939 80 200 120
-1.2882 1.2428 0.8870 80 200 120
-0.3897 2.7378 0.2154 80 200 120
-3.4404 -2.9405 0.8251 80 200 120
1.7413 9.3407 -3.6539 80 200 120
-2.7071 -4.5511 0.0863 80 200 120
-3.2311 -3.6022 1.0545 80 200 120
-3.4081 0.2436 0.0689 80 200 120
-1.5103 -2.0846 -0.1495 80 200 120
0.5963 -5.0466 2.0277 80 200 120
-1.2533 -4.8072 2.3011 80 200 120
3.6038 0.3501 1.4095 80 200 120
3.2828 -2.0492 2.5398 80 200 120
-0.0993 7.7789 3.5142 80 200 120
3.5136 -2.7541 2.7815 80 200 120
3.3680 1.5694 0.8760 80 200 120
-3.7016 0.8285 3.5591 80 200 120
-4.9286 -1.8272 3.6721 80 200 120
-3.5456 -0.0533 3.2807 80 200 120
-3.6213 -0.7708 2.7792 80 200 120
-3.5163 2.4604 2.0353 80 200 120
-3.5329 1.0056 3.1756 80 200 120
-1.5322 -2.2878 3.5134 80 200 120
-2.9854 4.5232 2.0635 80 200 120
-2.8829 2.7562 2.5756 80 200 120
-9.8385 -7.2859 1.9774 80 200 120
-3.2890 -2.3006 2.8122 80 200 120
-3.4410 3.1104 2.0590 80 200 120
0.4494 0.0726 0.4861 80 200 120
-1.8380 -4.5238 -0.1891 80 200 120
-1.9972 -1.9947 -0.0536 80 200 120
1.5313 -0.5155 -0.0476 80 200 120
0.4498 -2.9389 1.1658 80 200 120
-2.6824 -3.4012 1.3745 80 200 120
0.0636 0.1917 0.7906 80 200 120
0.7642 -2.3611 0.7026 80 200 120
-2.7548 1.1217 -0.1130 80 200 120
-0.0836 -2.5412 1.0850 80 200 120
-1.0017 0.9084 0.1451 80 200 120
-1.3931 1.1835 -0.0342 80 200 120
-3.1649 2.2767 0.5483 80 200 120
0.4389 -2.6096 1.7158 80 200 120
-1.2772 1.0180 0.6175 80 200 120
-1.0663 1.0075 0.0857 80 200 120
0.7020 -2.3827 0.8317 80 200 120
-0.4854 -2.7962 0.0318 80 200 120
-2.2210 -3.7438 0.3613 80 200 120
-3.6647 4.1207 3.5089 80 200 120
3.5206 1.3621 0.1165 80 200 120
-0.5678 0.4056 -0.0656 80 200 120
-2.6301 -1.7283 1.1456 80 200 120
-2.6744 -2.3146 1.0356 80 200 120
-2.5472 -2.7285 1.1970 80 200 120
1.4496 -1.6382 -0.2144 80 200 120
-3.2430 -4.7186 1.3196 80 200 120
-2.4952 -2.9478 1.3270 80 200 120
0.6114 -2.7241 2.3563 80 200 120
0.6254 -2.7280 2.5592 80 200 120
-0.9891 1.2121 0.8823 80 200 120
-2.5462 -3.7052 1.6487 80 200 120
1.7895 -2.8401 2.8494 80 200 120
-2.5905 -2.0354 1.0823 80 200 120
0.5360 -2.6531 2.9461 80 200 120
2.1309 -5.0031 -0.0389 80 200 120
3.6710 -3.2521 1.4143 80 200 120
-0.3826 -4.9437 -0.1206 80 200 120
-2.4954 -5.0249 2.3334 80 200 120
-4.2463 -5.8825 2.3751 80 200 120
0.2278 -5.6763 3.6107 80 200 120
-3.0838 -5.6351 2.1622 80 200 120
-3.6458 -5.3915 2.9573 80 200 120
-2.0565 -5.1839 2.4056 80 200 120
-0.4270 -5.1209 2.2018 80 200 120
2.3575 -5.4755 3.6624 80 200 120
-1.8990 6.8107 3.4715 80 200 120
-1.2540 8.0543 3.6171 80 200 120
3.6432 -1.3162 2.7060 80 200 120
4.0669 1.8001 3.6433 80 200 120
3.6278 -2.0523 3.1814 80 200 120
3.9128 -1.2478 3.6515 80 200 120
-1.8897 4.7182 2.8284 80 200 120
0.3852 3.5082 2.4018 80 200 120
1.6495 7.4257 3.5451 80 200 120
-3.6183 0.8148 2.3521 80 200 120
-3.3017 2.5076 3.5816 80 200 120
-3.5665 -0.1528 2.2973 80 200 120
-3.6445 -0.7818 2.4178 80 200 120
-3.2642 -2.8222 3.2605 80 200 120
-2.2415 -2.6932 0.0928 80 200 120
-0.5140 -3.7773 0.1397 80 200 120
1.3054 -0.0362 -0.1735 80 200 120
-3.1606 -2.3192 0.8683 80 200 120
-2.8149 -2.2865 0.8744 80 200 120
-5.9728 -6.5930 3.5062 80 200 120
-3.7460 4.2241 -0.2464 80 200 120
-1.3645 1.4969 0.6235 80 200 120
0.8691 -2.4250 1.3875 80 200 120
2.4483 -2.2851 -0.0236 80 200 120
-2.0365 2.1850 0.0130 80 200 120
-3.1333 -5.0870 -0.1345 80 200 120
-2.8183 -4.0316 0.9144 80 200 120
2.2778 -1.3351 -0.3164 80 200 120
2.7162 -1.1611 -0.0191 80 200 120
4.0018 -2.1993 -0.5606 80 200 120
3.1416 -1.4127 0.2626 80 200 120
-0.3814 -3.0365 0.5025 80 200 120
1.3238 -0.2071 0.0099 80 200 120
1.9748 -0.0401 -0.0126 80 200 120
0.6074 -2.4202 0.7001 80 200 120
-0.5322 -1.7597 0.2698 80 200 120
0.2993 3.0596 0.9530 80 200 120
-0.5589 2.1320 0.4623 80 200 120
-2.6385 -1.0344 -0.4184 80 200 120
-0.1594 2.1328 0.2779 80 200 120
2.7351 4.0884 0.2107 80 200 120
0.1400 2.3192 0.5415 80 200 120
-3.0811 -2.7860 1.2282 80 200 120
2.0224 6.2335 -0.6889 80 200 120
1.0631 3.8568 0.0714 80 200 120
-1.5831 -5.0267 2.0231 80 200 120
-1.1286 -5.0984 3.3989 80 200 120
-1.3026 -5.1323 2.1545 80 200 120
-0.2428 -5.0671 3.3655 80 200 120
-12.2205 -9.8819 3.6016 80 200 120
-1.3888 -5.5249 3.6450 80 200 120
-2.8939 -5.4359 2.6938 80 200 120
1.7186 -5.0803 1.8975 80 200 120
-3.0917 -5.2207 2.4425 80 200 120
-4.0590 -6.4606 3.7561 80 200 120
3.6774 -2.7152 3.1057 80 200 120
9.1292 2.2400 3.6100 80 200 120
3.6311 0.7486 2.1751 80 200 120
3.6558 -1.5264 2.9596 80 200 120
3.7581 0.7122 0.9451 80 200 120
3.0782 3.3472 0.2224 80 200 120
-0.9103 5.1953 2.2931 80 200 120
3.5521 1.5654 1.4314 80 200 120
5.4788 0.1893 3.5861 80 200 120
3.5502 -1.3451 2.1450 80 200 120
3.5266 -0.3488 1.5766 80 200 120
-3.7876 -4.0438 3.1149 80 200 120
-9.0746 -6.6943 1.9467 80 200 120
-3.6144 0.3007 2.8295 80 200 120
-2.7985 5.2022 2.0869 80 200 120
-3.5179 4.2420 2.7751 80 200 120
-3.5646 1.3580 2.5618 80 200 120
-2.7534 3.8325 2.2538 80 200 120
-3.6354 5.4803 1.1661 80 200 120
-2.3724 5.3261 2.2039 80 200 120
-1.2056 3.2889 3.6502 80 200 120
-5.3086 -0.5388 3.6524 80 200 120
-2.6076 -3.7459 0.7012 80 200 120
-0.3700 -2.6654 0.8802 80 200 120
-3.1809 -1.9045 1.1498 80 200 120
-2.5034 -3.3512 -0.4349 80 200 120
0.1142 -1.1719 -0.1019 80 200 120
0.6257 -2.7588 1.7218 80 200 120
-0.6322 1.6646 0.4441 80 200 120
-6.3183 -8.1695 3.5233 80 200 120
-0.5813 1.4516 0.0418 80 200 120
0.3448 -0.0075 1.0231 80 200 120
-1.1417 0.7918 -0.1845 80 200 120
0.3151 -0.0550 0.6376 80 200 120
-2.7713 -0.9697 0.3962 80 200 120
-2.8127 -3.0737 1.4661 80 200 120
3.0347 -0.8204 0.5449 80 200 120
-3.5157 -0.0100 -0.0253 80 200 120
2.4267 -0.5936 0.2590 80 200 120
0.8596 -0.0919 -0.2107 80 200 120
3.6402 2.3187 -0.1970 80 200 120
3.6806 2.1384 0.3565 80 200 120
2.8666 -1.3638 0.3521 80 200 120
2.4300 0.5860 -0.1896 80 200 120
-2.3715 -3.5692 1.4682 80 200 120
3.5457 -2.7438 0.0356 80 200 120
-2.7205 -2.4168 0.3935 80 200 120
-1.4336 -3.3465 -0.0231 80 200 120
0.4270 3.0935 0.4616 80 200 120
-2.2848 -1.0634 0.7632 80 200 120
-2.5500 -1.4977 -0.1768 80 200 120
0.5784 -2.7176 1.7091 80 200 120
-2.2852 -3.9699 0.1725 80 200 120
-3.7304 -3.9645 3.1629 80 200 120
3.5947 -4.8209 2.2659 80 200 120
2.0632 -4.9265 2.3922 80 200 120
3.5124 -4.2030 2.7666 80 200 120
-0.1347 -5.1777 1.9678 80 200 120
2.6650 -3.1662 3.6884 80 200 120
3.3353 -5.0689 2.3781 80 200 120
6.1373 -4.5563 3.7232 80 200 120
0.3900 3.9226 2.8197 80 200 120
-1.4242 4.6482 3.0763 80 200 120
3.6480 -1.0206 2.0599 80 200 120
3.5951 1.8161 1.8647 80 200 120
3.7745 -2.0550 2.3681 80 200 120
3.2939 1.9710 0.6536 80 200 120
1.7073 5.3704 1.1682 80 200 120
3.5452 0.7817 1.6292 80 200 120
3.4751 -0.0349 1.5355 80 200 120
3.5497 4.5359 0.3679 80 200 120
-2.4049 5.8503 3.5575 80 200 120
3.4618 -0.1514 2.5511 80 200 120
3.6939 -1.6047 3.3108 80 200 120
3.6980 -1.2219 3.0604 80 200 120
-3.5553 0.4739 2.5465 80 200 120
-3.6155 1.4203 2.1278 80 200 120
-2.8195 -2.1635 3.3442 80 200 120
-3.4665 -0.8116 2.4376 80 200 120
-4.0237 6.0431 3.6730 80 200 120
-3.5292 1.1447 3.6810 80 200 120
-0.6544 3.0232 3.6131 80 200 120
-3.6158 -0.1516 2.2510 80 200 120
-3.2298 5.2262 -0.1729 80 200 120
0.0584 0.8933 0.5713 80 200 120
0.6751 -2.8160 1.1107 80 200 120
0.7911 -2.4004 1.3352 80 200 120
-21.7461 -20.7579 3.2479 80 200 120
-1.3477 1.8607 0.7510 80 200 120
-2.6258 -1.4975 1.0777 80 200 120
-2.1336 1.0876 -0.1790 80 200 120
-0.6839 1.1665 0.8101 80 200 120
-1.4778 1.4120 0.5017 80 200 120
-1.8471 1.2575 0.2480 80 200 120
-2.9800 -0.9082 0.6149 80 200 120
-2.4305 -1.7030 -0.0126 80 200 120
-3.3094 0.5626 0.1400 80 200 120
3.2553 -2.1440 0.1260 80 200 120
-2.4129 -3.9969 -0.0527 80 200 120
3.1576 -1.7009 0.1845 80 200 120
1.6508 3.2177 -0.4327 80 200 120
-3.6714 3.3223 1.4533 80 200 120
5.4150 7.0969 3.5790 80 200 120
-0.5022 -2.1236 1.3906 80 200 120
2.3513 -0.5793 0.0471 80 200 120
1.8548 -0.2031 -0.2215 80 200 120
2.4180 -0.2435 0.0664 80 200 120
2.5377 0.4405 -0.2462 80 200 120
3.4773 2.7050 -0.0840 80 200 120
0.5204 -2.6515 2.3013 80 200 120
1.0557 -2.5330 1.8462 80 200 120
1.4337 -2.7245 1.8750 80 200 120
0.4146 -2.0096 0.5272 80 200 120
0.5125 -2.6696 1.0317 80 200 120
2.3957 2.7739 0.6311 80 200 120
-2.5622 -2.3119 1.1230 80 200 120
-1.2571 1.1876 0.8641 80 200 120
2.3242 4.8186 -0.1760 80 200 120
2.8554 4.0421 0.5969 80 200 120
-0.5415 1.6421 -0.1687 80 200 120
-2.4796 -2.9327 1.3633 80 200 120
0.8046 -1.2144 -0.0619 80 200 120
-2909.5759 -1393.8043 -42.9807 80 200 120
-0.7439 -7.7891 3.6973 80 200 120
-14.7899 -11.9170 3.5152 80 200 120
4.0541 0.1776 3.7731 80 200 120
3.7539 3.9857 0.4481 80 200 120
6.7857 -4.1378 3.7021 80 200 120
4.0701 -0.2798 3.7499 80 200 120
6.0443 -5.0734 3.6556 80 200 120
3.6919 -2.7921 2.7117 80 200 120
3.5576 2.3403 1.4129 80 200 120
3.2251 3.4926 3.1347 80 200 120
-1.1731 9.1350 3.6657 80 200 120
3.5698 -3.1899 2.8987 80 200 120
-3.3114 0.0200 1.9755 80 200 120
-3.4064 5.4072 1.8771 80 200 120
-3.6362 3.5123 2.8830 80 200 120
-3.2502 2.9055 3.6440 80 200 120
-3.6719 0.2651 2.1427 80 200 120
-0.7603 -3.3126 0.1383 80 200 120
0.7990 -4.1257 0.8588 80 200 120
-0.8647 -4.3701 -0.0851 80 200 120
1.9953 -0.1785 -0.1279 80 200 120
-3.2710 -1.8528 1.2573 80 200 120
-0.3599 -3.0645 0.7826 80 200 120
-0.3131 2.2557 0.2505 80 200 120
0.5114 -2.2621 0.3956 80 200 120
-1.0042 1.2780 0.7725 80 200 120
-2.3445 3.5061 -0.0899 80 200 120
2.7956 -1.9636 0.0223 80 200 120
-17.7590 -20.8564 3.4130 80 200 120
-0.6416 1.1828 0.5649 80 200 120
2.6111 0.5152 0.0348 80 200 120
1.9802 3.4143 -0.0168 80 200 120
-2.6648 -3.6170 -0.5339 80 200 120
-4.1328 4.9427 3.5728 80 200 120
4.7160 10.6291 3.5888 80 200 120
2.2685 -0.7984 -0.0047 80 200 120
2.8126 0.5745 0.3731 80 200 120
3.0927 -1.0797 0.6987 80 200 120
-3.5910 -3.0170 0.7665 80 200 120
-2.8094 -2.8800 0.9227 80 200 120
-3.3634 -3.6984 0.9437 80 200 120
-2.4206 -2.4758 0.8345 80 200 120
-2.4575 -2.3492 -0.0899 80 200 120
0.5583 5.2653 -1.7147 80 200 120
3.1375 -3.0672 -0.0607 80 200 120
1.2870 4.9626 0.0491 80 200 120
-1.8238 -2.0245 2.2265 80 200 120
-0.6130 0.9642 0.1963 80 200 120
0.3771 0.4776 0.8191 80 200 120
-3.2308 -3.3291 1.0738 80 200 120
-2.7677 -5.0078 2.0672 80 200 120
3.1787 -5.1094 3.1624 80 200 120
3.3426 -4.0214 3.3719 80 200 120
-3.7205 -5.3745 2.5149 80 200 120
-3.7837 -4.0640 3.1374 80 200 120
-3.6333 -4.6496 2.8563 80 200 120
-3.7295 -4.1300 2.8120 80 200 120
3.7081 -5.0683 3.4440 80 200 120
2.7689 -4.8422 2.3089 80 200 120
3.4621 2.7597 2.1406 80 200 120
-0.0862 4.4334 2.9995 80 200 120
3.2510 1.0021 1.3354 80 200 120
1.7698 5.0785 2.9893 80 200 120
3.6140 -0.4934 1.8798 80 200 120
0.4121 6.2355 3.3141 80 200 120
3.6058 -1.0081 2.8546 80 200 120
3.6855 -0.6973 2.0818 80 200 120
5.5090 -3.1434 3.7594 80 200 120
3.6484 1.8339 2.6577 80 200 120
3.9430 1.1520 3.7409 80 200 120
3.5267 -0.0847 2.1144 80 200 120
3.5876 -0.4174 2.4067 80 200 120
3.6283 -1.7906 2.1917 80 200 120
3.8259 -2.1101 3.7052 80 200 120
3.5015 -2.1585 2.8371 80 200 120
3.5811 -2.4450 2.6507 80 200 120
3.8847 -1.8324 3.6960 80 200 120
-3.5542 3.3046 1.2091 80 200 120
-2.0934 1.5031 2.2390 80 200 120
-3.8580 1.5264 1.2688 80 200 120
-3.5343 1.9285 1.4078 80 200 120
-6.2214 3.2370 3.7913 80 200 120
-0.4750 1.7318 3.7355 80 200 120
-3.4369 4.9243 1.3728 80 200 120
-1.6691 5.2409 2.3889 80 200 120
-6.9421 4.6476 3.7349 80 200 120
-0.7563 2.5021 3.6974 80 200 120
-7.7456 1.2660 3.8230 80 200 120
-18.3140 -6.2135 3.7191 80 200 120
-1.5190 5.4127 2.8977 80 200 120
-3.4431 0.6123 2.0659 80 200 120
-2.1915 -2.9020 0.1424 80 200 120
1.6360 0.9503 -0.3165 80 200 120
-2.3937 -3.1526 0.8252 80 200 120
2.0109 -0.0490 0.0036 80 200 120
2.1328 -0.4129 0.2692 80 200 120
-3.4526 -4.2617 1.0512 80 200 120
-2.4636 -4.2426 0.5681 80 200 120
-0.5086 -2.0590 0.7397 80 200 120
-2.2067 -3.5968 0.3091 80 200 120
-2.4498 -5.5184 -0.5723 80 200 120
-2.6200 -2.0542 1.0130 80 200 120
0.2453 -1.5507 0.3955 80 200 120
1.7680 0.1766 -0.0164 80 200 120
-0.0096 2.0904 0.2716 80 200 120
-0.8910 2.6567 0.7734 80 200 120
0.5684 -2.7824 1.5894 80 200 120
0.0875 -2.4097 1.1416 80 200 120
-1.6326 0.3567 -0.3017 80 200 120
0.2412 0.0627 0.9947 80 200 120
-1.3619 -2.6800 1.8848 80 200 120
0.3838 -1.7637 0.6258 80 200 120
3.3608 3.1438 0.0700 80 200 120
7.8638 8.7988 3.5774 80 200 120
-0.1984 3.3738 0.8967 80 200 120
-1.6568 2.3703 0.3089 80 200 120
2.8173 -0.1221 0.5521 80 200 120
3.3647 0.8726 0.1636 80 200 120
2.1334 -0.9408 -0.1989 80 200 120
0.8999 -1.5382 -0.1134 80 200 120
3.6989 1.3492 0.3949 80 200 120
0.9975 -2.5953 1.8891 80 200 120
1.2959 -2.7361 2.0670 80 200 120
-2.0202 -1.7769 0.6303 80 200 120
0.0726 0.7263 0.7923 80 200 120
3.1371 2.9527 2.7735 80 200 120
-1.7632 -3.2461 2.0879 80 200 120
-0.2912 2.8225 0.7602 80 200 120
-2.1036 -3.0291 1.7173 80 200 120
-2.2767 -3.4704 1.5201 80 200 120
3.5471 -3.5281 0.0096 80 200 120
0.9114 -2.5310 1.4492 80 200 120
-2.6198 -4.3092 2.4214 80 200 120
-2.2948 -5.7411 3.8024 80 200 120
-3.6047 -3.7459 3.4173 80 200 120
0.4870 -4.6120 2.2402 80 200 120
3.7240 2.9104 2.4429 80 200 120
3.6026 -3.4593 3.4028 80 200 120
3.9233 -4.1882 3.3986 80 200 120
3.5592 -1.5387 2.5193 80 200 120
3.5733 4.0320 1.2212 80 200 120
-0.1301 6.1767 3.3869 80 200 120
3.6477 -2.0592 2.4617 80 200 120
2.8869 4.8812 2.3181 80 200 120
-3.9930 3.1598 0.6949 80 200 120
-2.0971 5.5192 1.5374 80 200 120
-0.9510 6.0791 2.1762 80 200 120
-3.7155 4.2238 3.2305 80 200 120
-3.6328 4.5491 2.6702 80 200 120
-9.1984 9.3924 3.8610 80 200 120
-2.3248 5.1974 2.1834 80 200 120
0.4302 11.1958 3.6799 80 200 120
-3.7635 4.3119 2.0344 80 200 120
-3.5551 -1.3275 3.4374 80 200 120
-3.7237 -0.7619 2.3686 80 200 120
-0.3491 2.4824 0.5549 80 200 120
-1.4229 4.7357 -0.0386 80 200 120
0.4238 -2.8181 2.1189 80 200 120
-1.2277 -2.7544 -0.1912 80 200 120
-2.9484 -1.6690 1.0347 80 200 120
-2.4653 -1.4655 -0.0862 80 200 120
-0.5462 -2.3082 0.5349 80 200 120
-2.9726 -2.0576 1.0800 80 200 120
-1.4558 3.0139 0.3793 80 200 120
-0.7753 2.6893 0.1308 80 200 120
-1.6253 2.2741 0.4080 80 200 120
2.2747 -1.3349 -0.2747 80 200 120
-2.6404 4.5182 0.1956 80 200 120
-1.9284 3.9710 0.1109 80 200 120
0.9541 -2.5316 0.8414 80 200 120
-1.0258 0.7162 -0.1518 80 200 120
-0.6682 2.7107 -0.1882 80 200 120
1.0149 2.3997 -0.1462 80 200 120
-0.8119 2.6088 -0.1956 80 200 120
0.2584 -2.2540 1.1453 80 200 120
2.6686 4.7507 0.2065 80 200 120
-2.3145 -2.6565 0.0951 80 200 120
-0.0499 -2.4390 0.9512 80 200 120
1.1119 -0.2301 -0.2485 80 200 120
3.6455 -0.5917 1.5352 80 200 120
1.9121 -1.7967 -0.1870 80 200 120
1.5889 -1.2239 -0.0405 80 200 120
2.0192 3.6894 -0.6408 80 200 120
2.3598 5.5020 -1.2896 80 200 120
0.5814 0.1361 0.8257 80 200 120
0.9019 -5.2408 3.7411 80 200 120
3.1941 -4.8889 2.4210 80 200 120
1.9513 -7.2362 3.7869 80 200 120
3.6274 -5.1903 2.7966 80 200 120
-2.6907 -4.8641 3.3132 80 200 120
-3.6577 -4.7388 3.5843 80 200 120
5.5499 -6.9881 3.7945 80 200 120
3.9439 -4.9610 3.5744 80 200 120
2.8954 4.8378 1.1836 80 200 120
3.4994 1.9907 1.1247 80 200 120
4.2479 3.4792 3.8033 80 200 120
14.4625 34.4161 3.4686 80 200 120
35.8069 68.7335 3.0172 80 200 120
3.7354 17.0750 3.6976 80 200 120
2.4017 5.2569 3.0658 80 200 120
-4.2755 6.6980 -0.2364 80 200 120
-9.7970 -1.3879 3.7394 80 200 120
-8.1253 -1.8221 3.4854 80 200 120
-4.2844 -0.4626 3.7677 80 200 120
-3.6689 18.1280 3.6402 80 200 120
-17.0396 -5.0993 3.8770 80 200 120
-0.5449 5.0628 2.9600 80 200 120
-3.6680 3.5887 2.8332 80 200 120
0.3276 5.8351 3.1503 80 200 120
-3.5921 1.7338 2.7555 80 200 120
-3.6123 -1.0629 2.9421 80 200 120
7.2569 38.1255 2.2094 80 200 120
-11.6860 15.6039 3.7417 80 200 120
-3.6226 -1.2670 2.7470 80 200 120
-1.4225 -3.3438 0.0844 80 200 120
-2.0058 -3.0209 -0.2195 80 200 120
-1.6724 -4.0428 -0.0206 80 200 120
0.3797 -2.7560 1.9075 80 200 120
-2.6076 -1.7614 1.0395 80 200 120
-2.6733 -1.9216 -0.1919 80 200 120
0.3240 0.2710 1.0121 80 200 120
0.6002 -2.8037 2.3701 80 200 120
0.6306 -2.8477 1.8769 80 200 120
1.4218 -2.9462 1.3092 80 200 120
0.4572 1.3321 0.2107 80 200 120
-3.8451 5.7238 -0.5555 80 200 120
2.8373 -1.9783 -0.0209 80 200 120
2.3758 -0.3461 -0.1036 80 200 120
2.6362 -3.2534 0.0302 80 200 120
3.5558 -3.5431 -0.0268 80 200 120
-2.8560 1.5706 -0.3426 80 200 120
-0.2607 2.7873 0.0186 80 200 120
-1.9587 0.8568 -0.2191 80 200 120
0.5918 4.0237 -0.2674 80 200 120
0.1243 2.7605 -0.0924 80 200 120
-1.7283 1.0665 -0.1550 80 200 120
-0.2828 2.4485 -0.2999 80 200 120
-0.5997 2.6816 0.6564 80 200 120
-0.8361 3.7679 0.7606 80 200 120
-0.8191 1.6376 0.7836 80 200 120
-1.1228 3.3891 0.5656 80 200 120
1.6932 5.3534 -0.1544 80 200 120
0.9915 2.5589 -0.2079 80 200 120
-0.5135 2.4331 -0.3420 80 200 120
-2.2034 -3.7351 0.3190 80 200 120
0.5482 -2.2452 -0.0286 80 200 120
2.9981 -1.9426 -0.2774 80 200 120
2.3271 -0.5299 -0.0148 80 200 120
1.6956 -1.1571 -0.0819 80 200 120
0.5791 -2.3971 0.5577 80 200 120
3.0776 1.4326 -0.0932 80 200 120
1.0378 -2.2820 -0.4664 80 200 120
0.7476 2.0467 -0.2152 80 200 120
-0.7305 4.0731 -1.3896 80 200 120
-1.5130 -1.2626 1.5285 80 200 120
-0.9639 1.0413 1.1312 80 200 120
-2.3059 -3.7118 0.0479 80 200 120
2.0741 3.4327 0.4468 80 200 120
0.2425 -2.4186 1.1230 80 200 120
-2.8520 -4.4827 0.9250 80 200 120
-0.5889 0.8756 1.2693 80 200 120
-2.2384 -3.9430 1.1031 80 200 120
-2.4605 -1.5208 -0.0544 80 200 120
-2.5935 -3.0545 1.3065 80 200 120
-1.4659 -2.1785 2.4101 80 200 120
-2.5953 -3.6687 1.2425 80 200 120
-2.5157 -3.3589 1.2507 80 200 120
2.8181 -2.2413 0.0755 80 200 120
-0.0209 5.1277 -2.5074 80 200 120
1.1899 -5.0569 2.7582 80 200 120
-3.4225 -5.4766 2.3667 80 200 120
4.4416 -5.8342 3.7082 80 200 120
0.5200 -5.4458 3.8732 80 200 120
3.0269 -5.8438 3.8409 80 200 120
4.6639 -3.4706 3.8649 80 200 120
3.6084 0.2908 2.5293 80 200 120
3.6046 2.1506 3.0122 80 200 120
-0.7346 9.9949 3.5772 80 200 120
3.5266 5.2778 3.1610 80 200 120
3.5166 -2.7430 2.8213 80 200 120
4.1318 2.3394 3.8819 80 200 120
3.5892 -1.0179 2.0525 80 200 120
-7.3862 -0.9604 3.7323 80 200 120
-7.1919 5.7115 3.7826 80 200 120
-63.8677 -34.7966 3.0720 80 200 120
-31.5604 -11.0785 3.5700 80 200 120
-2.1143 -5.3599 -0.4965 80 200 120
-0.9404 -5.1334 1.1074 80 200 120
-0.6421 -4.8984 -0.2709 80 200 120
0.4508 -3.2347 0.8084 80 200 120
-1.9656 -4.2022 0.4127 80 200 120
-2.1624 -5.0893 1.0530 80 200 120
-0.4922 -3.5075 0.3721 80 200 120
2.7841 -1.0402 0.2884 80 200 120
-0.6177 -2.6226 0.3414 80 200 120
2.3825 -0.8398 0.6227 80 200 120
0.2493 3.3014 0.0305 80 200 120
0.0531 2.4827 0.0115 80 200 120
0.7099 -2.3441 1.4516 80 200 120
-3.5538 3.7495 -0.0785 80 200 120
3.0157 -3.0575 0.0204 80 200 120
0.0944 -0.0797 0.3995 80 200 120
-0.6115 3.6953 0.8922 80 200 120
1.9063 5.2745 0.0359 80 200 120
-2.6644 1.7271 0.1121 80 200 120
0.6544 3.5385 -0.2707 80 200 120
-0.2523 2.6122 -0.1324 80 200 120
-2.9767 0.8353 0.8054 80 200 120
-2.6923 2.5196 -0.0289 80 200 120
-0.6337 1.2097 0.5681 80 200 120
-0.2185 2.9393 0.5954 80 200 120
-2.3663 -1.1084 0.2438 80 200 120
-2.7861 -2.1819 1.2164 80 200 120
-2.3375 -2.1062 1.4000 80 200 120
-2.3096 4.9278 -0.3695 80 200 120
-3.9332 -2.5744 0.5703 80 200 120
3.0998 4.3257 0.0236 80 200 120
-2.8359 -2.9411 1.3193 80 200 120
0.4327 -2.4684 0.4519 80 200 120
-2.5880 -1.7305 1.1953 80 200 120
2.3832 0.8965 -0.0418 80 200 120
0.9091 -1.5987 -0.1773 80 200 120
1.9544 1.7873 -0.1137 80 200 120
2.6099 0.0996 0.4532 80 200 120
0.9785 -2.6308 2.9865 80 200 120
0.5691 -2.7840 2.4130 80 200 120
1.0542 -2.6509 2.3871 80 200 120
3.6208 -4.3188 0.0023 80 200 120
-2.5954 -2.5871 1.6360 80 200 120
-2.5609 -0.9651 0.4302 80 200 120
0.5679 -2.8597 1.7147 80 200 120
-0.5335 1.3602 0.2715 80 200 120
-1.9649 -1.9696 -0.0303 80 200 120
0.1800 -5.5951 3.8213 80 200 120
-1.4300 -5.6110 3.9351 80 200 120
-669.1219 -413.7908 6.4740 80 200 120
2.9935 -5.1080 3.5980 80 200 120
0.5156 4.7121 2.7070 80 200 120
3.6199 3.4243 1.3816 80 200 120
3.8036 -1.6191 3.2223 80 200 120
3.9810 2.7613 1.0918 80 200 120
3.6016 1.9529 1.8443 80 200 120
3.5208 2.8811 1.2329 80 200 120
7.1593 -5.9372 3.8298 80 200 120
3.6957 -3.3760 3.0908 80 200 120
1.0017 5.5337 3.3095 80 200 120
-11.4258 5.3426 3.4102 80 200 120
-7.4219 18.6621 3.3668 80 200 120
-12.9862 -2.9167 3.6853 80 200 120
3.1835 15.5681 2.9046 80 200 120
0.3414 5.4431 3.1372 80 200 120
-1.1588 5.0734 2.1139 80 200 120
-12.5185 -6.5407 3.7819 80 200 120
-3.5993 2.9372 3.3555 80 200 120
-1.7217 5.1471 1.9202 80 200 120
-11.5536 56.2254 3.5098 80 200 120
-2.4959 -2.5216 0.6460 80 200 120
-0.8380 3.6215 0.8633 80 200 120
-0.4059 2.8487 1.0067 80 200 120
3.6807 -4.2712 -0.0475 80 200 120
2.6908 -1.3293 -0.0583 80 200 120
2.1681 4.7054 -0.1531 80 200 120
1.5027 4.3085 -0.1270 80 200 120
-2.3764 1.8407 -0.1661 80 200 120
-0.6059 1.2817 0.4495 80 200 120
-0.4399 2.1229 -0.1874 80 200 120
-2.7920 1.1684 0.6287 80 200 120
-0.3300 0.8861 0.0869 80 200 120
3.4780 -2.6972 0.0905 80 200 120
3.9334 -4.6264 -0.3930 80 200 120
3.7202 1.5281 0.2230 80 200 120
0.8267 -2.4091 1.2395 80 200 120
1.5180 0.4055 -0.1199 80 200 120
-0.1431 0.1488 -0.0527 80 200 120
1.9011 1.2694 -0.2621 80 200 120
1.7174 1.7589 -0.1939 80 200 120
-0.0710 -0.2286 -0.1952 80 200 120
3.6773 -1.8218 0.4598 80 200 120
-2.6883 -3.2579 1.5067 80 200 120
0.0758 -1.6820 1.0547 80 200 120
0.3691 1.0754 0.5023 80 200 120
-3.3415 -4.8704 1.2001 80 200 120
-1.6340 0.9688 -0.0272 80 200 120
-0.3576 2.1192 0.5420 80 200 120
-2.8340 -2.4439 0.8205 80 200 120
-1.9403 2.6557 -2.2672 80 200 120
-0.4908 0.5386 1.6701 80 200 120
-3.2227 -4.3306 1.0193 80 200 120
0.1638 2.3517 0.1291 80 200 120
-1.0066 -5.4275 3.8145 80 200 120
-0.2535 -13.9261 3.8033 80 200 120
2.1827 -4.9106 2.9272 80 200 120
-2.6142 -5.0279 2.2615 80 200 120
-3.1938 -5.2185 2.4588 80 200 120
-2.0266 -4.9984 2.2917 80 200 120
-51.2287 -27.8284 3.4923 80 200 120
3.2741 -4.7752 2.9307 80 200 120
4.6760 -6.1369 3.8198 80 200 120
3.6373 -3.0748 2.9040 80 200 120
-2.0848 5.0290 1.1608 80 200 120
-3.6442 0.1503 3.6261 80 200 120
-10.4255 21.1341 3.2084 80 200 120
-3.6505 3.4362 1.9871 80 200 120
0.6145 21.9274 3.4991 80 200 120
-3.6948 5.2878 3.2503 80 200 120
-3.5300 -1.6009 3.0491 80 200 120
-0.1583 5.3947 3.3468 80 200 120
-14.3934 -9.1406 3.7503 80 200 120
-2.3891 -4.0107 0.2890 80 200 120
-1.4256 -4.9436 0.0568 80 200 120
-0.9745 -4.0024 -0.3332 80 200 120
2.1569 0.9204 0.0034 80 200 120
-0.4436 2.5572 0.1159 80 200 120
0.5601 -2.6837 3.0960 80 200 120
-2.0172 5.2155 -0.1303 80 200 120
3.0727 -1.7400 0.2853 80 200 120
0.7025 -3.0063 2.1965 80 200 120
-1.5548 4.8969 0.0571 80 200 120
-0.1099 0.0288 0.2050 80 200 120
1.3664 3.6587 -0.2026 80 200 120
0.4918 0.6169 0.5770 80 200 120
-0.5920 1.3184 0.4408 80 200 120
1.4952 0.7468 -0.3012 80 200 120
-1.0736 2.3308 0.7149 80 200 120
2.0602 1.0778 -0.2250 80 200 120
-1.6345 3.8889 0.0651 80 200 120
-2.7898 0.5623 -0.0207 80 200 120
1.9003 0.8425 -0.2918 80 200 120
1.9379 0.2298 -0.1795 80 200 120
2.0927 2.8159 -0.2636 80 200 120
-0.6914 -0.0343 -0.2154 80 200 120
-1.3367 5.0453 1.6097 80 200 120
-14.4170 -5.8122 -8.0086 80 200 120
0.7610 -2.4199 0.7071 80 200 120
-3.2042 -1.4959 0.8010 80 200 120
-0.0503 -2.4416 0.9836 80 200 120
-1.4708 -2.1030 2.4839 80 200 120
0.3533 -3.2017 0.7396 80 200 120
-40.9667 44.0738 3.5279 80 200 120
-1.1836 -1.8458 2.9829 80 200 120
-2.6766 -2.4237 0.4990 80 200 120
2.6726 -1.2928 0.2230 80 200 120
2.4474 -1.2989 -0.3373 80 200 120
2.7470 -0.5552 0.4715 80 200 120
3.0805 0.0013 0.5534 80 200 120
1.3514 -0.9959 -0.2011 80 200 120
0.6103 -0.6891 -0.3556 80 200 120
3.0403 4.1206 0.4977 80 200 120
-2.9669 -0.8740 0.5056 80 200 120
0.9729 -2.6585 2.9262 80 200 120
1.9723 4.0995 -0.1702 80 200 120
1.0926 4.0433 0.0678 80 200 120
-1.9335 -1.4362 1.4686 80 200 120
-2.5725 -5.4034 1.6905 80 200 120
2.8397 -4.7232 3.2169 80 200 120
-1.2939 -5.0845 2.2137 80 200 120
2.8691 22.0924 3.6571 80 200 120
3.5594 -3.9431 3.4261 80 200 120
3.6177 0.5645 3.2776 80 200 120
-5.2091 -0.7309 3.8540 80 200 120
-54.9964 102.4115 2.2862 80 200 120
-1.2267 5.3345 2.0564 80 200 120
-39.4559 -27.0651 3.5520 80 200 120
2.2765 0.1264 0.3307 80 200 120
-0.1660 -4.8465 0.0217 80 200 120
0.1581 -3.2924 0.8015 80 200 120
-0.5807 -2.9185 0.5060 80 200 120
-0.5696 -1.7352 0.2357 80 200 120
0.2812 4.1886 -0.0453 80 200 120
-0.5954 11.8314 -6.6036 80 200 120
2.1732 -0.4077 0.2439 80 200 120
-1.1706 0.5644 -0.1994 80 200 120
-1.4937 0.7389 -0.2584 80 200 120
-1.1103 0.0905 -0.1284 80 200 120
-2.7504 1.8963 0.1773 80 200 120
-0.9800 2.2481 0.7456 80 200 120
-0.5480 4.7909 1.3205 80 200 120
1.2763 4.4249 -0.1805 80 200 120
0.7335 0.4979 0.2448 80 200 120
-3.1828 -1.1072 0.8872 80 200 120
-0.5969 0.4272 -0.0952 80 200 120
3.3041 0.3673 0.4059 80 200 120
0.1253 0.0318 -0.1601 80 200 120
1.2407 1.1520 -0.0635 80 200 120
0.3520 -0.0580 0.7667 80 200 120
-0.2943 -1.7967 0.9432 80 200 120
-2.3504 -1.7280 1.4246 80 200 120
-2.9241 -2.0109 1.1068 80 200 120
-2.4538 -2.6830 1.3593 80 200 120
0.5811 -2.8860 2.3702 80 200 120
2.3097 -3.9202 1.2318 80 200 120
-3.5299 -3.8578 3.1957 80 200 120
-3.2499 -4.7733 3.4563 80 200 120
-113.4095 -87.5846 2.3919 80 200 120
-7.3235 -4.1552 3.4781 80 200 120
-3.5931 -3.7170 3.4224 80 200 120
4.5407 -3.8514 3.8911 80 200 120
3.6846 -2.8133 2.7528 80 200 120
3.6419 -2.0546 2.4555 80 200 120
3.7793 -0.8941 3.9896 80 200 120
3.6778 -2.2213 2.7321 80 200 120
3.0384 -1.1765 2.3676 80 200 120
3.8437 -4.5000 3.6469 80 200 120
3.6788 -5.1361 3.7460 80 200 120
8.2537 28.0722 3.9911 80 200 120
8.3694 21.9230 3.1795 80 200 120
-12.9898 3.8179 3.9934 80 200 120
-3.6564 1.0247 3.6117 80 200 120
131.2320 309.0381 6.5470 80 200 120
-2.9304 -4.1157 1.0428 80 200 120
-2.1615 -4.1532 1.1636 80 200 120
-2.6866 -3.7087 1.2174 80 200 120
-0.7698 -1.9397 0.1891 80 200 120
-0.2134 -3.4365 0.7055 80 200 120
-0.5275 -4.8937 0.1806 80 200 120
-2.9024 -2.6746 1.0768 80 200 120
2.3926 -0.6356 0.0227 80 200 120
0.6174 -2.8928 2.3369 80 200 120
1.5267 -3.1450 2.0432 80 200 120
0.3064 3.3454 -0.2707 80 200 120
1.1298 -2.7566 2.1719 80 200 120
-0.7181 3.8985 0.7418 80 200 120
0.6868 0.1864 0.1992 80 200 120
1.3999 -0.2538 -0.1988 80 200 120
-3.3915 0.7973 0.4950 80 200 120
-4.8675 -3.7971 -1.8012 80 200 120
0.3694 -1.0172 -0.2305 80 200 120
3.5748 2.3063 -0.1593 80 200 120
-2.4592 -2.7449 -0.1578 80 200 120
4.6408 -6.0478 -1.4413 80 200 120
3.5168 -3.4711 0.0162 80 200 120
2.6021 -0.6914 0.3939 80 200 120
0.9303 1.2408 -0.1613 80 200 120
2.5786 -1.1758 -0.1269 80 200 120
-1.6824 -1.1973 1.2477 80 200 120
0.6373 -2.8680 2.9001 80 200 120
1.0063 -2.7182 2.8724 80 200 120
-2.8547 -2.7095 1.3714 80 200 120
1.0652 -2.7578 2.2815 80 200 120
-3.4946 -0.7905 -0.1328 80 200 120
1.2725 -4.6826 2.8239 80 200 120
0.0905 -5.0542 2.7647 80 200 120
-0.2505 -5.2541 2.4677 80 200 120
-0.8014 -5.0761 2.8460 80 200 120
0.8431 -5.1272 2.9679 80 200 120
-1.3989 -5.0205 2.8081 80 200 120
-0.2929 -5.1194 2.8608 80 200 120
0.5658 -5.3199 2.9012 80 200 120
-0.5511 -5.0221 3.0072 80 200 120
2.0722 -5.6549 2.9414 80 200 120
-0.6715 -6.1740 3.9516 80 200 120
7.9185 -17.8881 3.8927 80 200 120
-3.5169 -4.0681 2.7813 80 200 120
-3.5902 -3.1859 3.4877 80 200 120
3.6101 2.1287 2.2062 80 200 120
3.4310 3.7136 1.9057 80 200 120
3.5889 1.4704 2.9490 80 200 120
3.6230 2.8814 3.2103 80 200 120
3.5180 1.0423 2.3530 80 200 120
3.8417 -4.0668 2.9146 80 200 120
3.6461 0.9764 3.2185 80 200 120
3.6297 -0.1395 3.2648 80 200 120
3.7228 0.3846 2.8990 80 200 120
3.5857 3.5767 1.5197 80 200 120
3.6543 1.3850 3.3369 80 200 120
6.1244 -1.4849 4.0384 80 200 120
4.0887 -1.9497 4.1323 80 200 120
3.6851 0.6381 2.6106 80 200 120
3.7413 4.0338 3.1539 80 200 120
2.0971 21.0486 3.7243 80 200 120
1.8103 5.1237 2.9538 80 200 120
3.1804 5.5332 2.1815 80 200 120
-3.6471 1.3696 3.6434 80 200 120
-0.6603 5.5312 3.6157 80 200 120
-3.7728 -1.6627 3.2946 80 200 120
-3.6966 -0.8937 3.6182 80 200 120
-7.3489 -1.7533 4.0094 80 200 120
-0.2445 4.7653 2.5527 80 200 120
-19.6391 26.3924 3.8510 80 200 120
-11.6577 18.9171 4.1154 80 200 120
0.0855 4.0308 2.9111 80 200 120
-3.7188 1.1059 2.5526 80 200 120
-2.8301 -1.3456 1.1925 80 200 120
1.1372 -2.7950 1.1607 80 200 120
-3.2320 4.5156 -0.2667 80 200 120
-1.0763 1.3139 0.8530 80 200 120
-0.4933 -0.3820 -0.1389 80 200 120
-1.5906 -2.4658 1.3062 80 200 120
-3.4794 -2.3199 1.1522 80 200 120
0.3549 -3.3003 0.5664 80 200 120
-2.4223 -2.2868 0.0841 80 200 120
14.3378 -11.3984 -10.1571 80 200 120
11.5609 22.5748 4.0395 80 200 120
-0.5131 -3.0804 0.4626 80 200 120
1.6548 2.0674 -0.3157 80 200 120
2.0792 -1.6844 -0.1778 80 200 120
0.6203 -2.9665 0.7177 80 200 120
2.4535 -3.5356 -0.4191 80 200 120
2.5702 0.2553 0.3024 80 200 120
0.6574 -2.9053 1.0996 80 200 120
0.5175 -1.8818 0.4597 80 200 120
0.8649 -2.3884 1.0688 80 200 120
2.9792 -1.8046 -0.2314 80 200 120
2.5386 -2.4184 -0.3199 80 200 120
-1.8323 2.3501 -1.9548 80 200 120
2.2605 2.6595 0.0606 80 200 120
-2.4460 0.2745 0.4476 80 200 120
-0.5543 1.6796 0.4748 80 200 120
1.8459 3.7010 0.3675 80 200 120
0.2658 2.9950 0.1236 80 200 120
2.0732 3.0919 0.3729 80 200 120
-2.7456 -1.4846 1.2357 80 200 120
-4.3139 -3.0411 3.7171 80 200 120
-3.6315 -4.6407 2.8551 80 200 120
2.0654 -4.6510 3.3585 80 200 120
-0.2057 -5.1906 3.8690 80 200 120
11.0526 -9.0412 4.0465 80 200 120
3.6748 -0.3858 3.4872 80 200 120
6.9922 -6.9999 4.0315 80 200 120
3.4834 -3.9026 3.4201 80 200 120
3.6507 0.0925 3.4969 80 200 120
3.5298 0.4326 1.9162 80 200 120
3.2534 -4.7001 3.8976 80 200 120
3.8368 5.5673 1.3285 80 200 120
3.6411 -3.0921 3.5819 80 200 120
4.6446 -2.5962 4.2069 80 200 120
-11.1865 6.1351 4.0123 80 200 120
-3.8492 2.1960 1.2248 80 200 120
-2.5241 5.3726 0.7787 80 200 120
-3.6097 2.6923 1.1685 80 200 120
-1.7913 5.4574 3.5609 80 200 120
4.2499 36.4100 3.5997 80 200 120
-3.7229 -0.4823 2.7808 80 200 120
-3.7135 4.7926 0.6348 80 200 120
-3.7359 -1.9648 3.5821 80 200 120
-3.8774 -2.1320 3.7939 80 200 120
-3.6692 -0.1212 3.7350 80 200 120
-14.9176 5.7915 4.3465 80 200 120
-1.2187 -5.0314 -0.4265 80 200 120
-0.0583 -3.2349 0.7921 80 200 120
-0.5133 -3.2588 0.4373 80 200 120
0.1023 -3.2013 0.7938 80 200 120
0.9194 4.3331 -0.0265 80 200 120
0.7663 -2.4867 0.6529 80 200 120
0.5650 -2.8286 2.4111 80 200 120
2.8286 -1.9426 -0.0092 80 200 120
1.8932 -0.5249 0.7067 80 200 120
-3.0508 2.1160 0.3772 80 200 120
-2.8116 0.9566 -0.2597 80 200 120
-0.4170 2.4502 -0.3986 80 200 120
-2.0966 -1.3341 0.4865 80 200 120
-0.4990 -1.7015 0.2652 80 200 120
1.3979 -1.6116 -0.2355 80 200 120
-2.6585 -1.0814 1.6114 80 200 120
0.4154 -2.5022 2.0638 80 200 120
2.6073 -2.3191 -0.2667 80 200 120
0.2834 -0.8538 -0.2177 80 200 120
-5.4284 -2.5866 -0.2758 80 200 120
0.0029 -2.4117 1.1164 80 200 120
-3.0045 -0.8905 0.5229 80 200 120
-2.3235 -1.3821 0.1227 80 200 120
-19.5456 -18.1833 3.3252 80 200 120
1.0443 -5.7198 4.1653 80 200 120
7.5839 -4.2993 4.1641 80 200 120
3.9715 -0.0973 4.1864 80 200 120
-8.3983 5.1948 4.0405 80 200 120
-10.1964 -3.7355 4.1974 80 200 120
0.2807 5.2637 3.3665 80 200 120
-3.2866 5.0715 2.7453 80 200 120
16.2545 32.4930 3.4967 80 200 120
-15.0444 -7.1617 4.1181 80 200 120
-18.1100 -6.9383 4.1029 80 200 120
3.2861 16.6712 4.0761 80 200 120
4.5176 11.9696 3.6351 80 200 120
0.9557 5.2626 3.3533 80 200 120
-2.9545 0.5156 -0.1004 80 200 120
-3.0448 0.4801 -0.0805 80 200 120
-0.2842 -0.9993 -0.2059 80 200 120
-2.7180 -1.2423 0.8340 80 200 120
-3.1609 -1.0232 1.0744 80 200 120
-3.2160 -4.4786 1.0535 80 200 120
-0.5626 -0.4153 -0.1725 80 200 120
1.7271 3.4283 -0.3076 80 200 120
3.0891 -1.7582 0.2643 80 200 120
3.6240 -4.4281 -0.1334 80 200 120
-3.4226 1.9697 0.6286 80 200 120
-3.6123 3.3396 0.6390 80 200 120
-2.8325 2.3549 0.2338 80 200 120
-2.8194 0.7752 0.2827 80 200 120
-2.7322 5.1168 -0.1222 80 200 120
-1.4407 2.7076 0.5470 80 200 120
-0.0102 0.2865 0.8273 80 200 120
-2.0146 -1.9708 -0.0473 80 200 120
2.6220 0.0295 0.4597 80 200 120
0.8425 -0.6194 -0.2939 80 200 120
3.0672 1.4851 -0.2474 80 200 120
3.4848 1.0115 -0.0665 80 200 120
0.6566 2.0380 -0.2397 80 200 120
-2.0194 -3.1951 0.5783 80 200 120
3.6923 1.4833 0.9232 80 200 120
3.2224 -1.7905 0.2382 80 200 120
-0.4346 -0.8162 -0.1496 80 200 120
-0.4411 -2.0094 0.9189 80 200 120
-0.3767 -3.1292 0.6518 80 200 120
-0.2995 -1.5438 0.3722 80 200 120
0.0479 -3.1787 0.8119 80 200 120
0.5202 -3.2985 0.8001 80 200 120
-3.1658 -4.2429 1.0541 80 200 120
1.8765 3.8770 0.3868 80 200 120
0.3354 4.0779 -0.8808 80 200 120
3.0485 4.1735 0.5248 80 200 120
1.0853 -2.9169 2.6773 80 200 120
-2.4369 -1.4165 0.7913 80 200 120
-2.7163 -5.1756 2.1462 80 200 120
-1.7234 -5.2940 4.1009 80 200 120
-2.0865 -5.0714 2.2591 80 200 120
-3.5745 -3.8752 3.2022 80 200 120
2.8310 -5.5940 3.4857 80 200 120
3.5798 2.0916 3.3985 80 200 120
2.7602 -4.9039 3.8609 80 200 120
3.6289 -1.3263 2.3566 80 200 120
1.1623 6.2501 3.4232 80 200 120
9.7006 5.0632 4.0897 80 200 120
3.5129 -0.9423 2.4515 80 200 120
7.1375 -7.2193 4.2174 80 200 120
4.3454 -5.6908 3.9706 80 200 120
3.5817 2.5868 1.7886 80 200 120
3.6271 -2.4289 3.3737 80 200 120
3.1068 6.2619 3.2730 80 200 120
-1.1936 5.2995 2.0502 80 200 120
-1.0683 5.1698 2.6089 80 200 120
-1.6530 5.1820 1.2642 80 200 120
-3.5880 0.6248 3.6046 80 200 120
-3.5421 1.7803 3.7667 80 200 120
-7.3794 0.1298 4.2448 80 200 120
-0.7838 5.4153 1.7368 80 200 120
-2.5366 -2.5212 0.2851 80 200 120
-3.4113 -4.9517 1.2023 80 200 120
-2.4687 -4.1496 0.3648 80 200 120
-2.6837 -3.9344 0.4400 80 200 120
-0.3198 2.2122 1.0623 80 200 120
2.6568 -1.1845 0.1892 80 200 120
2.3207 -0.6111 0.1400 80 200 120
-2.6466 0.7190 0.5678 80 200 120
-0.8470 1.3193 0.9385 80 200 120
0.3426 0.0535 0.8636 80 200 120
0.0104 -5.2048 -0.1929 80 200 120
0.1495 1.8506 -0.0930 80 200 120
-0.4787 -1.9612 0.7522 80 200 120
-2.8213 -3.4956 -1.0057 80 200 120
-2.0544 -0.8876 0.0948 80 200 120
-2.4467 -1.2392 1.6276 80 200 120
-2.4310 -1.5942 1.6575 80 200 120
-2.5296 -1.7331 1.2254 80 200 120
-2.6870 -1.4895 1.2573 80 200 120
-1.4782 1.5302 -0.6753 80 200 120
-25.3074 -22.6575 3.9017 80 200 120
-1559.6729 -1060.8943 -10.5043 80 200 120
-55.1467 -55.1773 3.9915 80 200 120
-3.8860 -3.3420 3.8751 80 200 120
-3.9431 -8.0311 4.1201 80 200 120
-1.5671 -8.4475 4.3298 80 200 120
4.4860 -5.7608 3.8684 80 200 120
-3.7485 -2.7965 3.7596 80 200 120
-3.6427 -3.1904 3.4807 80 200 120
-0.0050 -7.4552 4.2145 80 200 120
-3.2385 -3.8325 2.8703 80 200 120
3.7648 -0.6229 4.2395 80 200 120
9.0256 -7.5557 4.1517 80 200 120
4.5268 -8.2672 4.2555 80 200 120
-7.1539 0.7395 4.1291 80 200 120
-0.3017 4.9870 2.4856 80 200 120
-3.0130 5.0756 0.5496 80 200 120
0.4418 4.1152 2.8701 80 200 120
-2.4889 5.2231 1.1303 80 200 120
-6.5666 -2.4405 4.2572 80 200 120
5.6319 13.6610 4.2742 80 200 120
-1.2060 -4.2360 -0.3209 80 200 120
-2.3931 -2.5741 0.7114 80 200 120
-2.6104 -3.9514 1.0349 80 200 120
2.7357 0.4180 0.1237 80 200 120
-1.6357 2.4389 0.3280 80 200 120
0.9446 -2.6230 1.2414 80 200 120
0.6087 4.0653 -0.2938 80 200 120
3.4069 -4.8111 -0.0267 80 200 120
-0.0256 0.6431 0.7910 80 200 120
1.0737 -2.7626 1.5087 80 200 120
2.2023 1.0014 -0.0824 80 200 120
-3.5728 3.8628 -0.0887 80 200 120
-3.4803 1.5892 0.7292 80 200 120
-2.7053 0.7493 0.4401 80 200 120
-0.0494 -0.5503 -0.0994 80 200 120
0.0128 -0.7323 -0.1259 80 200 120
-3.0200 -2.5754 0.6705 80 200 120
0.6679 -1.3262 -0.1795 80 200 120
0.4213 -2.4878 2.1030 80 200 120
0.5356 -2.0384 2.7020 80 200 120
3.6403 -5.1383 -0.3214 80 200 120
-0.3659 -4.2268 0.6880 80 200 120
0.8056 0.7040 -0.0411 80 200 120
3.4063 3.0042 0.0266 80 200 120
1.3786 2.0494 -0.2040 80 200 120
2.6481 1.6886 -0.1099 80 200 120
3.2905 -2.3222 0.3698 80 200 120
-2.7295 0.4831 -0.0011 80 200 120
1.9856 4.0887 0.1671 80 200 120
-2.5530 -1.9409 -0.3001 80 200 120
-1.6572 -5.3801 3.0227 80 200 120
4.5498 -10.2466 4.1962 80 200 120
6.5913 -10.9917 4.2206 80 200 120
-3.7584 -6.9077 4.2672 80 200 120
16.3246 14.2996 4.0920 80 200 120
13.7654 5.9916 4.2616 80 200 120
2.2247 5.2966 3.7095 80 200 120
3.7678 -0.7342 2.6829 80 200 120
5.4473 -3.9143 4.4363 80 200 120
-4.2666 -1.1577 3.9900 80 200 120
-3.5553 -0.8933 3.6834 80 200 120
-10.0710 -5.3285 4.2454 80 200 120
-0.9400 -2.3276 -0.0901 80 200 120
-2.1874 -4.3379 0.8941 80 200 120
-0.0619 -0.3384 -0.1514 80 200 120
-2.2076 -2.8065 1.0705 80 200 120
1.8326 3.9333 -0.2367 80 200 120
-0.2264 3.9732 0.6726 80 200 120
1.1701 -2.8866 2.3505 80 200 120
2.5634 2.9665 0.3583 80 200 120
-3.7765 -0.0148 -0.3553 80 200 120
8.9763 10.2874 4.1657 80 200 120
0.7758 -2.4323 1.1800 80 200 120
-2.8818 -1.2058 1.1671 80 200 120
-2.6881 -1.4759 1.2856 80 200 120
-2.5865 -1.3127 2.0142 80 200 120
-0.7214 -1.9213 0.2757 80 200 120
-3.1927 -0.8538 1.0805 80 200 120
-2.5662 -1.0157 0.1985 80 200 120
-2.4109 -1.2430 1.3085 80 200 120
-3.6269 -2.4190 0.9170 80 200 120
5.1592 -4.2175 4.1822 80 200 120
-1.3814 -5.0930 2.3166 80 200 120
-3.5865 -3.2136 3.9023 80 200 120
4.9647 -16.6226 4.3081 80 200 120
0.8527 -5.0156 3.2770 80 200 120
1.8070 -5.4934 4.1463 80 200 120
-3.4931 -3.9511 2.8971 80 200 120
-1.6893 -5.0708 3.6411 80 200 120
3.5480 3.5237 2.5847 80 200 120
3.9025 0.2456 4.3207 80 200 120
3.7653 1.7533 2.2142 80 200 120
4.3700 -2.8665 4.4001 80 200 120
3.7468 -4.5932 3.2367 80 200 120
3.4120 3.9869 3.6161 80 200 120
-0.3195 5.1797 1.4673 80 200 120
-2.0164 5.8615 0.3013 80 200 120
2.3795 5.4479 3.5539 80 200 120
2.0325 5.4274 2.8161 80 200 120
-2.7287 4.5652 0.8141 80 200 120
-1.8986 0.8841 -0.1958 80 200 120
-2.8266 -3.3705 1.3613 80 200 120
-2.5146 -3.3779 1.3005 80 200 120
-2.9161 -4.5967 1.2269 80 200 120
2.0972 2.4893 0.3546 80 200 120
-2.8547 1.0824 0.6949 80 200 120
1.8267 2.8363 -0.0500 80 200 120
-0.0274 0.8472 0.5484 80 200 120
0.9885 -2.7798 2.7774 80 200 120
-3.0809 2.1581 0.3261 80 200 120
0.3484 -0.0152 0.7118 80 200 120
-0.2264 -0.2900 -0.0356 80 200 120
-0.9081 2.6413 -0.0909 80 200 120
-33.4902 115.4926 2.6818 80 200 120
-2.5844 -1.7184 1.1818 80 200 120
-2.7084 -2.0935 0.9652 80 200 120
0.7489 -2.3179 0.4956 80 200 120
2.6175 5.3095 3.3745 80 200 120
-0.8810 -1.9427 -0.2003 80 200 120
3.5590 -4.3189 -0.1178 80 200 120
8.5875 11.7627 4.2657 80 200 120
0.6651 -3.1908 0.9197 80 200 120
-3.2865 -2.4183 0.8047 80 200 120
3.1877 -4.5824 0.4177 80 200 120
3.1163 -0.3014 0.4410 80 200 120
2.6503 -0.3443 0.3801 80 200 120
-0.5123 -0.3834 -0.1419 80 200 120
0.3035 -1.5214 0.3893 80 200 120
-0.6304 1.5592 0.9013 80 200 120
-1.3886 -5.0858 3.3342 80 200 120
-1.4042 -5.5062 4.3851 80 200 120
-3.6937 -3.6339 3.3584 80 200 120
-17.5307 -20.5927 4.2409 80 200 120
-2.8100 -5.3279 2.1824 80 200 120
6.0054 7.6915 4.2934 80 200 120
77.3397 132.8596 2.5555 80 200 120
4.7458 -3.9998 4.4483 80 200 120
3.7250 1.0303 4.3506 80 200 120
6.1160 -5.6432 4.3876 80 200 120
3.7492 -2.8818 3.9375 80 200 120
3.1911 5.5851 3.8248 80 200 120
3.8565 -3.4494 3.0463 80 200 120
2.5126 5.1136 3.3883 80 200 120
-6.8948 2.3227 4.0707 80 200 120
1.7101 5.6158 2.3446 80 200 120
1.1152 5.7627 1.9235 80 200 120
7.1793 13.6882 4.3019 80 200 120
8.8509 13.9596 4.2391 80 200 120
0.7282 19.5545 4.1993 80 200 120
-3.6136 2.5248 3.8823 80 200 120
3.2861 5.6636 3.7511 80 200 120
0.5886 5.4104 2.5596 80 200 120
-3.9022 3.5496 3.9865 80 200 120
-7.9311 2.3706 4.3903 80 200 120
-1.4227 -4.0618 -0.3461 80 200 120
3.3655 -0.9712 0.2539 80 200 120
-2.6377 -4.2193 1.2793 80 200 120
-2.9725 -3.2012 1.3024 80 200 120
-2.6328 -2.7686 1.0457 80 200 120
-0.2875 -1.9373 1.1186 80 200 120
3.5099 -2.1748 -0.1248 80 200 120
1.4329 5.8008 -0.5672 80 200 120
0.9145 -2.6379 1.3977 80 200 120
3.0320 -1.5011 0.3325 80 200 120
-0.2187 -1.5746 0.5743 80 200 120
0.3628 -2.2496 3.0096 80 200 120
1.1067 -2.9623 1.2973 80 200 120
9.6015 25.1904 4.1099 80 200 120
1.8317 0.3319 -0.1937 80 200 120
0.2749 -0.1119 0.6358 80 200 120
0.2924 -0.1387 0.4929 80 200 120
3.7034 0.6254 2.0849 80 200 120
0.9846 -5.0864 -0.7803 80 200 120
-2.9291 0.5545 -0.3406 80 200 120
-2.8017 -2.0563 1.1458 80 200 120
-15.5197 -14.5888 4.3386 80 200 120
-0.6735 -12.4001 4.3055 80 200 120
3.7601 -3.3188 3.8636 80 200 120
5.1086 -9.3404 4.4504 80 200 120
4.6698 -5.7215 4.4640 80 200 120
3.7441 -5.1989 3.8581 80 200 120
4.0653 -1.6772 4.4955 80 200 120
3.0742 -5.2683 4.2543 80 200 120
-3.6599 1.6006 3.0669 80 200 120
-3.5861 -0.6129 3.9584 80 200 120
-0.8242 0.6446 -0.0811 80 200 120
-0.6105 0.5483 -0.1700 80 200 120
-2.4464 -2.4114 0.1129 80 200 120
-2.7070 1.5999 0.0670 80 200 120
-1.3345 0.3420 -0.2155 80 200 120
-3.2556 -0.8142 0.5757 80 200 120
-3.6856 -2.2660 1.1282 80 200 120
-0.3139 -1.6278 0.5890 80 200 120
-2.7590 -0.9612 0.2302 80 200 120
2.0485 3.3054 0.3269 80 200 120
0.6315 -2.1521 3.1741 80 200 120
0.8272 -2.4511 2.5579 80 200 120
0.6261 6.4953 -1.2351 80 200 120
2.7284 -0.0170 0.2237 80 200 120
-0.0920 -1.0503 -0.1975 80 200 120
2.6553 -0.4281 0.2532 80 200 120
2.2229 -0.1484 -0.1387 80 200 120
-2.8146 -0.9142 0.1353 80 200 120
2.5646 -0.0354 0.1598 80 200 120
0.1919 -0.0455 0.7725 80 200 120
-0.4996 -2.7538 0.6998 80 200 120
-0.5120 -2.2548 0.5756 80 200 120
-0.1135 -1.0145 -0.1810 80 200 120
-1.2399 1.3213 0.8788 80 200 120
0.4770 -4.7145 3.5752 80 200 120
5.5141 -9.5027 4.3925 80 200 120
2.5103 -5.4233 4.0660 80 200 120
8.6436 -17.0690 4.3408 80 200 120
0.6410 -7.8730 4.4533 80 200 120
-4.1280 -3.7066 2.8860 80 200 120
-0.8113 -5.1952 2.8121 80 200 120
-2.0466 -5.1555 2.4257 80 200 120
3.6887 -2.5459 3.9714 80 200 120
3.9140 0.5985 4.4995 80 200 120
2.7474 3.5546 3.2671 80 200 120
75.4345 130.7521 2.1465 80 200 120
3.7702 2.9142 4.5437 80 200 120
-3.7054 0.7670 3.1425 80 200 120
-4.4512 27.9197 3.7111 80 200 120
-5.5039 4.6205 4.3474 80 200 120
-3.8813 -1.0716 4.0991 80 200 120
-5.2075 -1.7675 4.4522 80 200 120
-3.6256 4.0333 0.9229 80 200 120
-3.2870 5.6381 0.1539 80 200 120
0.8048 5.2285 2.0386 80 200 120
1.9499 5.2042 2.8866 80 200 120
-6.9514 -0.9437 4.4588 80 200 120
-3.0381 -3.5717 1.3292 80 200 120
-1.2172 0.8478 -0.2368 80 200 120
-2.3549 -1.2132 0.0872 80 200 120
-0.0395 -0.1022 0.5290 80 200 120
0.8342 -0.6526 -0.2118 80 200 120
2.2398 5.9621 -0.6088 80 200 120
-3.6547 4.1627 0.2595 80 200 120
-2.3317 0.3611 -0.1741 80 200 120
-0.3363 2.3373 -0.3459 80 200 120
0.1779 -1.5889 0.8365 80 200 120
-3.0365 -1.2398 0.9412 80 200 120
-4.0904 -2.5944 0.5229 80 200 120
2.5600 0.6871 0.1154 80 200 120
1.4707 0.8563 -0.1958 80 200 120
-3.0624 -0.9047 0.4999 80 200 120
-4.1224 -2.6069 0.4554 80 200 120
3.7337 -5.0934 0.8349 80 200 120
-2.9487 -1.1178 1.2263 80 200 120
-3.7133 -0.3253 -0.2939 80 200 120
-0.8084 -5.5768 3.3416 80 200 120
-2.4789 -5.2282 3.4225 80 200 120
-3.4360 -5.0338 3.9162 80 200 120
1.3043 -5.4522 3.9349 80 200 120
-2.2595 -6.3991 4.5452 80 200 120
-4.7405 -4.3389 4.5456 80 200 120
-4.3578 -5.9801 4.5118 80 200 120
4.9058 -12.7649 4.4682 80 200 120
-3.7028 -4.3293 4.0050 80 200 120
3.6132 0.5373 3.6312 80 200 120
-3.7876 0.8619 2.7459 80 200 120
-2.4857 5.1930 3.6225 80 200 120
-3.5551 1.0020 4.0017 80 200 120
3.6556 13.0463 4.5579 80 200 120
-3.7460 3.6313 3.5473 80 200 120
0.5872 -0.2254 -0.1309 80 200 120
-2.6557 -3.0820 1.3831 80 200 120
1.3609 -1.6360 -0.2141 80 200 120
0.4389 -1.9959 0.4936 80 200 120
0.5667 -1.7889 0.4496 80 200 120
-2.2865 1.3088 -0.1467 80 200 120
0.9680 -3.7698 2.0991 80 200 120
-2.3287 4.7427 -0.4732 80 200 120
0.7185 -2.4365 0.7356 80 200 120
3.1748 -2.1145 0.2513 80 200 120
1.4551 5.8623 -0.5866 80 200 120
3.9233 -5.4806 -0.6629 80 200 120
3.6874 -4.5890 -0.3534 80 200 120
-1.1648 0.7341 -0.2005 80 200 120
-1.5999 0.8769 -0.1228 80 200 120
0.2390 -0.1406 0.6901 80 200 120
3.0884 -0.3786 0.4930 80 200 120
-0.7286 1.0943 0.1603 80 200 120
0.2446 1.1049 0.4317 80 200 120
0.9368 -4.0117 0.9508 80 200 120
-2.4293 -3.1772 -0.2347 80 200 120
-0.4727 -5.5481 -0.8780 80 200 120
1.1029 -0.0609 -0.1762 80 200 120
0.1434 -4.8266 0.2560 80 200 120
-0.6194 -2.6040 0.4099 80 200 120
-1.3854 1.3855 0.5397 80 200 120
1.9482 3.2071 -0.3537 80 200 120
-0.5686 1.8762 0.2779 80 200 120
8.0078 -18.9997 4.2852 80 200 120
-2.5174 -4.9382 3.8787 80 200 120
-3.3878 -4.0768 4.5928 80 200 120
-3.5491 -2.7117 3.7997 80 200 120
-3.5073 -3.0927 3.6156 80 200 120
-3.6155 -3.3785 3.0891 80 200 120
-2.9865 -2.0122 4.5865 80 200 120
-3.0905 -2.2867 4.6148 80 200 120
-3.5880 -3.6550 4.1509 80 200 120
1.4900 -9.6845 4.4994 80 200 120
-0.3587 -5.7767 4.2785 80 200 120
-3.2794 -2.7819 3.1899 80 200 120
8.2529 -30.3037 4.0333 80 200 120
-1.1419 -4.7954 2.8840 80 200 120
-3.3353 -4.0706 2.5633 80 200 120
1.7942 -6.2478 3.0545 80 200 120
3.2703 3.0894 4.5142 80 200 120
2.9557 4.1039 3.6626 80 200 120
3.1091 5.3294 3.8266 80 200 120
-1.1464 5.3985 3.7285 80 200 120
-0.6646 5.1086 2.9065 80 200 120
1.7840 5.3007 4.0182 80 200 120
-3.5933 3.1529 1.4945 80 200 120
-5.2376 1.1057 4.5968 80 200 120
1.9576 5.9742 3.2313 80 200 120
-2.7582 -2.5823 0.8978 80 200 120
-3.0542 0.7463 0.3264 80 200 120
-3.3689 0.7921 0.6600 80 200 120
-3.2943 1.6294 0.6310 80 200 120
-0.2605 0.2067 0.2165 80 200 120
-0.1584 0.2603 0.5437 80 200 120
-2.1516 2.5075 -0.1153 80 200 120
2.7295 -1.0093 0.3332 80 200 120
2.1562 -0.7343 -0.2752 80 200 120
-2.6514 -1.7461 1.0753 80 200 120
-2.5246 25.6530 4.2018 80 200 120
-2.5688 -2.3525 1.1347 80 200 120
-2.8629 -1.2433 1.0816 80 200 120
-1.8393 -3.2055 1.0352 80 200 120
1.2856 -0.0300 -0.1117 80 200 120
1.8923 -0.6508 -0.1890 80 200 120
-0.1559 0.2698 0.5445 80 200 120
-2.3049 -3.0676 -0.2109 80 200 120
-0.3854 2.6779 0.1852 80 200 120
-2.8681 0.5506 -0.1791 80 200 120
-3.4707 -2.3802 1.0830 80 200 120
4.6585 -3.4639 4.5052 80 200 120
-2.9253 -3.2655 1.3186 80 200 120
-1.3514 1.3191 -0.3266 80 200 120
1.7725 3.8490 -0.2531 80 200 120
-3.2801 -3.2752 4.6169 80 200 120
-3.2343 -7.5689 4.6515 80 200 120
-0.7002 -4.6251 3.0540 80 200 120
-0.1897 -5.0401 3.8723 80 200 120
-2.3977 -5.2951 4.1037 80 200 120
3.6294 -0.7357 3.7115 80 200 120
3.8512 3.7980 3.9967 80 200 120
3.9069 -0.5493 2.7292 80 200 120
2.3077 5.7614 4.1403 80 200 120
2.1426 4.9507 3.7483 80 200 120
4.0385 -2.0707 4.6321 80 200 120
3.6168 1.7235 3.3480 80 200 120
3.6650 0.9022 2.8324 80 200 120
2.3319 4.1644 4.5229 80 200 120
3.2529 4.7347 4.5422 80 200 120
3.5058 -3.4638 3.5746 80 200 120
3.1844 -5.8313 4.4026 80 200 120
3.4876 5.1445 3.9503 80 200 120
-4.5732 2.7025 4.5634 80 200 120
-5.0665 0.4456 4.6050 80 200 120
-3.5634 -0.5907 3.9441 80 200 120
-3.6910 0.2748 4.1528 80 200 120
-4.7702 1.5472 4.6347 80 200 120
-3.5501 0.0777 3.4916 80 200 120
-0.3362 4.1388 2.4035 80 200 120
-5.1480 -0.1040 4.5724 80 200 120
-2.8094 2.3087 0.2552 80 200 120
-0.2485 0.4088 0.4277 80 200 120
-0.8116 1.0433 -0.0242 80 200 120
-3.6328 -0.0439 -0.3265 80 200 120
0.1598 -0.1506 0.6705 80 200 120
4.2748 -5.8365 -1.1012 80 200 120
2.6532 -0.0550 0.3428 80 200 120
2.0092 2.3921 0.5363 80 200 120
3.9589 -3.7974 -0.4556 80 200 120
2.0626 -0.2346 -0.0234 80 200 120
-2.7323 1.5622 -0.2000 80 200 120
1.8815 1.5323 -0.2394 80 200 120
-2.6963 -1.5340 1.4252 80 200 120
-3.4693 -0.0599 0.0315 80 200 120
3.5571 -3.7985 0.5403 80 200 120
-3.5430 -0.4983 -0.0576 80 200 120
0.8587 -3.9155 1.0816 80 200 120
3.3169 -4.6710 0.1706 80 200 120
-3.9518 -2.5578 0.6450 80 200 120
2.1233 -0.2344 -0.1425 80 200 120
0.2690 -0.0080 0.8438 80 200 120
3.7415 0.5251 1.6946 80 200 120
-0.9703 1.6818 0.9377 80 200 120
0.1327 2.4327 0.1136 80 200 120
-2.0911 0.6806 -0.2000 80 200 120
-0.4547 -4.6441 3.4987 80 200 120
-4.8378 -6.6387 4.6354 80 200 120
-4.4504 -5.2467 4.6293 80 200 120
0.2496 -2.0311 4.3328 80 200 120
1.6222 -5.0482 4.1298 80 200 120
-2.8200 -4.8834 3.4337 80 200 120
-3.6643 -3.2546 3.4872 80 200 120
-3.6326 -2.7605 3.7753 80 200 120
-2.0962 -5.0760 3.2579 80 200 120
3.3178 -4.6162 3.9992 80 200 120
4.0354 -0.2763 4.5939 80 200 120
-3.5487 2.1619 4.2040 80 200 120
-2.7518 5.2324 2.9099 80 200 120
4.8104 8.7328 4.4720 80 200 120
-3.4864 4.0108 4.1312 80 200 120
-4.7364 12.6831 4.5922 80 200 120
-2.5823 -3.5703 0.4477 80 200 120
-2.2055 -3.0426 1.0237 80 200 120
-2.1119 -5.3222 0.5238 80 200 120
-2.5981 2.4655 -0.0233 80 200 120
-3.2106 0.5427 0.2332 80 200 120
1.8350 2.9288 -0.1610 80 200 120
0.3115 0.6922 0.8244 80 200 120
2.8789 -1.9810 0.4496 80 200 120
3.1512 -1.5790 0.1717 80 200 120
-1.4261 1.2480 0.3413 80 200 120
-2.5225 3.7414 -0.1656 80 200 120
-1.4623 1.2522 0.3674 80 200 120
0.8519 5.3537 -0.0564 80 200 120
3.7196 3.5809 2.5995 80 200 120
3.1497 0.4175 0.3433 80 200 120
5.2834 8.0841 4.4266 80 200 120
-1.2715 0.4781 -0.2149 80 200 120
0.5031 -3.3035 0.6033 80 200 120
-1.5181 -4.9228 0.0682 80 200 120
-1.0341 -4.9571 -0.2206 80 200 120
3.7306 -3.1238 0.5224 80 200 120
-2.2279 -5.2103 -0.4901 80 200 120
-0.7091 2.6828 0.1739 80 200 120
0.2508 3.1764 0.0245 80 200 120
1.8031 3.9243 -0.3344 80 200 120
-3.1286 -1.1507 1.0436 80 200 120
-2.6209 -1.2733 1.0312 80 200 120
-3.1536 -5.1767 2.4767 80 200 120
-3.2202 -1.8223 1.3063 80 200 120
-1.6689 -5.2613 3.0062 80 200 120
-3.3535 0.5490 0.1415 80 200 120
-2.5024 -5.2851 2.6500 80 200 120
3.8066 -3.0010 3.2813 80 200 120
2.8508 2.7487 4.6328 80 200 120
5.2099 -5.2319 4.6325 80 200 120
2.2993 3.2727 4.6381 80 200 120
3.6317 -3.0705 2.9370 80 200 120
2.4732 -4.6872 4.0893 80 200 120
-3.5659 1.8575 3.3364 80 200 120
-4.0199 0.3817 3.1272 80 200 120
-4.0042 2.3738 2.0258 80 200 120
-3.6117 2.5156 2.4666 80 200 120
-6.0848 7.4070 4.6530 80 200 120
2.1844 5.9227 2.6419 80 200 120
3.0387 5.1429 3.8605 80 200 120
-5.7354 5.7164 4.5869 80 200 120
1.7017 5.6309 2.3338 80 200 120
-4.2714 0.1722 4.6255 80 200 120
0.8833 5.6434 1.8794 80 200 120
-4.6202 0.9032 4.6445 80 200 120
-3.7911 -0.6077 3.9154 80 200 120
0.1369 5.0763 2.6587 80 200 120
5.4717 8.2419 4.5577 80 200 120
-1.6107 -3.2445 -0.2234 80 200 120
-2.1620 -2.2938 -0.2288 80 200 120
0.0702 -4.9898 0.1808 80 200 120
-3.0332 -2.8199 1.1452 80 200 120
0.3741 -2.4719 1.0434 80 200 120
2.7187 1.2832 0.2091 80 200 120
-1.0489 1.8095 0.8665 80 200 120
1.0489 -3.0027 2.6361 80 200 120
-0.2880 2.4557 -0.2763 80 200 120
3.6860 2.6929 1.9260 80 200 120
1.6501 -4.0414 0.9361 80 200 120
0.6811 -3.4799 1.5345 80 200 120
1.5658 -3.9144 0.0510 80 200 120
3.8670 -4.2676 0.7915 80 200 120
0.1782 -5.5749 -0.6045 80 200 120
2.7707 -0.9420 0.3607 80 200 120
2.9877 -0.7696 0.4678 80 200 120
-1.5376 -2.0976 -0.2273 80 200 120
-5.5965 -7.6293 4.5434 80 200 120
-2.6211 -4.9271 2.3527 80 200 120
-0.9352 -6.7647 2.7200 80 200 120
-3.3124 -3.5974 3.7524 80 200 120
3.0529 7.6960 3.9280 80 200 120
3.8913 1.4148 4.5326 80 200 120
3.8652 -5.7467 4.2566 80 200 120
-3.3536 0.9396 3.2555 80 200 120
-4.2766 16.1903 4.4329 80 200 120
-1.8360 5.1463 4.2083 80 200 120
-1.7963 -4.4958 -0.1187 80 200 120
-2.0284 -2.0041 -0.1176 80 200 120
3.7354 -15.4186 -12.8543 80 200 120
1.5694 -0.4921 -0.1734 80 200 120
0.4606 -3.1562 0.8192 80 200 120
-2.7188 -3.4353 1.3596 80 200 120
0.0386 0.1572 0.8643 80 200 120
-2.8418 1.1763 -0.3090 80 200 120
-0.0875 -2.4966 1.1799 80 200 120
-1.0722 1.0249 -0.0695 80 200 120
-1.4034 1.1078 0.2699 80 200 120
-3.0991 2.1945 0.6801 80 200 120
2.6620 -0.0291 0.3558 80 200 120
2.0972 2.5386 0.4117 80 200 120
2.8443 -1.1642 0.4056 80 200 120
1.2498 5.1329 -0.0360 80 200 120
-1.1406 1.0644 0.0283 80 200 120
-2.7527 -1.5555 1.3118 80 200 120
-2.4907 -2.2673 1.2918 80 200 120
-2.8568 -1.8702 0.7333 80 200 120
-2.6303 -1.4551 0.5747 80 200 120
-3.4117 3.4277 0.0692 80 200 120
0.4234 5.0672 -0.4340 80 200 120
3.5510 1.3923 0.0754 80 200 120
-0.5852 0.4436 -0.1729 80 200 120
1.4210 -1.6196 -0.0739 80 200 120
3.8135 -3.3517 1.3048 80 200 120
-0.3810 -4.9107 -0.0982 80 200 120
-1.3336 1.3108 0.6760 80 200 120
-1.2458 1.1179 0.1106 80 200 120
-0.1766 2.5718 -0.1351 80 200 120
-2.9996 -1.5378 0.9142 80 200 120
-3.5123 -5.2660 3.0030 80 200 120
-3.1183 -5.2302 3.9178 80 200 120
-3.7195 -2.8069 3.7559 80 200 120
1.9961 -4.5403 4.1467 80 200 120
-0.1838 -5.4230 3.7923 80 200 120
0.4358 -4.5537 3.6994 80 200 120
-3.7042 -2.2526 4.4458 80 200 120
3.6888 1.5509 3.7060 80 200 120
3.7369 -1.2464 3.6825 80 200 120
4.1169 4.8430 4.1430 80 200 120
4.3900 -6.0311 3.6569 80 200 120
4.4876 -0.8689 4.6710 80 200 120
5.6060 8.2973 2.6535 80 200 120
-5.5913 2.8999 4.4008 80 200 120
5.7864 10.3263 4.5482 80 200 120
-3.4053 2.0175 2.9537 80 200 120
-3.6282 0.5970 4.4085 80 200 120
-4.4100 3.0002 4.7256 80 200 120
-3.0382 4.3625 4.1540 80 200 120
-0.3454 5.1593 2.6126 80 200 120
4.7615 10.5487 4.0897 80 200 120
-3.1270 5.2920 1.3681 80 200 120
-0.7372 5.3721 4.1709 80 200 120
-2.1594 -2.6233 0.2217 80 200 120
-0.4834 -3.4528 0.6143 80 200 120
1.3395 -0.0399 -0.2530 80 200 120
-3.1028 -2.3035 0.9292 80 200 120
-2.8230 -2.2881 0.8456 80 200 120
-1.3052 1.3761 0.8075 80 200 120
2.6828 -2.4224 -0.4544 80 200 120
-2.0096 2.1856 0.0471 80 200 120
1.9038 3.0696 -0.3470 80 200 120
-0.8753 3.0817 0.9419 80 200 120
3.4035 -0.3084 0.1374 80 200 120
3.2201 -0.8246 0.3005 80 200 120
0.3900 -1.6535 3.4784 80 200 120
2.3793 6.2505 -0.9159 80 200 120
2.3316 -1.3548 -0.3919 80 200 120
2.6187 -1.1539 0.1453 80 200 120
-0.5614 2.8721 1.0792 80 200 120
-0.3994 -5.1143 -0.3460 80 200 120
0.1220 -5.0372 -0.0716 80 200 120
-2.9466 -2.1237 1.0844 80 200 120
-0.9611 -4.6476 0.0413 80 200 120
1.3343 -0.2063 0.0153 80 200 120
1.9717 -0.0340 -0.0127 80 200 120
0.6719 -2.5449 0.4886 80 200 120
-0.5256 -1.7288 0.4228 80 200 120
0.2850 3.1731 -0.0317 80 200 120
-2.6284 -5.0147 2.8941 80 200 120
-2.8481 -5.4160 2.1099 80 200 120
0.1286 -3.8421 3.8706 80 200 120
-0.5971 -2.2543 4.0021 80 200 120
0.5553 -7.8427 4.3463 80 200 120
1.7521 -7.4377 4.3807 80 200 120
-3.3353 -5.1180 2.0119 80 200 120
0.1386 -5.7759 3.0346 80 200 120
0.8674 -3.3420 4.1840 80 200 120
-3.1503 -5.2142 4.3760 80 200 120
3.6684 -2.6964 3.1109 80 200 120
3.6866 -2.2619 4.2959 80 200 120
3.9629 -2.1677 3.0530 80 200 120
4.6565 -4.7853 4.7389 80 200 120
4.8481 6.6255 2.3015 80 200 120
4.1264 4.6423 4.7041 80 200 120
2.6454 -5.9735 4.2106 80 200 120
3.8071 -3.7063 3.4676 80 200 120
4.1935 0.3407 2.4585 80 200 120
-0.0556 4.1346 2.6468 80 200 120
1.5758 5.1731 2.4598 80 200 120
3.2182 5.7703 3.1862 80 200 120
2.4784 5.7356 3.4639 80 200 120
2.8158 4.8499 3.9183 80 200 120
0.5394 5.2668 2.5879 80 200 120
2.1491 5.7273 4.0676 80 200 120
1.9135 5.1395 2.8903 80 200 120
-3.6391 1.4726 3.1525 80 200 120
-3.6349 2.2369 3.4762 80 200 120
0.6672 4.9296 3.7323 80 200 120
-0.3261 4.3638 2.3119 80 200 120
-2.7761 -3.9345 0.3494 80 200 120
-0.3797 -2.6979 0.7968 80 200 120
-2.9366 -1.7838 1.4405 80 200 120
-2.1822 -3.0215 0.2522 80 200 120
0.1155 -1.1905 -0.2863 80 200 120
-0.6297 1.4619 0.6403 80 200 120
-0.5877 1.2547 0.3410 80 200 120
0.3785 0.0456 0.7892 80 200 120
2.5031 3.8978 0.2680 80 200 120
1.8684 3.0529 0.3539 80 200 120
-1.0993 0.7499 -0.0677 80 200 120
0.2969 -0.0701 0.6871 80 200 120
3.1541 -0.8242 0.3911 80 200 120
-3.5569 5.1801 -0.1046 80 200 120
-3.0203 -1.6667 1.0038 80 200 120
0.9797 -2.7692 1.6242 80 200 120
2.4731 -0.5855 0.1609 80 200 120
0.8726 -0.0936 -0.2703 80 200 120
3.5645 2.2854 -0.1550 80 200 120
2.9140 -1.3883 0.3108 80 200 120
2.4093 0.5748 -0.1691 80 200 120
3.7283 -2.8738 -0.1849 80 200 120
-1.3479 -3.2114 0.2100 80 200 120
-1.9957 -3.4969 0.8973 80 200 120
-3.1160 0.4214 0.4773 80 200 120
1.7407 3.7028 -0.2443 80 200 120
-2.8789 1.3754 0.6452 80 200 120
2.3727 -2.8834 -0.2271 80 200 120
1.9538 3.9910 0.1343 80 200 120
-2.6976 1.1306 -0.0206 80 200 120
-3.9635 -4.3316 3.0071 80 200 120
-3.8059 -4.6718 3.5275 80 200 120
-4.5713 -3.1042 4.7499 80 200 120
-3.7204 -4.2463 2.6246 80 200 120
1.3796 -3.4214 4.7674 80 200 120
1.3687 -4.3967 4.2914 80 200 120
4.7719 4.8509 4.4037 80 200 120
3.6379 -5.0755 3.7691 80 200 120
-1.9304 5.0310 2.8133 80 200 120
0.8795 6.1853 4.1616 80 200 120
3.3209 3.9536 4.1890 80 200 120
-3.5063 4.6465 2.0680 80 200 120
8.2843 12.3084 4.6276 80 200 120
5.7809 7.0686 4.7702 80 200 120
-5.2292 2.4899 4.7357 80 200 120
6.3761 11.2609 4.3867 80 200 120
15.2861 52.8456 4.4595 80 200 120
5.0042 12.9430 4.7411 80 200 120
-2.4328 -1.3987 1.3649 80 200 120
-2.5469 4.7398 0.1417 80 200 120
-2.2745 -0.9115 -0.3302 80 200 120
2.3485 -1.7106 0.7352 80 200 120
2.1317 -0.5394 0.4488 80 200 120
2.1777 -1.0544 1.0562 80 200 120
-2.1280 1.0816 -0.1322 80 200 120
-0.7212 1.1888 0.7743 80 200 120
-1.4195 1.3554 0.6381 80 200 120
-1.8029 1.1956 0.5166 80 200 120
-3.0003 -0.8952 0.5775 80 200 120
-2.2767 -1.6120 0.3398 80 200 120
-3.4228 0.5936 -0.0910 80 200 120
3.2390 -2.1677 0.2213 80 200 120
3.1626 -1.6951 0.1887 80 200 120
1.6426 3.2701 -0.4886 80 200 120
-3.5543 3.2003 1.5576 80 200 120
2.6093 -0.5996 -0.4585 80 200 120
3.3248 -4.6664 0.1666 80 200 120
-3.9722 4.6075 -0.3625 80 200 120
1.7974 -0.2123 -0.1029 80 200 120
2.4203 -0.2434 0.0803 80 200 120
2.5259 0.4163 -0.2399 80 200 120
3.5725 2.7968 -0.2283 80 200 120
0.4218 -1.9703 0.5558 80 200 120
0.5219 -2.7025 0.9585 80 200 120
0.8279 -1.2290 -0.2006 80 200 120
-0.5671 1.1633 0.5868 80 200 120
-2.6301 1.7347 0.1356 80 200 120
