# timestamp tx ty tz qx qy qz qw
1.520530308199447632e+09 0.000000000000000000e+00 0.000000000000000000e+00 0.000000000000000000e+00 1.775170671832456163e-03 6.343944913180635074e-03 -0.000000000000000000e+00 9.999783013305960644e-01
1.520530308249448776e+09 3.847796688205562532e-05 1.074458123184740543e-04 -1.285504549741744995e-05 3.311809557002850287e-03 4.154991281959025812e-03 5.437214176567643645e-04 9.999857360642324666e-01
1.520530308299450636e+09 -5.817884084535762668e-05 3.863618185278028250e-04 -5.836989730596542358e-04 4.992585409832814292e-03 4.119476122433778781e-03 1.803467320189936418e-03 9.999774255017096491e-01
1.520530308349502563e+09 1.280298311030492187e-04 8.342657820321619511e-04 -1.219552010297775269e-03 7.272318831851053156e-03 2.522165223469779831e-03 3.170046240916649192e-03 9.999653508338294250e-01
1.520530308399504662e+09 -8.759865304455161095e-04 -1.812469097785651684e-03 -2.099119774356950074e-05 1.180752194935713942e-02 4.951992673369628832e-03 3.362183467798294384e-03 9.999123741190060199e-01
1.520530308449504614e+09 -1.457549515180289745e-03 -2.734651323407888412e-03 -3.177665712428279221e-05 1.333349248117860278e-02 3.470861939232635241e-03 2.157929283633657630e-03 9.999027524898908004e-01
1.520530308499506474e+09 -2.123696263879537582e-03 -4.624607972800731659e-03 -9.805274021346122026e-05 1.287210033052207936e-02 2.993576816130394131e-03 -2.084898685111967551e-03 9.999104963587489570e-01
1.520530308549507618e+09 -3.487050998955965042e-03 -7.156112231314182281e-03 -9.563344065099954605e-04 9.825219921577726945e-03 5.799944270534759978e-03 -8.615301562477417630e-03 9.998977959166319707e-01
1.520530308599509716e+09 -5.074847489595413208e-03 -9.863977320492267609e-03 -2.037593629211187363e-03 4.657260981294193344e-03 6.939150255492781277e-03 -1.319864645520972546e-02 9.998779694770927318e-01
1.520530308649555445e+09 -5.700671579688787460e-03 -1.152201741933822632e-02 -2.411143155768513680e-03 2.289109797443931310e-03 6.132485634130556244e-03 -1.233803259081389658e-02 9.999024580168158760e-01
1.520530308699512720e+09 -5.198968108743429184e-03 -1.176727563142776489e-02 -2.589235315099358559e-03 2.895077838205228123e-03 6.524639477998792937e-03 -1.030043016640978457e-02 9.999214712878105038e-01
1.520530308749559164e+09 -4.591260571032762527e-03 -1.197066158056259155e-02 -2.899823477491736412e-03 6.811869493539322168e-03 7.047437749428931385e-03 -9.831270697261260474e-03 9.999036344426636136e-01
1.520530308799560070e+09 -4.410725086927413940e-03 -1.244123745709657669e-02 -2.331203548237681389e-03 1.080234295245763830e-02 3.063082310393627425e-03 -1.020812844565274942e-02 9.998848538842531886e-01
1.520530308849561930e+09 -3.400631947442889214e-03 -1.209725439548492432e-02 -1.428992138244211674e-03 1.429073863469260304e-02 -1.670826907222569459e-03 -6.691685340437550714e-03 9.998740943108914703e-01
1.520530308899563074e+09 -2.462117699906229973e-03 -1.143457181751728058e-02 -4.138129588682204485e-04 1.625947225609992303e-02 -4.376516060752908346e-03 -3.555083524691352546e-03 9.998519075594423100e-01
1.520530308949564934e+09 -2.057129982858896255e-03 -1.118449680507183075e-02 3.388001932762563229e-04 1.582961455707443399e-02 -4.110606195651691185e-03 -1.887797522839162676e-03 9.998644720361812288e-01
1.520530308999567032e+09 -1.662500202655792236e-03 -1.116943359375000000e-02 1.344951218925416470e-03 1.453120739352843464e-02 -4.306810202668640876e-03 -1.087450128995402906e-03 9.998845497605116650e-01
1.520530309049568176e+09 -1.024851226247847080e-03 -1.115851104259490967e-02 2.247455762699246407e-03 1.429920517986278845e-02 -5.208027091696698467e-03 -1.529884739528339409e-03 9.998830274775744043e-01
1.520530309099570036e+09 -2.213955667684786022e-05 -1.104397978633642197e-02 2.948601031675934792e-03 1.472434658710856763e-02 -5.709444086606207600e-03 -2.391154376131731599e-03 9.998724309863505910e-01
1.520530309149567366e+09 1.342030474916100502e-03 -1.027407124638557434e-02 4.096442833542823792e-03 1.437647900662071890e-02 -7.981942858648925082e-03 -1.329950038986595952e-03 9.998639090758637549e-01
1.520530309199582577e+09 2.712068147957324982e-03 -9.360715746879577637e-03 5.890219472348690033e-03 1.331616751703465322e-02 -1.098066195725057315e-02 -1.239468576250500956e-03 9.998502730225597990e-01
1.520530309249583483e+09 3.670067293569445610e-03 -8.943015709519386292e-03 7.312107365578413010e-03 1.316118073237161276e-02 -1.366466396808110190e-02 -2.539090849141769409e-03 9.998167898660379471e-01
1.520530309299585581e+09 4.666865337640047073e-03 -8.600657805800437927e-03 8.219761773943901062e-03 1.369763557674144594e-02 -1.645819381733813064e-02 -2.297949387917705855e-03 9.997680841397610374e-01
1.520530309349586487e+09 5.658286157995462418e-03 -7.974065840244293213e-03 8.792927488684654236e-03 1.439155018417244934e-02 -1.825469654901168415e-02 -3.949156794926634391e-04 9.997297101611045678e-01
1.520530309399588585e+09 6.570762488991022110e-03 -7.244184147566556931e-03 8.706147782504558563e-03 1.622393286499793086e-02 -1.885655442994141687e-02 1.957465579315362421e-03 9.996886428713332995e-01
1.520530309449590683e+09 7.557276636362075806e-03 -6.380214821547269821e-03 8.064979687333106995e-03 1.889487649993044222e-02 -1.746630782355004796e-02 3.917448525579753787e-03 9.996612252809022880e-01
1.520530309499591589e+09 8.613791316747665405e-03 -5.437747575342655182e-03 7.436030544340610504e-03 2.126583681919415672e-02 -1.535808560942573953e-02 4.893101877843389520e-03 9.996439120730972183e-01
1.520530309549593687e+09 9.858442470431327820e-03 -4.811243619769811630e-03 7.436248008161783218e-03 2.150535778545381929e-02 -1.526872447409756244e-02 6.143104310095862976e-03 9.996332567041219530e-01
1.520530309599596977e+09 1.105001289397478104e-02 -4.538368899375200272e-03 7.713112048804759979e-03 2.059763187393581774e-02 -1.686262435527711642e-02 6.796102607749533904e-03 9.996225299833849665e-01
1.520530309649599075e+09 1.225290261209011078e-02 -4.174923058599233627e-03 8.108660578727722168e-03 2.034062939846356666e-02 -1.751646626794711031e-02 7.435543171149922546e-03 9.996119971783592462e-01
1.520530309699599981e+09 1.371122617274522781e-02 -3.424765076488256454e-03 8.236463181674480438e-03 2.148139030218692083e-02 -1.661002206185915181e-02 9.610911500051923240e-03 9.995850576203747506e-01
1.520530309749601841e+09 1.498132199048995972e-02 -2.531052334234118462e-03 8.471034467220306396e-03 2.256919452540562254e-02 -1.501053081230873006e-02 1.086253680621051751e-02 9.995735694371579161e-01
1.520530309799602985e+09 1.604164578020572662e-02 -1.659964094869792461e-03 8.880608715116977692e-03 2.258004009232919551e-02 -1.438800677639456328e-02 1.265868887594160525e-02 9.995613461145711476e-01
1.520530309849604845e+09 1.664299145340919495e-02 -8.527967147529125214e-04 9.341902099549770355e-03 2.205888172011368983e-02 -1.319523894817245351e-02 1.372902834205956893e-02 9.995753124137979340e-01
1.520530309899606228e+09 1.703725941479206085e-02 -2.209613594459369779e-04 9.754283353686332703e-03 2.123708443033360538e-02 -1.112482406284169036e-02 1.467807483196173317e-02 9.996048112397704077e-01
1.520530309949608088e+09 1.726133003830909729e-02 4.708570195361971855e-04 1.021311245858669281e-02 2.023453301977553784e-02 -9.664084978610822455e-03 1.553712111491134876e-02 9.996278142401092692e-01
1.520530309999621868e+09 1.735528372228145599e-02 1.037378679029643536e-03 1.076034270226955414e-02 1.913211917018078218e-02 -8.326844649661664655e-03 1.513705480912279529e-02 9.996676924088042648e-01
1.520530310049623251e+09 1.709891296923160553e-02 1.324271899648010731e-03 1.130208000540733337e-02 1.775257991272901140e-02 -7.630080264674449046e-03 1.434263924629137175e-02 9.997104163111673047e-01
1.520530310099625111e+09 1.660874858498573303e-02 1.321596326306462288e-03 1.156549435108900070e-02 1.622305005510523215e-02 -6.762337155621509811e-03 1.340213554801116848e-02 9.997557032624800888e-01
1.520530310149627209e+09 1.621688716113567352e-02 1.377208391204476357e-03 1.165200956165790558e-02 1.539175669887785439e-02 -6.468666291724479295e-03 1.365148745047383046e-02 9.997674164887143666e-01
1.520530310199628115e+09 1.609277911484241486e-02 1.875977613963186741e-03 1.189440395683050156e-02 1.597115092379937026e-02 -5.951631371501547169e-03 1.530426068004935546e-02 9.997376055881982415e-01
1.520530310249729156e+09 1.615579612553119659e-02 2.354544587433338165e-03 1.205751951783895493e-02 1.815219916128175959e-02 -5.628570751697910789e-03 1.666893761888735975e-02 9.996804306254873929e-01
1.520530310299631119e+09 1.612901128828525543e-02 2.937983023002743721e-03 1.230438891798257828e-02 2.129382540766103227e-02 -5.479294085392969610e-03 1.863758924066965042e-02 9.995845089851732590e-01
1.520530310349633217e+09 1.621103286743164062e-02 3.392998361960053444e-03 1.225358806550502777e-02 2.418218989159049218e-02 -5.407956570975961177e-03 2.029905894111323772e-02 9.994868302803587845e-01
1.520530310399624825e+09 1.626932807266712189e-02 3.543559927493333817e-03 1.213770918548107147e-02 2.545341215261272966e-02 -5.035390928489825654e-03 2.089204204884237762e-02 9.994449915963438125e-01
1.520530310449626684e+09 1.622751541435718536e-02 3.470391267910599709e-03 1.208166219294071198e-02 2.494087996662306198e-02 -4.163527387418187141e-03 2.077663126987224981e-02 9.994643310990445340e-01
1.520530310499627829e+09 1.619039289653301239e-02 3.192953299731016159e-03 1.243400108069181442e-02 2.361188372016956652e-02 -3.563254711443102421e-03 2.062427923868939694e-02 9.995020866756261224e-01
1.520530310549629688e+09 1.614069752395153046e-02 2.972024260088801384e-03 1.288800220936536789e-02 2.252747609939455622e-02 -2.817577365396842053e-03 2.029450735891011673e-02 9.995362459908296859e-01
1.520530310599631786e+09 1.616111025214195251e-02 2.707657869905233383e-03 1.303506270051002502e-02 2.206464016789865673e-02 -2.610213243691163719e-03 2.011723357236632273e-02 9.995507167495195633e-01
1.520530310649632931e+09 1.624294556677341461e-02 2.538105240091681480e-03 1.305558625608682632e-02 2.271540632350926847e-02 -2.285140782373075788e-03 2.066992580427897200e-02 9.995256588074207249e-01
1.520530310699634790e+09 1.619293354451656342e-02 2.323821885511279106e-03 1.256261672824621201e-02 2.408762996511241289e-02 -1.645839406982427429e-03 2.129490837953056798e-02 9.994816677520492743e-01
1.520530310749635696e+09 1.612765155732631683e-02 2.007966395467519760e-03 1.213261950761079788e-02 2.570122526325397186e-02 -9.378457493121420416e-04 2.178602890863026720e-02 9.994318067830892938e-01
1.520530310799650908e+09 1.579834893345832825e-02 1.792351366020739079e-03 1.176448725163936615e-02 2.719307090171672187e-02 -1.076526574038001553e-03 2.200605686379086823e-02 9.993873680644445034e-01
1.520530310849652052e+09 1.540351286530494690e-02 1.668491167947649956e-03 1.159551739692687988e-02 2.776585556722670906e-02 -2.246024432320986846e-03 2.207575620079585063e-02 9.993681371882096043e-01
1.520530310899653912e+09 1.491202320903539658e-02 1.675549545325338840e-03 1.151575986295938492e-02 2.730241984241430289e-02 -3.610650306797007908e-03 2.171207449780100662e-02 9.993848742582172040e-01
1.520530310949655056e+09 1.431013923138380051e-02 1.302135875448584557e-03 1.123723480850458145e-02 2.665785186642097640e-02 -3.473444192536857562e-03 2.029068474504704817e-02 9.994326301616763830e-01
1.520530310999657154e+09 1.372763700783252716e-02 7.522751111537218094e-04 1.066862139850854874e-02 2.536211416786891132e-02 -1.791841266741498644e-03 1.934667027463411737e-02 9.994894991039651178e-01
1.520530311049659014e+09 1.320073846727609634e-02 4.492677180678583682e-05 1.023404579609632492e-02 2.435840429349304254e-02 -4.043542419365453536e-05 1.854268236621276628e-02 9.995313078818076624e-01
1.520530311099660158e+09 1.287154853343963623e-02 -1.723181921988725662e-04 9.805832058191299438e-03 2.512996374997967033e-02 4.485860261447384510e-04 1.877280449317812738e-02 9.995078116272841928e-01
1.520530311149662018e+09 1.314658205956220627e-02 1.422999048372730613e-05 9.216967970132827759e-03 2.852569660511782706e-02 -7.413760638795579725e-04 2.023152601716041513e-02 9.993880229168956575e-01
1.520530311199671984e+09 1.375533174723386765e-02 4.007465322501957417e-04 8.250242099165916443e-03 3.462400072493210246e-02 -2.622682671265265039e-03 2.243110957102115513e-02 9.991452073811988299e-01
1.520530311249673128e+09 1.435929536819458008e-02 4.693511582445353270e-04 6.959866266697645187e-03 4.074472066863364661e-02 -4.268391395613458511e-03 2.436184251327059777e-02 9.988634287037880810e-01
1.520530311299674988e+09 1.471405010670423508e-02 -3.898845898220315576e-05 5.861457437276840210e-03 4.383029852094397910e-02 -4.095318903983747802e-03 2.468249586464441384e-02 9.987256418519209200e-01
1.520530311349676847e+09 1.484645903110504150e-02 -7.391989929601550102e-04 5.589805543422698975e-03 4.350857997853036646e-02 -3.596372983245629904e-03 2.354127627966365668e-02 9.987691814832603265e-01
1.520530311399677992e+09 1.481351163238286972e-02 -1.353235333226621151e-03 6.128836423158645630e-03 4.035738804333158236e-02 -4.037710786727598776e-03 2.190552437790413073e-02 9.989369980752798028e-01
1.520530311449678898e+09 1.487831212580204010e-02 -1.733792363665997982e-03 6.979991681873798370e-03 3.506576801721664194e-02 -5.419452810843051506e-03 2.063236632667201156e-02 9.991573083876009731e-01
1.520530311499683857e+09 1.494447793811559677e-02 -2.069779438897967339e-03 7.987845689058303833e-03 3.144456649697364992e-02 -6.110961220543349032e-03 1.964422768572478967e-02 9.992937504604989529e-01
1.520530311549683094e+09 1.501796022057533264e-02 -2.344758016988635063e-03 8.391169831156730652e-03 3.127212433160970334e-02 -5.604329488960736391e-03 1.895852376798512137e-02 9.993153756984360925e-01
1.520530311599684000e+09 1.509529352188110352e-02 -2.502953168004751205e-03 8.347010239958763123e-03 3.322194852300088680e-02 -5.138037669233284921e-03 1.938569896750124213e-02 9.992467650089171816e-01
1.520530311649719238e+09 1.537419762462377548e-02 -2.562430221587419510e-03 8.085326291620731354e-03 3.562838848557572935e-02 -5.044120676429449807e-03 1.986631690752862361e-02 9.991548950153084085e-01
1.520530311699720383e+09 1.576141826808452606e-02 -2.615517936646938324e-03 7.649978157132863998e-03 3.736273669141964432e-02 -5.202902563344718664e-03 2.006971501980225892e-02 9.990866640341407034e-01
1.520530311749722242e+09 1.622072048485279083e-02 -2.668764675036072731e-03 7.352331187576055527e-03 3.711116104925896164e-02 -5.902798979582261560e-03 2.015781661588982032e-02 9.990903768523961004e-01
1.520530311799723148e+09 1.674269326031208038e-02 -2.555488375946879387e-03 7.492383476346731186e-03 3.494495448354639766e-02 -6.399514011487097975e-03 1.990100697192672546e-02 9.991705791795828517e-01
1.520530311849725246e+09 1.727347634732723236e-02 -2.502619056031107903e-03 7.928952574729919434e-03 3.242269331251127623e-02 -6.961476560440721904e-03 1.935213312556094759e-02 9.992626290149910773e-01
1.520530311899726152e+09 1.778647303581237793e-02 -2.538356231525540352e-03 8.435528725385665894e-03 3.094912182873239131e-02 -7.160514274993718536e-03 1.920391906414436328e-02 9.993108066992598681e-01
1.520530311949728251e+09 1.821383275091648102e-02 -2.665994688868522644e-03 8.626857772469520569e-03 3.045626516866297567e-02 -6.375155355989531661e-03 1.888389123877121795e-02 9.993373664373035314e-01
1.520530311999729156e+09 1.855743676424026489e-02 -2.935412572696805000e-03 8.733859285712242126e-03 2.966947510529029802e-02 -5.725494642845390877e-03 1.910581272461060048e-02 9.993607501188963571e-01
1.520530312049720764e+09 1.880050823092460632e-02 -3.228510962799191475e-03 8.946799673140048981e-03 2.870816444911515955e-02 -5.186796462073294152e-03 1.852705819888951499e-02 9.994026648708309590e-01
1.520530312099721670e+09 1.891876384615898132e-02 -3.113706130534410477e-03 9.627512656152248383e-03 2.775716503549398306e-02 -5.598225911328890032e-03 1.840255721144713405e-02 9.994296100996393761e-01
1.520530312149723530e+09 1.902178488671779633e-02 -2.911709016188979149e-03 1.043679565191268921e-02 2.658651054634245461e-02 -6.225119882038649896e-03 1.791705770504315592e-02 9.994665499068078329e-01
1.520530312199725628e+09 1.892920024693012238e-02 -2.689074259251356125e-03 1.096267625689506531e-02 2.536298110105677378e-02 -6.311860308169161063e-03 1.731171678259110780e-02 9.995084712353151657e-01
1.520530312249726534e+09 1.875053532421588898e-02 -2.463492564857006073e-03 1.125810109078884125e-02 2.432842674105062039e-02 -6.110360217455969474e-03 1.716803154799937531e-02 9.995379181617299880e-01
1.520530312299728394e+09 1.849231310188770294e-02 -2.366387052461504936e-03 1.130470447242259979e-02 2.388756951436210585e-02 -5.437296954687265323e-03 1.686758260565964992e-02 9.995575543617106762e-01
1.520530312349729538e+09 1.826617121696472168e-02 -2.295933896675705910e-03 1.105208415538072586e-02 2.412250227312781603e-02 -4.818848258009649811e-03 1.639410641182870512e-02 9.995629629295528229e-01
1.520530312399731636e+09 1.800946891307830811e-02 -2.228413475677371025e-03 1.058747805655002594e-02 2.460581663820101198e-02 -4.497008132325617732e-03 1.580285560050207969e-02 9.995622043976525317e-01
1.520530312449712276e+09 1.780601218342781067e-02 -2.168856095522642136e-03 1.020683813840150833e-02 2.518886724497081120e-02 -4.783197352097298682e-03 1.487015202041179832e-02 9.995606637762892710e-01
1.520530312499714136e+09 1.766843348741531372e-02 -2.010869095101952553e-03 9.942016564309597015e-03 2.585815476303382834e-02 -5.965819674248014001e-03 1.432655103156317729e-02 9.995451539392331552e-01
1.520530312549715281e+09 1.778529398143291473e-02 -1.703865593299269676e-03 1.008368376642465591e-02 2.609644615436426673e-02 -6.884612533445471846e-03 1.388365294509284233e-02 9.995393047745931847e-01
1.520530312599717140e+09 1.814414933323860168e-02 -1.505207968875765800e-03 1.058013085275888443e-02 2.577000500695694057e-02 -7.571533837429979610e-03 1.336531349802085392e-02 9.995498722486986232e-01
1.520530312649719238e+09 1.861011795699596405e-02 -1.354834879748523235e-03 1.144552975893020630e-02 2.486407228810473546e-02 -8.349393903692828994e-03 1.320922850926429734e-02 9.995686978956888069e-01
1.520530312699720383e+09 1.933330669999122620e-02 -1.100316760130226612e-03 1.247008237987756729e-02 2.355526716411197874e-02 -8.734725253253602592e-03 1.350733892084863587e-02 9.995931201038025238e-01
1.520530312749722242e+09 2.020520158112049103e-02 -8.510330226272344589e-04 1.334519125521183014e-02 2.272886679740969071e-02 -8.370065681782248163e-03 1.390199952070168311e-02 9.996099614469208250e-01
1.520530312799724102e+09 2.115795947611331940e-02 -5.718804313801229000e-04 1.390771754086017609e-02 2.280153892303463103e-02 -7.792476562489791293e-03 1.441876682985250221e-02 9.996056553936011335e-01
1.520530312849719763e+09 2.218901738524436951e-02 -3.444762260187417269e-04 1.400914601981639862e-02 2.373373649744452141e-02 -6.966211701055943263e-03 1.500042685754016634e-02 9.995814968478045071e-01
1.520530312899721622e+09 2.348307892680168152e-02 -1.562729885336011648e-04 1.403842773288488388e-02 2.552328237729556068e-02 -6.145957806746749769e-03 1.582124443731470001e-02 9.995301283522080027e-01
1.520530312949723482e+09 2.501505985856056213e-02 1.832351990742608905e-04 1.398515142500400543e-02 2.787558864333496839e-02 -5.594116988201868965e-03 1.742786133823279529e-02 9.994438088567486611e-01
1.520530312999724627e+09 2.677861228585243225e-02 4.816413857042789459e-04 1.399270351976156235e-02 2.948473119943185658e-02 -4.642185444581592088e-03 1.880290235844379876e-02 9.993775820996257941e-01
1.520530313049725533e+09 2.880652062594890594e-02 7.355616544373333454e-04 1.406886428594589233e-02 2.931997157071307078e-02 -3.811052039284347145e-03 2.036036721351449502e-02 9.993554275613744098e-01
1.520530313099727392e+09 3.092247247695922852e-02 8.091484778560698032e-04 1.417729817330837250e-02 2.803488010025297072e-02 -2.004151750903024679e-03 2.078672125372800147e-02 9.993887837538720786e-01
1.520530313149728537e+09 3.296884894371032715e-02 5.997347179800271988e-04 1.418144535273313522e-02 2.632451718415370137e-02 3.509632548914662581e-04 2.004585537365791148e-02 9.994523802073580487e-01
1.520530313199730635e+09 3.506587445735931396e-02 5.907258600927889347e-04 1.439685653895139694e-02 2.467839459262497620e-02 8.993959101260161002e-04 2.024505539473761204e-02 9.994900227913191548e-01
1.520530313249735832e+09 3.727938607335090637e-02 9.251572773791849613e-04 1.474975235760211945e-02 2.387457919301507261e-02 1.296937127043102614e-04 2.133416774459314866e-02 9.994872890310025904e-01
1.520530313299737692e+09 3.937155380845069885e-02 1.328469603322446346e-03 1.533017586916685104e-02 2.422339607575003245e-02 -4.914699141573030446e-04 2.253665730511013321e-02 9.994523923716389646e-01
1.520530313349738836e+09 4.120240360498428345e-02 1.587590086273849010e-03 1.551621686667203903e-02 2.499503265888703557e-02 -9.658280017372943189e-05 2.330562096175312070e-02 9.994158729206431557e-01
1.520530313399789810e+09 4.297035932540893555e-02 1.603012555278837681e-03 1.561346184462308884e-02 2.551816739916055315e-02 5.467646909947523415e-04 2.376871522065716891e-02 9.993916011042519587e-01
1.520530313449742794e+09 4.472640529274940491e-02 1.468315487727522850e-03 1.536246575415134430e-02 2.536074535342480035e-02 3.761041607900806748e-04 2.447540786064255486e-02 9.993786297249076522e-01
1.520530313499743938e+09 4.676987230777740479e-02 1.271873246878385544e-03 1.512918993830680847e-02 2.491336074821710531e-02 4.661235331969058263e-04 2.479617429387529978e-02 9.993819374620840357e-01
1.520530313549745798e+09 4.901940003037452698e-02 1.219111727550625801e-03 1.462368387728929520e-02 2.466992201169966245e-02 8.701177121166240279e-04 2.469027699716719662e-02 9.993903281825909923e-01
1.520530313599746943e+09 5.153008550405502319e-02 1.183663727715611458e-03 1.404817961156368256e-02 2.438896170903524091e-02 1.205735758450737424e-03 2.495039830934383737e-02 9.993904153894218600e-01
1.520530313649744987e+09 5.426503717899322510e-02 1.149737392552196980e-03 1.343025173991918564e-02 2.441981308016378388e-02 1.658468653940984661e-03 2.536996135996382254e-02 9.993784504738171259e-01
1.520530313699746132e+09 5.737513303756713867e-02 1.125784590840339661e-03 1.281946059316396713e-02 2.513542564601577850e-02 1.676823231703375482e-03 2.615853563996161854e-02 9.993403472564370560e-01
1.520530313749747992e+09 6.074943765997886658e-02 8.595765684731304646e-04 1.218136306852102280e-02 2.611912948973431695e-02 1.824516553254868336e-03 2.665576872811593889e-02 9.993017223079116995e-01
1.520530313799750090e+09 6.447389721870422363e-02 4.218917456455528736e-04 1.139729097485542297e-02 2.645542358495323043e-02 2.024374491803235948e-03 2.697674444882965789e-02 9.992838774491461518e-01
1.520530313849751234e+09 6.842935085296630859e-02 -2.573449164628982544e-04 1.064444519579410553e-02 2.594909472288624633e-02 2.799278652754233140e-03 2.671904885063517907e-02 9.993022070177790539e-01
1.520530313899753094e+09 7.297383248805999756e-02 -1.278001116588711739e-03 1.004481315612792969e-02 2.468805199311439533e-02 3.408891820179266782e-03 2.627056264177779141e-02 9.993441534745814980e-01
1.520530313949754238e+09 7.841544598340988159e-02 -2.463663695380091667e-03 9.968872182071208954e-03 2.284929932113142007e-02 4.187346026777329262e-03 2.560121600512542742e-02 9.994022980726251504e-01
1.520530313999756098e+09 8.477424830198287964e-02 -3.735922276973724365e-03 1.017983723431825638e-02 2.154153324395564895e-02 4.901007579018967948e-03 2.532429718983684672e-02 9.994351516942212577e-01
1.520530314049757004e+09 9.217297285795211792e-02 -4.870019387453794479e-03 1.061209291219711304e-02 2.147853746709967038e-02 6.036182864656607777e-03 2.668936177715078295e-02 9.993947742972379977e-01
1.520530314099762678e+09 1.006428077816963196e-01 -6.021169014275074005e-03 1.108499895781278610e-02 2.220598683678187690e-02 7.379879806626005352e-03 2.883239691583119185e-02 9.993103243791352508e-01
1.520530314149764776e+09 1.103308573365211487e-01 -7.179305888712406158e-03 1.123577635735273361e-02 2.269390741214609777e-02 9.506608179430615924e-03 3.126275480176705229e-02 9.992083121799458789e-01
1.520530314199765921e+09 1.212556734681129456e-01 -8.432089351117610931e-03 1.139267999678850174e-02 2.305995201818486148e-02 1.077461563036186988e-02 3.481296582253867733e-02 9.990696690829803384e-01
1.520530314249767780e+09 1.336366385221481323e-01 -9.783193469047546387e-03 1.153416745364665985e-02 2.313077645110541564e-02 1.158507079533664663e-02 3.854405584668034457e-02 9.989219734665586437e-01
1.520530314299768925e+09 1.473226845264434814e-01 -1.096967607736587524e-02 1.165949553251266479e-02 2.267171829710254438e-02 1.181865207807864838e-02 4.179818611890152164e-02 9.987988908132025001e-01
1.520530314349770784e+09 1.623986810445785522e-01 -1.230747345834970474e-02 1.203705463558435440e-02 2.196752402328297840e-02 1.208727957892917135e-02 4.480654243362464095e-02 9.986809797506964737e-01
1.520530314399772882e+09 1.793483346700668335e-01 -1.400313060730695724e-02 1.298820972442626953e-02 2.223160665456003215e-02 1.173844461933725228e-02 4.896697377326753725e-02 9.984839508289372612e-01
1.520530314449774027e+09 1.985471546649932861e-01 -1.674046553671360016e-02 1.498259231448173523e-02 2.408872558013880685e-02 1.042167941252165018e-02 5.366145103880450018e-02 9.982141907279005189e-01
1.520530314499774218e+09 2.200889736413955688e-01 -2.103172801434993744e-02 1.905657537281513214e-02 2.811736995191954636e-02 8.439516676116838936e-03 5.828207750215032290e-02 9.978684219411363410e-01
1.520530314549776554e+09 2.438960820436477661e-01 -2.698708325624465942e-02 2.579984813928604126e-02 3.312266834722373682e-02 6.267016924394331299e-03 6.421863730639552903e-02 9.973663218511735762e-01
1.520530314599777460e+09 2.694143056869506836e-01 -3.502461314201354980e-02 3.622163459658622742e-02 3.619469616924874539e-02 6.578977064679329342e-03 7.108427416609887362e-02 9.967916968937275968e-01
1.520530314649779320e+09 2.960883677005767822e-01 -4.430571198463439941e-02 5.139040201902389526e-02 3.727035560730376784e-02 7.543162369404848681e-03 7.870837969549134006e-02 9.961721800271698957e-01
1.520530314699780464e+09 3.231125473976135254e-01 -5.386453494429588318e-02 7.024937868118286133e-02 3.741004976863766818e-02 6.856783600867833763e-03 8.702347972161558753e-02 9.954799780367762363e-01
1.520530314749782324e+09 3.497597873210906982e-01 -6.262306869029998779e-02 9.214078634977340698e-02 3.817173938523123200e-02 2.995966021204807522e-03 9.549474034166186009e-02 9.946932678303317399e-01
1.520530314799787283e+09 3.750533461570739746e-01 -7.065407186746597290e-02 1.153754144906997681e-01 3.697160813294535914e-02 -1.303226736225497878e-03 1.043030342317566167e-01 9.938572728728137795e-01
1.520530314849784374e+09 3.985745310783386230e-01 -7.785296440124511719e-02 1.397065073251724243e-01 2.994516411644656748e-02 -4.938843527708354497e-03 1.126446619246325581e-01 9.931717248847418134e-01
1.520530314899810314e+09 4.194971024990081787e-01 -8.497454971075057983e-02 1.655557900667190552e-01 1.831598644817676591e-02 -8.337810083245956322e-03 1.192857842105136817e-01 9.926559863561638108e-01
1.520530314949812651e+09 4.379557967185974121e-01 -9.100802242755889893e-02 1.930874437093734741e-01 4.552163121629640083e-03 -1.356258969890601976e-02 1.246042085588054821e-01 9.921033843209119407e-01
1.520530314999919415e+09 4.538609385490417480e-01 -9.570463746786117554e-02 2.218071818351745605e-01 -8.010993995016254393e-03 -2.179756584291034707e-02 1.290810897849270222e-01 9.913620742990278956e-01
1.520530315049815416e+09 4.666486084461212158e-01 -9.988703578710556030e-02 2.504422366619110107e-01 -1.787874975092766661e-02 -2.867429236604685308e-02 1.322543428539061927e-01 9.906396539917690092e-01
1.520530315099816561e+09 4.768356680870056152e-01 -1.034503206610679626e-01 2.752536833286285400e-01 -2.433381636963791519e-02 -3.031341915387766178e-02 1.334319478663551772e-01 9.902953485141088308e-01
1.520530315149818420e+09 4.847112596035003662e-01 -1.064578145742416382e-01 2.936989068984985352e-01 -2.702153792071581781e-02 -2.977037928503939446e-02 1.339107724812976241e-01 9.901774921796021589e-01
1.520530315199819326e+09 4.902285039424896240e-01 -1.095711216330528259e-01 3.038220107555389404e-01 -2.864869178763993635e-02 -3.118241822920023512e-02 1.365602936057110084e-01 9.897263235170408180e-01
1.520530315249821424e+09 4.943303763866424561e-01 -1.121051982045173645e-01 3.051213622093200684e-01 -3.287466098375761703e-02 -3.279839311883032960e-02 1.373744695586573972e-01 9.894300264230426745e-01
1.520530315299635410e+09 4.954212903976440430e-01 -1.140895709395408630e-01 2.983399331569671631e-01 -3.718051856278226097e-02 -3.372551316539732641e-02 1.366590186796426132e-01 9.893454964847469002e-01
1.520530315349637270e+09 4.935240745544433594e-01 -1.155266612768173218e-01 2.837956547737121582e-01 -3.811523519732142734e-02 -3.313889950775097959e-02 1.350981085455786879e-01 9.895441087959017112e-01
1.520530315399639130e+09 4.880510866641998291e-01 -1.163684725761413574e-01 2.624577581882476807e-01 -3.354392966717499591e-02 -3.145628069616808464e-02 1.333163090926382799e-01 9.900060953939443520e-01
1.520530315449640274e+09 4.797801077365875244e-01 -1.167972683906555176e-01 2.352061420679092407e-01 -2.292871832047754799e-02 -3.132598825699564604e-02 1.331498166741691414e-01 9.903353384866856457e-01
1.520530315499642134e+09 4.685760736465454102e-01 -1.160272210836410522e-01 2.024306654930114746e-01 -7.940179419284055726e-03 -3.064805173098616650e-02 1.349518852814922398e-01 9.903462218511541737e-01
1.520530315549643040e+09 4.530052542686462402e-01 -1.139658764004707336e-01 1.663806736469268799e-01 9.578876718954531383e-03 -2.877680647969151767e-02 1.373693139210243885e-01 9.900554591145390715e-01
1.520530315599645376e+09 4.342209994792938232e-01 -1.110081821680068970e-01 1.278896629810333252e-01 2.630985996208579786e-02 -2.638862749743759936e-02 1.385844600048176112e-01 9.896493212510935056e-01
1.520530315649646282e+09 4.112910032272338867e-01 -1.067462712526321411e-01 8.829975128173828125e-02 4.247261361272172686e-02 -2.497107591030605159e-02 1.383523272504654233e-01 9.891567904054272553e-01
1.520530315699637175e+09 3.838768899440765381e-01 -1.004501283168792725e-01 4.905067756772041321e-02 5.745995229469887805e-02 -2.304290346007582466e-02 1.368411138640356350e-01 9.886566077455157808e-01
1.520530315749639273e+09 3.515680432319641113e-01 -9.291657060384750366e-02 1.129373721778392792e-02 7.128859014009196471e-02 -1.863147985712396149e-02 1.356047782367781618e-01 9.880193059821886781e-01
1.520530315799640179e+09 3.149193227291107178e-01 -8.405736833810806274e-02 -2.349802106618881226e-02 8.488478506171033555e-02 -1.461526098662541649e-02 1.346627621985987955e-01 9.871407740987928614e-01
1.520530315849642038e+09 2.754787802696228027e-01 -7.502682507038116455e-02 -5.472321808338165283e-02 9.721869917282252582e-02 -9.651147702826906594e-03 1.318278304812084967e-01 9.864465535394100204e-01
1.520530315899643183e+09 2.336825132369995117e-01 -6.706061214208602905e-02 -7.975172996520996094e-02 1.107603250027926756e-01 -1.966306364860955381e-03 1.258013625614626541e-01 9.858510542786037556e-01
1.520530315949645042e+09 1.901190727949142456e-01 -6.160591170191764832e-02 -9.693893045186996460e-02 1.234524763954591986e-01 4.092638108577311210e-03 1.208266982526782773e-01 9.849587023700522304e-01
1.520530315999647141e+09 1.463518142700195312e-01 -5.930030718445777893e-02 -1.039643958210945129e-01 1.329829612474365264e-01 7.987424248546856620e-03 1.165822226879994622e-01 9.842054249113150188e-01
1.520530316049648285e+09 1.035316735506057739e-01 -6.018864363431930542e-02 -1.006273329257965088e-01 1.382134667212058521e-01 8.269497893949888725e-03 1.132286680929659867e-01 9.838739359000119311e-01
1.520530316100220919e+09 6.104642525315284729e-02 -6.486491113901138306e-02 -8.668055385351181030e-02 1.377264036216850895e-01 6.202787749836827583e-03 1.107667697923803568e-01 9.842376165740308602e-01
1.520530316150223017e+09 2.079705148935317993e-02 -7.196543365716934204e-02 -6.460765749216079712e-02 1.327860362858475363e-01 1.124839071933900116e-03 1.102026185641778039e-01 9.849984701339155047e-01
1.520530316200224161e+09 -1.826154999434947968e-02 -8.071115612983703613e-02 -3.581411391496658325e-02 1.242189781014488015e-01 -1.582674122999637445e-03 1.085987622967880123e-01 9.862927807956710646e-01
1.520530316250226021e+09 -5.677030235528945923e-02 -9.029999375343322754e-02 -3.156227990984916687e-03 1.139773855578195688e-01 -2.905816312910328918e-04 1.037200745715459727e-01 9.880542582644904481e-01
1.520530316300226927e+09 -9.431013464927673340e-02 -1.005635857582092285e-01 3.302796185016632080e-02 1.020586516480490036e-01 2.538166120713355230e-03 9.713119550402848912e-02 9.900217776374841128e-01
1.520530316350229025e+09 -1.309756785631179810e-01 -1.112609803676605225e-01 7.122262567281723022e-02 9.049131043468280899e-02 3.763191662763402685e-03 9.001889891784251030e-02 9.918133690175497952e-01
1.520530316400229931e+09 -1.662705987691879272e-01 -1.216627359390258789e-01 1.096317842602729797e-01 7.939229445897899584e-02 4.191559496705838869e-03 8.411004652326142805e-02 9.932798168106403702e-01
1.520530316450231075e+09 -2.007552832365036011e-01 -1.320296525955200195e-01 1.469658911228179932e-01 7.027595890983935611e-02 4.980408808226070676e-03 7.812238101889043551e-02 9.944512952937135664e-01
1.520530316500233173e+09 -2.345707118511199951e-01 -1.414612829685211182e-01 1.821265667676925659e-01 6.022501937045739162e-02 5.753709769981982768e-03 7.457342530446144091e-02 9.953786445891185108e-01
1.520530316550276279e+09 -2.680015861988067627e-01 -1.506371200084686279e-01 2.150483578443527222e-01 4.864279785155609104e-02 6.877678713240928908e-03 7.228079974242469785e-02 9.961737106254539009e-01
1.520530316600278378e+09 -3.009566366672515869e-01 -1.595920324325561523e-01 2.450675517320632935e-01 3.867475158616344444e-02 6.496283427135814831e-03 7.330967932770775242e-02 9.965378832780275031e-01
1.520530316650280237e+09 -3.339052200317382812e-01 -1.682024747133255005e-01 2.719086110591888428e-01 3.086448138107691919e-02 5.826728160882505003e-03 7.526876444663740950e-02 9.966684735290329833e-01
1.520530316700281143e+09 -3.670491278171539307e-01 -1.775269806385040283e-01 2.943607270717620850e-01 2.434842121583784269e-02 6.609075755261377590e-03 7.312002091117214553e-02 9.970039804553977314e-01
1.520530316750283241e+09 -4.011389911174774170e-01 -1.884358823299407959e-01 3.117761611938476562e-01 1.898963126931686729e-02 8.014430023179355475e-03 6.779531907175036232e-02 9.974863194689029822e-01
1.520530316800284147e+09 -4.357371628284454346e-01 -2.005637735128402710e-01 3.237859606742858887e-01 1.475018583387128351e-02 1.036232021424176794e-02 6.135425127791477307e-02 9.979532605226409947e-01
1.520530316850286245e+09 -4.705779254436492920e-01 -2.139238268136978149e-01 3.296702206134796143e-01 1.130714128453347810e-02 1.297078615211750240e-02 5.517583943383649187e-02 9.983283698289551200e-01
1.520530316900287390e+09 -5.043914914131164551e-01 -2.278360128402709961e-01 3.295143246650695801e-01 7.038702036368991999e-03 1.510851410361593351e-02 4.977492459574882344e-02 9.986213728719766092e-01
1.520530316949773073e+09 -5.375944375991821289e-01 -2.420141994953155518e-01 3.244929611682891846e-01 4.419651010094493085e-03 1.370314869525465079e-02 4.392314366314011703e-02 9.989311527084996367e-01
1.520530316999775171e+09 -5.705012083053588867e-01 -2.546989917755126953e-01 3.143134117126464844e-01 5.544659739997226215e-03 1.104297873473068792e-02 3.846710637774222036e-02 9.991834621809727590e-01
1.520530317049776077e+09 -6.027765274047851562e-01 -2.660168409347534180e-01 2.993236184120178223e-01 1.062596888134877994e-02 8.649152861583743815e-03 3.421823742909845673e-02 9.993204657002454638e-01
1.520530317099778175e+09 -6.343283057212829590e-01 -2.760958969593048096e-01 2.798554897308349609e-01 1.669376771763453338e-02 7.043084976017455028e-03 3.018513644670181920e-02 9.993800931633091134e-01
1.520530317149779081e+09 -6.650912761688232422e-01 -2.849060595035552979e-01 2.567759454250335693e-01 2.331544663592164529e-02 5.712199070086163705e-03 2.922095008980303901e-02 9.992846925705408667e-01
1.520530317199780941e+09 -6.951022148132324219e-01 -2.926703989505767822e-01 2.302911728620529175e-01 2.994276477771699863e-02 4.843727514972269617e-03 2.734804988477444049e-02 9.991656786082712127e-01
1.520530317249782085e+09 -7.253208160400390625e-01 -2.988528311252593994e-01 2.008678168058395386e-01 3.805748253643521234e-02 5.081452385984043746e-04 2.560391755387276397e-02 9.989473505732421321e-01
1.520530317299783945e+09 -7.560234069824218750e-01 -3.031004965305328369e-01 1.691555827856063843e-01 4.652522179572331912e-02 -6.188910518058820392e-03 2.140850409495697465e-02 9.986685020946011182e-01
1.520530317349743366e+09 -7.880786657333374023e-01 -3.063442111015319824e-01 1.362557262182235718e-01 5.345813474715000596e-02 -1.645598979204408382e-02 1.889698791484896445e-02 9.982556446507405701e-01
1.520530317399745703e+09 -8.214305639266967773e-01 -3.080022931098937988e-01 1.029254049062728882e-01 5.739781448162552951e-02 -2.789118609902363141e-02 1.678613891779913783e-02 9.978205240277204791e-01
1.520530317449747562e+09 -8.558458685874938965e-01 -3.076997101306915283e-01 7.004406303167343140e-02 5.976806037205501659e-02 -4.001642276404875770e-02 1.486464733498996105e-02 9.972991061502750609e-01
1.520530317499748468e+09 -8.924849033355712891e-01 -3.056338429450988770e-01 3.824676200747489929e-02 6.296280231422159146e-02 -4.782706282279987342e-02 1.313018748443466922e-02 9.967827525409475031e-01
1.520530317549751759e+09 -9.309241771697998047e-01 -3.018392920494079590e-01 8.479249663650989532e-03 6.579073063108488439e-02 -5.140594037180874071e-02 1.082238759438289115e-02 9.964496399639446444e-01
1.520530317599752426e+09 -9.714674353599548340e-01 -2.967168688774108887e-01 -1.974483951926231384e-02 6.877393220125076201e-02 -4.864253064567867352e-02 6.936154272439258583e-03 9.964215675234409098e-01
1.520530317649754524e+09 -1.013409852981567383e+00 -2.903460562229156494e-01 -4.645619913935661316e-02 7.278084090537707829e-02 -4.136173794577475971e-02 2.013099196064496634e-03 9.964878841525561803e-01
1.520530317699755669e+09 -1.057011127471923828e+00 -2.826791405677795410e-01 -7.117968052625656128e-02 7.972157622687661704e-02 -3.067912486212220902e-02 -3.894751365318611849e-03 9.963373387028104933e-01
1.520530317750236750e+09 -1.101393938064575195e+00 -2.737185359001159668e-01 -9.319143742322921753e-02 8.975961315756482428e-02 -2.207920580116858392e-02 -8.061710306232741999e-03 9.956860596312135936e-01
1.520530317800238609e+09 -1.145779848098754883e+00 -2.635889053344726562e-01 -1.121371984481811523e-01 1.020368691378931020e-01 -1.316426201509962243e-02 -1.218606606473523861e-02 9.946188613413684543e-01
1.520530317850239515e+09 -1.190753102302551270e+00 -2.539789080619812012e-01 -1.280230283737182617e-01 1.146619199267670669e-01 -8.214839403555168271e-03 -1.840851381847281518e-02 9.932000237370499640e-01
1.520530317900241852e+09 -1.235746502876281738e+00 -2.455118447542190552e-01 -1.402501314878463745e-01 1.262462287412263462e-01 -5.427943539465405684e-03 -2.577805517615494590e-02 9.916490906711332709e-01
1.520530317950243711e+09 -1.280800223350524902e+00 -2.384058535099029541e-01 -1.475889384746551514e-01 1.361859656431033128e-01 -1.544298859942990019e-03 -3.683746010707181912e-02 9.899969694073545989e-01
1.520530318000244617e+09 -1.324790716171264648e+00 -2.328767925500869751e-01 -1.495837867259979248e-01 1.428921052654573698e-01 9.542462508446532743e-04 -5.151908023862612068e-02 9.883960340057340588e-01
1.520530318050246716e+09 -1.368344902992248535e+00 -2.298802733421325684e-01 -1.459785252809524536e-01 1.447300846121614692e-01 2.034748347604455922e-03 -6.681115626048775291e-02 9.872108851742140700e-01
1.520530318100247622e+09 -1.408229470252990723e+00 -2.291745543479919434e-01 -1.367019861936569214e-01 1.404618677273408167e-01 6.271589333563157287e-03 -8.186597705785626788e-02 9.866757789072054807e-01
1.520530318150816202e+09 -1.444196820259094238e+00 -2.299702465534210205e-01 -1.224811151623725891e-01 1.303256471013380380e-01 1.284032985592166790e-02 -9.596157958416808020e-02 9.867328548703139246e-01
1.520530318200769186e+09 -1.474353075027465820e+00 -2.331138253211975098e-01 -1.027666032314300537e-01 1.172603916300007376e-01 1.846322154620271341e-02 -1.068161011260430615e-01 9.871673771682011322e-01
1.520530318250771284e+09 -1.498675584793090820e+00 -2.375859916210174561e-01 -7.826595753431320190e-02 1.038171764097915867e-01 2.292018867708069119e-02 -1.162004432889584132e-01 9.875191723773035779e-01
1.520530318300772190e+09 -1.516808032989501953e+00 -2.430088967084884644e-01 -4.930813238024711609e-02 9.115346839778734611e-02 2.868746459393790860e-02 -1.246237025970207551e-01 9.875915184554969750e-01
1.520530318350774050e+09 -1.529527425765991211e+00 -2.495824247598648071e-01 -1.739007793366909027e-02 7.914697594500487432e-02 3.512521970750149408e-02 -1.313088001392354043e-01 9.875525171580774586e-01
1.520530318400775194e+09 -1.537353515625000000e+00 -2.567502558231353760e-01 1.584034599363803864e-02 6.715674406026682364e-02 3.969812220386791796e-02 -1.355760634535297937e-01 9.876908230003734745e-01
1.520530318450777292e+09 -1.539714574813842773e+00 -2.635553479194641113e-01 5.112139508128166199e-02 5.590196867648412893e-02 4.383535150828939131e-02 -1.360831211073504354e-01 9.881471631320509763e-01
1.520530318500777960e+09 -1.535628557205200195e+00 -2.700685560703277588e-01 8.723649382591247559e-02 4.686991112050974823e-02 4.811986149609759345e-02 -1.350353356345922740e-01 9.885611506078948452e-01
1.520530318550780296e+09 -1.525878906250000000e+00 -2.755798101425170898e-01 1.236049830913543701e-01 3.821846402019095368e-02 5.197729077546048987e-02 -1.345964944179825484e-01 9.887980046207469620e-01
1.520530318600567102e+09 -1.510209321975708008e+00 -2.794221937656402588e-01 1.586238443851470947e-01 2.910455088320526573e-02 5.529753803178402011e-02 -1.315889255442974914e-01 9.893328368550229346e-01
1.520530318650568247e+09 -1.489433884620666504e+00 -2.817175984382629395e-01 1.917003989219665527e-01 1.885229474264904156e-02 6.001388086965227936e-02 -1.292253690774877728e-01 9.896179712761317138e-01
1.520530318700570107e+09 -1.463960409164428711e+00 -2.823799550533294678e-01 2.233852595090866089e-01 8.607372668337670216e-03 6.501578559833841309e-02 -1.264796558976566676e-01 9.897988469395130329e-01
1.520530318750571251e+09 -1.433768749237060547e+00 -2.810126841068267822e-01 2.500721216201782227e-01 -1.107144530399813490e-03 6.702068558897139594e-02 -1.211027686435318246e-01 9.903742329852106563e-01
1.520530318800573349e+09 -1.399065494537353516e+00 -2.783232927322387695e-01 2.711607217788696289e-01 -9.899691423836107229e-03 6.665418125532017457e-02 -1.158848896604467160e-01 9.909742219549818598e-01
1.520530318850574255e+09 -1.361647725105285645e+00 -2.739131748676300049e-01 2.855215668678283691e-01 -1.868542752372634452e-02 6.281111831268126888e-02 -1.096676088087213813e-01 9.918057439805151310e-01
1.520530318900576353e+09 -1.320849657058715820e+00 -2.687607705593109131e-01 2.923355698585510254e-01 -2.429571583423043024e-02 5.433874998810731688e-02 -1.004464337346396285e-01 9.931603759674592080e-01
1.520530318950577259e+09 -1.276867628097534180e+00 -2.626262307167053223e-01 2.899777889251708984e-01 -2.562217835671293589e-02 4.437191918789076817e-02 -8.918107567464768348e-02 9.946966233507342769e-01
1.520530318999955654e+09 -1.231062769889831543e+00 -2.552417814731597900e-01 2.790360450744628906e-01 -2.215790500595812146e-02 3.794552280084061840e-02 -7.903269458155118277e-02 9.959031065983763309e-01
1.520530319049957514e+09 -1.182388663291931152e+00 -2.455304861068725586e-01 2.603871226310729980e-01 -1.679351791708846159e-02 3.543119242489524423e-02 -6.949104584371848525e-02 9.968117188851988164e-01
1.520530319099959612e+09 -1.134607076644897461e+00 -2.351771891117095947e-01 2.359419316053390503e-01 -1.040893814786046992e-02 3.318859036431064807e-02 -5.894895238339993571e-02 9.976548463718118986e-01
1.520530319149961472e+09 -1.086612820625305176e+00 -2.238652259111404419e-01 2.072430402040481567e-01 -9.205124548868148055e-04 2.926107412856708556e-02 -4.744450542603020904e-02 9.984447711829343985e-01
1.520530319199962378e+09 -1.039713263511657715e+00 -2.111019939184188843e-01 1.751836240291595459e-01 1.238058703198128239e-02 2.506827023471566718e-02 -3.652676967966250049e-02 9.989414887714652691e-01
1.520530319249963522e+09 -9.915034770965576172e-01 -1.971167623996734619e-01 1.394403278827667236e-01 2.847282961445664687e-02 1.993757300383281611e-02 -2.660595253516159428e-02 9.990414978599035933e-01
1.520530319299965620e+09 -9.435879588127136230e-01 -1.823056042194366455e-01 1.016866788268089294e-01 4.386592658133302292e-02 1.619912125819926788e-02 -1.821715757981418743e-02 9.987399582100114914e-01
1.520530319349967480e+09 -8.963377475738525391e-01 -1.670072674751281738e-01 6.317141652107238770e-02 5.696531402621805157e-02 1.384090450172764317e-02 -1.134560446934107340e-02 9.982157380144303094e-01
1.520530319399832249e+09 -8.497005701065063477e-01 -1.514525711536407471e-01 2.481171302497386932e-02 6.757117674338787572e-02 1.413957094772340557e-02 -5.367200715577686437e-03 9.975998204507692257e-01
1.520530319449833155e+09 -8.040357232093811035e-01 -1.361860036849975586e-01 -1.235779374837875366e-02 7.673411262933374499e-02 1.512422171007782312e-02 1.820336956356409302e-03 9.969352136673769182e-01
1.520530319499835253e+09 -7.591789364814758301e-01 -1.211471781134605408e-01 -4.798651859164237976e-02 8.726827520647749414e-02 1.704719049249945814e-02 1.129023601446273173e-02 9.959749856344469743e-01
1.520530319549837112e+09 -7.157185077667236328e-01 -1.068377643823623657e-01 -8.067907392978668213e-02 9.956673642755659026e-02 2.166120918191073025e-02 2.576285815397301102e-02 9.944614281879821105e-01
1.520530319599838257e+09 -6.717793345451354980e-01 -9.342128038406372070e-02 -1.087645292282104492e-01 1.123555641415635992e-01 3.024832440993063115e-02 4.257342464060463738e-02 9.922946989635657022e-01
1.520530319649840117e+09 -6.276465058326721191e-01 -8.253166079521179199e-02 -1.317831873893737793e-01 1.233617084147775739e-01 4.175849688333833215e-02 6.000521488301605727e-02 9.896653429426912618e-01
1.520530319699841022e+09 -5.825032591819763184e-01 -7.509116828441619873e-02 -1.492752730846405029e-01 1.321177719410332740e-01 5.380599323940028073e-02 7.953323055338600012e-02 9.865719814927852438e-01
1.520530319749942064e+09 -5.353708863258361816e-01 -7.124033570289611816e-02 -1.601131707429885864e-01 1.374189262206012563e-01 6.182594617964550648e-02 1.021370816657799219e-01 9.832912120242742748e-01
1.520530319800341129e+09 -4.841617643833160400e-01 -7.104578614234924316e-02 -1.635906845331192017e-01 1.383401242837847267e-01 6.541040993325081265e-02 1.285050156073988259e-01 9.798315922898451769e-01
1.520530319850342989e+09 -4.297810792922973633e-01 -7.410768419504165649e-02 -1.578908562660217285e-01 1.330523329298766433e-01 6.958246165208946399e-02 1.533043519051075498e-01 9.767052438782682922e-01
1.520530319900344133e+09 -3.735389113426208496e-01 -7.888561487197875977e-02 -1.425786465406417847e-01 1.212678375096952338e-01 7.153851815808603964e-02 1.736250288936236064e-01 9.746951838124346956e-01
1.520530319950345993e+09 -3.161843121051788330e-01 -8.587301522493362427e-02 -1.177766919136047363e-01 1.041270301223739675e-01 6.784984926294231056e-02 1.895309308138371784e-01 9.739774051885038419e-01
1.520530320000346899e+09 -2.600947618484497070e-01 -9.434980154037475586e-02 -8.475153893232345581e-02 8.445390798515318986e-02 6.234359176450706558e-02 1.967658488876107281e-01 9.748148617575923547e-01
1.520530320050349236e+09 -2.077271193265914917e-01 -1.028691083192825317e-01 -4.531907662749290466e-02 6.606898916192090188e-02 5.156862512769017082e-02 2.012372376927943352e-01 9.759503777033622374e-01
1.520530320100350142e+09 -1.596015393733978271e-01 -1.115417927503585815e-01 -3.759408835321664810e-03 4.850278654029383657e-02 3.875958359697637828e-02 2.090520064600122352e-01 9.759315718698000630e-01
1.520530320150352001e+09 -1.159325689077377319e-01 -1.180431097745895386e-01 4.070000350475311279e-02 2.956624439446873046e-02 3.283568014839479549e-02 2.178461495736893072e-01 9.749824154401536269e-01
1.520530320200401306e+09 -7.593418657779693604e-02 -1.232539340853691101e-01 8.796026557683944702e-02 1.469368589780508522e-02 2.926706540732536971e-02 2.251272662441418104e-01 9.737788498784615276e-01
1.520530320250402451e+09 -3.811572492122650146e-02 -1.274895966053009033e-01 1.363145709037780762e-01 6.941589601275593296e-03 2.414442810977387305e-02 2.318032706801197718e-01 9.724382266381029760e-01
1.520530320300404310e+09 -2.818536944687366486e-03 -1.304005533456802368e-01 1.826232075691223145e-01 2.328330317887364852e-03 2.294658770746470233e-02 2.347811061425723045e-01 9.717745958754965274e-01
1.520530320350405216e+09 3.177957236766815186e-02 -1.315610855817794800e-01 2.252466380596160889e-01 4.642472574512750767e-04 2.110799682439652714e-02 2.364620761229972723e-01 9.714113050094420609e-01
1.520530320400407314e+09 6.562901288270950317e-02 -1.311068385839462280e-01 2.634487450122833252e-01 -3.578187381228973337e-03 2.207568256439720530e-02 2.363878603918541654e-01 9.714013795922579186e-01
1.520530320450408220e+09 9.972701221704483032e-02 -1.289258301258087158e-01 2.977519333362579346e-01 -1.038888312372654617e-02 2.263668785481106477e-02 2.353281830197314906e-01 9.715967773449215583e-01
1.520530320500410318e+09 1.355212479829788208e-01 -1.251478642225265503e-01 3.272518217563629150e-01 -2.026387275354247369e-02 2.083425753099322694e-02 2.336791720657208915e-01 9.718792896840838802e-01
1.520530320550412416e+09 1.734059602022171021e-01 -1.205197349190711975e-01 3.505554497241973877e-01 -3.110824686057933608e-02 1.658232769703792131e-02 2.282080345922811171e-01 9.729739957125974614e-01
1.520530320599869251e+09 2.124319523572921753e-01 -1.166714951395988464e-01 3.660221993923187256e-01 -3.879710803901732785e-02 9.462202343060905491e-03 2.216608990098035692e-01 9.743057512838532164e-01
1.520530320649871111e+09 2.536492347717285156e-01 -1.131284013390541077e-01 3.730407357215881348e-01 -4.527420415355432048e-02 3.393416191607583326e-03 2.170084352048129162e-01 9.751133627505939039e-01
1.520530320699873447e+09 2.960248589515686035e-01 -1.104475706815719604e-01 3.712782561779022217e-01 -4.913136803562401927e-02 -6.571313308237945001e-04 2.131460921974868139e-01 9.757840028583696368e-01
1.520530320749874353e+09 3.382237851619720459e-01 -1.090589761734008789e-01 3.620847761631011963e-01 -4.886141683437632277e-02 -4.398893001595995979e-03 2.060902966987935570e-01 9.773024103581761102e-01
1.520530320799876213e+09 3.795142173767089844e-01 -1.087353304028511047e-01 3.463775813579559326e-01 -4.324408040758479649e-02 -1.000991974468039628e-02 1.996619307646052277e-01 9.788589604328897797e-01
1.520530320849877357e+09 4.186729490756988525e-01 -1.092708036303520203e-01 3.251006603240966797e-01 -3.378887438023459033e-02 -1.796960625005378231e-02 1.958795317701669259e-01 9.798809184042900355e-01
1.520530320899879217e+09 4.547087550163269043e-01 -1.085940599441528320e-01 2.988320291042327881e-01 -2.445903721957532612e-02 -2.532985919181325596e-02 1.914896015355840309e-01 9.808628274307052974e-01
1.520530320949880362e+09 4.876076281070709229e-01 -1.050998046994209290e-01 2.696428596973419189e-01 -1.860676922823812154e-02 -3.038616342349895888e-02 1.862275780193408115e-01 9.818603558532841280e-01
1.520530320999882221e+09 5.141060352325439453e-01 -9.907215088605880737e-02 2.386445105075836182e-01 -1.585107188373824014e-02 -3.314309340702292772e-02 1.796862658244336164e-01 9.830377026104447635e-01
1.520530321049740076e+09 5.355177521705627441e-01 -9.027053415775299072e-02 2.070034295320510864e-01 -1.590405465087592687e-02 -3.195858121559033704e-02 1.728262019603889754e-01 9.843052443466382417e-01
1.520530321099741936e+09 5.528180599212646484e-01 -7.823240011930465698e-02 1.751921474933624268e-01 -1.689305823028932826e-02 -3.036013849563492031e-02 1.682137470758118813e-01 9.851380724897748076e-01
1.520530321149743080e+09 5.665962696075439453e-01 -6.210153922438621521e-02 1.437111794948577881e-01 -1.555654540690286185e-02 -2.826741615596017887e-02 1.652871314936555369e-01 9.857175615973713390e-01
1.520530321199745178e+09 5.775001049041748047e-01 -4.187730699777603149e-02 1.124866604804992676e-01 -1.039889873047460979e-02 -2.426424139276656469e-02 1.640461161375930677e-01 9.860993769772893325e-01
1.520530321249747038e+09 5.859297513961791992e-01 -1.740979030728340149e-02 8.209573477506637573e-02 -2.368214017776956119e-03 -1.690865081266633430e-02 1.644565572671913001e-01 9.862365486341926335e-01
1.520530321299749136e+09 5.927208065986633301e-01 1.046426966786384583e-02 5.288599058985710144e-02 6.070423018647045851e-03 -7.880903278077489721e-03 1.649970009050696074e-01 9.862439003716215735e-01
1.520530321349750042e+09 5.981050133705139160e-01 4.113100096583366394e-02 2.585124224424362183e-02 1.380148309897690634e-02 -5.140947051939100901e-04 1.656613458302440001e-01 9.860859867519744526e-01
1.520530321399751186e+09 6.023724675178527832e-01 7.402596622705459595e-02 8.791588479653000832e-04 2.167920438924155618e-02 2.741315689537374926e-03 1.658948245913815234e-01 9.859013157812167583e-01
1.520530321449856281e+09 6.048305034637451172e-01 1.097354590892791748e-01 -2.192070148885250092e-02 3.106277263931067276e-02 2.905009793338098403e-03 1.657215215378990136e-01 9.856789753125623221e-01
1.520530321499857426e+09 6.054259538650512695e-01 1.475562304258346558e-01 -4.382742941379547119e-02 4.247469993882317663e-02 3.223222756759762473e-03 1.637859563001132779e-01 9.855758069367492880e-01
1.520530321549859524e+09 6.057102084159851074e-01 1.872324794530868530e-01 -6.355232000350952148e-02 5.500870391729947850e-02 5.506900798745207465e-03 1.614438650241645234e-01 9.853322256898894294e-01
1.520530321599860668e+09 6.034196615219116211e-01 2.275161594152450562e-01 -8.035761862993240356e-02 7.049241410737590308e-02 7.716854293484257284e-03 1.618580611466298724e-01 9.842627889720209078e-01
1.520530321649862528e+09 6.011938452720642090e-01 2.679620385169982910e-01 -9.096225351095199585e-02 9.105334081053520490e-02 6.392484285170406746e-03 1.633582499436509461e-01 9.823352317041531556e-01
1.520530321699863434e+09 5.984930396080017090e-01 3.076407909393310547e-01 -9.346913546323776245e-02 1.117998091446089637e-01 5.784805157189934315e-03 1.643493852025817992e-01 9.800288864559328905e-01
1.520530321749865532e+09 5.960083603858947754e-01 3.446730971336364746e-01 -8.690900355577468872e-02 1.286426194897808406e-01 4.544874217010317664e-03 1.648807387307658912e-01 9.778776828237547569e-01
1.520530321799867392e+09 5.925959348678588867e-01 3.774279654026031494e-01 -7.326600700616836548e-02 1.401828617856054060e-01 6.837544793322504998e-04 1.655389597350592212e-01 9.761890956936797314e-01
1.520530321850152016e+09 5.882995128631591797e-01 4.057148098945617676e-01 -5.315622687339782715e-02 1.426602973502898997e-01 -3.464232248297663061e-03 1.665433259042465863e-01 9.756532986935515517e-01
1.520530321900154114e+09 5.825688838958740234e-01 4.308018386363983154e-01 -2.710344083607196808e-02 1.357193022609227140e-01 -6.652069623347698149e-03 1.684611291293443280e-01 9.762975309484300812e-01
1.520530321950155020e+09 5.758436322212219238e-01 4.535299241542816162e-01 4.662078339606523514e-03 1.208946834873290549e-01 -9.651270543327252968e-03 1.707012924542381793e-01 9.778304542382849629e-01
1.520530322000157118e+09 5.679124593734741211e-01 4.748280644416809082e-01 4.005337134003639221e-02 1.005946180791694455e-01 -1.125300878983733974e-02 1.708464805069146164e-01 9.800844722293493572e-01
1.520530322050158262e+09 5.581117272377014160e-01 4.947549104690551758e-01 7.707512378692626953e-02 7.929142280319063929e-02 -1.292535802585287677e-02 1.686898260447303455e-01 9.823897128832058678e-01
1.520530322100160122e+09 5.477313399314880371e-01 5.148621797561645508e-01 1.124235019087791443e-01 5.939426351664200965e-02 -1.422853600426439262e-02 1.659664980666676060e-01 9.842382799627221734e-01
1.520530322150161982e+09 5.331929922103881836e-01 5.339666604995727539e-01 1.444927901029586792e-01 4.269124605688185553e-02 -1.356907666688701719e-02 1.619899585428955235e-01 9.857751219217240068e-01
1.520530322200163126e+09 5.169261097908020020e-01 5.520367622375488281e-01 1.713072359561920166e-01 3.008703522915289960e-02 -1.239096486160620389e-02 1.572345998099995701e-01 9.870250832291485032e-01
1.520530322250206709e+09 4.985367655754089355e-01 5.679765343666076660e-01 1.929763555526733398e-01 2.244607486152131945e-02 -9.818203487959682382e-03 1.511741389640083033e-01 9.882034994433438468e-01
1.520530322300207615e+09 4.779544174671173096e-01 5.822021961212158203e-01 2.082082480192184448e-01 1.897938333271149969e-02 -6.367907758787187504e-03 1.442697174407677196e-01 9.893358789554974608e-01
1.520530322350209713e+09 4.554133415222167969e-01 5.943498015403747559e-01 2.165087312459945679e-01 1.735855212231847758e-02 -2.602788305567532625e-03 1.405249194120817280e-01 9.899215389037057111e-01
1.520530322400211811e+09 4.316599369049072266e-01 6.051092147827148438e-01 2.174405157566070557e-01 1.517933245290178576e-02 1.444254197133260521e-03 1.349855819934836776e-01 9.907302330351985820e-01
1.520530322450213671e+09 4.063407778739929199e-01 6.140373945236206055e-01 2.113887071609497070e-01 1.098506809652459448e-02 2.114305049677620875e-03 1.294873809861888658e-01 9.915179656256406515e-01
1.520530322500214577e+09 3.806024789810180664e-01 6.215764284133911133e-01 1.995565444231033325e-01 6.051385927730214102e-03 -1.600052030847288510e-03 1.249344880304383010e-01 9.921452485712082270e-01
1.520530322550215721e+09 3.536706268787384033e-01 6.276267170906066895e-01 1.818739771842956543e-01 2.982237335955310008e-03 -6.434626790317090131e-03 1.178995876466466391e-01 9.930001959069757467e-01
1.520530322600217581e+09 3.244063854217529297e-01 6.314427256584167480e-01 1.596685051918029785e-01 2.985161284696018127e-03 -1.024288225742826276e-02 1.111837782411319170e-01 9.937425922396562195e-01
1.520530322650023460e+09 2.942473590373992920e-01 6.335195302963256836e-01 1.332004219293594360e-01 7.562526576546737406e-03 -1.295603558519849326e-02 1.079588849183927141e-01 9.940421663595923052e-01
1.520530322700025320e+09 2.621619105339050293e-01 6.339961290359497070e-01 1.031547710299491882e-01 1.524657833246910801e-02 -1.325980268466044748e-02 1.046586089645604317e-01 9.943029191607148931e-01
1.520530322750027657e+09 2.276696711778640747e-01 6.324051618576049805e-01 7.145299762487411499e-02 2.304033896877674334e-02 -1.253711411436651650e-02 1.018651334447191609e-01 9.944523408078321802e-01
1.520530322800028563e+09 1.913082897663116455e-01 6.290636658668518066e-01 3.978914767503738403e-02 3.053054313888478935e-02 -1.048049580620500840e-02 9.852476140811768091e-02 9.946109372678213489e-01
1.520530322850030661e+09 1.534688621759414673e-01 6.249032616615295410e-01 8.757018484175205231e-03 3.850884810346535264e-02 -6.327002897758443080e-03 9.346619429848376792e-02 9.948573305632492092e-01
1.520530322900065660e+09 1.150005906820297241e-01 6.197330951690673828e-01 -2.199706062674522400e-02 4.686861517631591562e-02 -2.778528743066883792e-03 8.822626681500203571e-02 9.949933359240987762e-01
1.520530322950033426e+09 7.634960860013961792e-02 6.131075620651245117e-01 -5.094721168279647827e-02 5.517258650431935280e-02 2.544814559568984742e-03 8.456769078653435245e-02 9.948858302801955045e-01
1.520530323000034571e+09 3.823084756731987000e-02 6.065467000007629395e-01 -7.892070710659027100e-02 6.555727794109045270e-02 1.068151543708764639e-02 8.263461197047197726e-02 9.943639522033225209e-01
1.520530323050036669e+09 1.036829780787229538e-03 5.993151664733886719e-01 -1.064364910125732422e-01 7.902989961773794481e-02 2.006110840321387312e-02 8.048060210705981765e-02 9.934156731099675897e-01
1.520530323100074291e+09 -3.508501872420310974e-02 5.907342433929443359e-01 -1.330122202634811401e-01 9.526515349021486001e-02 2.111201271499290807e-02 7.882231885492864409e-02 9.921017465461594576e-01
1.520530323150076151e+09 -7.066231220960617065e-02 5.801630616188049316e-01 -1.573095619678497314e-01 1.125599525409516910e-01 2.217558452095921492e-02 7.616018792145871907e-02 9.904736878438016312e-01
1.520530323200077295e+09 -1.066042184829711914e-01 5.670996308326721191e-01 -1.738949269056320190e-01 1.309712987811366969e-01 2.439956574879813961e-02 7.371639525581909214e-02 9.883405653707330041e-01
1.520530323250079393e+09 -1.413989365100860596e-01 5.508304238319396973e-01 -1.819106638431549072e-01 1.491180590287194963e-01 2.340323743706756651e-02 7.072453623108412857e-02 9.860091951517843123e-01
1.520530323300080299e+09 -1.753256469964981079e-01 5.302800536155700684e-01 -1.801352947950363159e-01 1.614568762954728398e-01 2.229437698873340534e-02 6.538971988913186428e-02 9.844586443240841422e-01
1.520530323350082397e+09 -2.084304690361022949e-01 5.035235285758972168e-01 -1.691569834947586060e-01 1.643947721714644483e-01 1.968957564371844049e-02 5.861622153081962050e-02 9.844545789761518506e-01
1.520530323400084257e+09 -2.403707802295684814e-01 4.710427522659301758e-01 -1.493303328752517700e-01 1.561283717751981714e-01 1.494046439573285152e-02 5.161976278176821920e-02 9.862738535218396052e-01
1.520530323450085163e+09 -2.707641124725341797e-01 4.342359900474548340e-01 -1.213507652282714844e-01 1.375261879735266424e-01 1.091740377362304323e-02 4.620039085176348009e-02 9.893598343380725080e-01
1.520530323500345230e+09 -3.002453148365020752e-01 3.936020731925964355e-01 -8.645185828208923340e-02 1.140731153462926084e-01 9.899466820989034563e-03 4.257411333918551671e-02 9.925103373694572628e-01
1.520530323550346136e+09 -3.286949992179870605e-01 3.522256910800933838e-01 -4.802187904715538025e-02 9.120606464024028082e-02 1.293606194262065905e-02 4.001234771056361855e-02 9.949437793689379639e-01
1.520530323600347996e+09 -3.566868603229522705e-01 3.105179965496063232e-01 -7.807975169271230698e-03 7.309977277317986077e-02 1.790386891128697630e-02 3.884609186063537473e-02 9.964069730013294102e-01
1.520530323650349140e+09 -3.842344284057617188e-01 2.702365815639495850e-01 3.287293389439582825e-02 6.051090102502369727e-02 2.353867974670261279e-02 3.803416924947171374e-02 9.971648626894272782e-01
1.520530323700351000e+09 -4.120756089687347412e-01 2.331623882055282593e-01 7.239200174808502197e-02 4.949212847437894219e-02 2.787840382191992400e-02 3.663039228256062541e-02 9.977131542585991886e-01
1.520530323750353098e+09 -4.405766427516937256e-01 1.984230130910873413e-01 1.102370545268058777e-01 3.781894820908420635e-02 2.979731630944830109e-02 3.502574800290877283e-02 9.982259484074484934e-01
1.520530323800354242e+09 -4.694663286209106445e-01 1.652133464813232422e-01 1.462723314762115479e-01 2.628992814098586941e-02 2.832776247340241041e-02 3.448322341438426336e-02 9.986577415984647654e-01
1.520530323850356102e+09 -4.985268414020538330e-01 1.330719292163848877e-01 1.802262812852859497e-01 1.639491695503115729e-02 2.539832895173387353e-02 3.249682492633415576e-02 9.990145584295577752e-01
1.520530323900153160e+09 -5.283168554306030273e-01 1.005520075559616089e-01 2.098062783479690552e-01 9.563515871809554966e-03 2.065180036131754673e-02 3.221850893498964807e-02 9.992217021202109972e-01
1.520530323950154066e+09 -5.589557886123657227e-01 6.735303997993469238e-02 2.340220957994461060e-01 4.334382418411581762e-03 1.650359919300386710e-02 3.131012742233862250e-02 9.993640579205981256e-01
1.520530324000155926e+09 -5.902578830718994141e-01 3.247062489390373230e-02 2.528308331966400146e-01 -4.702009188011289746e-04 1.363402287718271967e-02 2.941051416209809408e-02 9.994743188236511200e-01
1.520530324050157070e+09 -6.226643919944763184e-01 -3.104506060481071472e-03 2.661379873752593994e-01 -4.613772863600307077e-03 1.067226915224405055e-02 2.900728332711915297e-02 9.995115773642070378e-01
1.520530324100159168e+09 -6.548070907592773438e-01 -3.923162072896957397e-02 2.744058966636657715e-01 -7.912425875162212505e-03 9.236347417444043528e-03 3.030021715492314457e-02 9.994668479962297569e-01
1.520530324150160313e+09 -6.866238713264465332e-01 -7.515763491392135620e-02 2.772129178047180176e-01 -1.266642475116503026e-02 1.141926740697737572e-02 3.099714409452710914e-02 9.993739735824093140e-01
1.520530324200162172e+09 -7.192222476005554199e-01 -1.111297160387039185e-01 2.741443216800689697e-01 -1.997685777272086363e-02 1.537128702850820532e-02 2.848008608083253679e-02 9.992765049701929359e-01
1.520530324250163078e+09 -7.514508962631225586e-01 -1.473480165004730225e-01 2.662267386913299561e-01 -2.677365806058188205e-02 1.936133235599507910e-02 2.412945069145007101e-02 9.991626892817728756e-01
1.520530324299907923e+09 -7.829172015190124512e-01 -1.833374202251434326e-01 2.528078258037567139e-01 -2.835155041883581639e-02 2.279237058557768980e-02 2.198019957292143486e-02 9.990963758610440504e-01
1.520530324349909782e+09 -8.144296407699584961e-01 -2.194873392581939697e-01 2.340305149555206299e-01 -2.172988165522993578e-02 2.766544970322146191e-02 2.123730703425893290e-02 9.991553492455018670e-01
1.520530324399910927e+09 -8.440638780593872070e-01 -2.547901570796966553e-01 2.104146927595138550e-01 -7.020221437878469695e-03 3.042413056223215381e-02 1.850481486089920052e-02 9.993411132328435809e-01
1.520530324449913025e+09 -8.735941648483276367e-01 -2.895839214324951172e-01 1.827132701873779297e-01 1.083797250834852080e-02 3.041216193789901892e-02 1.381825860237561980e-02 9.993831569960387462e-01
1.520530324499994040e+09 -9.032797813415527344e-01 -3.240126669406890869e-01 1.530807018280029297e-01 2.513716646542334815e-02 2.665554257911293551e-02 1.145254311252681158e-02 9.992629504630691217e-01
1.520530324549915075e+09 -9.329225420951843262e-01 -3.578887581825256348e-01 1.228345632553100586e-01 3.343225592718566952e-02 2.443159707370542999e-02 9.214108671143641030e-03 9.990998356167635208e-01
1.520530324599916935e+09 -9.632173776626586914e-01 -3.913523554801940918e-01 9.250993281602859497e-02 3.731130098620823871e-02 2.462745667311490305e-02 6.881186803320013881e-03 9.989764784341561565e-01
1.520530324649918795e+09 -9.932982921600341797e-01 -4.241966307163238525e-01 6.222376972436904907e-02 3.949154706187181507e-02 2.481157388720545837e-02 4.113173827750358190e-03 9.989033413263580519e-01
1.520530324700017691e+09 -1.023452520370483398e+00 -4.563856422901153564e-01 3.282913193106651306e-02 4.220378587896945338e-02 2.286781271196849583e-02 2.053686561163302338e-03 9.988451761763484926e-01
1.520530324750020027e+09 -1.053372025489807129e+00 -4.863445162773132324e-01 5.677860695868730545e-03 4.198531382128186523e-02 2.420909114109221286e-02 -8.500810840502764313e-04 9.988245244744450302e-01
1.520530324800020933e+09 -1.082964539527893066e+00 -5.127646923065185547e-01 -1.786559447646141052e-02 3.849127819666965655e-02 2.840769053726282731e-02 -4.748196721626340815e-03 9.988437711919810891e-01
1.520530324850022793e+09 -1.111704707145690918e+00 -5.369786620140075684e-01 -3.776244446635246277e-02 3.365358286842753260e-02 3.191976945982054337e-02 -1.057977399614287717e-02 9.988676754505276811e-01
1.520530324900023937e+09 -1.140070557594299316e+00 -5.577914714813232422e-01 -5.420189350843429565e-02 2.962547386220550083e-02 3.130693767318602772e-02 -1.733825374391029239e-02 9.989202129845400346e-01
1.520530324950025797e+09 -1.168298006057739258e+00 -5.742447972297668457e-01 -6.831119209527969360e-02 2.615249005318425260e-02 3.009701345700515826e-02 -2.356240761754694463e-02 9.989269392664569258e-01
1.520530325000027657e+09 -1.195990204811096191e+00 -5.857186317443847656e-01 -8.123552799224853516e-02 2.204720341930808958e-02 3.048070759674256433e-02 -2.725154209059333157e-02 9.989205177287501236e-01
1.520530325050028801e+09 -1.222559332847595215e+00 -5.919380784034729004e-01 -9.407757222652435303e-02 1.855307081665058186e-02 2.880578316230427913e-02 -2.708121775201977749e-02 9.990458538349209494e-01
1.520530325100815773e+09 -1.248146533966064453e+00 -5.935612916946411133e-01 -1.073425859212875366e-01 1.620780823398440193e-02 2.789504385609601136e-02 -2.565977659919481749e-02 9.991500134341171346e-01
1.520530325150816917e+09 -1.273372411727905273e+00 -5.905869007110595703e-01 -1.208682283759117126e-01 1.562376554861831697e-02 3.165413348311343217e-02 -2.421428193604350382e-02 9.990833710626140229e-01
1.520530325200818777e+09 -1.297715783119201660e+00 -5.836373567581176758e-01 -1.328343451023101807e-01 1.972285057450699070e-02 3.465076834896389096e-02 -1.833000926496939492e-02 9.990367081235745905e-01
1.520530325250819683e+09 -1.322251319885253906e+00 -5.746633410453796387e-01 -1.405577361583709717e-01 2.933897979935879211e-02 3.411304171444204392e-02 -8.750801818228170006e-03 9.989489216756078926e-01
1.520530325300821781e+09 -1.345684170722961426e+00 -5.638210177421569824e-01 -1.401831656694412231e-01 4.114392775846507228e-02 3.158200907436278099e-02 3.351759168400777859e-03 9.986483463271293992e-01
1.520530325350823879e+09 -1.367864251136779785e+00 -5.522970557212829590e-01 -1.307029724121093750e-01 5.055614408364576123e-02 2.990226543661167816e-02 1.516337088211125797e-02 9.981583055811554805e-01
1.520530325400824785e+09 -1.389794230461120605e+00 -5.400648713111877441e-01 -1.127252131700515747e-01 5.342611879662847313e-02 3.090360107401747894e-02 2.451446949983909773e-02 9.977923922621018127e-01
1.520530325450826883e+09 -1.409118533134460449e+00 -5.271932482719421387e-01 -8.750981092453002930e-02 5.140292439625866044e-02 3.324545042331865374e-02 3.374442696187800184e-02 9.975539048285448906e-01
1.520530325500827789e+09 -1.426414251327514648e+00 -5.127547383308410645e-01 -5.736048519611358643e-02 4.899486899894489600e-02 3.493768722188713566e-02 4.039720818827957638e-02 9.973700047594948881e-01
1.520530325550912857e+09 -1.442643165588378906e+00 -4.953082501888275146e-01 -2.469467744231224060e-02 4.598215969512860907e-02 3.351523457179367282e-02 4.318928370633411118e-02 9.974452645705944587e-01
1.520530325600914717e+09 -1.456647992134094238e+00 -4.743919670581817627e-01 8.920238353312015533e-03 4.160606493114318155e-02 2.829510349134970251e-02 4.201620449228907900e-02 9.978491674794449651e-01
1.520530325650917053e+09 -1.469836950302124023e+00 -4.510044753551483154e-01 4.110039025545120239e-02 3.534832089385668563e-02 2.355017236921425408e-02 3.898371979871562837e-02 9.983366942980812508e-01
1.520530325700917959e+09 -1.481348395347595215e+00 -4.243327081203460693e-01 7.044640928506851196e-02 2.769055335473997320e-02 1.713210860854082196e-02 3.682707904347286981e-02 9.987910143561861132e-01
1.520530325750918865e+09 -1.491432905197143555e+00 -3.940810561180114746e-01 9.505956619977951050e-02 1.917774544458975342e-02 1.187056360062927786e-02 3.346719863578382498e-02 9.991852933339937515e-01
1.520530325800920963e+09 -1.500349998474121094e+00 -3.610531091690063477e-01 1.134222969412803650e-01 1.231561346568131252e-02 7.694053036757477447e-03 3.144580696399598696e-02 9.993999641971249570e-01
1.520530325850921869e+09 -1.507515549659729004e+00 -3.262689709663391113e-01 1.231065019965171814e-01 9.287006668325560252e-03 4.966204726779421472e-03 2.789368893654398107e-02 9.995554163903398459e-01
1.520530325900923967e+09 -1.513672947883605957e+00 -2.906918525695800781e-01 1.242640689015388489e-01 9.767402059204578421e-03 4.149578156723147601e-03 2.097354091091520670e-02 9.997237065508617349e-01
1.520530325950541258e+09 -1.518314838409423828e+00 -2.552071511745452881e-01 1.174834817647933960e-01 1.157029701621106743e-02 2.256253753197323252e-03 1.348607952466733713e-02 9.998395687334103998e-01
1.520530326000543118e+09 -1.522034287452697754e+00 -2.197717577219009399e-01 1.048311740159988403e-01 1.437908793356429751e-02 1.519431021177060663e-03 8.155514541725514266e-03 9.998622008767660274e-01
1.520530326050549030e+09 -1.524486422538757324e+00 -1.843328028917312622e-01 8.720725774765014648e-02 1.952768652411834491e-02 1.855759393375381325e-03 2.320278873599606554e-03 9.998049019293906436e-01
1.520530326100546122e+09 -1.525264739990234375e+00 -1.483666300773620605e-01 6.637792289257049561e-02 2.704369128188139487e-02 5.766169899008472292e-04 -1.419386166400096955e-03 9.996330784931077851e-01
1.520530326150547981e+09 -1.524942636489868164e+00 -1.116540655493736267e-01 4.354979470372200012e-02 3.649271504750559170e-02 1.625369586544515637e-03 -4.507052530154691955e-03 9.993224336517515516e-01
1.520530326200549126e+09 -1.523811459541320801e+00 -7.525485008955001831e-02 1.991793885827064514e-02 4.732762441384392310e-02 3.935246089524090281e-03 -7.315752240196910991e-03 9.988448776335178136e-01
1.520530326250551224e+09 -1.522550225257873535e+00 -3.875392675399780273e-02 -3.612768370658159256e-03 5.748347788422902838e-02 8.110390764946084213e-03 -1.058160392961737806e-02 9.982574322238978448e-01
1.520530326300552368e+09 -1.520238041877746582e+00 -2.208867575973272324e-03 -2.609474398195743561e-02 6.642417513181828048e-02 7.992814178863744123e-03 -1.127192082270024598e-02 9.976957891464343087e-01
1.520530326350204468e+09 -1.518434524536132812e+00 3.478861972689628601e-02 -4.847327619791030884e-02 7.465086788837740905e-02 8.230377822390125275e-03 -1.160723422861928249e-02 9.971082092320644463e-01
1.520530326400205612e+09 -1.516969442367553711e+00 7.229384779930114746e-02 -7.018277794122695923e-02 8.150621664969492919e-02 1.021556390186578907e-02 -1.322275519474349660e-02 9.965327579395870661e-01
1.520530326450207472e+09 -1.516151666641235352e+00 1.092832908034324646e-01 -9.141357243061065674e-02 8.699677844641791336e-02 1.291677070439925523e-02 -1.482870981740504884e-02 9.960144712501248776e-01
1.520530326500208616e+09 -1.515484929084777832e+00 1.461354047060012817e-01 -1.124035567045211792e-01 9.142995762962273509e-02 1.638495626896245561e-02 -1.633497964028590710e-02 9.955426984796085232e-01
1.520530326550210714e+09 -1.514851570129394531e+00 1.812644004821777344e-01 -1.296340078115463257e-01 9.837211942053158964e-02 1.721663318011720442e-02 -1.797261375473063055e-02 9.948384284985563042e-01
1.520530326600212574e+09 -1.513736724853515625e+00 2.141156494617462158e-01 -1.428512185811996460e-01 1.106331823417005950e-01 1.644683932612369531e-02 -2.135264038617091034e-02 9.934957801569502811e-01
1.520530326650213718e+09 -1.511912703514099121e+00 2.437291890382766724e-01 -1.498815864324569702e-01 1.259306595181551303e-01 1.602952274295648891e-02 -2.733104142758671640e-02 9.915329230885068235e-01
1.520530326700215578e+09 -1.509377717971801758e+00 2.686074674129486084e-01 -1.516413092613220215e-01 1.378001281790648125e-01 1.936731872848594313e-02 -3.388650737759146825e-02 9.896907275795056025e-01
1.520530326750426531e+09 -1.505311727523803711e+00 2.877450287342071533e-01 -1.453427523374557495e-01 1.412196220160397142e-01 2.278106144817983528e-02 -3.889234493617517441e-02 9.889516808733915809e-01
1.520530326800428629e+09 -1.498747587203979492e+00 3.002844750881195068e-01 -1.296581625938415527e-01 1.360356222164662010e-01 2.421820554953037913e-02 -4.300661418261788466e-02 9.894737081624185304e-01
1.520530326850429535e+09 -1.488924264907836914e+00 3.058367073535919189e-01 -1.049316599965095520e-01 1.227388445676993733e-01 2.477641604029962030e-02 -4.411919108407798967e-02 9.911482241423180684e-01
1.520530326900431395e+09 -1.475086688995361328e+00 3.055728077888488770e-01 -7.341806590557098389e-02 1.035809988261702091e-01 2.875483269251226381e-02 -4.391314249065202818e-02 9.932350035090357077e-01
1.520530326950432539e+09 -1.456950426101684570e+00 3.012004494667053223e-01 -3.718860074877738953e-02 8.067418152844731127e-02 3.734357804440937428e-02 -4.260784132996854601e-02 9.951289893630657080e-01
1.520530327000434637e+09 -1.433230638504028320e+00 2.944708764553070068e-01 1.647116267122328281e-03 5.624971173934456559e-02 4.878162226781966593e-02 -3.998821979261383414e-02 9.964222325580547324e-01
1.520530327050437450e+09 -1.403409242630004883e+00 2.868296802043914795e-01 4.149642959237098694e-02 3.142694704580641790e-02 6.204666467543678426e-02 -3.606118947424503257e-02 9.969263508483144909e-01
1.520530327100437641e+09 -1.367286443710327148e+00 2.795712947845458984e-01 8.079465478658676147e-02 8.380454407985011081e-03 7.590457292601575368e-02 -2.977113227877769761e-02 9.966353111723836866e-01
1.520530327150430441e+09 -1.325194597244262695e+00 2.732390761375427246e-01 1.175259798765182495e-01 -1.013162698520157952e-02 8.571360721014818773e-02 -2.027912184390315981e-02 9.960618880827121213e-01
1.520530327200432777e+09 -1.277696967124938965e+00 2.679217457771301270e-01 1.497876793146133423e-01 -2.507702893519866971e-02 9.008959275747979722e-02 -9.265580729297078280e-03 9.955747872010036748e-01
1.520530327250434637e+09 -1.225957632064819336e+00 2.629029154777526855e-01 1.771063208580017090e-01 -3.601201370062422080e-02 8.900826542574712119e-02 1.364908201422100967e-03 9.953787221860468382e-01
1.520530327300435543e+09 -1.171937704086303711e+00 2.591943144798278809e-01 1.978455781936645508e-01 -4.244341538515480211e-02 8.256268184686589573e-02 1.536396831963950625e-02 9.955631112763115853e-01
1.520530327350436687e+09 -1.115554809570312500e+00 2.565627396106719971e-01 2.100296020507812500e-01 -4.156983201216823964e-02 7.439306998107528268e-02 3.328466359337272501e-02 9.958060812099648329e-01
1.520530327400438547e+09 -1.058544278144836426e+00 2.558161020278930664e-01 2.109679877758026123e-01 -3.204734490450839718e-02 6.974807092208447357e-02 5.001145021219695341e-02 9.957946721763940578e-01
1.520530327450440645e+09 -1.002593040466308594e+00 2.570576965808868408e-01 2.011729031801223755e-01 -1.893306722231554926e-02 6.794004186800921274e-02 6.919867590707513838e-02 9.951066439981375300e-01
1.520530327500441790e+09 -9.461007118225097656e-01 2.595922648906707764e-01 1.818051338195800781e-01 -7.891897949779423660e-03 6.836962618737607578e-02 9.398504980109968765e-02 9.931918860802445570e-01
1.520530327550090075e+09 -8.887816071510314941e-01 2.629555761814117432e-01 1.575336754322052002e-01 -8.570874181034812819e-04 6.897773463561394924e-02 1.232643849249878826e-01 9.899733475880858613e-01
1.520530327600091219e+09 -8.300073742866516113e-01 2.671275734901428223e-01 1.311178356409072876e-01 5.670848681460068097e-03 6.805018231487569569e-02 1.555446958590766260e-01 9.854658095298138853e-01
1.520530327650103092e+09 -7.707068324089050293e-01 2.732030153274536133e-01 1.031309738755226135e-01 1.863962819761121048e-02 6.936968994575766490e-02 1.892558968198330138e-01 9.792970008615390354e-01
1.520530327700094223e+09 -7.121275663375854492e-01 2.807335853576660156e-01 7.701121270656585693e-02 4.047099681241709407e-02 7.131904024964332012e-02 2.282239239321163515e-01 9.701492325719310861e-01
1.520530327750096321e+09 -6.544747352600097656e-01 2.888318300247192383e-01 5.518779158592224121e-02 6.340614736614759439e-02 6.799169662343126919e-02 2.740701748132675641e-01 9.572054789564645727e-01
1.520530327800097227e+09 -5.965108275413513184e-01 2.955403029918670654e-01 4.010114446282386780e-02 8.029579368197070632e-02 6.152908874226529351e-02 3.201906679857783322e-01 9.419366713799554036e-01
1.520530327850099325e+09 -5.413751602172851562e-01 2.988695502281188965e-01 3.368671610951423645e-02 8.473767169044783831e-02 5.142603710740493994e-02 3.600887285464143828e-01 9.276373199034935180e-01
1.520530327900100231e+09 -4.888125658035278320e-01 2.965203225612640381e-01 3.685356676578521729e-02 7.704231344367007406e-02 3.774222830238980336e-02 3.902413052991863807e-01 9.167070032351692932e-01
1.520530327950102091e+09 -4.410890340805053711e-01 2.893159985542297363e-01 4.964600875973701477e-02 6.277516497954815922e-02 1.782887432888274545e-02 4.154198476793763417e-01 9.072859307054195188e-01
1.520530328000279903e+09 -3.980836868286132812e-01 2.773973047733306885e-01 7.001658529043197632e-02 4.752399282728572011e-02 -6.574125798415135329e-03 4.415939043386573060e-01 8.959314006254494034e-01
1.520530328050281763e+09 -3.606055974960327148e-01 2.630209326744079590e-01 9.374127537012100220e-02 3.113057119770714157e-02 -2.983552997066541562e-02 4.687078654806049460e-01 8.823002128101801178e-01
1.520530328100282669e+09 -3.280579447746276855e-01 2.458034455776214600e-01 1.182910427451133728e-01 1.467128518764524575e-02 -4.705349956966633357e-02 4.885609298410996115e-01 8.711365790747110927e-01
1.520530328150285006e+09 -2.995523810386657715e-01 2.263860702514648438e-01 1.429690122604370117e-01 1.255825328314864354e-03 -6.083145607149681444e-02 5.011531910018998115e-01 8.632169113285371731e-01
1.520530328200286865e+09 -2.765364050865173340e-01 2.062543183565139771e-01 1.648807674646377563e-01 -9.621038690645612040e-03 -6.750362871336354487e-02 5.012820184702181381e-01 8.625932028966291076e-01
1.520530328250287771e+09 -2.582063078880310059e-01 1.835687756538391113e-01 1.840558499097824097e-01 -1.536608665770536862e-02 -6.912941450275347788e-02 4.868909393672568031e-01 8.705872848792387542e-01
1.520530328300289869e+09 -2.446609139442443848e-01 1.586744636297225952e-01 1.996926814317703247e-01 -1.706588279308736064e-02 -6.781094565106450534e-02 4.576197594175253625e-01 8.863941488328130891e-01
1.520530328350290775e+09 -2.351375520229339600e-01 1.303225010633468628e-01 2.119149416685104370e-01 -1.324260401130822329e-02 -6.679373603547901495e-02 4.178273610653627235e-01 9.059710407129896170e-01
1.520530328400336742e+09 -2.298014014959335327e-01 1.008900925517082214e-01 2.195109874010086060e-01 -7.709104664218268538e-03 -6.443184694795102418e-02 3.686785148017592828e-01 9.272891995099052931e-01
1.520530328450337648e+09 -2.291489094495773315e-01 7.131478190422058105e-02 2.227981537580490112e-01 -4.288092196068573995e-03 -6.048459103190263059e-02 3.104964153581415420e-01 9.486386048241796098e-01
1.520530328500339746e+09 -2.317171692848205566e-01 4.206892102956771851e-02 2.225668579339981079e-01 -7.305223772155223019e-03 -5.847995577536590356e-02 2.492299611708563845e-01 9.666494478004542534e-01
1.520530328550341845e+09 -2.359857708215713501e-01 1.376238279044628143e-02 2.202150821685791016e-01 -1.881594788883778416e-02 -5.482849162219211037e-02 1.865602005710349787e-01 9.807319145283153183e-01
1.520530328600343704e+09 -2.417889833450317383e-01 -1.263068802654743195e-02 2.171472012996673584e-01 -3.321121915357836546e-02 -4.684233538211005077e-02 1.228913035385814784e-01 9.907575576561962194e-01
1.520530328650345564e+09 -2.488707005977630615e-01 -3.616821393370628357e-02 2.136392593383789062e-01 -4.398188875101556594e-02 -3.556609334267957917e-02 5.952937579642219451e-02 9.966227470229250818e-01
1.520530328700346708e+09 -2.551809549331665039e-01 -5.745697021484375000e-02 2.097606807947158813e-01 -4.804264421862124851e-02 -2.130782456882827913e-02 -8.311214631363626889e-04 9.986176396327777205e-01
1.520530328750347614e+09 -2.604745030403137207e-01 -7.768233120441436768e-02 2.062461972236633301e-01 -4.601457139958969877e-02 -5.584698390258093989e-03 -5.196942160252897291e-02 9.975723781165456439e-01
1.520530328800086260e+09 -2.638043165206909180e-01 -9.747503697872161865e-02 2.041560560464859009e-01 -4.082611033299481107e-02 1.158207141093967919e-02 -8.708393956427069871e-02 9.952966752716881915e-01
1.520530328850087166e+09 -2.643920183181762695e-01 -1.165621280670166016e-01 2.037211358547210693e-01 -3.606908388102399166e-02 2.794001245429423783e-02 -1.021926400840248161e-01 9.937177875054339360e-01
1.520530328900089264e+09 -2.611473202705383301e-01 -1.364401578903198242e-01 2.072529345750808716e-01 -3.344220038669257211e-02 3.919481185015428332e-02 -9.645567093473475517e-02 9.940028619183436387e-01
1.520530328950091362e+09 -2.534884810447692871e-01 -1.557007282972335815e-01 2.124173939228057861e-01 -3.189885200308276852e-02 4.285250173233089155e-02 -7.392942804690232073e-02 9.958315952031365770e-01
1.520530329000092268e+09 -2.423565238714218140e-01 -1.726591438055038452e-01 2.182796597480773926e-01 -3.118907422359368589e-02 4.314066140625202189e-02 -3.906716108370788393e-02 9.978175594302627349e-01
1.520530329050093174e+09 -2.289623320102691650e-01 -1.874049752950668335e-01 2.239631563425064087e-01 -3.163425127128587783e-02 4.364020950411075933e-02 6.364562181369025091e-04 9.985461437432046061e-01
1.520530329100095272e+09 -2.136387526988983154e-01 -1.992098540067672729e-01 2.289735972881317139e-01 -3.191055891675620426e-02 4.220648576105295174e-02 4.424161171663835990e-02 9.976186689221672177e-01
1.520530329150097132e+09 -1.966983824968338013e-01 -2.079986333847045898e-01 2.327861338853836060e-01 -2.986175266494707492e-02 3.928400425943753133e-02 8.821466972972122345e-02 9.948784924711149280e-01
1.520530329200044394e+09 -1.786996424198150635e-01 -2.143560498952865601e-01 2.346274256706237793e-01 -2.726992562893785707e-02 3.171647834378219649e-02 1.357779842562275852e-01 9.898559264605008012e-01
1.520530329250095129e+09 -1.598098427057266235e-01 -2.183317095041275024e-01 2.354095578193664551e-01 -2.669952795595994383e-02 2.157353412050223504e-02 1.853207935957318642e-01 9.820783682036421380e-01
1.520530329300047159e+09 -1.405286341905593872e-01 -2.200634926557540894e-01 2.347913980484008789e-01 -2.950015730373993159e-02 5.307199683238167723e-03 2.356071823370159135e-01 9.713860355089468657e-01
1.520530329350049257e+09 -1.206316500902175903e-01 -2.203540802001953125e-01 2.331086993217468262e-01 -3.453629261065318395e-02 -1.305736431529205821e-02 2.820234431085403282e-01 9.586967858854295033e-01
1.520530329400050163e+09 -1.010042130947113037e-01 -2.177615314722061157e-01 2.312591224908828735e-01 -3.657316814084855816e-02 -3.464989387883506827e-02 3.159905097673308960e-01 9.474237626127545164e-01
1.520530329450052261e+09 -8.267910778522491455e-02 -2.151240110397338867e-01 2.297424823045730591e-01 -3.477004957281552844e-02 -5.737907880988954434e-02 3.332675139443224133e-01 9.404421561781476369e-01
1.520530329500053406e+09 -6.628853082656860352e-02 -2.141116708517074585e-01 2.291926741600036621e-01 -2.931040024809195010e-02 -8.262370910750010955e-02 3.316468153492283522e-01 9.393213576829447797e-01
1.520530329550055265e+09 -5.363979935646057129e-02 -2.144910395145416260e-01 2.292635589838027954e-01 -2.139418525829842738e-02 -1.097592985688909673e-01 3.106234602378513676e-01 9.439323339968086479e-01
1.520530329600096941e+09 -4.597705602645874023e-02 -2.170346230268478394e-01 2.294950932264328003e-01 -1.103861657856356100e-02 -1.427173799576761382e-01 2.761230240500189836e-01 9.504030587027382238e-01
1.520530329650099039e+09 -4.287959635257720947e-02 -2.195133119821548462e-01 2.293604761362075806e-01 -1.898286355852430753e-03 -1.804462928763237994e-01 2.368237024983949057e-01 9.546465659242978630e-01
1.520530329700099945e+09 -4.496312141418457031e-02 -2.207855731248855591e-01 2.284187674522399902e-01 3.737948820126461586e-03 -2.181274733269251975e-01 1.936354927518168789e-01 9.565101824159484289e-01
1.520530329750102043e+09 -5.218197777867317200e-02 -2.218435257673263550e-01 2.269527763128280640e-01 6.470838462206781119e-03 -2.540449278222454144e-01 1.479464789171006101e-01 9.557882308719950482e-01
1.520530329800104141e+09 -6.483224779367446899e-02 -2.220461368560791016e-01 2.234850972890853882e-01 7.599089499039650593e-03 -2.823199532708302040e-01 1.006499419770737341e-01 9.539954334292978233e-01
1.520530329850104809e+09 -8.260678499937057495e-02 -2.215545624494552612e-01 2.174251228570938110e-01 1.269846684463720246e-02 -3.024278272420294345e-01 5.478763933469221054e-02 9.515116777137274662e-01
1.520530329900107145e+09 -1.051337793469429016e-01 -2.203894406557083130e-01 2.078160792589187622e-01 2.711833446906240785e-02 -3.124441876976716825e-01 9.336620832533306519e-03 9.495030558249909491e-01
1.520530329950109005e+09 -1.314337849617004395e-01 -2.179868370294570923e-01 1.943455785512924194e-01 4.859492808935329117e-02 -3.182180744065243871e-01 -3.181546476154540476e-02 9.462365276647277668e-01
1.520530330000109911e+09 -1.610990613698959351e-01 -2.149465978145599365e-01 1.782417595386505127e-01 7.118953048732885869e-02 -3.156776110855372686e-01 -6.794027301103053307e-02 9.437498693570816055e-01
1.520530330050161600e+09 -1.947134137153625488e-01 -2.113651931285858154e-01 1.622914075851440430e-01 8.899120638672734784e-02 -2.981250765637687428e-01 -1.027331312084477921e-01 9.448004591773808691e-01
1.520530330100162506e+09 -2.314230054616928101e-01 -2.062368541955947876e-01 1.473453193902969360e-01 1.022735540469875554e-01 -2.660846125531668438e-01 -1.342734849231650152e-01 9.490572850737818422e-01
1.520530330150164604e+09 -2.706966102123260498e-01 -1.995477527379989624e-01 1.348746716976165771e-01 1.091196156279618107e-01 -2.236867977241878691e-01 -1.661829488888353079e-01 9.541699814538889823e-01
1.520530330200165510e+09 -3.107277750968933105e-01 -1.919357478618621826e-01 1.260474026203155518e-01 1.059656444209513965e-01 -1.792096076670472160e-01 -1.957934217649524022e-01 9.582902142440186122e-01
1.520530330250167370e+09 -3.503268659114837646e-01 -1.833603382110595703e-01 1.221007481217384338e-01 9.388360322876974917e-02 -1.313645086482682633e-01 -2.226354913011305281e-01 9.614378154230704965e-01
1.520530330300169468e+09 -3.880535364151000977e-01 -1.748614460229873657e-01 1.235424652695655823e-01 7.750911742028146478e-02 -7.386167091431433684e-02 -2.479899588702299540e-01 9.628280067519930929e-01
1.520530330350170374e+09 -4.222287237644195557e-01 -1.664644032716751099e-01 1.292517483234405518e-01 5.874295182768934920e-02 -7.487827475112479592e-03 -2.663957784885629954e-01 9.620428718377083133e-01
1.520530330400172472e+09 -4.509769082069396973e-01 -1.585005670785903931e-01 1.383659094572067261e-01 4.081579843588108159e-02 6.299753179574378581e-02 -2.737038597960691488e-01 9.588803776897405484e-01
1.520530330450787306e+09 -4.738946855068206787e-01 -1.519707590341567993e-01 1.493025422096252441e-01 2.746316141807730177e-02 1.301656322747516692e-01 -2.657582970808153866e-01 9.548168465586180931e-01
1.520530330500788212e+09 -4.884011745452880859e-01 -1.464076936244964600e-01 1.609555780887603760e-01 2.299142602206027605e-02 1.894166298563607909e-01 -2.440463574199452368e-01 9.508070835313475744e-01
1.520530330550790548e+09 -4.938507080078125000e-01 -1.416798979043960571e-01 1.713689416646957397e-01 2.648901518966478158e-02 2.373553173539545147e-01 -2.117525747873006126e-01 9.476927943532301724e-01
1.520530330600792408e+09 -4.904409646987915039e-01 -1.378562748432159424e-01 1.792656183242797852e-01 3.330125635558685987e-02 2.773360887922838858e-01 -1.687155055687740712e-01 9.452570012220015139e-01
1.520530330650793314e+09 -4.784635603427886963e-01 -1.347830444574356079e-01 1.833073347806930542e-01 3.870150735382660301e-02 3.099061183392268770e-01 -1.153805752376289018e-01 9.429462943361561766e-01
1.520530330700795412e+09 -4.578912854194641113e-01 -1.312962174415588379e-01 1.841014027595520020e-01 4.167379918030512248e-02 3.381304525157587948e-01 -5.542263780061027628e-02 9.385411140501997984e-01
1.520530330750797510e+09 -4.285764992237091064e-01 -1.255729794502258301e-01 1.810877472162246704e-01 4.591059283857887308e-02 3.546306468986782923e-01 6.204777358878282856e-03 9.338580312249619153e-01
1.520530330800798416e+09 -3.936173319816589355e-01 -1.183105781674385071e-01 1.732556968927383423e-01 5.415701513330304501e-02 3.611992610725127117e-01 6.695354754257314134e-02 9.285038147385213936e-01
1.520530330850366831e+09 -3.552852571010589600e-01 -1.081674620509147644e-01 1.614466011524200439e-01 6.476371207452352730e-02 3.583841925807114692e-01 1.227391485664306170e-01 9.232017837481617528e-01
1.520530330900276899e+09 -3.143492341041564941e-01 -9.468853473663330078e-02 1.474145352840423584e-01 7.882896391962011806e-02 3.438890989705256640e-01 1.772083992984892220e-01 9.187619198000461784e-01
1.520530330950278759e+09 -2.730096578598022461e-01 -7.906976342201232910e-02 1.316260844469070435e-01 9.580425898520349148e-02 3.194441788819840644e-01 2.272972757938842847e-01 9.149387460127536009e-01
1.520530331000279903e+09 -2.312498539686203003e-01 -6.212976574897766113e-02 1.158964186906814575e-01 1.114301973659303779e-01 2.908421143436838441e-01 2.702226326505487441e-01 9.110290360040627089e-01
1.520530331050281763e+09 -1.895630359649658203e-01 -4.643272981047630310e-02 1.021564453840255737e-01 1.236296307920976417e-01 2.623810793173494416e-01 3.038276462947110956e-01 9.075024214587463778e-01
1.520530331100282907e+09 -1.484174132347106934e-01 -3.231332823634147644e-02 9.318931400775909424e-02 1.347606052560828827e-01 2.304647002145659429e-01 3.289104747618858404e-01 9.058385622272521198e-01
1.520530331150285006e+09 -1.096962839365005493e-01 -2.029042877256870270e-02 9.098305553197860718e-02 1.463502986084508906e-01 1.920801457008421143e-01 3.482918244579614186e-01 9.057480956317297549e-01
1.520530331200285673e+09 -7.401725649833679199e-02 -1.007349416613578796e-02 9.483055770397186279e-02 1.568018095989524296e-01 1.474278175273720237e-01 3.628253998716873263e-01 9.066619879169746099e-01
1.520530331250735521e+09 -4.276454076170921326e-02 -2.699719043448567390e-03 1.039548143744468689e-01 1.613746952049796013e-01 9.798790942943901017e-02 3.706484301040188778e-01 9.093823830570803013e-01
1.520530331300736427e+09 -1.647795177996158600e-02 2.451574429869651794e-03 1.165185272693634033e-01 1.574982394812947384e-01 4.475295888080545875e-02 3.703713095758862650e-01 9.143394174346574088e-01
1.520530331350738525e+09 1.456559635698795319e-03 2.647052751854062080e-03 1.342073678970336914e-01 1.438516869604679893e-01 -1.234631616044616978e-02 3.608095680956286411e-01 9.213960691290904448e-01
1.520530331400740385e+09 1.128987222909927368e-02 -1.748201437294483185e-03 1.547246128320693970e-01 1.238999772585161890e-01 -7.319207246048976823e-02 3.416398650025003758e-01 9.287485767447241081e-01
1.520530331450741291e+09 1.237644068896770477e-02 -8.995557203888893127e-03 1.754708141088485718e-01 1.009164157824969377e-01 -1.358282470225050942e-01 3.122964579036049959e-01 9.347927506764638350e-01
1.520530331500743628e+09 5.480790976434946060e-03 -1.860901899635791779e-02 1.945476382970809937e-01 7.796702201950073130e-02 -1.977428113655059494e-01 2.748173358238873432e-01 9.377069670005322433e-01
1.520530331550744534e+09 -7.795312907546758652e-03 -2.964802086353302002e-02 2.093018144369125366e-01 5.903150964566285935e-02 -2.517602914244173595e-01 2.281793540222267491e-01 9.386512765286402216e-01
1.520530331600746393e+09 -2.738446369767189026e-02 -4.093391820788383484e-02 2.182058244943618774e-01 4.661386510330360611e-02 -2.942658459355608769e-01 1.730630278149671852e-01 9.387672490556302485e-01
1.520530331650479317e+09 -5.224866792559623718e-02 -5.212143063545227051e-02 2.203253209590911865e-01 4.049264305238389067e-02 -3.230589062611159412e-01 1.146576638891780575e-01 9.385344474527719250e-01
1.520530331700481176e+09 -8.167906105518341064e-02 -6.207210943102836609e-02 2.154791504144668579e-01 3.821704504855451962e-02 -3.424695403670819926e-01 5.672641051266746892e-02 9.370358508290197452e-01
1.520530331750483036e+09 -1.153925135731697083e-01 -7.029398530721664429e-02 2.040215432643890381e-01 3.810889559108009139e-02 -3.515115597783289858e-01 1.917311121092834430e-04 9.354075575160888389e-01
1.520530331800484180e+09 -1.523112058639526367e-01 -7.700961083173751831e-02 1.873814016580581665e-01 3.946355841951918603e-02 -3.503237433119428812e-01 -5.370024981759022320e-02 9.342548825659436895e-01
1.520530331850486040e+09 -1.917863339185714722e-01 -8.040174096822738647e-02 1.676702946424484253e-01 4.179135902118887025e-02 -3.350593303041862203e-01 -1.061380012707766746e-01 9.352665139806497496e-01
1.520530331900488138e+09 -2.325715124607086182e-01 -8.015858381986618042e-02 1.468918025493621826e-01 4.450323413474595313e-02 -3.087546851651776780e-01 -1.543043716026458179e-01 9.374860892004812651e-01
1.520530331950489283e+09 -2.737349867820739746e-01 -7.656014710664749146e-02 1.278678476810455322e-01 4.768973050522691548e-02 -2.775541447411596918e-01 -1.958655199820805992e-01 9.393221409205104733e-01
1.520530332000491142e+09 -3.139837682247161865e-01 -6.976799666881561279e-02 1.117710024118423462e-01 5.156995651906914196e-02 -2.431522422625325419e-01 -2.315153147117353372e-01 9.405414322193627052e-01
1.520530332050387383e+09 -3.516249954700469971e-01 -6.123299524188041687e-02 1.012638658285140991e-01 5.662513692308473318e-02 -2.048704252159225803e-01 -2.630275988947877175e-01 9.410835164638319261e-01
1.520530332100388527e+09 -3.860495090484619141e-01 -5.126547068357467651e-02 9.652823954820632935e-02 6.005210371421004778e-02 -1.638192416998018042e-01 -2.907413333826336377e-01 9.407584588784135837e-01
1.520530332150390387e+09 -4.169675707817077637e-01 -4.132580012083053589e-02 9.839556366205215454e-02 5.956660832217968576e-02 -1.209608961808247007e-01 -3.154626423054645579e-01 9.393101735197901814e-01
1.520530332200392246e+09 -4.428572058677673340e-01 -3.202603012323379517e-02 1.075809299945831299e-01 5.394685517507028655e-02 -7.295114380110544194e-02 -3.356526715255999105e-01 9.376060748163688174e-01
1.520530332250393391e+09 -4.626114666461944580e-01 -2.392231859266757965e-02 1.226692497730255127e-01 4.388802428126870742e-02 -1.823244028327729652e-02 -3.455746416407785571e-01 9.371870605705410195e-01
1.520530332300399542e+09 -4.735945761203765869e-01 -1.826263032853603363e-02 1.430819630622863770e-01 2.859423523635436920e-02 4.015392960117772359e-02 -3.434507656505155215e-01 9.378761129397136243e-01
1.520530332350396395e+09 -4.747892022132873535e-01 -1.470099948346614838e-02 1.669016182422637939e-01 9.686518247485934388e-03 9.254373406497200250e-02 -3.295749055384616377e-01 9.395329745617589934e-01
1.520530332400401592e+09 -4.649070799350738525e-01 -1.421303302049636841e-02 1.918105930089950562e-01 -8.172409853961363699e-03 1.429328649409982444e-01 -3.078103403037149022e-01 9.406148001382119705e-01
1.520530332450399399e+09 -4.485257565975189209e-01 -1.571920700371265411e-02 2.144249677658081055e-01 -2.329183392921600065e-02 1.921155914149435817e-01 -2.801881832237430037e-01 9.402359661219510389e-01
1.520530332500482559e+09 -4.254277050495147705e-01 -1.942995376884937286e-02 2.326810806989669800e-01 -3.713021051835514036e-02 2.367400078034691546e-01 -2.432837037247982392e-01 9.398875228845315899e-01
1.520530332550483465e+09 -3.965617418289184570e-01 -2.422330901026725769e-02 2.453310042619705200e-01 -5.055746210367192961e-02 2.768090839761372934e-01 -1.988068134227289896e-01 9.387739477587921932e-01
1.520530332600485802e+09 -3.624663054943084717e-01 -3.006582520902156830e-02 2.511023283004760742e-01 -5.850756201744850699e-02 3.082327366016501813e-01 -1.463862572691557451e-01 9.381580405009386503e-01
1.520530332650487661e+09 -3.253739476203918457e-01 -3.578763455152511597e-02 2.489124089479446411e-01 -5.824336810001332770e-02 3.346292476541631866e-01 -9.232580115482701133e-02 9.360058349860296278e-01
1.520530332700488567e+09 -2.863437235355377197e-01 -4.152724519371986389e-02 2.385484576225280762e-01 -5.198838174016007924e-02 3.555551204133901022e-01 -3.919962501216767148e-02 9.323846598431169141e-01
1.520530332750490665e+09 -2.473136037588119507e-01 -4.454439878463745117e-02 2.212061136960983276e-01 -4.150348124433542868e-02 3.676356346644309991e-01 9.533489048891254786e-03 9.289944099702843738e-01
1.520530332800491571e+09 -2.081944644451141357e-01 -4.458671435713768005e-02 1.992316246032714844e-01 -2.748632038701269778e-02 3.654634976581010997e-01 5.679488873864620840e-02 9.286847014376053977e-01
1.520530332850493431e+09 -1.687500774860382080e-01 -4.169656336307525635e-02 1.737544387578964233e-01 -1.146675027539254162e-02 3.536910527734899445e-01 1.025303027053581645e-01 9.296551456606099162e-01
1.520530332900163889e+09 -1.305788755416870117e-01 -3.654259815812110901e-02 1.474408656358718872e-01 6.254681367987899483e-03 3.347875813010626200e-01 1.463861799276231224e-01 9.308325524463393341e-01
1.520530332950166225e+09 -9.341231733560562134e-02 -2.860594540834426880e-02 1.222489923238754272e-01 2.734543111371666793e-02 3.116823933440264205e-01 1.882381678386553792e-01 9.309525794825914691e-01
1.520530333000168085e+09 -5.805359035730361938e-02 -1.819322258234024048e-02 1.008263081312179565e-01 5.287942767111344922e-02 2.834272738557561122e-01 2.295359269344652842e-01 9.296160523625899286e-01
1.520530333050168991e+09 -2.518981508910655975e-02 -5.963596981018781662e-03 8.521324396133422852e-02 7.714513720964799592e-02 2.537489298778882740e-01 2.697959590813272523e-01 9.256728627620656180e-01
1.520530333100171089e+09 2.702338621020317078e-03 5.883814767003059387e-03 7.776907086372375488e-02 9.462398787217483898e-02 2.248523921334734388e-01 3.107738413266417643e-01 9.186442849210484374e-01
1.520530333150172949e+09 2.580768801271915436e-02 1.746671088039875031e-02 7.923628389835357666e-02 1.037111006934453294e-01 1.954445741128272573e-01 3.543561519687340455e-01 9.085577271724242232e-01
1.520530333200173855e+09 4.456970468163490295e-02 2.853135205805301666e-02 8.844937384128570557e-02 1.050837317972702634e-01 1.650971142821193727e-01 3.951363786364124331e-01 8.975341745278437866e-01
1.520530333250174999e+09 5.743208900094032288e-02 3.786332905292510986e-02 1.048566997051239014e-01 1.017745738125285793e-01 1.291885084127727679e-01 4.351108691030212694e-01 8.852292341578957835e-01
1.520530333300608158e+09 6.471082568168640137e-02 4.528280720114707947e-02 1.261089146137237549e-01 9.432938238062954506e-02 9.028552035287165656e-02 4.719197819537128136e-01 8.719186956563440560e-01
1.520530333350610018e+09 6.660355627536773682e-02 5.128493532538414001e-02 1.496702581644058228e-01 8.531597391706143008e-02 4.990163461203208500e-02 5.076068276814483804e-01 8.559008820820357410e-01
1.520530333400611877e+09 6.280658394098281860e-02 5.525267496705055237e-02 1.737207472324371338e-01 7.512787771871067000e-02 1.213648549606331437e-02 5.408005148869203804e-01 8.377012061632286288e-01
1.520530333450613022e+09 5.588322132825851440e-02 5.815702676773071289e-02 1.951086670160293579e-01 6.621248458387626878e-02 -2.056218181863913794e-02 5.696117439642413016e-01 8.189844715878944470e-01
1.520530333500615120e+09 4.688328877091407776e-02 5.886008962988853455e-02 2.128665298223495483e-01 5.790459595151737499e-02 -4.358806726710874602e-02 5.881345723851452156e-01 8.055090706658442068e-01
1.520530333550615788e+09 3.660998120903968811e-02 5.666391551494598389e-02 2.273814678192138672e-01 5.106633506810022427e-02 -5.822548244848227417e-02 5.911045644746328875e-01 8.028682435329027589e-01
1.520530333600618124e+09 2.513827383518218994e-02 5.144308879971504211e-02 2.389106601476669312e-01 4.849119112381276853e-02 -6.790902689615437027e-02 5.754911458027417437e-01 8.135397406101676498e-01
1.520530333650619030e+09 1.051215734332799911e-02 4.142169654369354248e-02 2.480884045362472534e-01 4.817739872760840730e-02 -7.340538499661725114e-02 5.380680559542644348e-01 8.383157846938932289e-01
1.520530333700541496e+09 -7.421859074383974075e-03 2.847502753138542175e-02 2.555409967899322510e-01 4.564549577145469300e-02 -7.868416268158176519e-02 4.892103759143320851e-01 8.674090726736921608e-01
1.520530333750542402e+09 -2.886326983571052551e-02 1.445466931909322739e-02 2.628205418586730957e-01 3.431685938826593146e-02 -8.493441157408841702e-02 4.322199428847587899e-01 8.971033496008056218e-01
1.520530333800544262e+09 -5.248758196830749512e-02 4.129056469537317753e-04 2.702003121376037598e-01 1.013944729543353289e-02 -8.648346073245542776e-02 3.625225898725314422e-01 9.278982565240617708e-01
1.520530333850545406e+09 -7.836824655532836914e-02 -1.057965401560068130e-02 2.774534523487091064e-01 -2.597864110742865648e-02 -8.505141578883523845e-02 2.882820016848098299e-01 9.534069720655107272e-01
1.520530333900547504e+09 -1.049904152750968933e-01 -1.972810178995132446e-02 2.846365571022033691e-01 -6.805150481620771130e-02 -7.698732077943086505e-02 2.100421043869996895e-01 9.722778715553159756e-01
1.520530333950549364e+09 -1.309791803359985352e-01 -2.433352544903755188e-02 2.932909727096557617e-01 -1.113463515781021040e-01 -5.722666647733684608e-02 1.286441328063727407e-01 9.837569749326474655e-01
1.520530334000561476e+09 -1.535839438438415527e-01 -2.618396840989589691e-02 3.018819689750671387e-01 -1.486237139705115229e-01 -3.248491755611816745e-02 5.648724885316705469e-02 9.867446034785211095e-01
1.520530334050551414e+09 -1.720889806747436523e-01 -2.638057991862297058e-02 3.117760121822357178e-01 -1.783458971853644770e-01 -1.371569974121443145e-02 6.230699600266906626e-03 9.838525290511010990e-01
1.520530334100215912e+09 -1.947339922189712524e-01 -2.520656771957874298e-02 3.249118030071258545e-01 -2.021451039369489833e-01 -5.734405179510449618e-03 -1.951783234312587031e-02 9.791442834292518604e-01
1.520530334150218010e+09 -2.054223567247390747e-01 -2.293330244719982147e-02 3.367650210857391357e-01 -2.203043173159939805e-01 -4.258672088272896609e-03 -2.803033303448171712e-02 9.750190623336316698e-01
1.520530334200218916e+09 -2.111438661813735962e-01 -2.306729182600975037e-02 3.493428230285644531e-01 -2.266079943272590047e-01 -8.008613694090302090e-03 -2.471253683962629927e-02 9.736395480549389081e-01
1.520530334250220776e+09 -2.173478603363037109e-01 -2.449945732951164246e-02 3.603789806365966797e-01 -2.021676953444350722e-01 -1.173528602048708180e-02 -1.397487363358982347e-02 9.791808867252579374e-01
1.520530334300222158e+09 -2.202407419681549072e-01 -2.605564706027507782e-02 3.606043159961700439e-01 -1.459801229457979299e-01 -1.159889251476644775e-02 -1.137607174394296644e-03 9.892188712550307184e-01
1.520530334350224018e+09 -2.208649218082427979e-01 -2.751749195158481598e-02 3.534936904907226562e-01 -8.067479092853509226e-02 -1.006820904563221659e-02 1.284120807892263037e-02 9.966068997605447288e-01
1.520530334400225163e+09 -2.191048115491867065e-01 -2.922651171684265137e-02 3.418060839176177979e-01 -2.187298760540473674e-02 -9.461697964300883751e-03 2.518302346430584260e-02 9.993987512569957321e-01
1.520530334450227022e+09 -2.166089862585067749e-01 -3.063872642815113068e-02 3.265430331230163574e-01 2.948157933970926153e-02 -7.674579192303385838e-03 3.491616265853791923e-02 9.989258225209016739e-01
1.520530334500227928e+09 -2.138110250234603882e-01 -3.165842965245246887e-02 3.105008900165557861e-01 7.791513804320170100e-02 -6.973309778009328420e-03 4.293488258515703454e-02 9.960106425494897886e-01
1.520530334550085783e+09 -2.117812484502792358e-01 -3.310712426900863647e-02 2.945915162563323975e-01 1.223411371548109999e-01 -6.049211775751371645e-03 4.844747622358879652e-02 9.912864849497973196e-01
1.520530334600087881e+09 -2.097894847393035889e-01 -3.407799825072288513e-02 2.772733271121978760e-01 1.642522473747407286e-01 -3.763001785902282681e-03 5.225315562410964149e-02 9.850262162893070883e-01
1.520530334650088787e+09 -2.087400704622268677e-01 -3.404139354825019836e-02 2.602915465831756592e-01 2.059723018662982519e-01 -4.236080611294894510e-04 5.580125423615475699e-02 9.769654300157101234e-01
1.520530334700090647e+09 -2.083910405635833740e-01 -3.330326452851295471e-02 2.431860119104385376e-01 2.489007629073040628e-01 1.858954605618674469e-03 5.987351934732970671e-02 9.666747727094676668e-01
1.520530334750091791e+09 -2.090434134006500244e-01 -3.254046663641929626e-02 2.265809327363967896e-01 2.917666824547700544e-01 2.593635630484218170e-03 6.320151238834230412e-02 9.543956437952657579e-01
1.520530334800093889e+09 -2.116777449846267700e-01 -3.193054348230361938e-02 2.100701630115509033e-01 3.352097373628489807e-01 2.035199544763631029e-03 6.550504626782983897e-02 9.398613615067875626e-01
1.520530334850094795e+09 -2.152431160211563110e-01 -2.990216761827468872e-02 1.943176984786987305e-01 3.778444795364880870e-01 -3.359238615429669208e-04 6.648950444414147842e-02 9.234785228892613551e-01
1.520530334900096893e+09 -2.195234298706054688e-01 -2.712699398398399353e-02 1.799211502075195312e-01 4.141049120805815886e-01 -2.060805231368859156e-03 6.524826639437518450e-02 9.078852012259374105e-01
1.520530334950927734e+09 -2.236465215682983398e-01 -2.505527995526790619e-02 1.685383021831512451e-01 4.324769122078255812e-01 -4.563959511312143912e-03 6.284854189602799568e-02 8.994403545885113482e-01
1.520530335000928640e+09 -2.273800969123840332e-01 -2.445622719824314117e-02 1.632040888071060181e-01 4.243765164437927617e-01 -7.875964025286792680e-03 5.975579827570428465e-02 9.034776068360174106e-01
1.520530335050930738e+09 -2.311194688081741333e-01 -2.631988190114498138e-02 1.650596559047698975e-01 3.933586673449471216e-01 -1.126130361480075052e-02 5.615270363556803396e-02 9.175995944527868264e-01
1.520530335100932598e+09 -2.345315515995025635e-01 -2.992399781942367554e-02 1.734756380319595337e-01 3.481308135676581816e-01 -1.429256575207245999e-02 5.130657799250376572e-02 9.359317786375468406e-01
1.520530335150933504e+09 -2.380677461624145508e-01 -3.372894227504730225e-02 1.866643130779266357e-01 2.945752387701418007e-01 -1.529531059593458586e-02 4.491519100307266033e-02 9.544496360701517634e-01
1.520530335200935841e+09 -2.413764894008636475e-01 -3.664514794945716858e-02 2.011556625366210938e-01 2.372314527467430934e-01 -1.566863177260872583e-02 3.768902106011865621e-02 9.705953170593674129e-01
1.520530335250936747e+09 -2.443096190690994263e-01 -3.831779956817626953e-02 2.165816873311996460e-01 1.778714340132888372e-01 -1.679231953872992178e-02 3.186707537693422160e-02 9.833942548507624837e-01
1.520530335300937891e+09 -2.462075799703598022e-01 -3.906122222542762756e-02 2.324891388416290283e-01 1.181383118294290074e-01 -2.003101979704621435e-02 2.835314126938913437e-02 9.923901434940499700e-01
1.520530335351457357e+09 -2.476768642663955688e-01 -3.754231333732604980e-02 2.478500604629516602e-01 5.861354139535692592e-02 -2.295466883360194194e-02 2.655642634833194418e-02 9.976634162699563602e-01
1.520530335401458502e+09 -2.483811974525451660e-01 -3.427979350090026855e-02 2.624647617340087891e-01 6.383263836729529328e-04 -2.570110505137471191e-02 2.561087293431781042e-02 9.993413475515301458e-01
1.520530335451459408e+09 -2.484265863895416260e-01 -2.983560599386692047e-02 2.761582136154174805e-01 -5.152652199769522379e-02 -2.881244823506354247e-02 2.637281718668488262e-02 9.979074781116535897e-01
1.520530335501461267e+09 -2.477339655160903931e-01 -2.366440370678901672e-02 2.883785068988800049e-01 -9.487837354316079608e-02 -3.022709611827208154e-02 2.731700929412474513e-02 9.946548134389566753e-01
1.520530335551462412e+09 -2.465805411338806152e-01 -1.681662350893020630e-02 2.992212474346160889e-01 -1.311596437483540933e-01 -3.181687259547250762e-02 2.918865244142208187e-02 9.904205455455284968e-01
1.520530335601512432e+09 -2.451843768358230591e-01 -9.622711688280105591e-03 3.083508610725402832e-01 -1.641975815231545288e-01 -3.282548537103741754e-02 3.246555526750721093e-02 9.853464514845908795e-01
1.520530335651465416e+09 -2.436853498220443726e-01 -2.581904409453272820e-03 3.163917064666748047e-01 -1.928722891866070654e-01 -3.440150039880672528e-02 3.714015857348380856e-02 9.799170502932200710e-01
1.520530335701467514e+09 -2.419577836990356445e-01 3.448293311521410942e-03 3.226577043533325195e-01 -2.134907047801878899e-01 -3.625989369316864885e-02 4.185563310549988286e-02 9.753743102312857349e-01
1.520530335750222683e+09 -2.390956133604049683e-01 5.927918944507837296e-03 3.268180489540100098e-01 -2.168493943884167718e-01 -3.813114263086982841e-02 4.684560962839644932e-02 9.743345652154524750e-01
1.520530335800223589e+09 -2.354304790496826172e-01 6.393656600266695023e-03 3.271046578884124756e-01 -2.000055363562204813e-01 -3.647969483376638233e-02 5.285569019920977746e-02 9.776877279097149209e-01
1.520530335850225687e+09 -2.300174087285995483e-01 3.395856823772192001e-03 3.219389617443084717e-01 -1.678700285258662717e-01 -3.386951957124972878e-02 6.312207829459665076e-02 9.832029863657395508e-01
1.520530335900226593e+09 -2.227630019187927246e-01 1.640467904508113861e-03 3.137927949428558350e-01 -1.255010674432158191e-01 -3.061445454239590525e-02 8.073937957048744896e-02 9.883285839386908300e-01
1.520530335950228691e+09 -2.122873365879058838e-01 8.013715269044041634e-04 3.028308153152465820e-01 -7.521107836963901450e-02 -2.367333336647316558e-02 1.014109781371527602e-01 9.917150197970492354e-01
1.520530336000229836e+09 -1.995419412851333618e-01 1.930281752720475197e-03 2.884263694286346436e-01 -1.976270199362324329e-02 -9.879533986495450670e-03 1.223116722474063695e-01 9.922457786507150601e-01
1.520530336050231695e+09 -1.857584863901138306e-01 4.471031948924064636e-03 2.721721827983856201e-01 3.382042886322861319e-02 7.118726022079733574e-03 1.427785933333955704e-01 9.891510378183238084e-01
1.520530336100232840e+09 -1.696486026048660278e-01 8.019876666367053986e-03 2.556466460227966309e-01 7.543631378648756047e-02 2.426741000888054528e-02 1.664729656043995032e-01 9.828566564340111000e-01
1.520530336150177479e+09 -1.498013436794281006e-01 1.168551016598939896e-02 2.401358187198638916e-01 1.003308516760232916e-01 4.053349035937672123e-02 1.891025299213830169e-01 9.759769410895846597e-01
1.520530336200179338e+09 -1.253632158041000366e-01 1.625307276844978333e-02 2.257148921489715576e-01 1.107673557657696400e-01 5.352411369539388647e-02 2.103006375865579536e-01 9.698656628525772483e-01
1.520530336250180483e+09 -9.696768969297409058e-02 2.208871766924858093e-02 2.159532606601715088e-01 1.134264140308421653e-01 5.906066510560967903e-02 2.338869955179455618e-01 9.638169742046337474e-01
1.520530336300182343e+09 -6.557103246450424194e-02 2.982839941978454590e-02 2.110021710395812988e-01 1.095316673817732650e-01 5.733311369445649036e-02 2.589815773996277382e-01 9.579375086519306137e-01
1.520530336350183249e+09 -3.183514624834060669e-02 4.010391235351562500e-02 2.117294520139694214e-01 9.565876154005865939e-02 4.590339441426755096e-02 2.843147657355107327e-01 9.528417464126097691e-01
1.520530336400185347e+09 8.430103189311921597e-04 4.828726127743721008e-02 2.209238559007644653e-01 6.892774457290792856e-02 2.415977228499259152e-02 3.087832088918494033e-01 9.483238905235287231e-01
1.520530336450186253e+09 2.974099479615688324e-02 5.558568984270095825e-02 2.389206141233444214e-01 3.180177157732146098e-02 -4.808284373248480209e-03 3.270020804002501391e-01 9.444761337057905326e-01
1.520530336500188351e+09 5.038568377494812012e-02 5.998612195253372192e-02 2.662918269634246826e-01 -5.992293263239621172e-03 -3.680552856628137304e-02 3.332339174586818609e-01 9.421064704923454158e-01
1.520530336550581932e+09 6.138449162244796753e-02 6.224662065505981445e-02 2.999211251735687256e-01 -3.703891534563827359e-02 -7.353123373976727661e-02 3.347199603162487880e-01 9.387139205213776982e-01
1.520530336600583792e+09 6.312996894121170044e-02 6.126657128334045410e-02 3.345231115818023682e-01 -6.105043692373643416e-02 -1.037653080631050911e-01 3.326967035112906035e-01 9.353173303573019126e-01
1.520530336650585651e+09 5.646006017923355103e-02 5.605641752481460571e-02 3.675745427608489990e-01 -7.967779701039169604e-02 -1.240711646057528900e-01 3.245972360577877303e-01 9.342881938248968066e-01
1.520530336700585842e+09 4.198751971125602722e-02 4.669751971960067749e-02 3.973875939846038818e-01 -9.201927416662190884e-02 -1.385534991753951950e-01 3.112456478064493659e-01 9.356610111411320929e-01
1.520530336750587702e+09 2.127335593104362488e-02 3.244526311755180359e-02 4.221407473087310791e-01 -1.003300262916138053e-01 -1.486801116422698799e-01 2.944885908836201716e-01 9.386717104854849225e-01
1.520530336800589800e+09 -6.212113425135612488e-03 1.420673169195652008e-02 4.401332437992095947e-01 -1.051904446082279065e-01 -1.536139898359712153e-01 2.727139685395653101e-01 9.439093197194307061e-01
1.520530336850590706e+09 -4.001931846141815186e-02 -5.626040976494550705e-03 4.486415386199951172e-01 -1.095091323731183369e-01 -1.554726207120944725e-01 2.485900660543167717e-01 9.497573338463413117e-01
1.520530336900593758e+09 -7.875297963619232178e-02 -2.648269757628440857e-02 4.465588927268981934e-01 -1.118976264906672013e-01 -1.546416302852729741e-01 2.218624233376342569e-01 9.562122946706032023e-01
1.520530336950593948e+09 -1.210651695728302002e-01 -4.694915562868118286e-02 4.315454363822937012e-01 -1.065028975457500277e-01 -1.537246398981453321e-01 1.975021651209983575e-01 9.622986868301665053e-01
1.520530337000258446e+09 -1.654228568077087402e-01 -6.501449644565582275e-02 4.031699001789093018e-01 -9.048366778025826451e-02 -1.490348641905999139e-01 1.787483292673045787e-01 9.683234737962664873e-01
1.520530337050259352e+09 -2.114034295082092285e-01 -7.975746691226959229e-02 3.625231683254241943e-01 -6.311368421702850950e-02 -1.417653741734418993e-01 1.597074138522693587e-01 9.748911649567028048e-01
1.520530337100266218e+09 -2.592037618160247803e-01 -9.003819525241851807e-02 3.125056624412536621e-01 -3.077381105622143537e-02 -1.328703085232663950e-01 1.405586962898039693e-01 9.806333191174561037e-01
1.520530337150262356e+09 -3.086433112621307373e-01 -9.380168467760086060e-02 2.568620145320892334e-01 1.487228649700264018e-03 -1.247133818995510013e-01 1.229901520381531665e-01 9.845393760676879324e-01
1.520530337200351238e+09 -3.603569269180297852e-01 -9.026032686233520508e-02 1.993498951196670532e-01 3.230544625805382986e-02 -1.142184536848355886e-01 1.023500063490947881e-01 9.876411186155896749e-01
1.520530337250265360e+09 -4.131996631622314453e-01 -7.968272268772125244e-02 1.422010958194732666e-01 5.884370416536066628e-02 -1.010857643364078823e-01 7.787044129595960262e-02 9.900784216924415349e-01
1.520530337300267458e+09 -4.660573899745941162e-01 -6.067161262035369873e-02 8.882903307676315308e-02 7.763042565605668410e-02 -9.017589130275388554e-02 5.023973496799419292e-02 9.916238171154216907e-01
1.520530337350269318e+09 -5.186561942100524902e-01 -3.481224179267883301e-02 4.125293716788291931e-02 8.946485696658577902e-02 -8.348574376652814766e-02 2.097762906544642716e-02 9.922631248990815278e-01
1.520530337400301218e+09 -5.701385736465454102e-01 -2.356302225962281227e-03 1.466357032768428326e-03 9.908448187430377030e-02 -7.819921545222101311e-02 -1.193133465560246818e-02 9.919298318972435968e-01
1.520530337450303078e+09 -6.194030046463012695e-01 3.408405184745788574e-02 -2.976502664387226105e-02 1.098827738947712740e-01 -7.346976179044391320e-02 -4.593438424190591368e-02 9.901605942714359898e-01
1.520530337500304222e+09 -6.670151352882385254e-01 7.275660336017608643e-02 -5.091072991490364075e-02 1.186064880901752383e-01 -6.819973610766173755e-02 -8.151108442592537584e-02 9.872371751982753629e-01
1.520530337550306082e+09 -7.120193243026733398e-01 1.108999326825141907e-01 -5.881045758724212646e-02 1.194962922210008882e-01 -6.642281200423637288e-02 -1.170831013428434292e-01 9.836667085811252598e-01
1.520530337600306988e+09 -7.553647756576538086e-01 1.460636407136917114e-01 -5.334599316120147705e-02 1.115731066194323856e-01 -6.423365587824086953e-02 -1.477382370244542109e-01 9.806114891498624031e-01
1.520530337650309324e+09 -7.936710119247436523e-01 1.745599955320358276e-01 -3.147960826754570007e-02 9.756467966304491202e-02 -5.228735361758777428e-02 -1.744374435524677913e-01 9.784266677788358013e-01
1.520530337700309992e+09 -8.269376158714294434e-01 1.939267963171005249e-01 4.591444507241249084e-03 8.004150711675932228e-02 -3.269606222088786152e-02 -1.987290389126352141e-01 9.762331144488933798e-01
1.520530337750312090e+09 -8.545478582382202148e-01 2.055907398462295532e-01 4.997169226408004761e-02 6.071024553600061491e-02 -1.538934785553672420e-02 -2.161440030547476243e-01 9.743506576192212387e-01
1.520530337800853968e+09 -8.734551668167114258e-01 2.088748067617416382e-01 1.041558086872100830e-01 4.313990850886190859e-02 -3.948546018945556756e-03 -2.258751245766579541e-01 9.731925736336373145e-01
1.520530337850854635e+09 -8.843571543693542480e-01 2.042665034532546997e-01 1.626562923192977905e-01 2.813716427428481631e-02 3.455535523071275126e-03 -2.298915240867401288e-01 9.728032927647429773e-01
1.520530337900856733e+09 -8.897075653076171875e-01 1.932990401983261108e-01 2.223662585020065308e-01 1.221721977763354054e-02 1.112300517208574500e-02 -2.333369079061137497e-01 9.722555763304526755e-01
1.520530337950857878e+09 -8.870639204978942871e-01 1.764913946390151978e-01 2.822273969650268555e-01 -5.844552657694110365e-03 2.183614356617403357e-02 -2.344607573027067127e-01 9.718627358446406683e-01
1.520530338000859737e+09 -8.792089223861694336e-01 1.564209759235382080e-01 3.388604819774627686e-01 -2.652028569601564204e-02 3.427716709449155769e-02 -2.294003958334069337e-01 9.723668076677927097e-01
1.520530338050861597e+09 -8.645626902580261230e-01 1.329760849475860596e-01 3.921878635883331299e-01 -4.953880745948098518e-02 4.644504342012551606e-02 -2.167624728520392285e-01 9.738597408560764057e-01
1.520530338100862741e+09 -8.439015150070190430e-01 1.074108034372329712e-01 4.404138326644897461e-01 -7.017677140897608801e-02 5.641727039807082483e-02 -1.956868729695327713e-01 9.765239168104635770e-01
1.520530338150863647e+09 -8.186023235321044922e-01 7.921589165925979614e-02 4.807906150817871094e-01 -8.026182445135728039e-02 6.218127373901458088e-02 -1.719668612368300820e-01 9.798565851022720263e-01
1.520530338200470686e+09 -7.892804741859436035e-01 5.124303326010704041e-02 5.094898343086242676e-01 -7.647314348948267004e-02 6.615154068879443294e-02 -1.489494823995858030e-01 9.836614680276092315e-01
1.520530338250472546e+09 -7.554303407669067383e-01 2.370309829711914062e-02 5.259349942207336426e-01 -6.378725737522288053e-02 7.306203786577369907e-02 -1.240106190286750232e-01 9.875294885660743649e-01
1.520530338300474405e+09 -7.172097563743591309e-01 -2.976563991978764534e-03 5.300125479698181152e-01 -4.922819363028659023e-02 7.992803066595385864e-02 -9.911132307779838002e-02 9.906387033139426590e-01
1.520530338350475550e+09 -6.766184568405151367e-01 -2.841096185147762299e-02 5.216575264930725098e-01 -3.692418563022876327e-02 8.465428314793627118e-02 -7.618050720297277201e-02 9.928075277628344297e-01
1.520530338400477648e+09 -6.326581239700317383e-01 -5.050796270370483398e-02 5.036656856536865234e-01 -2.570356763422173077e-02 8.203448979838211252e-02 -5.126731767501395420e-02 9.949780556538928566e-01
1.520530338450478315e+09 -5.851082801818847656e-01 -6.949362903833389282e-02 4.765369892120361328e-01 -1.074399059613539813e-02 7.115572727807226161e-02 -2.361411427267564797e-02 9.971277765405573978e-01
1.520530338500480652e+09 -5.350779891014099121e-01 -8.413952589035034180e-02 4.407374858856201172e-01 1.293012559102397173e-02 6.023436627106329433e-02 1.967918018065615009e-04 9.981004930592463076e-01
1.520530338550481558e+09 -4.833917915821075439e-01 -9.422072768211364746e-02 3.963301181793212891e-01 4.293768706894293685e-02 5.002957412295471612e-02 1.970289580558734835e-02 9.976297873655936010e-01
1.520530338600260019e+09 -4.311657249927520752e-01 -9.836350381374359131e-02 3.457904458045959473e-01 7.486689817051142559e-02 3.982267146277575220e-02 3.543851888251874777e-02 9.957676504964939612e-01
1.520530338650260925e+09 -3.780169785022735596e-01 -9.640204906463623047e-02 2.907222211360931396e-01 1.065740357415961848e-01 3.049999063415121531e-02 5.099133769664859761e-02 9.925278882514949608e-01
1.520530338700263023e+09 -3.247240185737609863e-01 -8.874074369668960571e-02 2.336547076702117920e-01 1.344608444928442614e-01 2.345468353311368909e-02 6.840948401458216144e-02 9.882764297581375645e-01
1.520530338750265837e+09 -2.713790535926818848e-01 -7.492329180240631104e-02 1.757009774446487427e-01 1.578236952856897635e-01 2.266898171683766686e-02 8.406100345081940484e-02 9.836216478774411076e-01
1.520530338800265789e+09 -2.188069671392440796e-01 -5.614438280463218689e-02 1.193487271666526794e-01 1.768317476912485142e-01 2.431311770785654983e-02 9.839267040489511895e-02 9.790088292382129742e-01
1.520530338850266933e+09 -1.665830165147781372e-01 -3.159249946475028992e-02 6.584794819355010986e-02 1.968266038870288559e-01 2.262517587947322772e-02 1.141182613269791646e-01 9.735113824965935247e-01
1.520530338900268793e+09 -1.153338029980659485e-01 -9.462832240387797356e-04 1.586979068815708160e-02 2.227949891841597696e-01 1.993831517240415505e-02 1.316993291950374068e-01 9.657226015125115470e-01
1.520530338950269699e+09 -6.542045623064041138e-02 3.589142113924026489e-02 -3.052657842636108398e-02 2.526211995025247625e-01 2.438299131489313903e-02 1.486787771546243253e-01 9.557628474262060969e-01
1.520530339000272036e+09 -1.766636595129966736e-02 7.794884592294692993e-02 -7.245044410228729248e-02 2.810291082866585577e-01 3.055977903513805091e-02 1.672769625988296260e-01 9.445142444583028984e-01
1.520530339050958872e+09 2.956078574061393738e-02 1.235944852232933044e-01 -1.078643947839736938e-01 3.043660077431013522e-01 3.386108042236675442e-02 1.889632402581651049e-01 9.330099969423111261e-01
1.520530339100959778e+09 7.442852109670639038e-02 1.699986308813095093e-01 -1.354062259197235107e-01 3.210406644586897840e-01 3.368779376931993474e-02 2.170087075809713217e-01 9.212519987218020789e-01
1.520530339150961876e+09 1.184568628668785095e-01 2.166638374328613281e-01 -1.547131389379501343e-01 3.317092843396473034e-01 3.634803247225188577e-02 2.500765537439147979e-01 9.089056543370397367e-01
1.520530339200963020e+09 1.615447849035263062e-01 2.622416317462921143e-01 -1.647854298353195190e-01 3.364120898642001811e-01 4.116266817570500558e-02 2.842764752015665142e-01 8.968385730937487033e-01
1.520530339250964880e+09 2.028292864561080933e-01 3.046866059303283691e-01 -1.650412529706954956e-01 3.364073421519940821e-01 4.136158258409280281e-02 3.192979178418701713e-01 8.849678860242424783e-01
1.520530339300966024e+09 2.428200095891952515e-01 3.414859175682067871e-01 -1.553939580917358398e-01 3.319044338365890745e-01 3.648492241327761648e-02 3.514714759964953639e-01 8.746291207117194988e-01
1.520530339350967884e+09 2.814887166023254395e-01 3.706397712230682373e-01 -1.357837170362472534e-01 3.225352826239545334e-01 2.560025452583018432e-02 3.796866258424681506e-01 8.666912279394896057e-01
1.520530339400969744e+09 3.179199993610382080e-01 3.915558457374572754e-01 -1.068264320492744446e-01 3.071969734471130531e-01 8.097810636274701754e-03 4.050464016844497750e-01 8.611050211503310514e-01
1.520530339451687574e+09 3.518494367599487305e-01 4.037286043167114258e-01 -6.885968893766403198e-02 2.840610582864914746e-01 -1.516224983404039842e-02 4.285434395131232366e-01 8.575721204629910277e-01
1.520530339501689434e+09 3.818842172622680664e-01 4.079183042049407959e-01 -2.580755762755870819e-02 2.539035274894781424e-01 -4.083845222998142011e-02 4.469710403627856210e-01 8.567859176158699741e-01
1.520530339551690578e+09 4.060091674327850342e-01 4.043755233287811279e-01 2.146484330296516418e-02 2.193013702923000130e-01 -6.827234399778733809e-02 4.580321558297953954e-01 8.587504528434772855e-01
1.520530339601692438e+09 4.257675707340240479e-01 3.953058719635009766e-01 6.942468136548995972e-02 1.839353584115558105e-01 -9.412991964305936210e-02 4.600040894901459843e-01 8.635413017374129474e-01
1.520530339651693344e+09 4.400718212127685547e-01 3.803298771381378174e-01 1.174208745360374451e-01 1.504535026159041777e-01 -1.188565866625090617e-01 4.549684815347131428e-01 8.696209152081962879e-01
1.520530339701695681e+09 4.481668174266815186e-01 3.591026961803436279e-01 1.640313118696212769e-01 1.190791222690993495e-01 -1.413687847668735897e-01 4.471024361136612946e-01 8.751768055395364732e-01
1.520530339751697540e+09 4.517886340618133545e-01 3.334726095199584961e-01 2.076835483312606812e-01 8.868894717505428071e-02 -1.583065985110271023e-01 4.331271048193522932e-01 8.828783622830806976e-01
1.520530339801698446e+09 4.500354230403900146e-01 3.015923500061035156e-01 2.476652562618255615e-01 5.907670736311870091e-02 -1.729468432113390464e-01 4.147189562677305319e-01 8.914076056342401522e-01
1.520530339851056576e+09 4.453688859939575195e-01 2.660623490810394287e-01 2.841140627861022949e-01 3.322075955492907740e-02 -1.863550191385604238e-01 3.967712405779720841e-01 8.981874919117263101e-01
1.520530339901057482e+09 4.373437166213989258e-01 2.289757877588272095e-01 3.199810683727264404e-01 1.344306380408399719e-02 -2.038919606357616210e-01 3.785966297159807370e-01 9.027247334549801661e-01
1.520530339951059341e+09 4.278278052806854248e-01 1.917854249477386475e-01 3.533325493335723877e-01 -6.229588246191348003e-03 -2.138531925063495986e-01 3.592089713261544803e-01 9.084035002155876892e-01
1.520530340001061440e+09 4.142138957977294922e-01 1.554152965545654297e-01 3.816849887371063232e-01 -2.942681894262627260e-02 -2.124593586996781358e-01 3.358762673843886382e-01 9.171598640562995675e-01
1.520530340051062346e+09 3.951762020587921143e-01 1.205456256866455078e-01 4.025296270847320557e-01 -5.869046638987920200e-02 -2.046414031734324623e-01 3.122546694270122436e-01 9.258371059118198909e-01
1.520530340101063251e+09 3.722144961357116699e-01 8.638796955347061157e-02 4.158724844455718994e-01 -8.715613966188712203e-02 -1.999747016063311567e-01 2.882425200517785835e-01 9.323787726406562726e-01
1.520530340151065350e+09 3.463099896907806396e-01 5.449008941650390625e-02 4.199100732803344727e-01 -1.058758848823478232e-01 -1.975255569485374341e-01 2.654830164845246587e-01 9.377060943125130610e-01
1.520530340201067448e+09 3.164844214916229248e-01 2.492965012788772583e-02 4.130835235118865967e-01 -1.101546343584908633e-01 -1.917586164767360046e-01 2.412306015756482125e-01 9.449351228522125945e-01
1.520530340250395536e+09 2.821777462959289551e-01 -6.674111355096101761e-04 3.956928551197052002e-01 -1.020264773200264125e-01 -1.840289083649159219e-01 2.180068489981981383e-01 9.529936896966109128e-01
1.520530340300397396e+09 2.457421272993087769e-01 -2.412124164402484894e-02 3.682263195514678955e-01 -8.794094070269618812e-02 -1.739399174969927797e-01 1.935871867051011941e-01 9.615275852481135477e-01
1.520530340350399494e+09 2.067566961050033569e-01 -4.420381039381027222e-02 3.318446278572082520e-01 -7.251753279347407377e-02 -1.650746974568674530e-01 1.714122950920927702e-01 9.685604662530535869e-01
1.520530340400400400e+09 1.662793755531311035e-01 -6.004467979073524475e-02 2.891929447650909424e-01 -5.703749893263641846e-02 -1.530259006143397660e-01 1.496102864630662055e-01 9.751648884373960158e-01
1.520530340450401306e+09 1.245169192552566528e-01 -7.159002125263214111e-02 2.420407980680465698e-01 -4.090080606572511074e-02 -1.413341401726120883e-01 1.289223227990198561e-01 9.806787545210448043e-01
1.520530340500403643e+09 8.219227194786071777e-02 -7.657930254936218262e-02 1.935664862394332886e-01 -2.304730965275219104e-02 -1.285788626809132307e-01 1.075255499140817389e-01 9.855833570556715717e-01
1.520530340550404549e+09 3.934067860245704651e-02 -7.643029838800430298e-02 1.449082046747207642e-01 -3.091297343898144999e-03 -1.164631843062885058e-01 8.236728605043694418e-02 9.897688622959689431e-01
1.520530340600406408e+09 -3.603248856961727142e-03 -7.140368968248367310e-02 9.702681005001068115e-02 1.651642824996222766e-02 -1.032028484340341418e-01 5.832533098417681111e-02 9.928114299495911510e-01
1.520530340650346756e+09 -4.630144312977790833e-02 -6.261003762483596802e-02 5.203382670879364014e-02 3.398883259459067885e-02 -8.970749158391398692e-02 3.583288477475665007e-02 9.947428459563294467e-01
1.520530340700347900e+09 -8.825596421957015991e-02 -5.084135755896568298e-02 1.134407334029674530e-02 4.930389691104710564e-02 -7.887000769430019265e-02 1.599175181922488087e-02 9.955364943132110067e-01
1.520530340750349998e+09 -1.299899518489837646e-01 -3.558857366442680359e-02 -2.388462238013744354e-02 6.137365872806290618e-02 -6.741504398605478732e-02 -3.031598882050364537e-03 9.958309571744131672e-01
1.520530340800350904e+09 -1.692584902048110962e-01 -1.759812049567699432e-02 -5.208217725157737732e-02 6.930740241089247688e-02 -6.097932215733343347e-02 -1.890191266855983238e-02 9.955504627781340821e-01
1.520530340850353003e+09 -2.076373547315597534e-01 2.606910420581698418e-04 -7.229495048522949219e-02 7.490429264721668035e-02 -5.743425698596450052e-02 -3.288681052406965816e-02 9.949920154257743121e-01
1.520530340900353909e+09 -2.430765181779861450e-01 1.797650195658206940e-02 -8.453078567981719971e-02 7.963871471797287493e-02 -5.190758464130991456e-02 -4.643076748554127164e-02 9.943879834377918892e-01
1.520530340950355768e+09 -2.747498750686645508e-01 3.433828055858612061e-02 -8.898989111185073853e-02 8.233552745421390817e-02 -4.445198693499259612e-02 -5.897482924693035755e-02 9.938646041044338908e-01
1.520530341000357866e+09 -3.024254739284515381e-01 4.761198908090591431e-02 -8.628146350383758545e-02 8.257939616231943503e-02 -3.601099156270047563e-02 -6.898003774606770166e-02 9.935419498987896336e-01
1.520530341050773859e+09 -3.243750631809234619e-01 5.741004273295402527e-02 -7.621356099843978882e-02 8.070815534516027900e-02 -2.598750649214500233e-02 -7.369607851294149303e-02 9.936698300637473169e-01
1.520530341100775719e+09 -3.387157618999481201e-01 6.444139778614044189e-02 -6.017231196165084839e-02 7.620408002949202730e-02 -1.692496713858530205e-02 -7.306623836650004422e-02 9.942674733114758023e-01
1.520530341150776863e+09 -3.453172743320465088e-01 6.918127089738845825e-02 -4.010607302188873291e-02 6.819836038675053391e-02 -1.059038842158704918e-02 -6.753431249101769784e-02 9.953270537617292524e-01
1.520530341200778961e+09 -3.446617424488067627e-01 7.181650400161743164e-02 -1.917990669608116150e-02 5.724009557912568269e-02 -7.916467761940595635e-03 -5.818273925931867485e-02 9.966321637638174691e-01
1.520530341250779629e+09 -3.383890390396118164e-01 7.245195657014846802e-02 4.740940057672560215e-04 4.414217035947739370e-02 -9.947093823776533700e-03 -4.377820950870472960e-02 9.980160281742110895e-01
1.520530341300781965e+09 -3.274031579494476318e-01 7.192666083574295044e-02 1.841544359922409058e-02 3.230950765533682073e-02 -1.798608033901774594e-02 -2.461667380687180412e-02 9.990128207384499914e-01
1.520530341350783825e+09 -3.127856552600860596e-01 7.059910148382186890e-02 3.483827039599418640e-02 2.526895793822233477e-02 -2.824179909006533859e-02 -5.715760189015518800e-03 9.992653354511674690e-01
1.520530341400784731e+09 -2.959502935409545898e-01 6.958728283643722534e-02 4.913118854165077209e-02 2.256188511723707102e-02 -3.512373520037853636e-02 1.242822205926298607e-02 9.990509615940400545e-01
1.520530341450786829e+09 -2.782543003559112549e-01 6.921172887086868286e-02 6.130829453468322754e-02 2.181361690069075210e-02 -3.836300027352593234e-02 2.939030563628976592e-02 9.985933387832751640e-01
1.520530341500712872e+09 -2.615065276622772217e-01 6.713511049747467041e-02 7.201942056417465210e-02 2.074086213967165152e-02 -4.031942630025581870e-02 4.375485907931058599e-02 9.980128620451095278e-01
1.520530341550713778e+09 -2.454987764358520508e-01 6.530746817588806152e-02 8.008769154548645020e-02 1.746376810488796394e-02 -4.168323848617552785e-02 5.695494330838105079e-02 9.973533269938102963e-01
1.520530341600715876e+09 -2.311990857124328613e-01 6.188287585973739624e-02 8.567524701356887817e-02 1.050173096770835174e-02 -4.217090369576532299e-02 6.695031234823725641e-02 9.968094021449825926e-01
1.520530341650716782e+09 -2.178890854120254517e-01 5.785085633397102356e-02 8.893506228923797607e-02 3.584570596141893042e-04 -4.482031162640029431e-02 7.779078049452693711e-02 9.959616486814645286e-01
1.520530341700718641e+09 -2.059872001409530640e-01 5.385592579841613770e-02 9.157073497772216797e-02 -9.359437533268606321e-03 -4.483862755967098906e-02 8.716505357035399248e-02 9.951402674214843147e-01
1.520530341750719786e+09 -1.951028257608413696e-01 4.981314018368721008e-02 9.315819293260574341e-02 -1.183883789613786493e-02 -4.642346653533228201e-02 9.849602261576632933e-02 9.939835195821842273e-01
1.520530341800721645e+09 -1.850548833608627319e-01 4.543185979127883911e-02 9.265375137329101562e-02 -5.500402796141175277e-03 -4.652757573248160472e-02 1.073708374482602729e-01 9.931145117916653220e-01
1.520530341850723028e+09 -1.756362617015838623e-01 3.927070274949073792e-02 8.967424929141998291e-02 7.632004043392673527e-03 -4.184493020530198615e-02 1.110710568359847411e-01 9.929017950752896393e-01
1.520530341900542259e+09 -1.663486361503601074e-01 3.112570755183696747e-02 8.532168716192245483e-02 2.555506060521102116e-02 -3.403478039722299120e-02 1.126169835190791446e-01 9.927265422178658261e-01
1.520530341950578213e+09 -1.564402133226394653e-01 2.106522023677825928e-02 8.005537092685699463e-02 4.425906143664398718e-02 -2.893376934453859364e-02 1.127762731738294472e-01 9.922124191327612586e-01
1.520530342000545025e+09 -1.454073339700698853e-01 9.266433306038379669e-03 7.347466796636581421e-02 5.721035647761193305e-02 -2.680787652895912088e-02 1.091152215228174127e-01 9.920192444200560677e-01
1.520530342050546169e+09 -1.342708617448806763e-01 -7.617349736392498016e-03 6.821200996637344360e-02 6.046363925570662212e-02 -2.107251939136399119e-02 9.872047344644749312e-02 9.930530526497390875e-01
1.520530342100548267e+09 -1.227419823408126831e-01 -2.712593041360378265e-02 6.455610692501068115e-02 5.605166326027519186e-02 -1.618558145480140584e-02 8.355251581312034270e-02 9.947940566268099749e-01
1.520530342150549173e+09 -1.102556884288787842e-01 -4.832768067717552185e-02 6.222954019904136658e-02 4.719092566524681759e-02 -1.691230339769789204e-02 6.487230032265285662e-02 9.966336213370935448e-01
1.520530342200551271e+09 -9.754689782857894897e-02 -7.116600126028060913e-02 6.126706674695014954e-02 3.324082856913237322e-02 -2.301873260189081505e-02 4.597719745750349779e-02 9.981238813791573072e-01
1.520530342250553131e+09 -8.488862961530685425e-02 -9.494397789239883423e-02 6.426206976175308228e-02 1.454125562124303564e-02 -2.680659366049392353e-02 2.580190153630538413e-02 9.992017915808545370e-01
1.520530342300672770e+09 -7.378820329904556274e-02 -1.184361055493354797e-01 7.068574428558349609e-02 -1.229068141012022632e-03 -2.919234877737544864e-02 1.344870186269893136e-03 9.995721522174109142e-01
1.520530342350674868e+09 -6.436720490455627441e-02 -1.403811722993850708e-01 7.855131477117538452e-02 -1.126324474930786614e-02 -3.425437573552453374e-02 -2.369477033479539321e-02 9.990687338313956056e-01
1.520530342400675774e+09 -5.741452798247337341e-02 -1.616092920303344727e-01 8.617846667766571045e-02 -1.639818322318250393e-02 -3.862219865602171259e-02 -4.932132874296779601e-02 9.979012134920880461e-01
1.520530342450677872e+09 -5.367441847920417786e-02 -1.818850338459014893e-01 9.143170714378356934e-02 -1.809697380433357428e-02 -4.473400410578789316e-02 -7.506661731384992042e-02 9.960102265443084857e-01
1.520530342500678778e+09 -5.157324299216270447e-02 -2.020959556102752686e-01 9.403776377439498901e-02 -1.647473261629116628e-02 -5.402516778018135596e-02 -9.597933738666722392e-02 9.937795687305919223e-01
1.520530342550680637e+09 -5.111154168844223022e-02 -2.234356403350830078e-01 9.443382173776626587e-02 -1.183258040339119771e-02 -6.168243401767074807e-02 -1.107554985135301706e-01 9.918611228008042957e-01
1.520530342600682735e+09 -5.222370103001594543e-02 -2.459234148263931274e-01 9.317356348037719727e-02 -3.482295640158805574e-03 -6.565651249054753336e-02 -1.198921492777505343e-01 9.906073735472670228e-01
1.520530342650683641e+09 -5.520134419202804565e-02 -2.697766125202178955e-01 8.948830515146255493e-02 9.129166461292232901e-03 -6.439121712568214584e-02 -1.281762252210919273e-01 9.896167362999007677e-01
1.520530342700642824e+09 -6.038854643702507019e-02 -2.965786457061767578e-01 8.359826356172561646e-02 2.546794091316973568e-02 -6.202995997596821159e-02 -1.365879293575166520e-01 9.883559103910134480e-01
1.520530342750643969e+09 -6.757648289203643799e-02 -3.265748023986816406e-01 7.502403110265731812e-02 4.222290135568525227e-02 -6.284267332836029896e-02 -1.481150210832993530e-01 9.860679315034776016e-01
1.520530342800646067e+09 -7.583129405975341797e-02 -3.594788014888763428e-01 6.566202640533447266e-02 5.551013014516220645e-02 -6.899675027273172168e-02 -1.589291702247029037e-01 9.833105271249550361e-01
1.520530342850647926e+09 -8.632700890302658081e-02 -3.944799602031707764e-01 5.655199289321899414e-02 6.175363455368994975e-02 -7.765984090662782224e-02 -1.698601595680538923e-01 9.804605876430128042e-01
1.520530342900649071e+09 -9.894495457410812378e-02 -4.311730265617370605e-01 4.917904734611511230e-02 6.001626018986889327e-02 -8.668726981912455720e-02 -1.802526321695452904e-01 9.779531452784834267e-01
1.520530342950650930e+09 -1.140937432646751404e-01 -4.687408506870269775e-01 4.512595757842063904e-02 5.516284641168803238e-02 -9.278583420576567986e-02 -1.908491679077620462e-01 9.756661542020486078e-01
1.520530343000652790e+09 -1.326981037855148315e-01 -5.068268179893493652e-01 4.481862857937812805e-02 5.559830153982708856e-02 -9.621970730938048111e-02 -2.038877081033031724e-01 9.726666434475718104e-01
1.520530343050653934e+09 -1.540345549583435059e-01 -5.419895052909851074e-01 4.768221825361251831e-02 6.153529587923804028e-02 -9.730050247144769737e-02 -2.197427346441942209e-01 9.687410129394490310e-01
1.520530343101131201e+09 -1.776806116104125977e-01 -5.734773874282836914e-01 5.199198052287101746e-02 6.243391376776317309e-02 -1.022060906384352486e-01 -2.359011942341905921e-01 9.643684710767612689e-01
1.520530343151133060e+09 -2.032636255025863647e-01 -6.040586829185485840e-01 5.796160176396369934e-02 5.156353636968016851e-02 -1.057037294530943083e-01 -2.543337716345583366e-01 9.599386729905718951e-01
1.520530343201133966e+09 -2.309657782316207886e-01 -6.338596343994140625e-01 6.443800032138824463e-02 3.573860791359343564e-02 -1.031371898649415531e-01 -2.764772334154227962e-01 9.548014512840433676e-01
1.520530343251136065e+09 -2.605280280113220215e-01 -6.631696224212646484e-01 6.851299852132797241e-02 2.361375286686888050e-02 -9.829106210840153623e-02 -3.030246803158179181e-01 9.476060895248833438e-01
1.520530343301137924e+09 -2.922146022319793701e-01 -6.926528215408325195e-01 6.770370900630950928e-02 1.489740796912489285e-02 -9.812359515312175928e-02 -3.295279146402723680e-01 9.389148953887466176e-01
1.520530343351140022e+09 -3.259054720401763916e-01 -7.221385836601257324e-01 6.298010796308517456e-02 9.327632765367504381e-03 -9.708876344696192040e-02 -3.579529614254666203e-01 9.286314902511506597e-01
1.520530343401141167e+09 -3.614620566368103027e-01 -7.513599395751953125e-01 5.590292811393737793e-02 5.455368475116713703e-03 -9.121999573584346765e-02 -3.871351942409091418e-01 9.174832383824822468e-01
1.520530343451143980e+09 -3.977014720439910889e-01 -7.806386947631835938e-01 4.892588034272193909e-02 7.442840131260289956e-05 -8.547648440723194796e-02 -4.129284452761325386e-01 9.067435492770982153e-01
1.520530343501403809e+09 -4.349665641784667969e-01 -8.094590902328491211e-01 4.467974230647087097e-02 -3.824681844332443719e-03 -7.637704648015954112e-02 -4.370728283869373954e-01 8.961692146383961610e-01
1.520530343551475525e+09 -4.727603197097778320e-01 -8.359055519104003906e-01 4.386863112449645996e-02 -8.313925731084834819e-03 -7.147744121105867321e-02 -4.574021285834133921e-01 8.863436956419445956e-01
1.520530343601406574e+09 -5.119572877883911133e-01 -8.603110909461975098e-01 4.702786356210708618e-02 -1.387224141443155027e-02 -7.147123833547198990e-02 -4.743859385512145255e-01 8.773012050110368110e-01
1.520530343651407719e+09 -5.537134408950805664e-01 -8.815961480140686035e-01 5.309497565031051636e-02 -1.334876347266369945e-02 -6.978065344910085177e-02 -4.968627268201734060e-01 8.649161240344576118e-01
1.520530343701409578e+09 -5.999498367309570312e-01 -8.977822065353393555e-01 5.983280390501022339e-02 -9.431852562589399663e-03 -6.941698944808294414e-02 -5.291863457420440398e-01 8.456087352986509931e-01
1.520530343751410484e+09 -6.479015946388244629e-01 -9.054568409919738770e-01 6.687863171100616455e-02 -9.237259598993304011e-03 -7.188939281839239193e-02 -5.633646233063227537e-01 8.230230187802943798e-01
1.520530343801412821e+09 -6.961904764175415039e-01 -9.074651598930358887e-01 7.246208935976028442e-02 -1.371691563643810674e-02 -7.765802531232889050e-02 -5.935467294655258907e-01 8.009265617213543464e-01
1.520530343851414680e+09 -7.447601556777954102e-01 -9.069711565971374512e-01 7.385074347257614136e-02 -2.023100148484151956e-02 -8.439220657330981368e-02 -6.218782192024649991e-01 7.782905257872404503e-01
1.520530343901415586e+09 -7.942822575569152832e-01 -9.049066305160522461e-01 6.964751332998275757e-02 -2.666670244260934894e-02 -9.224258273299403010e-02 -6.476321753292539896e-01 7.558787987434774092e-01
1.520530343951401711e+09 -8.453142046928405762e-01 -9.019732475280761719e-01 5.955409631133079529e-02 -3.125578920400959304e-02 -9.963829848186014915e-02 -6.696963928332778648e-01 7.352564359072080169e-01
1.520530344001402617e+09 -8.978050351142883301e-01 -8.993044495582580566e-01 4.576969519257545471e-02 -3.694477840745336028e-02 -1.087794316824353125e-01 -6.842319578047396655e-01 7.201588342233702367e-01
1.520530344051404953e+09 -9.505113959312438965e-01 -8.962699770927429199e-01 3.240830451250076294e-02 -4.101670529312219371e-02 -1.169341726920539587e-01 -6.939124458041522336e-01 7.093162529519689841e-01
1.520530344101405859e+09 -1.003596186637878418e+00 -8.922317028045654297e-01 2.403652295470237732e-02 -4.152781793924066600e-02 -1.237395526498292347e-01 -7.028659421486730396e-01 6.992449004566879678e-01
1.520530344151407719e+09 -1.055850625038146973e+00 -8.858482837677001953e-01 2.297335304319858551e-02 -3.715970644788718635e-02 -1.317528303580745019e-01 -7.130352672566447891e-01 6.876343909066707782e-01
1.520530344201409817e+09 -1.105483055114746094e+00 -8.772757649421691895e-01 2.908314578235149384e-02 -2.910748347028941502e-02 -1.393179523856098445e-01 -7.229133472772710789e-01 6.761209617202230682e-01
1.520530344251410723e+09 -1.153715133666992188e+00 -8.664860725402832031e-01 3.770970180630683899e-02 -2.845224096832147873e-02 -1.461660170219659660e-01 -7.341165810344795206e-01 6.624943855626713729e-01
1.520530344301412821e+09 -1.202345490455627441e+00 -8.537526726722717285e-01 4.586530476808547974e-02 -3.709312997808278389e-02 -1.501837261185386962e-01 -7.459620279107633811e-01 6.477728004731613254e-01
1.520530344351408720e+09 -1.251211047172546387e+00 -8.395378589630126953e-01 5.211392417550086975e-02 -4.812094368199856115e-02 -1.480246571459745697e-01 -7.585873286950676198e-01 6.327071521638204521e-01
1.520530344401410580e+09 -1.299358010292053223e+00 -8.238200545310974121e-01 5.466050282120704651e-02 -5.523636182647014004e-02 -1.419023773294796065e-01 -7.745656431542624620e-01 6.138898305766604668e-01
1.520530344451412678e+09 -1.348365545272827148e+00 -8.067010045051574707e-01 5.172475799918174744e-02 -5.705745687170583891e-02 -1.362063240093826511e-01 -7.922333792326031743e-01 5.920798567295418868e-01
1.520530344501413822e+09 -1.397422313690185547e+00 -7.876733541488647461e-01 4.418830946087837219e-02 -5.536840661713508110e-02 -1.321808649393210744e-01 -8.102242066162289591e-01 5.683302679830406490e-01
1.520530344551415682e+09 -1.446261048316955566e+00 -7.675036191940307617e-01 3.565934672951698303e-02 -5.469355819513176120e-02 -1.308206549611250769e-01 -8.267589376368472687e-01 5.443934514347960052e-01
1.520530344601417542e+09 -1.494031190872192383e+00 -7.462971210479736328e-01 2.719124965369701385e-02 -5.661337361888311298e-02 -1.315542438979046547e-01 -8.428726660934469095e-01 5.187042274673153708e-01
1.520530344651418686e+09 -1.539669156074523926e+00 -7.234438657760620117e-01 2.210191823542118073e-02 -5.925101401259070394e-02 -1.328438517502550653e-01 -8.583704214244032293e-01 4.919776905656683130e-01
1.520530344701420546e+09 -1.582450866699218750e+00 -6.991363763809204102e-01 2.269526198506355286e-02 -6.327716677898974351e-02 -1.361542720485814373e-01 -8.707154537480152889e-01 4.683082456798433602e-01
1.520530344751636267e+09 -1.622960448265075684e+00 -6.736100316047668457e-01 2.727352082729339600e-02 -6.160808882343051657e-02 -1.390309368824760583e-01 -8.838547094792137404e-01 4.423524550768537233e-01
1.520530344801638126e+09 -1.659542798995971680e+00 -6.442558169364929199e-01 3.301830962300300598e-02 -5.706613269165585617e-02 -1.390089631813408999e-01 -9.015658115987077448e-01 4.057080871898295915e-01
1.520530344851639509e+09 -1.690627455711364746e+00 -6.092552542686462402e-01 3.934731334447860718e-02 -5.715910604477406759e-02 -1.359625818386501206e-01 -9.188818156111064894e-01 3.659278916332658893e-01
1.520530344901641369e+09 -1.717566490173339844e+00 -5.722993016242980957e-01 4.462838172912597656e-02 -6.218249803979762624e-02 -1.332997100955876091e-01 -9.319073082696346377e-01 3.315317375751635209e-01
1.520530344951642275e+09 -1.742148756980895996e+00 -5.351035594940185547e-01 4.549540579319000244e-02 -6.835136753444935598e-02 -1.329432017970350322e-01 -9.424546624133339767e-01 2.990541839658698575e-01
1.520530345001644373e+09 -1.766441345214843750e+00 -4.961676001548767090e-01 4.130193591117858887e-02 -7.327226623048617438e-02 -1.318064196247434594e-01 -9.512234425805137228e-01 2.691323188181433679e-01
1.520530345051645279e+09 -1.791301965713500977e+00 -4.551072120666503906e-01 3.298982605338096619e-02 -7.989489270313239466e-02 -1.302601570843811285e-01 -9.573496859282015770e-01 2.452155713846105034e-01
1.520530345101647139e+09 -1.817481160163879395e+00 -4.122444689273834229e-01 2.253596857190132141e-02 -8.883154941495660650e-02 -1.302169681694954617e-01 -9.606131103490462841e-01 2.288557389597513647e-01
1.520530345151845455e+09 -1.843804955482482910e+00 -3.677909672260284424e-01 1.218220870941877365e-02 -9.668635163343201888e-02 -1.314555052311087990e-01 -9.624106472287381475e-01 2.171104457482680439e-01
1.520530345201743364e+09 -1.869027853012084961e+00 -3.218587636947631836e-01 4.980395548045635223e-03 -1.002648007525599599e-01 -1.334619199811621637e-01 -9.644276324440549386e-01 2.049737237387905253e-01
1.520530345251744509e+09 -1.892252445220947266e+00 -2.739440202713012695e-01 3.806679742410778999e-03 -1.032809344953380670e-01 -1.395298429193601031e-01 -9.656762741052853372e-01 1.932195775142938887e-01
1.520530345301746607e+09 -1.912141680717468262e+00 -2.277289032936096191e-01 8.070191368460655212e-03 -1.080960152376544275e-01 -1.485321775867925187e-01 -9.655334067981850010e-01 1.843873207890298904e-01
1.520530345351747751e+09 -1.929755568504333496e+00 -1.813277155160903931e-01 1.337683293968439102e-02 -1.133301421438674822e-01 -1.550885011507910638e-01 -9.659701111949464680e-01 1.732211879952180456e-01
1.520530345401749611e+09 -1.945027470588684082e+00 -1.329099088907241821e-01 1.648015528917312622e-02 -1.198825892531910631e-01 -1.567210135918358782e-01 -9.670538750860240285e-01 1.608523900158243536e-01
1.520530345451751471e+09 -1.958894610404968262e+00 -8.283322304487228394e-02 1.583041064441204071e-02 -1.214970643092604663e-01 -1.568030612126088963e-01 -9.693034251451961847e-01 1.452657336069912986e-01
1.520530345501752615e+09 -1.969925999641418457e+00 -3.101774118840694427e-02 1.028750278055667877e-02 -1.162006199203255707e-01 -1.608052423139093579e-01 -9.722306255681480991e-01 1.241237313404026793e-01
1.520530345551194668e+09 -1.977288484573364258e+00 2.262140437960624695e-02 1.442610984668135643e-03 -1.103235822886650536e-01 -1.665709714224559157e-01 -9.743884512066470771e-01 1.031986667815387448e-01
1.520530345601195812e+09 -1.982576847076416016e+00 8.006444573402404785e-02 -9.731916710734367371e-03 -1.086681161248920086e-01 -1.714840192448170708e-01 -9.753122097220248143e-01 8.689398856452201780e-02
1.520530345651197672e+09 -1.986281514167785645e+00 1.393652558326721191e-01 -2.024909108877182007e-02 -1.102154779586910355e-01 -1.740894502914075992e-01 -9.758694732049036924e-01 7.227850982385188028e-02
1.520530345701198578e+09 -1.987424373626708984e+00 2.000446319580078125e-01 -2.812489680945873260e-02 -1.079446547580617949e-01 -1.729151226348800419e-01 -9.776454699274174098e-01 5.155237146559158573e-02
1.520530345751200914e+09 -1.984476685523986816e+00 2.611619234085083008e-01 -3.079331293702125549e-02 -1.065045770480440579e-01 -1.698068124263941436e-01 -9.793994668575793927e-01 2.447663866820351877e-02
1.520530345801202774e+09 -1.977279782295227051e+00 3.212940990924835205e-01 -2.727009356021881104e-02 -1.083539549388530948e-01 -1.674274945008079052e-01 -9.798955604937459318e-01 -5.669661271945211460e-03
1.520530345851203680e+09 -1.964604735374450684e+00 3.788615763187408447e-01 -2.007859386503696442e-02 -1.075663405669569500e-01 -1.632623654411327063e-01 -9.796450029640054735e-01 -4.550330290487663437e-02
1.520530345901205778e+09 -1.944084882736206055e+00 4.353148639202117920e-01 -9.898869320750236511e-03 -1.039974863239674502e-01 -1.512297427874005618e-01 -9.787315363106163790e-01 -9.164424458640919868e-02
1.520530345951161385e+09 -1.917203545570373535e+00 4.901978671550750732e-01 1.985467039048671722e-03 -1.020366734169515094e-01 -1.327974395678506170e-01 -9.767514212607791846e-01 -1.338283168364355902e-01
1.520530346001474619e+09 -1.887600064277648926e+00 5.430507659912109375e-01 1.282800547778606415e-02 -1.059116487456946282e-01 -1.141794983499960642e-01 -9.730269219343476994e-01 -1.701892299984952839e-01
1.520530346051476479e+09 -1.857545018196105957e+00 5.940762758255004883e-01 1.888760179281234741e-02 -1.118748050707725622e-01 -9.910938332399203687e-02 -9.676834993710068389e-01 -2.031009679262937850e-01
1.520530346101478577e+09 -1.826800942420959473e+00 6.453406810760498047e-01 1.799203641712665558e-02 -1.162052939593103684e-01 -8.779990412308497083e-02 -9.615793538616679292e-01 -2.327072253256968204e-01
1.520530346151479721e+09 -1.795770049095153809e+00 6.962381005287170410e-01 1.112567167729139328e-02 -1.187067716519153854e-01 -7.935677810059105219e-02 -9.555133691032666743e-01 -2.580802309329366939e-01
1.520530346201480627e+09 -1.763896226882934570e+00 7.463845014572143555e-01 1.479532686062157154e-03 -1.189155708406827300e-01 -7.424902050901935335e-02 -9.501038636201897258e-01 -2.786553755072270766e-01
1.520530346251483679e+09 -1.731688380241394043e+00 7.951511740684509277e-01 -6.478951778262853622e-03 -1.191950309087754373e-01 -7.038560919253088188e-02 -9.459740068633621934e-01 -2.932091215568302101e-01
1.520530346301484585e+09 -1.698267817497253418e+00 8.433132767677307129e-01 -9.849673137068748474e-03 -1.182445249467865417e-01 -6.599013623229198211e-02 -9.427807028220122065e-01 -3.046770103348542813e-01
1.520530346351486444e+09 -1.663553357124328613e+00 8.891646265983581543e-01 -7.271540816873311996e-03 -1.146419763226509542e-01 -6.408295940520801481e-02 -9.393343068039540222e-01 -3.168621966089396058e-01
1.520530346401376247e+09 -1.627472281455993652e+00 9.321329593658447266e-01 -1.376375206746160984e-03 -1.121753837310771884e-01 -6.329619944152363453e-02 -9.349713413628522041e-01 -3.305130334059359076e-01
1.520530346451378345e+09 -1.588863730430603027e+00 9.744628071784973145e-01 4.738504532724618912e-03 -1.120625273545518413e-01 -6.182622461162726180e-02 -9.300336127616963822e-01 -3.444662349877124496e-01
1.520530346501379251e+09 -1.548900604248046875e+00 1.015228152275085449e+00 9.898184798657894135e-03 -1.105418839382852625e-01 -6.128573960745864468e-02 -9.239417010031444333e-01 -3.610488653403544634e-01
1.520530346551380396e+09 -1.506285905838012695e+00 1.055019974708557129e+00 1.229489222168922424e-02 -1.100692371261554198e-01 -5.794740420997947228e-02 -9.173761537678053468e-01 -3.780844533724967427e-01
1.520530346601382256e+09 -1.459890604019165039e+00 1.095349431037902832e+00 1.048773247748613358e-02 -1.063408271129494126e-01 -5.159561411499377637e-02 -9.111133947108887021e-01 -3.948441503573666966e-01
1.520530346651383162e+09 -1.409911751747131348e+00 1.135809421539306641e+00 6.594854872673749924e-03 -1.004690839629941990e-01 -4.186838549804509924e-02 -9.051574591957050053e-01 -4.109050687516517808e-01
1.520530346701385260e+09 -1.357968211174011230e+00 1.174911618232727051e+00 1.895537949167191982e-03 -9.569749420628761993e-02 -2.929849192251195514e-02 -8.992188642223787332e-01 -4.258979011457079689e-01
1.520530346751386166e+09 -1.303935527801513672e+00 1.211187601089477539e+00 -2.561500994488596916e-03 -8.717108047001870252e-02 -1.883536822731162602e-02 -8.907652777459391658e-01 -4.456272563428216316e-01
1.520530346801544905e+09 -1.247737407684326172e+00 1.243906617164611816e+00 -3.727732459083199501e-03 -7.520454906396487060e-02 -1.293522454968228444e-02 -8.791625843732138179e-01 -4.703723057367926175e-01
1.520530346851545811e+09 -1.192197442054748535e+00 1.272630095481872559e+00 -4.400064935907721519e-04 -6.623011362457072171e-02 -1.230708702670433100e-02 -8.672380434532992455e-01 -4.933156024752176627e-01
1.520530346901547670e+09 -1.135399222373962402e+00 1.296760916709899902e+00 5.100855138152837753e-03 -5.996913027649108247e-02 -2.016848118378233856e-02 -8.531076818917158189e-01 -5.178843682502530799e-01
1.520530346951548815e+09 -1.076807379722595215e+00 1.314584374427795410e+00 1.096389722079038620e-02 -5.590042273597726347e-02 -3.128386177912320654e-02 -8.352801503486619872e-01 -5.460801526915627369e-01
1.520530347001550674e+09 -1.016023993492126465e+00 1.327524662017822266e+00 1.637267321348190308e-02 -5.654639019389690047e-02 -3.833209852536886841e-02 -8.173360902012140050e-01 -5.720969075543705928e-01
1.520530347051552773e+09 -9.550294876098632812e-01 1.337931513786315918e+00 1.991232857108116150e-02 -6.485091338674227324e-02 -3.792820236277688606e-02 -8.002148503655954759e-01 -5.949890786836353751e-01
1.520530347101553679e+09 -8.929979205131530762e-01 1.347411036491394043e+00 1.952346414327621460e-02 -7.646761783171417137e-02 -3.458191058613638291e-02 -7.850670761692178923e-01 -6.136990148260551559e-01
1.520530347151555777e+09 -8.309578895568847656e-01 1.357123017311096191e+00 1.315659563988447189e-02 -8.471525663721579669e-02 -3.640743112169150114e-02 -7.742498617891554469e-01 -6.261269645778592130e-01
1.520530347201399803e+09 -7.696264982223510742e-01 1.366381406784057617e+00 3.157531842589378357e-03 -8.978321077475470702e-02 -3.733545716111963397e-02 -7.657933592777695919e-01 -6.356929837489281310e-01
1.520530347251402140e+09 -7.074646353721618652e-01 1.376628637313842773e+00 -6.673570256680250168e-03 -9.372175364994723978e-02 -3.396891386562906484e-02 -7.621875903849143485e-01 -6.396346010393795245e-01
1.520530347301403046e+09 -6.458935737609863281e-01 1.386798381805419922e+00 -1.333544868975877762e-02 -9.314463457724592166e-02 -3.013703041025520349e-02 -7.609737045746556294e-01 -6.413539252187105966e-01
1.520530347351404905e+09 -5.841139554977416992e-01 1.396912455558776855e+00 -1.371082384139299393e-02 -8.699257095104341586e-02 -2.816227823054850282e-02 -7.594926449800091239e-01 -6.440575291893284593e-01
1.520530347401407003e+09 -5.235130786895751953e-01 1.406056404113769531e+00 -6.859548855572938919e-03 -8.031663931475649387e-02 -2.828185779584257292e-02 -7.571858657928213221e-01 -6.476256160872378986e-01
1.520530347451407909e+09 -4.641125202178955078e-01 1.414255499839782715e+00 4.369712434709072113e-03 -8.007871033987593035e-02 -2.471267890286485414e-02 -7.556282570684470512e-01 -6.496172879253192534e-01
1.520530347501409769e+09 -4.038854837417602539e-01 1.422484993934631348e+00 1.589753665030002594e-02 -8.341808774511973168e-02 -1.805523655773561345e-02 -7.542209689959383789e-01 -6.510500449248270982e-01
1.520530347551411152e+09 -3.435662090778350830e-01 1.430537343025207520e+00 2.567741833627223969e-02 -8.799366189658805459e-02 -1.215887481163289464e-02 -7.521536591086097623e-01 -6.529733151659977697e-01
1.520530347601218224e+09 -2.849758565425872803e-01 1.436724066734313965e+00 3.128057718276977539e-02 -9.160332336241436280e-02 -7.710146679443928390e-03 -7.484977208165590756e-01 -6.567347613150675834e-01
1.520530347651220083e+09 -2.251257598400115967e-01 1.440379619598388672e+00 3.130682930350303650e-02 -9.201469434799700031e-02 -1.088206005295789614e-03 -7.441998844991042361e-01 -6.615879712806566060e-01
1.520530347701221943e+09 -1.623583585023880005e-01 1.441617250442504883e+00 2.653548866510391235e-02 -8.794030313987900860e-02 7.199913072431262870e-03 -7.385037941638079584e-01 -6.684510530630315417e-01
1.520530347751223087e+09 -9.856216609477996826e-02 1.439314246177673340e+00 1.945402286946773529e-02 -8.184005983775856363e-02 1.514953359803042528e-02 -7.313768790974327638e-01 -6.768755845494897061e-01
1.520530347801223993e+09 -3.428609669208526611e-02 1.433853268623352051e+00 1.171006076037883759e-02 -8.016020927338227131e-02 2.049268627240767929e-02 -7.226412406903878205e-01 -6.862536177770177659e-01
1.520530347851226091e+09 3.128774464130401611e-02 1.424712061882019043e+00 5.835839547216892242e-03 -8.194372086173840053e-02 1.974067105525730698e-02 -7.091165160724687277e-01 -7.000352127935177693e-01
1.520530347901226997e+09 9.669662266969680786e-02 1.411693930625915527e+00 5.979552865028381348e-03 -8.892773475135923311e-02 1.796010436080284003e-02 -6.944401577772310041e-01 -7.138082094720369364e-01
1.520530347951229095e+09 1.594304144382476807e-01 1.394758462905883789e+00 1.214881241321563721e-02 -9.874588605154099863e-02 1.601798210194352659e-02 -6.805830328377551197e-01 -7.258094857816623779e-01
1.520530348001162767e+09 2.218648195266723633e-01 1.373839616775512695e+00 2.134445868432521820e-02 -1.061470818329825622e-01 1.682608034431131230e-02 -6.625003887915478229e-01 -7.413116179378527182e-01
1.520530348051163912e+09 2.833396196365356445e-01 1.346833944320678711e+00 3.140367195010185242e-02 -1.058462410809705989e-01 1.878926397590504477e-02 -6.410724663321644146e-01 -7.599142252379994522e-01
1.520530348101166010e+09 3.414595127105712891e-01 1.315919637680053711e+00 4.042797163128852844e-02 -1.039188137013398877e-01 2.075825642252180844e-02 -6.204029949497913421e-01 -7.770907918683197524e-01
1.520530348151167870e+09 3.978659212589263916e-01 1.284363508224487305e+00 4.360308125615119934e-02 -1.072375414952020517e-01 2.681111204587494079e-02 -6.012868358617576847e-01 -7.913503743502520171e-01
1.520530348201169014e+09 4.549466669559478760e-01 1.251628637313842773e+00 3.983988985419273376e-02 -1.106315409583537440e-01 3.361768438056814134e-02 -5.821579927186277814e-01 -8.048121426493802799e-01
1.520530348251169920e+09 5.116236209869384766e-01 1.217778801918029785e+00 3.095198795199394226e-02 -1.132833253610334018e-01 4.232907075883337450e-02 -5.648861731870447045e-01 -8.162589964624806793e-01
1.520530348301183939e+09 5.673174262046813965e-01 1.183114647865295410e+00 2.029529027640819550e-02 -1.134270503532076452e-01 5.211119381314791021e-02 -5.507634513543286925e-01 -8.252747108568196932e-01
1.520530348351172924e+09 6.211883425712585449e-01 1.147613883018493652e+00 1.127015147358179092e-02 -1.092578425222451438e-01 6.034866469204035189e-02 -5.381252541631765807e-01 -8.335718165515726419e-01
1.520530348401174784e+09 6.734131574630737305e-01 1.110807895660400391e+00 7.392882369458675385e-03 -1.008434139373499544e-01 6.390615779500066762e-02 -5.255351236473810861e-01 -8.423535140748643624e-01
1.520530348451416731e+09 7.229349613189697266e-01 1.071581482887268066e+00 1.006564125418663025e-02 -9.192412120717881330e-02 5.988104121763820203e-02 -5.097467774063286772e-01 -8.533009081014986119e-01
1.520530348501418591e+09 7.679485082626342773e-01 1.031080365180969238e+00 1.700872741639614105e-02 -8.851446633413469212e-02 5.799772006240437594e-02 -4.960575220775328420e-01 -8.618169112447516822e-01
1.520530348551419735e+09 8.120771646499633789e-01 9.889310002326965332e-01 2.430782280862331390e-02 -8.974276417008569817e-02 6.296960218098945905e-02 -4.843166434882114069e-01 -8.679968054783342435e-01
1.520530348601421595e+09 8.555105328559875488e-01 9.453114271163940430e-01 2.981031686067581177e-02 -9.062647449371961927e-02 6.545775654501838348e-02 -4.693367377367508309e-01 -8.759138946492154298e-01
1.520530348651423693e+09 8.952426314353942871e-01 8.999786972999572754e-01 3.271049261093139648e-02 -8.910490682254819383e-02 6.395174106999788888e-02 -4.505060888022419108e-01 -8.860105836536985580e-01
1.520530348701424837e+09 9.334647655487060547e-01 8.524982929229736328e-01 3.211470320820808411e-02 -8.515057755740000622e-02 6.600547615201690643e-02 -4.317814729533426266e-01 -8.955207512245758616e-01
1.520530348751426697e+09 9.722503423690795898e-01 8.024974465370178223e-01 2.855120971798896790e-02 -7.871175575711586436e-02 7.062006758213759672e-02 -4.125371584965964455e-01 -9.047819397069554181e-01
1.520530348801427603e+09 1.008828639984130859e+00 7.499125003814697266e-01 2.358653396368026733e-02 -7.336348271746741256e-02 7.877404217558384159e-02 -3.934859322837007678e-01 -9.130067200068737732e-01
1.520530348851314545e+09 1.042446494102478027e+00 6.953046321868896484e-01 1.966379396617412567e-02 -6.980533610118132282e-02 8.751361456364044333e-02 -3.717230703183170837e-01 -9.215696074149424266e-01
1.520530348901315689e+09 1.071024656295776367e+00 6.386941671371459961e-01 1.878068596124649048e-02 -6.593840934880595972e-02 9.164084257196523919e-02 -3.444091868637669251e-01 -9.320066491978952206e-01
1.520530348951317549e+09 1.095358133316040039e+00 5.803405046463012695e-01 2.235191687941551208e-02 -6.444360200643010905e-02 9.339035880575895232e-02 -3.161309304967196421e-01 -9.419057796965929485e-01
1.520530349001319408e+09 1.114201307296752930e+00 5.212903022766113281e-01 2.933883480727672577e-02 -6.565052322885885083e-02 8.924654196852446764e-02 -2.830699704655458282e-01 -9.526785687560481719e-01
1.520530349051320553e+09 1.125559806823730469e+00 4.603266417980194092e-01 3.808072581887245178e-02 -6.625916205432710870e-02 8.449334086801429944e-02 -2.426283858430905438e-01 -9.641587344291375761e-01
1.520530349101322651e+09 1.131306171417236328e+00 3.972623944282531738e-01 4.713832587003707886e-02 -6.387977562316041191e-02 8.723516845242150486e-02 -2.003247585847765522e-01 -9.737450337482411733e-01
1.520530349151324511e+09 1.131793260574340820e+00 3.342095315456390381e-01 5.475167557597160339e-02 -5.785095685371999946e-02 9.384540458220094750e-02 -1.590069381648754610e-01 -9.811030019551177928e-01
1.520530349201325655e+09 1.129589676856994629e+00 2.716711759567260742e-01 5.813950300216674805e-02 -5.016408913326806523e-02 1.035127203598538298e-01 -1.196369243302200791e-01 -9.861316784395162127e-01
1.520530349251106024e+09 1.124001860618591309e+00 2.097824066877365112e-01 5.667624250054359436e-02 -4.162297400900715622e-02 1.112058163503761854e-01 -8.216767019091529567e-02 -9.895197160339398446e-01
1.520530349301106930e+09 1.116483211517333984e+00 1.493856012821197510e-01 5.169701576232910156e-02 -3.345379909996479967e-02 1.189961260061176418e-01 -4.789938307189223893e-02 -9.911742603713270539e-01
1.520530349351109266e+09 1.105861067771911621e+00 8.920389413833618164e-02 4.394493252038955688e-02 -2.631813825227043158e-02 1.311115966150134260e-01 -2.277705452512005305e-02 -9.907564335492129448e-01
1.520530349401110172e+09 1.093683719635009766e+00 3.003633394837379456e-02 3.595288842916488647e-02 -1.894147444006441180e-02 1.426498245798275555e-01 -6.292337805298755908e-03 -9.895719552303030575e-01
1.520530349451112032e+09 1.080759406089782715e+00 -2.826453559100627899e-02 3.234416991472244263e-02 -1.160618944750466293e-02 1.414264145583426502e-01 1.078555362777818515e-02 -9.898219726115513595e-01
1.520530349501114130e+09 1.064048767089843750e+00 -8.344758301973342896e-02 3.456602618098258972e-02 -6.956921211035358918e-03 1.341884989053718502e-01 2.881376356792151802e-02 -9.905124002443576048e-01
1.520530349551115036e+09 1.045881748199462891e+00 -1.352075785398483276e-01 4.013832286000251770e-02 -5.599919102275028801e-03 1.275018571041834359e-01 4.514191187911397590e-02 -9.907946937347466010e-01
1.520530349601117134e+09 1.025439023971557617e+00 -1.863699108362197876e-01 4.585677012801170349e-02 -5.548019257903371790e-03 1.251244655676354844e-01 6.524592438206362754e-02 -9.899778062917661270e-01
1.520530349650934935e+09 1.003020286560058594e+00 -2.372461110353469849e-01 4.990100488066673279e-02 -5.759494566748795015e-03 1.294322547409988977e-01 8.587193819532787376e-02 -9.878462076080337662e-01
1.520530349700936794e+09 9.781968593597412109e-01 -2.876698970794677734e-01 5.054580792784690857e-02 -7.401636148895398247e-03 1.338975991733853399e-01 1.070773723475879347e-01 -9.851655115000010898e-01
1.520530349750942707e+09 9.503010511398315430e-01 -3.383813798427581787e-01 4.688562825322151184e-02 -9.613814920076355422e-03 1.365604422843885724e-01 1.317868403171441605e-01 -9.817795317101484232e-01
1.520530349800939798e+09 9.193317890167236328e-01 -3.907429277896881104e-01 3.933499380946159363e-02 -1.019135464958750847e-02 1.380834396446487811e-01 1.586585303806786473e-01 -9.775768873719100638e-01
1.520530349850940704e+09 8.839981555938720703e-01 -4.424996972084045410e-01 3.013271279633045197e-02 -7.756414094139108505e-03 1.418709557748128736e-01 1.838449475314184456e-01 -9.726322558989657363e-01
1.520530349900985718e+09 8.457925915718078613e-01 -4.942258298397064209e-01 2.076682075858116150e-02 -4.194656570799589618e-03 1.495980370859752995e-01 2.053941648287717359e-01 -9.671691006285133563e-01
1.520530349950943947e+09 8.042761087417602539e-01 -5.437888503074645996e-01 1.344582810997962952e-02 -6.137501973265580175e-03 1.564540312392173060e-01 2.299284335694942449e-01 -9.605297406196253718e-01
1.520530350000945807e+09 7.605075836181640625e-01 -5.902079939842224121e-01 1.050633005797863007e-02 -1.620234339728282916e-02 1.604512460052472667e-01 2.568718456436933639e-01 -9.528954489551318963e-01
1.520530350051376581e+09 7.142635583877563477e-01 -6.316339373588562012e-01 1.302347797900438309e-02 -3.088386152877016858e-02 1.591142012899896818e-01 2.891651797068017227e-01 -9.434576603589868160e-01
1.520530350101378679e+09 6.648820042610168457e-01 -6.664731502532958984e-01 1.917129196226596832e-02 -3.943258608039376667e-02 1.536091900762803220e-01 3.279074786663354057e-01 -9.313033734040742084e-01
1.520530350151379585e+09 6.102662682533264160e-01 -6.980708241462707520e-01 2.670076861977577209e-02 -3.465617264427883759e-02 1.497507761033151363e-01 3.694959981126877957e-01 -9.164313188301748125e-01
1.520530350201381445e+09 5.513558983802795410e-01 -7.243238687515258789e-01 3.368138894438743591e-02 -2.110936438709384855e-02 1.482838503356301296e-01 4.095262482363384304e-01 -8.999191888554674001e-01
1.520530350251383543e+09 4.916639626026153564e-01 -7.471841573715209961e-01 3.771974518895149231e-02 -6.013822332618691535e-03 1.515733166861606973e-01 4.454440814363341827e-01 -8.823655330547817144e-01
1.520530350301384449e+09 4.314587116241455078e-01 -7.679286003112792969e-01 3.700524196028709412e-02 5.422176625463913206e-03 1.543882143415860886e-01 4.770344348186251193e-01 -8.652011484448768330e-01
1.520530350351386547e+09 3.704250752925872803e-01 -7.871325016021728516e-01 3.188753500580787659e-02 1.381401389267421405e-02 1.563605759710748055e-01 5.043885528947472663e-01 -8.490893539615894658e-01
1.520530350401387691e+09 3.087675273418426514e-01 -8.045573830604553223e-01 2.407472580671310425e-02 2.138849110818190000e-02 1.567574553251719349e-01 5.268233293468636003e-01 -8.351208369475509041e-01
1.520530350451514721e+09 2.473416030406951904e-01 -8.198948502540588379e-01 1.808102615177631378e-02 2.864927025869908397e-02 1.530859753652546451e-01 5.454518146454473415e-01 -8.235449115622663907e-01
1.520530350501515627e+09 1.860513538122177124e-01 -8.328105807304382324e-01 1.655670627951622009e-02 3.438376623579004338e-02 1.459619993950689587e-01 5.621390323528476785e-01 -8.133342238326385365e-01
1.520530350551517725e+09 1.253834813833236694e-01 -8.428964614868164062e-01 2.109372243285179138e-02 3.568103741394330897e-02 1.380386436518814541e-01 5.764897194113818291e-01 -8.045693256897131773e-01
1.520530350601519823e+09 6.736641377210617065e-02 -8.511834144592285156e-01 2.949524670839309692e-02 3.358765626762490880e-02 1.338553551854484158e-01 5.870156174971599139e-01 -7.977263177613317380e-01
1.520530350651520967e+09 9.593266993761062622e-03 -8.599835634231567383e-01 3.832861036062240601e-02 3.382656812600598473e-02 1.368414794086568187e-01 5.936514834275078423e-01 -7.922803096293549174e-01
1.520530350701522827e+09 -4.827880859375000000e-02 -8.700153827667236328e-01 4.547059908509254456e-02 3.308062280290201967e-02 1.390593956450384971e-01 6.018133208764971931e-01 -7.857409774813904901e-01
1.520530350751523733e+09 -1.066183820366859436e-01 -8.795496821403503418e-01 4.875028505921363831e-02 3.208830057570107724e-02 1.376902396680305396e-01 6.140815328564415143e-01 -7.764764065127844894e-01
1.520530350801525831e+09 -1.670079678297042847e-01 -8.881395459175109863e-01 4.733498394489288330e-02 3.560410281185188985e-02 1.334857126741133826e-01 6.262594837410431214e-01 -7.672763331416194710e-01
1.520530350851526737e+09 -2.303645014762878418e-01 -8.960329294204711914e-01 4.267032071948051453e-02 4.390543295655464223e-02 1.255516741493028221e-01 6.381182680037327248e-01 -7.583628195759081203e-01
1.520530350901570559e+09 -2.945964932441711426e-01 -9.020956158638000488e-01 3.746825456619262695e-02 5.666951281224441583e-02 1.174443550066249370e-01 6.476804406741247799e-01 -7.506699917825888635e-01
1.520530350951572895e+09 -3.598509728908538818e-01 -9.069834947586059570e-01 3.347477316856384277e-02 6.926485780719937591e-02 1.098707449013853754e-01 6.565649400050627138e-01 -7.430028791625988838e-01
1.520530351001573801e+09 -4.260092973709106445e-01 -9.093164205551147461e-01 3.249816969037055969e-02 7.545284738909921463e-02 9.933529546734594373e-02 6.706361603549205741e-01 -7.312226113296151908e-01
1.520530351051575661e+09 -4.918380379676818848e-01 -9.080520868301391602e-01 3.596966341137886047e-02 7.795217420851748014e-02 9.260590122147244196e-02 6.879566124389288051e-01 -7.155859871438772224e-01
1.520530351101577759e+09 -5.547840595245361328e-01 -9.018787145614624023e-01 4.440592229366302490e-02 7.743949532311776573e-02 8.845332366797974133e-02 7.079329572215128374e-01 -6.964266380429401382e-01
1.520530351151578665e+09 -6.149955391883850098e-01 -8.896076083183288574e-01 5.563335120677947998e-02 7.849673020278168101e-02 8.377819335954329871e-02 7.323918191912804909e-01 -6.711346368997576084e-01
1.520530351201581001e+09 -6.742986440658569336e-01 -8.710072636604309082e-01 6.739445030689239502e-02 8.588883223456002247e-02 7.904616690592973505e-02 7.561707446197465377e-01 -6.438793497046488845e-01
1.520530351251581907e+09 -7.312386631965637207e-01 -8.486495614051818848e-01 7.689669728279113770e-02 9.344025601190185382e-02 7.745574331758633968e-02 7.776899254461561162e-01 -6.168208056178899890e-01
1.520530351301682949e+09 -7.870899438858032227e-01 -8.258525729179382324e-01 8.077774196863174438e-02 9.743148466540876851e-02 8.195440907551888865e-02 7.959140835437418238e-01 -5.918710604901225025e-01
1.520530351351680040e+09 -8.427245616912841797e-01 -8.033131361007690430e-01 7.853445410728454590e-02 9.674026629715798409e-02 8.836765416178467281e-02 8.111661515484653862e-01 -5.699490794419710404e-01
1.520530351401684999e+09 -8.985736966133117676e-01 -7.813628315925598145e-01 7.144767791032791138e-02 9.641738241138159138e-02 9.407764678294833205e-02 8.221276406896866895e-01 -5.531358125801741910e-01
1.520530351451683283e+09 -9.551603198051452637e-01 -7.603672742843627930e-01 6.153223291039466858e-02 9.964211678704844311e-02 9.656295584772414675e-02 8.295244877995200383e-01 -5.409585642737257949e-01
1.520530351501759052e+09 -1.013757467269897461e+00 -7.404153347015380859e-01 5.244429409503936768e-02 1.029388896483695720e-01 9.284945577457852373e-02 8.347273395269148022e-01 -5.329285432463191086e-01
1.520530351551686049e+09 -1.071977019309997559e+00 -7.213667035102844238e-01 4.758965969085693359e-02 1.015455841491285094e-01 8.493250977936697699e-02 8.395191200225552430e-01 -5.269559851059143485e-01
1.520530351601688147e+09 -1.129715800285339355e+00 -7.023394107818603516e-01 4.784053564071655273e-02 9.601870358039329978e-02 8.096946298459281599e-02 8.445516326714147537e-01 -5.205351999421123921e-01
1.520530351651689053e+09 -1.183876156806945801e+00 -6.837443113327026367e-01 5.174509435892105103e-02 8.915035964922085610e-02 8.499321889461017299e-02 8.473252457568580809e-01 -5.165929674506104519e-01
1.520530351701694965e+09 -1.237219333648681641e+00 -6.655336022377014160e-01 5.506301298737525940e-02 8.815224494947612732e-02 9.819391399048239821e-02 8.473613287399242022e-01 -5.143597141317615140e-01
1.520530351751695871e+09 -1.291384339332580566e+00 -6.471856832504272461e-01 5.577605217695236206e-02 8.855608416666962968e-02 1.119396855205029156e-01 8.478177370322312889e-01 -5.107175457492947324e-01
1.520530351801698208e+09 -1.345239639282226562e+00 -6.281512379646301270e-01 5.333847552537918091e-02 8.397941254825065649e-02 1.192611450732887768e-01 8.519710861362822518e-01 -5.028613187864249268e-01
1.520530351851700068e+09 -1.398085117340087891e+00 -6.070743203163146973e-01 4.793877899646759033e-02 7.735411484723030140e-02 1.194559879547339304e-01 8.597245436677156682e-01 -4.905306482507471033e-01
1.520530351901700974e+09 -1.450621366500854492e+00 -5.819855332374572754e-01 4.045437648892402649e-02 7.495613032831092981e-02 1.137498860057207933e-01 8.692494209460226440e-01 -4.752346642921739250e-01
1.520530351951703072e+09 -1.500860691070556641e+00 -5.526465177536010742e-01 3.251656889915466309e-02 7.922585468841138179e-02 1.047342714848638889e-01 8.784179635183181345e-01 -4.594952422971931849e-01
1.520530352001703978e+09 -1.550412535667419434e+00 -5.202122330665588379e-01 2.523436583578586578e-02 8.634290167703882746e-02 9.538966493056033613e-02 8.864545892531783267e-01 -4.445716774001730598e-01
1.520530352051705837e+09 -1.598549485206604004e+00 -4.852292835712432861e-01 1.980202272534370422e-02 8.597842195328941894e-02 8.654280340668545068e-02 8.975905945510741502e-01 -4.236144222171656648e-01
1.520530352101805449e+09 -1.642821907997131348e+00 -4.479501247406005859e-01 1.952943578362464905e-02 8.024113561522823457e-02 8.187735760711611910e-02 9.100576566855905769e-01 -3.983120886621277501e-01
1.520530352151806593e+09 -1.682666897773742676e+00 -4.100993871688842773e-01 2.382470294833183289e-02 7.505234488464811171e-02 8.279235012957712747e-02 9.211314195578429453e-01 -3.728665715650711920e-01
1.520530352201808453e+09 -1.717564105987548828e+00 -3.699680566787719727e-01 3.101974353194236755e-02 7.419055421062348277e-02 8.636606159585390186e-02 9.325097448321411076e-01 -3.427276482331660934e-01
1.520530352251809359e+09 -1.748391628265380859e+00 -3.260539770126342773e-01 3.920711949467658997e-02 7.915301694134964372e-02 8.867605857573222783e-02 9.426740495091279204e-01 -3.118284671524041429e-01
1.520530352301811457e+09 -1.775529265403747559e+00 -2.808384299278259277e-01 4.548434540629386902e-02 8.500577930299940688e-02 9.019967569659853579e-02 9.520480865774066936e-01 -2.797185671949878882e-01
1.520530352351812363e+09 -1.799284815788269043e+00 -2.339620590209960938e-01 4.689096286892890930e-02 9.032967526424040550e-02 9.068704235623278875e-02 9.606124588324495006e-01 -2.466578886863569353e-01
1.520530352401814461e+09 -1.820721268653869629e+00 -1.852789223194122314e-01 4.308544099330902100e-02 9.755155726859221499e-02 8.929323726881582823e-02 9.673290986314367901e-01 -2.162980036741431744e-01
1.520530352451816559e+09 -1.840484857559204102e+00 -1.344389915466308594e-01 3.544328361749649048e-02 1.062686225843748888e-01 8.625745217521141317e-02 9.719746082584410640e-01 -1.911334421264650751e-01
1.520530352501468658e+09 -1.859266161918640137e+00 -8.323272317647933960e-02 2.596746757626533508e-02 1.144900559371970217e-01 8.319625563057973794e-02 9.744581064278247107e-01 -1.743611452062844847e-01
1.520530352551470757e+09 -1.876831650733947754e+00 -3.123784437775611877e-02 1.650407165288925171e-02 1.196706022252371909e-01 8.135886155558826049e-02 9.757121399877440870e-01 -1.644551686325620710e-01
1.520530352601471901e+09 -1.893692135810852051e+00 2.163790911436080933e-02 9.912690147757530212e-03 1.174364494064554648e-01 8.088884951968533521e-02 9.771991014833355527e-01 -1.573136689367725938e-01
1.520530352651473761e+09 -1.906368613243103027e+00 7.465817034244537354e-02 8.722122758626937866e-03 1.060074374117658258e-01 8.390502278136036107e-02 9.800222103134026419e-01 -1.458726761867442379e-01
1.520530352701474667e+09 -1.914981603622436523e+00 1.258680522441864014e-01 1.229946408420801163e-02 1.023507171050115766e-01 9.168767734856615725e-02 9.809713751896319556e-01 -1.371599853786731049e-01
1.520530352751476765e+09 -1.922994017601013184e+00 1.775765419006347656e-01 1.565693318843841553e-02 1.079850833962639478e-01 9.997974826940768389e-02 9.808942887254967768e-01 -1.272386185306550732e-01
1.520530352801477671e+09 -1.930198192596435547e+00 2.306381762027740479e-01 1.762222126126289368e-02 1.136298561773879112e-01 1.040452355012789903e-01 9.815872990726606240e-01 -1.129124397656374179e-01
1.520530352851479530e+09 -1.936571478843688965e+00 2.838667631149291992e-01 1.793916523456573486e-02 1.144472666873923017e-01 1.039686291815704877e-01 9.835831549483925462e-01 -9.304044602030120403e-02
1.520530352901098013e+09 -1.938752532005310059e+00 3.373822271823883057e-01 1.538361608982086182e-02 1.139448452439074250e-01 1.000012706087756997e-01 9.859989991409242593e-01 -6.944272324778068273e-02
1.520530352951099157e+09 -1.938348770141601562e+00 3.942804038524627686e-01 1.009038090705871582e-02 1.155145581924819781e-01 9.245922894053337782e-02 9.879235935540555680e-01 -4.598533601659179904e-02
1.520530353001101255e+09 -1.934272527694702148e+00 4.523412883281707764e-01 2.544984454289078712e-03 1.201064708971149309e-01 8.513414142545143448e-02 9.887764812969815909e-01 -2.544962959163656058e-02
1.520530353051102400e+09 -1.928198456764221191e+00 5.103127956390380859e-01 -5.130941979587078094e-03 1.220516297283014973e-01 8.104426882193938031e-02 9.891968031828942687e-01 -4.991066471739220335e-03
1.520530353101208210e+09 -1.919439792633056641e+00 5.682294368743896484e-01 -1.008957158774137497e-02 1.142729975344876220e-01 7.913875631859830506e-02 9.900359576460426858e-01 2.252868950276181240e-02
1.520530353151105165e+09 -1.906612038612365723e+00 6.236042976379394531e-01 -8.909136988222599030e-03 1.045352378781939512e-01 7.883050362372262532e-02 9.899880377490825056e-01 5.274296971067045370e-02
1.520530353201107264e+09 -1.889360547065734863e+00 6.754816174507141113e-01 -2.543627750128507614e-03 9.615982815543204498e-02 8.044829752640871023e-02 9.881273843727594874e-01 8.880107615828271295e-02
1.520530353251108170e+09 -1.865730881690979004e+00 7.252411842346191406e-01 5.521158222109079361e-03 9.616692396890932915e-02 7.932447054470072312e-02 9.834197627179467327e-01 1.317008785199948184e-01
1.520530353301110029e+09 -1.836210966110229492e+00 7.739275693893432617e-01 1.315718237310647964e-02 1.027494459796003262e-01 7.281206121947843279e-02 9.765427136925085572e-01 1.746576177151378528e-01
1.520530353351397753e+09 -1.801843523979187012e+00 8.201420903205871582e-01 1.885594241321086884e-02 1.132067052658157075e-01 6.418850177903266674e-02 9.674422001720962561e-01 2.170706508222511044e-01
1.520530353401398897e+09 -1.765283703804016113e+00 8.648933768272399902e-01 2.012993954122066498e-02 1.239030095246670959e-01 5.643699124989240423e-02 9.568164617134730099e-01 2.568368525805829750e-01
1.520530353451400757e+09 -1.726380109786987305e+00 9.085902571678161621e-01 1.584390364587306976e-02 1.337192415597966144e-01 4.989759099148882715e-02 9.455916106766506513e-01 2.923797200009884967e-01
1.520530353501401663e+09 -1.686190724372863770e+00 9.514175057411193848e-01 7.657170761376619339e-03 1.447585641628268138e-01 4.372832086900042131e-02 9.357070129579097006e-01 3.187242977196451110e-01
1.520530353551403761e+09 -1.644825696945190430e+00 9.942399263381958008e-01 -2.165897283703088760e-03 1.542774795389477704e-01 4.077886944687020288e-02 9.286485070503596173e-01 3.348842986269776056e-01
1.520530353601404667e+09 -1.602633953094482422e+00 1.034988403320312500e+00 -9.817397221922874451e-03 1.553689479597568646e-01 4.448359660854495079e-02 9.245665313376518757e-01 3.450484440957664600e-01
1.520530353651406765e+09 -1.559395670890808105e+00 1.074493885040283203e+00 -1.288712024688720703e-02 1.561528136810198808e-01 4.676099838309814849e-02 9.230572525390118299e-01 3.484178760408936371e-01
1.520530353701407909e+09 -1.514632821083068848e+00 1.110999345779418945e+00 -1.028727181255817413e-02 1.537793067949658199e-01 4.821092441856092425e-02 9.215241896719988945e-01 3.532998718054302656e-01
1.520530353751735926e+09 -1.469674587249755859e+00 1.144579529762268066e+00 -3.397721564397215843e-03 1.554937463398609054e-01 4.663325328860663116e-02 9.188574863258931469e-01 3.596497662445738985e-01
1.520530353801737785e+09 -1.424119353294372559e+00 1.176880240440368652e+00 3.649687394499778748e-03 1.632703468813495873e-01 4.125351644604301204e-02 9.139099899552687312e-01 3.693365287512742068e-01
1.520530353851738691e+09 -1.377297639846801758e+00 1.210311412811279297e+00 8.141031488776206970e-03 1.681226761301221617e-01 3.752074699239011518e-02 9.073183381911709144e-01 3.835366898980998029e-01
1.520530353901740789e+09 -1.329446315765380859e+00 1.241418123245239258e+00 9.245808236300945282e-03 1.676569617393242340e-01 3.585773092975918369e-02 8.996068826851252309e-01 4.016376761939287610e-01
1.520530353951741695e+09 -1.279870629310607910e+00 1.270647525787353516e+00 6.762212608009576797e-03 1.636697415089982122e-01 3.295469856249404195e-02 8.909176716767562842e-01 4.223646598037062438e-01
1.520530354001744032e+09 -1.226791143417358398e+00 1.297953486442565918e+00 2.643176121637225151e-03 1.588732314675460333e-01 2.688282190530107141e-02 8.822906086646793433e-01 4.422667657326027624e-01
1.520530354051744938e+09 -1.172095417976379395e+00 1.322719812393188477e+00 -2.323948545381426811e-03 1.559330122004858321e-01 1.748706452009750334e-02 8.750280400106177359e-01 4.579356149894107664e-01
1.520530354101746798e+09 -1.115241169929504395e+00 1.345328569412231445e+00 -6.717844400554895401e-03 1.490021354283025123e-01 9.212086947366837295e-03 8.668435848551441225e-01 4.757054766211573082e-01
1.520530354151896477e+09 -1.056511521339416504e+00 1.364855647087097168e+00 -7.376225665211677551e-03 1.369882674056958349e-01 6.930492357914479207e-03 8.562120801699125705e-01 4.980833832200928235e-01
1.520530354201897383e+09 -9.980813860893249512e-01 1.381140708923339844e+00 -3.205562941730022430e-03 1.289377367082575609e-01 1.133435131269762246e-02 8.433145320929800182e-01 5.216006063010955041e-01
1.520530354251899242e+09 -9.409425258636474609e-01 1.392981171607971191e+00 4.401422571390867233e-03 1.237713683671335385e-01 2.241210247208377457e-02 8.264959977789584356e-01 5.487100433659584109e-01
1.520530354301900387e+09 -8.823733925819396973e-01 1.399343490600585938e+00 1.264584809541702271e-02 1.223346216651171187e-01 2.935702729358571905e-02 8.056277130103109974e-01 5.789096590317978075e-01
1.520530354351902246e+09 -8.225786089897155762e-01 1.400983810424804688e+00 2.001905627548694611e-02 1.223139470821655167e-01 2.895976244628669163e-02 7.851901688730262840e-01 6.063637763037831307e-01
1.520530354401904583e+09 -7.631568312644958496e-01 1.399452924728393555e+00 2.397412061691284180e-02 1.249936880865827882e-01 2.167172278307318359e-02 7.663817188506822919e-01 6.297348452972897359e-01
1.520530354451905489e+09 -7.027612328529357910e-01 1.396559715270996094e+00 2.296803332865238190e-02 1.260361961632463224e-01 1.158212863156197689e-02 7.484412742797303952e-01 6.510118205590395002e-01
1.520530354501907349e+09 -6.417080760002136230e-01 1.392798423767089844e+00 1.791010797023773193e-02 1.244358960114298751e-01 1.255325799818202614e-03 7.332487370592812859e-01 6.684761936987270170e-01
1.520530354551593781e+09 -5.782225728034973145e-01 1.388484597206115723e+00 1.099368650466203690e-02 1.241550739195777381e-01 -9.568059783170379529e-03 7.226253126376718239e-01 6.799313402008446694e-01
1.520530354601593018e+09 -5.164248347282409668e-01 1.385142326354980469e+00 4.331021104007959366e-03 1.248868808471874925e-01 -2.207132854651683990e-02 7.178186351352092709e-01 6.845820115231464609e-01
1.520530354651594877e+09 -4.547679424285888672e-01 1.382319092750549316e+00 6.427817279472947121e-04 1.245808597997407341e-01 -3.650453085959285554e-02 7.185878900448333662e-01 6.832118799312500990e-01
1.520530354701595783e+09 -3.943508863449096680e-01 1.380609989166259766e+00 2.402907935902476311e-03 1.203362199762560147e-01 -4.497093067863233012e-02 7.198559214558223340e-01 6.821321440166214778e-01
1.520530354751596928e+09 -3.361923396587371826e-01 1.377302289009094238e+00 9.373899549245834351e-03 1.134353127924878218e-01 -4.218305358666313287e-02 7.200790746905988415e-01 6.832562813428838533e-01
1.520530354801598787e+09 -2.802168130874633789e-01 1.373918175697326660e+00 1.823006011545658112e-02 1.120749341603970856e-01 -3.920844689175048692e-02 7.213708292588364435e-01 6.822946823182033382e-01
1.520530354851599693e+09 -2.241960167884826660e-01 1.371148824691772461e+00 2.575515769422054291e-02 1.142241076875960826e-01 -4.069644004781352437e-02 7.239840256791699735e-01 6.790756832281584776e-01
1.520530354901601791e+09 -1.678319126367568970e-01 1.369321465492248535e+00 3.037133067846298218e-02 1.160180195038677947e-01 -4.261320452721675117e-02 7.245388023965432245e-01 6.780615442362918355e-01
1.520530354951359272e+09 -1.116985157132148743e-01 1.366989016532897949e+00 3.078831732273101807e-02 1.141670729430418196e-01 -4.226499932014438077e-02 7.225920153761417053e-01 6.804706669671605201e-01
1.520530355001360178e+09 -5.422263219952583313e-02 1.362779855728149414e+00 2.725342102348804474e-02 1.108547367935803774e-01 -4.309197944755588372e-02 7.182887862648921207e-01 6.855038498533947422e-01
1.520530355051362038e+09 5.147858988493680954e-03 1.356669783592224121e+00 2.134372293949127197e-02 1.067144494541570898e-01 -4.569666071837195226e-02 7.118240570267224676e-01 6.926978802587053785e-01
1.520530355101363182e+09 6.470000743865966797e-02 1.347949981689453125e+00 1.494253054261207581e-02 1.025017672300403831e-01 -5.056554944358580828e-02 7.036162859816902371e-01 7.013277657597192238e-01
1.520530355151365280e+09 1.249750703573226929e-01 1.336248874664306641e+00 9.369721636176109314e-03 9.681464702207907835e-02 -5.502028001479473268e-02 6.916341164505718231e-01 7.136118986330881597e-01
1.520530355201366425e+09 1.849885731935501099e-01 1.320424556732177734e+00 7.989963516592979431e-03 8.984254609255394597e-02 -5.765741038401861474e-02 6.746599346518681317e-01 7.303683403016268949e-01
1.520530355251368284e+09 2.428179532289505005e-01 1.302138686180114746e+00 1.255093980580568314e-02 8.712387032172627666e-02 -5.967449360691932242e-02 6.568220814008723929e-01 7.466144516530245356e-01
1.520530355301370144e+09 2.973067164421081543e-01 1.280968904495239258e+00 2.058876492083072662e-02 8.572946907909073655e-02 -5.753906597438437215e-02 6.355718132561347655e-01 7.651066489140724292e-01
1.520530355351371288e+09 3.508104979991912842e-01 1.255073428153991699e+00 2.923448942601680756e-02 8.581500679153568345e-02 -5.860609919485905428e-02 6.098129942892096533e-01 7.857030111578796605e-01
1.520530355401407480e+09 4.033470451831817627e-01 1.224255204200744629e+00 3.752616047859191895e-02 8.642792795861482802e-02 -5.964431231615514861e-02 5.816834036289878496e-01 8.066084472776797742e-01
1.520530355451408386e+09 4.522428512573242188e-01 1.192162632942199707e+00 4.241249710321426392e-02 9.051870375204802699e-02 -6.228165950068430962e-02 5.569226035317522694e-01 8.232645825227177250e-01
1.520530355501410723e+09 5.007256865501403809e-01 1.159122943878173828e+00 4.167544841766357422e-02 9.457245417199176829e-02 -6.796849481718435226e-02 5.357515782522207504e-01 8.363053156739035376e-01
1.520530355551411629e+09 5.494600534439086914e-01 1.124314308166503906e+00 3.650813549757003784e-02 9.223831544299562757e-02 -7.424331536366905737e-02 5.181132610797601901e-01 8.470765443461091282e-01
1.520530355601414442e+09 5.981137752532958984e-01 1.089079380035400391e+00 3.002168796956539154e-02 8.591036919881483991e-02 -8.569944327006392970e-02 5.059797573163690165e-01 8.539669191914829316e-01
1.520530355651415586e+09 6.463193893432617188e-01 1.053401827812194824e+00 2.457089535892009735e-02 7.777885689672758840e-02 -1.012463591688864267e-01 4.975236694526444792e-01 8.580033930639547890e-01
1.520530355701417685e+09 6.925063729286193848e-01 1.017009615898132324e+00 2.131986618041992188e-02 6.848264049254046415e-02 -1.145442924875206547e-01 4.891965609777769730e-01 8.619028122341978460e-01
1.520530355751418352e+09 7.375934123992919922e-01 9.788874387741088867e-01 2.106497809290885925e-02 5.765331642500257786e-02 -1.183095072643707835e-01 4.795487599382680100e-01 8.675897316345611010e-01
1.520530355801531076e+09 7.781152725219726562e-01 9.395053386688232422e-01 2.492352761328220367e-02 4.910420963579720244e-02 -1.127876705752120928e-01 4.696939553778767817e-01 8.742169674879035624e-01
1.520530355851532936e+09 8.151894211769104004e-01 9.009013772010803223e-01 2.931039594113826752e-02 4.792296017678811249e-02 -1.111914114263576753e-01 4.627306341886012753e-01 8.781914484304226276e-01
1.520530355901534081e+09 8.518134951591491699e-01 8.615980148315429688e-01 3.230618685483932495e-02 4.978264557823329495e-02 -1.095487042024164415e-01 4.516698178360437077e-01 8.840334525699570234e-01
1.520530355951535940e+09 8.872336745262145996e-01 8.214330077171325684e-01 3.264277800917625427e-02 5.064028665920097122e-02 -1.026978674047849538e-01 4.334908247653517788e-01 8.938536872675741929e-01
1.520530356001537085e+09 9.195628166198730469e-01 7.796759605407714844e-01 3.086391836404800415e-02 5.013198649950838248e-02 -9.839237229972590260e-02 4.142478598616158858e-01 9.034403331725434638e-01
1.520530356051538944e+09 9.513889551162719727e-01 7.348982691764831543e-01 2.677452191710472107e-02 4.739128707729258622e-02 -9.921193678427518703e-02 3.970394654733589990e-01 9.111919229038963897e-01
1.520530356101541042e+09 9.836742877960205078e-01 6.869452595710754395e-01 2.114611491560935974e-02 4.427282130025416568e-02 -1.019877342150693755e-01 3.813511720942435179e-01 9.177198390065123279e-01
1.520530356151542187e+09 1.012712597846984863e+00 6.366434097290039062e-01 1.554231811314821243e-02 4.326070357857868948e-02 -1.052684383486207492e-01 3.655433855855441116e-01 9.238100998950962151e-01
1.520530356201376200e+09 1.038988590240478516e+00 5.842359066009521484e-01 1.162003725767135620e-02 4.198012053159613788e-02 -1.059523131316881112e-01 3.449884293176971872e-01 9.316623639812362523e-01
1.520530356251379967e+09 1.061344385147094727e+00 5.294335484504699707e-01 1.136037707328796387e-02 4.065196623507010693e-02 -1.052505233971631066e-01 3.194689778075678888e-01 9.408556303622961359e-01
1.520530356301379204e+09 1.079258680343627930e+00 4.745486974716186523e-01 1.547615509480237961e-02 4.143725050981469232e-02 -1.037729385743122734e-01 2.907427051638986626e-01 9.502540770150986749e-01
1.520530356351380110e+09 1.091787576675415039e+00 4.206857979297637939e-01 2.282796800136566162e-02 4.221650055324498857e-02 -9.925596045275468515e-02 2.565934264189650427e-01 9.604820846399033663e-01
1.520530356401381969e+09 1.098143577575683594e+00 3.653604090213775635e-01 3.157399594783782959e-02 4.004735119798898124e-02 -9.787770342884982711e-02 2.170867021899115790e-01 9.704068881483827180e-01
1.520530356451383114e+09 1.100293517112731934e+00 3.076553940773010254e-01 4.022867977619171143e-02 3.574430158074275166e-02 -1.006910193787621394e-01 1.767409424372082538e-01 9.784407507802289627e-01
1.520530356501384974e+09 1.097353339195251465e+00 2.509573698043823242e-01 4.581037908792495728e-02 3.349580674272008285e-02 -1.082237158249586273e-01 1.389874244173826823e-01 9.837927394108554324e-01
1.520530356551385880e+09 1.092182040214538574e+00 1.945890784263610840e-01 4.565687105059623718e-02 3.097974604186091649e-02 -1.157152171685836561e-01 1.045326187276827551e-01 9.872806974071467456e-01
1.520530356601232529e+09 1.084537863731384277e+00 1.382466703653335571e-01 4.120619222521781921e-02 2.477458616758901333e-02 -1.192711189619022477e-01 7.428583318582387962e-02 9.897687785789609505e-01
1.520530356651234627e+09 1.076109528541564941e+00 8.232449740171432495e-02 3.446030989289283752e-02 1.596326283782535313e-02 -1.223623305569846720e-01 4.778781242305434745e-02 9.912058107598303858e-01
1.520530356701235533e+09 1.065490961074829102e+00 2.634980902075767517e-02 2.783072553575038910e-02 6.916226464444415363e-03 -1.268340582171103570e-01 2.600610495346332429e-02 9.915588585620223050e-01
1.520530356751237392e+09 1.053256511688232422e+00 -2.911919169127941132e-02 2.296392433345317841e-02 -1.188632850328828414e-03 -1.311549919207344594e-01 9.516107326197427788e-03 9.913154891090804055e-01
1.520530356801238537e+09 1.039642333984375000e+00 -8.556873351335525513e-02 2.229071781039237976e-02 -5.925326580156917156e-03 -1.330700510420526061e-01 -6.779316315097521500e-03 9.910657359080092821e-01
1.520530356851240635e+09 1.023303747177124023e+00 -1.389373540878295898e-01 2.587180957198143005e-02 -5.421424712482586158e-03 -1.286550304274491630e-01 -2.645198982413633770e-02 9.913217356308408057e-01
1.520530356901242495e+09 1.005034327507019043e+00 -1.899414509534835815e-01 3.079583682119846344e-02 -3.259798535569213059e-03 -1.312468508489991748e-01 -4.523840952036042168e-02 9.903116298215406399e-01
1.520530356951243639e+09 9.848632216453552246e-01 -2.413853257894515991e-01 3.458965569734573364e-02 -2.341127194834163264e-03 -1.381769442260485370e-01 -6.386236679782816839e-02 9.883436898745238119e-01
1.520530357001152515e+09 9.631896615028381348e-01 -2.923266887664794922e-01 3.613673523068428040e-02 -1.079305176452238476e-03 -1.421837935857843682e-01 -8.426190049996927500e-02 9.862466912826750587e-01
1.520530357051153660e+09 9.393270015716552734e-01 -3.416821360588073730e-01 3.472033515572547913e-02 3.852612368053246134e-04 -1.422775312523398838e-01 -1.070242989090052083e-01 9.840237573948886762e-01
1.520530357101155758e+09 9.125944375991821289e-01 -3.914409279823303223e-01 2.944314479827880859e-02 -1.347709636501217721e-03 -1.410227223442647726e-01 -1.300806659221443728e-01 9.814223330526972155e-01
1.520530357151156664e+09 8.837554454803466797e-01 -4.420409798622131348e-01 2.244438230991363525e-02 -6.536137691292833764e-03 -1.393289100455592511e-01 -1.553339639487243962e-01 9.779652822946084401e-01
1.520530357201158762e+09 8.511658906936645508e-01 -4.911490976810455322e-01 1.510045025497674942e-02 -1.329180468238333294e-02 -1.350179724177009988e-01 -1.814556816525333127e-01 9.739955393370716141e-01
1.520530357251159668e+09 8.150968551635742188e-01 -5.377321839332580566e-01 9.755476377904415131e-03 -1.984123455559428512e-02 -1.270766966443307722e-01 -2.103171585599291349e-01 9.691359715729016555e-01
1.520530357301161528e+09 7.757613062858581543e-01 -5.809231996536254883e-01 7.750328630208969116e-03 -2.532281926369796959e-02 -1.192872666398434311e-01 -2.405996605524167997e-01 9.629335938600307454e-01
1.520530357351163626e+09 7.353710532188415527e-01 -6.209082007408142090e-01 9.745027869939804077e-03 -2.844213270003848743e-02 -1.168610208804543582e-01 -2.694928895028608773e-01 9.554622595339127278e-01
1.520530357401658058e+09 6.932123899459838867e-01 -6.570876240730285645e-01 1.516230963170528412e-02 -2.840567836487826667e-02 -1.140901032646545743e-01 -3.024838159612265320e-01 9.458753125307934884e-01
1.520530357451659918e+09 6.476531624794006348e-01 -6.885827183723449707e-01 2.187896706163883209e-02 -2.824489395241126452e-02 -1.105759218139134303e-01 -3.385114441111481964e-01 9.340156281810307881e-01
1.520530357501662016e+09 5.981187224388122559e-01 -7.171896696090698242e-01 2.787492051720619202e-02 -2.970584845824899081e-02 -1.118987576253689387e-01 -3.735896103811991442e-01 9.203407160527552477e-01
1.520530357551662922e+09 5.467700958251953125e-01 -7.428666949272155762e-01 2.955372817814350128e-02 -3.310242658830109957e-02 -1.171722632453774948e-01 -4.061862815347850875e-01 9.056420897754623445e-01
1.520530357601665974e+09 4.924770891666412354e-01 -7.674235105514526367e-01 2.670024707913398743e-02 -3.872171188046621276e-02 -1.203491285401594585e-01 -4.359803659584366997e-01 8.910318943715863638e-01
1.520530357651665926e+09 4.360133111476898193e-01 -7.910435795783996582e-01 2.051682583987712860e-02 -4.646219055839108381e-02 -1.207204692266474338e-01 -4.615978044940600156e-01 8.776077142120374264e-01
1.520530357701666832e+09 3.793809115886688232e-01 -8.129906058311462402e-01 1.382964104413986206e-02 -5.535949190099875850e-02 -1.212174780314221878e-01 -4.818245617197974284e-01 8.660754825069753027e-01
1.520530357751669168e+09 3.215187191963195801e-01 -8.339198827743530273e-01 7.855941541492938995e-03 -6.447175365850392470e-02 -1.227175635385112928e-01 -4.971347323367081295e-01 8.565283710910445159e-01
1.520530357801671028e+09 2.634548544883728027e-01 -8.535469174385070801e-01 6.214241497218608856e-03 -7.048744550045228652e-02 -1.220394718069484491e-01 -5.079737787640234981e-01 8.497649836490679398e-01
1.520530357851585388e+09 2.050566673278808594e-01 -8.714874386787414551e-01 9.959113784134387970e-03 -6.544494300418798871e-02 -1.156599967785974653e-01 -5.188771220511928517e-01 8.444561899780383962e-01
1.520530357901559353e+09 1.496695727109909058e-01 -8.864701986312866211e-01 1.653642952442169189e-02 -5.617844283878734718e-02 -1.096922898492074389e-01 -5.290417643418857674e-01 8.395989493144160321e-01
1.520530357951560259e+09 9.429179131984710693e-02 -9.011632204055786133e-01 2.271086350083351135e-02 -5.201229192508830673e-02 -1.092056730053113794e-01 -5.375020023643027889e-01 8.345420540191617054e-01
1.520530358001562119e+09 3.796720504760742188e-02 -9.156185984611511230e-01 2.738619595766067505e-02 -5.192165384124666772e-02 -1.096891672559527631e-01 -5.469105771118024650e-01 8.283485070260708794e-01
1.520530358051563263e+09 -1.809703744947910309e-02 -9.296975135803222656e-01 2.966170758008956909e-02 -5.369087631013159251e-02 -1.098240529171174290e-01 -5.574458189382898166e-01 8.211638850741841411e-01
1.520530358101565361e+09 -7.484406232833862305e-02 -9.431969523429870605e-01 2.944982051849365234e-02 -5.576164181376805362e-02 -1.071061995445546089e-01 -5.678253078075611304e-01 8.142440181755121742e-01
1.520530358151567221e+09 -1.327582746744155884e-01 -9.560804963111877441e-01 2.586371079087257385e-02 -5.797700577770598107e-02 -1.016501857749694815e-01 -5.772567981304551621e-01 8.081339589109847177e-01
1.520530358201568365e+09 -1.920732855796813965e-01 -9.683476090431213379e-01 1.993099413812160492e-02 -5.942513488689592227e-02 -9.544744451001502261e-02 -5.862255163035475780e-01 8.023079724861400530e-01
1.520530358251625299e+09 -2.513544261455535889e-01 -9.792706966400146484e-01 1.380060426890850067e-02 -5.936578215792248647e-02 -9.022740163897481624e-02 -5.960220025323131887e-01 7.956710956165421456e-01
1.520530358301626205e+09 -3.109725415706634521e-01 -9.883233308792114258e-01 1.002323720604181290e-02 -5.616070693115151474e-02 -8.600372235971619206e-02 -6.103140892607408219e-01 7.854718627596398717e-01
1.520530358351628304e+09 -3.694871068000793457e-01 -9.948362708091735840e-01 1.177881285548210144e-02 -5.506223814494018431e-02 -8.564013245512915040e-02 -6.236535312777977680e-01 7.750420572899709981e-01
1.520530358401629210e+09 -4.262237846851348877e-01 -9.993966221809387207e-01 1.817264035344123840e-02 -5.460736485650356103e-02 -8.587626301146480956e-02 -6.355832765833536735e-01 7.652954995831235951e-01
1.520530358451631308e+09 -4.827506244182586670e-01 -1.001355767250061035e+00 2.713240869343280792e-02 -5.505988008521475741e-02 -8.398752846584132958e-02 -6.501091286725690921e-01 7.531750297797943361e-01
1.520530358501632452e+09 -5.399641394615173340e-01 -9.991653561592102051e-01 3.615321591496467590e-02 -5.605719773148681861e-02 -8.048285241799871259e-02 -6.655579555535174885e-01 7.398734411023129010e-01
1.520530358551634312e+09 -5.970757603645324707e-01 -9.941936135292053223e-01 4.256769269704818726e-02 -5.819157568606452696e-02 -7.894100566662454188e-02 -6.792689194240301154e-01 7.273072206763971925e-01
1.520530358601636171e+09 -6.543081402778625488e-01 -9.872961640357971191e-01 4.433487355709075928e-02 -6.125760084926866467e-02 -7.788706579124056451e-02 -6.922172315309467194e-01 7.148541219663312463e-01
1.520530358651798248e+09 -7.126761674880981445e-01 -9.787694811820983887e-01 4.026734456419944763e-02 -6.355165277870333806e-02 -7.570401833043699513e-02 -7.042989869943105941e-01 7.029886385685817363e-01
1.520530358701800346e+09 -7.712590694427490234e-01 -9.687642455101013184e-01 3.109003975987434387e-02 -6.767011368469261212e-02 -7.585583553945877966e-02 -7.136793663700427004e-01 6.930572919652212560e-01
1.520530358751801491e+09 -8.303973078727722168e-01 -9.578819870948791504e-01 1.917851902544498444e-02 -7.325625312594997995e-02 -7.889449481146294796e-02 -7.209212078631337395e-01 6.846033830763261774e-01
1.520530358801803350e+09 -8.887746930122375488e-01 -9.455671906471252441e-01 7.626625243574380875e-03 -7.719741634703135291e-02 -8.057039098532479959e-02 -7.284860491133949845e-01 6.759120114726260287e-01
1.520530358851805210e+09 -9.468669295310974121e-01 -9.314606189727783203e-01 -1.551448134705424309e-03 -7.554624739770335329e-02 -7.845439517875099633e-02 -7.376604446825978378e-01 6.663293035218649241e-01
1.520530358901806355e+09 -1.003994464874267578e+00 -9.148815870285034180e-01 -8.361779153347015381e-03 -7.110348128374156806e-02 -7.548875132916649244e-02 -7.468092811289012145e-01 6.569030681857328524e-01
1.520530358951808453e+09 -1.058714747428894043e+00 -8.970143795013427734e-01 -1.514403056353330612e-02 -6.790960932385990689e-02 -7.482966347854992650e-02 -7.554132501461284788e-01 6.474099380831517259e-01
1.520530359001810312e+09 -1.113406658172607422e+00 -8.777229785919189453e-01 -2.458030544221401215e-02 -7.017183476444273371e-02 -8.026891399182975451e-02 -7.639147827185170936e-01 6.364487566147685182e-01
1.520530359051805735e+09 -1.168068528175354004e+00 -8.576481938362121582e-01 -3.738712146878242493e-02 -7.213925659174909299e-02 -8.747200030625938705e-02 -7.706150507552468332e-01 6.271339732228673469e-01
1.520530359101810694e+09 -1.221783161163330078e+00 -8.367375135421752930e-01 -5.435735359787940979e-02 -7.061031871663860093e-02 -9.360001538305744162e-02 -7.780671347523951953e-01 6.171424096829066785e-01
1.520530359151808977e+09 -1.275628328323364258e+00 -8.138159513473510742e-01 -7.478088140487670898e-02 -6.906489882938131319e-02 -9.769194368109790361e-02 -7.871907784217249127e-01 6.049933902591788648e-01
1.520530359201809645e+09 -1.329413414001464844e+00 -7.893167734146118164e-01 -9.596300125122070312e-02 -6.862340525927201895e-02 -9.622210530291573638e-02 -7.983572085658132700e-01 5.904726092146008742e-01
1.520530359251811981e+09 -1.383018851280212402e+00 -7.627093791961669922e-01 -1.175558343529701233e-01 -6.955756256690651118e-02 -9.225896013657654271e-02 -8.115640293886623446e-01 5.727249391869598805e-01
1.520530359301812887e+09 -1.435202836990356445e+00 -7.338853478431701660e-01 -1.370998173952102661e-01 -6.883884625113353972e-02 -8.585455588066132071e-02 -8.245039769561273157e-01 5.550526105378454922e-01
1.520530359351814747e+09 -1.485744237899780273e+00 -7.028236985206604004e-01 -1.542132645845413208e-01 -6.342496526837956838e-02 -7.819373663897642712e-02 -8.387531974864375073e-01 5.351224972260245627e-01
1.520530359401816845e+09 -1.534147858619689941e+00 -6.693559885025024414e-01 -1.667015403509140015e-01 -5.908968101645366983e-02 -7.752077766797188518e-02 -8.511553121532980937e-01 5.157844251432458504e-01
1.520530359451918840e+09 -1.582149744033813477e+00 -6.342244148254394531e-01 -1.729092150926589966e-01 -5.084477472838494494e-02 -8.253757970972450120e-02 -8.621521143287570466e-01 4.972887376333136045e-01
1.520530359501869917e+09 -1.627792835235595703e+00 -5.962914228439331055e-01 -1.712879389524459839e-01 -4.154404979859990105e-02 -8.285143190556197579e-02 -8.739066086170503844e-01 4.771760383474582534e-01
1.520530359551871061e+09 -1.669585943222045898e+00 -5.541322827339172363e-01 -1.622480303049087524e-01 -4.059832423098579113e-02 -7.650396703637282747e-02 -8.858833863945215770e-01 4.557516262258513029e-01
1.520530359601872921e+09 -1.709335923194885254e+00 -5.085339546203613281e-01 -1.498312652111053467e-01 -4.403732401558645149e-02 -6.887011319213333371e-02 -8.977563497499649880e-01 4.328407999323393152e-01
1.520530359651873827e+09 -1.745575428009033203e+00 -4.612494111061096191e-01 -1.349987536668777466e-01 -5.145750800307580947e-02 -6.678491649723676538e-02 -9.079422108489492160e-01 4.105275161999408229e-01
1.520530359701876163e+09 -1.778529524803161621e+00 -4.114753901958465576e-01 -1.201678514480590820e-01 -6.001080517015935922e-02 -6.846804853435364824e-02 -9.172775064376166299e-01 3.877019548265324689e-01
1.520530359751878023e+09 -1.808737754821777344e+00 -3.588835299015045166e-01 -1.059558019042015076e-01 -7.078177947487110377e-02 -7.212731702464802996e-02 -9.254673354013045472e-01 3.650997136925827613e-01
1.520530359801878929e+09 -1.837737560272216797e+00 -3.036900758743286133e-01 -9.257745742797851562e-02 -7.964837045709795282e-02 -7.610862964243537976e-02 -9.324375395376535147e-01 3.441276629950669741e-01
1.520530359851881027e+09 -1.863159179687500000e+00 -2.461982369422912598e-01 -7.926253974437713623e-02 -8.344726540257432768e-02 -7.864196156275712890e-02 -9.390531846292287099e-01 3.240850385563919800e-01
1.520530359901825905e+09 -1.884946107864379883e+00 -1.870601177215576172e-01 -6.229869276285171509e-02 -8.269295377122223845e-02 -7.761847491309871450e-02 -9.460260593181598621e-01 3.035983248302082105e-01
1.520530359951827765e+09 -1.904821038246154785e+00 -1.259594261646270752e-01 -3.886381164193153381e-02 -8.038598872485519520e-02 -7.624360011184337649e-02 -9.526856338264918511e-01 2.830460905211874545e-01
1.520530360001828909e+09 -1.918757557868957520e+00 -6.499683856964111328e-02 -8.780309930443763733e-03 -7.836553979060673081e-02 -7.572820569682223169e-02 -9.586729137691785141e-01 2.628123388286403017e-01
1.520530360051830769e+09 -1.929208517074584961e+00 -3.976301755756139755e-03 2.433156967163085938e-02 -7.957254733093056809e-02 -7.486919717982744304e-02 -9.635839023734186215e-01 2.440673597835829045e-01
1.520530360101831675e+09 -1.936515092849731445e+00 5.642904341220855713e-02 5.914988741278648376e-02 -8.165295886256178359e-02 -7.038847859962513165e-02 -9.678352142239444733e-01 2.273175191170065945e-01
1.520530360151834011e+09 -1.940262198448181152e+00 1.155862361192703247e-01 9.410252422094345093e-02 -8.136053702029735768e-02 -6.197460043491043874e-02 -9.732866969262916612e-01 2.055544149440986512e-01
1.520530360201835871e+09 -1.939910292625427246e+00 1.732825487852096558e-01 1.289106905460357666e-01 -7.994263450721628139e-02 -4.920854688301845581e-02 -9.793818386640377183e-01 1.788823864911134320e-01
1.520530360251836777e+09 -1.935201168060302734e+00 2.294691503047943115e-01 1.646419614553451538e-01 -7.828381112176779899e-02 -3.135473361103959661e-02 -9.850164307016955334e-01 1.504365542151375468e-01
1.520530360301316261e+09 -1.928132057189941406e+00 2.832225263118743896e-01 2.024937719106674194e-01 -7.422573899419256105e-02 -9.980609616982086610e-03 -9.899326807930909355e-01 1.201008517881686638e-01
1.520530360351317167e+09 -1.917957663536071777e+00 3.336746394634246826e-01 2.423118054866790771e-01 -7.202288239255046076e-02 1.334973002254132707e-02 -9.933178053617631731e-01 8.918647134787006936e-02
1.520530360401319265e+09 -1.905202269554138184e+00 3.803895413875579834e-01 2.820145189762115479e-01 -7.046578450178060671e-02 3.605282860202351641e-02 -9.951157041240528134e-01 5.898730515994261153e-02
1.520530360451321125e+09 -1.889849901199340820e+00 4.238389134407043457e-01 3.209407329559326172e-01 -6.842163096905211350e-02 5.539679439646153641e-02 -9.956505141104688983e-01 3.049146335763925839e-02
1.520530360501322985e+09 -1.873438835144042969e+00 4.655071496963500977e-01 3.565351665019989014e-01 -6.555765788159198526e-02 7.067275707116517369e-02 -9.953410505402108255e-01 1.935977931066164672e-03
1.520530360551324368e+09 -1.854779601097106934e+00 5.071782469749450684e-01 3.851214647293090820e-01 -6.090927293439317436e-02 7.867230476489661672e-02 -9.945823206309548636e-01 -3.011206439166132579e-02
1.520530360601326227e+09 -1.833277821540832520e+00 5.483906269073486328e-01 4.039222300052642822e-01 -5.851914591805076199e-02 7.874283748737020971e-02 -9.932709691570583699e-01 -6.154556795787416434e-02
1.520530360651327372e+09 -1.809408664703369141e+00 5.911157727241516113e-01 4.126447737216949463e-01 -5.819057457474768186e-02 7.287801531963687685e-02 -9.912908901812568230e-01 -9.297861559188382030e-02
1.520530360700978279e+09 -1.783413290977478027e+00 6.331630945205688477e-01 4.089316129684448242e-01 -5.688393798303145732e-02 6.574516670893951198e-02 -9.884264360107228864e-01 -1.243180246347919266e-01
1.520530360750980139e+09 -1.754197955131530762e+00 6.760208606719970703e-01 3.943351507186889648e-01 -5.376263542327744394e-02 6.015615725055974833e-02 -9.844985897181158796e-01 -1.557348471609061036e-01
1.520530360800981045e+09 -1.721805334091186523e+00 7.180966734886169434e-01 3.701428472995758057e-01 -4.792365030020488692e-02 5.503173138901521627e-02 -9.801708400058308790e-01 -1.842280019011627024e-01
1.520530360850983381e+09 -1.687963843345642090e+00 7.590919733047485352e-01 3.395796120166778564e-01 -4.235576529810865937e-02 4.941249341028735448e-02 -9.766397027917028684e-01 -2.047908337107015031e-01
1.520530360900984049e+09 -1.652919173240661621e+00 7.985307574272155762e-01 3.046360313892364502e-01 -3.871297648799845031e-02 4.330826385181016369e-02 -9.730740654624241426e-01 -2.230528252634595976e-01
1.520530360950988054e+09 -1.616475343704223633e+00 8.357211351394653320e-01 2.678637206554412842e-01 -3.830268373438974749e-02 3.632147761669326375e-02 -9.685060388517091612e-01 -2.433304489583142105e-01
1.520530361000988245e+09 -1.579483866691589355e+00 8.698347806930541992e-01 2.307529300451278687e-01 -4.213422165576263118e-02 2.722552605784454502e-02 -9.630580547341008879e-01 -2.645801604582369571e-01
1.520530361051064253e+09 -1.542019009590148926e+00 9.004833102226257324e-01 1.939346939325332642e-01 -4.766581859250614006e-02 1.508305378530595126e-02 -9.567788055973369676e-01 -2.864869776903463117e-01
1.520530361101044178e+09 -1.504584074020385742e+00 9.266354441642761230e-01 1.562767028808593750e-01 -5.587498859961472636e-02 1.794374899157610836e-03 -9.503489126836375256e-01 -3.061236842009160686e-01
1.520530361151045322e+09 -1.466698169708251953e+00 9.495930671691894531e-01 1.180839091539382935e-01 -6.293262482385966750e-02 -1.116309770178263057e-02 -9.430321962775679578e-01 -3.265044360592770922e-01
1.520530361201047182e+09 -1.428277373313903809e+00 9.705441594123840332e-01 7.879032194614410400e-02 -6.730704132780095106e-02 -2.273817960830999338e-02 -9.339093140904269896e-01 -3.503799800658511931e-01
1.520530361251048088e+09 -1.388139843940734863e+00 9.896712303161621094e-01 3.853316977620124817e-02 -7.261478329960051326e-02 -3.224766704274407980e-02 -9.225079042372251736e-01 -3.777119905913697839e-01
1.520530361301050186e+09 -1.347628831863403320e+00 1.006450176239013672e+00 -1.811813679523766041e-03 -8.007009755047367339e-02 -4.023658324710388534e-02 -9.096163150676530584e-01 -4.056697625034444421e-01
1.520530361351051092e+09 -1.307466745376586914e+00 1.020552635192871094e+00 -4.138600826263427734e-02 -8.453579636589933499e-02 -4.967283993705542272e-02 -8.962554554772694804e-01 -4.325649854445029474e-01
1.520530361401052952e+09 -1.267912626266479492e+00 1.031917095184326172e+00 -7.870100438594818115e-02 -8.677826620774567457e-02 -6.145384765359234586e-02 -8.821013365485321778e-01 -4.589010668780799107e-01
1.520530361451055288e+09 -1.230495333671569824e+00 1.039197802543640137e+00 -1.124095395207405090e-01 -8.993685667249552707e-02 -7.766277808895614976e-02 -8.676990554723816862e-01 -4.826781576202853197e-01
1.520530361501690149e+09 -1.196091413497924805e+00 1.042147040367126465e+00 -1.410719007253646851e-01 -9.336089732592067758e-02 -9.776023438406752919e-02 -8.530926464506144447e-01 -5.039440603832514576e-01
1.520530361551692009e+09 -1.164429664611816406e+00 1.041383504867553711e+00 -1.641562134027481079e-01 -9.808683892814276661e-02 -1.148554802746885317e-01 -8.370303300303324479e-01 -5.258967743666699279e-01
1.520530361601692915e+09 -1.131830811500549316e+00 1.036237597465515137e+00 -1.809813380241394043e-01 -1.051245118958278046e-01 -1.267456931446769852e-01 -8.169010977922990246e-01 -5.527720711954214883e-01
1.520530361651695251e+09 -1.096046805381774902e+00 1.027052283287048340e+00 -1.894762068986892700e-01 -1.087068791825372416e-01 -1.349944503941923613e-01 -7.924476451576576430e-01 -5.847957271263584111e-01
1.520530361701696157e+09 -1.057339549064636230e+00 1.013892650604248047e+00 -1.899602115154266357e-01 -1.120523692967323875e-01 -1.373787710060447587e-01 -7.648339487184284691e-01 -6.193548019508960945e-01
1.520530361751698017e+09 -1.017199873924255371e+00 9.980263113975524902e-01 -1.820684075355529785e-01 -1.147859011796522194e-01 -1.352049459551644128e-01 -7.364189677236410159e-01 -6.528636331244705993e-01
1.520530361801700115e+09 -9.750545620918273926e-01 9.811635017395019531e-01 -1.672750115394592285e-01 -1.119138868567664813e-01 -1.286862460482728621e-01 -7.106751622427962545e-01 -6.825364061922185588e-01
1.520530361851701021e+09 -9.300101995468139648e-01 9.651235938072204590e-01 -1.475461423397064209e-01 -1.011821740261178437e-01 -1.178865390367989929e-01 -6.859808317628026675e-01 -7.108412129493386633e-01
1.520530361901939392e+09 -8.813664317131042480e-01 9.499780535697937012e-01 -1.227979212999343872e-01 -8.352387181515599779e-02 -1.053729960916922337e-01 -6.613865682978782301e-01 -7.378943703585371106e-01
1.520530361951941252e+09 -8.298194408416748047e-01 9.366837143898010254e-01 -9.329243749380111694e-02 -6.299036990192374841e-02 -9.339510658905682272e-02 -6.403929086795022707e-01 -7.597410676525551132e-01
1.520530362001942396e+09 -7.761308550834655762e-01 9.265992641448974609e-01 -5.962089821696281433e-02 -4.230926107852668594e-02 -8.307142402578282514e-02 -6.223251108843607105e-01 -7.771875715038717436e-01
1.520530362051944256e+09 -7.218348383903503418e-01 9.211189150810241699e-01 -1.981713250279426575e-02 -2.390381805804474638e-02 -7.131463812652143186e-02 -6.088875342890190945e-01 -7.896827213878809815e-01
1.520530362101945162e+09 -6.674830913543701172e-01 9.209756255149841309e-01 2.354157902300357819e-02 -3.551408283360431729e-03 -6.222873694343376838e-02 -6.000645533180770652e-01 -7.975195945234240247e-01
1.520530362151947260e+09 -6.129596233367919922e-01 9.262839555740356445e-01 6.859324872493743896e-02 1.447918397979888229e-02 -5.402235856553867094e-02 -5.942954794041649391e-01 -8.022997078187611431e-01
1.520530362201949358e+09 -5.595833659172058105e-01 9.376417398452758789e-01 1.138222292065620422e-01 2.912911973819387254e-02 -4.578467934081755647e-02 -5.894387017477057400e-01 -8.059883835409263897e-01
1.520530362251950264e+09 -5.070382952690124512e-01 9.542379975318908691e-01 1.567222774028778076e-01 4.283263029120080306e-02 -3.710907210216835700e-02 -5.859409985266673671e-01 -8.083696114993593751e-01
1.520530362301951408e+09 -4.535786211490631104e-01 9.749355316162109375e-01 1.941371858119964600e-01 5.461911564527343471e-02 -3.094984636298453787e-02 -5.858652081392904387e-01 -8.079732774715644439e-01
1.520530362351623297e+09 -3.987048268318176270e-01 9.995775222778320312e-01 2.231120765209197998e-01 6.034418519451537760e-02 -2.783135875562394584e-02 -5.890010184306138097e-01 -8.053954277686987684e-01
1.520530362401625156e+09 -3.430528342723846436e-01 1.028018355369567871e+00 2.421102970838546753e-01 5.977638695130407798e-02 -2.746145389178053162e-02 -5.942646375662979930e-01 -8.015748203701225094e-01
1.520530362451626301e+09 -2.881605923175811768e-01 1.060050725936889648e+00 2.507847249507904053e-01 5.596408837765100286e-02 -2.620980257107326933e-02 -6.023606490891041387e-01 -7.958283203619967994e-01
1.520530362501628160e+09 -2.325884550809860229e-01 1.095098614692687988e+00 2.514849007129669189e-01 5.414950824911213961e-02 -2.295991768742541850e-02 -6.133423421880596083e-01 -7.876241770130162356e-01
1.520530362551629305e+09 -1.775045543909072876e-01 1.133397340774536133e+00 2.464867085218429565e-01 5.341410376943301480e-02 -1.615012917298430314e-02 -6.277051262536497145e-01 -7.764485696561581607e-01
1.520530362601631403e+09 -1.230190843343734741e-01 1.172279000282287598e+00 2.366337031126022339e-01 4.999008296419770597e-02 -7.564719140602913124e-03 -6.393074854003568674e-01 -7.672872380931595737e-01
1.520530362651727200e+09 -7.059123367071151733e-02 1.211558103561401367e+00 2.236936390399932861e-01 3.963381937112601949e-02 -5.636905222158916694e-04 -6.480767346736847623e-01 -7.605428249544837760e-01
1.520530362701634407e+09 -2.095951884984970093e-02 1.248512625694274902e+00 2.086951583623886108e-01 2.180700308328311493e-02 1.342306599121040409e-04 -6.551818046400900153e-01 -7.551564337719772757e-01
1.520530362751363993e+09 2.690586447715759277e-02 1.282339811325073242e+00 1.921778023242950439e-01 -1.727551093634789288e-03 -4.601805439458179527e-03 -6.586375191532963802e-01 -7.524443217391618699e-01
1.520530362801365852e+09 7.308657467365264893e-02 1.313448071479797363e+00 1.748105734586715698e-01 -2.910109930484122004e-02 -9.748603352437094915e-03 -6.593320427276362361e-01 -7.512252313284805139e-01
1.520530362851366758e+09 1.191404163837432861e-01 1.340333223342895508e+00 1.594309359788894653e-01 -5.193027432352932682e-02 -1.774513332164573409e-02 -6.549814877590931506e-01 -7.536495256715584068e-01
1.520530362901368856e+09 1.661348640918731689e-01 1.362215638160705566e+00 1.492571383714675903e-01 -7.014190178441834234e-02 -2.527223445583451009e-02 -6.513466624073289690e-01 -7.551085704390511077e-01
1.520530362951369762e+09 2.152979820966720581e-01 1.378228187561035156e+00 1.454994082450866699e-01 -8.326095207334127668e-02 -3.029539759399854648e-02 -6.504251851243312288e-01 -7.543851014571016922e-01
1.520530363001371861e+09 2.671126425266265869e-01 1.388554930686950684e+00 1.503267139196395874e-01 -9.032942344635806753e-02 -2.972555843356683089e-02 -6.527349403234670167e-01 -7.515943614188314026e-01
1.520530363051373959e+09 3.192837834358215332e-01 1.393141984939575195e+00 1.625164151191711426e-01 -9.488884260649418922e-02 -1.878209765041255475e-02 -6.582109263447352143e-01 -7.465934079517817512e-01
1.520530363101374865e+09 3.725811243057250977e-01 1.393432259559631348e+00 1.814930289983749390e-01 -9.523189735092446595e-02 -1.824720049269814952e-03 -6.631208007993761866e-01 -7.424273430248099492e-01
1.520530363151649952e+09 4.248125851154327393e-01 1.386709570884704590e+00 2.058369815349578857e-01 -8.855404259304520964e-02 1.557938769312807240e-02 -6.643944644465177296e-01 -7.419538124656823719e-01
1.520530363201650858e+09 4.750563204288482666e-01 1.373710513114929199e+00 2.335004955530166626e-01 -7.890810160948016905e-02 3.287788206969326221e-02 -6.630941673747886567e-01 -7.436388112279611606e-01
1.520530363251652956e+09 5.237401723861694336e-01 1.354564905166625977e+00 2.612130939960479736e-01 -7.076991750098488021e-02 4.674846078930955384e-02 -6.595316208297581362e-01 -7.468763226374273145e-01
1.520530363301653862e+09 5.701973438262939453e-01 1.330764293670654297e+00 2.862538397312164307e-01 -6.680495467947118737e-02 5.480032558570320511e-02 -6.558121019523176498e-01 -7.499630052734986840e-01
1.520530363351655722e+09 6.140149831771850586e-01 1.302896499633789062e+00 3.062696456909179688e-01 -6.573995097356051531e-02 5.917668992749831186e-02 -6.496152773632215549e-01 -7.551002381349933845e-01
1.520530363401658058e+09 6.561648845672607422e-01 1.270486474037170410e+00 3.211096525192260742e-01 -6.682151175489561834e-02 6.626394013709600850e-02 -6.407181255730974856e-01 -7.619870467182457974e-01
1.520530363451658964e+09 6.982940435409545898e-01 1.233658909797668457e+00 3.308145403861999512e-01 -6.820667989681110377e-02 7.484420070228979538e-02 -6.294244855836269581e-01 -7.704355984678253888e-01
1.520530363501660824e+09 7.407128214836120605e-01 1.192874789237976074e+00 3.347580730915069580e-01 -6.960338133861157517e-02 7.875260461515329324e-02 -6.138796612082350057e-01 -7.823714962391099537e-01
1.520530363551745415e+09 7.816091775894165039e-01 1.147916793823242188e+00 3.309443295001983643e-01 -7.292736755958054151e-02 7.839342617692705850e-02 -5.956087454648227864e-01 -7.961069602251275024e-01
1.520530363601746321e+09 8.220707178115844727e-01 1.100262165069580078e+00 3.191067874431610107e-01 -7.695107499463231526e-02 7.723427899870126401e-02 -5.745045834460494882e-01 -8.112076687286693399e-01
1.520530363651748180e+09 8.619322776794433594e-01 1.049683690071105957e+00 3.001112341880798340e-01 -7.778265900950583067e-02 7.630637120022540354e-02 -5.492408750675898954e-01 -8.285298164982672908e-01
1.520530363701749325e+09 9.012660980224609375e-01 9.981904625892639160e-01 2.767775356769561768e-01 -7.473556953637817968e-02 7.740931451684321396e-02 -5.227630392543879401e-01 -8.456602139521648409e-01
1.520530363751751184e+09 9.375630021095275879e-01 9.445901513099670410e-01 2.504534125328063965e-01 -7.140152856463483078e-02 7.770775954681793940e-02 -4.912429719041708220e-01 -8.646060769966896764e-01
1.520530363801753283e+09 9.703749418258666992e-01 8.890637755393981934e-01 2.228229939937591553e-01 -7.288530114623631428e-02 8.015515265621148133e-02 -4.569632188859715782e-01 -8.828632402387435185e-01
1.520530363851754427e+09 9.967626929283142090e-01 8.305308222770690918e-01 1.930934786796569824e-01 -7.905460747687569067e-02 8.146996645237300494e-02 -4.187904816786073292e-01 -9.009592366241252481e-01
1.520530363901756287e+09 1.015343904495239258e+00 7.697433233261108398e-01 1.609172523021697998e-01 -8.947470521087282080e-02 7.965857301364927257e-02 -3.765674122707078353e-01 -9.186107842218048658e-01
1.520530363951779842e+09 1.024692654609680176e+00 7.093339562416076660e-01 1.262322962284088135e-01 -1.024502744185828568e-01 7.576982162013930211e-02 -3.345072936161770927e-01 -9.337385854299853349e-01
1.520530364001782179e+09 1.025231599807739258e+00 6.500549912452697754e-01 8.860118687152862549e-02 -1.166268393457788044e-01 7.011718482503083438e-02 -2.905123308182036568e-01 -9.471453670788877455e-01
1.520530364051784039e+09 1.016328573226928711e+00 5.932520627975463867e-01 4.900509119033813477e-02 -1.310891770649811328e-01 6.093196401544161145e-02 -2.461665800349797650e-01 -9.583866329887582580e-01
1.520530364101784945e+09 9.994696974754333496e-01 5.391685962677001953e-01 8.271438069641590118e-03 -1.482493078698653155e-01 4.911534682972615307e-02 -2.003156619291671381e-01 -9.672039397189102772e-01
1.520530364151786089e+09 9.767065048217773438e-01 4.873385727405548096e-01 -3.227045759558677673e-02 -1.675642499546108333e-01 4.319704117133046223e-02 -1.546776816678355482e-01 -9.726926814595938664e-01
1.520530364201787949e+09 9.478188157081604004e-01 4.402712285518646240e-01 -7.082183659076690674e-02 -1.851289702587084751e-01 4.324090441666919582e-02 -1.108737130858709896e-01 -9.754816801471623000e-01
1.520530364251789093e+09 9.131916165351867676e-01 3.973341286182403564e-01 -1.059841439127922058e-01 -1.983127101689923233e-01 4.026031774766333088e-02 -6.634512392230465516e-02 -9.770616665963416381e-01
1.520530364301790953e+09 8.742899298667907715e-01 3.602708876132965088e-01 -1.342909634113311768e-01 -2.079460655373437938e-01 3.430990685818682134e-02 -2.515573661074589976e-02 -9.772146402067930504e-01
1.520530364351791859e+09 8.317364454269409180e-01 3.302624821662902832e-01 -1.561812907457351685e-01 -2.168914440162207358e-01 2.273660621226008746e-02 1.421271580373966587e-02 -9.758274165855298499e-01
1.520530364401853085e+09 7.877451181411743164e-01 3.067984580993652344e-01 -1.699183583259582520e-01 -2.253002743420446374e-01 1.463820268308742290e-02 4.946511065414153224e-02 -9.729227678657652589e-01
1.520530364451853991e+09 7.443493604660034180e-01 2.874659895896911621e-01 -1.778349727392196655e-01 -2.335873889866309228e-01 1.166824852695074778e-02 8.848149690442889959e-02 -9.682312783567122993e-01
1.520530364501855850e+09 7.016892433166503906e-01 2.717075943946838379e-01 -1.800867021083831787e-01 -2.395779211284520815e-01 1.709299547998649124e-02 1.313305358483770335e-01 -9.618017153067821567e-01
1.520530364551857948e+09 6.609415411949157715e-01 2.581928670406341553e-01 -1.764524430036544800e-01 -2.424807020423305204e-01 2.216363996676868481e-02 1.785819321772924018e-01 -9.533207097825512344e-01
1.520530364601858854e+09 6.206963062286376953e-01 2.451351135969161987e-01 -1.672578603029251099e-01 -2.418840267393933263e-01 2.733209789887116464e-02 2.281486585225912800e-01 -9.427052899221076698e-01
1.520530364651860714e+09 5.817784667015075684e-01 2.313716262578964233e-01 -1.537710130214691162e-01 -2.370866805204484840e-01 3.480195736502255527e-02 2.758213967544376199e-01 -9.308605087636863118e-01
1.520530364701862097e+09 5.445590019226074219e-01 2.167549133300781250e-01 -1.358954012393951416e-01 -2.274466066384736029e-01 3.953537187493042643e-02 3.193254045638790894e-01 -9.190953603949209016e-01
1.520530364751863956e+09 5.103236436843872070e-01 1.996372938156127930e-01 -1.126577407121658325e-01 -2.125590623850042715e-01 4.036357030125199696e-02 3.592701057194569447e-01 -9.078074786687285735e-01
1.520530364802375555e+09 4.788670539855957031e-01 1.790602952241897583e-01 -8.372873067855834961e-02 -1.907733789576955830e-01 3.715600743893256869e-02 3.967337826810630741e-01 -8.971216498735476996e-01
1.520530364852377653e+09 4.518828690052032471e-01 1.545412838459014893e-01 -4.816351830959320068e-02 -1.634757663496614610e-01 2.977119564660156079e-02 4.298387754621985080e-01 -8.874840713135758730e-01
1.520530364902378559e+09 4.297308921813964844e-01 1.270606070756912231e-01 -6.617967505007982254e-03 -1.345195645114563021e-01 1.665293641126833549e-02 4.581197581495009552e-01 -8.784949935347230454e-01
1.520530364952380419e+09 4.130082130432128906e-01 9.676233679056167603e-02 3.962145373225212097e-02 -1.063238114804975903e-01 3.090171481143609393e-03 4.774017732390862800e-01 -8.722231623046091675e-01
1.520530365002382755e+09 4.001153707504272461e-01 6.334932893514633179e-02 8.677946776151657104e-02 -8.461282169830713906e-02 -1.032160287307366982e-02 4.944350881645127038e-01 -8.650249005145063119e-01
1.520530365052383661e+09 3.882427513599395752e-01 2.646473422646522522e-02 1.320839375257492065e-01 -7.198015834826274051e-02 -1.721317935905569002e-02 5.141188073673764736e-01 -8.545199910895346918e-01
1.520530365102385521e+09 3.767623901367187500e-01 -1.278391852974891663e-02 1.706577539443969727e-01 -6.839203694321938087e-02 -1.249675985882909256e-02 5.276320468496984439e-01 -8.466231649399782455e-01
1.520530365152386665e+09 3.667313158512115479e-01 -5.524542927742004395e-02 2.024574726819992065e-01 -7.031797381302411221e-02 -5.988152496392683960e-03 5.337155281904691906e-01 -8.427142217601879537e-01
1.520530365201843739e+09 3.564400076866149902e-01 -1.014289408922195435e-01 2.275183796882629395e-01 -7.212398974732542323e-02 -3.418967839777083129e-03 5.372039100854646421e-01 -8.403561148410394477e-01
1.520530365251845837e+09 3.443500101566314697e-01 -1.517285853624343872e-01 2.459544390439987183e-01 -6.856683253814921386e-02 -4.214788548651936077e-03 5.401632480246746359e-01 -8.387517454626306490e-01
1.520530365301846504e+09 3.301469981670379639e-01 -2.057960331439971924e-01 2.581274211406707764e-01 -5.794205944727282009e-02 -5.787374507312383586e-03 5.396580747910438847e-01 -8.398680767573827310e-01
1.520530365351848841e+09 3.144221603870391846e-01 -2.639348208904266357e-01 2.631063759326934814e-01 -4.345419678238776617e-02 -2.756849427318778904e-03 5.335629045088470246e-01 -8.446388337599187723e-01
1.520530365401849747e+09 2.978309690952301025e-01 -3.257970213890075684e-01 2.603726387023925781e-01 -3.312897862357379319e-02 8.623271214190464471e-04 5.229353601084580916e-01 -8.517278534341423679e-01
1.520530365451851606e+09 2.806577086448669434e-01 -3.905748128890991211e-01 2.507712841033935547e-01 -2.990421302066443784e-02 4.889756637857759110e-03 5.123300270604203011e-01 -8.582539086400400308e-01
1.520530365501852751e+09 2.643345296382904053e-01 -4.543962180614471436e-01 2.353163510560989380e-01 -3.289948537648779148e-02 9.886620968371652440e-03 4.999115968425936751e-01 -8.653948659023105172e-01
1.520530365551854610e+09 2.497813999652862549e-01 -5.173271894454956055e-01 2.167708575725555420e-01 -3.860181763707488251e-02 1.395719899381781676e-02 4.839929714041751319e-01 -8.741086316372344012e-01
1.520530365601534843e+09 2.362319231033325195e-01 -5.794864892959594727e-01 1.966702193021774292e-01 -4.359242031006168444e-02 2.226541043701018088e-02 4.679866122828969521e-01 -8.823788773047324119e-01
1.520530365651536942e+09 2.250181436538696289e-01 -6.398921012878417969e-01 1.766394823789596558e-01 -4.756270207480772089e-02 3.534103452293765879e-02 4.525652691150510165e-01 -8.897603485439283810e-01
1.520530365701538801e+09 2.142910212278366089e-01 -6.976544260978698730e-01 1.577942073345184326e-01 -5.202771776892197580e-02 4.871453046223076649e-02 4.389035432722954155e-01 -8.957029032043080097e-01
1.520530365751539707e+09 2.019112557172775269e-01 -7.533879876136779785e-01 1.405548751354217529e-01 -5.780188295007499671e-02 6.069304718720369002e-02 4.282480723141333656e-01 -8.997660167564600631e-01
1.520530365801545858e+09 1.866918951272964478e-01 -8.073579072952270508e-01 1.261992752552032471e-01 -6.449913322316880304e-02 7.298806410185310067e-02 4.212575612843763584e-01 -9.016954426927440425e-01
1.520530365851542950e+09 1.682024896144866943e-01 -8.583439588546752930e-01 1.161834076046943665e-01 -6.907304527373539504e-02 8.660466969245930735e-02 4.164708494590902976e-01 -9.023749648316360394e-01
1.520530365901544809e+09 1.448378711938858032e-01 -9.073764681816101074e-01 1.120303720235824585e-01 -6.917267741941711401e-02 9.765410005608315958e-02 4.123214008886371684e-01 -9.031444401700635671e-01
1.520530365951545954e+09 1.166770160198211670e-01 -9.559755921363830566e-01 1.148170009255409241e-01 -6.172726839926750975e-02 1.042567977861566519e-01 4.082168500839917225e-01 -9.048089675499713103e-01
1.520530366001907587e+09 8.437123894691467285e-02 -1.000885367393493652e+00 1.264664381742477417e-01 -4.568376339609713649e-02 1.091708439343013898e-01 4.045469086477862519e-01 -9.068277230544738998e-01
1.520530366051908493e+09 4.815583303570747375e-02 -1.040094852447509766e+00 1.457026600837707520e-01 -2.490046071651117257e-02 1.109039787965393764e-01 4.032966808902433420e-01 -9.079824126744502344e-01
1.520530366101910591e+09 5.866590887308120728e-03 -1.072736144065856934e+00 1.697384566068649292e-01 -3.290236623929629085e-03 1.097684553484341158e-01 4.104052991759292168e-01 -9.052665634837583353e-01
1.520530366151911497e+09 -4.283431172370910645e-02 -1.096705079078674316e+00 1.944997310638427734e-01 1.682189565760051908e-02 1.081931526733336396e-01 4.271394654573646976e-01 -8.975316944765160398e-01
1.520530366201913357e+09 -9.556530416011810303e-02 -1.109915971755981445e+00 2.169324755668640137e-01 3.572920360166285947e-02 1.093320332008173301e-01 4.481838374186604690e-01 -8.865106758538500165e-01
1.520530366251915693e+09 -1.506770104169845581e-01 -1.113538265228271484e+00 2.350724190473556519e-01 5.131166737118788429e-02 1.111600242395501675e-01 4.706472739688571383e-01 -8.737858463653063179e-01
1.520530366301916599e+09 -2.089790105819702148e-01 -1.111566901206970215e+00 2.471195608377456665e-01 6.245864981595695975e-02 1.126300255229930741e-01 4.951107544652385561e-01 -8.592314794202547956e-01
1.520530366351918459e+09 -2.689974904060363770e-01 -1.104033827781677246e+00 2.508507072925567627e-01 6.930796499686724121e-02 1.130552587600968800e-01 5.210922097218603222e-01 -8.431357087811364170e-01
1.520530366402119875e+09 -3.298368155956268311e-01 -1.091489315032958984e+00 2.465582489967346191e-01 7.384746970831877755e-02 1.143639637893051897e-01 5.466288705160295969e-01 -8.262350228127873786e-01
1.520530366452121735e+09 -3.908803462982177734e-01 -1.075511097908020020e+00 2.349813431501388550e-01 7.650155463269414646e-02 1.167254729052335377e-01 5.704386747700800342e-01 -8.093963148176456235e-01
1.520530366502123594e+09 -4.519171416759490967e-01 -1.056865334510803223e+00 2.169576734304428101e-01 7.506811120969701656e-02 1.173052784492282924e-01 5.939265095699227670e-01 -7.923733662595217053e-01
1.520530366552124739e+09 -5.114604830741882324e-01 -1.035308480262756348e+00 1.936787813901901245e-01 6.754869753063218185e-02 1.152377837042354303e-01 6.191876929946976693e-01 -7.737984411413318941e-01
1.520530366602126598e+09 -5.691493153572082520e-01 -1.009031653404235840e+00 1.675623953342437744e-01 5.793188151813531001e-02 1.136258172365690738e-01 6.459296955156239584e-01 -7.526671902057270325e-01
1.520530366652127504e+09 -6.230268478393554688e-01 -9.791151881217956543e-01 1.399746686220169067e-01 4.981859084179323521e-02 1.141854601038104211e-01 6.723721196004136536e-01 -7.296543849600756193e-01
1.520530366702129841e+09 -6.736915111541748047e-01 -9.459002614021301270e-01 1.112473383545875549e-01 3.936135803270304767e-02 1.163264785609976204e-01 6.997104878126818583e-01 -7.037926307687216720e-01
1.520530366752131701e+09 -7.189204692840576172e-01 -9.100461006164550781e-01 8.255764096975326538e-02 2.617688824014743204e-02 1.203082553548855543e-01 7.242716560807350712e-01 -6.784329461439766451e-01
1.520530366802132607e+09 -7.585840821266174316e-01 -8.718981742858886719e-01 5.442230775952339172e-02 9.825062347274976862e-03 1.266042961051732085e-01 7.481668141642950909e-01 -6.512459124945314537e-01
1.520530366852165699e+09 -7.934637665748596191e-01 -8.315332531929016113e-01 2.889439836144447327e-02 -4.966526972708822096e-03 1.376241227010578105e-01 7.709797231322060851e-01 -6.217919273998178120e-01
1.520530366902166605e+09 -8.247232437133789062e-01 -7.891725897789001465e-01 4.871698096394538879e-03 -1.673586389845614988e-02 1.504636344007366788e-01 7.920027828537830050e-01 -5.914492349596515153e-01
1.520530366952168703e+09 -8.545643091201782227e-01 -7.452934980392456055e-01 -1.574495248496532440e-02 -2.832628233676972446e-02 1.584703776564567457e-01 8.130816834238145940e-01 -5.594487797958749287e-01
1.520530367002169609e+09 -8.823972940444946289e-01 -7.002261281013488770e-01 -3.236206248402595520e-02 -3.989935625105092698e-02 1.598319841801329744e-01 8.344623360261274048e-01 -5.258653705632384545e-01
1.520530367052171707e+09 -9.096401929855346680e-01 -6.550510525703430176e-01 -4.478941112756729126e-02 -5.057082276352149741e-02 1.565763637194277635e-01 8.561715996977730114e-01 -4.897924316283157053e-01
1.520530367102177620e+09 -9.357236623764038086e-01 -6.114662885665893555e-01 -5.024943128228187561e-02 -5.905763366453184449e-02 1.512059105443769036e-01 8.761731884417524041e-01 -4.538386413453633361e-01
1.520530367152174711e+09 -9.609897732734680176e-01 -5.707793235778808594e-01 -4.693444445729255676e-02 -6.820009415193335756e-02 1.419423769968572446e-01 8.947381070744488962e-01 -4.179052865410791129e-01
1.520530367202176571e+09 -9.873992204666137695e-01 -5.337830781936645508e-01 -3.533928096294403076e-02 -7.812929497731690986e-02 1.292883389434122676e-01 9.106767306491322378e-01 -3.845103781873888127e-01
1.520530367252539635e+09 -1.015761494636535645e+00 -4.999315440654754639e-01 -1.462681591510772705e-02 -8.784723265571078854e-02 1.154836316158081577e-01 9.240654502139790116e-01 -3.536232999455693471e-01
1.520530367302540541e+09 -1.045507073402404785e+00 -4.700156748294830322e-01 1.353398617357015610e-02 -9.160762094024541002e-02 1.034206428964273700e-01 9.352162290262704403e-01 -3.260104589954752052e-01
1.520530367352542639e+09 -1.077862620353698730e+00 -4.432000517845153809e-01 4.554945230484008789e-02 -9.060872159827397521e-02 9.043095074888719831e-02 9.444193049762075187e-01 -3.027944502550137251e-01
1.520530367402544737e+09 -1.113548040390014648e+00 -4.202297925949096680e-01 7.934265583753585815e-02 -8.899899830730476080e-02 7.142413762223442930e-02 9.519772605305133473e-01 -2.841074907460826027e-01
1.520530367452545643e+09 -1.153553843498229980e+00 -4.000435173511505127e-01 1.124039739370346069e-01 -8.662455040656392991e-02 4.916219881202407715e-02 9.570388850491762245e-01 -2.723156954320801737e-01
1.520530367502547503e+09 -1.197703480720520020e+00 -3.825469613075256348e-01 1.422996520996093750e-01 -8.362648439347897256e-02 2.901464259904731544e-02 9.594266784956724248e-01 -2.677035864787738473e-01
1.520530367552548647e+09 -1.246201157569885254e+00 -3.675892949104309082e-01 1.668754369020462036e-01 -8.319842395884209652e-02 1.231458907319856605e-02 9.603306166883815997e-01 -2.658786937639717185e-01
1.520530367602550507e+09 -1.297674655914306641e+00 -3.543024659156799316e-01 1.846508532762527466e-01 -8.031973719281204627e-02 -1.103915528273823358e-05 9.603707469289720633e-01 -2.669021696024653778e-01
1.520530367652264357e+09 -1.351716756820678711e+00 -3.424239754676818848e-01 1.953249573707580566e-01 -7.554563807075816151e-02 -7.673508879264525663e-03 9.589831736542651086e-01 -2.731029960984605598e-01
1.520530367702266216e+09 -1.408707022666931152e+00 -3.330248892307281494e-01 1.972591131925582886e-01 -6.803169203206435589e-02 -8.110922925590589860e-03 9.561767269981761297e-01 -2.846611469020750018e-01
1.520530367752267361e+09 -1.466373920440673828e+00 -3.254362046718597412e-01 1.924918144941329956e-01 -6.060331987950610261e-02 -1.562140863479452493e-03 9.523773676400306698e-01 -2.988346481627434104e-01
1.520530367802269220e+09 -1.523596286773681641e+00 -3.196788132190704346e-01 1.818846911191940308e-01 -5.348688944811878093e-02 1.034023953508547700e-02 9.486972994300177930e-01 -3.114573263831069694e-01
1.520530367852271080e+09 -1.579864621162414551e+00 -3.149989247322082520e-01 1.694045811891555786e-01 -4.105672106144624828e-02 2.707402878478679803e-02 9.442821432652388491e-01 -3.254421247033797981e-01
1.520530367902272463e+09 -1.636141061782836914e+00 -3.124619424343109131e-01 1.590706855058670044e-01 -2.342366679394039877e-02 4.639029633474669317e-02 9.371148611687460939e-01 -3.451304234873865950e-01
1.520530367952274323e+09 -1.691089749336242676e+00 -3.114352524280548096e-01 1.506301909685134888e-01 -4.809044862535375754e-03 6.382973000655818574e-02 9.276925207115722660e-01 -3.678168371222408362e-01
1.520530368002275467e+09 -1.745456218719482422e+00 -3.092829585075378418e-01 1.446225196123123169e-01 1.308756790624018493e-02 7.834262420584187092e-02 9.191982769260246267e-01 -3.857015381030637902e-01
1.520530368052124023e+09 -1.799329876899719238e+00 -3.035463094711303711e-01 1.408868581056594849e-01 2.985145722448701022e-02 9.025421211866531401e-02 9.131953779348835898e-01 -3.962792820912783842e-01
1.520530368102125168e+09 -1.850621223449707031e+00 -2.929245531558990479e-01 1.406169384717941284e-01 4.712106346005513757e-02 1.003089634121839824e-01 9.090846293827523628e-01 -4.016003658583872094e-01
1.520530368152127028e+09 -1.899135231971740723e+00 -2.761219143867492676e-01 1.436851769685745239e-01 6.183920460509208933e-02 1.080198070097710961e-01 9.059763598156238551e-01 -4.046164474197911365e-01
1.520530368202128887e+09 -1.945175290107727051e+00 -2.534511983394622803e-01 1.508455127477645874e-01 7.367686341377009673e-02 1.112929643097733401e-01 9.037527915329672812e-01 -4.067142580350743275e-01
1.520530368252130032e+09 -1.987500309944152832e+00 -2.257308810949325562e-01 1.626301258802413940e-01 8.384191612273261818e-02 1.071897771359793944e-01 9.040818999309370163e-01 -4.051133211777602772e-01
1.520530368302132130e+09 -2.024036884307861328e+00 -1.934231221675872803e-01 1.792299002408981323e-01 9.743316647808397679e-02 9.435648641783798973e-02 9.057074353005433176e-01 -4.016188157721776730e-01
1.520530368352133989e+09 -2.055406570434570312e+00 -1.562557369470596313e-01 2.000274956226348877e-01 1.123320651109297325e-01 7.387796319114121879e-02 9.092992286311277761e-01 -3.938254264435934737e-01
1.520530368402135134e+09 -2.079550504684448242e+00 -1.133054271340370178e-01 2.221387326717376709e-01 1.248563396418059246e-01 4.957478562415527229e-02 9.163794644994582850e-01 -3.770966880327313309e-01
1.520530368452048540e+09 -2.095371007919311523e+00 -6.558874994516372681e-02 2.418951243162155151e-01 1.347413262173048354e-01 2.803083862255295947e-02 9.271413599420400553e-01 -3.485225183257786297e-01
1.520530368502050400e+09 -2.102255344390869141e+00 -1.432613003998994827e-02 2.567418813705444336e-01 1.450578858920248404e-01 1.428898228318268432e-02 9.392221508705752564e-01 -3.108307996963907138e-01
1.520530368552051306e+09 -2.101362466812133789e+00 3.952274844050407410e-02 2.654950916767120361e-01 1.531339963597028175e-01 5.567685449285121428e-03 9.525565074457682524e-01 -2.629735350950061501e-01
1.520530368602053404e+09 -2.093667984008789062e+00 9.576021879911422729e-02 2.687159478664398193e-01 1.545549753279392702e-01 -1.284431993067185283e-03 9.662043284403214471e-01 -2.063014918487568183e-01
1.520530368652054310e+09 -2.079361915588378906e+00 1.521223187446594238e-01 2.657553851604461670e-01 1.504266282024850077e-01 -7.525853446945329588e-03 9.768288861257304889e-01 -1.520543267647816443e-01
1.520530368702056170e+09 -2.061970710754394531e+00 2.074968069791793823e-01 2.571944594383239746e-01 1.459455461400204768e-01 -1.212420476962773434e-02 9.836544200977201946e-01 -1.047706210863185161e-01
1.520530368752057552e+09 -2.041906595230102539e+00 2.623799741268157959e-01 2.436778992414474487e-01 1.406701958663495733e-01 -1.214066525895260949e-02 9.883198187329330642e-01 -5.734488766834654194e-02
1.520530368802058220e+09 -2.018212080001831055e+00 3.163749575614929199e-01 2.271574884653091431e-01 1.330674523216816840e-01 -8.041910431532553818e-03 9.910298098347777307e-01 -9.396639190276077913e-03
1.520530368851388931e+09 -1.992578148841857910e+00 3.678490221500396729e-01 2.111168503761291504e-01 1.239384756259547110e-01 9.697763371335165177e-04 9.913275605660595291e-01 4.368044706177067610e-02
1.520530368901391029e+09 -1.962576389312744141e+00 4.171931445598602295e-01 1.990292072296142578e-01 1.097149475940634028e-01 1.478196586782572902e-02 9.876270886020158679e-01 1.110714077475409289e-01
1.520530368951391935e+09 -1.930570840835571289e+00 4.645160734653472900e-01 1.916854232549667358e-01 1.038082280678913755e-01 3.272528460889370661e-02 9.774318596036823958e-01 1.810521122891385337e-01
1.520530369001394033e+09 -1.895891904830932617e+00 5.069926977157592773e-01 1.887645274400711060e-01 1.003397171472321936e-01 4.725158911792375765e-02 9.628026387974544242e-01 2.463946168513083679e-01
1.520530369051394939e+09 -1.862160325050354004e+00 5.467465519905090332e-01 1.885668635368347168e-01 9.200837448897906945e-02 5.712094521621091658e-02 9.457327708863493276e-01 3.063677246596491210e-01
1.520530369101396799e+09 -1.828638195991516113e+00 5.842458009719848633e-01 1.888489127159118652e-01 7.716070359031694526e-02 6.406426758348965356e-02 9.237809772791119034e-01 3.695547340485406118e-01
1.520530369151397943e+09 -1.794032096862792969e+00 6.186235547065734863e-01 1.904013007879257202e-01 5.732580118052618690e-02 6.563427120318325592e-02 8.951347822283831634e-01 4.371951699270967273e-01
1.520530369201399803e+09 -1.758426785469055176e+00 6.479437351226806641e-01 1.922145187854766846e-01 3.568353019502387702e-02 6.230342937814448839e-02 8.592912881295493577e-01 5.064222057781462283e-01
1.520530369251400709e+09 -1.722037672996520996e+00 6.738224029541015625e-01 1.933846771717071533e-01 1.843030075249904240e-02 5.695679050618865369e-02 8.190711814056845785e-01 5.705599423549665428e-01
1.520530369301536798e+09 -1.685318946838378906e+00 6.986697316169738770e-01 1.944755166769027710e-01 6.775382827051531359e-03 5.568594420471505158e-02 7.793586759125151753e-01 6.240618752058704199e-01
1.520530369351537704e+09 -1.649355173110961914e+00 7.237615585327148438e-01 1.933835893869400024e-01 -6.327482883682096623e-04 5.689672286769335841e-02 7.407019612118797003e-01 6.694198736319348919e-01
1.520530369401540041e+09 -1.615195870399475098e+00 7.503466010093688965e-01 1.915969103574752808e-01 -1.199398686912209579e-03 5.718358011070780178e-02 7.078427858098175207e-01 7.040505593957787633e-01
1.520530369451541901e+09 -1.583006024360656738e+00 7.770957946777343750e-01 1.927285492420196533e-01 -2.032081707733184809e-03 5.648944933794160933e-02 6.792777966114221799e-01 7.317010918320133728e-01
1.520530369501542807e+09 -1.549731731414794922e+00 8.036017417907714844e-01 1.975578665733337402e-01 -5.139067883775536895e-03 5.358454964215597638e-02 6.470840727476929732e-01 7.605159359390123441e-01
1.520530369551544905e+09 -1.516339659690856934e+00 8.241966366767883301e-01 2.073014378547668457e-01 -1.011212021643979539e-02 5.207304371488276351e-02 6.014513044175761047e-01 7.971464555258289675e-01
1.520530369601545811e+09 -1.483333349227905273e+00 8.369701504707336426e-01 2.193046510219573975e-01 -1.101983642271995786e-02 4.913532054392807241e-02 5.521403206126753727e-01 8.322291450279749592e-01
1.520530369651547670e+09 -1.449954748153686523e+00 8.446102142333984375e-01 2.315584570169448853e-01 -1.040028366387252962e-02 4.567528705085555085e-02 5.063008462635293361e-01 8.610836517582753924e-01
1.520530369701896429e+09 -1.414405584335327148e+00 8.507029414176940918e-01 2.428801357746124268e-01 -1.160652518958423841e-02 4.562775245120222894e-02 4.664615215780558155e-01 8.832876347296843011e-01
1.520530369751898527e+09 -1.379132747650146484e+00 8.557131290435791016e-01 2.536396384239196777e-01 -1.148756104077887190e-02 4.906726527197468463e-02 4.335029333700313181e-01 8.997419886721093052e-01
1.520530369801900625e+09 -1.343249082565307617e+00 8.607180118560791016e-01 2.635942101478576660e-01 -5.317430463897748934e-03 5.381081611963694361e-02 4.092804779004767801e-01 9.108049250038987577e-01
1.520530369851901531e+09 -1.306204557418823242e+00 8.671676516532897949e-01 2.711741924285888672e-01 4.369612710087313751e-03 6.016858193940517047e-02 3.883909816134789583e-01 9.195178593336201800e-01
1.520530369901903391e+09 -1.269170522689819336e+00 8.752263188362121582e-01 2.763821482658386230e-01 9.894005495335339573e-03 6.485335973088396377e-02 3.662261793017791978e-01 9.282103942430811605e-01
1.520530369951905727e+09 -1.231644630432128906e+00 8.843778967857360840e-01 2.813223004341125488e-01 3.663717478578520058e-03 6.589355216003439653e-02 3.442816680114366146e-01 9.365440459632600190e-01
1.520530370001906633e+09 -1.194373965263366699e+00 8.944685459136962891e-01 2.883944213390350342e-01 -1.467730698459951237e-02 6.691207470541704616e-02 3.262300659575749773e-01 9.428050142970247904e-01
1.520530370051908493e+09 -1.154555678367614746e+00 9.068175554275512695e-01 2.992800176143646240e-01 -3.485109626344334161e-02 7.065838513111034891e-02 3.081423315079686032e-01 9.480723059095931271e-01
1.520530370101929903e+09 -1.115852236747741699e+00 9.193416237831115723e-01 3.126259446144104004e-01 -4.883688559309776883e-02 8.091012919858421581e-02 2.870770617014022363e-01 9.532341109315823902e-01
1.520530370151930809e+09 -1.078028917312622070e+00 9.331902265548706055e-01 3.251986503601074219e-01 -5.413572695048728123e-02 9.678476004006830724e-02 2.712706839453601915e-01 9.560932220883825439e-01
1.520530370201932907e+09 -1.039268851280212402e+00 9.484038352966308594e-01 3.357021212577819824e-01 -5.809684322879703211e-02 1.198615105700322342e-01 2.591618399903916625e-01 9.566049946469615817e-01
1.520530370251933813e+09 -9.981061220169067383e-01 9.636834263801574707e-01 3.444064259529113770e-01 -6.270667066781614174e-02 1.425364144054793725e-01 2.451659104367891195e-01 9.568933693896555237e-01
1.520530370301934719e+09 -9.553325772285461426e-01 9.782809019088745117e-01 3.529730737209320068e-01 -6.669812622985732409e-02 1.606015407618003321e-01 2.305831452982555763e-01 9.573870263204559139e-01
1.520530370351936817e+09 -9.116915464401245117e-01 9.927793145179748535e-01 3.599717020988464355e-01 -6.721923747366780055e-02 1.755982358302611013e-01 2.186363028436787981e-01 9.575202351729209527e-01
1.520530370401937723e+09 -8.663296103477478027e-01 1.007691383361816406e+00 3.659213483333587646e-01 -6.549007242675584928e-02 1.891596556709940202e-01 2.058225955377082361e-01 9.578970373928976656e-01
1.520530370451939821e+09 -8.204081058502197266e-01 1.022458314895629883e+00 3.721179366111755371e-01 -6.252226741611355276e-02 2.015388084570552685e-01 1.928888784269126300e-01 9.582624668336260365e-01
1.520530370501882792e+09 -7.738636136054992676e-01 1.037654638290405273e+00 3.780240416526794434e-01 -5.853175857994234732e-02 2.164636903603420481e-01 1.825663068588065374e-01 9.572810703200275162e-01
1.520530370551883698e+09 -7.265942692756652832e-01 1.052207708358764648e+00 3.846825957298278809e-01 -5.519012891878762733e-02 2.362221536428113500e-01 1.752514621907085290e-01 9.541698322616882777e-01
1.520530370601898670e+09 -6.782785654067993164e-01 1.065931081771850586e+00 3.908480107784271240e-01 -5.069939379711903282e-02 2.522287348916618099e-01 1.662842320225358939e-01 9.519242569365651274e-01
1.520530370651886702e+09 -6.292254924774169922e-01 1.078648686408996582e+00 3.988876640796661377e-01 -4.411890484136582469e-02 2.586064790462269114e-01 1.580185653032652460e-01 9.519487088338370873e-01
1.520530370701888561e+09 -5.797640681266784668e-01 1.090513467788696289e+00 4.058332741260528564e-01 -3.832186443672553483e-02 2.556084432930001982e-01 1.536187105652274953e-01 9.537279749423832609e-01
1.520530370751889706e+09 -5.290794372558593750e-01 1.100905179977416992e+00 4.105318784713745117e-01 -3.827031970322561372e-02 2.465366803162033771e-01 1.496711779686912824e-01 9.567411281919175892e-01
1.520530370801891565e+09 -4.788059294223785400e-01 1.109711766242980957e+00 4.120848178863525391e-01 -4.128568880242581424e-02 2.300029185728622028e-01 1.437319478221895652e-01 9.616315700533722977e-01
1.520530370851892471e+09 -4.287567436695098877e-01 1.117475986480712891e+00 4.116499722003936768e-01 -4.502312254026720473e-02 2.118307725393390739e-01 1.341006058442478777e-01 9.670148239578939542e-01
1.520530370901941061e+09 -3.793607354164123535e-01 1.124049425125122070e+00 4.099690318107604980e-01 -4.548366277062422525e-02 1.892450861125259676e-01 1.240516950769747495e-01 9.729998513626608725e-01
1.520530370951941967e+09 -3.295601308345794678e-01 1.129668354988098145e+00 4.063896238803863525e-01 -4.086663222797477790e-02 1.591682148290986254e-01 1.174071404773260330e-01 9.793931596266123307e-01
1.520530371001944065e+09 -2.818410098552703857e-01 1.133925914764404297e+00 4.012707769870758057e-01 -3.100524018016089650e-02 1.228738693614145894e-01 1.111246169863364247e-01 9.856936678345684655e-01
1.520530371051946163e+09 -2.348419874906539917e-01 1.136349320411682129e+00 3.960795998573303223e-01 -1.632110852365034268e-02 8.009756569470165288e-02 1.056431089201348011e-01 9.910386142446875324e-01
1.520530371101947308e+09 -1.890587657690048218e-01 1.136602401733398438e+00 3.919286131858825684e-01 4.788097810576799748e-04 3.506124882575799989e-02 9.665049655651067328e-02 9.947005383970353165e-01
1.520530371151949167e+09 -1.435867100954055786e-01 1.134106040000915527e+00 3.885862529277801514e-01 1.472121043604290684e-02 -9.910326506114171524e-04 8.830082050681452299e-02 9.959845726292181345e-01
1.520530371201950073e+09 -9.904024749994277954e-02 1.127585768699645996e+00 3.886561393737792969e-01 2.530339876319489395e-02 -2.493861834332685573e-02 7.519494615228858314e-02 9.965357612245087093e-01
1.520530371251952171e+09 -5.745410919189453125e-02 1.120416641235351562e+00 3.908700346946716309e-01 3.707681463605994043e-02 -4.825658178504869944e-02 6.322674227012242687e-02 9.961420537216435500e-01
1.520530371301953077e+09 -1.856704615056514740e-02 1.113424062728881836e+00 3.933921754360198975e-01 4.464724918159648781e-02 -7.215540671417797203e-02 5.477569484565446289e-02 9.948868496852311116e-01
1.520530371351951122e+09 2.079023234546184540e-02 1.105489253997802734e+00 3.964124619960784912e-01 4.340209913503791789e-02 -1.011103924572474000e-01 4.356996815598745965e-02 9.929726099962173924e-01
1.520530371401953459e+09 5.836586654186248779e-02 1.094341635704040527e+00 3.990328311920166016e-01 3.405598467525119966e-02 -1.362549629178496369e-01 2.816232783579991628e-02 9.896876569296615411e-01
1.520530371451954365e+09 9.545165300369262695e-02 1.081320643424987793e+00 4.022790789604187012e-01 2.482951513245702790e-02 -1.714883353473030114e-01 1.343337397022447040e-02 9.847815953204417383e-01
1.520530371501956224e+09 1.321723312139511108e-01 1.065995812416076660e+00 4.028147757053375244e-01 2.573278997484551578e-02 -2.019925032997605674e-01 2.805619616046794388e-03 9.790449328960223463e-01
1.520530371551958323e+09 1.684817075729370117e-01 1.047983884811401367e+00 4.000302553176879883e-01 3.063129596646569502e-02 -2.236471745165714009e-01 -7.299386807978522351e-03 9.741613747169389770e-01
1.520530371601959229e+09 2.030586600303649902e-01 1.027595758438110352e+00 3.960116505622863770e-01 3.907414759153945288e-02 -2.356044566191527745e-01 -1.941849780979154963e-02 9.708690297635409472e-01
1.520530371651961327e+09 2.342454791069030762e-01 1.005406379699707031e+00 3.908387124538421631e-01 4.946294318973142728e-02 -2.413198299195890018e-01 -3.317079620689088182e-02 9.686164644572128335e-01
1.520530371701962233e+09 2.643673419952392578e-01 9.812055230140686035e-01 3.875421583652496338e-01 5.786718233925212951e-02 -2.425547011748523107e-01 -4.920051454287260873e-02 9.671597156182687449e-01
1.520530371751958847e+09 2.926540076732635498e-01 9.554443955421447754e-01 3.861040472984313965e-01 6.287015217789504451e-02 -2.391253258318045694e-01 -7.801126674233238578e-02 9.658057075686694581e-01
1.520530371801960707e+09 3.128831386566162109e-01 9.280093908309936523e-01 3.868072330951690674e-01 6.101719816604362495e-02 -2.334470062784401445e-01 -1.165359645702798985e-01 9.634307270111712729e-01
1.520530371851962805e+09 3.255750834941864014e-01 8.998408913612365723e-01 3.891482949256896973e-01 5.010320550377000276e-02 -2.237609296304659545e-01 -1.568770238211060486e-01 9.606301653426195797e-01
1.520530371901963949e+09 3.359913825988769531e-01 8.708136677742004395e-01 3.926684856414794922e-01 3.370149348374907455e-02 -2.061927117411064825e-01 -1.988162050030441164e-01 9.575076457083782078e-01
1.520530371951965809e+09 3.441455364227294922e-01 8.430939316749572754e-01 3.968686461448669434e-01 1.632730165391575033e-02 -1.815519343012058362e-01 -2.440560422401976681e-01 9.524751769039671023e-01
1.520530372001967669e+09 3.490826487541198730e-01 8.168773651123046875e-01 4.010066092014312744e-01 5.873005389284556999e-04 -1.543404521847345501e-01 -2.928830815936520615e-01 9.436091248041716950e-01
1.520530372051968813e+09 3.528304100036621094e-01 7.928852438926696777e-01 4.043767452239990234e-01 -1.360866555660257722e-02 -1.321185472898155078e-01 -3.372986470883763688e-01 9.319812854108970868e-01
1.520530372101970673e+09 3.596817851066589355e-01 7.693676948547363281e-01 4.086309671401977539e-01 -2.542062265367452806e-02 -1.129641074911203191e-01 -3.741608523810269205e-01 9.201068192922697841e-01
1.520530372151955128e+09 3.731481432914733887e-01 7.455141544342041016e-01 4.148078560829162598e-01 -3.320838846266832567e-02 -9.636525701664724886e-02 -4.025832667489514516e-01 9.096909659381974267e-01
1.520530372201977015e+09 3.932996690273284912e-01 7.212657928466796875e-01 4.227411746978759766e-01 -3.748348633757200149e-02 -7.956795939802263629e-02 -4.217539919871563514e-01 9.024342072041116047e-01
1.520530372251958132e+09 4.203815758228302002e-01 6.969776153564453125e-01 4.338723719120025635e-01 -4.200584669497867824e-02 -6.650973472511542695e-02 -4.325579639692097023e-01 8.981678973538548272e-01
1.520530372301959991e+09 4.533881247043609619e-01 6.720444560050964355e-01 4.474473893642425537e-01 -4.953414181631504015e-02 -5.559119559612821920e-02 -4.382121247148361154e-01 8.957824074626734578e-01
1.520530372351960897e+09 4.908359646797180176e-01 6.460192203521728516e-01 4.624076783657073975e-01 -5.732490894951248334e-02 -4.330749830574119608e-02 -4.431554100372829263e-01 8.935611887045654678e-01
1.520530372401962996e+09 5.341063141822814941e-01 6.199839115142822266e-01 4.762140512466430664e-01 -6.119506097668461764e-02 -2.792768197069577310e-02 -4.418377306654802106e-01 8.945695215309886761e-01
1.520530372451963902e+09 5.806610584259033203e-01 5.939281582832336426e-01 4.859377145767211914e-01 -6.056220538337980797e-02 -1.075622573939119184e-02 -4.341421216631556335e-01 8.987419769237210421e-01
1.520530372501966000e+09 6.303738951683044434e-01 5.668642520904541016e-01 4.896839261054992676e-01 -5.969256390895856523e-02 2.274683621681079879e-03 -4.238815503188468337e-01 9.037455697969905000e-01
1.520530372551956415e+09 6.826742291450500488e-01 5.384374856948852539e-01 4.872371554374694824e-01 -6.160462684105035003e-02 1.128227667796860741e-02 -4.119766427819236965e-01 9.090395073850596752e-01
1.520530372601958513e+09 7.353761792182922363e-01 5.087580084800720215e-01 4.791370630264282227e-01 -6.714950893396735843e-02 1.596926254883468399e-02 -3.941474349382011466e-01 9.164517039294597378e-01
1.520530372651960373e+09 7.899844646453857422e-01 4.769458770751953125e-01 4.636518955230712891e-01 -7.315569639002171554e-02 2.040203155157926940e-02 -3.719521220371100334e-01 9.251397840901396386e-01
1.520530372701961279e+09 8.444156050682067871e-01 4.439427554607391357e-01 4.424021840095520020e-01 -8.020212101566601137e-02 2.615740392375894008e-02 -3.484776442418067721e-01 9.335131179947278035e-01
1.520530372751963377e+09 8.994513154029846191e-01 4.105881154537200928e-01 4.171033799648284912e-01 -8.533908789687030816e-02 3.547772978825922824e-02 -3.232933138087404901e-01 9.417749221616409372e-01
1.520530372801964283e+09 9.521617889404296875e-01 3.781859874725341797e-01 3.898108899593353271e-01 -8.458963216172035726e-02 4.404414150757191698e-02 -2.974464396495465346e-01 9.499633273286999247e-01
1.520530372851966381e+09 1.005677342414855957e+00 3.461576104164123535e-01 3.621686398983001709e-01 -7.751419001494026795e-02 5.115325489100018552e-02 -2.717732947114902542e-01 9.578696002807717269e-01
1.520530372901967525e+09 1.054322838783264160e+00 3.155474364757537842e-01 3.393051922321319580e-01 -6.519524288513003918e-02 5.576069147864982922e-02 -2.465116338685697239e-01 9.653353510352865596e-01
1.520530372951617479e+09 1.098088264465332031e+00 2.851234376430511475e-01 3.252066373825073242e-01 -5.137449605599909985e-02 5.353423671836990416e-02 -2.227476569228234171e-01 9.720484699794378347e-01
1.520530373001619577e+09 1.139219522476196289e+00 2.547523379325866699e-01 3.167988657951354980e-01 -3.923399377511172653e-02 4.498590160589203274e-02 -2.004313917818385804e-01 9.778876313654625285e-01
1.520530373051620483e+09 1.176135659217834473e+00 2.217445075511932373e-01 3.164297640323638916e-01 -3.143985123551298888e-02 2.842301063940901734e-02 -1.841592000646018190e-01 9.819822082156308696e-01
1.520530373101622343e+09 1.207383275032043457e+00 1.844519227743148804e-01 3.231988251209259033e-01 -2.598867739619899198e-02 8.442121518787110840e-03 -1.810172787864594013e-01 9.831002309084274637e-01
1.520530373151624441e+09 1.229807972908020020e+00 1.449112892150878906e-01 3.342972993850708008e-01 -2.410894533906643433e-02 -6.730799288421687558e-03 -1.941044400358905020e-01 9.806614713824185481e-01
1.520530373201626539e+09 1.234497189521789551e+00 1.026513725519180298e-01 3.497884273529052734e-01 -2.638470787506271009e-02 -1.876176544988401168e-02 -2.151498672843887572e-01 9.760442499984623987e-01
1.520530373251627445e+09 1.230288267135620117e+00 5.758007988333702087e-02 3.657011091709136963e-01 -2.987708913929573717e-02 -2.751107917326879940e-02 -2.380030616814012845e-01 9.704148817374781411e-01
1.520530373301629543e+09 1.221252799034118652e+00 9.447809308767318726e-03 3.795680999755859375e-01 -3.253501090917835376e-02 -3.795712591808803743e-02 -2.614376690119286639e-01 9.639248284377716081e-01
1.520530373351456881e+09 1.204361200332641602e+00 -3.982491791248321533e-02 3.911791443824768066e-01 -3.616559997262386306e-02 -4.545427167995989143e-02 -2.879086531249415160e-01 9.558946416945994784e-01
1.520530373401457787e+09 1.179988026618957520e+00 -9.031843394041061401e-02 4.012069702148437500e-01 -4.285909605764251507e-02 -4.868184349427162605e-02 -3.155649922521261419e-01 9.466846949560537849e-01
1.520530373451459885e+09 1.149470567703247070e+00 -1.402990520000457764e-01 4.097782075405120850e-01 -5.041682208705659113e-02 -4.831066594493210048e-02 -3.420894349708357707e-01 9.370693902203474090e-01
1.520530373501460791e+09 1.113699436187744141e+00 -1.892263442277908325e-01 4.164021313190460205e-01 -5.516620913591231690e-02 -4.924458473288879923e-02 -3.691049094845935685e-01 9.264411616710627184e-01
1.520530373551462650e+09 1.075486183166503906e+00 -2.367640286684036255e-01 4.190068542957305908e-01 -5.564090090644374653e-02 -5.005521568103633162e-02 -3.962728872954042192e-01 9.150772450039440509e-01
1.520530373601464987e+09 1.035043835639953613e+00 -2.828105688095092773e-01 4.164648354053497314e-01 -5.475191607396445032e-02 -4.904320688640278342e-02 -4.203138523114702818e-01 9.043966259886304648e-01
1.520530373651465893e+09 9.937437772750854492e-01 -3.267474472522735596e-01 4.091024696826934814e-01 -5.419060478562439526e-02 -4.403839916557631545e-02 -4.446290939756733507e-01 8.929887829879350480e-01
1.520530373701466799e+09 9.514933228492736816e-01 -3.697931468486785889e-01 3.964334130287170410e-01 -5.284122057446251353e-02 -3.725690913942310972e-02 -4.721400153649182863e-01 8.791493240745810178e-01
1.520530373751468897e+09 9.065037965774536133e-01 -4.103600382804870605e-01 3.781360089778900146e-01 -4.620375015637080696e-02 -3.004842617602969043e-02 -5.062805717140334005e-01 8.606057682009474741e-01
1.520530373801615477e+09 8.574667572975158691e-01 -4.476900100708007812e-01 3.555404543876647949e-01 -3.388418154363640605e-02 -2.279986371914707183e-02 -5.439930393047617274e-01 8.380952223008278912e-01
1.520530373851583481e+09 8.023268580436706543e-01 -4.807806611061096191e-01 3.321122527122497559e-01 -1.843381991697145422e-02 -1.468683177478704097e-02 -5.818857380386083245e-01 8.129289508456145619e-01
1.520530373901585579e+09 7.464238405227661133e-01 -5.112942457199096680e-01 3.077307045459747314e-01 -3.975813569160462600e-03 -6.475845069108236533e-03 -6.178256599600521204e-01 7.862783923217210313e-01
1.520530373951586485e+09 6.919376850128173828e-01 -5.396600961685180664e-01 2.858683466911315918e-01 8.898037465213882308e-03 -6.220745257626212861e-04 -6.503187999000795694e-01 7.596090418426258983e-01
1.520530374001588583e+09 6.362969279289245605e-01 -5.639672875404357910e-01 2.671272456645965576e-01 2.044126674564302262e-02 3.448977682813757131e-03 -6.809971630843425494e-01 7.319925703433433073e-01
1.520530374051589489e+09 5.811533927917480469e-01 -5.850651860237121582e-01 2.546188533306121826e-01 3.044134955733715855e-02 6.223579991363694178e-03 -7.124268616029044709e-01 7.010581703081814053e-01
1.520530374101591349e+09 5.254636406898498535e-01 -5.993596315383911133e-01 2.467324137687683105e-01 3.925834153354398892e-02 7.075428836055155588e-03 -7.469129428678202842e-01 6.637241721553869267e-01
1.520530374151592493e+09 4.708444774150848389e-01 -6.060903668403625488e-01 2.435373812913894653e-01 4.706177672617207347e-02 6.694179692348460435e-03 -7.827819869342403925e-01 6.204778304346622031e-01
1.520530374201952934e+09 4.172352254390716553e-01 -6.042258143424987793e-01 2.443146854639053345e-01 5.255580570089896097e-02 6.616002262339267664e-03 -8.144681839795381295e-01 5.777851617048220811e-01
1.520530374251954794e+09 3.670837879180908203e-01 -5.976220369338989258e-01 2.477518916130065918e-01 5.794255186439506433e-02 9.025853670647827551e-03 -8.403197761823023582e-01 5.389098889479421173e-01
1.520530374301955938e+09 3.217398822307586670e-01 -5.887159705162048340e-01 2.533059120178222656e-01 6.438238631003710688e-02 1.453434890362803947e-02 -8.631935329843527516e-01 5.005402937316472123e-01
1.520530374351957798e+09 2.770578861236572266e-01 -5.776180624961853027e-01 2.594270706176757812e-01 6.736109735608920845e-02 1.986047689388778514e-02 -8.836829117632224451e-01 4.627878082644399371e-01
1.520530374401958704e+09 2.355651557445526123e-01 -5.694537162780761719e-01 2.658357322216033936e-01 6.470775341308941664e-02 2.535961651571606856e-02 -9.005214802073547853e-01 4.292212252248964188e-01
1.520530374451961040e+09 1.940031051635742188e-01 -5.647087097167968750e-01 2.733681201934814453e-01 5.592847427285522338e-02 3.214635591817461419e-02 -9.134374549584359793e-01 4.018340869634482448e-01
1.520530374501961708e+09 1.532995253801345825e-01 -5.647928714752197266e-01 2.819219529628753662e-01 4.410848574206219230e-02 4.119740246876637396e-02 -9.229076102223148226e-01 3.802614344225623277e-01
1.520530374551963806e+09 1.178292557597160339e-01 -5.747525095939636230e-01 2.923603057861328125e-01 3.040825585263619638e-02 5.229212040014746127e-02 -9.282208738103752133e-01 3.670788492173862605e-01
1.520530374602406979e+09 7.588049024343490601e-02 -5.877177119255065918e-01 3.055351674556732178e-01 2.042676927127595743e-02 6.600793743427565974e-02 -9.297155100251451865e-01 3.617385377748616460e-01
1.520530374652408123e+09 3.391104936599731445e-02 -6.076256036758422852e-01 3.204536736011505127e-01 1.118717364686079747e-02 7.774058980657376494e-02 -9.292813545268794329e-01 3.609257707216391164e-01
1.520530374702409983e+09 -5.287630949169397354e-03 -6.324405670166015625e-01 3.363974392414093018e-01 1.579625499873763775e-03 8.497696196894174991e-02 -9.276927520724008724e-01 3.635417148968520529e-01
1.520530374752412081e+09 -4.733622446656227112e-02 -6.617942452430725098e-01 3.507634401321411133e-01 -6.882630025106533864e-03 8.626693156903313120e-02 -9.220854883042554073e-01 3.771856282791062887e-01
1.520530374802413225e+09 -9.071435034275054932e-02 -6.950806379318237305e-01 3.613589406013488770e-01 -1.346089906581379204e-02 8.381875207498554192e-02 -9.131289884203435125e-01 3.987338354132646256e-01
1.520530374852415085e+09 -1.352156251668930054e-01 -7.306996583938598633e-01 3.661075234413146973e-01 -1.804996767597144558e-02 8.048729272743559982e-02 -9.044169417522377463e-01 4.186000356519740118e-01
1.520530374902416945e+09 -1.808156222105026245e-01 -7.678503990173339844e-01 3.643878996372222900e-01 -2.070209519091479114e-02 7.807870761407902094e-02 -8.952585833658369685e-01 4.381634484776382177e-01
1.520530374952418089e+09 -2.274315208196640015e-01 -8.063319325447082520e-01 3.563309311866760254e-01 -2.212293386213150248e-02 7.630198987528927224e-02 -8.836900948825366919e-01 4.612812573093515445e-01
1.520530375002441883e+09 -2.760803699493408203e-01 -8.462959527969360352e-01 3.424398005008697510e-01 -1.951400184005513613e-02 7.301358108911167044e-02 -8.712831110157267522e-01 4.849267585599777441e-01
1.520530375052443743e+09 -3.212874829769134521e-01 -8.867531418800354004e-01 3.239533007144927979e-01 -1.159225823265021792e-02 6.461222209742650824e-02 -8.585352552083833633e-01 5.085352454540164047e-01
1.520530375102444649e+09 -3.705264627933502197e-01 -9.274935126304626465e-01 3.028719127178192139e-01 2.265304409848499425e-03 5.020747373853869100e-02 -8.444626964275726566e-01 5.332511906400192458e-01
1.520530375152446747e+09 -4.175189435482025146e-01 -9.671988487243652344e-01 2.831994891166687012e-01 2.069389380479103729e-02 3.452545292500784624e-02 -8.292782633861011110e-01 5.573843536867996162e-01
1.520530375202448845e+09 -4.637130796909332275e-01 -1.006561279296875000e+00 2.683151960372924805e-01 3.448480352718776704e-02 2.198153352153855988e-02 -8.148699367502055813e-01 5.781994436960733452e-01
1.520530375252453804e+09 -5.106909871101379395e-01 -1.044627785682678223e+00 2.593060433864593506e-01 4.018021952806331842e-02 1.446387856618186994e-02 -8.019269371131525492e-01 5.958938946723797425e-01
1.520530375302451849e+09 -5.564060211181640625e-01 -1.077641606330871582e+00 2.576926648616790771e-01 3.855070097062074375e-02 7.038660343495097352e-03 -7.918145056077012800e-01 6.095031496427845141e-01
1.520530375352452755e+09 -6.013852357864379883e-01 -1.103775978088378906e+00 2.628942728042602539e-01 3.224250164664563961e-02 -1.959924968467449072e-03 -7.818382050054623056e-01 6.226440403436949156e-01
1.520530375402251959e+09 -6.457684040069580078e-01 -1.125518202781677246e+00 2.735089659690856934e-01 2.433323555001429619e-02 -1.104342790374350861e-02 -7.730431178959995542e-01 6.337904024371417977e-01
1.520530375452213764e+09 -6.912009716033935547e-01 -1.139944434165954590e+00 2.867858409881591797e-01 1.566700091200551315e-02 -1.698691597889452967e-02 -7.651153268620271009e-01 6.434784583564260307e-01
1.520530375502216101e+09 -7.383213639259338379e-01 -1.147278308868408203e+00 3.021569848060607910e-01 -5.801546792148156188e-04 -2.002382922124675002e-02 -7.571971033122948391e-01 6.528792050749789855e-01
1.520530375552217007e+09 -7.878977656364440918e-01 -1.148324131965637207e+00 3.178899884223937988e-01 -2.528744429123094481e-02 -2.110760174318165178e-02 -7.499417264220800128e-01 6.606832987755474340e-01
1.520530375602218866e+09 -8.414134383201599121e-01 -1.141901254653930664e+00 3.340759277343750000e-01 -5.292729110737975917e-02 -1.889620844196998259e-02 -7.452447760371964103e-01 6.644184366435215150e-01
1.520530375652220011e+09 -8.958160877227783203e-01 -1.129056930541992188e+00 3.489286899566650391e-01 -7.898108543301972373e-02 -1.318800895350602000e-02 -7.445872910955912971e-01 6.627049347202672580e-01
1.520530375702221870e+09 -9.518240690231323242e-01 -1.107996225357055664e+00 3.633624315261840820e-01 -1.003550256015002667e-01 -1.536325730747900402e-03 -7.502653336774625092e-01 6.534741292672704427e-01
1.520530375752222776e+09 -1.005183219909667969e+00 -1.078225851058959961e+00 3.787190616130828857e-01 -1.199643122032284931e-01 1.828999193261849829e-02 -7.602030363401534041e-01 6.382518182754535196e-01
1.520530375802224874e+09 -1.059462904930114746e+00 -1.042886018753051758e+00 3.944478332996368408e-01 -1.415114516652717924e-01 3.945973790081703375e-02 -7.729709552565180442e-01 6.171979750956836375e-01
1.520530375852258682e+09 -1.111208200454711914e+00 -1.003798246383666992e+00 4.092565774917602539e-01 -1.606950992296906910e-01 6.190051459652541610e-02 -7.852242996512872608e-01 5.947841714549830794e-01
1.520530375902259588e+09 -1.161265254020690918e+00 -9.636531472206115723e-01 4.199423789978027344e-01 -1.794598290029845999e-01 8.084309274308294768e-02 -7.939608267179805168e-01 5.752258424021418071e-01
1.520530375952261448e+09 -1.209856271743774414e+00 -9.220324158668518066e-01 4.233004450798034668e-01 -1.924712450893238391e-01 9.417467280439395516e-02 -8.047268744103838189e-01 5.536249709123003404e-01
1.520530376002262592e+09 -1.259542822837829590e+00 -8.780394792556762695e-01 4.222401082515716553e-01 -1.946325477798772075e-01 9.479600340274754733e-02 -8.203147134104835647e-01 5.293540025784790881e-01
1.520530376052264452e+09 -1.309831380844116211e+00 -8.311168551445007324e-01 4.134994745254516602e-01 -1.874373115685940561e-01 7.977573605669324719e-02 -8.378806743936693113e-01 5.064178725579898677e-01
1.520530376102265358e+09 -1.359451889991760254e+00 -7.815260887145996094e-01 3.976078033447265625e-01 -1.741938209933670267e-01 5.546602342340320457e-02 -8.556671926733554479e-01 4.841628737892074708e-01
1.520530376152267694e+09 -1.408809185028076172e+00 -7.286546230316162109e-01 3.757236897945404053e-01 -1.576962206519293141e-01 2.933144727138410970e-02 -8.740377978202134024e-01 4.586169383861175564e-01
1.520530376202269554e+09 -1.455678105354309082e+00 -6.737891435623168945e-01 3.492225408554077148e-01 -1.356753268261940149e-01 3.015171755068059810e-03 -8.927145059310442887e-01 4.297021355895086492e-01
1.520530376251949549e+09 -1.496984004974365234e+00 -6.189975738525390625e-01 3.190226256847381592e-01 -1.096698449501607719e-01 -2.810958662007797398e-02 -9.088999866513842729e-01 4.013517042616981945e-01
1.520530376301951647e+09 -1.531135082244873047e+00 -5.639591813087463379e-01 2.861242592334747314e-01 -8.112029964470829357e-02 -6.502546556958678503e-02 -9.224496152933681081e-01 3.718573557940308416e-01
1.520530376351953506e+09 -1.560696959495544434e+00 -5.099757313728332520e-01 2.553869187831878662e-01 -5.452698035286320660e-02 -1.024783023115298924e-01 -9.330674859509756613e-01 3.404556837975701855e-01
1.520530376401954651e+09 -1.582875728607177734e+00 -4.557491242885589600e-01 2.271153330802917480e-01 -3.228296908492819112e-02 -1.363838091612279702e-01 -9.421557866258264413e-01 3.044663203594208944e-01
1.520530376451956511e+09 -1.597376823425292969e+00 -4.026902019977569580e-01 2.011553794145584106e-01 -1.864736437833473467e-02 -1.679225781546125618e-01 -9.493291519083637553e-01 2.650064997025476932e-01
1.520530376501958609e+09 -1.604451060295104980e+00 -3.503023684024810791e-01 1.783245503902435303e-01 -8.428647068004386025e-03 -1.979658278663424253e-01 -9.549376834416766213e-01 2.209807902258494328e-01
1.520530376551959753e+09 -1.602993130683898926e+00 -2.993370294570922852e-01 1.577295064926147461e-01 1.125045579722691157e-03 -2.275706367144800513e-01 -9.583363476334028075e-01 1.726319332640388615e-01
1.520530376601961613e+09 -1.592802166938781738e+00 -2.497393339872360229e-01 1.389955133199691772e-01 1.342305867079632634e-02 -2.594100743097982886e-01 -9.579583670726294908e-01 1.218277546294218305e-01
1.520530376652663231e+09 -1.575472950935363770e+00 -2.020835131406784058e-01 1.220314353704452515e-01 2.732805665054860791e-02 -2.932933508416785129e-01 -9.530920785636345371e-01 6.962526445920894091e-02
1.520530376702664137e+09 -1.552623867988586426e+00 -1.587634831666946411e-01 1.071576923131942749e-01 3.850814300886480634e-02 -3.222711063918887731e-01 -9.457219773496152726e-01 1.638287108203431014e-02
1.520530376752666235e+09 -1.526674151420593262e+00 -1.182070299983024597e-01 9.630640596151351929e-02 4.826897299241791894e-02 -3.393291176273824372e-01 -9.386511282680040091e-01 -3.820884161660025036e-02
1.520530376802668095e+09 -1.498717904090881348e+00 -7.946401089429855347e-02 9.264071285724639893e-02 5.976118646570022230e-02 -3.390774587369100868e-01 -9.343388292250567329e-01 -9.201103070328696398e-02
1.520530376852669001e+09 -1.471109986305236816e+00 -4.102728143334388733e-02 9.449950605630874634e-02 7.434814883769882976e-02 -3.209376212286471075e-01 -9.328715444128082845e-01 -1.456779930853210614e-01
1.520530376902671099e+09 -1.443664073944091797e+00 -4.472757689654827118e-03 1.048425063490867615e-01 9.078087493901429439e-02 -2.876332946380398825e-01 -9.325393270088675468e-01 -1.984850728463534442e-01
1.520530376952672005e+09 -1.417958021163940430e+00 3.036896698176860809e-02 1.225504130125045776e-01 1.064558896935284965e-01 -2.451212494591524238e-01 -9.314629205340275719e-01 -2.468998669164550464e-01
1.520530377002721071e+09 -1.397516250610351562e+00 6.269499659538269043e-02 1.448068320751190186e-01 1.216474350572991220e-01 -1.999275455803606605e-01 -9.283452260699502911e-01 -2.888010029333795692e-01
1.520530377052897692e+09 -1.379647493362426758e+00 9.133192151784896851e-02 1.731955409049987793e-01 1.365820086000388289e-01 -1.561808043662891998e-01 -9.213837418279795521e-01 -3.286410071329336491e-01
1.520530377102899551e+09 -1.367124676704406738e+00 1.167242228984832764e-01 2.023776322603225708e-01 1.494706866635304998e-01 -1.168593687852525903e-01 -9.135339244882579868e-01 -3.598029607500845550e-01
1.520530377152900696e+09 -1.359828948974609375e+00 1.422131955623626709e-01 2.308396697044372559e-01 1.675649376340145602e-01 -8.062721509862690039e-02 -9.049674555408420140e-01 -3.826945887690114123e-01
1.520530377202902555e+09 -1.355658769607543945e+00 1.681052446365356445e-01 2.571749091148376465e-01 1.946470965176929357e-01 -4.602311737671251068e-02 -8.939337495834807079e-01 -4.010945422712455799e-01
1.520530377252903700e+09 -1.354181408882141113e+00 1.956072598695755005e-01 2.805733084678649902e-01 2.269534013988907251e-01 -1.433870284656011546e-02 -8.817448586395608690e-01 -4.132947609840378900e-01
1.520530377302905798e+09 -1.355824470520019531e+00 2.247091531753540039e-01 3.008553087711334229e-01 2.546929503677801687e-01 1.441227244536678886e-02 -8.743432623745381882e-01 -4.128530573656509217e-01
1.520530377352906704e+09 -1.360115408897399902e+00 2.574425935745239258e-01 3.183076977729797363e-01 2.784104395280792010e-01 3.975211099502819895e-02 -8.722664526739619673e-01 -4.000732837528689356e-01
1.520530377402908802e+09 -1.369286775588989258e+00 2.927477657794952393e-01 3.303843438625335693e-01 2.950467416331937764e-01 6.266669075698384772e-02 -8.749282208912941838e-01 -3.788415426127378360e-01
1.520530377451719522e+09 -1.380570769309997559e+00 3.296610713005065918e-01 3.387108743190765381e-01 3.008538765547830174e-01 8.128990186879206381e-02 -8.826657483626814127e-01 -3.518239239782725014e-01
1.520530377501720428e+09 -1.394379496574401855e+00 3.704767227172851562e-01 3.452942371368408203e-01 2.955065458601234818e-01 9.749612267595537951e-02 -8.941143714734663961e-01 -3.220712314715206692e-01
1.520530377551722288e+09 -1.409181714057922363e+00 4.120910465717315674e-01 3.500925898551940918e-01 2.804281168319550654e-01 1.107273899044733390e-01 -9.067836802953406217e-01 -2.946911494515290220e-01
1.520530377601723433e+09 -1.422227263450622559e+00 4.544219970703125000e-01 3.559332489967346191e-01 2.504158844023226527e-01 1.206177960860206622e-01 -9.210527281544108602e-01 -2.727729899855755313e-01
1.520530377651725292e+09 -1.431562185287475586e+00 4.960618317127227783e-01 3.632567822933197021e-01 2.093375972006351615e-01 1.276534437822491319e-01 -9.343841829427751433e-01 -2.584735331811732206e-01
1.520530377701726675e+09 -1.436318516731262207e+00 5.395189523696899414e-01 3.707512319087982178e-01 1.609665347776330635e-01 1.317438098738992758e-01 -9.462386344645156155e-01 -2.477211938618083531e-01
1.520530377751728535e+09 -1.435066103935241699e+00 5.784693360328674316e-01 3.762384951114654541e-01 1.090564674199324818e-01 1.355435930649615539e-01 -9.552984364340367796e-01 -2.390387387843437295e-01
1.520530377801730394e+09 -1.426854014396667480e+00 6.174288988113403320e-01 3.793271780014038086e-01 5.833661958498294331e-02 1.408921695409546815e-01 -9.591882857296099019e-01 -2.381261596224406030e-01
1.520530377851407051e+09 -1.412801504135131836e+00 6.574256420135498047e-01 3.800252377986907959e-01 7.216283907631177233e-03 1.485276937667835140e-01 -9.591321157874915793e-01 -2.407343637620003030e-01
1.520530377901409149e+09 -1.392589569091796875e+00 6.974540352821350098e-01 3.777037262916564941e-01 -4.714163607743039608e-02 1.566493458840810260e-01 -9.550575890799477552e-01 -2.471915251840776928e-01
1.520530377951411009e+09 -1.367050170898437500e+00 7.353766560554504395e-01 3.716668784618377686e-01 -1.018587397552726675e-01 1.608672396149521122e-01 -9.476756790929004026e-01 -2.562368740246872556e-01
1.520530378001411915e+09 -1.336832404136657715e+00 7.697193622589111328e-01 3.600879013538360596e-01 -1.560322944598012684e-01 1.570830647454076467e-01 -9.380981947692114131e-01 -2.663655586342696946e-01
1.520530378051414013e+09 -1.300358772277832031e+00 8.017677664756774902e-01 3.429118394851684570e-01 -2.035920066502391879e-01 1.452070547729507333e-01 -9.267505518922563024e-01 -2.803544553590911481e-01
1.520530378101416111e+09 -1.258468866348266602e+00 8.338370323181152344e-01 3.223732113838195801e-01 -2.441957821284317931e-01 1.316355131245476040e-01 -9.125550128810772099e-01 -3.004727277819694287e-01
1.520530378151417017e+09 -1.210752725601196289e+00 8.604342341423034668e-01 2.988097667694091797e-01 -2.745027453187778299e-01 1.188705450530738450e-01 -8.954679675881761503e-01 -3.296288145091997301e-01
1.520530378201419115e+09 -1.159191846847534180e+00 8.811055421829223633e-01 2.739865183830261230e-01 -2.994058754092627783e-01 1.098493868665012391e-01 -8.748114184640198854e-01 -3.646837206408263254e-01
1.520530378251420021e+09 -1.106619715690612793e+00 8.933544754981994629e-01 2.479577958583831787e-01 -3.199524857996128291e-01 1.048112728122478909e-01 -8.501296582423650827e-01 -4.048759910131060069e-01
1.520530378301511526e+09 -1.055704712867736816e+00 8.962941765785217285e-01 2.214830815792083740e-01 -3.319545410455249090e-01 1.028347096774284292e-01 -8.251326139402340720e-01 -4.454069763451967146e-01
1.520530378351513386e+09 -1.006324887275695801e+00 8.922190666198730469e-01 1.945081502199172974e-01 -3.353790604419236709e-01 1.014361445023750641e-01 -8.011091860579948598e-01 -4.852377421626255516e-01
1.520530378401515245e+09 -9.574023485183715820e-01 8.827877640724182129e-01 1.666897684335708618e-01 -3.307904904374799893e-01 9.934350863978239077e-02 -7.776480329468398178e-01 -5.253304251432423522e-01
1.520530378451516628e+09 -9.105633497238159180e-01 8.677329421043395996e-01 1.402259618043899536e-01 -3.214960266726362703e-01 9.806559584709546862e-02 -7.526623899404008000e-01 -5.661473046072600379e-01
1.520530378501517296e+09 -8.662609457969665527e-01 8.476240038871765137e-01 1.151064187288284302e-01 -3.079312482232933745e-01 9.658837439181951201e-02 -7.253767938706512375e-01 -6.080111341200299391e-01
1.520530378551519632e+09 -8.237607479095458984e-01 8.262144923210144043e-01 9.221154451370239258e-02 -2.918967431303783333e-01 9.469597224343810626e-02 -6.964661065422590447e-01 -6.486631842710164353e-01
1.520530378601571321e+09 -7.849752306938171387e-01 8.017895221710205078e-01 7.376200705766677856e-02 -2.735992287124437983e-01 9.138485505686042010e-02 -6.665215881439955359e-01 -6.874163533494082046e-01
1.520530378651522398e+09 -7.494644522666931152e-01 7.768790125846862793e-01 5.994519963860511780e-02 -2.537092892624344120e-01 8.721213884425016438e-02 -6.366869281741704967e-01 -7.229490956300453908e-01
1.520530378702209473e+09 -7.140930294990539551e-01 7.545902729034423828e-01 5.250932648777961731e-02 -2.307805615467557470e-01 8.186217565899300830e-02 -6.067164665134955337e-01 -7.562632120299908056e-01
1.520530378752210379e+09 -6.820562481880187988e-01 7.330130338668823242e-01 5.364263430237770081e-02 -2.006463312533402765e-01 7.321230717124350973e-02 -5.763874970454876401e-01 -7.887702207125193432e-01
1.520530378802212238e+09 -6.519887447357177734e-01 7.129251956939697266e-01 6.412818282842636108e-02 -1.630592021948400194e-01 6.272061068293278974e-02 -5.491584451109237097e-01 -8.172532188608955250e-01
1.520530378852213383e+09 -6.255194544792175293e-01 6.964825391769409180e-01 8.359795808792114258e-02 -1.236376427107080400e-01 5.329079765415106751e-02 -5.255313357287355602e-01 -8.400539502659902791e-01
1.520530378902215242e+09 -5.996602773666381836e-01 6.847860217094421387e-01 1.104230806231498718e-01 -8.458558066027468958e-02 4.353785690389415375e-02 -5.025592052927908560e-01 -8.592927206348595082e-01
1.520530378952216387e+09 -5.752496123313903809e-01 6.773910522460937500e-01 1.413182914257049561e-01 -4.749789847102520168e-02 3.653913746405552249e-02 -4.819937361638954587e-01 -8.741229200592947057e-01
1.520530379002218246e+09 -5.507513284683227539e-01 6.747219562530517578e-01 1.743020117282867432e-01 -9.189709841087429637e-03 2.591232532191253476e-02 -4.652863649819451997e-01 -8.847331231458084311e-01
1.520530379052220345e+09 -5.252898931503295898e-01 6.769331693649291992e-01 2.061793059110641479e-01 2.923917607752795148e-02 1.085884156774257446e-02 -4.557582482515334377e-01 -8.895569544963422004e-01
1.520530379102149248e+09 -4.960590600967407227e-01 6.839429736137390137e-01 2.354511767625808716e-01 6.607371180342358485e-02 -1.162051713714293798e-02 -4.542453916126342750e-01 -8.883469774748311565e-01
1.520530379152151108e+09 -4.638760089874267578e-01 6.969293355941772461e-01 2.591696679592132568e-01 1.018666968772820869e-01 -3.764254120933951259e-02 -4.588147570209841208e-01 -8.818703044656797108e-01
1.520530379202152252e+09 -4.274062812328338623e-01 7.147989869117736816e-01 2.767290174961090088e-01 1.350404241340513734e-01 -6.240943818361557177e-02 -4.683844464882523928e-01 -8.709105328121794498e-01
1.520530379252154112e+09 -3.848688900470733643e-01 7.369349002838134766e-01 2.891756594181060791e-01 1.651625911804005808e-01 -8.220790229740407296e-02 -4.816614630694862065e-01 -8.567178148423192363e-01
1.520530379302155018e+09 -3.394587635993957520e-01 7.630775570869445801e-01 2.969293892383575439e-01 1.905043874374534874e-01 -9.627289346041388585e-02 -4.990045737206115217e-01 -8.399012107133501104e-01
1.520530379352157354e+09 -2.917535305023193359e-01 7.929149866104125977e-01 3.002568185329437256e-01 2.109158011331182248e-01 -1.069133565658495211e-01 -5.179697206983873148e-01 -8.220653425731028197e-01
1.520530379402159214e+09 -2.412476986646652222e-01 8.256500363349914551e-01 3.000079691410064697e-01 2.228526970524270512e-01 -1.145143309249946062e-01 -5.387950897326843069e-01 -8.043152334185947883e-01
1.520530379452160120e+09 -1.893490105867385864e-01 8.614903092384338379e-01 2.951892912387847900e-01 2.231867758889003739e-01 -1.205059432166804695e-01 -5.637612558616442726e-01 -7.860274976787247070e-01
1.520530379501849651e+09 -1.391505748033523560e-01 8.982859253883361816e-01 2.849444150924682617e-01 2.130257671332702052e-01 -1.223222622387259290e-01 -5.896211547064749148e-01 -7.694180792135607572e-01
1.520530379551851988e+09 -8.858561515808105469e-02 9.367653727531433105e-01 2.710399627685546875e-01 1.939231272772958259e-01 -1.184340024371380584e-01 -6.171765220704960031e-01 -7.532996405008303142e-01
1.520530379601852655e+09 -3.881804645061492920e-02 9.772691130638122559e-01 2.556204795837402344e-01 1.676869543025583109e-01 -1.095639370935405504e-01 -6.467983750213537331e-01 -7.358863302949922858e-01
1.520530379651854753e+09 7.695307489484548569e-03 1.016299724578857422e+00 2.364416420459747314e-01 1.355906672343986097e-01 -9.609346464128222520e-02 -6.726675368736646510e-01 -7.210406381394062203e-01
1.520530379701855898e+09 5.354708060622215271e-02 1.053855657577514648e+00 2.160476446151733398e-01 9.987048157450534314e-02 -7.923992209633851092e-02 -6.928861288157888154e-01 -7.096870677636114566e-01
1.520530379751857758e+09 9.896897524595260620e-02 1.089552044868469238e+00 1.952524036169052124e-01 6.045465566420844816e-02 -5.958763159690969036e-02 -7.102745201860866109e-01 -6.987879898392770350e-01
1.520530379801859617e+09 1.456892043352127075e-01 1.121797680854797363e+00 1.729712039232254028e-01 2.034791764954288484e-02 -4.001567551509491866e-02 -7.244937490065247454e-01 -6.878179378373819874e-01
1.520530379851860762e+09 1.911319196224212646e-01 1.152725100517272949e+00 1.567972451448440552e-01 -1.613308286387010390e-02 -2.092005663354048334e-02 -7.328942938411193708e-01 -6.798294116341863091e-01
1.520530379901824236e+09 2.369392216205596924e-01 1.178834915161132812e+00 1.474261134862899780e-01 -4.837879703928202324e-02 3.333980773321448821e-03 -7.342615409231171286e-01 -6.771324583052008572e-01
1.520530379951826334e+09 2.836908698081970215e-01 1.199601888656616211e+00 1.451420485973358154e-01 -7.743745837375365371e-02 3.411821930740992215e-02 -7.306793734830578924e-01 -6.774563014086668611e-01
1.520530380001827478e+09 3.280608952045440674e-01 1.209927439689636230e+00 1.513073742389678955e-01 -1.027856831391869979e-01 6.977716018429913625e-02 -7.229336427783403796e-01 -6.796566775935216631e-01
1.520530380051829338e+09 3.722472488880157471e-01 1.210988640785217285e+00 1.631356328725814819e-01 -1.228140324646732895e-01 1.071839591844876566e-01 -7.083013993671958275e-01 -6.868314494676087678e-01
1.520530380101830244e+09 4.132358133792877197e-01 1.201663970947265625e+00 1.788423955440521240e-01 -1.396434466666147400e-01 1.462061714257355260e-01 -6.872379235719994206e-01 -6.977302484804162042e-01
1.520530380151832342e+09 4.505611658096313477e-01 1.183005809783935547e+00 1.958228498697280884e-01 -1.527675477647250646e-01 1.819884256642207987e-01 -6.617964239260918369e-01 -7.110328983618461329e-01
1.520530380201888323e+09 4.853632748126983643e-01 1.156588315963745117e+00 2.118230313062667847e-01 -1.611444649309493604e-01 2.116725143130553932e-01 -6.325908292382762532e-01 -7.273623930821123684e-01
1.520530380251835346e+09 5.212143063545227051e-01 1.124311327934265137e+00 2.225227653980255127e-01 -1.687671604676460602e-01 2.388590004800802136e-01 -6.021300841695880202e-01 -7.429020024035940528e-01
1.520530380301736355e+09 5.527794361114501953e-01 1.085513353347778320e+00 2.291771322488784790e-01 -1.753667318243874451e-01 2.622816001401356845e-01 -5.711617545559962705e-01 -7.577790718472496856e-01
1.520530380352160692e+09 5.815913081169128418e-01 1.040261745452880859e+00 2.291152924299240112e-01 -1.798135029625932413e-01 2.817275504453455315e-01 -5.398975573007237516e-01 -7.725330537220387317e-01
1.520530380402162552e+09 6.067445874214172363e-01 9.901341199874877930e-01 2.233981788158416748e-01 -1.821977171673286600e-01 2.986890034228615876e-01 -5.100183412896307500e-01 -7.857926969891266822e-01
1.520530380452163458e+09 6.281111836433410645e-01 9.364370107650756836e-01 2.130154371261596680e-01 -1.796304267546886269e-01 3.099640576809248871e-01 -4.801091801749315380e-01 -8.007186571085125326e-01
1.520530380502165556e+09 6.452417969703674316e-01 8.804035186767578125e-01 2.009218037128448486e-01 -1.704241463925759426e-01 3.135174475191481180e-01 -4.490934854427800493e-01 -8.191321393769722681e-01
1.520530380552166462e+09 6.554522514343261719e-01 8.219584822654724121e-01 1.889308243989944458e-01 -1.557820411606621602e-01 3.100790624255039263e-01 -4.134309516264526030e-01 -8.418181388722769665e-01
1.520530380602168322e+09 6.582295894622802734e-01 7.620541453361511230e-01 1.773251593112945557e-01 -1.402317705496493039e-01 3.029507936157812553e-01 -3.734916674502293255e-01 -8.654824328207511019e-01
1.520530380652170658e+09 6.531381607055664062e-01 7.022340297698974609e-01 1.652331650257110596e-01 -1.271297087959617766e-01 2.937201079844477536e-01 -3.326068056250481297e-01 -8.870959633314536852e-01
1.520530380702171564e+09 6.406456828117370605e-01 6.451230645179748535e-01 1.514984518289566040e-01 -1.182425575965023457e-01 2.837900000844662540e-01 -2.908150335119120133e-01 -9.060400375858463917e-01
1.520530380752134800e+09 6.226233243942260742e-01 5.915189981460571289e-01 1.362304687500000000e-01 -1.166137453633400156e-01 2.769514016514098009e-01 -2.428955428961508400e-01 -9.223344896277259064e-01
1.520530380802135944e+09 5.973967313766479492e-01 5.399035215377807617e-01 1.187705844640731812e-01 -1.191132943459103088e-01 2.716231302245438184e-01 -1.888036399377890640e-01 -9.361549464609622007e-01
1.520530380852137804e+09 5.674182772636413574e-01 4.915640354156494141e-01 9.881131350994110107e-02 -1.207884673460901254e-01 2.638673130278952339e-01 -1.293569626761759961e-01 -9.481829799563034067e-01
1.520530380902138710e+09 5.306211113929748535e-01 4.477204680442810059e-01 7.777400314807891846e-02 -1.184238520637732189e-01 2.522431213219822888e-01 -6.521692611504260884e-02 -9.581732367146489349e-01
1.520530380952140808e+09 4.875412285327911377e-01 4.098301231861114502e-01 5.741307139396667480e-02 -1.100592034742243208e-01 2.379017647215785625e-01 -1.550138382140996097e-03 -9.650322891717013629e-01
1.520530381002142906e+09 4.412685930728912354e-01 3.772428333759307861e-01 3.950633853673934937e-02 -9.669818577402378157e-02 2.226916814663564281e-01 5.908681359542435063e-02 -9.682802405981641991e-01
1.520530381052143812e+09 3.922873139381408691e-01 3.530520498752593994e-01 2.605636045336723328e-02 -8.175650127361630548e-02 2.081702174135254824e-01 1.177282093782164724e-01 -9.675335155942152987e-01
1.520530381102145910e+09 3.419575393199920654e-01 3.377083241939544678e-01 1.811824738979339600e-02 -6.981294973991659936e-02 1.954254403543477792e-01 1.753441150624304723e-01 -9.623873911392928360e-01
1.520530381152047634e+09 2.922639548778533936e-01 3.303668200969696045e-01 1.406046748161315918e-02 -6.265788371022110170e-02 1.851260318460727916e-01 2.319855036820014094e-01 -9.528825048363996908e-01
1.520530381202048540e+09 2.435330599546432495e-01 3.305053710937500000e-01 1.423991378396749496e-02 -5.806520183348913566e-02 1.736920207924298742e-01 2.876835268293741477e-01 -9.400519680528789390e-01
1.520530381252050877e+09 1.962737739086151123e-01 3.355679214000701904e-01 1.629428751766681671e-02 -5.371782594359655882e-02 1.601561468302865610e-01 3.436153555499240619e-01 -9.237926668028212385e-01
1.520530381302051783e+09 1.512022614479064941e-01 3.464386463165283203e-01 2.152824401855468750e-02 -4.845614761383980340e-02 1.481195995463297777e-01 3.950382197577684829e-01 -9.053493198314525037e-01
1.520530381352053642e+09 1.090913340449333191e-01 3.598542511463165283e-01 2.938618138432502747e-02 -4.344567251604693897e-02 1.355815221694175732e-01 4.366343286870428275e-01 -8.883020811626345381e-01
1.520530381402055740e+09 7.028650492429733276e-02 3.713771104812622070e-01 3.953559324145317078e-02 -4.099779075098494013e-02 1.188997663562165186e-01 4.706711621654721678e-01 -8.732987368705965592e-01
1.520530381452056646e+09 3.272631764411926270e-02 3.805823922157287598e-01 4.999141767621040344e-02 -3.878249897685617092e-02 9.940271631410936559e-02 4.997001193205538039e-01 -8.596015405485911698e-01
1.520530381502057791e+09 -4.201335832476615906e-03 3.858181834220886230e-01 6.023702397942543030e-02 -3.596736393013631738e-02 8.087282408113088961e-02 5.228911496205610465e-01 -8.477917083255459563e-01
1.520530381552262545e+09 -4.355770722031593323e-02 3.874162733554840088e-01 7.098968327045440674e-02 -3.419072945917943362e-02 6.376446075547885506e-02 5.410570533730315601e-01 -8.378677416865413230e-01
1.520530381602264404e+09 -8.427710086107254028e-02 3.851305246353149414e-01 8.273315429687500000e-02 -3.306287746328014088e-02 4.511127039262555899e-02 5.537074547597429230e-01 -8.308308335400766964e-01
1.520530381652265549e+09 -1.243127509951591492e-01 3.792450129985809326e-01 9.702122956514358521e-02 -3.188981725454270721e-02 2.303772694389177519e-02 5.628717898714576950e-01 -8.256074435587607008e-01
1.520530381702267408e+09 -1.659601777791976929e-01 3.697558939456939697e-01 1.139187663793563843e-01 -3.291422200545521259e-02 -3.875657535032665975e-03 5.692042832682578934e-01 -8.215279162496643695e-01
1.520530381752268314e+09 -2.079545855522155762e-01 3.569109737873077393e-01 1.338759809732437134e-01 -3.515611093665155923e-02 -3.171268739828220912e-02 5.745360650667037383e-01 -8.171087218109087669e-01
1.520530381802324533e+09 -2.501783370971679688e-01 3.413111269474029541e-01 1.550269871950149536e-01 -4.000285062131498509e-02 -6.205817737951293406e-02 5.795449912563838124e-01 -8.115886628533814928e-01
1.520530381852271557e+09 -2.908413112163543701e-01 3.237373232841491699e-01 1.747268140316009521e-01 -4.636922484153175456e-02 -9.776736767048772869e-02 5.785822410350309752e-01 -8.084145144449478293e-01
1.520530381902273417e+09 -3.318023681640625000e-01 3.029925227165222168e-01 1.916312873363494873e-01 -5.115786294705243487e-02 -1.316473264871582394e-01 5.677242572553526934e-01 -8.110123440560766950e-01
1.520530381952332497e+09 -3.683510422706604004e-01 2.768237590789794922e-01 2.045470476150512695e-01 -5.842922378171144793e-02 -1.581022075783431458e-01 5.497601989355909158e-01 -8.181402333545397809e-01
1.520530382002334356e+09 -4.012352526187896729e-01 2.465630620718002319e-01 2.107082009315490723e-01 -6.888577090919284496e-02 -1.759985472178921817e-01 5.291695997932163165e-01 -8.271993693168078199e-01
1.520530382052335501e+09 -4.340310394763946533e-01 2.132167965173721313e-01 2.109032422304153442e-01 -7.884348690190405573e-02 -1.861134860188822515e-01 5.078920568218106002e-01 -8.373715623976965006e-01
1.520530382102337360e+09 -4.662055671215057373e-01 1.777143478393554688e-01 2.060076743364334106e-01 -8.617021030414837024e-02 -1.914235179350962102e-01 4.861111279148195297e-01 -8.483087309198653614e-01
1.520530382152338505e+09 -4.976561367511749268e-01 1.403981000185012817e-01 1.973829865455627441e-01 -8.959139296919545192e-02 -1.897455478648600868e-01 4.638428682371925627e-01 -8.607088955952516551e-01
1.520530382202340364e+09 -5.272710323333740234e-01 1.029466763138771057e-01 1.870676130056381226e-01 -9.102099712502155493e-02 -1.839285556756493634e-01 4.436927828415306307e-01 -8.723658515461127916e-01
1.520530382252342463e+09 -5.570068359375000000e-01 6.466785073280334473e-02 1.768464893102645874e-01 -9.253377532167127162e-02 -1.717923742637194884e-01 4.242840140955347894e-01 -8.842555942444088046e-01
1.520530382302343607e+09 -5.830911397933959961e-01 2.864111587405204773e-02 1.674881130456924438e-01 -9.473650100655124640e-02 -1.526643504626585268e-01 4.028155164712093339e-01 -8.974732593035199546e-01
1.520530382352159023e+09 -6.086250543594360352e-01 -5.900092888623476028e-03 1.582542806863784790e-01 -9.681368911652502018e-02 -1.332732972781613123e-01 3.825399696801407012e-01 -9.091361336067181886e-01
1.520530382402159929e+09 -6.357918977737426758e-01 -3.866907209157943726e-02 1.496937870979309082e-01 -9.602235039446647968e-02 -1.140842411822282076e-01 3.651679671284897566e-01 -9.189215689719356650e-01
1.520530382452161789e+09 -6.613055467605590820e-01 -6.855917721986770630e-02 1.437310576438903809e-01 -9.024529680774792673e-02 -9.089322163216241590e-02 3.497348937261436363e-01 -9.280515679507099769e-01
1.520530382502164125e+09 -6.879715919494628906e-01 -9.612039476633071899e-02 1.390872448682785034e-01 -8.069589106514746257e-02 -6.209871062499433547e-02 3.343836703130374510e-01 -9.369202123617020872e-01
1.520530382552165031e+09 -7.144542932510375977e-01 -1.213592663407325745e-01 1.354098618030548096e-01 -7.084910743683700551e-02 -3.084353108124984061e-02 3.188923041427629279e-01 -9.446357916807743837e-01
1.520530382602166891e+09 -7.427307367324829102e-01 -1.438540369272232056e-01 1.321293115615844727e-01 -6.166633630686375184e-02 3.888231610721712807e-04 3.049979229500907607e-01 -9.503543437998106524e-01
1.520530382652168036e+09 -7.725639939308166504e-01 -1.638051420450210571e-01 1.288436353206634521e-01 -5.138532249660892476e-02 3.648579619094870219e-02 2.893630366062536208e-01 -9.551425905875206013e-01
1.520530382702169895e+09 -8.049242496490478516e-01 -1.810155510902404785e-01 1.257330626249313354e-01 -3.925529739156085468e-02 7.607599844333021166e-02 2.718154401186739233e-01 -9.585342094055078199e-01
1.520530382752170801e+09 -8.417754769325256348e-01 -1.958668380975723267e-01 1.230624765157699585e-01 -2.760298018254746244e-02 1.096435721480582826e-01 2.571952070046377714e-01 -9.597223494664990362e-01
1.520530382802243710e+09 -8.828878998756408691e-01 -2.069033831357955933e-01 1.214664354920387268e-01 -1.630448217445112924e-02 1.349514452740302184e-01 2.489865347881272395e-01 -9.589202139769889000e-01
1.520530382852245569e+09 -9.282523393630981445e-01 -2.140536755323410034e-01 1.207647770643234253e-01 -6.670397090752886761e-03 1.539016629439121098e-01 2.470676843428402103e-01 -9.566751503510567689e-01
1.520530382902247667e+09 -9.766733050346374512e-01 -2.169012129306793213e-01 1.210943236947059631e-01 8.451187372393922101e-04 1.709411216824631707e-01 2.485681214039442699e-01 -9.534108808451766670e-01
1.520530382952248573e+09 -1.027846336364746094e+00 -2.173721343278884888e-01 1.213470846414566040e-01 3.717791792727649820e-03 1.892884125444171117e-01 2.515621649501443291e-01 -9.491430619596799012e-01
1.520530383002249718e+09 -1.078928351402282715e+00 -2.149125784635543823e-01 1.209637895226478577e-01 -2.162700006522507833e-03 2.051469490259674178e-01 2.588810268669656800e-01 -9.438700471793372015e-01
1.520530383052251816e+09 -1.132234692573547363e+00 -2.108948230743408203e-01 1.185760200023651123e-01 -1.239105329031365763e-02 2.166512471944137819e-01 2.646203470297826543e-01 -9.396194819315417668e-01
1.520530383102252722e+09 -1.186127901077270508e+00 -2.063184976577758789e-01 1.140606850385665894e-01 -2.212686919392216345e-02 2.178864113439086259e-01 2.716782492578564412e-01 -9.371375791694269708e-01
1.520530383152254820e+09 -1.239468693733215332e+00 -2.008806467056274414e-01 1.095740422606468201e-01 -2.635588764499829581e-02 2.145016555007318582e-01 2.844308799489902451e-01 -9.340200648301582032e-01
1.520530383202206612e+09 -1.292524576187133789e+00 -1.948203146457672119e-01 1.046613156795501709e-01 -2.755014603185714298e-02 2.107222239469880576e-01 3.007938663740657992e-01 -9.297097309054044301e-01
1.520530383252208471e+09 -1.346456289291381836e+00 -1.894666552543640137e-01 9.909806400537490845e-02 -3.329162899312427398e-02 2.016889811895088425e-01 3.189803818646054223e-01 -9.254538012733173336e-01
1.520530383302209616e+09 -1.402183175086975098e+00 -1.854419410228729248e-01 9.196642786264419556e-02 -4.382398427343647124e-02 1.876438281830828114e-01 3.375116655809486388e-01 -9.213876099362163785e-01
1.520530383352211475e+09 -1.456777334213256836e+00 -1.825767606496810913e-01 8.473263680934906006e-02 -5.792961531310293621e-02 1.680920579844349949e-01 3.557232023493161477e-01 -9.175239631871097146e-01
1.520530383402266502e+09 -1.510520935058593750e+00 -1.809049695730209351e-01 7.903075963258743286e-02 -7.021197007150288549e-02 1.456121370963387174e-01 3.718261460736136947e-01 -9.141185382022176675e-01
1.520530383452214718e+09 -1.565684914588928223e+00 -1.829366981983184814e-01 7.733821123838424683e-02 -7.826916911403161703e-02 1.245336762148096521e-01 3.828948456731889882e-01 -9.120070382467061476e-01
1.520530383502216578e+09 -1.616595506668090820e+00 -1.880415976047515869e-01 8.004929125308990479e-02 -8.411397462713109119e-02 1.019558196944301692e-01 3.904053419278245562e-01 -9.111056574827540722e-01
1.520530383552217484e+09 -1.664897441864013672e+00 -1.970979273319244385e-01 8.655645698308944702e-02 -8.896056761152404402e-02 7.856809610208896621e-02 3.963079507048917205e-01 -9.104136861302215555e-01
1.520530383602471828e+09 -1.710142374038696289e+00 -2.098027169704437256e-01 9.713236242532730103e-02 -9.372461893883034245e-02 5.571444072013920223e-02 3.998454026128040462e-01 -9.100743106523871973e-01
1.520530383652472734e+09 -1.754491806030273438e+00 -2.261982262134552002e-01 1.095863804221153259e-01 -9.702768480782378302e-02 3.300626425906495048e-02 4.024871702813369034e-01 -9.096704307931616773e-01
1.520530383702474594e+09 -1.794713973999023438e+00 -2.455622106790542603e-01 1.223862618207931519e-01 -9.776430088860514622e-02 1.364548343082544295e-02 4.021390475693090161e-01 -9.102417968176094165e-01
1.520530383752475739e+09 -1.832527279853820801e+00 -2.698615789413452148e-01 1.343499720096588135e-01 -9.645362395294995728e-02 -2.553370403312123400e-03 3.960586561202353306e-01 -9.131416755565148202e-01
1.520530383802477598e+09 -1.866252303123474121e+00 -3.011621236801147461e-01 1.450382322072982788e-01 -9.276993120433822682e-02 -1.717909155479893646e-02 3.826117031007345570e-01 -9.190793781431771947e-01
1.520530383852479696e+09 -1.894657850265502930e+00 -3.364197611808776855e-01 1.528306901454925537e-01 -8.555680958981765061e-02 -3.058122736466289612e-02 3.627180032136655408e-01 -9.274591478929807842e-01
1.520530383902480841e+09 -1.919551730155944824e+00 -3.767134249210357666e-01 1.585226655006408691e-01 -7.529034567676971823e-02 -4.353608995124771952e-02 3.398995743603099307e-01 -9.364316590490251446e-01
1.520530383952482700e+09 -1.941569447517395020e+00 -4.207676649093627930e-01 1.621931642293930054e-01 -6.257839295425055015e-02 -5.438751176229682238e-02 3.143741087207319040e-01 -9.456716465378535164e-01
1.520530384002530336e+09 -1.958805203437805176e+00 -4.631673693656921387e-01 1.634441018104553223e-01 -5.038278769300762183e-02 -6.316833751129205532e-02 2.844096335749478621e-01 -9.552918382201873726e-01
1.520530384052531481e+09 -1.972584486007690430e+00 -5.086516141891479492e-01 1.618005484342575073e-01 -3.946978666743584246e-02 -6.893053863924393510e-02 2.495928065073923785e-01 -9.650876373278718390e-01
1.520530384102533579e+09 -1.980258345603942871e+00 -5.546758174896240234e-01 1.582753807306289673e-01 -2.852360319802249577e-02 -7.492124967035193595e-02 2.136216144446957954e-01 -9.736215980813471838e-01
1.520530384152534485e+09 -1.984390974044799805e+00 -6.018232107162475586e-01 1.542185246944427490e-01 -1.643206971262011276e-02 -7.664859390628862845e-02 1.739986689509093465e-01 -9.816208246265257786e-01
1.520530384202536583e+09 -1.980494022369384766e+00 -6.474074721336364746e-01 1.496519595384597778e-01 -6.732377719695772054e-03 -7.303644244505824723e-02 1.295431470558388865e-01 -9.888573841642070983e-01
1.520530384252537489e+09 -1.970715641975402832e+00 -6.908480525016784668e-01 1.436049342155456543e-01 -2.526943680017077615e-03 -6.546016459542465526e-02 8.193051410788698696e-02 -9.944827661979845912e-01
1.520530384302539349e+09 -1.954046845436096191e+00 -7.313479781150817871e-01 1.361913233995437622e-01 -4.909081815530528560e-03 -4.535707426820313748e-02 3.078516737236359699e-02 -9.984843064362167731e-01
1.520530384352541447e+09 -1.931821823120117188e+00 -7.697959542274475098e-01 1.277882456779479980e-01 -1.514614433268301162e-02 -1.556919669758883608e-02 -2.106916987666452440e-02 -9.995420373885000043e-01
1.520530384402432442e+09 -1.904233574867248535e+00 -8.046801090240478516e-01 1.181503981351852417e-01 -3.060737332701562660e-02 1.755621144136845779e-02 -7.022616451827415340e-02 -9.969068431678553832e-01
1.520530384452434540e+09 -1.874039173126220703e+00 -8.388305306434631348e-01 1.083512827754020691e-01 -4.754530216451874347e-02 5.218340402183919285e-02 -1.166590514560528341e-01 -9.906598822502867829e-01
1.520530384502435446e+09 -1.839984178543090820e+00 -8.713006377220153809e-01 9.889126569032669067e-02 -6.221294356861242075e-02 8.389491525555875517e-02 -1.570439327018062214e-01 -9.820531533722305362e-01
1.520530384552437305e+09 -1.804936885833740234e+00 -9.029996991157531738e-01 8.916749805212020874e-02 -7.414316037177917651e-02 1.062633196191815899e-01 -1.904449224284197884e-01 -9.731092591250118939e-01
1.520530384602439404e+09 -1.768330693244934082e+00 -9.345602393150329590e-01 8.100750297307968140e-02 -8.592989550392934883e-02 1.213465114723080301e-01 -2.213127635780097191e-01 -9.638006733187358677e-01
1.520530384652440310e+09 -1.730659008026123047e+00 -9.657273292541503906e-01 7.535440474748611450e-02 -9.850966342816053212e-02 1.318087648212430685e-01 -2.495566755693593708e-01 -9.542765644226722799e-01
1.520530384702442408e+09 -1.692943930625915527e+00 -9.950167536735534668e-01 7.142110168933868408e-02 -1.103396049463410827e-01 1.361697919968774262e-01 -2.758002296891166050e-01 -9.451016837521998282e-01
1.520530384752443552e+09 -1.654776215553283691e+00 -1.023084878921508789e+00 7.259196788072586060e-02 -1.175973533942606813e-01 1.293879862906223144e-01 -2.991919738085093150e-01 -9.380371923793275890e-01
1.520530384802857399e+09 -1.616642832756042480e+00 -1.050321817398071289e+00 7.546350359916687012e-02 -1.160737746841671442e-01 1.060248119942365924e-01 -3.182741264351330868e-01 -9.348728247810549341e-01
1.520530384852858543e+09 -1.580417752265930176e+00 -1.078760266304016113e+00 7.966296374797821045e-02 -1.039440985928832273e-01 6.580021115466259951e-02 -3.345369339160250699e-01 -9.343184662767722859e-01
1.520530384902860403e+09 -1.542353630065917969e+00 -1.106175899505615234e+00 8.531014621257781982e-02 -8.583587176574300481e-02 1.719684852474974435e-02 -3.518103862296165230e-01 -9.319688426444308060e-01
1.520530384952861309e+09 -1.502483129501342773e+00 -1.133296132087707520e+00 9.169825166463851929e-02 -6.441801289518413187e-02 -3.138974439364042995e-02 -3.686953498632977722e-01 -9.267840862632020782e-01
1.520530385002916336e+09 -1.459406614303588867e+00 -1.158337831497192383e+00 9.925147145986557007e-02 -3.966776452865941605e-02 -7.400059324562893726e-02 -3.853161139497521814e-01 -9.189569483861882437e-01
1.520530385052864313e+09 -1.415307521820068359e+00 -1.181841254234313965e+00 1.076424196362495422e-01 -1.326495026124566157e-02 -1.112110755104047805e-01 -4.014441637639573068e-01 -9.090097475595313448e-01
1.520530385102866173e+09 -1.365040659904479980e+00 -1.202901840209960938e+00 1.166106760501861572e-01 1.459569962283802438e-02 -1.462088742674373665e-01 -4.155570635469532093e-01 -8.976203304149266149e-01
1.520530385152867317e+09 -1.311686873435974121e+00 -1.222023367881774902e+00 1.266551911830902100e-01 4.139247925636527908e-02 -1.757020352134035235e-01 -4.293748665032982581e-01 -8.849026395588127647e-01
1.520530385202869415e+09 -1.253323554992675781e+00 -1.238790631294250488e+00 1.365043073892593384e-01 6.445284533229495016e-02 -1.975775387570141706e-01 -4.465051314552997974e-01 -8.703115042853204475e-01
1.520530385252705097e+09 -1.192028284072875977e+00 -1.249421358108520508e+00 1.453516781330108643e-01 8.414352574503655702e-02 -2.130139442073703260e-01 -4.690839884551606942e-01 -8.529391176534303343e-01
1.520530385302706957e+09 -1.127038478851318359e+00 -1.253574013710021973e+00 1.505382955074310303e-01 9.860539959775965757e-02 -2.188661810709313926e-01 -4.978884722840345445e-01 -8.333556498400084278e-01
1.520530385352709055e+09 -1.059351205825805664e+00 -1.248919010162353516e+00 1.520869582891464233e-01 1.089010170910489766e-01 -2.196401966091527935e-01 -5.274652510620975177e-01 -8.134366363964842250e-01
1.520530385402710199e+09 -9.921984076499938965e-01 -1.236069083213806152e+00 1.495170742273330688e-01 1.148132970181836160e-01 -2.138155670474123637e-01 -5.594652610958492644e-01 -7.925272435335968257e-01
1.520530385452712059e+09 -9.282333254814147949e-01 -1.214844226837158203e+00 1.412434875965118408e-01 1.163274144664425830e-01 -2.037657386035036655e-01 -5.945789322217001072e-01 -7.690405384458116611e-01
1.520530385502712965e+09 -8.691954016685485840e-01 -1.185937523841857910e+00 1.275693923234939575e-01 1.116676141764531144e-01 -1.920972398019245020e-01 -6.306936516141631310e-01 -7.435418698487753497e-01
1.520530385552715063e+09 -8.152655959129333496e-01 -1.150756955146789551e+00 1.083780080080032349e-01 1.017591181479213791e-01 -1.824691247674447014e-01 -6.645158354659796984e-01 -7.174739053061868210e-01
1.520530385602715969e+09 -7.652630805969238281e-01 -1.112140297889709473e+00 8.512578904628753662e-02 9.023913128785314430e-02 -1.760210275418526149e-01 -6.942628747002645984e-01 -6.920061833975534871e-01
1.520530385652486563e+09 -7.201852202415466309e-01 -1.070175290107727051e+00 5.847102403640747070e-02 7.681905062851179800e-02 -1.725755240582738936e-01 -7.207135168412970305e-01 -6.669996616182019000e-01
1.520530385702487707e+09 -6.786972284317016602e-01 -1.025460958480834961e+00 3.022981062531471252e-02 5.694772094529405165e-02 -1.709642794696297763e-01 -7.442696417965445344e-01 -6.431103113188362252e-01
1.520530385752489567e+09 -6.405379772186279297e-01 -9.794417023658752441e-01 3.723528934642672539e-03 3.139544896201976187e-02 -1.718333144880877517e-01 -7.644631552819086684e-01 -6.205511437689399390e-01
1.520530385802491426e+09 -6.049990057945251465e-01 -9.330444335937500000e-01 -1.724972203373908997e-02 6.329559969653659676e-03 -1.762678264728525512e-01 -7.834478944092303498e-01 -5.959018264503562756e-01
1.520530385852492571e+09 -5.702465176582336426e-01 -8.852868080139160156e-01 -3.191594406962394714e-02 -1.653302185969767954e-02 -1.775123828808460591e-01 -8.034275339270263716e-01 -5.680846863277407843e-01
1.520530385902494669e+09 -5.362775921821594238e-01 -8.370404243469238281e-01 -3.805364668369293213e-02 -3.829008345090375437e-02 -1.722499879128478184e-01 -8.225876102051381533e-01 -5.405676966951931117e-01
1.520530385952496529e+09 -5.029960870742797852e-01 -7.904766798019409180e-01 -3.413162752985954285e-02 -5.762620452457888759e-02 -1.650919454972133993e-01 -8.384035006835560688e-01 -5.162397118835345688e-01
1.520530386002497673e+09 -4.703871011734008789e-01 -7.478314638137817383e-01 -2.159676887094974518e-02 -7.171062381631068683e-02 -1.573110521180945132e-01 -8.521715404451759568e-01 -4.938769937632948581e-01
1.520530386052543879e+09 -4.384257793426513672e-01 -7.098720669746398926e-01 -1.450893003493547440e-03 -8.414582384771147894e-02 -1.430950969860232125e-01 -8.662883100509078949e-01 -4.711558525760795590e-01
1.520530386102545738e+09 -4.043993353843688965e-01 -6.770172715187072754e-01 2.508083172142505646e-02 -9.130598174063940531e-02 -1.261291891456328140e-01 -8.800232591442813668e-01 -4.486799624553342580e-01
1.520530386152546883e+09 -3.676339983940124512e-01 -6.465991735458374023e-01 5.365639552474021912e-02 -9.199551522998737629e-02 -1.096212643987737184e-01 -8.921635180070316418e-01 -4.284439994987679912e-01
1.520530386202548742e+09 -3.286819458007812500e-01 -6.205344200134277344e-01 8.362299203872680664e-02 -9.332129444872605539e-02 -9.005851407253530339e-02 -9.010313708669323018e-01 -4.139119094192844628e-01
1.520530386252549887e+09 -2.851905822753906250e-01 -6.002094745635986328e-01 1.138668730854988098e-01 -1.007325226681473479e-01 -6.731445007836996119e-02 -9.073393490095871261e-01 -4.025630750906208366e-01
1.520530386302551985e+09 -2.378349006175994873e-01 -5.859804749488830566e-01 1.413544714450836182e-01 -1.111252957098261551e-01 -4.658325299546747789e-02 -9.116641107915525177e-01 -3.928736670844863443e-01
1.520530386352552891e+09 -1.857484132051467896e-01 -5.764085054397583008e-01 1.621122509241104126e-01 -1.174573297549854206e-01 -3.319245352975520869e-02 -9.131111482800651213e-01 -3.890116548410400554e-01
1.520530386402554035e+09 -1.307957470417022705e-01 -5.730100870132446289e-01 1.751427799463272095e-01 -1.154928254089486461e-01 -2.687751809599362926e-02 -9.119403142654400884e-01 -3.928153122238338124e-01
1.520530386452757835e+09 -7.385829836130142212e-02 -5.747093558311462402e-01 1.807691305875778198e-01 -1.039937329156173651e-01 -2.612599275262129581e-02 -9.088531444866441156e-01 -4.030988684847732206e-01
1.520530386502759695e+09 -1.715143956243991852e-02 -5.822707414627075195e-01 1.804623901844024658e-01 -9.313372353244281365e-02 -2.753366293611634458e-02 -9.049079253639842335e-01 -4.143786355010989353e-01
1.520530386552760839e+09 4.116384312510490417e-02 -5.933638811111450195e-01 1.753010153770446777e-01 -8.223320045313427251e-02 -3.592825463193755758e-02 -8.997402241835342762e-01 -4.270999768771955862e-01
1.520530386602813721e+09 9.991030395030975342e-02 -6.074930429458618164e-01 1.655231714248657227e-01 -6.813064080182558435e-02 -5.388757105286306331e-02 -8.938529311179840287e-01 -4.398650736325214750e-01
1.520530386652763844e+09 1.538204550743103027e-01 -6.251299977302551270e-01 1.537661403417587280e-01 -5.703817372110734502e-02 -7.393674635611345580e-02 -8.867288927643359742e-01 -4.527602842716743070e-01
1.520530386702765942e+09 2.077169865369796753e-01 -6.438672542572021484e-01 1.424019634723663330e-01 -4.977104516010906476e-02 -9.097252924487948811e-02 -8.773337736018491650e-01 -4.685427319722280104e-01
1.520530386752766848e+09 2.617774307727813721e-01 -6.639736890792846680e-01 1.328818947076797485e-01 -4.315319963300266737e-02 -1.059723182069903236e-01 -8.659140930141603354e-01 -4.869296177629111599e-01
1.520530386802768707e+09 3.155489861965179443e-01 -6.843318343162536621e-01 1.265530288219451904e-01 -3.538112562609956741e-02 -1.197359063352233383e-01 -8.537406553945563470e-01 -5.055080434671500589e-01
1.520530386852674246e+09 3.713430166244506836e-01 -7.033608555793762207e-01 1.258346140384674072e-01 -2.595168339306587468e-02 -1.294975125352751943e-01 -8.418843704595060373e-01 -5.232471797843193384e-01
1.520530386902676105e+09 4.275082945823669434e-01 -7.194287180900573730e-01 1.292984634637832642e-01 -1.444580390429119066e-02 -1.329606820474746320e-01 -8.313383430802645524e-01 -5.394342732007204599e-01
1.520530386952678204e+09 4.845187366008758545e-01 -7.308027744293212891e-01 1.398670673370361328e-01 4.435549922637267261e-04 -1.314558279710987265e-01 -8.229501509836434359e-01 -5.526954111872111053e-01
1.520530387002679110e+09 5.391833186149597168e-01 -7.362574338912963867e-01 1.591766029596328735e-01 1.901702585554044742e-02 -1.277349891103987112e-01 -8.173917543649240613e-01 -5.614203818715595151e-01
1.520530387052680969e+09 5.909389853477478027e-01 -7.341639995574951172e-01 1.861325800418853760e-01 4.183574858123952078e-02 -1.199563884823084681e-01 -8.148044993885911191e-01 -5.656446435519710825e-01
1.520530387102682114e+09 6.392995715141296387e-01 -7.243309020996093750e-01 2.186456173658370972e-01 6.642360812550188176e-02 -1.076733367457740204e-01 -8.138547328075056431e-01 -5.671285839423406694e-01
1.520530387152684212e+09 6.839957237243652344e-01 -7.075912356376647949e-01 2.549073696136474609e-01 8.876898862425029735e-02 -9.410598805605614736e-02 -8.130951416908005491e-01 -5.675741539476918396e-01
1.520530387202685118e+09 7.256806492805480957e-01 -6.864250302314758301e-01 2.926906645298004150e-01 1.097095457771825600e-01 -8.408970545002843189e-02 -8.106499941628817485e-01 -5.689809521999935615e-01
1.520530387252606153e+09 7.636871933937072754e-01 -6.605558395385742188e-01 3.284583389759063721e-01 1.287027742839331745e-01 -7.370356449732527737e-02 -8.109237529008671563e-01 -5.660442098044826675e-01
1.520530387302607059e+09 7.969723343849182129e-01 -6.301095485687255859e-01 3.593909442424774170e-01 1.475158827739286582e-01 -6.404325667879165462e-02 -8.143711122564400995e-01 -5.576174469343759821e-01
1.520530387352609158e+09 8.282614350318908691e-01 -5.937516689300537109e-01 3.812232911586761475e-01 1.615206608416809575e-01 -5.712256240532194440e-02 -8.222295688636880318e-01 -5.427583486891293107e-01
1.520530387402611017e+09 8.570584654808044434e-01 -5.511251091957092285e-01 3.930076360702514648e-01 1.723499296060198582e-01 -5.640181147351455704e-02 -8.316695680332760743e-01 -5.248238438129980699e-01
1.520530387452611923e+09 8.850332498550415039e-01 -5.029479265213012695e-01 3.954544365406036377e-01 1.794340176416142074e-01 -5.851898012065564342e-02 -8.428857387324889539e-01 -5.039073265194835560e-01
1.520530387502614021e+09 9.091634154319763184e-01 -4.495008289813995361e-01 3.860194385051727295e-01 1.784718361166063028e-01 -5.788403462856303583e-02 -8.571370967300627752e-01 -4.797011983072853591e-01
1.520530387552614927e+09 9.315690994262695312e-01 -3.931776881217956543e-01 3.661325275897979736e-01 1.710297535072833330e-01 -5.712087560215849819e-02 -8.725115848536527663e-01 -4.541030315708627918e-01
1.520530387602617025e+09 9.522019624710083008e-01 -3.354128599166870117e-01 3.367091119289398193e-01 1.594293980964621438e-01 -6.117734940540418831e-02 -8.894107766946640625e-01 -4.240142323575041283e-01
1.520530387652619123e+09 9.690530896186828613e-01 -2.762930095195770264e-01 3.005225062370300293e-01 1.499945502502937067e-01 -7.427581306327246669e-02 -9.057074075354233367e-01 -3.894596646951573593e-01
1.520530387702457428e+09 9.772248268127441406e-01 -2.177020907402038574e-01 2.591143548488616943e-01 1.423290337444909071e-01 -9.239721819633660294e-02 -9.213921800755494607e-01 -3.496307348025403106e-01
1.520530387752458572e+09 9.766530990600585938e-01 -1.590098142623901367e-01 2.145013809204101562e-01 1.333092121945122499e-01 -1.101424295814377452e-01 -9.363316078900972839e-01 -3.055820989781987129e-01
1.520530387802460432e+09 9.670399427413940430e-01 -1.016166731715202332e-01 1.691779792308807373e-01 1.238965884674493867e-01 -1.265971256850478843e-01 -9.492164057401520916e-01 -2.600211879985144803e-01
1.520530387852464437e+09 9.488785266876220703e-01 -4.730455204844474792e-02 1.249819993972778320e-01 1.135583720340210545e-01 -1.442910200093960038e-01 -9.598972039720551352e-01 -2.118536180768730293e-01
1.520530387902463675e+09 9.219312071800231934e-01 2.571274992078542709e-03 8.502974361181259155e-02 1.036114733427856982e-01 -1.639443135477912927e-01 -9.672878069360779651e-01 -1.635274386758177323e-01
1.520530387952464581e+09 8.861984610557556152e-01 4.939474537968635559e-02 4.929374158382415771e-02 9.190126607456734764e-02 -1.837685426028410063e-01 -9.719702514173823582e-01 -1.142677137390520903e-01
1.520530388002466679e+09 8.493927717208862305e-01 9.012176841497421265e-02 2.034485712647438049e-02 8.347004158994350553e-02 -2.016488374560692631e-01 -9.738825853669790256e-01 -6.263552050169172991e-02
1.520530388052467585e+09 8.033844828605651855e-01 1.298042684793472290e-01 -2.332473406568169594e-03 8.176586287151706156e-02 -2.137565931776470585e-01 -9.734087599326788354e-01 -9.891846555964501145e-03
1.520530388102494001e+09 7.518833279609680176e-01 1.654117107391357422e-01 -1.606064476072788239e-02 8.389342444971231716e-02 -2.166921164455525295e-01 -9.718184319039750996e-01 3.969074723592938558e-02
1.520530388152495861e+09 6.998846530914306641e-01 1.993316113948822021e-01 -1.946692727506160736e-02 8.261971293139835915e-02 -2.123738706505032270e-01 -9.700810451151508085e-01 8.375015228853928406e-02
1.520530388202543974e+09 6.387777328491210938e-01 2.374931573867797852e-01 -1.603717356920242310e-02 7.619184441110864181e-02 -2.041633426218686653e-01 -9.676291828023294572e-01 1.273023839682313196e-01
1.520530388252499104e+09 5.887712240219116211e-01 2.720828056335449219e-01 7.590806344524025917e-04 6.778449283148181570e-02 -1.917706052147083451e-01 -9.642564253161962640e-01 1.698200333988726385e-01
1.520530388302500963e+09 5.431227087974548340e-01 3.023374080657958984e-01 2.502250857651233673e-02 5.489046823320493929e-02 -1.757691963847159422e-01 -9.606347539575089689e-01 2.080218632461660333e-01
1.520530388352502108e+09 5.093865394592285156e-01 3.322117328643798828e-01 5.780751630663871765e-02 3.957818858135817019e-02 -1.587653174962890823e-01 -9.569996088955060598e-01 2.395389102479376087e-01
1.520530388402503967e+09 4.840154647827148438e-01 3.653413057327270508e-01 9.761554747819900513e-02 2.616986556674218839e-02 -1.415817547627896966e-01 -9.541135154444152500e-01 2.625588400736248440e-01
1.520530388452504873e+09 4.680858850479125977e-01 3.999351263046264648e-01 1.409629434347152710e-01 1.427350888819010899e-02 -1.228787260356010158e-01 -9.520536927018161677e-01 2.798050246952727416e-01
1.520530388502851963e+09 4.606771171092987061e-01 4.381169080734252930e-01 1.834585815668106079e-01 1.854434191427951255e-03 -1.008852980888191031e-01 -9.512750153787242757e-01 2.913667153598151760e-01
1.520530388552853823e+09 4.584551751613616943e-01 4.737168252468109131e-01 2.201454788446426392e-01 -8.479636316150814326e-03 -8.016695227431591686e-02 -9.517581635296630260e-01 2.960705214735782631e-01
1.520530388602854967e+09 4.615540802478790283e-01 5.173125267028808594e-01 2.480906248092651367e-01 -1.411892638320417018e-02 -6.632668730863020001e-02 -9.533352672939342520e-01 2.941994129872659847e-01
1.520530388652856827e+09 4.693548679351806641e-01 5.630044937133789062e-01 2.650486826896667480e-01 -2.119777277798348680e-02 -6.118329401335177720e-02 -9.549322987841636357e-01 2.896749276373808968e-01
1.520530388702857733e+09 4.838438034057617188e-01 6.078282594680786133e-01 2.702012658119201660e-01 -2.621747529125569715e-02 -6.248339580384026232e-02 -9.568281085302347000e-01 2.826454315297282638e-01
1.520530388752860069e+09 4.972652196884155273e-01 6.570929288864135742e-01 2.641338109970092773e-01 -2.533882751876814776e-02 -6.679443739579331296e-02 -9.589531622254920951e-01 2.744180744970755592e-01
1.520530388802860975e+09 5.123513340950012207e-01 7.074310183525085449e-01 2.485414445400238037e-01 -1.627690189280329991e-02 -7.172870770375194827e-02 -9.614292563324620122e-01 2.650355448311243478e-01
1.520530388852862835e+09 5.283589959144592285e-01 7.584586143493652344e-01 2.269321084022521973e-01 -1.888790810463149717e-03 -7.613793259432208305e-02 -9.637419890204088624e-01 2.557358525676889927e-01
1.520530388902232885e+09 5.446901917457580566e-01 8.084176182746887207e-01 2.036791741847991943e-01 1.505466095726618915e-02 -8.118610887352892269e-02 -9.657849142689571842e-01 2.458488809816719023e-01
1.520530388952235222e+09 5.601096749305725098e-01 8.575884699821472168e-01 1.808090806007385254e-01 2.922335737214235007e-02 -8.883878319192484163e-02 -9.669480030477056731e-01 2.372029202748830445e-01
1.520530389002237082e+09 5.740768909454345703e-01 9.048657417297363281e-01 1.603082567453384399e-01 4.340451657812059716e-02 -9.716142046985318248e-02 -9.668391875264253921e-01 2.321587641596620510e-01
1.520530389052237988e+09 5.867502093315124512e-01 9.515348672866821289e-01 1.443221867084503174e-01 6.156810552439183348e-02 -1.041901600455831800e-01 -9.662335807932131981e-01 2.274784523407400172e-01
1.520530389102240086e+09 5.966545939445495605e-01 9.948129057884216309e-01 1.322329789400100708e-01 7.815023091912219610e-02 -1.100732028969930026e-01 -9.660800176548774987e-01 2.201495648399894312e-01
1.520530389152241945e+09 6.020545959472656250e-01 1.036261796951293945e+00 1.249960139393806458e-01 9.247147621349388613e-02 -1.168415791926726427e-01 -9.663236302943031264e-01 2.097992206694266060e-01
1.520530389202242851e+09 6.020370721817016602e-01 1.076807498931884766e+00 1.233787983655929565e-01 1.008722477397339112e-01 -1.257184735512918150e-01 -9.667062695051708010e-01 1.987426565769486175e-01
1.520530389252245188e+09 5.954478979110717773e-01 1.115927577018737793e+00 1.282131969928741455e-01 1.049291023154898944e-01 -1.313020560290449890e-01 -9.670231145842791420e-01 1.913529446586365035e-01
1.520530389302933931e+09 5.816007256507873535e-01 1.159798860549926758e+00 1.398751437664031982e-01 1.107325651072869899e-01 -1.254811079178229927e-01 -9.677753591526995214e-01 1.881585629126127646e-01
1.520530389352935791e+09 5.592612028121948242e-01 1.197075963020324707e+00 1.565936654806137085e-01 1.157066121460278013e-01 -1.055917488937272164e-01 -9.697771416662952504e-01 1.870685916256474846e-01
1.520530389402937889e+09 5.281370878219604492e-01 1.230099439620971680e+00 1.790914535522460938e-01 1.146558613937590232e-01 -7.711842765459105131e-02 -9.720998544215675441e-01 1.895485547233370927e-01
1.520530389452938795e+09 4.883621633052825928e-01 1.254000306129455566e+00 2.065561413764953613e-01 1.078370544915670248e-01 -4.706536426477802432e-02 -9.732069002013645775e-01 1.975458189019898558e-01
1.520530389502939701e+09 4.404991865158081055e-01 1.270817875862121582e+00 2.382635772228240967e-01 9.953891791697153102e-02 -1.952874161687575064e-02 -9.715574682182599453e-01 2.139783120320946364e-01
1.520530389552942038e+09 3.848975002765655518e-01 1.279099583625793457e+00 2.694254219532012939e-01 9.204333346355786372e-02 4.316963288611267748e-03 -9.663086607874373790e-01 2.403267789491433104e-01
1.520530389602942705e+09 3.226059377193450928e-01 1.280225038528442383e+00 2.960793077945709229e-01 8.442635613742031919e-02 2.113461439253853935e-02 -9.588759291106071503e-01 2.701526809715313893e-01
1.520530389652947903e+09 2.571333646774291992e-01 1.276358723640441895e+00 3.134785294532775879e-01 7.980691107226485503e-02 2.884864427709927723e-02 -9.501950104616522230e-01 2.998800672973408465e-01
1.520530389702846527e+09 1.905968785285949707e-01 1.267837762832641602e+00 3.209902644157409668e-01 7.987445235181983572e-02 3.286168577135427371e-02 -9.392879184656074409e-01 3.320818990765806444e-01
1.520530389753402948e+09 1.226962804794311523e-01 1.255317211151123047e+00 3.167507946491241455e-01 8.415505094656791640e-02 3.707973945483129113e-02 -9.251147293846277986e-01 3.683826241800083334e-01
1.520530389803445101e+09 5.357843264937400818e-02 1.240685105323791504e+00 3.026875555515289307e-01 9.238426846779951296e-02 4.000649850077744873e-02 -9.071956592498033878e-01 4.084858172026189504e-01
1.520530389853405952e+09 -1.713345199823379517e-02 1.222811460494995117e+00 2.789133787155151367e-01 1.003367525483782191e-01 3.739878992052117490e-02 -8.865779550946539800e-01 4.500148843546265542e-01
1.520530389903408051e+09 -8.845397084951400757e-02 1.198537230491638184e+00 2.459628731012344360e-01 1.039881805212758276e-01 2.482580646625916210e-02 -8.627588929839211662e-01 4.941833973560154636e-01
1.520530389953409195e+09 -1.597305089235305786e-01 1.170629024505615234e+00 2.047406584024429321e-01 1.082168772693973546e-01 4.281934468165628921e-03 -8.387360802847296792e-01 5.336595920058759823e-01
1.520530390003411055e+09 -2.256940603256225586e-01 1.137787938117980957e+00 1.569831222295761108e-01 1.168774805442396592e-01 -2.203967593480050946e-02 -8.165343348127329648e-01 5.649120173073391982e-01
1.520530390053412199e+09 -2.878568768501281738e-01 1.103336811065673828e+00 1.061213314533233643e-01 1.311213438109669338e-01 -5.248350309686041631e-02 -7.943401417540567611e-01 5.908268902970084113e-01
1.520530390103414059e+09 -3.450711667537689209e-01 1.066413879394531250e+00 5.514071136713027954e-02 1.517434690231247996e-01 -8.926819111973727239e-02 -7.688817846197008032e-01 6.146754517166453935e-01
1.520530390152568579e+09 -3.945466578006744385e-01 1.026719331741333008e+00 6.886540912091732025e-03 1.760733211261948927e-01 -1.304668884734780099e-01 -7.384093129780584519e-01 6.377525092909572813e-01
1.520530390202569485e+09 -4.374283552169799805e-01 9.827748537063598633e-01 -3.680673986673355103e-02 2.015220071858725426e-01 -1.713433135599558288e-01 -7.016099158717959972e-01 6.616448257701733615e-01
1.520530390252571583e+09 -4.752171039581298828e-01 9.369974136352539062e-01 -7.273967564105987549e-02 2.267214439956760919e-01 -2.053391872843495225e-01 -6.622163457946990128e-01 6.840341485337071425e-01
1.520530390302572727e+09 -5.113310217857360840e-01 8.909649252891540527e-01 -9.849822521209716797e-02 2.528172610670881837e-01 -2.305140981268588851e-01 -6.198284330018379862e-01 7.062289973611836080e-01
1.520530390352574587e+09 -5.415810346603393555e-01 8.417531251907348633e-01 -1.144919991493225098e-01 2.798245157864858168e-01 -2.453259892908532802e-01 -5.791809365727280667e-01 7.253018971807949633e-01
1.520530390402575493e+09 -5.711172819137573242e-01 7.908999323844909668e-01 -1.219712868332862854e-01 3.048482014530435880e-01 -2.541271856854402378e-01 -5.414447981349427286e-01 7.411642720335710477e-01
1.520530390452577591e+09 -6.028534173965454102e-01 7.405861020088195801e-01 -1.192228421568870544e-01 3.248265781752157078e-01 -2.544954560524151366e-01 -5.079149887282098375e-01 7.561363112461114699e-01
1.520530390502578497e+09 -6.375361084938049316e-01 6.909158229827880859e-01 -1.071679890155792236e-01 3.372263217238699595e-01 -2.452787091702445521e-01 -4.781694575406258974e-01 7.729623099735660752e-01
1.520530390553324223e+09 -6.752977371215820312e-01 6.397110223770141602e-01 -8.676717430353164673e-02 3.363057975581959513e-01 -2.290705540577450683e-01 -4.544669291205117312e-01 7.923918867127521803e-01
1.520530390603326082e+09 -7.156703472137451172e-01 5.875465869903564453e-01 -5.961197987198829651e-02 3.203729576747201269e-01 -2.072987334733786546e-01 -4.382880474375026036e-01 8.138132405930161850e-01
1.520530390653327227e+09 -7.592887282371520996e-01 5.376381874084472656e-01 -2.827102877199649811e-02 2.937467594542906291e-01 -1.804227618706613079e-01 -4.287286255223223819e-01 8.350761845285770146e-01
1.520530390703329086e+09 -8.050011396408081055e-01 4.953214824199676514e-01 1.436342392116785049e-02 2.598729093643344923e-01 -1.520094848145354116e-01 -4.225456649652101770e-01 8.548768031266519296e-01
1.520530390753330946e+09 -8.502588868141174316e-01 4.553486704826354980e-01 6.366417557001113892e-02 2.198812137466199523e-01 -1.239464163921118606e-01 -4.192552415793069365e-01 8.720748707038538106e-01
1.520530390803333282e+09 -8.938573002815246582e-01 4.255046546459197998e-01 1.149761304259300232e-01 1.731154891173346533e-01 -9.712623650534349395e-02 -4.188481204737964370e-01 8.860946752946563532e-01
1.520530390853334188e+09 -9.357417821884155273e-01 4.035948514938354492e-01 1.687826067209243774e-01 1.226727063218292779e-01 -7.035891254525328264e-02 -4.207526171987127084e-01 8.960849656531244545e-01
1.520530390903336048e+09 -9.741357564926147461e-01 3.880695998668670654e-01 2.214793860912322998e-01 7.131826896635060087e-02 -4.228559520209429490e-02 -4.241959463954578791e-01 9.017668390508212228e-01
1.520530390953379154e+09 -1.009991288185119629e+00 3.788696229457855225e-01 2.711748182773590088e-01 1.712770346978222807e-02 -1.576294153860809816e-02 -4.276726442646193727e-01 9.036339307460792281e-01
1.520530391003381014e+09 -1.042496681213378906e+00 3.756446540355682373e-01 3.173547983169555664e-01 -3.706960027509605821e-02 7.525172125091549209e-03 -4.312472962713117530e-01 9.014405060671590864e-01
1.520530391053383112e+09 -1.074382901191711426e+00 3.755978345870971680e-01 3.577440679073333740e-01 -8.846591304319557925e-02 2.509068294332029991e-02 -4.328496700983531231e-01 8.967638501604634493e-01
1.520530391103384256e+09 -1.103425860404968262e+00 3.785711228847503662e-01 3.910516202449798584e-01 -1.345069228778673354e-01 3.936831936007734872e-02 -4.326351782518647604e-01 8.906092440951123290e-01
1.520530391153385162e+09 -1.134588003158569336e+00 3.793242275714874268e-01 4.178431928157806396e-01 -1.745470717825899354e-01 5.137854311228225168e-02 -4.302899727973564792e-01 8.841629399323592819e-01
1.520530391203387260e+09 -1.171533465385437012e+00 3.739889562129974365e-01 4.386579692363739014e-01 -2.078174366760609237e-01 6.193127525192552996e-02 -4.273121087963462905e-01 8.777133882054444225e-01
1.520530391253388166e+09 -1.212523579597473145e+00 3.666400015354156494e-01 4.524044990539550781e-01 -2.287338077156295668e-01 6.936848160979290634e-02 -4.251335857689668152e-01 8.730007406745321497e-01
1.520530391303389072e+09 -1.260041713714599609e+00 3.544360697269439697e-01 4.588357806205749512e-01 -2.268669138446279265e-01 7.007205140413830247e-02 -4.264698867554853057e-01 8.727798959104142718e-01
1.520530391352332830e+09 -1.313559770584106445e+00 3.378792703151702881e-01 4.520197808742523193e-01 -2.004934262072106677e-01 6.051165938358674806e-02 -4.326959252020185498e-01 8.768779626834670715e-01
1.520530391402366161e+09 -1.368739128112792969e+00 3.206988573074340820e-01 4.319934248924255371e-01 -1.556176957318385901e-01 4.278538285494362658e-02 -4.430092479358168078e-01 8.818703703109721515e-01
1.520530391452336073e+09 -1.421223878860473633e+00 3.044251501560211182e-01 4.017667472362518311e-01 -1.035627133754838530e-01 2.021386156464690873e-02 -4.525682929468391458e-01 8.854649086316954687e-01
1.520530391502337933e+09 -1.472433805465698242e+00 2.886277139186859131e-01 3.672458827495574951e-01 -4.693466970878951150e-02 -9.115069019398733437e-04 -4.590058728033626356e-01 8.871921520541747874e-01
1.520530391552339077e+09 -1.518663406372070312e+00 2.728756666183471680e-01 3.309877514839172363e-01 7.433649930749875248e-03 -2.179491475043111512e-02 -4.620249176242520739e-01 8.865679319905674927e-01
1.520530391602340937e+09 -1.562447309494018555e+00 2.575214803218841553e-01 2.951921522617340088e-01 5.097627606489311958e-02 -4.475710511789055684e-02 -4.618319242843089145e-01 8.843695463616294550e-01
1.520530391652341843e+09 -1.603782773017883301e+00 2.417861372232437134e-01 2.610014677047729492e-01 8.587217815920848707e-02 -6.714815443047160437e-02 -4.605616787662623612e-01 8.809086413623020695e-01
1.520530391702343941e+09 -1.645755529403686523e+00 2.273093461990356445e-01 2.279925346374511719e-01 1.173244724097287639e-01 -8.483428575725547593e-02 -4.585267639979426768e-01 8.768074582434903785e-01
1.520530391752424479e+09 -1.688912868499755859e+00 2.119804471731185913e-01 2.024397104978561401e-01 1.431204044529749975e-01 -9.909034270779872033e-02 -4.575421396872424995e-01 8.719821352652171731e-01
1.520530391802425623e+09 -1.730311155319213867e+00 1.969494819641113281e-01 1.831272542476654053e-01 1.592031750108230392e-01 -1.065718851593620842e-01 -4.605240618717711953e-01 8.667262375151556508e-01
1.520530391852427721e+09 -1.775814652442932129e+00 1.809500902891159058e-01 1.688383966684341431e-01 1.633557290503702408e-01 -1.082035765875518918e-01 -4.676912470901204433e-01 8.619001039536844377e-01
1.520530391902428627e+09 -1.822340726852416992e+00 1.643403321504592896e-01 1.658088117837905884e-01 1.562755523264289514e-01 -1.018633002274219185e-01 -4.754922889730046065e-01 8.597144310403659340e-01
1.520530391952430725e+09 -1.869500160217285156e+00 1.474520564079284668e-01 1.733183264732360840e-01 1.349537489605810436e-01 -8.843324123771297007e-02 -4.820307378929712949e-01 8.611697946468133136e-01
1.520530392002431631e+09 -1.916907072067260742e+00 1.297406703233718872e-01 1.892528980970382690e-01 1.022953048429831868e-01 -6.951871956131888686e-02 -4.909740174226376319e-01 8.623498898089517750e-01
1.520530392052433491e+09 -1.962478637695312500e+00 1.132909506559371948e-01 2.129351496696472168e-01 6.276816674344964930e-02 -4.937696299265224159e-02 -5.048571663843633983e-01 8.595006191502364556e-01
1.520530392102434635e+09 -2.005462408065795898e+00 9.991613775491714478e-02 2.428546994924545288e-01 2.243585825277735063e-02 -2.681294980395769120e-02 -5.226841268702836496e-01 8.518092518311366490e-01
1.520530392152436495e+09 -2.042484045028686523e+00 9.206059575080871582e-02 2.747310101985931396e-01 -1.735254460943306404e-02 1.320122896054521993e-03 -5.415221729049516375e-01 8.405063252132114471e-01
1.520530392203141689e+09 -2.073892116546630859e+00 8.779764920473098755e-02 3.070171773433685303e-01 -6.030897609962699440e-02 3.279655698017180931e-02 -5.562323756154246013e-01 8.281864268202433488e-01
1.520530392253142595e+09 -2.103529930114746094e+00 8.409681171178817749e-02 3.386837840080261230e-01 -1.041481245915244491e-01 6.667949841265040367e-02 -5.646711449807541028e-01 8.159984746686906876e-01
1.520530392303144693e+09 -2.131129980087280273e+00 8.064142614603042603e-02 3.695933818817138672e-01 -1.460749862425979040e-01 1.023539613107239954e-01 -5.678653957151634790e-01 8.035637232649868178e-01
1.520530392353146791e+09 -2.156672000885009766e+00 7.805656641721725464e-02 3.978759348392486572e-01 -1.855756102089341775e-01 1.368868730664079825e-01 -5.693680959931552987e-01 7.890777199635101713e-01
1.520530392403147697e+09 -2.182032108306884766e+00 7.600615918636322021e-02 4.238974452018737793e-01 -2.237424657914412196e-01 1.669846591642577815e-01 -5.696723946345536582e-01 7.729998676563248905e-01
1.520530392453149796e+09 -2.205871105194091797e+00 7.564030587673187256e-02 4.466953575611114502e-01 -2.590709816190377990e-01 1.937573470979665757e-01 -5.696128964269986383e-01 7.555669825717318266e-01
1.520530392503150702e+09 -2.229699850082397461e+00 7.720527797937393188e-02 4.658420681953430176e-01 -2.851617579376521938e-01 2.192539530489184818e-01 -5.730251559523622529e-01 7.363780595102636939e-01
1.520530392553152561e+09 -2.254360437393188477e+00 7.803131639957427979e-02 4.814215004444122314e-01 -3.020386876112117758e-01 2.387245800393326678e-01 -5.781690848927825144e-01 7.193773108358251234e-01
1.520530392602234602e+09 -2.280586481094360352e+00 7.732257246971130371e-02 4.912711977958679199e-01 -3.097119389041014248e-01 2.498799161957345749e-01 -5.848158110816570332e-01 7.068444026029905292e-01
1.520530392652235985e+09 -2.311593532562255859e+00 7.405668497085571289e-02 4.967151880264282227e-01 -3.060671628320835724e-01 2.516841542047907887e-01 -5.962493901135023089e-01 6.981866821613074148e-01
1.520530392702236652e+09 -2.345704317092895508e+00 6.781855225563049316e-02 4.945140182971954346e-01 -2.898520089975735181e-01 2.421508164400930363e-01 -6.090280712839371002e-01 6.974479216153953720e-01
1.520530392752238750e+09 -2.380612850189208984e+00 5.959720537066459656e-02 4.828758239746093750e-01 -2.591180213565890678e-01 2.204197056133930521e-01 -6.238334198716199985e-01 7.036368869216781397e-01
1.520530392802240849e+09 -2.415457248687744141e+00 4.976496472954750061e-02 4.626612663269042969e-01 -2.155661025861102809e-01 1.858950013386574951e-01 -6.453091172746330262e-01 7.089079256542200058e-01
1.520530392852241755e+09 -2.448170185089111328e+00 4.395500943064689636e-02 4.347199499607086182e-01 -1.652872745773859287e-01 1.388264500159996362e-01 -6.694692504919367293e-01 7.107870681747802122e-01
1.520530392902242661e+09 -2.476834535598754883e+00 3.699234873056411743e-02 4.017634391784667969e-01 -1.119958459886431362e-01 8.492841748265925195e-02 -6.900128260417530690e-01 7.100185872799759101e-01
1.520530392952244759e+09 -2.497069358825683594e+00 3.288476169109344482e-02 3.644648492336273193e-01 -6.553141679464338787e-02 3.257349459652808532e-02 -7.063484091347205229e-01 7.040713925274240115e-01
1.520530393002173901e+09 -2.510917663574218750e+00 2.863643877208232880e-02 3.272881805896759033e-01 -3.468987389200318266e-02 -6.938887381402946905e-03 -7.225132675182751596e-01 6.904513326450536503e-01
1.520530393052153587e+09 -2.516818761825561523e+00 2.458771318197250366e-02 2.891703248023986816e-01 -1.534155068826609410e-02 -3.214861005695544144e-02 -7.395120092061608918e-01 6.722001873949100537e-01
1.520530393102155685e+09 -2.522445917129516602e+00 2.142002619802951813e-02 2.535158097743988037e-01 5.925596873826312512e-03 -5.065289667988295830e-02 -7.565154665810215340e-01 6.519842944299543142e-01
1.520530393152156830e+09 -2.517113208770751953e+00 1.360822282731533051e-02 2.186695784330368042e-01 3.104697537037471103e-02 -7.280905536866633110e-02 -7.700095764397687503e-01 6.331036083989109997e-01
1.520530393202158689e+09 -2.504137277603149414e+00 2.742885146290063858e-03 1.832452714443206787e-01 5.825204702168360060e-02 -9.876743581038487096e-02 -7.796061537895937477e-01 6.156833095144137458e-01
1.520530393252159595e+09 -2.492569684982299805e+00 -1.382762845605611801e-02 1.505959779024124146e-01 8.228798642931008100e-02 -1.266095590155269512e-01 -7.827351987894787255e-01 6.037584909807055533e-01
1.520530393302161694e+09 -2.478427171707153320e+00 -3.549163043498992920e-02 1.267256885766983032e-01 1.021264336264327555e-01 -1.487908202399187696e-01 -7.814606365481298056e-01 5.972861599709721192e-01
1.520530393352163792e+09 -2.461426019668579102e+00 -5.988650023937225342e-02 1.132106333971023560e-01 1.198353255688441033e-01 -1.607656094097950350e-01 -7.791006144635383990e-01 5.939664520151313187e-01
1.520530393402920723e+09 -2.442808389663696289e+00 -8.953713625669479370e-02 1.099061518907546997e-01 1.291361881778031184e-01 -1.616106161805381525e-01 -7.777748605146097560e-01 5.935251637396118385e-01
1.520530393452923059e+09 -2.419284582138061523e+00 -1.250848919153213501e-01 1.089401021599769592e-01 1.215130103925260163e-01 -1.476533370509428567e-01 -7.792307104906027737e-01 5.968522264274273015e-01
1.520530393502923965e+09 -2.395073413848876953e+00 -1.585803776979446411e-01 1.267977803945541382e-01 9.575345552461776710e-02 -1.167946166065497587e-01 -7.827443618933630498e-01 6.037396435641577686e-01
1.520530393552925825e+09 -2.362694740295410156e+00 -1.869421601295471191e-01 1.583705246448516846e-01 5.081858446979117122e-02 -7.319381776965412645e-02 -7.849298655417974446e-01 6.131437373840861182e-01
1.520530393602926970e+09 -2.321630954742431641e+00 -2.134401351213455200e-01 1.922622621059417725e-01 -7.128344138596332327e-03 -2.054950338154976075e-02 -7.828697293701963877e-01 6.218053485267305280e-01
1.520530393652928829e+09 -2.272841930389404297e+00 -2.371916472911834717e-01 2.256118655204772949e-01 -6.874925312814283984e-02 3.783501875369268963e-02 -7.744238600495544356e-01 6.277815993927970961e-01
1.520530393702930689e+09 -2.217862844467163086e+00 -2.584846019744873047e-01 2.562900781631469727e-01 -1.239020342678381209e-01 9.561580321704113428e-02 -7.617271467100402704e-01 6.287111085740669791e-01
1.520530393752931833e+09 -2.159268617630004883e+00 -2.776256799697875977e-01 2.826935648918151855e-01 -1.673694729642470624e-01 1.435488360065742264e-01 -7.504956186988542832e-01 6.230068358490551406e-01
1.520530393802958012e+09 -2.100022077560424805e+00 -2.970797419548034668e-01 3.084782063961029053e-01 -1.996385021430357731e-01 1.770178704358604804e-01 -7.433909864651041532e-01 6.133343160551816275e-01
1.520530393852958918e+09 -2.041072845458984375e+00 -3.093923628330230713e-01 3.325546383857727051e-01 -2.224119214778589870e-01 1.952493260038012379e-01 -7.390280064128067483e-01 6.051844707335941598e-01
1.520530393902960777e+09 -1.984489798545837402e+00 -3.277275860309600830e-01 3.422443866729736328e-01 -2.333549382160935992e-01 2.017983045140182841e-01 -7.362110056500303923e-01 6.023423214960091920e-01
1.520530393952962875e+09 -1.934073209762573242e+00 -3.446501195430755615e-01 3.526161015033721924e-01 -2.358600533399130839e-01 2.011495285344307993e-01 -7.347944623302526956e-01 6.033125231069418337e-01
1.520530394002963781e+09 -1.891236066818237305e+00 -3.619377315044403076e-01 3.538154661655426025e-01 -2.354701251657569661e-01 1.972617010738624554e-01 -7.334605272434956413e-01 6.063639966386215052e-01
1.520530394052964687e+09 -1.850198388099670410e+00 -3.806718587875366211e-01 3.491550683975219727e-01 -2.265683496825031118e-01 1.877599304909109701e-01 -7.356750158864011624e-01 6.100780789577171515e-01
1.520530394102967978e+09 -1.809076428413391113e+00 -4.000448882579803467e-01 3.351458013057708740e-01 -2.027156687213920172e-01 1.662373003234443591e-01 -7.419657294286737814e-01 6.170562162310561094e-01
1.520530394152968884e+09 -1.770029067993164062e+00 -4.167770445346832275e-01 3.130879402160644531e-01 -1.664589552713200693e-01 1.308406520071830059e-01 -7.498102971353652890e-01 6.268625513636072455e-01
1.520530394202164888e+09 -1.737640619277954102e+00 -4.329023957252502441e-01 2.877618670463562012e-01 -1.249855505816108991e-01 8.793120114128537279e-02 -7.564415910832429368e-01 6.359582024717616022e-01
1.520530394252166748e+09 -1.696441888809204102e+00 -4.519540965557098389e-01 2.595514953136444092e-01 -8.283152547215034966e-02 4.380939962208928173e-02 -7.601546155540863658e-01 6.429499477755075132e-01
1.520530394302168846e+09 -1.654215455055236816e+00 -4.708192050457000732e-01 2.306985706090927124e-01 -4.558057421385788843e-02 -1.413231043834353067e-03 -7.589707489162423881e-01 6.495258396106117216e-01
1.520530394352169752e+09 -1.608897328376770020e+00 -4.901389777660369873e-01 2.016518563032150269e-01 -7.641975653403357098e-03 -4.518328264057022703e-02 -7.538445615664471910e-01 6.554528573243281198e-01
1.520530394402171850e+09 -1.560821294784545898e+00 -5.088009238243103027e-01 1.729174256324768066e-01 3.184341091864401063e-02 -8.883141238385279526e-02 -7.447675057504437035e-01 6.606181497152640025e-01
1.520530394452172995e+09 -1.508028388023376465e+00 -5.281067490577697754e-01 1.456434875726699829e-01 7.084385219991780336e-02 -1.320517345198836123e-01 -7.316430718656879995e-01 6.650127092069038071e-01
1.520530394502174854e+09 -1.460479974746704102e+00 -5.446016788482666016e-01 1.152654141187667847e-01 1.058863860564904918e-01 -1.707797545898377678e-01 -7.127717313415099509e-01 6.719961366485355247e-01
1.520530394552175760e+09 -1.411373376846313477e+00 -5.628266334533691406e-01 9.161367267370223999e-02 1.345508495984454045e-01 -1.996382699250929815e-01 -6.892140849407025760e-01 6.833919630585382210e-01
1.520530394602188826e+09 -1.352219343185424805e+00 -5.827443003654479980e-01 7.300642877817153931e-02 1.559058309007207155e-01 -2.186645996836653338e-01 -6.626025529438339667e-01 6.991688076342165159e-01
1.520530394652876616e+09 -1.293189406394958496e+00 -6.023929119110107422e-01 5.848184600472450256e-02 1.747847720408867711e-01 -2.275990298974472914e-01 -6.375812018230430089e-01 7.149399807915628458e-01
1.520530394702878475e+09 -1.235234856605529785e+00 -6.238554120063781738e-01 5.105945467948913574e-02 1.823733119331590879e-01 -2.295144271016372750e-01 -6.144411551321601328e-01 7.324787844890763289e-01
1.520530394752879381e+09 -1.174071788787841797e+00 -6.422975063323974609e-01 4.880698397755622864e-02 1.781507120382915810e-01 -2.172267121820552760e-01 -5.935285640622007808e-01 7.541874587641232974e-01
1.520530394802881718e+09 -1.106922507286071777e+00 -6.607064604759216309e-01 5.269976332783699036e-02 1.581640312179385943e-01 -1.916547022238489217e-01 -5.727799243770523852e-01 7.811374863460316398e-01
1.520530394852882624e+09 -1.041246294975280762e+00 -6.784291863441467285e-01 6.167407706379890442e-02 1.269665203407176202e-01 -1.588169922318586613e-01 -5.518562758821025094e-01 8.087714859343971829e-01
1.520530394902884722e+09 -9.862861633300781250e-01 -6.923789381980895996e-01 9.000822901725769043e-02 9.443796745829161066e-02 -1.272843869824458185e-01 -5.300168156357580873e-01 8.330440146091805387e-01
1.520530394952885628e+09 -9.199594855308532715e-01 -7.113028764724731445e-01 1.182529404759407043e-01 5.859591869523422814e-02 -1.018411834941695820e-01 -5.081196750322564126e-01 8.532346028507532543e-01
1.520530395002887487e+09 -8.543560504913330078e-01 -7.281531095504760742e-01 1.486360728740692139e-01 1.428178187477561860e-02 -7.941153397048242302e-02 -4.873834099862265901e-01 8.694522704836270544e-01
1.520530395053731441e+09 -7.909268140792846680e-01 -7.433871626853942871e-01 1.830152124166488647e-01 -3.228515066243153181e-02 -5.720543953864971193e-02 -4.679333345240155873e-01 8.813192390814634791e-01
1.520530395103732347e+09 -7.289504408836364746e-01 -7.558299303054809570e-01 2.105045020580291748e-01 -6.754328821282064299e-02 -3.736780454252822126e-02 -4.474781596430353892e-01 8.909572649928577670e-01
1.520530395153734446e+09 -6.676374673843383789e-01 -7.654530405998229980e-01 2.312716394662857056e-01 -8.560744530837512134e-02 -2.430656139417581435e-02 -4.223821391051819085e-01 9.020387380516955433e-01
1.520530395203735352e+09 -6.077551841735839844e-01 -7.737670540809631348e-01 2.524265646934509277e-01 -8.607701720241850429e-02 -1.786402004948494868e-02 -3.939912508734410568e-01 9.149002776982786411e-01
1.520530395253737211e+09 -5.395519137382507324e-01 -7.821067571640014648e-01 2.498363107442855835e-01 -7.616546372676441523e-02 -1.357569571373479743e-02 -3.663859781876481203e-01 9.272409814113348192e-01
1.520530395303738356e+09 -4.765602648258209229e-01 -7.884629368782043457e-01 2.383112609386444092e-01 -6.333018531045223054e-02 -1.376317560723909136e-02 -3.396449519745393664e-01 9.383182664874220036e-01
1.520530395353740454e+09 -4.154379069805145264e-01 -7.954553365707397461e-01 2.252945750951766968e-01 -4.632316386515490658e-02 -1.618467221283529864e-02 -3.134986363272332377e-01 9.483200018431806599e-01
1.520530395403742313e+09 -3.521650433540344238e-01 -8.001332283020019531e-01 2.080017179250717163e-01 -2.558780701761249540e-02 -2.473214327056099879e-02 -2.844680102589278170e-01 9.580248098878236807e-01
1.520530395452704906e+09 -2.885226905345916748e-01 -8.015915155410766602e-01 1.865829974412918091e-01 -4.266946943283471926e-03 -3.928207887545129284e-02 -2.556715250351836444e-01 9.659558906747189866e-01
1.520530395502706766e+09 -2.284294515848159790e-01 -7.966760993003845215e-01 1.628077775239944458e-01 1.758711033580693042e-02 -5.466519648683346860e-02 -2.326658210580282715e-01 9.708599412657243910e-01
1.520530395552708864e+09 -1.708257347345352173e-01 -7.886035442352294922e-01 1.374539881944656372e-01 4.080790113701412286e-02 -7.056288131358641469e-02 -2.143635661779713930e-01 9.733467298352518338e-01
1.520530395602709770e+09 -1.161055862903594971e-01 -7.730759382247924805e-01 1.112311854958534241e-01 6.496387550192456173e-02 -8.245912723634976627e-02 -2.015142686112271209e-01 9.738440258898096724e-01
1.520530395652711868e+09 -6.481728702783584595e-02 -7.513837218284606934e-01 8.521766960620880127e-02 8.773603787219692862e-02 -9.362395587992639046e-02 -1.934733634108176670e-01 9.726792894856906013e-01
1.520530395702713013e+09 -1.860724948346614838e-02 -7.237224578857421875e-01 5.946259200572967529e-02 1.042901965601211040e-01 -1.042396592710838205e-01 -1.915388139452778582e-01 9.703455730248559119e-01
1.520530395752714872e+09 1.496892329305410385e-02 -6.879724860191345215e-01 3.709959611296653748e-02 1.132997447818427650e-01 -1.129566902640068565e-01 -1.961141290971590290e-01 9.674415756651321141e-01
1.520530395802716017e+09 4.261332377791404724e-02 -6.460098028182983398e-01 1.466086413711309433e-02 1.155766769114697362e-01 -1.178309841793177964e-01 -2.084032742133562210e-01 9.640155425192002969e-01
1.520530395853078127e+09 6.347040086984634399e-02 -5.969444513320922852e-01 -7.056853733956813812e-03 1.146377428093820067e-01 -1.195666295021190623e-01 -2.262019126295427007e-01 9.598930689174757225e-01
1.520530395903079271e+09 7.945061475038528442e-02 -5.426038503646850586e-01 -2.848727069795131683e-02 1.159753282413368558e-01 -1.143484717144363505e-01 -2.500987498031140843e-01 9.544237872155149072e-01
1.520530395953081131e+09 8.756954222917556763e-02 -4.852282404899597168e-01 -4.572224989533424377e-02 1.196257024640773881e-01 -1.076264761084849975e-01 -2.787748102714455722e-01 9.467791918438877019e-01
1.520530396003082991e+09 9.415867924690246582e-02 -4.240831136703491211e-01 -6.015240773558616638e-02 1.247509767647024814e-01 -1.048806002694194772e-01 -3.104120841883423187e-01 9.365263431816686079e-01
1.520530396053084373e+09 1.012292653322219849e-01 -3.591209650039672852e-01 -7.186579704284667969e-02 1.309164459406018666e-01 -1.096900846288394460e-01 -3.429434286193837056e-01 9.236984217173813683e-01
1.520530396103085041e+09 1.077346652746200562e-01 -2.924099266529083252e-01 -8.191338926553726196e-02 1.349293501746148261e-01 -1.162631063466039727e-01 -3.761603289322248966e-01 9.092746381053938842e-01
1.520530396153087139e+09 1.141465082764625549e-01 -2.239678055047988892e-01 -9.051277488470077515e-02 1.336131701801677174e-01 -1.164978006146242945e-01 -4.130386144628536149e-01 8.932944006143590521e-01
1.520530396203089237e+09 1.212856695055961609e-01 -1.547006964683532715e-01 -9.882814437150955200e-02 1.271967490932555955e-01 -1.099448172830034404e-01 -4.518316864080800799e-01 8.761171447531116430e-01
1.520530396253235102e+09 1.343387514352798462e-01 -8.278601616621017456e-02 -1.080379858613014221e-01 1.160329412439158187e-01 -1.003820432800999196e-01 -4.889972726511086498e-01 8.586858967474518822e-01
1.520530396303236961e+09 1.504109054803848267e-01 -8.010117337107658386e-03 -1.139086559414863586e-01 1.063626210665470362e-01 -8.776334269677046884e-02 -5.250159260654986282e-01 8.398469300391174786e-01
1.520530396353237867e+09 1.682805866003036499e-01 6.739578396081924438e-02 -1.166129857301712036e-01 1.001932306741490364e-01 -7.883875689293058653e-02 -5.601951389125640057e-01 8.184907899771306505e-01
1.520530396403239965e+09 1.902689188718795776e-01 1.434326320886611938e-01 -1.161986738443374634e-01 9.783075104061908500e-02 -7.769126677248064383e-02 -5.942251886060810895e-01 7.945373725912350249e-01
1.520530396453240871e+09 2.140570431947708130e-01 2.198933362960815430e-01 -1.116455197334289551e-01 9.757945876050966305e-02 -8.136926873164121443e-02 -6.275605798082832809e-01 7.681308547407631471e-01
1.520530396503242731e+09 2.395259439945220947e-01 2.973738908767700195e-01 -1.057408452033996582e-01 9.733864779366722952e-02 -8.637277222295884627e-02 -6.605678368741720874e-01 7.394018290155891515e-01
1.520530396553244114e+09 2.643477618694305420e-01 3.718576133251190186e-01 -9.704312682151794434e-02 9.690476430292507826e-02 -9.168455254270302390e-02 -6.939291579028712409e-01 7.075773691213215200e-01
1.520530396603245974e+09 2.908262014389038086e-01 4.483633041381835938e-01 -8.858896791934967041e-02 9.688309556691321323e-02 -9.534107882539949452e-02 -7.257747670525102057e-01 6.743698777315427773e-01
1.520530396653247833e+09 3.152717053890228271e-01 5.207731723785400391e-01 -7.576300948858261108e-02 9.584702738864030180e-02 -9.706781239901167424e-02 -7.536015668222313391e-01 6.430208905003861330e-01
1.520530396703144550e+09 3.361276686191558838e-01 5.895209312438964844e-01 -5.774486437439918518e-02 9.365966685928196755e-02 -9.417458392226256414e-02 -7.772567677232281591e-01 6.150048224000497221e-01
1.520530396753146648e+09 3.553909957408905029e-01 6.559337377548217773e-01 -3.791107609868049622e-02 9.011163677358952073e-02 -8.654628088758001270e-02 -7.971991339073072336e-01 5.906464044417372161e-01
1.520530396803147554e+09 3.690395951271057129e-01 7.151159644126892090e-01 -1.264408323913812637e-02 8.498940693711030947e-02 -7.628609309048700604e-02 -8.138268663576456730e-01 5.697745732339787317e-01
1.520530396853149652e+09 3.783994317054748535e-01 7.658402919769287109e-01 1.910754293203353882e-02 7.989871608380783030e-02 -6.365265933547524513e-02 -8.276605540608118483e-01 5.518537318705298844e-01
1.520530396903151751e+09 3.831559121608734131e-01 8.091044425964355469e-01 5.753787234425544739e-02 7.756421854690612183e-02 -4.725688327067707056e-02 -8.402709901152596306e-01 5.345046699098806586e-01
1.520530396953152657e+09 3.863777816295623779e-01 8.515204191207885742e-01 9.672082215547561646e-02 7.193641520370645803e-02 -2.749663924941737544e-02 -8.504354853184353802e-01 5.204119256020416362e-01
1.520530397003154516e+09 3.868595063686370850e-01 8.869912028312683105e-01 1.424998641014099121e-01 6.240927478200479495e-02 -2.624096911842506690e-03 -8.564904485841373649e-01 5.123693082345242011e-01
1.520530397053155661e+09 3.797813951969146729e-01 9.031319618225097656e-01 1.940533369779586792e-01 5.446702624743433863e-02 2.508435976584305963e-02 -8.585084701870647761e-01 5.092811841841052845e-01
1.520530397102782011e+09 3.716465830802917480e-01 9.083689451217651367e-01 2.441729605197906494e-01 4.527925683330111251e-02 5.181689541394653153e-02 -8.565949170143676294e-01 5.113804321593005131e-01
1.520530397152783871e+09 3.619365394115447998e-01 9.036108851432800293e-01 2.918022572994232178e-01 3.847844588716942127e-02 7.532629493129433529e-02 -8.496382374586193276e-01 5.205383981439244412e-01
1.520530397202785015e+09 3.494686484336853027e-01 8.875715732574462891e-01 3.343618214130401611e-01 3.462018666656693083e-02 9.773985615223684809e-02 -8.384614221109625287e-01 5.350054269128253770e-01
1.520530397252787113e+09 3.356801569461822510e-01 8.594424128532409668e-01 3.693083226680755615e-01 3.150179516971061272e-02 1.162877048610283515e-01 -8.230281826099405951e-01 5.550760463477215634e-01
1.520530397302788258e+09 3.207776844501495361e-01 8.195455074310302734e-01 3.954555392265319824e-01 2.753310293341559856e-02 1.303844817970162273e-01 -8.041534520494000304e-01 5.792918441566521359e-01
1.520530397352790117e+09 3.106757104396820068e-01 7.724899649620056152e-01 4.096677303314208984e-01 1.982296400168843953e-02 1.407290516631461152e-01 -7.813435618282903450e-01 6.077043874332813678e-01
1.520530397402791023e+09 2.988106310367584229e-01 7.170249223709106445e-01 4.131950139999389648e-01 1.324996491407843570e-02 1.488667524640521767e-01 -7.559336751478114014e-01 6.373597157164121452e-01
1.520530397452793121e+09 2.909573912620544434e-01 6.536028385162353516e-01 4.052132964134216309e-01 1.089465204998330342e-02 1.523994597615218327e-01 -7.302116479508781177e-01 6.659179081673424205e-01
1.520530397502304316e+09 2.869547307491302490e-01 5.835894942283630371e-01 3.820416629314422607e-01 1.368010458162293580e-02 1.471197102609463070e-01 -7.045615049699689436e-01 6.940905786032709468e-01
1.520530397552306175e+09 2.876675426959991455e-01 5.071879625320434570e-01 3.459330797195434570e-01 2.024524183121103119e-02 1.299684726461869666e-01 -6.754863513666485852e-01 7.255456673556708314e-01
1.520530397602308512e+09 2.950981259346008301e-01 4.274263679981231689e-01 2.977717816829681396e-01 3.040650479679348969e-02 1.048792672631042588e-01 -6.453493818118863912e-01 7.560422998479734424e-01
1.520530397652309418e+09 3.103532493114471436e-01 3.462775349617004395e-01 2.426806986331939697e-01 4.181760518681702093e-02 7.438728240793004987e-02 -6.131538157263659583e-01 7.853408294317825167e-01
1.520530397702310562e+09 3.323355615139007568e-01 2.641829848289489746e-01 1.833662688732147217e-01 5.325456001635771319e-02 4.077603697088878765e-02 -5.797737878234066056e-01 8.120120821756978691e-01
1.520530397752312422e+09 3.603080511093139648e-01 1.826113462448120117e-01 1.229446977376937866e-01 6.755474569316743949e-02 5.333236114303109392e-03 -5.464725778565910908e-01 8.347308755387286006e-01
1.520530397802315474e+09 3.944849073886871338e-01 1.027182713150978088e-01 6.278312951326370239e-02 8.784206091249829873e-02 -2.990060258680138014e-02 -5.125505854020901975e-01 8.536285045050719944e-01
1.520530397852315426e+09 4.339036643505096436e-01 2.599415183067321777e-02 6.155259441584348679e-03 1.134749584639481723e-01 -6.249745980309365234e-02 -4.758839939609056380e-01 8.699148956142679356e-01
1.520530397902585030e+09 4.768397808074951172e-01 -4.870362952351570129e-02 -4.277219623327255249e-02 1.397832276900365656e-01 -9.092927352418141151e-02 -4.351466716268525547e-01 8.847823973412854981e-01
1.520530397952586174e+09 5.205665826797485352e-01 -1.190818920731544495e-01 -8.122169226408004761e-02 1.633122433316712419e-01 -1.137609196999878891e-01 -3.932073459990693687e-01 8.976500138580504329e-01
1.520530398002588034e+09 5.644984245300292969e-01 -1.871362030506134033e-01 -1.087674349546432495e-01 1.855372064336785476e-01 -1.310812592796928022e-01 -3.518900632042104015e-01 9.080567338622479445e-01
1.520530398052588940e+09 6.071182489395141602e-01 -2.494313567876815796e-01 -1.270019263029098511e-01 2.062358429293113804e-01 -1.426378353449217207e-01 -3.119026750962751726e-01 9.164267271785228042e-01
1.520530398102591038e+09 6.423182487487792969e-01 -3.096179962158203125e-01 -1.339035034179687500e-01 2.228451990563082852e-01 -1.489664977216172692e-01 -2.730792904851561120e-01 9.238921478842827550e-01
1.520530398152591944e+09 6.695955991744995117e-01 -3.693837523460388184e-01 -1.311361193656921387e-01 2.309248725872212193e-01 -1.485973488093156603e-01 -2.361567891097279270e-01 9.321064864621433355e-01
1.520530398202593803e+09 6.877593994140625000e-01 -4.290081262588500977e-01 -1.180281713604927063e-01 2.269523484626957410e-01 -1.446721039085021032e-01 -2.018546963670833083e-01 9.417097723993881342e-01
1.520530398252596140e+09 6.950975656509399414e-01 -4.872605800628662109e-01 -9.555186331272125244e-02 2.108280361323692786e-01 -1.389768273050313308e-01 -1.692747474218545267e-01 9.526715281449652517e-01
1.520530398303365231e+09 6.946017742156982422e-01 -5.420689582824707031e-01 -6.269782036542892456e-02 1.817138606502856635e-01 -1.348657432621140628e-01 -1.386648240364422857e-01 9.641386677842914699e-01
1.520530398353367329e+09 6.795036196708679199e-01 -6.045284867286682129e-01 -1.902190037071704865e-02 1.443722124419825892e-01 -1.339332931912758373e-01 -1.159414445853439168e-01 9.735379390023843893e-01
1.520530398403368235e+09 6.493108868598937988e-01 -6.508473753929138184e-01 3.857007250189781189e-02 1.035396695605133033e-01 -1.301819756779637738e-01 -1.062135561241604603e-01 9.803320205580055013e-01
1.520530398453370094e+09 6.114312410354614258e-01 -6.876671314239501953e-01 9.927089512348175049e-02 6.167523258998648672e-02 -1.285095598554496787e-01 -1.012266973444720941e-01 9.845987073196167394e-01
1.520530398503371477e+09 5.631995797157287598e-01 -7.119993567466735840e-01 1.661728322505950928e-01 2.268768771746314597e-02 -1.199220453664428532e-01 -1.037268902233659112e-01 9.870890051589844560e-01
1.520530398553373337e+09 5.122389793395996094e-01 -7.412847280502319336e-01 2.242614924907684326e-01 -1.544694925571361149e-02 -1.046091508161536149e-01 -1.174336038191172715e-01 9.874348920401128105e-01
1.520530398603375196e+09 4.549024105072021484e-01 -7.549684643745422363e-01 2.814462780952453613e-01 -5.456274115014338177e-02 -9.099074764079505273e-02 -1.367018008580228039e-01 9.849143154427827396e-01
1.520530398653376341e+09 3.901163041591644287e-01 -7.516791820526123047e-01 3.348345160484313965e-01 -8.866331945596993280e-02 -7.486117932328056890e-02 -1.613085174271987887e-01 9.800582542985980528e-01
1.520530398703221083e+09 3.212731778621673584e-01 -7.370289564132690430e-01 3.859286904335021973e-01 -1.132345420603790981e-01 -6.011566483453710530e-02 -1.885952076212955020e-01 9.736508064948943275e-01
1.520530398753222942e+09 2.528678476810455322e-01 -7.154971361160278320e-01 4.214189052581787109e-01 -1.280784842206413310e-01 -4.726218945691081780e-02 -2.208895128031765631e-01 9.656966451536721507e-01
1.520530398803225040e+09 1.832203716039657593e-01 -6.938703060150146484e-01 4.385781884193420410e-01 -1.378978321536140084e-01 -3.824622500315469353e-02 -2.567121944817786772e-01 9.558348515118555433e-01
1.520530398853226185e+09 1.093080192804336548e-01 -6.662352681159973145e-01 4.463832974433898926e-01 -1.448906915098613080e-01 -3.168922196150136816e-02 -2.939472111240747920e-01 9.442444163444375649e-01
1.520530398903227091e+09 3.844323381781578064e-02 -6.309332847595214844e-01 4.382304549217224121e-01 -1.484566502472083049e-01 -2.904445349585522973e-02 -3.336270502224061851e-01 9.304891370018251173e-01
1.520530398953228951e+09 -3.216185793280601501e-02 -5.948420763015747070e-01 4.150782823562622070e-01 -1.431613089318215237e-01 -2.954934106802753827e-02 -3.735299036995645694e-01 9.160278855523815711e-01
1.520530399003230095e+09 -1.024897173047065735e-01 -5.550660490989685059e-01 3.768042922019958496e-01 -1.248142337400898055e-01 -3.275280225795306616e-02 -4.164681154866504142e-01 8.999460927095154217e-01
1.520530399053231955e+09 -1.710920184850692749e-01 -5.074830055236816406e-01 3.317345976829528809e-01 -9.797910181343530422e-02 -4.056361143936807606e-02 -4.599248867977517863e-01 8.816029647970244909e-01
1.520530399103232861e+09 -2.307903766632080078e-01 -4.546052813529968262e-01 2.783583998680114746e-01 -7.286329577829005200e-02 -5.627055846733152594e-02 -5.030055053258747355e-01 8.593660605294821675e-01
1.520530399152329922e+09 -2.776346206665039062e-01 -3.919076621532440186e-01 2.223362624645233154e-01 -5.109289444581557177e-02 -7.787884441869979968e-02 -5.437235005805358679e-01 8.340798263029772786e-01
1.520530399202332020e+09 -3.175410032272338867e-01 -3.219868540763854980e-01 1.658805608749389648e-01 -2.956986369241372883e-02 -1.012299998778996984e-01 -5.844649925900299303e-01 8.045363775011473706e-01
1.520530399252332926e+09 -3.485040664672851562e-01 -2.459394186735153198e-01 1.105171889066696167e-01 -1.188625915558638203e-02 -1.244620714966675201e-01 -6.250970160972805223e-01 7.704684484573789405e-01
1.520530399302334785e+09 -3.713198006153106689e-01 -1.637297123670578003e-01 5.944857001304626465e-02 2.694597554625419340e-03 -1.490385451634468339e-01 -6.645169494148466249e-01 7.322550615325018608e-01
1.520530399352335930e+09 -3.858224451541900635e-01 -7.790490239858627319e-02 1.344625651836395264e-02 1.505255914566423422e-02 -1.748657111407723175e-01 -7.015776770053114841e-01 6.906404032911983570e-01
1.520530399402342081e+09 -3.920136392116546631e-01 1.080507040023803711e-02 -2.797385305166244507e-02 2.387957793644934767e-02 -1.981847252975220963e-01 -7.346513148080474620e-01 6.484134684498232826e-01
1.520530399452338934e+09 -3.959389030933380127e-01 9.895059466361999512e-02 -5.937697365880012512e-02 3.118215723986478977e-02 -2.129755513839140524e-01 -7.649490465673608464e-01 6.070601648422269125e-01
1.520530399502341032e+09 -3.989648818969726562e-01 1.871495097875595093e-01 -8.247232437133789062e-02 4.014666663602963620e-02 -2.181521457612190795e-01 -7.940332120600256394e-01 5.659586067933146669e-01
1.520530399553005934e+09 -3.998407125473022461e-01 2.748002409934997559e-01 -9.377311915159225464e-02 5.313808162853202177e-02 -2.145879293233053930e-01 -8.229019760778345516e-01 5.234125549093856522e-01
1.520530399603008032e+09 -4.052158296108245850e-01 3.589141368865966797e-01 -9.353292733430862427e-02 6.748044588758422835e-02 -2.063415974525629193e-01 -8.481273774224143969e-01 4.832695792723919470e-01
1.520530399653008938e+09 -4.131551682949066162e-01 4.384811818599700928e-01 -8.199547976255416870e-02 8.481874564307552433e-02 -1.945026402788272157e-01 -8.682683792866084938e-01 4.484244917966755395e-01
1.520530399703010798e+09 -4.241888225078582764e-01 5.100960135459899902e-01 -5.994413793087005615e-02 1.007400336717023392e-01 -1.764600334116913360e-01 -8.860396433835275865e-01 4.167097941937055738e-01
1.520530399753012180e+09 -4.409323930740356445e-01 5.839408040046691895e-01 -4.012303799390792847e-02 1.075652690216842428e-01 -1.565777065517069688e-01 -9.018943322152584985e-01 3.879429703310697253e-01
1.520530399803014040e+09 -4.689179658889770508e-01 6.412937045097351074e-01 5.117215216159820557e-03 1.110562739371813712e-01 -1.365519889796629749e-01 -9.147357798296211762e-01 3.637011292591522116e-01
1.520530399853015900e+09 -4.983464479446411133e-01 6.941527128219604492e-01 4.991368204355239868e-02 1.086990227365280531e-01 -1.162933547665263023e-01 -9.247085964155269400e-01 3.457953004430466826e-01
1.520530399903017044e+09 -5.333973765373229980e-01 7.441772818565368652e-01 9.441268444061279297e-02 1.043995018368455846e-01 -9.215822864368730660e-02 -9.319672476146184659e-01 3.347307190610221972e-01
1.520530399953274965e+09 -5.756158828735351562e-01 7.822715044021606445e-01 1.441818475723266602e-01 1.021206853628878475e-01 -5.885086683657791973e-02 -9.377302693284240709e-01 3.267566113773962000e-01
1.520530400003275871e+09 -6.261256337165832520e-01 8.125296831130981445e-01 1.962524950504302979e-01 9.958951458187489947e-02 -2.140475151465097078e-02 -9.413174550079260738e-01 3.217844217723161981e-01
1.520530400053277969e+09 -6.838649511337280273e-01 8.322232365608215332e-01 2.506872713565826416e-01 9.296842533062441016e-02 1.396547238159006471e-02 -9.426730737946726890e-01 3.202019884622936963e-01
1.520530400103278875e+09 -7.417447566986083984e-01 8.411880135536193848e-01 3.048642575740814209e-01 8.299524168439947891e-02 4.550689738924143524e-02 -9.422669815320807718e-01 3.212068611692077136e-01
1.520530400153280973e+09 -8.007246255874633789e-01 8.502573370933532715e-01 3.566386103630065918e-01 6.881770336474785088e-02 7.100151319196350286e-02 -9.401256826198262084e-01 3.261696026711546903e-01
1.520530400203283072e+09 -8.640937209129333496e-01 8.506983518600463867e-01 4.054485559463500977e-01 5.099865203574872191e-02 8.801779519643532224e-02 -9.363412456662036920e-01 3.360313629463137497e-01
1.520530400253283978e+09 -9.301206469535827637e-01 8.449588418006896973e-01 4.471670091152191162e-01 3.382558780393772613e-02 9.993898963897067389e-02 -9.303119867379743280e-01 3.512657616268670679e-01
1.520530400303285837e+09 -9.960902929306030273e-01 8.342806100845336914e-01 4.828223288059234619e-01 1.843558918257824294e-02 1.132438209019572817e-01 -9.210427606520816823e-01 3.721776445857660764e-01
1.520530400352494240e+09 -1.065489888191223145e+00 8.197761178016662598e-01 5.147325992584228516e-01 4.219537100363743125e-03 1.302954692808089010e-01 -9.082141443581892570e-01 3.976837363776331569e-01
1.520530400402496099e+09 -1.136314988136291504e+00 7.984255552291870117e-01 5.393418669700622559e-01 -6.491017394605447244e-03 1.455795884044470689e-01 -8.921040709435210658e-01 4.276853712008067965e-01
1.520530400452497959e+09 -1.206907510757446289e+00 7.699971199035644531e-01 5.591018199920654297e-01 -1.216766065888822204e-02 1.531150837427587563e-01 -8.741381791537851109e-01 4.607495663701089428e-01
1.520530400502500296e+09 -1.281254768371582031e+00 7.436590194702148438e-01 5.689543485641479492e-01 -1.683144613344766949e-02 1.521514626535976633e-01 -8.537000262717466814e-01 4.977578728428581623e-01
1.520530400552501202e+09 -1.356919407844543457e+00 7.142425179481506348e-01 5.693085193634033203e-01 -2.258080452394431448e-02 1.462269737704430805e-01 -8.302660665581983457e-01 5.373695545255302575e-01
1.520530400602501869e+09 -1.425988435745239258e+00 6.756302714347839355e-01 5.606046319007873535e-01 -2.845553189056049953e-02 1.388148250880513745e-01 -8.052570412264650201e-01 5.757445827759026802e-01
1.520530400652504206e+09 -1.490147233009338379e+00 6.338222026824951172e-01 5.422515273094177246e-01 -3.053671721978600678e-02 1.320241478120041667e-01 -7.809615957282063370e-01 6.097016641715904406e-01
1.520530400702505112e+09 -1.550214409828186035e+00 5.912114977836608887e-01 5.149566531181335449e-01 -3.011435267408853200e-02 1.219971700327731196e-01 -7.564296119079780834e-01 6.418910020367640801e-01
1.520530400752291441e+09 -1.606648325920104980e+00 5.473421216011047363e-01 4.798575639724731445e-01 -2.541959171985952795e-02 1.057746214025175741e-01 -7.293437989017483858e-01 6.754429634155024731e-01
1.520530400802292347e+09 -1.657095670700073242e+00 5.017437338829040527e-01 4.361637830734252930e-01 -1.129033769194470738e-02 8.771674925887748553e-02 -7.013631935823895214e-01 7.072962398190510980e-01
1.520530400852294207e+09 -1.697649240493774414e+00 4.521024525165557861e-01 3.855461478233337402e-01 7.463461289859235799e-03 6.899368796311181051e-02 -6.720411809972738348e-01 7.372549211843980599e-01
1.520530400902295351e+09 -1.734681010246276855e+00 3.995201885700225830e-01 3.376136720180511475e-01 2.789113697181466733e-02 5.018561791174393910e-02 -6.420096387491457390e-01 7.645437279753376503e-01
1.520530400952297211e+09 -1.762865543365478516e+00 3.454345464706420898e-01 2.922314405441284180e-01 4.977449588713081519e-02 3.346374505859398690e-02 -6.109638581813879865e-01 7.893832030908360942e-01
1.520530401002299309e+09 -1.782827615737915039e+00 2.886912226676940918e-01 2.510806918144226074e-01 6.906172301693337678e-02 2.015074618300096224e-02 -5.756041131310610792e-01 8.145577516596386181e-01
1.520530401052300453e+09 -1.793119072914123535e+00 2.282325178384780884e-01 2.144659608602523804e-01 8.426679977802646604e-02 7.461963764838603318e-03 -5.329026898870597995e-01 8.419371405651840945e-01
1.520530401102302313e+09 -1.794005990028381348e+00 1.642216891050338745e-01 1.848258525133132935e-01 1.003712978533369826e-01 -2.980247506989263610e-03 -4.838579435002512419e-01 8.693665574449833677e-01
1.520530401152303219e+09 -1.786191701889038086e+00 9.897384792566299438e-02 1.637896001338958740e-01 1.149453101753855344e-01 -1.021982315569794873e-02 -4.320679132225339059e-01 8.944274421365187022e-01
1.520530401202755213e+09 -1.773289561271667480e+00 3.110751509666442871e-02 1.526118814945220947e-01 1.220612677343356350e-01 -1.377820691931011012e-02 -3.822068579533755006e-01 9.158761519258942219e-01
1.520530401252756119e+09 -1.760212540626525879e+00 -3.768660873174667358e-02 1.557486355304718018e-01 1.186138299214297975e-01 -1.834783560344311129e-02 -3.363913930013504583e-01 9.340422618889631101e-01
1.520530401302758217e+09 -1.740383625030517578e+00 -1.058674976229667664e-01 1.689697206020355225e-01 1.071120285506192427e-01 -2.237323906151877928e-02 -2.911006032737804561e-01 9.504140625471136916e-01
1.520530401352759123e+09 -1.720462560653686523e+00 -1.702186018228530884e-01 1.967044323682785034e-01 8.646237122944513964e-02 -2.339259338316509312e-02 -2.457444014082956207e-01 9.651874088034250176e-01
1.520530401402760983e+09 -1.696866989135742188e+00 -2.278140932321548462e-01 2.339516133069992065e-01 5.801524761500657240e-02 -1.751186264129817732e-02 -2.020648348298017816e-01 9.774954568877579630e-01
1.520530401452763319e+09 -1.670049667358398438e+00 -2.728841304779052734e-01 2.827599048614501953e-01 2.716750278259264309e-02 -1.010797289446275192e-02 -1.604234167735216487e-01 9.866225636114509534e-01
1.520530401502764225e+09 -1.639174818992614746e+00 -3.075143694877624512e-01 3.367299437522888184e-01 -3.332158236208691924e-03 -7.192185903834100690e-03 -1.169399515966434433e-01 9.931073541687163164e-01
1.520530401552766085e+09 -1.606400012969970703e+00 -3.350436687469482422e-01 3.896081149578094482e-01 -3.115589573817168292e-02 -4.932720897477309296e-03 -7.050899061751166041e-02 9.970122670596383019e-01
1.520530401603037357e+09 -1.569735884666442871e+00 -3.495984077453613281e-01 4.377296566963195801e-01 -5.586217601302864710e-02 -1.557374573838977245e-03 -2.049699756018208072e-02 9.982268604713780968e-01
1.520530401653039217e+09 -1.532172203063964844e+00 -3.560469448566436768e-01 4.789932072162628174e-01 -7.884625874037962112e-02 3.998292965929178301e-03 2.998772367453968885e-02 9.964276278610619819e-01
1.520530401703041315e+09 -1.491518735885620117e+00 -3.538364171981811523e-01 5.100902318954467773e-01 -1.011261585848803601e-01 1.018722578217986716e-02 8.044073284218179742e-02 9.915639207739161964e-01
1.520530401753042221e+09 -1.452557563781738281e+00 -3.431736826896667480e-01 5.291523933410644531e-01 -1.213203786580894089e-01 1.481617204208680351e-02 1.350842977788011545e-01 9.832670437179745759e-01
1.520530401803044081e+09 -1.414232254028320312e+00 -3.226824104785919189e-01 5.344743728637695312e-01 -1.344222519813059180e-01 1.815221011045301328e-02 1.953504153732200654e-01 9.713080719596077772e-01
1.520530401853045225e+09 -1.378420472145080566e+00 -2.968095839023590088e-01 5.287880301475524902e-01 -1.386592538928860252e-01 2.059592495498872161e-02 2.574818137583821942e-01 9.560609472041050605e-01
1.520530401903047323e+09 -1.341544628143310547e+00 -2.626698613166809082e-01 5.063616037368774414e-01 -1.352870690425355127e-01 2.096155174397127882e-02 3.200513848386328797e-01 9.374567367944177665e-01
1.520530401953048468e+09 -1.303372740745544434e+00 -2.181060165166854858e-01 4.668871462345123291e-01 -1.248952226483908134e-01 2.656894739466373126e-02 3.761436348111880656e-01 9.177206766685471750e-01
1.520530402002281427e+09 -1.273095488548278809e+00 -1.713655740022659302e-01 4.197032153606414795e-01 -1.076973663701315531e-01 3.744200199419040614e-02 4.234012314310839908e-01 8.987384330194444493e-01
1.520530402052283287e+09 -1.249103307723999023e+00 -1.153938621282577515e-01 3.625288903713226318e-01 -8.205523220325670886e-02 4.842632192153098480e-02 4.689368238115406706e-01 8.780774940099340675e-01
1.520530402102285147e+09 -1.233636498451232910e+00 -5.353206396102905273e-02 2.999086976051330566e-01 -5.355971249028284448e-02 6.726303624378060508e-02 5.128807370405030763e-01 8.541430739202984235e-01
1.520530402152286291e+09 -1.230405092239379883e+00 1.806389912962913513e-02 2.373125553131103516e-01 -2.695806445131787230e-02 8.810178721092094822e-02 5.575542314245031106e-01 8.250118889276153444e-01
1.520530402202287197e+09 -1.235526084899902344e+00 9.558474272489547729e-02 1.722096949815750122e-01 -5.243355695394239478e-03 1.088520325900444036e-01 6.019345316920327038e-01 7.910743086327357565e-01
1.520530402252289295e+09 -1.248038291931152344e+00 1.800691634416580200e-01 1.142797246575355530e-01 1.456794774793034215e-02 1.266511810444961861e-01 6.461851508758398310e-01 7.524573104342968666e-01
1.520530402302290201e+09 -1.271013855934143066e+00 2.692240178585052490e-01 6.388105452060699463e-02 3.482552611237800522e-02 1.417389658407642583e-01 6.885054694576703271e-01 7.103924737919596888e-01
1.520530402352292299e+09 -1.299995779991149902e+00 3.607879281044006348e-01 2.034440636634826660e-02 5.686714249500122303e-02 1.565536191590973791e-01 7.273373283187047900e-01 6.657608453993446584e-01
1.520530402402566671e+09 -1.330502867698669434e+00 4.562052786350250244e-01 -1.750510744750499725e-02 7.675800911169967933e-02 1.744732638096409549e-01 7.623747878942135348e-01 6.184270135077160058e-01
1.520530402452568769e+09 -1.362556815147399902e+00 5.524027347564697266e-01 -4.421133920550346375e-02 9.235609729429818116e-02 1.896786326238882880e-01 7.934000841429652562e-01 5.709716929064293511e-01
1.520530402502570629e+09 -1.392008662223815918e+00 6.488794684410095215e-01 -5.958378687500953674e-02 1.046886748962970182e-01 1.967603568153601379e-01 8.203460019549526638e-01 5.266479663027991975e-01
1.520530402552571774e+09 -1.422706961631774902e+00 7.481996417045593262e-01 -7.138654589653015137e-02 1.199573676004804940e-01 1.907125334789054050e-01 8.432525048682950608e-01 4.880206681747880082e-01
1.520530402602573633e+09 -1.446559071540832520e+00 8.345666527748107910e-01 -6.090255454182624817e-02 1.303456267379345945e-01 1.798546599463638485e-01 8.623094497350860532e-01 4.550656345885131238e-01
1.520530402652671576e+09 -1.462288022041320801e+00 9.169067144393920898e-01 -4.084360226988792419e-02 1.381120966946558226e-01 1.625439509539945981e-01 8.789028443646739186e-01 4.266547819051805801e-01
1.520530402702576637e+09 -1.469891905784606934e+00 9.911807775497436523e-01 -1.032695919275283813e-02 1.410745484877062028e-01 1.418860060949641844e-01 8.927606646361468945e-01 4.036641286042577104e-01
1.520530402752577543e+09 -1.470562219619750977e+00 1.055683732032775879e+00 2.962316758930683136e-02 1.400394407717403811e-01 1.182615580970319685e-01 9.049135239899468441e-01 3.841024251484188023e-01
1.520530402803416491e+09 -1.463450789451599121e+00 1.110413312911987305e+00 7.848738878965377808e-02 1.336669378262901053e-01 9.090556292564641594e-02 9.156009489367868959e-01 3.681633206436638606e-01
1.520530402853417397e+09 -1.448021650314331055e+00 1.154442071914672852e+00 1.317623853683471680e-01 1.242201015492121752e-01 6.070774729891012522e-02 9.240383437827810464e-01 3.564226073191349431e-01
1.520530402903419256e+09 -1.419245123863220215e+00 1.186089754104614258e+00 1.935378760099411011e-01 1.140806087954488734e-01 2.748689263497368362e-02 9.310231282607481784e-01 3.455806997991983653e-01
1.520530402953420401e+09 -1.389047741889953613e+00 1.209951519966125488e+00 2.540189623832702637e-01 1.031123236551219208e-01 -8.288289306393172018e-03 9.367177357678027061e-01 3.344533397483958614e-01
1.520530403003422260e+09 -1.360334634780883789e+00 1.223913311958312988e+00 3.114093244075775146e-01 9.019587532817979758e-02 -4.475793043367309876e-02 9.409749089350121221e-01 3.231526767517539089e-01
1.520530403053424597e+09 -1.324454784393310547e+00 1.229539036750793457e+00 3.690008819103240967e-01 7.349532853497438289e-02 -7.974433910710605755e-02 9.436261071798849320e-01 3.127443795057608389e-01
1.520530403103425264e+09 -1.286882042884826660e+00 1.225443124771118164e+00 4.255670905113220215e-01 5.621948195399151943e-02 -1.129917001407773763e-01 9.431687168908963192e-01 3.074166830646992143e-01
1.520530403153427362e+09 -1.244191646575927734e+00 1.213027715682983398e+00 4.758483767509460449e-01 4.198588086564591232e-02 -1.423309477670318957e-01 9.408789697575613564e-01 3.045091975353519942e-01
1.520530403202933073e+09 -1.200473427772521973e+00 1.197592616081237793e+00 5.176676511764526367e-01 2.722507881308659089e-02 -1.610462841460978678e-01 9.377632026061408776e-01 3.064687019651917699e-01
1.520530403252935171e+09 -1.156370162963867188e+00 1.177701592445373535e+00 5.526486635208129883e-01 1.230132453432371091e-02 -1.687148891577890386e-01 9.326801158111213130e-01 3.185777223249135481e-01
1.520530403302936077e+09 -1.103255152702331543e+00 1.154990315437316895e+00 5.756387114524841309e-01 1.119315919619345585e-03 -1.728339112080392315e-01 9.240576180195626543e-01 3.409467771491848653e-01
1.520530403352938175e+09 -1.043932199478149414e+00 1.128515243530273438e+00 5.875846743583679199e-01 -5.883539699011014132e-03 -1.746847532212269238e-01 9.127451864920380631e-01 3.692517372853700852e-01
1.520530403402940273e+09 -9.826482534408569336e-01 1.097354173660278320e+00 5.869480967521667480e-01 -7.790295241482661157e-03 -1.721283951973340554e-01 9.005393252102864565e-01 3.991742108611761597e-01
1.520530403452941179e+09 -9.160456657409667969e-01 1.063068747520446777e+00 5.743760466575622559e-01 -5.696421900673124747e-03 -1.645499601231499298e-01 8.867570673636929746e-01 4.319175440770403052e-01
1.520530403502943039e+09 -8.457004427909851074e-01 1.025877714157104492e+00 5.510281324386596680e-01 -2.124954021439783621e-03 -1.541682635437496840e-01 8.697568204467548414e-01 4.687757506235399330e-01
1.520530403552945137e+09 -7.746126055717468262e-01 9.849655032157897949e-01 5.148861408233642578e-01 5.679876066241512644e-03 -1.418223261854201223e-01 8.512569546554137334e-01 5.051888398945678649e-01
1.520530403602946043e+09 -7.042702436447143555e-01 9.389798641204833984e-01 4.688260853290557861e-01 1.666233614141947317e-02 -1.218551938922489419e-01 8.326922283040484318e-01 5.399049279251219025e-01
1.520530403652253866e+09 -6.392246484756469727e-01 8.874965906143188477e-01 4.144589602947235107e-01 2.883253492020631734e-02 -9.406552794316398736e-02 8.117931723495668273e-01 5.755972608599483342e-01
1.520530403702255726e+09 -5.789084434509277344e-01 8.309243321418762207e-01 3.570974767208099365e-01 4.159608131796611180e-02 -6.447453084373049037e-02 7.871961633390999191e-01 6.119109423075151932e-01
1.520530403752256870e+09 -5.278171300888061523e-01 7.688580155372619629e-01 2.984557747840881348e-01 5.650517893684646464e-02 -3.861402840951574933e-02 7.572592137605889118e-01 6.495187485654273507e-01
1.520530403802257776e+09 -4.871383309364318848e-01 7.004575729370117188e-01 2.407930493354797363e-01 7.451207141994474481e-02 -1.537387901170308123e-02 7.222742987100211343e-01 6.874092176278913113e-01
1.520530403852260590e+09 -4.570522606372833252e-01 6.277001500129699707e-01 1.877601891756057739e-01 9.740940600218944700e-02 3.598744749620797802e-03 6.843512810368603816e-01 7.226076257567005667e-01
1.520530403902260780e+09 -4.371394217014312744e-01 5.520314574241638184e-01 1.412536352872848511e-01 1.248138558099592815e-01 1.774260976377751986e-02 6.452869234540709042e-01 7.534663148514344488e-01
1.520530403952262640e+09 -4.244987070560455322e-01 4.742843806743621826e-01 1.021800339221954346e-01 1.491612877072703847e-01 3.074503371918272179e-02 6.048899629641351083e-01 7.816097401237798170e-01
1.520530404002263546e+09 -4.157178103923797607e-01 3.947586715221405029e-01 7.119044661521911621e-02 1.638679043588639195e-01 4.463503844778742707e-02 5.622664642766207477e-01 8.093277743990171524e-01
1.520530404052744627e+09 -4.143980145454406738e-01 3.149996399879455566e-01 4.863408207893371582e-02 1.710723652008275530e-01 5.247472267949027103e-02 5.192593973048877931e-01 8.356735772147340091e-01
1.520530404102746725e+09 -4.144140779972076416e-01 2.364077717065811157e-01 3.554024919867515564e-02 1.701891196368746084e-01 5.921113223542710802e-02 4.780908607012062106e-01 8.596271484141273511e-01
1.520530404152747631e+09 -4.145774245262145996e-01 1.587230414152145386e-01 3.090909682214260101e-02 1.670077767931000545e-01 6.373188178217970012e-02 4.380047894830050303e-01 8.810212563412287423e-01
1.520530404202749491e+09 -4.134723544120788574e-01 8.246204257011413574e-02 3.691678121685981750e-02 1.626538328535074296e-01 7.020841505488568945e-02 4.007165412903168633e-01 8.989108758102052343e-01
1.520530404252828598e+09 -4.095303416252136230e-01 8.358360268175601959e-03 5.448877066373825073e-02 1.514986810582392429e-01 7.338758089665672890e-02 3.668649632964896545e-01 9.149166690541908897e-01
1.520530404302752495e+09 -3.978575766086578369e-01 -6.214437261223793030e-02 8.032394945621490479e-02 1.310248657576210674e-01 7.305230114506879036e-02 3.388590474868366509e-01 9.288005123743856561e-01
1.520530404352753401e+09 -3.898207247257232666e-01 -1.255581676959991455e-01 1.220513582229614258e-01 1.042906803689170880e-01 7.418287635902670596e-02 3.143971898747007221e-01 9.406246657632263419e-01
1.520530404402755737e+09 -3.759224712848663330e-01 -1.788707524538040161e-01 1.730295568704605103e-01 7.662553264012376963e-02 7.337780223847313599e-02 2.949550122499319804e-01 9.496029520988820138e-01
1.520530404453112364e+09 -3.545609712600708008e-01 -2.230121791362762451e-01 2.301762849092483521e-01 4.846206073975366929e-02 6.964779309719631994e-02 2.807935937094704348e-01 9.560102359897970636e-01
1.520530404503114223e+09 -3.288040757179260254e-01 -2.574253380298614502e-01 2.899040877819061279e-01 2.189957212404639378e-02 6.527645284487404442e-02 2.714475453010796180e-01 9.599873038716674190e-01
1.520530404553115129e+09 -2.958365976810455322e-01 -2.864538133144378662e-01 3.508827686309814453e-01 -1.793919767487645207e-03 6.210932634889144988e-02 2.674801679417769806e-01 9.615578886318770779e-01
1.520530404603117466e+09 -2.565934956073760986e-01 -3.076686561107635498e-01 4.104122817516326904e-01 -2.243091123953695754e-02 6.059772407615635764e-02 2.688871869683114868e-01 9.610017953895935161e-01
1.520530404653119326e+09 -2.073112875223159790e-01 -3.215184509754180908e-01 4.654113352298736572e-01 -4.443154473251731407e-02 6.003228932952692221e-02 2.738120549233303835e-01 9.588789916612008302e-01
1.520530404703120232e+09 -1.539913266897201538e-01 -3.309130370616912842e-01 5.145297646522521973e-01 -6.914431922225816596e-02 5.654978777409574303e-02 2.836143200283806065e-01 9.547691354965526234e-01
1.520530404753122330e+09 -1.027610078454017639e-01 -3.319337964057922363e-01 5.591486692428588867e-01 -9.554813853673380097e-02 5.292947246312646598e-02 2.954940811804122602e-01 9.490796974723905155e-01
1.520530404803123236e+09 -4.627373814582824707e-02 -3.272058367729187012e-01 5.985293984413146973e-01 -1.168179993661600802e-01 4.776637397634988375e-02 3.154302928898569669e-01 9.405188243031918915e-01
1.520530404852641821e+09 1.022358424961566925e-02 -3.144249618053436279e-01 6.268280148506164551e-01 -1.310841253701204023e-01 4.354247695665135198e-02 3.405063052456526185e-01 9.300411070831141602e-01
1.520530404902642727e+09 7.359527796506881714e-02 -3.013093471527099609e-01 6.492846608161926270e-01 -1.424605744813553232e-01 3.944807963393078681e-02 3.665085769595509135e-01 9.185969174489548861e-01
1.520530404952645063e+09 1.400816887617111206e-01 -2.844303548336029053e-01 6.619755625724792480e-01 -1.478250583613571201e-01 2.520334095093762147e-02 3.942713931130136795e-01 9.066766856482501025e-01
1.520530405002646923e+09 2.114442884922027588e-01 -2.660796344280242920e-01 6.672362685203552246e-01 -1.472992068468371718e-01 7.944747355189657467e-03 4.246975538762713387e-01 8.932367056851540088e-01
1.520530405052647829e+09 2.788698375225067139e-01 -2.441311925649642944e-01 6.590390205383300781e-01 -1.447195070049313859e-01 -3.392210595907534793e-03 4.563881322332054569e-01 8.779263237631098615e-01
1.520530405102649927e+09 3.457332253456115723e-01 -2.187577337026596069e-01 6.414924263954162598e-01 -1.392834620848829585e-01 -7.733505614145674313e-03 4.926269307376530127e-01 8.589872043241184585e-01
1.520530405152650833e+09 4.167856574058532715e-01 -1.866749972105026245e-01 6.118907928466796875e-01 -1.299924779518673856e-01 -3.948170010590463380e-03 5.321585841616650603e-01 8.365964432942283313e-01
1.520530405202652931e+09 4.837523102760314941e-01 -1.475239098072052002e-01 5.704676508903503418e-01 -1.183069294429655166e-01 7.340943571971980143e-03 5.707519986447131544e-01 8.125218378827215870e-01
1.520530405252326965e+09 5.469440221786499023e-01 -1.030424460768699646e-01 5.209223031997680664e-01 -1.038879484443011175e-01 1.973627609983975503e-02 6.071346143865412603e-01 7.875311635658941434e-01
1.520530405302330017e+09 6.052964925765991211e-01 -5.372904241085052490e-02 4.657934606075286865e-01 -8.676298424767608930e-02 3.120149942804461424e-02 6.394221574152608722e-01 7.633072484945314651e-01
1.520530405352330923e+09 6.575354337692260742e-01 -2.617116551846265793e-03 4.091347157955169678e-01 -7.042164185621688222e-02 4.528023565843915937e-02 6.673025327864317013e-01 7.400660932334381936e-01
1.520530405402333021e+09 7.033510208129882812e-01 4.965496063232421875e-02 3.549629449844360352e-01 -5.561773309802366810e-02 6.216936741902310409e-02 6.949955609627987974e-01 7.141588113030324925e-01
1.520530405452333927e+09 7.361993193626403809e-01 1.107132211327552795e-01 2.949061095714569092e-01 -3.998407965165033662e-02 7.734757412499639051e-02 7.229645615236032219e-01 6.853764432283713237e-01
1.520530405502335072e+09 7.668852806091308594e-01 1.721045523881912231e-01 2.402898669242858887e-01 -2.435282178714473500e-02 9.274453416286609908e-02 7.514034304276735465e-01 6.528386295214467783e-01
1.520530405552336931e+09 7.901371717453002930e-01 2.369428128004074097e-01 1.891430914402008057e-01 -1.011300126306552416e-02 1.097594888231195609e-01 7.798294010144246613e-01 6.162115603688593790e-01
1.520530405602339029e+09 8.042860031127929688e-01 3.058922886848449707e-01 1.420610547065734863e-01 2.365492018306884943e-03 1.285170596703354706e-01 8.074072486225429834e-01 5.758222856862849071e-01
1.520530405652791739e+09 8.031098246574401855e-01 3.783010840415954590e-01 1.011357977986335754e-01 1.727356734673172675e-02 1.461749053977340895e-01 8.341665733503360602e-01 5.315079009836448654e-01
1.520530405702792645e+09 7.914314866065979004e-01 4.502102732658386230e-01 6.997238844633102417e-02 3.008753875392244231e-02 1.619871046611804088e-01 8.584430479329013819e-01 4.857267250120063662e-01
1.520530405752794743e+09 7.770990133285522461e-01 5.227270722389221191e-01 4.656314104795455933e-02 4.251868033015732129e-02 1.722306211980438873e-01 8.808502643850215641e-01 4.388981506882380090e-01
1.520530405802796602e+09 7.550884485244750977e-01 5.949206948280334473e-01 3.029938973486423492e-02 5.321904240140400838e-02 1.763268822106991707e-01 9.009715299638610952e-01 3.928445829209195050e-01
1.520530405852855682e+09 7.321434617042541504e-01 6.668257117271423340e-01 1.966460980474948883e-02 6.067541792682903945e-02 1.782311928743849361e-01 9.181335903223858397e-01 3.486873181916771425e-01
1.520530405902799606e+09 7.079331278800964355e-01 7.375112771987915039e-01 1.461118552833795547e-02 6.385561070091082259e-02 1.785479930592011044e-01 9.327542173081270205e-01 3.066148157712684785e-01
1.520530405952800512e+09 6.844510436058044434e-01 8.057730793952941895e-01 1.605456881225109100e-02 6.225820753111240002e-02 1.765810180270644125e-01 9.444577910421940725e-01 2.700787674128377058e-01
1.520530406002802610e+09 6.626802682876586914e-01 8.712811470031738281e-01 2.592613175511360168e-02 5.835610301754740048e-02 1.718709968764195739e-01 9.533509674940898737e-01 2.411987944650509919e-01
1.520530406052803755e+09 6.399904489517211914e-01 9.358844161033630371e-01 4.217371344566345215e-02 5.893228588202195639e-02 1.640957940735305320e-01 9.597051153576937610e-01 2.203761502621657542e-01
1.520530406103569508e+09 6.246716380119323730e-01 9.977993965148925781e-01 7.018717378377914429e-02 6.796712723759854025e-02 1.501456548784020351e-01 9.650697069697884434e-01 2.036595507837787311e-01
1.520530406153570652e+09 6.218169331550598145e-01 1.056100010871887207e+00 1.077564060688018799e-01 7.780784433309977099e-02 1.304224317488232587e-01 9.693251596799846714e-01 1.932476739014783174e-01
1.520530406203572512e+09 6.275902986526489258e-01 1.105206727981567383e+00 1.531666368246078491e-01 8.615764128290516466e-02 1.033061283493701410e-01 9.725120548284608146e-01 1.900657988891073236e-01
1.520530406253574610e+09 6.437062621116638184e-01 1.145327806472778320e+00 2.038576155900955200e-01 8.846736119590413450e-02 7.088556421185607248e-02 9.745585875816411559e-01 1.933502577197065420e-01
1.520530406303575754e+09 6.677966713905334473e-01 1.178232431411743164e+00 2.558969557285308838e-01 8.866176593492144931e-02 3.626405009445608091e-02 9.757846416946731605e-01 1.966426783911529030e-01
1.520530406353577614e+09 6.970506906509399414e-01 1.206458330154418945e+00 3.063774406909942627e-01 8.602421190318090827e-02 5.524818438397308823e-03 9.752241952479998588e-01 2.037328651704244931e-01
1.520530406403578520e+09 7.305613160133361816e-01 1.223394274711608887e+00 3.541076481342315674e-01 8.455609018105936237e-02 -1.894097846771455873e-02 9.728686816379142899e-01 2.145181466358613842e-01
1.520530406453580618e+09 7.688074111938476562e-01 1.239495396614074707e+00 3.933569192886352539e-01 8.358658130503851535e-02 -3.732655581239773673e-02 9.693557053422439118e-01 2.279682613377598810e-01
1.520530406503485203e+09 8.116554021835327148e-01 1.254806756973266602e+00 4.220751225948333740e-01 7.999707940729218481e-02 -5.304417758559187152e-02 9.651432550497021090e-01 2.434856869358799636e-01
1.520530406553487539e+09 8.550204038619995117e-01 1.260388493537902832e+00 4.422098398208618164e-01 7.307132412140902866e-02 -6.781698836340742387e-02 9.592604740361219129e-01 2.643497316670780917e-01
1.520530406603489399e+09 8.992255926132202148e-01 1.255829930305480957e+00 4.514873325824737549e-01 6.631927673373913534e-02 -8.212350727170243669e-02 9.514035203963328025e-01 2.892902080340317150e-01
1.520530406653490305e+09 9.433220028877258301e-01 1.248408794403076172e+00 4.504379332065582275e-01 5.792159572084911584e-02 -9.253610796408688610e-02 9.419283236580233698e-01 3.175739135426513537e-01
1.520530406703492403e+09 9.856829643249511719e-01 1.236046791076660156e+00 4.398031532764434814e-01 4.359599921007382972e-02 -9.410016180579400258e-02 9.308145584799641936e-01 3.504694082551973455e-01
1.520530406753493309e+09 1.025049209594726562e+00 1.219026327133178711e+00 4.221017658710479736e-01 3.025195532273158502e-02 -8.469473712765650253e-02 9.183946194180105937e-01 3.853088939099069687e-01
1.520530406803495169e+09 1.059970855712890625e+00 1.195801734924316406e+00 3.982306420803070068e-01 2.527192635679093372e-02 -6.873751746722689404e-02 9.030476839625417584e-01 4.232509467450120688e-01
1.520530406853497505e+09 1.089269042015075684e+00 1.167326331138610840e+00 3.714336454868316650e-01 2.958780560980085739e-02 -4.961942998297654700e-02 8.845380685105753704e-01 4.628767430784803683e-01
1.520530406902691841e+09 1.112927436828613281e+00 1.133603692054748535e+00 3.444934785366058350e-01 3.801281164814693248e-02 -2.928085561899653952e-02 8.634706502260269811e-01 5.021116348413608987e-01
1.520530406952692747e+09 1.130652785301208496e+00 1.093083977699279785e+00 3.163979947566986084e-01 4.832319605203050372e-02 -1.260443882227333182e-02 8.394912538650030065e-01 5.410734067845670570e-01
1.520530407002693892e+09 1.141000628471374512e+00 1.046158909797668457e+00 2.878109514713287354e-01 5.635652131794712666e-02 -7.833310841774899147e-04 8.111262052612243645e-01 5.821491286911613106e-01
1.520530407052695990e+09 1.142041563987731934e+00 9.932523369789123535e-01 2.578580081462860107e-01 6.228366489803411482e-02 8.829542832715834774e-03 7.782504683657915923e-01 6.247951606315950146e-01
1.520530407102697849e+09 1.132607936859130859e+00 9.356647729873657227e-01 2.263397574424743652e-01 6.884801908419969918e-02 1.802307867368264926e-02 7.403633949221983812e-01 6.684288760687863151e-01
1.520530407152698994e+09 1.111057281494140625e+00 8.740655779838562012e-01 1.933136731386184692e-01 7.862564100629623742e-02 2.679090176063615367e-02 6.987833313428618576e-01 7.104942730216572411e-01
1.520530407202700853e+09 1.075340509414672852e+00 8.093405365943908691e-01 1.596275269985198975e-01 9.184081435161976781e-02 3.417622887782337943e-02 6.539867819243202485e-01 7.501323478341628270e-01
1.520530407252701759e+09 1.028688430786132812e+00 7.449975013732910156e-01 1.257488280534744263e-01 1.087738199493856334e-01 3.875007847467493161e-02 6.080443850557207819e-01 7.854608286312155796e-01
1.520530407303184986e+09 9.705506563186645508e-01 6.817776560783386230e-01 9.197707474231719971e-02 1.276264308432716044e-01 4.262529209184942602e-02 5.600941044028932003e-01 8.174283900363462640e-01
1.520530407353184938e+09 9.019818902015686035e-01 6.217116713523864746e-01 6.059776619076728821e-02 1.463613355256467019e-01 4.327341896840065927e-02 5.076225379633839685e-01 8.479534949662907994e-01
1.520530407403186798e+09 8.223306536674499512e-01 5.649538040161132812e-01 3.245399147272109985e-02 1.624679396403495291e-01 4.266844264753347910e-02 4.475493673980499576e-01 8.783411275425164755e-01
1.520530407453220844e+09 7.331200242042541504e-01 5.143018364906311035e-01 9.515718556940555573e-03 1.757258482561484814e-01 3.965511190464292984e-02 3.802880959560097085e-01 9.071542660587779139e-01
1.520530407503189802e+09 6.314539313316345215e-01 4.660755693912506104e-01 -1.024476438760757446e-02 1.881274247127826538e-01 3.187547190916673739e-02 3.091979563994254887e-01 9.316590847085232108e-01
1.520530407553190947e+09 5.222657322883605957e-01 4.251045882701873779e-01 -2.471151575446128845e-02 2.006811547999210743e-01 2.011721480366432391e-02 2.390364437667846509e-01 9.498336435018726043e-01
1.520530407603193045e+09 4.068441092967987061e-01 3.921514153480529785e-01 -3.323051705956459045e-02 2.110693289663505556e-01 5.149176872877012957e-03 1.704563663205013735e-01 9.624800525351355773e-01
1.520530407653193712e+09 2.865531444549560547e-01 3.679405152797698975e-01 -3.557088971138000488e-02 2.140205647638362407e-01 -1.382431292260680698e-02 1.027151344342938782e-01 9.713154417533633733e-01
1.520530407703509569e+09 1.620604842901229858e-01 3.526836037635803223e-01 -3.291584551334381104e-02 2.081670281276185863e-01 -3.516077939903367727e-02 3.283161245713279996e-02 9.769095624550065970e-01
1.520530407753510714e+09 3.676218539476394653e-02 3.468520045280456543e-01 -2.796122059226036072e-02 1.986538602875029536e-01 -5.146710533360783490e-02 -3.566619725240557232e-02 9.780673306245357690e-01
1.520530407803512573e+09 -8.651212602853775024e-02 3.506187796592712402e-01 -2.268572524189949036e-02 1.899604903506387221e-01 -5.981390788279212362e-02 -9.886894151967655364e-02 9.749678153315178841e-01
1.520530407853514671e+09 -2.076337486505508423e-01 3.630184531211853027e-01 -1.693707704544067383e-02 1.831043939913339913e-01 -6.090641704416040192e-02 -1.562879218547893745e-01 9.686781068787611026e-01
1.520530407903515816e+09 -3.282944858074188232e-01 3.777285516262054443e-01 -6.870156619697809219e-03 1.751714058365188009e-01 -5.847991158325482192e-02 -2.114586510416552045e-01 9.597813904312356703e-01
1.520530407953517675e+09 -4.413522183895111084e-01 4.023948609828948975e-01 4.553087521344423294e-03 1.672426954951245770e-01 -5.290574352605714042e-02 -2.620158863206642486e-01 9.489881655853653619e-01
1.520530408003518820e+09 -5.471898317337036133e-01 4.300666749477386475e-01 1.828086376190185547e-02 1.613480299231753734e-01 -4.431595651978591233e-02 -3.073171674291984012e-01 9.367812273102726905e-01
1.520530408053520679e+09 -6.452413797378540039e-01 4.617983400821685791e-01 3.471172973513603210e-02 1.543327938018097534e-01 -3.855772491423561238e-02 -3.500517467558919571e-01 9.231242956394957178e-01
1.520530408103521585e+09 -7.360002994537353516e-01 4.957152903079986572e-01 5.177464336156845093e-02 1.464708602214660205e-01 -3.493831692932788252e-02 -3.914381877044528224e-01 9.078004991862381745e-01
1.520530408153603077e+09 -8.205050230026245117e-01 5.201134681701660156e-01 7.007781416177749634e-02 1.383225911393370089e-01 -3.355819343839510499e-02 -4.311809519773712185e-01 8.909678417796789152e-01
1.520530408203605175e+09 -8.957803845405578613e-01 5.510730147361755371e-01 8.916462212800979614e-02 1.285723966795785933e-01 -3.333206275030002608e-02 -4.684849100695101520e-01 8.734300209187009223e-01
1.520530408253606319e+09 -9.706802368164062500e-01 5.804825425148010254e-01 1.088891178369522095e-01 1.164493346799320289e-01 -3.463957265441667405e-02 -5.019331294355477979e-01 8.563310026116994766e-01
1.520530408303608179e+09 -1.037819147109985352e+00 6.071476340293884277e-01 1.321206092834472656e-01 1.047990058947648601e-01 -3.415484597213033768e-02 -5.304612912717125983e-01 8.405126015250673488e-01
1.520530408353609324e+09 -1.103372454643249512e+00 6.279196739196777344e-01 1.565921604633331299e-01 9.533430695825258205e-02 -2.858199569658895559e-02 -5.565184985793211192e-01 8.248524717655928429e-01
1.520530408403612137e+09 -1.166751146316528320e+00 6.458839178085327148e-01 1.854108721017837524e-01 8.354362498344328203e-02 -2.104683319213332404e-02 -5.804046151315506163e-01 8.097579738855339437e-01
1.520530408453613043e+09 -1.226631045341491699e+00 6.630373597145080566e-01 2.201700061559677124e-01 6.904753685369023619e-02 -9.700213057076609996e-03 -6.015855954757466373e-01 7.957594578999215296e-01
1.520530408503614187e+09 -1.282423257827758789e+00 6.749326586723327637e-01 2.570061981678009033e-01 5.221723574858344596e-02 2.835293865070716030e-03 -6.172691799077401065e-01 7.850121533680236574e-01
1.520530408553373814e+09 -1.324089050292968750e+00 6.789226531982421875e-01 2.972629964351654053e-01 3.761940640167416028e-02 1.916630659742049950e-02 -6.324568681187183739e-01 7.734440787302346854e-01
1.520530408603375673e+09 -1.366189002990722656e+00 6.823315620422363281e-01 3.417933285236358643e-01 2.241335761907884555e-02 3.402246090461293754e-02 -6.476937991719164955e-01 7.608106571733090906e-01
1.520530408653376818e+09 -1.407359838485717773e+00 6.823053359985351562e-01 3.843580186367034912e-01 6.065497686786325282e-03 4.599307531986808473e-02 -6.576752803959405869e-01 7.518717126721509159e-01
1.520530408703378677e+09 -1.442400574684143066e+00 6.792248487472534180e-01 4.278839826583862305e-01 -8.887567265943245587e-03 5.831734272331609570e-02 -6.615538976209069943e-01 7.475737684191247068e-01
1.520530408753379822e+09 -1.473216056823730469e+00 6.709744930267333984e-01 4.706484973430633545e-01 -2.417679681013177803e-02 7.171618167250519427e-02 -6.599678373125659192e-01 7.474722238955054943e-01
1.520530408803381920e+09 -1.498580455780029297e+00 6.564602851867675781e-01 5.119153857231140137e-01 -4.097199377520992919e-02 8.586326110553516022e-02 -6.551250715486313103e-01 7.495064621114402303e-01
1.520530408853382826e+09 -1.523660421371459961e+00 6.375411748886108398e-01 5.525389909744262695e-01 -5.769522565725870855e-02 9.895279497731193641e-02 -6.478067305350847516e-01 7.531441065134747426e-01
1.520530408903384924e+09 -1.546689867973327637e+00 6.134306788444519043e-01 5.895776748657226562e-01 -7.236884418885057568e-02 1.082811189301545046e-01 -6.369916695043944532e-01 7.597891567112603495e-01
1.520530408952877998e+09 -1.568002343177795410e+00 5.855205655097961426e-01 6.223066449165344238e-01 -8.393831765885881313e-02 1.147913934791171126e-01 -6.226361000602770313e-01 7.694813719080221270e-01
1.520530409002879858e+09 -1.583982825279235840e+00 5.525965094566345215e-01 6.533873081207275391e-01 -9.483293093521409645e-02 1.203386813641895009e-01 -6.040321961379705451e-01 7.820936152446875678e-01
1.520530409052890062e+09 -1.596074223518371582e+00 5.158840417861938477e-01 6.818402409553527832e-01 -1.056608824513408929e-01 1.290651074670629839e-01 -5.821627206500034069e-01 7.957792047041096772e-01
1.520530409102882862e+09 -1.604054450988769531e+00 4.762654006481170654e-01 7.086687088012695312e-01 -1.174135104009140923e-01 1.412227565192625545e-01 -5.565978148261143676e-01 8.102277909003307022e-01
1.520530409152883768e+09 -1.606765031814575195e+00 4.343677759170532227e-01 7.290993332862854004e-01 -1.316761959336057719e-01 1.520494507749844126e-01 -5.253989651877748468e-01 8.267395426149009019e-01
1.520530409202885628e+09 -1.606450557708740234e+00 3.904319405555725098e-01 7.437706589698791504e-01 -1.442998585744641737e-01 1.590215346497584614e-01 -4.899881867828191351e-01 8.448676104256279684e-01
1.520530409252886772e+09 -1.594976782798767090e+00 3.441784381866455078e-01 7.450209856033325195e-01 -1.526522958830054399e-01 1.613080369871889297e-01 -4.527679908205312631e-01 8.635265718281786018e-01
1.520530409302888870e+09 -1.579653382301330566e+00 2.962881326675415039e-01 7.369413971900939941e-01 -1.537698590261149245e-01 1.575229252915038569e-01 -4.151806757308659779e-01 8.827040075599280611e-01
1.520530409352901936e+09 -1.561290264129638672e+00 2.474076896905899048e-01 7.190905213356018066e-01 -1.449721624954077581e-01 1.513843408634675258e-01 -3.792439454433108592e-01 9.012435205244637704e-01
1.520530409402904272e+09 -1.537525773048400879e+00 1.989919841289520264e-01 6.910869479179382324e-01 -1.302636737438633563e-01 1.470492211987477482e-01 -3.429746096660419852e-01 9.185729796657532420e-01
1.520530409452906132e+09 -1.505955100059509277e+00 1.526895314455032349e-01 6.529079675674438477e-01 -1.143901676617243152e-01 1.441361495515467717e-01 -3.072327457276154417e-01 9.336743007534517025e-01
1.520530409502907276e+09 -1.468409419059753418e+00 1.113529354333877563e-01 6.074283123016357422e-01 -9.574282779382875530e-02 1.405673901285331429e-01 -2.724544963561913447e-01 9.470177755321110835e-01
1.520530409552909136e+09 -1.425389051437377930e+00 7.544561475515365601e-02 5.582346916198730469e-01 -7.325039753034798262e-02 1.338531365621606628e-01 -2.362302823325766465e-01 9.596421055806111378e-01
1.520530409602910042e+09 -1.376034975051879883e+00 4.778844490647315979e-02 5.035640597343444824e-01 -4.755331585660643734e-02 1.249350684473102685e-01 -1.987658594170484128e-01 9.708872457465439476e-01
1.520530409652912140e+09 -1.319107532501220703e+00 2.938636578619480133e-02 4.428648352622985840e-01 -2.083662054544720144e-02 1.167582963769438070e-01 -1.625548822918432279e-01 9.795454281014656095e-01
1.520530409702913046e+09 -1.257064104080200195e+00 1.786112226545810699e-02 3.817462027072906494e-01 6.434182190500582418e-03 1.057083535454339529e-01 -1.280300025095948147e-01 9.860997230238157663e-01
1.520530409752654076e+09 -1.191738009452819824e+00 1.522324979305267334e-02 3.196586668491363525e-01 3.481002816620629159e-02 9.436613848397309989e-02 -9.670044258397501868e-02 9.902183184786853554e-01
1.520530409802656174e+09 -1.122064709663391113e+00 2.141880244016647339e-02 2.579314410686492920e-01 6.208935907369243085e-02 8.382763419718117226e-02 -6.905653830665418880e-02 9.921436558038475573e-01
1.520530409852657318e+09 -1.050477027893066406e+00 3.486075252294540405e-02 1.981051266193389893e-01 8.761018704501397081e-02 7.104227241690615202e-02 -4.573955469552398040e-02 9.925650325253430051e-01
1.520530409902659178e+09 -9.777848720550537109e-01 5.368867143988609314e-02 1.418153941631317139e-01 1.127920030177819860e-01 5.923617016700391535e-02 -2.808742296703312449e-02 9.914535475100452189e-01
1.520530409952660322e+09 -9.035788178443908691e-01 7.690819352865219116e-02 8.811027556657791138e-02 1.394054838858091727e-01 5.146353876732835675e-02 -1.358264076367483343e-02 9.888038870827682292e-01
1.520530410002662182e+09 -8.267320990562438965e-01 1.057838276028633118e-01 3.661220893263816833e-02 1.662783057034756262e-01 4.605051918982908804e-02 2.653645162139614717e-03 9.849994075643304647e-01
1.520530410052664042e+09 -7.461640834808349609e-01 1.397697329521179199e-01 -7.590203080326318741e-03 1.926561563534793520e-01 4.246858067688397825e-02 2.437278962325132789e-02 9.800438725895773695e-01
1.520530410102666140e+09 -6.619291305541992188e-01 1.786215603351593018e-01 -4.403407871723175049e-02 2.209668850150479091e-01 3.671126722329271647e-02 5.013790975772968589e-02 9.732995985772994185e-01
1.520530410153222561e+09 -5.739383697509765625e-01 2.237079441547393799e-01 -7.286711782217025757e-02 2.505572404481253290e-01 3.127012359687467852e-02 7.720705017730779274e-02 9.645114411100446095e-01
1.520530410203224659e+09 -4.879396259784698486e-01 2.720287740230560303e-01 -9.105530381202697754e-02 2.757344790340913177e-01 2.789608150654526372e-02 1.058480123732815081e-01 9.549808919475845093e-01
1.520530410253225565e+09 -4.031959474086761475e-01 3.235743045806884766e-01 -1.040464788675308228e-01 2.939045387880898641e-01 2.860088047380348469e-02 1.340966652839456208e-01 9.459493623210539770e-01
1.520530410303227425e+09 -3.268853724002838135e-01 3.762212097644805908e-01 -1.038234159350395203e-01 3.042857510800132670e-01 3.355230240907512707e-02 1.640328989547912286e-01 9.377513704352606894e-01
1.520530410353231430e+09 -2.529270648956298828e-01 4.292052686214447021e-01 -9.778629243373870850e-02 3.066938243423406041e-01 4.018032189149572247e-02 1.963606747074775893e-01 9.304659721190182697e-01
1.520530410403230667e+09 -1.762104034423828125e-01 4.825044870376586914e-01 -9.104031324386596680e-02 3.039644747185471507e-01 4.175978983844963466e-02 2.315523911936924195e-01 9.231712778212985970e-01
1.520530410453231573e+09 -1.041776239871978760e-01 5.345498919486999512e-01 -7.319968193769454956e-02 2.975025011250682083e-01 4.195263375554193069e-02 2.655439824931678516e-01 9.160887684645905304e-01
1.520530410503232718e+09 -3.606797009706497192e-02 5.846004486083984375e-01 -4.607353359460830688e-02 2.875095164730418484e-01 3.909725128728212123e-02 2.977181524872401508e-01 9.094908380840355244e-01
1.520530410553234577e+09 2.870013006031513214e-02 6.313730478286743164e-01 -1.375382207334041595e-02 2.716179060238819720e-01 4.117590734194501167e-02 3.236900112885086056e-01 9.054021395898146363e-01
1.520530410603875160e+09 9.116719663143157959e-02 6.722297668457031250e-01 2.394712902605533600e-02 2.497491592493247536e-01 4.373969716273588826e-02 3.400836755555297630e-01 9.055690420763117254e-01
1.520530410653876066e+09 1.473988294601440430e-01 7.076900601387023926e-01 6.640026718378067017e-02 2.274169591408020386e-01 4.134448931242921260e-02 3.486779580441082826e-01 9.082928170325009765e-01
1.520530410703877926e+09 1.946582347154617310e-01 7.388703823089599609e-01 1.155429929494857788e-01 2.062442359371150780e-01 3.390558284703228120e-02 3.549137254591765434e-01 9.112354108984171974e-01
1.520530410753879070e+09 2.379170507192611694e-01 7.650048136711120605e-01 1.679594814777374268e-01 1.871467322908164088e-01 2.450273481501840170e-02 3.615507667894535260e-01 9.130480598596180108e-01
1.520530410803881168e+09 2.780654728412628174e-01 7.868303656578063965e-01 2.210761457681655884e-01 1.683972562348474700e-01 2.130678028118605447e-02 3.656072476376121538e-01 9.151610381137704753e-01
1.520530410853882313e+09 3.134728670120239258e-01 8.054064512252807617e-01 2.759756147861480713e-01 1.482798739433523472e-01 1.956953646337142999e-02 3.660762867226678430e-01 9.184869430347364361e-01
1.520530410903884172e+09 3.417360186576843262e-01 8.214512467384338379e-01 3.311147987842559814e-01 1.232524216271915496e-01 1.464900937900506794e-02 3.623592336762289645e-01 9.237369933356694984e-01
1.520530410953885078e+09 3.619066774845123291e-01 8.360569477081298828e-01 3.854064345359802246e-01 9.453458238292801463e-02 4.402712406266064658e-03 3.588519952225013299e-01 9.285844465539915271e-01
1.520530411003417969e+09 3.766016364097595215e-01 8.479895591735839844e-01 4.407016038894653320e-01 6.463945371749298119e-02 -4.958400749639075601e-03 3.545693598671998403e-01 9.327795689917709465e-01
1.520530411053419828e+09 3.838160932064056396e-01 8.597636222839355469e-01 4.940308332443237305e-01 3.818210431766218271e-02 -1.321579369104104208e-02 3.493544019372125109e-01 9.361191011586526001e-01
1.520530411103420734e+09 3.868909478187561035e-01 8.668363094329833984e-01 5.426509380340576172e-01 2.035443834888896186e-02 -2.509040171579537265e-02 3.414589427047904358e-01 9.393412367335779445e-01
1.520530411153422832e+09 3.825367689132690430e-01 8.694966435432434082e-01 5.840508341789245605e-01 1.181217859208816452e-02 -3.316756386752212765e-02 3.278810132178120451e-01 9.440627237187492193e-01
1.520530411203423738e+09 3.702589571475982666e-01 8.708807826042175293e-01 6.143360733985900879e-01 1.045274118482132295e-02 -4.026718217237210823e-02 3.124330766827300154e-01 9.490283804166150805e-01
1.520530411253425837e+09 3.520700335502624512e-01 8.707906603813171387e-01 6.360671520233154297e-01 1.212084228495518591e-02 -4.674364376238680785e-02 2.945803544220103598e-01 9.544058527370423706e-01
1.520530411303426981e+09 3.280376791954040527e-01 8.666605949401855469e-01 6.469170451164245605e-01 1.327538144574088794e-02 -5.371113225694757604e-02 2.749987107215122184e-01 9.598513362081926292e-01
1.520530411353428841e+09 2.999524176120758057e-01 8.591279983520507812e-01 6.490873694419860840e-01 1.226883419517106957e-02 -6.069014320801047885e-02 2.536955659645604433e-01 9.653003377368124527e-01
1.520530411403009176e+09 2.690413296222686768e-01 8.457899093627929688e-01 6.419637799263000488e-01 1.175942664592449609e-02 -6.625618374221464713e-02 2.297299212624445697e-01 9.709253304336168400e-01
1.520530411453010082e+09 2.319230586290359497e-01 8.317574858665466309e-01 6.243606209754943848e-01 1.327259246789262020e-02 -7.083576244490250029e-02 2.017762916265394002e-01 9.767765666647989509e-01
1.520530411503011942e+09 1.904621571302413940e-01 8.156667947769165039e-01 5.970681309700012207e-01 1.775028821376397475e-02 -7.608892306788710147e-02 1.708874300707789451e-01 9.821878075493007954e-01
1.520530411553013086e+09 1.441511958837509155e-01 7.987120747566223145e-01 5.626108646392822266e-01 2.605712062873149007e-02 -8.076653864250475656e-02 1.369147661241114922e-01 9.869407983853075716e-01
1.520530411603014946e+09 9.120015799999237061e-02 7.842181324958801270e-01 5.200288891792297363e-01 3.926847366249219817e-02 -8.302578041774752449e-02 9.890844329508542698e-02 9.908490432993236618e-01
1.520530411653017044e+09 3.217187896370887756e-02 7.733048200607299805e-01 4.706525802612304688e-01 5.881608848222653896e-02 -8.493903027453082732e-02 5.788177080191440893e-02 9.929631058002647004e-01
1.520530411703018188e+09 -3.270718082785606384e-02 7.679971456527709961e-01 4.142561256885528564e-01 8.235586118516446952e-02 -8.857874232307021145e-02 1.353966020235773844e-02 9.925663686315980838e-01
1.520530411753020048e+09 -1.024587899446487427e-01 7.687868475914001465e-01 3.531916439533233643e-01 1.068998207280754814e-01 -9.267590979871123680e-02 -3.463377818464764141e-02 9.893351835853929632e-01
1.520530411802906513e+09 -1.761918216943740845e-01 7.772310972213745117e-01 2.901316881179809570e-01 1.297977771234984923e-01 -9.400029548330171569e-02 -8.562878647478491811e-02 9.833535439656004851e-01
1.520530411852907658e+09 -2.541790902614593506e-01 7.950351238250732422e-01 2.282686680555343628e-01 1.505784781775129921e-01 -9.509428971730252145e-02 -1.393382346958607632e-01 9.740985855265097415e-01
1.520530411902908564e+09 -3.343402743339538574e-01 8.214787840843200684e-01 1.704548150300979614e-01 1.697573970397177334e-01 -9.789552600540574190e-02 -1.947207761013994287e-01 9.610841334102302458e-01
1.520530411952910662e+09 -4.156318008899688721e-01 8.579062223434448242e-01 1.195502877235412598e-01 1.860199268661048289e-01 -1.006050554750185511e-01 -2.520561808926732872e-01 9.443213919505358822e-01
1.520530412002911568e+09 -4.962856471538543701e-01 9.010503292083740234e-01 7.918421179056167603e-02 1.989960145847983752e-01 -1.033123095285332499e-01 -3.089201031876999126e-01 9.242810842626544288e-01
1.520530412052913427e+09 -5.737559199333190918e-01 9.503378868103027344e-01 4.937274754047393799e-02 2.086951359838236375e-01 -1.039693467320409875e-01 -3.645970392724769416e-01 9.015019213016407518e-01
1.520530412102914572e+09 -6.466853618621826172e-01 1.002737879753112793e+00 3.183698281645774841e-02 2.155563427821146627e-01 -1.013411978958621007e-01 -4.171043728323075017e-01 8.770914244590461983e-01
1.520530412152916670e+09 -7.134451866149902344e-01 1.054887413978576660e+00 2.841987088322639465e-02 2.182179853375386391e-01 -9.524667422971820618e-02 -4.640788448867316784e-01 8.531938863189306721e-01
1.520530412203416109e+09 -7.743647098541259766e-01 1.104157686233520508e+00 3.837621584534645081e-02 2.168700372675208821e-01 -8.542095615781468421e-02 -5.067448907340558195e-01 8.299881100953185875e-01
1.520530412253417015e+09 -8.306026458740234375e-01 1.147263169288635254e+00 5.965426191687583923e-02 2.129803290139690164e-01 -7.075831511618041469e-02 -5.478540250528315392e-01 8.059085602774251900e-01
1.520530412303418875e+09 -8.840018510818481445e-01 1.182388424873352051e+00 9.171361476182937622e-02 2.024313160615170970e-01 -5.762455840267992346e-02 -5.860548468310672332e-01 7.824581068992206845e-01
1.520530412353420019e+09 -9.370925426483154297e-01 1.217207908630371094e+00 1.232448294758796692e-01 1.876367788163453565e-01 -4.356908822778562951e-02 -6.203853522940840914e-01 7.602737588825294601e-01
1.520530412403422117e+09 -9.814355969429016113e-01 1.230614662170410156e+00 1.786680370569229126e-01 1.683327437913896829e-01 -2.692055752216436851e-02 -6.509881140518232190e-01 7.396984833792811243e-01
1.520530412453423023e+09 -1.022826433181762695e+00 1.236402630805969238e+00 2.365182936191558838e-01 1.456086586052277310e-01 -5.559966710299727409e-03 -6.766778000455486719e-01 7.217162601984821180e-01
1.520530412503425121e+09 -1.061460494995117188e+00 1.234345197677612305e+00 2.986245751380920410e-01 1.180709245460580259e-01 2.028066008294015371e-02 -6.965549252141735037e-01 7.074314014541032147e-01
1.520530412553426027e+09 -1.094019532203674316e+00 1.218308448791503906e+00 3.669979274272918701e-01 8.445167854661422835e-02 4.741118978383798005e-02 -7.095766896707942362e-01 6.979405523035452363e-01
1.520530412603427887e+09 -1.119695663452148438e+00 1.190169334411621094e+00 4.374374449253082275e-01 4.932927264957946700e-02 7.365235573856922235e-02 -7.165952215464449493e-01 6.918332471129328143e-01
1.520530412653629780e+09 -1.139558553695678711e+00 1.150708317756652832e+00 5.081720352172851562e-01 1.525032151797122044e-02 9.418203876505079619e-02 -7.155513941411912882e-01 6.920139981317245947e-01
1.520530412703630686e+09 -1.152258515357971191e+00 1.099594354629516602e+00 5.745114088058471680e-01 -1.307952032416920957e-02 1.113300696801620554e-01 -7.103263740787820746e-01 6.948891883035669403e-01
1.520530412753632784e+09 -1.163299560546875000e+00 1.046520948410034180e+00 6.331748366355895996e-01 -4.274010214883374598e-02 1.234362179440082891e-01 -7.012598994353037574e-01 7.008361700226197755e-01
1.520530412803633690e+09 -1.169410467147827148e+00 9.838870763778686523e-01 6.869440078735351562e-01 -7.280238213628678623e-02 1.324029608667665336e-01 -6.824663507258761364e-01 7.151286242599306231e-01
1.520530412853635788e+09 -1.172086238861083984e+00 9.147434830665588379e-01 7.314408421516418457e-01 -9.517880722741693666e-02 1.430306053733843008e-01 -6.563552833770154304e-01 7.346298268954013500e-01
1.520530412903636932e+09 -1.170322179794311523e+00 8.399981856346130371e-01 7.652739286422729492e-01 -1.145363402110966683e-01 1.515050914055767195e-01 -6.254184580339681165e-01 7.568218987315636914e-01
1.520530412953638792e+09 -1.163461685180664062e+00 7.613474130630493164e-01 7.824213504791259766e-01 -1.275460670451531442e-01 1.571097461864107148e-01 -5.903848180014751312e-01 7.813413435291389764e-01
1.520530413003640652e+09 -1.151993870735168457e+00 6.809970736503601074e-01 7.859895825386047363e-01 -1.352796728747885646e-01 1.574736415837921788e-01 -5.507466895535114704e-01 8.084426672678017844e-01
1.520530413053009033e+09 -1.140506267547607422e+00 6.005753874778747559e-01 7.737957835197448730e-01 -1.389748145979856908e-01 1.519684482507407675e-01 -5.076754056308252494e-01 8.365747271829901965e-01
1.520530413103010893e+09 -1.127648830413818359e+00 5.179335474967956543e-01 7.508179545402526855e-01 -1.397393443476437624e-01 1.399496146255206630e-01 -4.630880781650841271e-01 8.639655391674068152e-01
1.520530413153011799e+09 -1.109335064888000488e+00 4.358161687850952148e-01 7.155481576919555664e-01 -1.371668204400403046e-01 1.212220647417218411e-01 -4.212397107339145852e-01 8.882835023183374146e-01
1.520530413203013897e+09 -1.089737176895141602e+00 3.559468090534210205e-01 6.724585294723510742e-01 -1.277398150609949379e-01 9.897973990680214440e-02 -3.849497381935267359e-01 9.086799490474628538e-01
1.520530413253015995e+09 -1.065062284469604492e+00 2.806524038314819336e-01 6.187890172004699707e-01 -1.113229195737714117e-01 7.371100205784722470e-02 -3.524259110901247771e-01 9.262666316701121394e-01
1.520530413303016901e+09 -1.036436915397644043e+00 2.128193229436874390e-01 5.580551028251647949e-01 -9.148170892448517777e-02 4.474210039773423436e-02 -3.223976823831931071e-01 9.411105013643193962e-01
1.520530413353018999e+09 -1.003778934478759766e+00 1.542797088623046875e-01 4.930052757263183594e-01 -7.360560842743985033e-02 1.236370612869156990e-02 -2.934055487158246378e-01 9.530700588947045304e-01
1.520530413403020859e+09 -9.676281213760375977e-01 1.027536243200302124e-01 4.279592633247375488e-01 -5.628289507201791886e-02 -1.369469670043250119e-02 -2.649001707679767836e-01 9.625344619969158355e-01
1.520530413452940464e+09 -9.296302795410156250e-01 6.500148028135299683e-02 3.592818975448608398e-01 -3.872971834411110398e-02 -2.812303868226388726e-02 -2.451375629619054752e-01 9.683060873697735271e-01
1.520530413502941370e+09 -8.907036781311035156e-01 3.756399080157279968e-02 2.947329878807067871e-01 -2.092008101126246328e-02 -4.168748845060870484e-02 -2.280427956781388710e-01 9.725332831612815143e-01
1.520530413552943230e+09 -8.547891974449157715e-01 1.889983378350734711e-02 2.363776415586471558e-01 3.304596127686158010e-03 -5.082650230153915732e-02 -2.169871669499150446e-01 9.748447649176120722e-01
1.520530413602944374e+09 -8.235286474227905273e-01 8.416589349508285522e-03 1.884379088878631592e-01 3.598656932388104995e-02 -5.177871588821328364e-02 -2.116036745177235223e-01 9.753193406981441882e-01
1.520530413652946234e+09 -7.979846000671386719e-01 -3.157624159939587116e-04 1.594220846891403198e-01 6.843102655293764602e-02 -5.080771023162086036e-02 -2.070342430740922113e-01 9.746140740727422536e-01
1.520530413702947378e+09 -7.780304551124572754e-01 -1.105099078267812729e-02 1.503298729658126831e-01 8.917750147234233815e-02 -4.357578100486180633e-02 -2.049764928527663399e-01 9.737212958124858986e-01
1.520530413752949238e+09 -7.558038830757141113e-01 -2.315539866685867310e-02 1.497562229633331299e-01 9.227170779117309374e-02 -3.556471684335849037e-02 -2.041617479341640562e-01 9.739297015378569622e-01
1.520530413802951336e+09 -7.389577627182006836e-01 -4.024207219481468201e-02 1.751172095537185669e-01 8.019270146183581083e-02 -2.087206803317417925e-02 -2.089650519291083586e-01 9.744060213691910777e-01
1.520530413853107214e+09 -7.297614216804504395e-01 -6.000659614801406860e-02 2.285281121730804443e-01 6.005440954540822163e-02 -2.972064504969982885e-03 -2.214094523477564691e-01 9.733254795482327859e-01
1.520530413903189182e+09 -7.173008918762207031e-01 -7.995536923408508301e-02 2.961854636669158936e-01 3.667423002769062967e-02 1.308056760230997054e-02 -2.395724422673010945e-01 9.700973891878886812e-01
1.520530413953110218e+09 -7.022600173950195312e-01 -9.070146083831787109e-02 3.816573321819305420e-01 6.471321560777638232e-03 2.402016015351760708e-02 -2.585063731995758673e-01 9.656891885687951538e-01
1.520530414003112316e+09 -6.832980513572692871e-01 -9.548978507518768311e-02 4.787551164627075195e-01 -2.190914736519802841e-02 3.830439946156046632e-02 -2.777681035468603232e-01 9.596341192848449886e-01
1.520530414053113222e+09 -6.601452231407165527e-01 -8.986671268939971924e-02 5.789052248001098633e-01 -4.018767814085852375e-02 4.744236787590529886e-02 -2.917200247774707211e-01 9.544808009592472553e-01
1.520530414103115082e+09 -6.361238360404968262e-01 -7.770661264657974243e-02 6.741880178451538086e-01 -4.845220647476242842e-02 4.767010418010075162e-02 -3.000365297121113661e-01 9.515030350416643357e-01
1.520530414153116226e+09 -6.084678769111633301e-01 -6.160932034254074097e-02 7.547196149826049805e-01 -5.171285532777265825e-02 4.417768089250524721e-02 -3.130083359800502341e-01 9.473119310511237678e-01
1.520530414203118086e+09 -5.807489752769470215e-01 -4.223702847957611084e-02 8.202115297317504883e-01 -5.407990904852318786e-02 3.390887017833697781e-02 -3.278494487633259458e-01 9.425711065517102805e-01
1.520530414252894640e+09 -5.538719296455383301e-01 -1.874658837914466858e-02 8.662200570106506348e-01 -5.335550049708213949e-02 1.896646686725982425e-02 -3.407854821168926351e-01 9.384341846286482491e-01
1.520530414302895546e+09 -5.271991491317749023e-01 9.690110571682453156e-03 8.988364338874816895e-01 -4.995953380731401466e-02 3.394092706247400868e-03 -3.491784136071613420e-01 9.357173507995047990e-01
1.520530414352897644e+09 -5.019561052322387695e-01 4.267341643571853638e-02 9.193928837776184082e-01 -4.390624191492668860e-02 -9.485918153279461473e-03 -3.578430733379001083e-01 9.327006991215259779e-01
1.520530414402898550e+09 -4.768153131008148193e-01 7.822528481483459473e-02 9.318598508834838867e-01 -4.079698678425935920e-02 -2.390015815960299869e-02 -3.664502418120979543e-01 9.292354968387324110e-01
1.520530414452900410e+09 -4.502054154872894287e-01 1.178959086537361145e-01 9.356670975685119629e-01 -3.907006271885222343e-02 -3.412182289727063583e-02 -3.767264223933077805e-01 9.248710364543000217e-01
1.520530414502901554e+09 -4.238137602806091309e-01 1.623279601335525513e-01 9.302550554275512695e-01 -4.102282175462369090e-02 -3.885796618193522456e-02 -3.950643490676680192e-01 9.169140344957272815e-01
1.520530414552903414e+09 -4.000352919101715088e-01 2.091671228408813477e-01 9.202996492385864258e-01 -4.590264061225993175e-02 -3.693613489239461894e-02 -4.165884345738525285e-01 9.071839646418687897e-01
1.520530414602905512e+09 -3.784122169017791748e-01 2.589866816997528076e-01 9.068387150764465332e-01 -5.066652180112844045e-02 -2.886602842592110585e-02 -4.397339212481766735e-01 8.962330804401230644e-01
1.520530414652705431e+09 -3.572243452072143555e-01 3.118691146373748779e-01 8.897162675857543945e-01 -5.720237261798406803e-02 -1.678666919499633564e-02 -4.657432126953142681e-01 8.829095968061838606e-01
1.520530414702707291e+09 -3.370309472084045410e-01 3.658593893051147461e-01 8.695473670959472656e-01 -6.551847428255919148e-02 -2.470714671226465625e-03 -4.923796221473036860e-01 8.679075600493278975e-01
1.520530414752708197e+09 -3.159467875957489014e-01 4.208977222442626953e-01 8.459967374801635742e-01 -6.943730785409078787e-02 1.213796770063094860e-02 -5.212070773373553845e-01 8.505141460031847567e-01
1.520530414802710295e+09 -2.934419214725494385e-01 4.761281907558441162e-01 8.180550932884216309e-01 -6.644733115877719809e-02 2.520349943375625040e-02 -5.524793751662570029e-01 8.304914664306134453e-01
1.520530414852712393e+09 -2.723211646080017090e-01 5.299996733665466309e-01 7.832679152488708496e-01 -5.630213134665310037e-02 3.482282603781559904e-02 -5.872772453283238159e-01 8.066739601054072617e-01
1.520530414902714252e+09 -2.501320242881774902e-01 5.824813842773437500e-01 7.405986189842224121e-01 -4.564744033933842288e-02 3.746875956277305464e-02 -6.197572674802258597e-01 7.825684204289982127e-01
1.520530414952715397e+09 -2.273614555597305298e-01 6.318004131317138672e-01 6.910126805305480957e-01 -3.815416736341459975e-02 3.376697522894120396e-02 -6.480913324504655737e-01 7.598563520161379925e-01
1.520530415002717257e+09 -2.020021975040435791e-01 6.776053905487060547e-01 6.364368796348571777e-01 -3.012487297621294080e-02 3.148277482001823890e-02 -6.765632045322034216e-01 7.350942505494890700e-01
1.520530415052718163e+09 -1.731607913970947266e-01 7.193365693092346191e-01 5.791913866996765137e-01 -2.118561057074736312e-02 3.527357450476747980e-02 -7.047218722758242793e-01 7.082895083103082357e-01
1.520530415103194714e+09 -1.390182673931121826e-01 7.565678954124450684e-01 5.198798179626464844e-01 -1.366572948473308499e-02 4.217015293958641109e-02 -7.286533267870880515e-01 6.834466002555071862e-01
1.520530415153196812e+09 -9.852084517478942871e-02 7.894325256347656250e-01 4.592494368553161621e-01 -5.540609588400443979e-03 4.787521232022130813e-02 -7.513049519553069988e-01 6.581930832651741170e-01
1.520530415203198910e+09 -5.347147211432456970e-02 8.153496980667114258e-01 3.986135721206665039e-01 5.957250490332779459e-03 4.794305941134513471e-02 -7.674268493131507496e-01 6.393136985660218263e-01
1.520530415253199816e+09 -8.260780014097690582e-03 8.349827527999877930e-01 3.405057191848754883e-01 1.774805499973573092e-02 4.187178753109402352e-02 -7.783695029626443995e-01 6.261570703987642261e-01
1.520530415303201914e+09 3.975651413202285767e-02 8.499674797058105469e-01 2.813483476638793945e-01 2.882805986345712487e-02 3.421836299977199652e-02 -7.866310370565322563e-01 6.158000147267692626e-01
1.520530415353202820e+09 8.711859583854675293e-02 8.587461709976196289e-01 2.256813645362854004e-01 3.934781564582782304e-02 2.676899503202063990e-02 -7.908292289586453805e-01 6.101838255260069177e-01
1.520530415403204679e+09 1.350080221891403198e-01 8.632366657257080078e-01 1.712528914213180542e-01 4.539691882307051590e-02 1.919607197153130537e-02 -7.930027585651855393e-01 6.072209280733343872e-01
1.520530415453205824e+09 1.848398894071578979e-01 8.614285588264465332e-01 1.220039799809455872e-01 4.680541786463860571e-02 1.008660028954519970e-02 -7.921352820088617408e-01 6.084646319629897215e-01
1.520530415503114939e+09 2.336442470550537109e-01 8.595508337020874023e-01 7.847584784030914307e-02 4.790605813870368879e-02 -3.759873496662005741e-03 -7.906925427528606054e-01 6.103246478554802401e-01
1.520530415553068876e+09 2.813418805599212646e-01 8.552860021591186523e-01 4.763159155845642090e-02 5.797911620385437503e-02 -2.039926619419938497e-02 -7.885196549986510650e-01 6.119305889590470615e-01
1.520530415603070974e+09 3.279080986976623535e-01 8.525982499122619629e-01 2.449234947562217712e-02 7.475266206869471408e-02 -4.518360403560254396e-02 -7.866707024564573159e-01 6.111625703007844690e-01
1.520530415653071880e+09 3.726692497730255127e-01 8.532462716102600098e-01 7.393274921923875809e-03 8.881984537516510181e-02 -7.303602155040515853e-02 -7.859173316597652947e-01 6.075448316136143889e-01
1.520530415703073978e+09 4.152108728885650635e-01 8.633341789245605469e-01 -4.062779713422060013e-03 9.716497707462018463e-02 -9.273517461842138709e-02 -7.910465879633239439e-01 5.968286607479258432e-01
1.520530415753075123e+09 4.548278450965881348e-01 8.825145363807678223e-01 -1.144234836101531982e-02 9.980101272166018445e-02 -1.010058460361970140e-01 -7.985058533847261275e-01 5.850008367827975730e-01
1.520530415803076982e+09 4.938855767250061035e-01 9.082843661308288574e-01 -1.525370683521032333e-02 9.153056680281029811e-02 -1.038152859755019780e-01 -8.094610449449338718e-01 5.706289148432952540e-01
1.520530415853078842e+09 5.316318273544311523e-01 9.390999078750610352e-01 -1.300607901066541672e-02 7.513010977895770437e-02 -1.011948847297887699e-01 -8.206174675828677989e-01 5.574065247259020195e-01
1.520530415903361082e+09 5.684418082237243652e-01 9.725653529167175293e-01 -1.130974502302706242e-03 6.427979236156769471e-02 -8.962038579375705694e-02 -8.308559950838503294e-01 5.454489986949804248e-01
1.520530415953363180e+09 6.033654212951660156e-01 1.009255647659301758e+00 1.636666804552078247e-02 6.244129456081509710e-02 -7.034536190335220762e-02 -8.400947736219791517e-01 5.342222254130687409e-01
1.520530416003364086e+09 6.357524991035461426e-01 1.041266322135925293e+00 3.732603415846824646e-02 6.094700788189499896e-02 -5.043974537559495902e-02 -8.481922746894451359e-01 5.237472286073063810e-01
1.520530416053366184e+09 6.655600070953369141e-01 1.069779038429260254e+00 5.796980485320091248e-02 6.002747264061997906e-02 -3.240426255405055855e-02 -8.545055980578495358e-01 5.149435398026707134e-01
1.520530416103368282e+09 6.913020014762878418e-01 1.091086864471435547e+00 7.997308671474456787e-02 5.878597909079109896e-02 -1.799127657607059450e-02 -8.586816248070590074e-01 5.088087949792235998e-01
1.520530416153369188e+09 7.123190164566040039e-01 1.105656504631042480e+00 9.983489662408828735e-02 6.110342925247241180e-02 -6.976158738622880405e-03 -8.609709613195514200e-01 5.049224771262705858e-01
1.520530416203371048e+09 7.312588691711425781e-01 1.116957783699035645e+00 1.120921820402145386e-01 6.384664859364837242e-02 -3.005377988494685893e-04 -8.615251894824271783e-01 5.036842890419140906e-01
1.520530416253372192e+09 7.428752183914184570e-01 1.117576003074645996e+00 1.232154592871665955e-01 6.450858229868590421e-02 5.991945642929039041e-04 -8.615834068780151567e-01 5.035000663040277713e-01
1.520530416303375483e+09 7.475520372390747070e-01 1.107976436614990234e+00 1.345981359481811523e-01 6.607238483078273217e-02 -1.213964920687970843e-03 -8.610240210756208157e-01 5.042525174778140773e-01
1.520530416353376389e+09 7.508310079574584961e-01 1.094075202941894531e+00 1.361829191446304321e-01 7.013231130493030596e-02 -2.267474184007626636e-03 -8.590402727135694194e-01 5.070760567489355219e-01
1.520530416403378487e+09 7.493355274200439453e-01 1.069364786148071289e+00 1.357048898935317993e-01 7.347367503033158664e-02 -2.144135010480097397e-03 -8.571802143342536207e-01 5.097441533911665212e-01
1.520530416453380346e+09 7.435829639434814453e-01 1.036022305488586426e+00 1.318711489439010620e-01 7.799984245034689845e-02 7.480812233205600108e-04 -8.534292879676884658e-01 5.153386414690525053e-01
1.520530416503381252e+09 7.348072528839111328e-01 9.906868338584899902e-01 1.259632259607315063e-01 7.881315701840947707e-02 2.677524662651704912e-03 -8.454992072407943038e-01 5.281215841997567439e-01
1.520530416553383589e+09 7.248666882514953613e-01 9.311504364013671875e-01 1.198116466403007507e-01 7.720203320106970579e-02 2.554050288979917670e-03 -8.344028184025622519e-01 5.457153649464187017e-01
1.520530416603384495e+09 7.143333554267883301e-01 8.571971654891967773e-01 1.154494211077690125e-01 7.636209328701176746e-02 2.597438552599427679e-03 -8.199355931355012395e-01 5.673338586152999463e-01
1.520530416653386354e+09 7.034672498703002930e-01 7.690000534057617188e-01 1.138128340244293213e-01 7.395522654479962099e-02 1.948858451094505752e-04 -8.005945263575516835e-01 5.946250842779358114e-01
1.520530416703272581e+09 6.951575279235839844e-01 6.666181683540344238e-01 1.133137866854667664e-01 7.337030290455771875e-02 -2.445962834746508337e-03 -7.782985851401841293e-01 6.235881078775412645e-01
1.520530416753274441e+09 6.876729726791381836e-01 5.529923439025878906e-01 1.162124425172805786e-01 7.007652104373288116e-02 -7.713072940204884938e-03 -7.563495186169010287e-01 6.503577441625556510e-01
1.520530416803276539e+09 6.813442111015319824e-01 4.318592846393585205e-01 1.221926435828208923e-01 6.216148120838663887e-02 -1.388782784459748586e-02 -7.382900517456205680e-01 6.714691936233464498e-01
1.520530416853277445e+09 6.771465539932250977e-01 3.062341213226318359e-01 1.301861107349395752e-01 4.896630082323664979e-02 -2.335242242161894230e-02 -7.233706322053347071e-01 6.883254275512311615e-01
1.520530416903278351e+09 6.765249967575073242e-01 1.826398372650146484e-01 1.433933377265930176e-01 3.352382476507746040e-02 -3.785463825887767919e-02 -7.075900392765094304e-01 7.048116882203909750e-01
1.520530416953280687e+09 6.797704696655273438e-01 6.485851854085922241e-02 1.603236347436904907e-01 2.040348029590072915e-02 -5.789349111499263179e-02 -6.879021540183659633e-01 7.232030615084710234e-01
1.520530417003282547e+09 6.861994862556457520e-01 -4.196104034781455994e-02 1.800925731658935547e-01 1.569268789895492122e-02 -7.569774683457940190e-02 -6.673332186665484889e-01 7.407360973618193345e-01
1.520530417053283453e+09 6.946309208869934082e-01 -1.375305354595184326e-01 2.000488638877868652e-01 1.215209842792126273e-02 -9.634378797149323326e-02 -6.429478093377227754e-01 7.597291066498146339e-01
1.520530417103391409e+09 7.043789625167846680e-01 -2.182179242372512817e-01 2.193993777036666870e-01 1.317776950201936248e-02 -1.158444075906676501e-01 -6.203553352759968442e-01 7.756066513481716385e-01
1.520530417153371572e+09 7.140910625457763672e-01 -2.872466444969177246e-01 2.370169609785079956e-01 1.670510207722888593e-02 -1.314777341632088759e-01 -6.008084079769310248e-01 7.883297545368457282e-01
1.520530417203373432e+09 7.228859663009643555e-01 -3.450068831443786621e-01 2.532310187816619873e-01 1.742227108312839959e-02 -1.426315539385147879e-01 -5.809582201980600935e-01 8.011493310711136351e-01
1.520530417253374338e+09 7.306145429611206055e-01 -3.926214575767517090e-01 2.658388614654541016e-01 1.414546252138152924e-02 -1.462267462153960529e-01 -5.633501906027609252e-01 8.130524013427101737e-01
1.520530417303376436e+09 7.366547584533691406e-01 -4.270646274089813232e-01 2.755381166934967041e-01 6.851579563179934114e-03 -1.451553909113270091e-01 -5.479086293007200403e-01 8.238198239206648843e-01
1.520530417353378296e+09 7.360681891441345215e-01 -4.478779137134552002e-01 2.846416831016540527e-01 -5.117828694377516254e-04 -1.403452415701388623e-01 -5.372543180703893695e-01 8.316614389050598355e-01
1.520530417403379202e+09 7.339521646499633789e-01 -4.586789309978485107e-01 2.860688865184783936e-01 -5.616656891596397659e-03 -1.351440380964258892e-01 -5.320546552554060726e-01 8.358363392156414884e-01
1.520530417453381538e+09 7.235316038131713867e-01 -4.582190215587615967e-01 2.838755249977111816e-01 -7.749972852268021718e-03 -1.327517397715118619e-01 -5.317805677228351069e-01 8.363769134193059784e-01
1.520530417503382444e+09 7.056955695152282715e-01 -4.466309249401092529e-01 2.781601846218109131e-01 -6.373010313027580552e-03 -1.323279981893809576e-01 -5.348630327012448005e-01 8.344879998444366676e-01
1.520530417553464413e+09 6.804504394531250000e-01 -4.263785481452941895e-01 2.680153548717498779e-01 -5.709424222145909359e-04 -1.310310380500253058e-01 -5.404133269648220272e-01 8.311341511038369267e-01
1.520530417603465557e+09 6.490334868431091309e-01 -3.952610492706298828e-01 2.561600804328918457e-01 5.621362048172626018e-03 -1.278788008601410842e-01 -5.489743387379519834e-01 8.259797745626245025e-01
1.520530417653467417e+09 6.134479045867919922e-01 -3.540052473545074463e-01 2.417387664318084717e-01 1.163528981186522787e-02 -1.215400404705944820e-01 -5.610871599079091387e-01 8.187025330239771082e-01
1.520530417703468323e+09 5.730136036872863770e-01 -3.010903596878051758e-01 2.269719541072845459e-01 1.719636644488099081e-02 -1.137371800449001880e-01 -5.737612207909730255e-01 8.109045568826085404e-01
1.520530417753470659e+09 5.317752957344055176e-01 -2.405762821435928345e-01 2.112461179494857788e-01 1.937240154671984738e-02 -1.073742944155574724e-01 -5.855832035738541830e-01 8.032358200735670861e-01
1.520530417803472519e+09 4.904615581035614014e-01 -1.725017130374908447e-01 1.977431625127792358e-01 1.977891139457870623e-02 -1.003329921668941888e-01 -5.973129980319981103e-01 7.954616695535428050e-01
1.520530417853473425e+09 4.488480091094970703e-01 -9.773419052362442017e-02 1.869600117206573486e-01 1.985564229943371020e-02 -9.270898814836571467e-02 -6.058954476955217272e-01 7.898743592795163249e-01
1.520530417903475523e+09 4.079442024230957031e-01 -1.565195433795452118e-02 1.797791719436645508e-01 2.320968065043632969e-02 -8.099548885426925693e-02 -6.137530517027521837e-01 7.849893203317620527e-01
1.520530417953455687e+09 3.704293966293334961e-01 7.373994588851928711e-02 1.754910200834274292e-01 2.734042590656373881e-02 -6.437035382910315240e-02 -6.188334565869993975e-01 7.824027809688243185e-01
1.520530418003457546e+09 3.353754281997680664e-01 1.653023064136505127e-01 1.791409105062484741e-01 3.257890159566716182e-02 -4.293073863902240050e-02 -6.223281243505979221e-01 7.808990155538644284e-01
1.520530418053458452e+09 3.062310814857482910e-01 2.560667395591735840e-01 1.882136166095733643e-01 3.478864296150728508e-02 -2.289221307616836482e-02 -6.262025992048123602e-01 7.785473663499923314e-01
1.520530418103460789e+09 2.812711000442504883e-01 3.428853750228881836e-01 2.019280046224594116e-01 3.493786449900389973e-02 -7.319299182980360495e-03 -6.376326996428203220e-01 7.695130368160946199e-01
1.520530418153462648e+09 2.605516016483306885e-01 4.225780367851257324e-01 2.206726819276809692e-01 3.887075813348751102e-02 7.085125679209775505e-03 -6.530943911568258819e-01 7.562450537991851629e-01
1.520530418203464508e+09 2.433684915304183960e-01 4.944090545177459717e-01 2.391267269849777222e-01 4.496588622870325430e-02 2.198267014765905095e-02 -6.688485838168742870e-01 7.417118060372291932e-01
1.520530418253465652e+09 2.324199825525283813e-01 5.580008029937744141e-01 2.575019598007202148e-01 5.195139225391425669e-02 3.918719571349400799e-02 -6.837732033812174981e-01 7.267871922872475299e-01
1.520530418303467512e+09 2.197901010513305664e-01 6.106036901473999023e-01 2.722983360290527344e-01 5.588894572797641069e-02 5.450109631192175813e-02 -6.934714147149337871e-01 7.162425938322029006e-01
1.520530418353431463e+09 2.094151526689529419e-01 6.469919681549072266e-01 2.835314571857452393e-01 5.554909714266702270e-02 6.308381675308710745e-02 -7.016657820761788011e-01 7.075308192113768380e-01
1.520530418403432369e+09 1.981617212295532227e-01 6.699109077453613281e-01 2.903039753437042236e-01 5.707993661032238764e-02 6.702006833865116475e-02 -7.121555849294796126e-01 6.964801606149272351e-01
1.520530418453434467e+09 1.848036646842956543e-01 6.828652620315551758e-01 2.894606292247772217e-01 6.078141463337478206e-02 6.582995746245441648e-02 -7.211279914170453109e-01 6.869835924754498224e-01
1.520530418503435373e+09 1.696989685297012329e-01 6.825561523437500000e-01 2.830281555652618408e-01 6.798764751044253374e-02 6.241168912714191441e-02 -7.304702065683830181e-01 6.766799377565707596e-01
1.520530418553437233e+09 1.529726088047027588e-01 6.703478693962097168e-01 2.693470418453216553e-01 7.327463211161440448e-02 5.428114708393100285e-02 -7.368055313880608193e-01 6.699268574076705507e-01
1.520530418603439569e+09 1.326738446950912476e-01 6.464580893516540527e-01 2.504768669605255127e-01 7.381258176497038082e-02 4.429035643775747211e-02 -7.422936575438470186e-01 6.645225301447529320e-01
1.520530418653440237e+09 1.099345460534095764e-01 6.127692461013793945e-01 2.265779376029968262e-01 7.114859544565085847e-02 3.473500473458714100e-02 -7.448269593113562292e-01 6.625437023285322136e-01
1.520530418703442574e+09 8.407405018806457520e-02 5.683296918869018555e-01 1.998059451580047607e-01 7.085863046765621120e-02 2.923003210573552058e-02 -7.422857404929581460e-01 6.656850149824362628e-01
1.520530418753342867e+09 5.627315491437911987e-02 5.115004181861877441e-01 1.731161177158355713e-01 7.193292959304049827e-02 2.842010933455734953e-02 -7.389137269137177055e-01 6.693462894526674978e-01
1.520530418803344727e+09 2.740843035280704498e-02 4.421846568584442139e-01 1.482869982719421387e-01 7.087948654686423988e-02 3.060288985976459403e-02 -7.351225937144671985e-01 6.735238182348106672e-01
1.520530418853345871e+09 -1.155926263891160488e-03 3.620854020118713379e-01 1.261226385831832886e-01 6.720213737802778475e-02 3.040704383338766956e-02 -7.297557750663923315e-01 6.797174362736240205e-01
1.520530418903347731e+09 -2.922529727220535278e-02 2.727922499179840088e-01 1.081118509173393250e-01 6.177901409966188306e-02 2.443917255557439411e-02 -7.223553579594408358e-01 6.883231923224443216e-01
1.520530418953349829e+09 -5.438388511538505554e-02 1.765985786914825439e-01 9.535337239503860474e-02 5.081823167411287506e-02 1.177536533364051050e-02 -7.144606882631951983e-01 6.977282945583164198e-01
1.520530419003350973e+09 -7.737161964178085327e-02 7.668714225292205811e-02 9.087421745061874390e-02 3.445839142715182574e-02 -8.702394567369254458e-03 -7.038557541452479249e-01 7.094532859502952205e-01
1.520530419053352833e+09 -9.869135171175003052e-02 -2.236873656511306763e-02 9.518475830554962158e-02 1.879767774251804927e-02 -3.182662832077912118e-02 -6.893342914888723749e-01 7.234997910288253342e-01
1.520530419103353977e+09 -1.174508556723594666e-01 -1.165343746542930603e-01 1.089750677347183228e-01 1.032368236630386293e-02 -4.932353438386690575e-02 -6.731036618746455424e-01 7.378292965918511470e-01
1.520530419153532982e+09 -1.338509023189544678e-01 -2.024026811122894287e-01 1.306619048118591309e-01 6.864911928426572184e-03 -6.490116175160715040e-02 -6.557367048725262215e-01 7.521636032609050337e-01
1.520530419203534126e+09 -1.479353457689285278e-01 -2.794694304466247559e-01 1.566102355718612671e-01 5.677220614586127832e-03 -7.748853801784599815e-02 -6.387002768641510952e-01 7.655228618242612137e-01
1.520530419253535986e+09 -1.614857912063598633e-01 -3.452920019626617432e-01 1.865176558494567871e-01 9.545638982535455076e-04 -9.016697993927515198e-02 -6.237634001909326820e-01 7.763943747340270596e-01
1.520530419303536892e+09 -1.756194233894348145e-01 -4.005730450153350830e-01 2.190935164690017700e-01 -5.905682445566808915e-03 -9.981100598706479921e-02 -6.096983303018077560e-01 7.863019979790779601e-01
1.520530419353539228e+09 -1.891160309314727783e-01 -4.461132884025573730e-01 2.505747079849243164e-01 -1.744040537514459852e-02 -1.074880062204574827e-01 -5.998547846061879074e-01 7.926641143411031765e-01
1.520530419403541088e+09 -2.046097815036773682e-01 -4.776133596897125244e-01 2.852770090103149414e-01 -3.582222594944647898e-02 -1.152758843324991206e-01 -5.903475013021878270e-01 7.980714669286519403e-01
1.520530419453541994e+09 -2.208734303712844849e-01 -4.973783791065216064e-01 3.138081431388854980e-01 -5.545888242389077766e-02 -1.181552510938131267e-01 -5.796978237186503069e-01 8.043096929511119875e-01
1.520530419503544092e+09 -2.385877519845962524e-01 -5.089075565338134766e-01 3.329577445983886719e-01 -7.162745479022906980e-02 -1.153728097201196096e-01 -5.725078132241363527e-01 8.085749354851882176e-01
1.520530419553544998e+09 -2.574722468852996826e-01 -5.091761946678161621e-01 3.448075950145721436e-01 -8.469433319538305360e-02 -1.137209308722616496e-01 -5.674001562516539643e-01 8.111420852672696080e-01
1.520530419603729486e+09 -2.782472670078277588e-01 -4.986017048358917236e-01 3.470203578472137451e-01 -8.961076399223411038e-02 -1.121328095577040218e-01 -5.651183323791435509e-01 8.124268671126280150e-01
1.520530419653731346e+09 -3.003630936145782471e-01 -4.780577123165130615e-01 3.382791876792907715e-01 -8.797698658692956752e-02 -1.127796421062331605e-01 -5.635810020553750910e-01 8.135829744283815668e-01
1.520530419703733683e+09 -3.243074119091033936e-01 -4.480989873409271240e-01 3.188923895359039307e-01 -8.273346644858951826e-02 -1.187234882353287863e-01 -5.610340781267427746e-01 8.150464220221520506e-01
1.520530419753734589e+09 -3.523693978786468506e-01 -4.074510931968688965e-01 2.912769019603729248e-01 -6.896007236254514394e-02 -1.240836040916863531e-01 -5.601218485126167046e-01 8.161564080702788937e-01
1.520530419803736448e+09 -3.829149901866912842e-01 -3.544086813926696777e-01 2.571511864662170410e-01 -5.153691141311470686e-02 -1.282748069523237944e-01 -5.608483275641436006e-01 8.162957026297785745e-01
1.520530419853738546e+09 -4.151348769664764404e-01 -2.873177826404571533e-01 2.199381738901138306e-01 -3.640132271185459595e-02 -1.324692620594633552e-01 -5.649018687815783313e-01 8.136416391516164692e-01
1.520530419903739452e+09 -4.488472640514373779e-01 -2.064514756202697754e-01 1.820995807647705078e-01 -2.481850840705907349e-02 -1.348530573522047915e-01 -5.716945204175647444e-01 8.089277284700668869e-01
1.520530419953740358e+09 -4.837265312671661377e-01 -1.134844273328781128e-01 1.477320790290832520e-01 -1.268082062254853939e-02 -1.323917903147478203e-01 -5.824654469539126689e-01 8.019012493757404769e-01
1.520530420003596544e+09 -5.178493857383728027e-01 -1.226254645735025406e-02 1.173800677061080933e-01 2.797532801465682593e-03 -1.264230895576871350e-01 -5.952717012197156210e-01 7.935118007716706057e-01
1.520530420053598642e+09 -5.495381355285644531e-01 9.882945567369461060e-02 9.295609593391418457e-02 2.144270485517656491e-02 -1.155609439434470143e-01 -6.068017821231610487e-01 7.861154341797070844e-01
1.520530420103599787e+09 -5.772250294685363770e-01 2.137587368488311768e-01 8.064205944538116455e-02 4.310028666174098994e-02 -9.643357333611299320e-02 -6.234024222977594398e-01 7.747337291589868613e-01
1.520530420153601646e+09 -6.001703739166259766e-01 3.263249397277832031e-01 8.088107407093048096e-02 6.119735182497351711e-02 -7.487228821706157222e-02 -6.455500345911666660e-01 7.575712358756073739e-01
1.520530420203603506e+09 -6.188222765922546387e-01 4.334854483604431152e-01 9.415444731712341309e-02 7.714013505683670058e-02 -4.917568181757177997e-02 -6.683776758380318705e-01 7.381750702391274288e-01
1.520530420253604650e+09 -6.313385963439941406e-01 5.314176678657531738e-01 1.191093921661376953e-01 8.686456560103170133e-02 -2.378438711960811219e-02 -6.924488925910280424e-01 7.158235685710185869e-01
1.520530420303606510e+09 -6.378220319747924805e-01 6.182708144187927246e-01 1.525993198156356812e-01 8.969486902530875161e-02 -8.761194428175664338e-04 -7.158450803129636775e-01 6.924737423736594399e-01
1.520530420353607893e+09 -6.405386328697204590e-01 6.922376751899719238e-01 1.916119307279586792e-01 8.827008606998135165e-02 1.817911585407058078e-02 -7.388708814983760975e-01 6.677931806523446090e-01
1.520530420403699398e+09 -6.410236358642578125e-01 7.553262114524841309e-01 2.304308414459228516e-01 8.462011031794365590e-02 3.360054254636014176e-02 -7.579853501318325470e-01 6.458859415221024358e-01
1.520530420453700304e+09 -6.411652565002441406e-01 8.040198087692260742e-01 2.689713835716247559e-01 7.983070667776030749e-02 4.485962152605973974e-02 -7.721335221270670957e-01 6.288278752055432852e-01
1.520530420503702402e+09 -6.418863534927368164e-01 8.390774726867675781e-01 3.028940260410308838e-01 7.588227301724392859e-02 5.377003170328763237e-02 -7.837342661774344688e-01 6.140938563051108190e-01
1.520530420553704262e+09 -6.457533240318298340e-01 8.652699589729309082e-01 3.309791088104248047e-01 7.051344076083655710e-02 5.821730453594695792e-02 -7.949608406783340575e-01 5.997298240980127870e-01
1.520530420603705168e+09 -6.517639756202697754e-01 8.818461298942565918e-01 3.506147563457489014e-01 6.571903413971405539e-02 5.815023565361336633e-02 -8.026093934903690830e-01 5.900150168649900273e-01
1.520530420653707266e+09 -6.597158312797546387e-01 8.875808715820312500e-01 3.609166443347930908e-01 6.411589136281024837e-02 5.543833770766353614e-02 -8.087247861399290416e-01 5.820480765966755676e-01
1.520530420703708172e+09 -6.699917912483215332e-01 8.839190006256103516e-01 3.602477312088012695e-01 6.523107486173922165e-02 4.986771749202526666e-02 -8.119489834050022115e-01 5.779247061444086064e-01
1.520530420753710270e+09 -6.841949820518493652e-01 8.713081479072570801e-01 3.484731614589691162e-01 7.023322832278373895e-02 4.323476248231868102e-02 -8.120872998059061043e-01 5.776783416802204751e-01
1.520530420803355932e+09 -7.023335099220275879e-01 8.489629030227661133e-01 3.259401917457580566e-01 7.555791273307285727e-02 3.725151857047407505e-02 -8.110574191299649849e-01 5.788688876264256322e-01
1.520530420853358030e+09 -7.248095870018005371e-01 8.169417977333068848e-01 2.939000427722930908e-01 8.014427798818964110e-02 3.146249027717663155e-02 -8.083788084195892010e-01 5.823321290375754744e-01
1.520530420903359175e+09 -7.493470907211303711e-01 7.746868133544921875e-01 2.570410966873168945e-01 8.386668445158812490e-02 2.407184768204201006e-02 -8.041773325564952613e-01 5.879504598098296286e-01
1.520530420953361034e+09 -7.752876281738281250e-01 7.202537655830383301e-01 2.149187922477722168e-01 8.512390907701475329e-02 1.316067259551146305e-02 -7.958455455271795653e-01 5.993417926899707870e-01
1.520530421003362894e+09 -8.021951913833618164e-01 6.549327969551086426e-01 1.698504835367202759e-01 8.749654850329927069e-02 3.937255573704922726e-03 -7.837813461853946340e-01 6.148297759464548262e-01
1.520530421053364038e+09 -8.293530941009521484e-01 5.787849426269531250e-01 1.271752715110778809e-01 8.474295056388826686e-02 -4.219348278525992570e-03 -7.694897170454977342e-01 6.329979500686164773e-01
1.520530421103365898e+09 -8.593357205390930176e-01 4.931262731552124023e-01 8.792490512132644653e-02 8.043648897873720283e-02 -8.179358985746149058e-03 -7.519187787269963064e-01 6.542791602405338969e-01
1.520530421153366804e+09 -8.836665749549865723e-01 3.969278037548065186e-01 5.888934433460235596e-02 6.926385466482008757e-02 -1.428501465297938623e-02 -7.337757318061137735e-01 6.757008452012894795e-01
1.520530421203429461e+09 -9.043762683868408203e-01 2.936925888061523438e-01 3.790168464183807373e-02 5.409088762070023843e-02 -2.516029243871927001e-02 -7.119141963977319021e-01 6.997280275422549378e-01
1.520530421253431320e+09 -9.193882346153259277e-01 1.867029666900634766e-01 2.645699493587017059e-02 3.913901534601105930e-02 -3.777598757887369596e-02 -6.884140596014113322e-01 7.232753243290482859e-01
1.520530421303432465e+09 -9.291194081306457520e-01 7.963117957115173340e-02 2.487159334123134613e-02 2.719259191090924246e-02 -5.122289300343346730e-02 -6.622131293975866972e-01 7.470679684145082877e-01
1.520530421353434563e+09 -9.339390397071838379e-01 -2.473921515047550201e-02 3.392149135470390320e-02 1.769537142912912947e-02 -6.458701327491861433e-02 -6.352765096062396033e-01 7.693758170677864605e-01
1.520530421403435469e+09 -9.358665347099304199e-01 -1.225833371281623840e-01 5.416215583682060242e-02 7.475112177659257000e-03 -7.813214851021443863e-02 -6.089791936142447959e-01 7.892932483000557609e-01
1.520530421453437567e+09 -9.353323578834533691e-01 -2.118482887744903564e-01 8.298214524984359741e-02 -2.580625986755570502e-03 -8.730202296012364027e-02 -5.837514583785161637e-01 8.072211171652673434e-01
1.520530421503439426e+09 -9.366014003753662109e-01 -2.899879515171051025e-01 1.203095316886901855e-01 -1.602343394769083218e-02 -9.202179626531108159e-02 -5.601103043337514187e-01 8.231352777981162383e-01
1.520530421553440332e+09 -9.386497735977172852e-01 -3.553486466407775879e-01 1.629215925931930542e-01 -3.530866925062514650e-02 -9.616663779122330835e-02 -5.382746305310093238e-01 8.365199924558810451e-01
1.520530421603610992e+09 -9.426086544990539551e-01 -4.095655083656311035e-01 2.082613557577133179e-01 -5.563020779903608132e-02 -9.849186372158247327e-02 -5.214798519581822500e-01 8.457324616937424988e-01
1.520530421653612852e+09 -9.501412510871887207e-01 -4.504878222942352295e-01 2.523816823959350586e-01 -7.534756829547822887e-02 -9.827460763496169427e-02 -5.068016862251149002e-01 8.531218531285743589e-01
1.520530421703613997e+09 -9.614922404289245605e-01 -4.801259636878967285e-01 2.924094796180725098e-01 -9.159989871404249084e-02 -9.502499002141293061e-02 -4.960564684669620528e-01 8.582002621294716471e-01
1.520530421753615856e+09 -9.737685322761535645e-01 -5.001228451728820801e-01 3.256748616695404053e-01 -1.047656019277306283e-01 -9.257201978798991482e-02 -4.881385835674458273e-01 8.614959738953280599e-01
1.520530421803616762e+09 -9.881903529167175293e-01 -5.089905858039855957e-01 3.520092666149139404e-01 -1.131371415083378407e-01 -9.330570005363154895e-02 -4.819211987025615040e-01 8.638553072071215588e-01
1.520530421853617907e+09 -1.007614374160766602e+00 -5.121604800224304199e-01 3.687225580215454102e-01 -1.158026259261530772e-01 -9.390762658714818523e-02 -4.784633028420576806e-01 8.653577163987420384e-01
1.520530421903620005e+09 -1.030430555343627930e+00 -5.078256130218505859e-01 3.748863339424133301e-01 -1.142800027317043138e-01 -9.276460446446138652e-02 -4.789023187815746319e-01 8.654405688433057797e-01
1.520530421953692913e+09 -1.054514408111572266e+00 -4.941691160202026367e-01 3.709076344966888428e-01 -1.103458912172303324e-01 -8.874644227217687309e-02 -4.837377904474022827e-01 8.636814246981183718e-01
1.520530422003623009e+09 -1.082062482833862305e+00 -4.730072021484375000e-01 3.594117760658264160e-01 -1.090829519438128864e-01 -8.559564645937325911e-02 -4.886148825414213803e-01 8.614115111034092997e-01
1.520530422053471804e+09 -1.112301707267761230e+00 -4.434844553470611572e-01 3.410519957542419434e-01 -1.061880858752710793e-01 -7.892185988026235999e-02 -4.947622884912143970e-01 8.588979615403233847e-01
1.520530422103473663e+09 -1.145145058631896973e+00 -4.050298929214477539e-01 3.170381188392639160e-01 -9.929829710981775970e-02 -7.164083331111421871e-02 -5.044144924608368052e-01 8.547359001405381296e-01
1.520530422153476000e+09 -1.181155204772949219e+00 -3.578128516674041748e-01 2.900959551334381104e-01 -8.995872032203129642e-02 -6.838396222979875594e-02 -5.134356641490233075e-01 8.506555596289413490e-01
1.520530422203476906e+09 -1.219062566757202148e+00 -3.015564084053039551e-01 2.639186382293701172e-01 -7.625697261629330037e-02 -6.726853292314539934e-02 -5.228784480471408980e-01 8.463202391373958466e-01
1.520530422253479004e+09 -1.258585929870605469e+00 -2.365562766790390015e-01 2.390912920236587524e-01 -5.865196088995817958e-02 -6.594439121296115369e-02 -5.326293919574824898e-01 8.417346467707726987e-01
1.520530422303479910e+09 -1.298974514007568359e+00 -1.641229242086410522e-01 2.175244539976119995e-01 -4.223406450099069509e-02 -6.491309784735858901e-02 -5.447958997778157286e-01 8.349850304699274472e-01
1.520530422353481770e+09 -1.337746381759643555e+00 -8.619620651006698608e-02 1.995746791362762451e-01 -2.746091038298242512e-02 -6.153233677707539012e-02 -5.599042394100716136e-01 8.258128799082268268e-01
1.520530422403482914e+09 -1.375060558319091797e+00 -3.881870303303003311e-03 1.860840320587158203e-01 -1.276097624335512624e-02 -5.273578268047911938e-02 -5.798638000703708606e-01 8.129047103310096389e-01
1.520530422453394413e+09 -1.409968256950378418e+00 8.033296465873718262e-02 1.775888204574584961e-01 1.926199106131669826e-03 -4.032131494421888063e-02 -6.041021103461550190e-01 7.958838618752703820e-01
1.520530422503395796e+09 -1.441294670104980469e+00 1.646374613046646118e-01 1.737602055072784424e-01 1.517699459799256266e-02 -2.894907047758142268e-02 -6.329007095336104394e-01 7.735426956705808710e-01
1.520530422553397655e+09 -1.466432690620422363e+00 2.465805858373641968e-01 1.752757579088211060e-01 2.809993235887647822e-02 -2.109591892868198371e-02 -6.621437209978902061e-01 7.485526359241875261e-01
1.520530422603399515e+09 -1.484942555427551270e+00 3.244845569133758545e-01 1.809636205434799194e-01 4.168024383477469952e-02 -1.496085611870209310e-02 -6.911118765529321584e-01 7.213898420033053593e-01
1.520530422653400660e+09 -1.498367190361022949e+00 3.960404098033905029e-01 1.896345615386962891e-01 5.204285150214726929e-02 -9.851043743870942573e-03 -7.195592899515519392e-01 6.924080637811059757e-01
1.520530422703402519e+09 -1.508117079734802246e+00 4.593552350997924805e-01 2.010870426893234253e-01 5.776727614247989528e-02 -6.711962248985387999e-03 -7.463544776377245560e-01 6.630029299180855151e-01
1.520530422753403664e+09 -1.514030814170837402e+00 5.127221345901489258e-01 2.146656662225723267e-01 5.954186512262907294e-02 -7.454342076014419671e-03 -7.704288226216018387e-01 6.346956974454962541e-01
1.520530422803405762e+09 -1.518662691116333008e+00 5.551985502243041992e-01 2.309068441390991211e-01 5.867341465310251664e-02 -1.208098142041695404e-02 -7.908940317487038740e-01 6.090140481508983239e-01
1.520530422853580713e+09 -1.523166298866271973e+00 5.889951586723327637e-01 2.476687133312225342e-01 5.597126846775821868e-02 -1.590970981260180980e-02 -8.063959524731421080e-01 5.885063007944120184e-01
1.520530422903582573e+09 -1.528196692466735840e+00 6.109260916709899902e-01 2.661809921264648438e-01 4.631829075718980893e-02 -1.786337721116107446e-02 -8.159475594817993116e-01 5.759905345330248450e-01
1.520530422953584671e+09 -1.533152341842651367e+00 6.230911612510681152e-01 2.859970033168792725e-01 3.336894052234703339e-02 -1.501988487087839268e-02 -8.197231674037595006e-01 5.715897529596116744e-01
1.520530423003586769e+09 -1.539563298225402832e+00 6.269993782043457031e-01 3.084745705127716064e-01 1.598473385271310943e-02 -4.864820541662876613e-03 -8.192875639155110523e-01 5.731393455505759960e-01
1.520530423053587437e+09 -1.544297575950622559e+00 6.225978732109069824e-01 3.322411775588989258e-01 -5.542037636589856875e-03 1.173786931954671174e-02 -8.144428867681280382e-01 5.800985195942754968e-01
1.520530423103589773e+09 -1.546897768974304199e+00 6.115736365318298340e-01 3.570276200771331787e-01 -3.006328517915634463e-02 3.675094467255829445e-02 -8.070333862003891134e-01 5.885938162331004753e-01
1.520530423153590679e+09 -1.545444488525390625e+00 5.953715443611145020e-01 3.820144832134246826e-01 -6.106243500918597661e-02 7.105646536535636937e-02 -7.967813895963252735e-01 5.969604467244710166e-01
1.520530423203591824e+09 -1.539457559585571289e+00 5.747979879379272461e-01 4.051408767700195312e-01 -9.541212756977061893e-02 1.113536952714010431e-01 -7.836444965415709785e-01 6.036540263280959495e-01
1.520530423253315926e+09 -1.529581069946289062e+00 5.522744059562683105e-01 4.265876114368438721e-01 -1.306699102180998717e-01 1.502863655806338516e-01 -7.681393232033928431e-01 6.085239214959353715e-01
1.520530423303317070e+09 -1.513924479484558105e+00 5.296415686607360840e-01 4.446030855178833008e-01 -1.636703347989118817e-01 1.837521813134022353e-01 -7.514407710051674849e-01 6.121959858089058848e-01
1.520530423353318930e+09 -1.495739221572875977e+00 5.076698660850524902e-01 4.592457115650177002e-01 -1.930396944064596554e-01 2.108020568129911065e-01 -7.356526027623201403e-01 6.140956092302705116e-01
1.520530423403321981e+09 -1.473786473274230957e+00 4.863620698451995850e-01 4.702713489532470703e-01 -2.191833935472283779e-01 2.330785173178340497e-01 -7.185895222448624997e-01 6.174642850221713219e-01
1.520530423453322172e+09 -1.449384093284606934e+00 4.656905233860015869e-01 4.772611558437347412e-01 -2.402715689492407047e-01 2.502141148464130382e-01 -7.012081326407330062e-01 6.228720772396144634e-01
1.520530423503324032e+09 -1.423420667648315430e+00 4.447737038135528564e-01 4.790923595428466797e-01 -2.529753731124838589e-01 2.588085816423508212e-01 -6.859108173067810510e-01 6.313065256817941284e-01
1.520530423553359032e+09 -1.396552562713623047e+00 4.233867824077606201e-01 4.764660894870758057e-01 -2.582780390517144808e-01 2.538059324089400048e-01 -6.737664859026240016e-01 6.441379710062579145e-01
1.520530423603327036e+09 -1.370045423507690430e+00 4.017393589019775391e-01 4.665873050689697266e-01 -2.501712855843887251e-01 2.334395030515942770e-01 -6.662842147557485051e-01 6.625599380066639066e-01
1.520530423652983427e+09 -1.344287157058715820e+00 3.800005018711090088e-01 4.510219991207122803e-01 -2.275912112171342983e-01 2.006588382069639520e-01 -6.631953560466485875e-01 6.841857868622442940e-01
1.520530423702985287e+09 -1.317574381828308105e+00 3.576304912567138672e-01 4.294183552265167236e-01 -1.954726135280261123e-01 1.601869319424330806e-01 -6.598947662834817596e-01 7.075800319589736764e-01
1.520530423752986431e+09 -1.289371728897094727e+00 3.351185917854309082e-01 4.025030732154846191e-01 -1.584871844430046639e-01 1.158457760762762051e-01 -6.540603580214496837e-01 7.305248911553031688e-01
1.520530423802988291e+09 -1.259209990501403809e+00 3.132519721984863281e-01 3.710129261016845703e-01 -1.159079027310722654e-01 7.257929146571037715e-02 -6.477144690876852628e-01 7.495088865845941362e-01
1.520530423852990389e+09 -1.227110266685485840e+00 2.926821410655975342e-01 3.377717435359954834e-01 -7.003143363761329954e-02 3.007270367416449083e-02 -6.405075728139041358e-01 7.641605066767243049e-01
1.520530423902991533e+09 -1.193260073661804199e+00 2.730394899845123291e-01 3.044078946113586426e-01 -2.256351077215507442e-02 -1.258002377666968784e-02 -6.315585690863821933e-01 7.748976737589129415e-01
1.520530423952993393e+09 -1.158385753631591797e+00 2.559576034545898438e-01 2.730788886547088623e-01 3.012895762100239669e-02 -5.311500310674082542e-02 -6.229208901651267505e-01 7.798978182771950651e-01
1.520530424002994537e+09 -1.122092604637145996e+00 2.428326159715652466e-01 2.436998486518859863e-01 8.601874253814094373e-02 -9.723780366104907424e-02 -6.130739019738091766e-01 7.792855549732337073e-01
1.520530424052950382e+09 -1.084645390510559082e+00 2.334653288125991821e-01 2.171296775341033936e-01 1.438316884705211351e-01 -1.406990768858350505e-01 -6.014272707974903653e-01 7.731762108965039015e-01
1.520530424103253126e+09 -1.046119570732116699e+00 2.289019227027893066e-01 1.954038441181182861e-01 1.999641063213444536e-01 -1.812346295739136748e-01 -5.888977215007696886e-01 7.618187703368263231e-01
1.520530424153255224e+09 -1.009058356285095215e+00 2.279086709022521973e-01 1.794820427894592285e-01 2.471360857547208467e-01 -2.133467342365616692e-01 -5.765792120440242918e-01 7.489748582877274741e-01
1.520530424203257084e+09 -9.732626080513000488e-01 2.313879430294036865e-01 1.714029908180236816e-01 2.794509636921819196e-01 -2.311328640417434632e-01 -5.696056095516136564e-01 7.375867458263511978e-01
1.520530424253258228e+09 -9.393150210380554199e-01 2.361957281827926636e-01 1.660811603069305420e-01 2.894816971314894127e-01 -2.329782526772468110e-01 -5.686195446874553472e-01 7.338891566202354610e-01
1.520530424303260326e+09 -9.085547327995300293e-01 2.429951727390289307e-01 1.696862131357192993e-01 2.746771088111751302e-01 -2.166125179180803662e-01 -5.746970379637336146e-01 7.398343176225566920e-01
1.520530424353261232e+09 -8.822788596153259277e-01 2.517265081405639648e-01 1.858130544424057007e-01 2.359417858400967294e-01 -1.817791372151330853e-01 -5.867892809929167175e-01 7.529715523708205849e-01
1.520530424403263330e+09 -8.554865121841430664e-01 2.605088949203491211e-01 2.074226886034011841e-01 1.761291035961300711e-01 -1.328621550004182861e-01 -6.015288351257561672e-01 7.677820310135677895e-01
1.520530424453264236e+09 -8.268619775772094727e-01 2.712595462799072266e-01 2.345650494098663330e-01 1.030706395119626723e-01 -7.854176346070118608e-02 -6.131389763191409381e-01 7.792741689427375995e-01
1.520530424504722357e+09 -7.944563627243041992e-01 2.843428552150726318e-01 2.646981477737426758e-01 2.554675934567156650e-02 -1.892622931212405157e-02 -6.220058197553184343e-01 7.823668711809529386e-01
1.520530424554724455e+09 -7.585294246673583984e-01 2.979508936405181885e-01 2.931455969810485840e-01 -4.482332208021574255e-02 3.605279297085768608e-02 -6.253765174494124723e-01 7.782000239909651063e-01
1.520530424604726315e+09 -7.252515554428100586e-01 3.142472803592681885e-01 3.239901959896087646e-01 -1.029336305079795316e-01 8.279010666423203268e-02 -6.238845596518495240e-01 7.702717197047997955e-01
1.520530424654727221e+09 -6.877742409706115723e-01 3.252986371517181396e-01 3.519496917724609375e-01 -1.421720650510683859e-01 1.187591450609560423e-01 -6.197118018986655930e-01 7.626536907214273020e-01
1.520530424704729557e+09 -6.485467553138732910e-01 3.357708454132080078e-01 3.756090104579925537e-01 -1.621283653774580613e-01 1.398247853231663618e-01 -6.163856060063899189e-01 7.577811077464912115e-01
1.520530424754730225e+09 -6.144437193870544434e-01 3.454610407352447510e-01 3.976992964744567871e-01 -1.699274075571923504e-01 1.479380633880170437e-01 -6.156089515201053075e-01 7.551586749618993677e-01
1.520530424804732323e+09 -5.810241103172302246e-01 3.532195687294006348e-01 4.126545786857604980e-01 -1.637570400471992094e-01 1.382591119488537357e-01 -6.194004972815992938e-01 7.552556347127785674e-01
1.520530424854733467e+09 -5.494336485862731934e-01 3.579092621803283691e-01 4.184009432792663574e-01 -1.351559996275209785e-01 1.092011805627743637e-01 -6.255898794278244024e-01 7.605558892585487785e-01
1.520530424903374434e+09 -5.223815441131591797e-01 3.593232631683349609e-01 4.095241725444793701e-01 -8.994335198354443117e-02 6.616630049985078310e-02 -6.331973928038345800e-01 7.658937758322325040e-01
1.520530424953377485e+09 -4.903571009635925293e-01 3.615227043628692627e-01 3.929108679294586182e-01 -2.924945419445233383e-02 1.924182556585817341e-02 -6.441458710584216929e-01 7.641009870276357363e-01
1.520530425003378153e+09 -4.575382471084594727e-01 3.619577884674072266e-01 3.736203610897064209e-01 3.047021886153286618e-02 -2.812353009635249271e-02 -6.547183665904713346e-01 7.547347171467303495e-01
1.520530425053379536e+09 -4.232720136642456055e-01 3.617003858089447021e-01 3.551267683506011963e-01 7.950731084184817221e-02 -6.310668363309034079e-02 -6.672747493959493292e-01 7.378621435079211199e-01
1.520530425103381395e+09 -3.934017717838287354e-01 3.605447709560394287e-01 3.392142951488494873e-01 1.097553171739500261e-01 -8.220970243908060082e-02 -6.831197417288613627e-01 7.173163553392721825e-01
1.520530425153383255e+09 -3.619472086429595947e-01 3.604163825511932373e-01 3.289124965667724609e-01 1.212377093632385355e-01 -7.971338133043134877e-02 -7.046353773102161933e-01 6.945762591019892795e-01
1.520530425203384399e+09 -3.284201920032501221e-01 3.596174716949462891e-01 3.234544992446899414e-01 1.145465635114271963e-01 -5.979655490402381590e-02 -7.286683086254219788e-01 6.725666902354735521e-01
1.520530425253385305e+09 -2.923962175846099854e-01 3.601913154125213623e-01 3.243012726306915283e-01 9.824740414190961946e-02 -2.927983038874148666e-02 -7.531302209096818467e-01 6.498346016213022436e-01
1.520530425303732157e+09 -2.519384026527404785e-01 3.583645820617675781e-01 3.271989822387695312e-01 8.290320062706771354e-02 3.889663516795230434e-04 -7.769495904695644661e-01 6.240803168664602607e-01
1.520530425353734255e+09 -2.077868431806564331e-01 3.579961061477661133e-01 3.389382362365722656e-01 7.462670257098173721e-02 1.932201431730465671e-02 -8.016932776300474961e-01 5.927439612757734455e-01
1.520530425403735161e+09 -1.666457056999206543e-01 3.612263798713684082e-01 3.459709286689758301e-01 7.232051332931734022e-02 2.697045724911782683e-02 -8.258001197121943582e-01 5.586559764925844718e-01
1.520530425453737020e+09 -1.276787668466567993e-01 3.670364916324615479e-01 3.521827459335327148e-01 6.959471782576760746e-02 2.577858578928558450e-02 -8.445869004423174342e-01 5.302499480119685638e-01
1.520530425503738165e+09 -8.893968164920806885e-02 3.750572502613067627e-01 3.602266013622283936e-01 6.050108334291626894e-02 1.741948153807019659e-02 -8.503797595698130429e-01 5.223891701512055619e-01
1.520530425553740025e+09 -5.147019028663635254e-02 3.832632005214691162e-01 3.661238253116607666e-01 4.633744638531982207e-02 4.166995024537492424e-03 -8.379310662608939753e-01 5.437894862994636647e-01
1.520530425603740931e+09 -1.784139871597290039e-02 3.889991044998168945e-01 3.740905225276947021e-01 3.403930730596166354e-02 -1.439607512559512234e-02 -8.060464840130864284e-01 5.906971679204581216e-01
1.520530425653743267e+09 1.321741379797458649e-02 3.910284340381622314e-01 3.814750313758850098e-01 2.732345112791564543e-02 -3.454151406758533549e-02 -7.542925541833637171e-01 6.550595816625510714e-01
1.520530425703674793e+09 4.137432947754859924e-02 3.901689648628234863e-01 3.880450129508972168e-01 2.470093877637217702e-02 -4.407537944243965222e-02 -6.913485877082936604e-01 7.207526308133178627e-01
1.520530425753676653e+09 7.687379419803619385e-02 3.859329521656036377e-01 3.935107290744781494e-01 1.930836563208066306e-02 -4.126542008274123458e-02 -6.227946797047291261e-01 7.810577053288038085e-01
1.520530425803678513e+09 1.131511703133583069e-01 3.787584006786346436e-01 3.980246186256408691e-01 5.101309248064400670e-03 -3.349516294209525097e-02 -5.529892633604382990e-01 8.324992043909218431e-01
1.520530425853679657e+09 1.541407704353332520e-01 3.709350824356079102e-01 4.001875817775726318e-01 -1.584916030548994340e-02 -2.783074464510535903e-02 -4.829308176389594531e-01 8.750726136411057787e-01
1.520530425903681517e+09 1.949370056390762329e-01 3.629227280616760254e-01 4.010975658893585205e-01 -3.613850401376209748e-02 -2.239553957653452054e-02 -4.226762567038052087e-01 9.052829559610532373e-01
1.520530425953682423e+09 2.332912683486938477e-01 3.568318784236907959e-01 3.989263176918029785e-01 -5.130577739453991148e-02 -2.037851661754716548e-02 -3.814365198607309604e-01 9.227451514816777944e-01
1.520530426003684759e+09 2.886367142200469971e-01 3.531661033630371094e-01 3.958191275596618652e-01 -5.290179356007430889e-02 -1.879989924858243427e-02 -3.665283938388153029e-01 9.287114194066469208e-01
1.520530426053685665e+09 3.356354236602783203e-01 3.532083332538604736e-01 3.911920785903930664e-01 -4.157745336775443140e-02 -1.845057624019102310e-02 -3.847027599790094343e-01 9.219190192594952649e-01
1.520530426103474617e+09 3.579772412776947021e-01 3.539423048496246338e-01 3.837878108024597168e-01 -2.632097948950596483e-02 -2.435668617160205787e-02 -4.262810425240707302e-01 9.038796549663250524e-01
1.520530426153475523e+09 3.875396549701690674e-01 3.576308190822601318e-01 3.799857199192047119e-01 -7.864580983150199628e-03 -3.164541172626357535e-02 -4.771408173030219357e-01 8.782217013636355318e-01
1.520530426203477621e+09 4.134047627449035645e-01 3.648469746112823486e-01 3.781081736087799072e-01 1.230048010908771708e-02 -3.758958624515776337e-02 -5.351505067775660374e-01 8.438303480503163145e-01
1.520530426253478527e+09 4.362996816635131836e-01 3.754202127456665039e-01 3.770261406898498535e-01 2.973339490061337187e-02 -3.832791838985469268e-02 -5.945472284177100164e-01 8.025960933622863225e-01
1.520530426303480387e+09 4.593918323516845703e-01 3.876961767673492432e-01 3.762813806533813477e-01 3.609205082632446077e-02 -3.884673883949224527e-02 -6.506701117867672579e-01 7.575068979066013064e-01
1.520530426353481531e+09 4.815944433212280273e-01 4.030159711837768555e-01 3.753712177276611328e-01 3.813856632643087413e-02 -2.737132124702377350e-02 -7.090339274898881383e-01 7.036100839243428773e-01
1.520530426403483391e+09 5.084590911865234375e-01 4.181246459484100342e-01 3.775012791156768799e-01 3.273322085087592564e-02 -1.110647813308460359e-02 -7.623424586817082460e-01 6.462500739553806994e-01
1.520530426453484297e+09 5.368638634681701660e-01 4.348797798156738281e-01 3.809874951839447021e-01 2.896752655232223694e-02 7.094043954458911609e-03 -8.074927536944380702e-01 5.891230853368304432e-01
1.520530426503486633e+09 5.649022459983825684e-01 4.506873488426208496e-01 3.837610483169555664e-01 2.749025500678350595e-02 2.074462446218938022e-02 -8.408042376387068195e-01 5.402427050913113371e-01
1.520530426553550959e+09 5.913278460502624512e-01 4.648570120334625244e-01 3.869172930717468262e-01 2.374001498206665048e-02 2.311344725575718503e-02 -8.564228075694373388e-01 5.152107868819219005e-01
1.520530426603552818e+09 6.182785034179687500e-01 4.757905304431915283e-01 3.889610767364501953e-01 1.777557738914002997e-02 1.582381223376371979e-02 -8.526764015489782800e-01 5.218971067714007761e-01
1.520530426653553963e+09 6.481112241744995117e-01 4.827809035778045654e-01 3.893882334232330322e-01 1.444654144529262246e-02 3.220521562671774252e-03 -8.304328194975059141e-01 5.569221291909279836e-01
1.520530426703555822e+09 6.820834875106811523e-01 4.834168851375579834e-01 3.883125782012939453e-01 2.318680444738347238e-02 -4.316348530506207773e-03 -7.950463199201982523e-01 6.060900019107983150e-01
1.520530426753558159e+09 7.134712934494018555e-01 4.742437005043029785e-01 3.867838978767395020e-01 3.496581439144978015e-02 -7.449376331202088065e-03 -7.452951734190391697e-01 6.657754900073319382e-01
1.520530426803559065e+09 7.466925382614135742e-01 4.563314616680145264e-01 3.842499554157257080e-01 4.430910322501420417e-02 -1.128278236529998112e-02 -6.862634033334800154e-01 7.259145565689131274e-01
1.520530426853559971e+09 7.860853075981140137e-01 4.320552051067352295e-01 3.788385093212127686e-01 4.701397662490627155e-02 -1.395978323517903241e-02 -6.241886842674100322e-01 7.797328368655888076e-01
1.520530426903562069e+09 8.265724778175354004e-01 4.016430675983428955e-01 3.723311722278594971e-01 4.278797874099877357e-02 -1.803332129475125958e-02 -5.661039743752959152e-01 8.230250776220823239e-01
1.520530426953597546e+09 8.652368783950805664e-01 3.654263615608215332e-01 3.662171661853790283e-01 3.695539642678553893e-02 -2.049093629768245287e-02 -5.157127219985092603e-01 8.557188840813737540e-01
1.520530427003599644e+09 9.007852673530578613e-01 3.274796605110168457e-01 3.620803654193878174e-01 3.048458207407835768e-02 -2.745602362163304666e-02 -4.693469525410055021e-01 8.820602559707179102e-01
1.520530427053601742e+09 9.345288276672363281e-01 2.894161343574523926e-01 3.621638417243957520e-01 2.586010388704655313e-02 -3.752540947883856864e-02 -4.262576870654002370e-01 9.034530883715280458e-01
1.520530427103602409e+09 9.728589057922363281e-01 2.542073428630828857e-01 3.592517375946044922e-01 2.244674555653974196e-02 -4.952529718518943608e-02 -3.834976477023770425e-01 9.219397717635259282e-01
1.520530427153604746e+09 1.012397408485412598e+00 2.229591310024261475e-01 3.557847440242767334e-01 2.126065531595027619e-02 -6.066326641952947407e-02 -3.359274388577909165e-01 9.396918156849588533e-01
1.520530427203605652e+09 1.051172733306884766e+00 1.956244111061096191e-01 3.524462878704071045e-01 2.190782238230868165e-02 -6.789207962458450318e-02 -2.875725226800640022e-01 9.550982970575009334e-01
1.520530427253607750e+09 1.085394382476806641e+00 1.723241209983825684e-01 3.507890105247497559e-01 2.214179021693510677e-02 -7.093901996140197785e-02 -2.417581848225607566e-01 9.674866286642961333e-01
1.520530427303608656e+09 1.120121717453002930e+00 1.526299715042114258e-01 3.481004238128662109e-01 2.230239443099782046e-02 -7.345207681191370797e-02 -1.972154650223562067e-01 9.773502217581354623e-01
1.520530427353592396e+09 1.151474237442016602e+00 1.362676918506622314e-01 3.449279963970184326e-01 2.407027610843154308e-02 -7.614383152387661780e-02 -1.536760340477917042e-01 9.848890370433966979e-01
1.520530427403594494e+09 1.181687235832214355e+00 1.231963038444519043e-01 3.425903320312500000e-01 2.807155840383148901e-02 -7.829105418457162069e-02 -1.134610932525490223e-01 9.900550887508154929e-01
1.520530427453595400e+09 1.208982348442077637e+00 1.134995073080062866e-01 3.375299870967864990e-01 3.406091995438218639e-02 -7.774518072876739072e-02 -8.174021911410872532e-02 9.930327674273846661e-01
1.520530427503597498e+09 1.231738328933715820e+00 1.047112718224525452e-01 3.320763111114501953e-01 3.948703240310260515e-02 -7.828551197904276560e-02 -6.017523003010412375e-02 9.943294698323084102e-01
1.520530427553598642e+09 1.248091101646423340e+00 9.834395349025726318e-02 3.274573981761932373e-01 4.389196430486461825e-02 -7.864145569421257531e-02 -4.915452147765951574e-02 9.947224989584069199e-01
1.520530427603600502e+09 1.252233505249023438e+00 9.481152892112731934e-02 3.249231874942779541e-01 4.758775370489434081e-02 -8.001458992671378612e-02 -4.892128463095718471e-02 9.944545132917036456e-01
1.520530427653601408e+09 1.245089530944824219e+00 9.507699310779571533e-02 3.229816257953643799e-01 4.820052522578284482e-02 -8.090227822586414097e-02 -5.863982797258886909e-02 9.938274001662305013e-01
1.520530427703603506e+09 1.229299306869506836e+00 9.968710690736770630e-02 3.207408189773559570e-01 4.346056621270247278e-02 -8.341604406372789271e-02 -7.755602090876212440e-02 9.925411862477189207e-01
1.520530427753677607e+09 1.203137397766113281e+00 1.084739044308662415e-01 3.199391961097717285e-01 3.485334594714387113e-02 -8.526154436614709342e-02 -1.026643494052552619e-01 9.904421965414155204e-01
1.520530427803678751e+09 1.166893959045410156e+00 1.213061884045600891e-01 3.179794251918792725e-01 2.370969182575724879e-02 -8.807895298309664778e-02 -1.346212357378957503e-01 9.866899571006745306e-01
1.520530427853680849e+09 1.116354942321777344e+00 1.386497467756271362e-01 3.198755383491516113e-01 1.182329517261133424e-02 -8.946805112115895076e-02 -1.747658187233787352e-01 9.804654946125286319e-01
1.520530427903682709e+09 1.057281017303466797e+00 1.688103377819061279e-01 3.213678002357482910e-01 -1.251213886716959559e-03 -8.504582504349146588e-02 -2.211717253477634981e-01 9.715187646222664952e-01
1.520530427953683853e+09 9.936711788177490234e-01 2.111880630254745483e-01 3.232706785202026367e-01 -1.514391745931844939e-02 -7.459651474780501501e-02 -2.732596620687116618e-01 9.589239692684501382e-01
1.520530428003685713e+09 9.273597002029418945e-01 2.653411030769348145e-01 3.236115574836730957e-01 -2.772981232580253377e-02 -5.881015788895318369e-02 -3.377654242300147658e-01 9.389818640592427768e-01
1.520530428053686857e+09 8.623983263969421387e-01 3.314746618270874023e-01 3.233169615268707275e-01 -3.734585272120870270e-02 -3.993884848530797338e-02 -4.130600096825102208e-01 9.090608362850519653e-01
1.520530428103691816e+09 8.027790188789367676e-01 4.092063307762145996e-01 3.221627473831176758e-01 -4.425898587887215629e-02 -2.606162068719160285e-02 -4.892519437688813699e-01 8.706287783059448726e-01
1.520530428153535128e+09 7.514995932579040527e-01 4.954308569431304932e-01 3.201127350330352783e-01 -4.402082384887969629e-02 -1.868037122294938582e-02 -5.625925027603417838e-01 8.253501600148227535e-01
1.520530428203536987e+09 7.112586498260498047e-01 5.891813039779663086e-01 3.174551725387573242e-01 -3.570826478921206720e-02 -1.429711705742963031e-02 -6.307339297046384852e-01 7.750453033138990921e-01
1.520530428253538132e+09 6.835213303565979004e-01 6.865857839584350586e-01 3.158158659934997559e-01 -2.325787408096020512e-02 -7.221505904449554772e-03 -6.925784429111430107e-01 7.209313570378825808e-01
1.520530428303539991e+09 6.694371104240417480e-01 7.842541933059692383e-01 3.152164220809936523e-01 -1.627768394293012746e-02 1.301687447157362401e-04 -7.489810010231660042e-01 6.623914855792517598e-01
1.520530428353542089e+09 6.692458391189575195e-01 8.779221773147583008e-01 3.168931901454925537e-01 -1.249485917810258702e-02 1.028908517345778276e-02 -8.008863856091273936e-01 5.985975363851415709e-01
1.520530428403618097e+09 6.817832589149475098e-01 9.631854295730590820e-01 3.212144374847412109e-01 -1.180976261216465893e-02 2.347866083284684546e-02 -8.457903823196517568e-01 5.328676300622113837e-01
1.520530428453544140e+09 7.040320634841918945e-01 1.037990808486938477e+00 3.262461125850677490e-01 -1.073830673150787465e-02 3.663620370716787200e-02 -8.836648507550676213e-01 4.665607236860933038e-01
1.520530428503546000e+09 7.321812510490417480e-01 1.099559426307678223e+00 3.327151238918304443e-01 -8.949671204108592196e-03 4.709430550099800994e-02 -9.153903992246511523e-01 3.997029481778319737e-01
1.520530428553451061e+09 7.637963891029357910e-01 1.147427320480346680e+00 3.389745950698852539e-01 -6.976623692743127124e-03 5.166135486439780294e-02 -9.411213553318513725e-01 3.340254865631721581e-01
1.520530428603452206e+09 7.939406037330627441e-01 1.183290719985961914e+00 3.452621400356292725e-01 -5.453976566198743409e-03 4.894548069938977480e-02 -9.612443626637574567e-01 2.712634684322007272e-01
1.520530428653454065e+09 8.212358951568603516e-01 1.208283901214599609e+00 3.499129116535186768e-01 -4.539510651678593106e-03 4.184925510850728142e-02 -9.767416609818910800e-01 2.102469034070254261e-01
1.520530428703454971e+09 8.453379869461059570e-01 1.224366188049316406e+00 3.517833650112152100e-01 -6.184059448206882630e-03 3.347087908911097059e-02 -9.878475922363703088e-01 1.516528673469419997e-01
1.520530428753457308e+09 8.670634627342224121e-01 1.234552860260009766e+00 3.519811928272247314e-01 -7.406462567959943774e-03 2.670931318334691246e-02 -9.951028357258566714e-01 9.487941416272370476e-02
1.520530428803458214e+09 8.828901052474975586e-01 1.237573862075805664e+00 3.514135777950286865e-01 -9.273831021937984156e-03 2.175183986340848558e-02 -9.989890882789319582e-01 3.823159714635750855e-02
1.520530428853460073e+09 8.971742391586303711e-01 1.230658411979675293e+00 3.502806723117828369e-01 -1.296136226755488161e-02 1.749155826842910960e-02 -9.995775648380041956e-01 -1.925461892733844327e-02
1.520530428903461218e+09 9.106370806694030762e-01 1.210941791534423828e+00 3.471292257308959961e-01 -2.113000414963862178e-02 1.285747206884803144e-02 -9.967032318107403865e-01 -7.727144384997954030e-02
1.520530428953463078e+09 9.245656132698059082e-01 1.184912443161010742e+00 3.435146808624267578e-01 -3.186203794099442405e-02 6.548695955449439395e-03 -9.899431697098599603e-01 -1.376751461387467623e-01
1.520530429003444433e+09 9.352489709854125977e-01 1.149025440216064453e+00 3.396016955375671387e-01 -4.131484572074644451e-02 -2.680763876913848679e-04 -9.788656345888623322e-01 -2.002874960626980783e-01
1.520530429053445578e+09 9.451644420623779297e-01 1.105282068252563477e+00 3.346793055534362793e-01 -5.079206344642336890e-02 -4.823315321247958684e-03 -9.631803428627232488e-01 -2.639706973188757910e-01
1.520530429103447437e+09 9.512548446655273438e-01 1.052537679672241211e+00 3.301089107990264893e-01 -6.007652532267779288e-02 -6.491866680667479628e-03 -9.428329157847997744e-01 -3.277419101745867036e-01
1.520530429153448343e+09 9.543372988700866699e-01 9.950520396232604980e-01 3.253639936447143555e-01 -6.496103735682458302e-02 -6.914928430620735991e-03 -9.186362458283622301e-01 -3.896661330430158388e-01
1.520530429203450441e+09 9.525857567787170410e-01 9.301866292953491211e-01 3.215863406658172607e-01 -6.521029637842713778e-02 -7.439139147903691893e-03 -8.904805002431877003e-01 -4.502629844231234024e-01
1.520530429253451347e+09 9.452611804008483887e-01 8.608452677726745605e-01 3.198568522930145264e-01 -6.080418618452156782e-02 -6.796048723104753005e-03 -8.585920041993062579e-01 -5.089955156867393971e-01
1.520530429303453207e+09 9.304208159446716309e-01 7.894466519355773926e-01 3.195694088935852051e-01 -5.244845835533828993e-02 -5.168487355884749876e-03 -8.225698386527833250e-01 -5.662166603812838206e-01
1.520530429353455544e+09 9.075085520744323730e-01 7.170385718345642090e-01 3.215825855731964111e-01 -4.205439546687254893e-02 -3.511711047230262062e-03 -7.836856221945069922e-01 -6.197224711699949040e-01
1.520530429403550863e+09 8.758645653724670410e-01 6.459721326828002930e-01 3.257044851779937744e-01 -3.376347755281256663e-02 -1.965195529133892827e-03 -7.434769452979906879e-01 -6.679058297398231536e-01
1.520530429453552723e+09 8.354402780532836914e-01 5.788850188255310059e-01 3.321142196655273438e-01 -2.751609971270625385e-02 -2.666778315118659322e-03 -7.008415245884670464e-01 -7.127811094315922302e-01
1.520530429503554583e+09 7.887827157974243164e-01 5.200538635253906250e-01 3.403973579406738281e-01 -2.365392299820944302e-02 -2.365603384086011670e-03 -6.570111623040512105e-01 -7.535059578100915534e-01
1.520530429553555727e+09 7.384191155433654785e-01 4.524014592170715332e-01 3.451477289199829102e-01 -2.144178977137193437e-02 2.776279053113550870e-04 -6.128865006548795957e-01 -7.898799338438486917e-01
1.520530429603557825e+09 6.824703216552734375e-01 3.902891278266906738e-01 3.493200242519378662e-01 -1.886613796208460453e-02 3.108892030106773664e-03 -5.653570719414366952e-01 -8.246246326872280763e-01
1.520530429653558731e+09 6.195832490921020508e-01 3.361673951148986816e-01 3.544372916221618652e-01 -1.466513449438264748e-02 6.973843228699243106e-03 -5.157512780443009870e-01 -8.565844491563883167e-01
1.520530429703559875e+09 5.502923130989074707e-01 2.872053086757659912e-01 3.586272895336151123e-01 -9.030329362864486856e-03 1.263771341163203409e-02 -4.669870889007728954e-01 -8.841277057932893646e-01
1.520530429753561735e+09 4.751373231410980225e-01 2.439389228820800781e-01 3.613355457782745361e-01 -2.569129417791591544e-03 1.692884389092933622e-02 -4.181074435140281209e-01 -9.082361914704319972e-01
1.520530429803621769e+09 3.941912651062011719e-01 2.068107724189758301e-01 3.624212145805358887e-01 2.897032982626040337e-03 1.860302674104361009e-02 -3.683356021754820575e-01 -9.295022424749683765e-01
1.520530429853626013e+09 3.122007846832275391e-01 1.904718577861785889e-01 3.622522950172424316e-01 6.348734974371775946e-03 1.757322937943416041e-02 -3.161295546412283830e-01 -9.485320130895643631e-01
1.520530429903624773e+09 2.208075523376464844e-01 1.644430309534072876e-01 3.597760796546936035e-01 6.397172400219211519e-03 1.747711822566474713e-02 -2.609571051882343951e-01 -9.651709774830492528e-01
1.520530429953625917e+09 1.268132776021957397e-01 1.388445347547531128e-01 3.550867438316345215e-01 4.353186748231551578e-03 1.995041270745993162e-02 -2.032584557533175518e-01 -9.789121671338617547e-01
1.520530430003662825e+09 3.194396942853927612e-02 1.261979937553405762e-01 3.513359427452087402e-01 1.733497991682077027e-03 2.241710663939532402e-02 -1.404724359110951226e-01 -9.898292595512794279e-01
1.520530430053628683e+09 -6.320722401142120361e-02 1.212883666157722473e-01 3.479524552822113037e-01 -1.078648830553435682e-03 2.380937499006233193e-02 -7.610683807857059058e-02 -9.968147768652736440e-01
1.520530430103631020e+09 -1.578618288040161133e-01 1.261234283447265625e-01 3.457441329956054688e-01 -3.926698413384541175e-03 2.318038131840862923e-02 -8.632425774822516037e-03 -9.996863168948276757e-01
1.520530430153631926e+09 -2.508487403392791748e-01 1.378310769796371460e-01 3.434757888317108154e-01 -5.919215658713377487e-03 2.435078435194363081e-02 5.878211392152783710e-02 -9.979562441662196415e-01
1.520530430203344107e+09 -3.406538665294647217e-01 1.488004326820373535e-01 3.441344499588012695e-01 -5.831217540509140568e-03 2.950695740977504755e-02 1.248908347236337285e-01 -9.917144829881465729e-01
1.520530430253346205e+09 -4.267460107803344727e-01 1.686058193445205688e-01 3.407588005065917969e-01 -4.653511922395125490e-03 3.494976376689397368e-02 1.906412495913384630e-01 -9.810263874094719005e-01
1.520530430303347111e+09 -5.057926774024963379e-01 1.971180140972137451e-01 3.359739184379577637e-01 -3.493227750610733515e-03 3.909746916023094931e-02 2.534603467461378212e-01 -9.665490354309371757e-01
1.520530430353349209e+09 -5.844091773033142090e-01 2.244011759757995605e-01 3.314881622791290283e-01 -2.524877459537410319e-03 4.153109013419431506e-02 3.133817348369654088e-01 -9.487152796369697771e-01
1.520530430403350115e+09 -6.611319780349731445e-01 2.539115548133850098e-01 3.271988928318023682e-01 -1.114698654840001789e-03 4.127327524798033581e-02 3.681061685084271451e-01 -9.288665797105949418e-01
1.520530430453351974e+09 -7.344339489936828613e-01 2.868451774120330811e-01 3.237147331237792969e-01 1.941218415517107897e-03 4.030030031770604620e-02 4.188289743959695555e-01 -9.071683458277113310e-01
1.520530430503353119e+09 -8.024129271507263184e-01 3.220260441303253174e-01 3.217376768589019775e-01 5.429243175145550236e-03 3.982433656102744857e-02 4.653462445486975518e-01 -8.842157079697482436e-01
1.520530430553355217e+09 -8.608666062355041504e-01 3.560072183609008789e-01 3.285569548606872559e-01 8.563737169816702452e-03 4.074527593405211090e-02 5.089052787714022363e-01 -8.598150394900904159e-01
1.520530430603527546e+09 -9.212821125984191895e-01 3.946873545646667480e-01 3.293788135051727295e-01 1.114424750245588368e-02 4.203716166646551816e-02 5.508532358565551013e-01 -8.334682929380061722e-01
1.520530430653528452e+09 -9.731324911117553711e-01 4.365366697311401367e-01 3.328046500682830811e-01 1.457855716238381713e-02 4.166974382381656572e-02 5.923842024741445833e-01 -8.044451844468909485e-01
1.520530430703530312e+09 -1.014153122901916504e+00 4.781391620635986328e-01 3.396940827369689941e-01 2.032147848967981452e-02 4.205170526800944969e-02 6.321006237634542169e-01 -7.734775323394326163e-01
1.520530430753532410e+09 -1.049556493759155273e+00 5.235121846199035645e-01 3.449228405952453613e-01 2.686432146647683636e-02 4.496212975738124451e-02 6.688945780933899243e-01 -7.415097831566973552e-01
1.520530430803533316e+09 -1.080758929252624512e+00 5.722778439521789551e-01 3.493940234184265137e-01 3.192191948503887017e-02 4.825696356668741915e-02 7.040640126716460889e-01 -7.077754746983073719e-01
1.520530430853534460e+09 -1.104897499084472656e+00 6.215478777885437012e-01 3.519085645675659180e-01 3.542323193913430451e-02 4.852758796321191004e-02 7.382141496360578037e-01 -6.718855089392620217e-01
1.520530430903536558e+09 -1.123895883560180664e+00 6.682186126708984375e-01 3.526083528995513916e-01 3.938295095950845176e-02 4.573463016220639249e-02 7.708378592332270074e-01 -6.341658470387558921e-01
1.520530430953538418e+09 -1.140799641609191895e+00 7.184334397315979004e-01 3.522591292858123779e-01 4.364502338067556553e-02 4.085136118945416339e-02 8.016187379856556383e-01 -5.948392027542854787e-01
1.520530431003695965e+09 -1.154823064804077148e+00 7.699256539344787598e-01 3.499265015125274658e-01 4.737166708586612596e-02 3.624009444406549318e-02 8.301289657201044170e-01 -5.543721502606897555e-01
1.520530431053698063e+09 -1.158700466156005859e+00 8.197925090789794922e-01 3.473052680492401123e-01 4.867237775460839938e-02 3.291358777874361236e-02 8.568338101421325570e-01 -5.122338500924744631e-01
1.520530431103700161e+09 -1.157560348510742188e+00 8.686862587928771973e-01 3.435664176940917969e-01 4.846540395465981366e-02 3.074364505700109829e-02 8.817919960525816281e-01 -4.681333235369221080e-01
1.520530431153701305e+09 -1.149072885513305664e+00 9.143351316452026367e-01 3.411149978637695312e-01 4.784837202348989071e-02 2.919382875175022957e-02 9.049796750191095862e-01 -4.217464184315288245e-01
1.520530431203703165e+09 -1.131472587585449219e+00 9.537710547447204590e-01 3.417781889438629150e-01 4.592344776665419070e-02 2.536643614918683912e-02 9.267005211182511859e-01 -3.721205786052074194e-01
1.520530431253704071e+09 -1.108117699623107910e+00 9.841660261154174805e-01 3.448017537593841553e-01 4.542333740860738517e-02 1.879033336947220217e-02 9.465079352709844240e-01 -3.189143650881630099e-01
1.520530431303706169e+09 -1.082890987396240234e+00 1.004855275154113770e+00 3.508119583129882812e-01 4.542242189844734879e-02 1.283176566891217583e-02 9.638449182044522834e-01 -2.622501154054086570e-01
1.520530431353708029e+09 -1.053904771804809570e+00 1.020866513252258301e+00 3.544637262821197510e-01 4.359423584839459964e-02 1.073709929843743097e-02 9.787039404622083216e-01 -2.003069000888285656e-01
1.520530431403708935e+09 -1.022868514060974121e+00 1.027740240097045898e+00 3.574212789535522461e-01 4.153008560713191549e-02 1.192215680026414114e-02 9.900667790672734725e-01 -1.337941970118613766e-01
1.520530431453562260e+09 -9.896992444992065430e-01 1.025606989860534668e+00 3.593807816505432129e-01 3.982673095177666905e-02 1.212464144009199087e-02 9.971889558757565108e-01 -6.229775959906233562e-02
1.520530431503564119e+09 -9.552131295204162598e-01 1.014932036399841309e+00 3.608094453811645508e-01 3.928851953076597375e-02 8.735080895851551896e-03 9.991197856032728586e-01 1.182220837633863458e-02
1.520530431553565025e+09 -9.206314086914062500e-01 9.938731789588928223e-01 3.618279099464416504e-01 4.062901968844290224e-02 2.306716395401218166e-03 9.955725146709946127e-01 8.473092617397337545e-02
1.520530431603567123e+09 -8.908083438873291016e-01 9.639976024627685547e-01 3.627017438411712646e-01 4.096296046135782659e-02 -4.034406960382847830e-03 9.866214964195564319e-01 1.577459420509909893e-01
1.520530431653568029e+09 -8.615339994430541992e-01 9.197479486465454102e-01 3.613940477371215820e-01 4.117133846960870786e-02 -6.963459319410125921e-03 9.717130675271661300e-01 2.324438545538969059e-01
1.520530431703570127e+09 -8.365980982780456543e-01 8.668822050094604492e-01 3.592950105667114258e-01 4.331087199045397657e-02 -7.382254839617146194e-03 9.513611525539640290e-01 3.049288902221348740e-01
1.520530431753571272e+09 -8.176937103271484375e-01 8.071113228797912598e-01 3.557535707950592041e-01 4.734053287291727086e-02 -8.012045809219700554e-03 9.260369196055899810e-01 3.743665377629916691e-01
1.520530431803573132e+09 -8.056958317756652832e-01 7.416059374809265137e-01 3.516317605972290039e-01 5.166308606670123871e-02 -8.544766385215658497e-03 8.969767732834039720e-01 4.389653525001484535e-01
1.520530431853524685e+09 -8.009142279624938965e-01 6.723749637603759766e-01 3.480023741722106934e-01 5.296316577470718684e-02 -8.197207679121052554e-03 8.637603847604677920e-01 5.010446153545958792e-01
1.520530431903525829e+09 -8.038070201873779297e-01 5.999203920364379883e-01 3.452787697315216064e-01 4.965460529372462545e-02 -8.059196872393713934e-03 8.258540987548346202e-01 5.616355375942090333e-01
1.520530431953527689e+09 -8.107492923736572266e-01 5.223299264907836914e-01 3.394701182842254639e-01 4.386890015281222355e-02 -9.934626790215362116e-03 7.827652768196320388e-01 6.206894104102360643e-01
1.520530432003528595e+09 -8.320722579956054688e-01 4.482433497905731201e-01 3.405008018016815186e-01 3.908741996342806474e-02 -1.457690271322718313e-02 7.356103835295628723e-01 6.761191101805813508e-01
1.520530432053530693e+09 -8.614812493324279785e-01 3.738821148872375488e-01 3.411337733268737793e-01 3.559444746841450291e-02 -1.847060719003983109e-02 6.854628732059435681e-01 7.270024218912217728e-01
1.520530432103531599e+09 -9.010717272758483887e-01 3.027576804161071777e-01 3.419316411018371582e-01 3.306716076154712913e-02 -1.988127501986726789e-02 6.324257407235830408e-01 7.736594730583873369e-01
1.520530432153533459e+09 -9.499154686927795410e-01 2.369691580533981323e-01 3.427367508411407471e-01 3.047080084304369316e-02 -1.834185641283370138e-02 5.769485350899022924e-01 8.160058176612043912e-01
1.520530432203535795e+09 -1.002552986145019531e+00 1.742555350065231323e-01 3.413061499595642090e-01 2.826201294295747207e-02 -1.508769545785098448e-02 5.223297957024050087e-01 8.521415402335852374e-01
1.520530432253696203e+09 -1.058885812759399414e+00 1.167844235897064209e-01 3.391394615173339844e-01 2.617404462061680148e-02 -1.020643036888223623e-02 4.681272575406517089e-01 8.832143674752983564e-01
1.520530432303698063e+09 -1.117128729820251465e+00 6.489516049623489380e-02 3.361161947250366211e-01 2.463794879974755270e-02 -3.776828304729511025e-03 4.129618121363105576e-01 9.104071884404210113e-01
1.520530432353700161e+09 -1.175041198730468750e+00 2.645885013043880463e-02 3.343563675880432129e-01 2.496242276350806727e-02 1.135037369489729376e-03 3.580903324011302513e-01 9.333525073522831450e-01
1.520530432403701067e+09 -1.236264348030090332e+00 -9.949986822903156281e-03 3.333171010017395020e-01 2.678750639834129310e-02 4.454099570185611826e-03 3.036182818745599143e-01 9.524067037823275017e-01
1.520530432453701973e+09 -1.295274019241333008e+00 -3.570104017853736877e-02 3.317217230796813965e-01 2.819714312550777521e-02 6.357990228099799461e-03 2.477000779237862882e-01 9.684054773060555288e-01
1.520530432503704071e+09 -1.352405071258544922e+00 -5.438755452632904053e-02 3.320257067680358887e-01 2.754713851246855250e-02 6.854852372348221520e-03 1.887813428881367217e-01 9.816087666357101726e-01
1.520530432553704977e+09 -1.407824635505676270e+00 -7.055069506168365479e-02 3.310309946537017822e-01 2.469729494108176618e-02 5.981716458717579316e-03 1.252911467861535788e-01 9.917945307511084607e-01
1.520530432603708029e+09 -1.461689233779907227e+00 -7.708356529474258423e-02 3.315559923648834229e-01 2.218555607522352049e-02 1.917818633063911142e-03 6.074819572722989919e-02 9.979046947425439518e-01
1.520530432653547764e+09 -1.510571122169494629e+00 -7.561335712671279907e-02 3.323872983455657959e-01 2.208877465440991714e-02 -4.569968983410149961e-03 -2.738375821388134082e-03 9.997418180288439871e-01
1.520530432703550100e+09 -1.556282997131347656e+00 -7.419546693563461304e-02 3.362886607646942139e-01 2.217546678514858288e-02 -1.073335676873887756e-02 -6.459570717849595634e-02 9.976073567989791613e-01
1.520530432753551006e+09 -1.595218300819396973e+00 -6.131980940699577332e-02 3.392757475376129150e-01 1.896322814029758469e-02 -1.421943528517034469e-02 -1.270511694759677568e-01 9.916129305194938404e-01
1.520530432803552866e+09 -1.627928376197814941e+00 -4.505652934312820435e-02 3.426147997379302979e-01 1.139981438850888595e-02 -1.548338245023224077e-02 -1.895012032255701251e-01 9.816922140242677619e-01
1.520530432853554010e+09 -1.654522538185119629e+00 -2.451805584132671356e-02 3.457638323307037354e-01 1.214621558491272690e-03 -1.604813670090219843e-02 -2.520573970804327879e-01 9.675784467318067072e-01
1.520530432903555870e+09 -1.675307631492614746e+00 5.141184199601411819e-03 3.481226563453674316e-01 -8.013414624316388471e-03 -1.744091023755566655e-02 -3.149993808917281868e-01 9.488977763036291480e-01
1.520530432953556776e+09 -1.688650846481323242e+00 4.003592208027839661e-02 3.493982553482055664e-01 -1.270544207095894267e-02 -1.969651998308102198e-02 -3.774805240818377428e-01 9.257208395522046329e-01
1.520530433003559113e+09 -1.683842062950134277e+00 7.963681221008300781e-02 3.537251055240631104e-01 -1.526362248101661122e-02 -2.465154393336621216e-02 -4.362299400666154181e-01 8.993679795278101130e-01
1.520530433053690434e+09 -1.679346561431884766e+00 1.207482516765594482e-01 3.537457883358001709e-01 -1.992916542536795482e-02 -3.130716894080264046e-02 -4.896929959576992730e-01 8.711047349477175628e-01
1.520530433103691578e+09 -1.669239521026611328e+00 1.648029834032058716e-01 3.541783988475799561e-01 -2.593878264876498668e-02 -3.669965985045600676e-02 -5.383319814846797557e-01 8.415337142576877483e-01
1.520530433153693438e+09 -1.648413777351379395e+00 2.083788216114044189e-01 3.553861081600189209e-01 -2.868840512387376904e-02 -3.804489652682976203e-02 -5.817715013692418280e-01 8.119553444951820298e-01
1.520530433203694344e+09 -1.620861887931823730e+00 2.544530034065246582e-01 3.549650013446807861e-01 -2.684649408534861906e-02 -3.549683282086284197e-02 -6.222333045646322169e-01 7.815657076059508990e-01
1.520530433253695488e+09 -1.586558222770690918e+00 3.010216355323791504e-01 3.537014424800872803e-01 -2.544926395690783050e-02 -3.204791887414797785e-02 -6.600835702109081327e-01 7.500766268838863216e-01
1.520530433303697586e+09 -1.545246720314025879e+00 3.487910032272338867e-01 3.518889248371124268e-01 -2.919628694468730246e-02 -3.076052322256113761e-02 -6.937178018838996429e-01 7.189972033249422134e-01
1.520530433353699446e+09 -1.501049160957336426e+00 3.924712240695953369e-01 3.512075245380401611e-01 -3.435877290258573802e-02 -2.994706812567686158e-02 -7.231910128133023363e-01 6.891425156100692284e-01
1.520530433403700590e+09 -1.451093077659606934e+00 4.360794425010681152e-01 3.516465425491333008e-01 -3.538404085199798460e-02 -2.714911516145079862e-02 -7.514108531144050307e-01 6.583256223335199886e-01
1.520530433453702450e+09 -1.396911978721618652e+00 4.765451252460479736e-01 3.510551154613494873e-01 -3.502373891426648067e-02 -2.357563393747135611e-02 -7.776650229121512270e-01 6.272596267383666602e-01
1.520530433503793478e+09 -1.338718295097351074e+00 5.146886110305786133e-01 3.498207330703735352e-01 -3.483543621072091034e-02 -1.914839283583533863e-02 -8.012340579025161169e-01 5.970291583271966074e-01
1.520530433553795338e+09 -1.278079032897949219e+00 5.498440861701965332e-01 3.477219641208648682e-01 -3.343159838390112604e-02 -1.403618100986635774e-02 -8.228435247635045302e-01 5.671100842049344726e-01
1.520530433603796482e+09 -1.211481690406799316e+00 5.844087004661560059e-01 3.450516462326049805e-01 -2.918189766272066138e-02 -9.782691493719986378e-03 -8.434047109428830513e-01 5.363965038619220582e-01
1.520530433653798580e+09 -1.142431020736694336e+00 6.138440370559692383e-01 3.417065739631652832e-01 -2.266202021388254509e-02 -1.029970637442467057e-02 -8.637737248414084634e-01 5.032646432663683278e-01
1.520530433703799486e+09 -1.069546103477478027e+00 6.407724618911743164e-01 3.390483260154724121e-01 -1.463404719867698531e-02 -1.659873078458578080e-02 -8.836574887082569996e-01 4.676107028808734190e-01
1.520530433753801584e+09 -9.947515130043029785e-01 6.614775657653808594e-01 3.372664451599121094e-01 -8.437119295243253325e-03 -2.613700886310543758e-02 -9.017644982638006734e-01 4.313542180815247429e-01
1.520530433803803444e+09 -9.171334505081176758e-01 6.813222169876098633e-01 3.362545073032379150e-01 -5.375133468580870107e-03 -3.402462296808938386e-02 -9.187603179571138812e-01 3.933101970702226891e-01
1.520530433853804350e+09 -8.390437364578247070e-01 6.947644352912902832e-01 3.359472453594207764e-01 -6.539283077450082707e-03 -3.717154871459438237e-02 -9.351600061251845730e-01 3.522091377107307575e-01
1.520530433903630733e+09 -7.581320405006408691e-01 7.053228616714477539e-01 3.340584337711334229e-01 -1.111629557337541312e-02 -3.527165052124568712e-02 -9.508137292760564518e-01 3.075477050188969996e-01
1.520530433953631878e+09 -6.760386824607849121e-01 7.102141976356506348e-01 3.314460217952728271e-01 -1.621826465016192390e-02 -3.060754597216013354e-02 -9.650528510261185966e-01 2.597559253369581267e-01
1.520530434003633738e+09 -5.930905938148498535e-01 7.072188258171081543e-01 3.281915485858917236e-01 -1.936843246141379052e-02 -2.617442421506791309e-02 -9.774579405380050545e-01 2.086042612704722965e-01
1.520530434053634644e+09 -5.086319446563720703e-01 6.973201036453247070e-01 3.242623805999755859e-01 -2.103967985180910452e-02 -2.477298142348953111e-02 -9.872958160425197027e-01 1.555332854666801323e-01
1.520530434103636742e+09 -4.242424368858337402e-01 6.788560748100280762e-01 3.199526667594909668e-01 -2.545099958716261906e-02 -2.709509119076186287e-02 -9.939038287738573008e-01 1.037944208618419573e-01
1.520530434153637648e+09 -3.387071490287780762e-01 6.564565300941467285e-01 3.162039220333099365e-01 -3.005386386250269437e-02 -3.299133541137738712e-02 -9.977150149494229403e-01 5.072559510918418085e-02
1.520530434203640699e+09 -2.522903978824615479e-01 6.290628314018249512e-01 3.138245642185211182e-01 -3.332344617323354519e-02 -4.027199133590216029e-02 -9.986205104267495969e-01 -4.979036452848182616e-03
1.520530434253641844e+09 -1.644510775804519653e-01 5.985996127128601074e-01 3.125123381614685059e-01 -3.691227341859940753e-02 -4.554772725234557118e-02 -9.963409847490979354e-01 -6.218947436997877137e-02
1.520530434303478003e+09 -7.671006768941879272e-02 5.637568831443786621e-01 3.115303516387939453e-01 -3.992159550715888849e-02 -4.838374491555261919e-02 -9.907262638632728935e-01 -1.205269659936322180e-01
1.520530434353481054e+09 1.089783292263746262e-02 5.237339735031127930e-01 3.103640377521514893e-01 -4.005263869169287810e-02 -4.926772481700730788e-02 -9.808186278583729267e-01 -1.842913363975825503e-01
1.520530434403481245e+09 9.560988843441009521e-02 4.776644408702850342e-01 3.092429041862487793e-01 -4.228755947370436974e-02 -4.705964488028143572e-02 -9.661650070754000952e-01 -2.500446584922220161e-01
1.520530434453483105e+09 1.807982325553894043e-01 4.288566708564758301e-01 3.065761923789978027e-01 -4.601854875077984741e-02 -4.232880171039037076e-02 -9.473169961990521859e-01 -3.141354396260304660e-01
1.520530434503484964e+09 2.623234689235687256e-01 3.753715455532073975e-01 3.023649752140045166e-01 -4.897207464692587137e-02 -3.542202389533770368e-02 -9.238657488214112590e-01 -3.779141361243149033e-01
1.520530434553486109e+09 3.389207422733306885e-01 3.186351954936981201e-01 2.974966168403625488e-01 -4.879335896965480979e-02 -2.924697376464911736e-02 -8.962454498037701889e-01 -4.398953470453009218e-01
1.520530434603488207e+09 4.090893268585205078e-01 2.597846090793609619e-01 2.937595546245574951e-01 -4.631910504991507138e-02 -2.701327751097885865e-02 -8.648829420127349676e-01 -4.991015126814241087e-01
1.520530434653488874e+09 4.709621965885162354e-01 1.995849609375000000e-01 2.923967838287353516e-01 -4.716200902749203422e-02 -2.466367821674432526e-02 -8.317239546759617186e-01 -5.526325280866937195e-01
1.520530434703655720e+09 5.229169726371765137e-01 1.380703002214431763e-01 2.933549284934997559e-01 -4.858531885303295911e-02 -1.962609658170723012e-02 -7.951509477735200226e-01 -6.041434046480915754e-01
1.520530434753657579e+09 5.648738741874694824e-01 7.708065956830978394e-02 2.957310080528259277e-01 -4.415539359967168148e-02 -1.333591366251033611e-02 -7.512905734462888008e-01 -6.583577514342719983e-01
1.520530434803658485e+09 5.963295698165893555e-01 2.041055820882320404e-02 2.996696829795837402e-01 -3.718599248631092313e-02 -5.950403775935871921e-03 -7.028152836957791694e-01 -7.103748810743049091e-01
1.520530434853722811e+09 6.162800788879394531e-01 -3.544449806213378906e-02 3.035205602645874023e-01 -3.247681302311026391e-02 -2.844559822407995197e-04 -6.507827128099452629e-01 -7.585690716133793865e-01
1.520530434903661728e+09 6.262930631637573242e-01 -8.555781096220016479e-02 3.075752556324005127e-01 -3.267824413533815947e-02 2.754615886270005923e-03 -5.931472945497180405e-01 -8.044257774461857080e-01
1.520530434953662634e+09 6.260013580322265625e-01 -1.281809061765670776e-01 3.107822239398956299e-01 -3.651486492100482900e-02 5.784075362490283083e-03 -5.318585317265938084e-01 -8.460258337318273814e-01
1.520530435003664732e+09 6.193598508834838867e-01 -1.631165593862533569e-01 3.129334747791290283e-01 -3.886455912193008400e-02 1.130412481068908924e-02 -4.694987080003632518e-01 -8.820049466939015037e-01
1.520530435053666592e+09 6.067491769790649414e-01 -1.899066865444183350e-01 3.138309717178344727e-01 -3.728259112963347444e-02 1.925180919884111191e-02 -4.056685113028496992e-01 -9.130566440142483531e-01
1.520530435103796482e+09 6.021197438240051270e-01 -1.935369521379470825e-01 3.148711323738098145e-01 -3.279057486611790251e-02 2.692908395670680355e-02 -3.392135468801673048e-01 -9.397519737942447993e-01
1.520530435153798580e+09 5.702353715896606445e-01 -2.010083645582199097e-01 3.158876597881317139e-01 -2.989801822659973740e-02 3.512438236194503210e-02 -2.681153003741132412e-01 -9.622819607449329959e-01
1.520530435203799486e+09 5.454444289207458496e-01 -1.955272257328033447e-01 3.176616132259368896e-01 -3.073443659493286031e-02 4.213375971877411641e-02 -1.945458949146054439e-01 -9.795060160463681109e-01
1.520530435253801584e+09 5.147792100906372070e-01 -1.791242957115173340e-01 3.173007965087890625e-01 -3.358666459834294682e-02 4.786942328641616284e-02 -1.213443899613191740e-01 -9.908864684212310703e-01
1.520530435303802490e+09 4.828926920890808105e-01 -1.498488932847976685e-01 3.174356520175933838e-01 -3.372091286940825938e-02 5.548743299908977938e-02 -5.181362636562873714e-02 -9.965437235451679587e-01
1.520530435353804350e+09 4.501439630985260010e-01 -1.143238767981529236e-01 3.170975744724273682e-01 -2.957650077242860581e-02 6.408445110686625257e-02 1.496469688681544528e-02 -9.973938397521190380e-01
1.520530435403806448e+09 4.174166917800903320e-01 -7.130190730094909668e-02 3.157910406589508057e-01 -2.436789461950446267e-02 6.941414522522429409e-02 7.878620061814985143e-02 -9.941733333511922899e-01
1.520530435453807354e+09 3.861526846885681152e-01 -1.665311120450496674e-02 3.194944262504577637e-01 -2.165063176965072861e-02 6.813387979925582261e-02 1.418818612068395435e-01 -9.872986184675631716e-01
1.520530435504085541e+09 3.534064590930938721e-01 3.970164433121681213e-02 3.160549998283386230e-01 -2.178402328222147147e-02 6.481503197673255112e-02 2.043673772166887670e-01 -9.765031710594014314e-01
1.520530435554087877e+09 3.229113221168518066e-01 1.023947745561599731e-01 3.123597502708435059e-01 -2.365712239695158189e-02 6.322216926157417372e-02 2.656973276538359685e-01 -9.616902973158077961e-01
1.520530435604088783e+09 2.934990525245666504e-01 1.705595105886459351e-01 3.089915812015533447e-01 -2.363530980690746811e-02 6.508081063457539506e-02 3.240547605484461191e-01 -9.435011247387928845e-01
1.520530435654090881e+09 2.672209143638610840e-01 2.413856089115142822e-01 3.033828735351562500e-01 -2.208675986645161626e-02 6.564277362138670746e-02 3.799141021391300721e-01 -9.224253228883688704e-01
1.520530435704091787e+09 2.460174858570098877e-01 3.157342076301574707e-01 2.989594340324401855e-01 -2.027411404631192932e-02 6.298625525938363057e-02 4.343377092857665378e-01 -8.983164510574377370e-01
1.520530435754093647e+09 2.285908907651901245e-01 3.921139538288116455e-01 2.958336770534515381e-01 -1.963519512560995411e-02 5.943753816030842435e-02 4.860149213653631728e-01 -8.717058760729108347e-01
1.520530435804095745e+09 2.151184827089309692e-01 4.752565622329711914e-01 2.954910397529602051e-01 -2.123200298964072336e-02 5.814858055842036383e-02 5.339361339576786936e-01 -8.432556845242235033e-01
1.520530435854096651e+09 2.086567431688308716e-01 5.527600049972534180e-01 2.910664379596710205e-01 -2.671088493519152215e-02 5.766809764636818270e-02 5.777355688321672567e-01 -8.137459871765881925e-01
1.520530435904098749e+09 2.138294577598571777e-01 6.255279183387756348e-01 2.854000627994537354e-01 -3.326235500596411154e-02 5.721015120265512260e-02 6.193084920025208051e-01 -7.823538880023479525e-01
1.520530435953834772e+09 2.207163870334625244e-01 6.995090842247009277e-01 2.808412909507751465e-01 -3.814982732416934835e-02 5.622827246623264552e-02 6.618138095511291175e-01 -7.465825162284616123e-01
1.520530436003837109e+09 2.363363355398178101e-01 7.715766429901123047e-01 2.784180641174316406e-01 -3.839909915394931761e-02 5.736385859160292311e-02 7.037797359511139828e-01 -7.070565608041750050e-01
1.520530436053838015e+09 2.513762712478637695e-01 8.440656661987304688e-01 2.787878215312957764e-01 -3.624325571243484229e-02 6.023208346499356325e-02 7.448097967079051474e-01 -6.635637793496249603e-01
1.520530436103839159e+09 2.711496055126190186e-01 9.102105498313903809e-01 2.790522575378417969e-01 -3.424827449499008580e-02 6.353107220034837077e-02 7.846955215684581209e-01 -6.156653287213723624e-01
1.520530436153841019e+09 2.902504801750183105e-01 9.760737419128417969e-01 2.799879908561706543e-01 -3.238346352347244717e-02 6.592501546566838233e-02 8.215434956174449965e-01 -5.653949844442773820e-01
1.520530436203842878e+09 3.101023733615875244e-01 1.029852628707885742e+00 2.807458937168121338e-01 -2.828517287237321612e-02 6.648609285629293597e-02 8.531436040480909755e-01 -5.166483710650006111e-01
1.520530436253844023e+09 3.333493769168853760e-01 1.078097224235534668e+00 2.809245586395263672e-01 -2.233518381311457371e-02 6.581147487620005176e-02 8.796364300763970245e-01 -4.705419643571711608e-01
1.520530436303845882e+09 3.548546135425567627e-01 1.119400024414062500e+00 2.812494635581970215e-01 -1.796338797984172592e-02 6.612696147117681778e-02 9.011232969967140072e-01 -4.281137060041957376e-01
1.520530436353955507e+09 3.739067018032073975e-01 1.150287628173828125e+00 2.807250022888183594e-01 -1.642408193283256823e-02 6.787954152320507806e-02 9.187493759910556612e-01 -3.886157504416268837e-01
1.520530436403957605e+09 3.870654404163360596e-01 1.175709486007690430e+00 2.793059051036834717e-01 -1.598923085182623466e-02 6.996475864100447362e-02 9.325734322151670863e-01 -3.537740388602534924e-01
1.520530436453978539e+09 3.939751386642456055e-01 1.195721030235290527e+00 2.772984802722930908e-01 -1.581391473458811439e-02 7.120287272310850402e-02 9.426894590604868451e-01 -3.256019883124037784e-01
1.520530436503960371e+09 3.924780786037445068e-01 1.209130406379699707e+00 2.763949334621429443e-01 -1.587651621063978016e-02 7.077591648196120133e-02 9.494129126815228359e-01 -3.055385853091865389e-01
1.520530436553961515e+09 3.801201581954956055e-01 1.217050790786743164e+00 2.768284678459167480e-01 -1.653903437841344401e-02 6.809872727681207105e-02 9.541370895575793654e-01 -2.910522942972622040e-01
1.520530436603963375e+09 3.576395213603973389e-01 1.223996281623840332e+00 2.797665894031524658e-01 -1.585566016677991338e-02 6.270087314491874786e-02 9.570000468774643165e-01 -2.827863306881569505e-01
1.520530436653965473e+09 3.263029754161834717e-01 1.224883556365966797e+00 2.853715717792510986e-01 -1.166838144617439108e-02 5.431722181347631295e-02 9.579327837962813286e-01 -2.815639714473409105e-01
1.520530436703966618e+09 2.854262292385101318e-01 1.220515966415405273e+00 2.949841916561126709e-01 -6.660916421951833082e-03 4.196729166904436537e-02 9.565156762980856486e-01 -2.885691245064188060e-01
1.520530436754030943e+09 2.369655966758728027e-01 1.212282061576843262e+00 3.090158700942993164e-01 -3.553855685281280801e-03 2.309386982338347896e-02 9.528523647956856912e-01 -3.025333274031445918e-01
1.520530436804032087e+09 1.828897446393966675e-01 1.199058771133422852e+00 3.290158212184906006e-01 3.264345657249129997e-04 -3.181008182917275870e-03 9.472710471926272247e-01 -3.204174429989695705e-01
1.520530436854033947e+09 1.265037059783935547e-01 1.179965972900390625e+00 3.544490337371826172e-01 4.098712651067133381e-03 -3.715306265519847245e-02 9.389969062201037886e-01 -3.418883744718680950e-01
1.520530436904034853e+09 6.739372014999389648e-02 1.154396533966064453e+00 3.805234730243682861e-01 4.854452677497528984e-03 -7.821267651869065474e-02 9.263536703416175300e-01 -3.684129326796203308e-01
1.520530436954037189e+09 7.859831675887107849e-03 1.122363567352294922e+00 4.069714844226837158e-01 3.684058615531903263e-03 -1.223220247240466435e-01 9.070398985250571755e-01 -4.028676860498753842e-01
1.520530437004039049e+09 -5.308294296264648438e-02 1.083361029624938965e+00 4.298339784145355225e-01 1.334409662109748318e-04 -1.599900464127250177e-01 8.801825636963583888e-01 -4.468577198698360231e-01
1.520530437054040194e+09 -1.141465157270431519e-01 1.039480090141296387e+00 4.472108185291290283e-01 -8.658159593298565132e-03 -1.866422906511761015e-01 8.478588529539071716e-01 -4.962106982730459248e-01
1.520530437104042053e+09 -1.691046357154846191e-01 9.818517565727233887e-01 4.487546086311340332e-01 -1.805646178065342666e-02 -2.005663833610101809e-01 8.099894014198627534e-01 -5.507851301922923604e-01
1.520530437153533459e+09 -2.177782952785491943e-01 9.199341535568237305e-01 4.396433532238006592e-01 -3.005085298442746258e-02 -2.034956667569526034e-01 7.683118629269493072e-01 -6.061215563991861899e-01
1.520530437203535795e+09 -2.605257928371429443e-01 8.534364104270935059e-01 4.216049909591674805e-01 -4.359160201497169068e-02 -1.976452098271141711e-01 7.227790086781663570e-01 -6.607773058151827916e-01
1.520530437253536701e+09 -2.918081581592559814e-01 7.830966711044311523e-01 3.910886645317077637e-01 -5.758221104089522591e-02 -1.829839954102964183e-01 6.733925972696475082e-01 -7.139632738017865909e-01
1.520530437303538561e+09 -3.124291002750396729e-01 7.126193046569824219e-01 3.512505590915679932e-01 -7.428814106227589475e-02 -1.593559604171443933e-01 6.214921169483512697e-01 -7.634359819579489281e-01
1.520530437353539705e+09 -3.241222798824310303e-01 6.443188786506652832e-01 3.057852685451507568e-01 -9.647413333902495058e-02 -1.303801535304741910e-01 5.683830374967293597e-01 -8.066191665512576492e-01
1.520530437403542519e+09 -3.263369202613830566e-01 5.795586705207824707e-01 2.563682794570922852e-01 -1.236636043107831040e-01 -1.005290882179158268e-01 5.135007216109797046e-01 -8.431596671425548584e-01
1.520530437453544617e+09 -3.189848065376281738e-01 5.191785097122192383e-01 2.080578505992889404e-01 -1.503797896660630518e-01 -6.738933822731586754e-02 4.545805984107034181e-01 -8.753291241023811731e-01
1.520530437503544569e+09 -3.030896186828613281e-01 4.649273157119750977e-01 1.678181141614913940e-01 -1.694237606698369702e-01 -3.140156747361379924e-02 3.912126162841424448e-01 -9.040255636544832774e-01
1.520530437553870440e+09 -2.820648252964019775e-01 4.172267615795135498e-01 1.388755291700363159e-01 -1.786261310017598636e-01 -3.550741451177973182e-04 3.254090474876592531e-01 -9.285480768699420073e-01
1.520530437603872299e+09 -2.575135231018066406e-01 3.758598566055297852e-01 1.220093294978141785e-01 -1.825700761751430090e-01 2.135316913196954811e-02 2.634909539720968197e-01 -9.469871839831299765e-01
1.520530437653873205e+09 -2.342950552701950073e-01 3.426764309406280518e-01 1.209055110812187195e-01 -1.834122124688345457e-01 4.123703837435724329e-02 2.039515263949005786e-01 -9.607618028755041673e-01
1.520530437703875542e+09 -2.151238322257995605e-01 3.150357604026794434e-01 1.305959522724151611e-01 -1.817112918678348288e-01 5.804949700489252934e-02 1.487407011829073034e-01 -9.703027703334761167e-01
1.520530437753876209e+09 -2.033399194478988647e-01 2.915943264961242676e-01 1.480137854814529419e-01 -1.714223463837257766e-01 7.522192551634944435e-02 9.450966807338111175e-02 -9.777647793424399936e-01
1.520530437803878307e+09 -1.978514641523361206e-01 2.722984850406646729e-01 1.724168062210083008e-01 -1.503098702039682710e-01 9.128224521548396198e-02 3.925650425692267520e-02 -9.836327676024282374e-01
1.520530437853879452e+09 -1.993277668952941895e-01 2.570587992668151855e-01 2.024462074041366577e-01 -1.216549837732206069e-01 1.091059488895081697e-01 -1.308512276841626229e-02 -9.864708492409661744e-01
1.520530437903881311e+09 -2.101856619119644165e-01 2.431222647428512573e-01 2.363731116056442261e-01 -9.434796733994940676e-02 1.272424888182966396e-01 -5.441187616374044966e-02 -9.858738042115162692e-01
1.520530437954482079e+09 -2.275725603103637695e-01 2.299373894929885864e-01 2.694739401340484619e-01 -6.889838556840202632e-02 1.445980632707054847e-01 -7.930975958471203624e-02 -9.838975427345287850e-01
1.520530438004481077e+09 -2.513059973716735840e-01 2.208407968282699585e-01 3.012736439704895020e-01 -4.263602576790542775e-02 1.636695274498730368e-01 -8.469530959181673091e-02 -9.819476358870671273e-01
1.520530438054484129e+09 -2.866369485855102539e-01 2.113449275493621826e-01 3.241469264030456543e-01 -1.656126422946694807e-02 1.830849057806789859e-01 -7.242471749793825964e-02 -9.802858267351137744e-01
1.520530438104484081e+09 -3.326991498470306396e-01 2.039196640253067017e-01 3.416118621826171875e-01 6.205936779544523989e-03 2.005588822388735815e-01 -4.481351293060144986e-02 -9.786364851989735048e-01
1.520530438154486179e+09 -3.843516409397125244e-01 1.967867612838745117e-01 3.491766154766082764e-01 2.297103123194901148e-02 2.134029180461528841e-01 -4.150389986718854181e-03 -9.766853641559731791e-01
1.520530438204487085e+09 -4.400276541709899902e-01 1.887317895889282227e-01 3.469101488590240479e-01 3.264559712345539016e-02 2.254341329455117893e-01 4.548001159738875726e-02 -9.726485928826812399e-01
1.520530438254489183e+09 -5.039628744125366211e-01 1.749251782894134521e-01 3.515741229057312012e-01 3.283784415528954309e-02 2.345998497365950064e-01 1.010108924826248061e-01 -9.662719007063507171e-01
1.520530438304490089e+09 -5.658752322196960449e-01 1.705911308526992798e-01 3.379481136798858643e-01 2.558845687768535049e-02 2.427183393902529462e-01 1.599717640826785470e-01 -9.564737703118327827e-01
1.520530438354491949e+09 -6.249150633811950684e-01 1.707829833030700684e-01 3.191302418708801270e-01 1.251480205322137891e-02 2.527409377992917427e-01 2.196997601347191742e-01 -9.421769544446786382e-01
1.520530438403620958e+09 -6.832180619239807129e-01 1.784985959529876709e-01 3.006196022033691406e-01 -5.532321164937107141e-03 2.610245775473947205e-01 2.803915559029021565e-01 -9.236969950785169914e-01
1.520530438453622818e+09 -7.400166392326354980e-01 1.921571493148803711e-01 2.798125147819519043e-01 -3.127134446615158908e-02 2.642838832613200184e-01 3.447918136288348201e-01 -9.001637280618094428e-01
1.520530438503623962e+09 -7.908541560173034668e-01 2.117818742990493774e-01 2.588404417037963867e-01 -6.274195608232831234e-02 2.622064288405983046e-01 4.042590162404286480e-01 -8.740056541063931927e-01
1.520530438553626060e+09 -8.358731865882873535e-01 2.354638278484344482e-01 2.395606786012649536e-01 -9.384624020397468180e-02 2.557134657026443048e-01 4.597978345556051893e-01 -8.452156281067553234e-01
1.520530438603627920e+09 -8.756868839263916016e-01 2.582645714282989502e-01 2.221570760011672974e-01 -1.175439921470884524e-01 2.503448059837259376e-01 5.098631241739149944e-01 -8.145860805554627770e-01
1.520530438653629065e+09 -9.105674028396606445e-01 2.845750749111175537e-01 2.094273716211318970e-01 -1.334463469458722629e-01 2.465314050816088398e-01 5.545646988568555535e-01 -7.835000533357319163e-01
1.520530438703630924e+09 -9.410097599029541016e-01 3.141553103923797607e-01 1.980243176221847534e-01 -1.400622932822939426e-01 2.407126866887423222e-01 5.944269510676122303e-01 -7.543848860575445014e-01
1.520530438753632069e+09 -9.706988334655761719e-01 3.429191708564758301e-01 1.901455521583557129e-01 -1.408000833132482810e-01 2.253815744422998923e-01 6.299956798451732398e-01 -7.297149620347045396e-01
1.520530438804389477e+09 -9.966323375701904297e-01 3.667435348033905029e-01 1.878196746110916138e-01 -1.379328316568408652e-01 1.986163926536000379e-01 6.614832621419152181e-01 -7.099055968412186779e-01
1.520530438854391575e+09 -1.022236704826354980e+00 3.865084648132324219e-01 1.872844845056533813e-01 -1.346013474655730069e-01 1.625318888119992589e-01 6.871379249715979798e-01 -6.952030886333738779e-01
1.520530438904392481e+09 -1.045261621475219727e+00 4.038653075695037842e-01 1.880114972591400146e-01 -1.270553594090117755e-01 1.213418147335662695e-01 7.070996624530625496e-01 -6.849402652796641178e-01
1.520530438954394579e+09 -1.072362184524536133e+00 4.185399413108825684e-01 1.931362897157669067e-01 -1.142186279657344677e-01 8.225539932670182519e-02 7.222234484648429875e-01 -6.771864180525039023e-01
1.520530439004395723e+09 -1.097650170326232910e+00 4.217671155929565430e-01 2.002053707838058472e-01 -1.018322748146806289e-01 5.167525841362109046e-02 7.334371570525678452e-01 -6.700968527971159494e-01
1.520530439054397583e+09 -1.126773953437805176e+00 4.255943298339843750e-01 2.059789150953292847e-01 -9.217040617094779398e-02 3.355993941280122073e-02 7.390737833949165836e-01 -6.664445133626774043e-01
1.520530439104398727e+09 -1.153013586997985840e+00 4.263338744640350342e-01 2.118066847324371338e-01 -8.402124540971858679e-02 2.466825694551765674e-02 7.418151871959186572e-01 -6.648624936515473705e-01
1.520530439154400587e+09 -1.180010676383972168e+00 4.233893156051635742e-01 2.177002727985382080e-01 -7.341659596955588118e-02 2.181238989086692337e-02 7.410618443630637708e-01 -6.670543950179073089e-01
1.520530439204653978e+09 -1.208393692970275879e+00 4.170896708965301514e-01 2.221906483173370361e-01 -6.165825652517851335e-02 2.283628872216346764e-02 7.359665128024092118e-01 -6.738175237800917428e-01
1.520530439254654884e+09 -1.240082263946533203e+00 4.065382182598114014e-01 2.265879213809967041e-01 -4.937968339610288721e-02 2.641107294277664566e-02 7.274083401612442268e-01 -6.839160831253903172e-01
1.520530439304656982e+09 -1.265129446983337402e+00 3.922279775142669678e-01 2.303833067417144775e-01 -4.094973274001209584e-02 2.817307645315330830e-02 7.184022783409428348e-01 -6.938498134511739135e-01
1.520530439354658842e+09 -1.290739893913269043e+00 3.772389590740203857e-01 2.329882383346557617e-01 -3.617801859091215877e-02 2.569747135598452262e-02 7.109138309260977229e-01 -7.018777072501475311e-01
1.520530439404659748e+09 -1.316724658012390137e+00 3.650658428668975830e-01 2.354728430509567261e-01 -3.240468540569948347e-02 2.149183739218510011e-02 7.062722637383430646e-01 -7.068716480119866530e-01
1.520530439454660892e+09 -1.339615941047668457e+00 3.543786406517028809e-01 2.370153814554214478e-01 -2.663012272630799204e-02 2.020112322612622330e-02 7.025301100071933424e-01 -7.108686205743401931e-01
1.520530439504662991e+09 -1.360103964805603027e+00 3.448472619056701660e-01 2.374322712421417236e-01 -2.148872660270705753e-02 2.015680129727013409e-02 7.011804720236877175e-01 -7.123748196301545876e-01
1.520530439554665089e+09 -1.377146005630493164e+00 3.368515074253082275e-01 2.375262230634689331e-01 -1.991895619666801676e-02 1.804605529182697413e-02 7.040004848322599651e-01 -7.096907019458423838e-01
1.520530439604176998e+09 -1.392434716224670410e+00 3.302743732929229736e-01 2.367484569549560547e-01 -1.829053052547683494e-02 1.691796783147681352e-02 7.118533111712040951e-01 -7.018861034613397276e-01
1.520530439654178143e+09 -1.406604766845703125e+00 3.260119557380676270e-01 2.352562099695205688e-01 -1.612012010270991169e-02 1.905231085586076012e-02 7.238064653997576814e-01 -6.895515584961251498e-01
1.520530439704262972e+09 -1.418573021888732910e+00 3.241254985332489014e-01 2.317512780427932739e-01 -1.506797551462663899e-02 2.304627863246509756e-02 7.399566546897623498e-01 -6.720907485863953923e-01
1.520530439754182100e+09 -1.427651643753051758e+00 3.253146409988403320e-01 2.276477366685867310e-01 -1.534870985962558630e-02 2.880228273514428075e-02 7.591259486308684634e-01 -6.501250954471561316e-01
1.520530439804183245e+09 -1.434315443038940430e+00 3.294107615947723389e-01 2.230765074491500854e-01 -1.761692439735132801e-02 3.341548258672164678e-02 7.808017126282679188e-01 -6.236358994277332313e-01
1.520530439854185104e+09 -1.436272740364074707e+00 3.350712358951568604e-01 2.187342196702957153e-01 -1.923926839450775667e-02 3.826166157275592838e-02 8.028633259634676556e-01 -5.946228852207210425e-01
1.520530439904186010e+09 -1.435055732727050781e+00 3.412002325057983398e-01 2.150905132293701172e-01 -2.171569462843604345e-02 4.453057721115531026e-02 8.254180506681554341e-01 -5.623437542386581223e-01
1.520530439954188108e+09 -1.429501891136169434e+00 3.464113175868988037e-01 2.126426696777343750e-01 -2.514186961104370246e-02 5.250392274541069298e-02 8.475689553609286886e-01 -5.274827868254937657e-01
1.520530440004098654e+09 -1.422901391983032227e+00 3.508751392364501953e-01 2.112965285778045654e-01 -2.485320873415153287e-02 6.159271881600955623e-02 8.665777883054016639e-01 -4.946024583644801353e-01
1.520530440054100752e+09 -1.412861108779907227e+00 3.546718358993530273e-01 2.113622277975082397e-01 -2.178075079094489441e-02 7.000848376237189807e-02 8.824550759246796439e-01 -4.646476622894428754e-01
1.520530440104101658e+09 -1.400582909584045410e+00 3.595896363258361816e-01 2.124372422695159912e-01 -1.939283630043858384e-02 7.691147709893113305e-02 8.956365336616733952e-01 -4.376571056902737178e-01
1.520530440154103756e+09 -1.385772943496704102e+00 3.652201294898986816e-01 2.132407128810882568e-01 -1.841471079860584198e-02 8.154452246256900516e-02 9.085206600117371467e-01 -4.093917434614345319e-01
1.520530440204105854e+09 -1.367874503135681152e+00 3.720462918281555176e-01 2.146394103765487671e-01 -1.778485932474463752e-02 8.458763791953399780e-02 9.211244241107745534e-01 -3.795502938960620964e-01
1.520530440254106760e+09 -1.346786499023437500e+00 3.796301782131195068e-01 2.166311293840408325e-01 -1.552848797290284910e-02 8.672790454220254130e-02 9.322399533959397910e-01 -3.509498624124679500e-01
1.520530440304108620e+09 -1.322876095771789551e+00 3.888102471828460693e-01 2.183112055063247681e-01 -1.242302891999349373e-02 8.804765911929855748e-02 9.420367290169162633e-01 -3.235121006379414466e-01
1.520530440354109764e+09 -1.295659184455871582e+00 3.978531956672668457e-01 2.200317084789276123e-01 -1.200553708135329752e-02 8.743160477320625901e-02 9.512097307083622333e-01 -2.956545784727426796e-01
1.520530440404111624e+09 -1.266926646232604980e+00 4.069938063621520996e-01 2.221276015043258667e-01 -1.298090532557246227e-02 8.624182617654420346e-02 9.594216320206140347e-01 -2.681491665576544170e-01
1.520530440453976631e+09 -1.235862374305725098e+00 4.153600931167602539e-01 2.239530533552169800e-01 -1.242254140649952029e-02 8.460305056424002879e-02 9.670470551625381939e-01 -2.398082513211157452e-01
1.520530440503978729e+09 -1.203487038612365723e+00 4.230812489986419678e-01 2.252959460020065308e-01 -9.332271638165490560e-03 8.235292364642547713e-02 9.735573514957966967e-01 -2.128778711408190749e-01
1.520530440553979635e+09 -1.169175863265991211e+00 4.305348694324493408e-01 2.257777303457260132e-01 -5.602876173542157764e-03 8.023065304893468863e-02 9.791083306948211717e-01 -1.867579365219217691e-01
1.520530440603981733e+09 -1.133967757225036621e+00 4.369753599166870117e-01 2.255041599273681641e-01 -7.764262855171183940e-04 7.958463737506102365e-02 9.834379424516861423e-01 -1.628357945984150457e-01
1.520530440653983831e+09 -1.096949815750122070e+00 4.421848952770233154e-01 2.245622128248214722e-01 4.868844628864821104e-03 8.119787450631336945e-02 9.866866681842574316e-01 -1.408283293768907152e-01
1.520530440703985691e+09 -1.056727528572082520e+00 4.460811614990234375e-01 2.229150086641311646e-01 7.455581777577858192e-03 8.347921272946190463e-02 9.892663905235176136e-01 -1.196981366730426183e-01
1.520530440753986597e+09 -1.016899943351745605e+00 4.493882060050964355e-01 2.212352156639099121e-01 9.075974858818698990e-03 8.615661980263647490e-02 9.910023604575214362e-01 -1.020244338978013726e-01
1.520530440803988934e+09 -9.774581789970397949e-01 4.519874453544616699e-01 2.196180224418640137e-01 9.192441285255207456e-03 8.905785980495692367e-02 9.922660260124686049e-01 -8.597866160624267895e-02
1.520530440853871346e+09 -9.371767640113830566e-01 4.553826749324798584e-01 2.166607975959777832e-01 9.465503842809081317e-03 9.243200138451665437e-02 9.932019682392294602e-01 -7.011832601235630513e-02
1.520530440903872252e+09 -8.949932456016540527e-01 4.578680098056793213e-01 2.133682966232299805e-01 1.198410934165950598e-02 9.643234625581569019e-02 9.938113244201408625e-01 -5.381668117945880014e-02
1.520530440953874350e+09 -8.529136180877685547e-01 4.596778750419616699e-01 2.100707739591598511e-01 1.476721771427816528e-02 1.005425173166804298e-01 9.941677629157810170e-01 -3.610527207535498689e-02
1.520530441003875494e+09 -8.104422092437744141e-01 4.614589810371398926e-01 2.063277810811996460e-01 1.646987256030697788e-02 1.043809370019979504e-01 9.942876732614517321e-01 -1.501286410919116902e-02
1.520530441053876400e+09 -7.671092748641967773e-01 4.620136618614196777e-01 2.027546912431716919e-01 1.589402296006098975e-02 1.091819652643404165e-01 9.938423169928355394e-01 1.020428583849695807e-02
1.520530441103878260e+09 -7.235112786293029785e-01 4.601953029632568359e-01 1.995404362678527832e-01 1.585792874515337680e-02 1.149459287381820183e-01 9.924808353401755046e-01 3.895832446214384653e-02
1.520530441153883219e+09 -6.801133751869201660e-01 4.579532742500305176e-01 1.983353942632675171e-01 1.969193139039014662e-02 1.207075286823615645e-01 9.900062834382574728e-01 7.021024932501991611e-02
1.520530441203881264e+09 -6.367171406745910645e-01 4.541693329811096191e-01 1.982832252979278564e-01 2.597949265837909416e-02 1.246751464916966562e-01 9.863027275379538938e-01 1.048241549437923664e-01
1.520530441253889084e+09 -5.935252904891967773e-01 4.496414065361022949e-01 1.986941993236541748e-01 3.419661137223533459e-02 1.249770666685501574e-01 9.812822307028156166e-01 1.424658144415258954e-01
1.520530441303927183e+09 -5.516191124916076660e-01 4.448747932910919189e-01 1.986880004405975342e-01 4.226923016608075817e-02 1.218490203163997559e-01 9.747184911962654130e-01 1.824554503137032491e-01
1.520530441353891850e+09 -5.107237100601196289e-01 4.387092888355255127e-01 1.990540176630020142e-01 4.902221109037229602e-02 1.166930981713540233e-01 9.662959273245350644e-01 2.241689641654224796e-01
1.520530441403892994e+09 -4.734087884426116943e-01 4.305593967437744141e-01 1.999421715736389160e-01 5.456091182537599338e-02 1.109805124459500303e-01 9.555562838469610076e-01 2.676165562116885055e-01
1.520530441453895092e+09 -4.315141141414642334e-01 4.209665954113006592e-01 2.003954797983169556e-01 5.798919575205933874e-02 1.055046184829196987e-01 9.427679901167662635e-01 3.109574656862186259e-01
1.520530441503895998e+09 -3.932052850723266602e-01 4.111593365669250488e-01 2.012974768877029419e-01 5.878934186115799404e-02 1.002341197531894101e-01 9.288301344554766859e-01 3.518117619526897610e-01
1.520530441553898096e+09 -3.562503457069396973e-01 4.013595581054687500e-01 2.032507658004760742e-01 5.736108989115851209e-02 9.480897664537205061e-02 9.148046567313414812e-01 3.883985109866001650e-01
1.520530441603899002e+09 -3.211512565612792969e-01 3.944772183895111084e-01 2.055411934852600098e-01 5.225904654372645619e-02 8.867829399030338622e-02 9.013313597607013339e-01 4.207219178284337668e-01
1.520530441654083014e+09 -2.868022620677947998e-01 3.908206522464752197e-01 2.106124311685562134e-01 4.227798944776527817e-02 8.009712702833107767e-02 8.888364541713874578e-01 4.491845718478065796e-01
1.520530441704083920e+09 -2.549511194229125977e-01 3.918074369430541992e-01 2.181712388992309570e-01 3.059598429546294893e-02 6.857604112713112932e-02 8.785203156316329087e-01 4.717661150939284620e-01
1.520530441754085779e+09 -2.197544127702713013e-01 4.017429053783416748e-01 2.277360558509826660e-01 1.715684260816020129e-02 5.546693718664542222e-02 8.702032914673268893e-01 4.892599443550250671e-01
1.520530441804087877e+09 -1.952379941940307617e-01 4.088190793991088867e-01 2.417849451303482056e-01 1.975643329067702358e-03 4.109107827028495724e-02 8.653400017094902141e-01 4.994940455715573546e-01
1.520530441854088783e+09 -1.688953787088394165e-01 4.254910051822662354e-01 2.598213255405426025e-01 -1.575403418987322141e-02 2.845150318737710640e-02 8.640635902456470507e-01 5.023310008201025134e-01
1.520530441904090643e+09 -1.470092982053756714e-01 4.484522342681884766e-01 2.793774902820587158e-01 -3.604480863442192234e-02 1.651182895936478476e-02 8.653562941042435286e-01 4.995864445009436383e-01
1.520530441954091787e+09 -1.286214590072631836e-01 4.769792556762695312e-01 2.997149229049682617e-01 -5.851756896451394685e-02 4.222093895613395625e-03 8.689493154700589361e-01 4.914111874893936083e-01
1.520530442004093885e+09 -1.157839447259902954e-01 5.089929699897766113e-01 3.190351128578186035e-01 -8.019693523655095635e-02 -9.139670514918088115e-03 8.745850465676209273e-01 4.781065930541593123e-01
1.520530442054029703e+09 -1.079071685671806335e-01 5.439813137054443359e-01 3.357083201408386230e-01 -9.610286415186143627e-02 -2.145310710963926198e-02 8.823564615850982840e-01 4.601641863467607063e-01
1.520530442104031801e+09 -1.039436459541320801e-01 5.792652368545532227e-01 3.508831560611724854e-01 -1.055610610212077000e-01 -2.911302959989235661e-02 8.919594146560511083e-01 4.386544158104730973e-01
1.520530442154033661e+09 -1.038361564278602600e-01 6.176970601081848145e-01 3.596955239772796631e-01 -1.120527610651580741e-01 -3.244576232002681360e-02 9.036950472798007672e-01 4.119790198142445070e-01
1.520530442204034567e+09 -1.120555400848388672e-01 6.557901501655578613e-01 3.623288273811340332e-01 -1.167638900423593751e-01 -3.239825374941336655e-02 9.167258759317314931e-01 3.806970127717895225e-01
1.520530442254037619e+09 -1.266813576221466064e-01 6.927660107612609863e-01 3.588785827159881592e-01 -1.196566419159271061e-01 -2.754313433233243624e-02 9.305817263547739859e-01 3.448786951539964951e-01
1.520530442304037809e+09 -1.452705860137939453e-01 7.308000326156616211e-01 3.511407077312469482e-01 -1.180745254049736237e-01 -1.627776165180508383e-02 9.451067170072958712e-01 3.042478174016840509e-01
1.520530442354039669e+09 -1.699406206607818604e-01 7.645218372344970703e-01 3.376152813434600830e-01 -1.126822618951930227e-01 7.651666112404497061e-04 9.590444043236817651e-01 2.598768033312600090e-01
1.520530442404041767e+09 -1.996150761842727661e-01 7.950903773307800293e-01 3.188581466674804688e-01 -1.036806232515527088e-01 2.160716195023711789e-02 9.715662382487704196e-01 2.117604864221828143e-01
1.520530442453713655e+09 -2.347389012575149536e-01 8.187751770019531250e-01 2.964996695518493652e-01 -9.462138817157063342e-02 4.618712047768706863e-02 9.816399016143527723e-01 1.590491947827089303e-01
1.520530442503715754e+09 -2.734268307685852051e-01 8.356550335884094238e-01 2.719066739082336426e-01 -8.531395231706123683e-02 7.377239962991867517e-02 9.883330332042937760e-01 1.023571105008634352e-01
1.520530442553716660e+09 -3.139428794384002686e-01 8.462240695953369141e-01 2.473697513341903687e-01 -7.812566458230567334e-02 1.026341613185626223e-01 9.907018977340894539e-01 4.327076715384516048e-02
1.520530442603718758e+09 -3.546374142169952393e-01 8.510797023773193359e-01 2.240770310163497925e-01 -7.421586132211817344e-02 1.281293241020278195e-01 9.888533839300401862e-01 -1.561625190249963692e-02
1.520530442653720617e+09 -3.950104117393493652e-01 8.495586514472961426e-01 2.044645100831985474e-01 -7.109380971572520913e-02 1.482173740651964722e-01 9.836341937779444766e-01 -7.376349419689319509e-02
1.520530442703721523e+09 -4.339447915554046631e-01 8.422470092773437500e-01 1.892205923795700073e-01 -6.697733616406011115e-02 1.640289852344945232e-01 9.754481789513050893e-01 -1.308028234553487712e-01
1.520530442753722668e+09 -4.689370393753051758e-01 8.314950466156005859e-01 1.801571100950241089e-01 -6.031297283622313876e-02 1.780558009755910387e-01 9.645092705687607904e-01 -1.854193734039524533e-01
1.520530442803724527e+09 -4.992995560169219971e-01 8.187352418899536133e-01 1.766184717416763306e-01 -5.230946043091541653e-02 1.916176074677787278e-01 9.509584730344210479e-01 -2.371168391780585638e-01
1.520530442853725672e+09 -5.231542587280273438e-01 8.062864542007446289e-01 1.805119514465332031e-01 -4.525166171064285564e-02 2.024173512878491288e-01 9.357780561750405068e-01 -2.851296767986452041e-01
1.520530442904376507e+09 -5.414986610412597656e-01 7.935504317283630371e-01 1.905976533889770508e-01 -3.831821078959662258e-02 2.065157818889311603e-01 9.199930179022898225e-01 -3.309014861914713057e-01
1.520530442954377651e+09 -5.534369349479675293e-01 7.820349931716918945e-01 2.060989737510681152e-01 -2.896726904354313126e-02 2.017553785381998033e-01 9.057511788015288889e-01 -3.715783452445896584e-01
1.520530443004379511e+09 -5.597959756851196289e-01 7.723701000213623047e-01 2.266544550657272339e-01 -1.616449414326543571e-02 1.864281682049321043e-01 8.942541184028708345e-01 -4.065621956704166817e-01
1.520530443054381371e+09 -5.611429810523986816e-01 7.655714750289916992e-01 2.517772018909454346e-01 2.863344078218269841e-03 1.673626774270566830e-01 8.838139300800608167e-01 -4.368689419741051405e-01
1.520530443104382515e+09 -5.569359660148620605e-01 7.631855010986328125e-01 2.797589600086212158e-01 2.114115646033085452e-02 1.497222625520318873e-01 8.738921841911099220e-01 -4.620051363453782090e-01
1.520530443154384375e+09 -5.495243072509765625e-01 7.664632797241210938e-01 3.091948628425598145e-01 3.954013236744601673e-02 1.334351233602499853e-01 8.652939358138456161e-01 -4.815579408856054955e-01
1.520530443204385281e+09 -5.384078025817871094e-01 7.733763456344604492e-01 3.395525217056274414e-01 6.187076131781001770e-02 1.206205042207395134e-01 8.573334827269035729e-01 -4.965903767199353336e-01
1.520530443254387617e+09 -5.203583240509033203e-01 7.844620943069458008e-01 3.696518540382385254e-01 8.304473988218284697e-02 1.149065050806939436e-01 8.497793743952845036e-01 -5.077155513871918213e-01
1.520530443304466486e+09 -5.012863278388977051e-01 7.988422513008117676e-01 3.955375850200653076e-01 1.004365151147998264e-01 1.147883672113223646e-01 8.446637904720477596e-01 -5.131074139495023223e-01
1.520530443354468346e+09 -4.794069230556488037e-01 8.153366446495056152e-01 4.178688824176788330e-01 1.135847644568880460e-01 1.162630246677216900e-01 8.431621205400010588e-01 -5.125027305926035393e-01
1.520530443404470444e+09 -4.545965492725372314e-01 8.328862786293029785e-01 4.329614341259002686e-01 1.253958748998977024e-01 1.164849063021545367e-01 8.446336698396599285e-01 -5.072485632656397181e-01
1.520530443454471588e+09 -4.266776740550994873e-01 8.519936800003051758e-01 4.444009065628051758e-01 1.350419778979785601e-01 1.148744936214578793e-01 8.502388938374392247e-01 -4.956423492062633773e-01
1.520530443504473448e+09 -3.974349200725555420e-01 8.734761476516723633e-01 4.494931101799011230e-01 1.411865641610126343e-01 1.111308179377175770e-01 8.604412613976227808e-01 -4.768198098751456060e-01
1.520530443554474592e+09 -3.689003288745880127e-01 8.945116996765136719e-01 4.491229355335235596e-01 1.438407149411238817e-01 1.075414938113098268e-01 8.739825465992691056e-01 -4.515519727272986339e-01
1.520530443604476452e+09 -3.377529978752136230e-01 9.154382348060607910e-01 4.428247213363647461e-01 1.426996830512183012e-01 1.081835361418409941e-01 8.884531505567913046e-01 -4.225921464374842729e-01
1.520530443654478312e+09 -3.031819164752960205e-01 9.312950968742370605e-01 4.283011555671691895e-01 1.413639128168431847e-01 1.140286948849563303e-01 9.006819941066612767e-01 -3.946969044570703411e-01
1.520530443704013109e+09 -2.652555108070373535e-01 9.441710114479064941e-01 4.102183282375335693e-01 1.390552465487103206e-01 1.242233316403965893e-01 9.113626713945313096e-01 -3.669472488956157519e-01
1.520530443754014015e+09 -2.237588018178939819e-01 9.517655372619628906e-01 3.867869675159454346e-01 1.319505251591122641e-01 1.353655732227556641e-01 9.221460064524572564e-01 -3.375084640125253777e-01
1.520530443804016113e+09 -1.810215711593627930e-01 9.559396505355834961e-01 3.615781962871551514e-01 1.219494706648285715e-01 1.422178797264342376e-01 9.328800399496469664e-01 -3.076316504429129073e-01
1.520530443854018211e+09 -1.362175494432449341e-01 9.571169018745422363e-01 3.347216844558715820e-01 1.106145413168231617e-01 1.436338219490990165e-01 9.434052932813702386e-01 -2.777052413085774329e-01
1.520530443904020071e+09 -8.829899877309799194e-02 9.546899199485778809e-01 3.082586824893951416e-01 9.686356291670999985e-02 1.440131740251654746e-01 9.533550851842076401e-01 -2.469650530736896277e-01
1.520530443954022169e+09 -3.792050480842590332e-02 9.490713477134704590e-01 2.855090498924255371e-01 8.426688517356108188e-02 1.497359557111111461e-01 9.612173926721928607e-01 -2.157298302388837019e-01
1.520530444004023075e+09 1.669606007635593414e-02 9.382913112640380859e-01 2.606458067893981934e-01 7.239972389069121439e-02 1.619190034750817575e-01 9.670682000560100189e-01 -1.825366065604845101e-01
1.520530444054024220e+09 7.335200160741806030e-02 9.238039851188659668e-01 2.357774823904037476e-01 6.170823790151683252e-02 1.783489326095004934e-01 9.708240030469488246e-01 -1.479341296660087457e-01
1.520530444104402542e+09 1.328677982091903687e-01 9.065554738044738770e-01 2.118353843688964844e-01 5.066471836547277452e-02 1.966206101205242307e-01 9.726802547621312689e-01 -1.125457417437705082e-01
1.520530444154403687e+09 1.945342719554901123e-01 8.883185982704162598e-01 1.895833164453506470e-01 3.693618587537309678e-02 2.145526834189131482e-01 9.732015629182715344e-01 -7.403770758307758049e-02
1.520530444204405546e+09 2.550741136074066162e-01 8.667861819267272949e-01 1.693729758262634277e-01 2.635738722192159517e-02 2.308185305487579775e-01 9.720392995752304977e-01 -3.417154043119733503e-02
1.520530444254406452e+09 3.180431127548217773e-01 8.451221585273742676e-01 1.518463641405105591e-01 2.066666308270251329e-02 2.453259584553678929e-01 9.692054615584377864e-01 5.369956263959150058e-03
1.520530444304408789e+09 3.809790909290313721e-01 8.208824992179870605e-01 1.384894996881484985e-01 2.002564228586725670e-02 2.580599149775701928e-01 9.648367616643914735e-01 4.576108907989630964e-02
1.520530444354410648e+09 4.440270960330963135e-01 7.945332527160644531e-01 1.274551004171371460e-01 1.910180569809378712e-02 2.711634595200658193e-01 9.582546209424853689e-01 8.862043039026615276e-02
1.520530444404411554e+09 5.075812935829162598e-01 7.672120928764343262e-01 1.193850412964820862e-01 1.779409617506048577e-02 2.823338998766230512e-01 9.500421525373026199e-01 1.318743626489183030e-01
1.520530444454413652e+09 5.712074041366577148e-01 7.389426827430725098e-01 1.145291998982429504e-01 1.729772316148010108e-02 2.889862174730654654e-01 9.414392110832692229e-01 1.728582272237871309e-01
1.520530444505161524e+09 6.342014074325561523e-01 7.098865509033203125e-01 1.132200136780738831e-01 1.760206131635099966e-02 2.895188243366735859e-01 9.333315803269326416e-01 2.115683789146106386e-01
1.520530444555263519e+09 6.941632032394409180e-01 6.806423664093017578e-01 1.152279973030090332e-01 2.065885192275943721e-02 2.850456451684896253e-01 9.263454998309771371e-01 2.453695314227297142e-01
1.520530444605164289e+09 7.574006915092468262e-01 6.558080911636352539e-01 1.208767071366310120e-01 2.511033970867045800e-02 2.808521683822775561e-01 9.193961010660673949e-01 2.742304499854124056e-01
1.520530444655166626e+09 8.162594437599182129e-01 6.305273771286010742e-01 1.302157640457153320e-01 2.851561331784083220e-02 2.815010722130474874e-01 9.111888008805290040e-01 2.994644808485900644e-01
1.520530444705167532e+09 8.744521737098693848e-01 6.076442003250122070e-01 1.422486901283264160e-01 2.813902108010618228e-02 2.805092914094288736e-01 9.049747532374722292e-01 3.186587970359675559e-01
1.520530444755169392e+09 9.312992095947265625e-01 5.874049663543701172e-01 1.579744368791580200e-01 2.174955282017810437e-02 2.690298684385915018e-01 9.034695051317137571e-01 3.330056157741080325e-01
1.520530444805170536e+09 9.848821759223937988e-01 5.739346146583557129e-01 1.814499795436859131e-01 9.347245305333966997e-03 2.457941825294707727e-01 9.063419901521402311e-01 3.435724752172805152e-01
1.520530444855172396e+09 1.033337950706481934e+00 5.677717328071594238e-01 2.133903801441192627e-01 -9.448481440447364238e-03 2.154880399484319919e-01 9.116983736460574361e-01 3.496880128468608517e-01
1.520530444905173302e+09 1.075829029083251953e+00 5.664020180702209473e-01 2.508308589458465576e-01 -3.237604715781885328e-02 1.808083202730015326e-01 9.187606554379055268e-01 3.494839065104440312e-01
1.520530444954962492e+09 1.108810067176818848e+00 5.676652789115905762e-01 2.904583811759948730e-01 -5.597781226777765601e-02 1.424722575781310618e-01 9.281765569684272688e-01 3.391996748945080853e-01
1.520530445004964352e+09 1.129245758056640625e+00 5.728815793991088867e-01 3.324852287769317627e-01 -7.787767973789008757e-02 1.033510291102071044e-01 9.384930346011726154e-01 3.201319349667974823e-01
1.520530445054965258e+09 1.135090708732604980e+00 5.802165865898132324e-01 3.740421831607818604e-01 -9.742118636710078716e-02 6.628538309881015778e-02 9.481759154904374487e-01 2.950894673114265454e-01
1.520530445104967594e+09 1.126703381538391113e+00 5.888393521308898926e-01 4.131267070770263672e-01 -1.119501183399888855e-01 2.893050856364396198e-02 9.572353661525688784e-01 2.651992655809378152e-01
1.520530445154968500e+09 1.107519626617431641e+00 5.967859625816345215e-01 4.459751844406127930e-01 -1.216690699837164186e-01 -7.488180955036097611e-03 9.660292355745859760e-01 2.278773366758158059e-01
1.520530445204970360e+09 1.078421115875244141e+00 6.041023135185241699e-01 4.703622162342071533e-01 -1.299566575984534011e-01 -3.819037080229565478e-02 9.733746269108959348e-01 1.849178152853202250e-01
1.520530445254971504e+09 1.041061282157897949e+00 6.092489957809448242e-01 4.865338504314422607e-01 -1.355186277291737518e-01 -6.149609493585653924e-02 9.789466431661603130e-01 1.397011155279303807e-01
1.520530445304973364e+09 9.945290088653564453e-01 6.127331852912902832e-01 4.936515092849731445e-01 -1.373994459007976121e-01 -7.428282280697230677e-02 9.833267041727951074e-01 9.312382811423619566e-02
1.520530445353891611e+09 9.428902268409729004e-01 6.115499138832092285e-01 4.916699230670928955e-01 -1.409196515043299458e-01 -7.480450504230640174e-02 9.861439778609208950e-01 4.545319322020766051e-02
1.520530445403893948e+09 8.860899209976196289e-01 6.045586466789245605e-01 4.777834415435791016e-01 -1.428107616555372994e-01 -6.583244340947154438e-02 9.875365476802354658e-01 -6.537793657350889076e-03
1.520530445453895807e+09 8.251304626464843750e-01 5.907110571861267090e-01 4.540257751941680908e-01 -1.375121732673194874e-01 -5.112245159093230934e-02 9.870904995740887866e-01 -6.425918453580992118e-02
1.520530445503897667e+09 7.601600289344787598e-01 5.684289932250976562e-01 4.212202727794647217e-01 -1.279559591563566578e-01 -3.218930982573169758e-02 9.838358829785051052e-01 -1.210705423016891907e-01
1.520530445553898811e+09 6.934407949447631836e-01 5.353985428810119629e-01 3.810346126556396484e-01 -1.182001465768074133e-01 -3.094824325535493453e-03 9.775134380580436932e-01 -1.746041976229621706e-01
1.520530445603899717e+09 6.255218982696533203e-01 4.885638058185577393e-01 3.361743986606597900e-01 -1.141632403656648725e-01 3.571766927535027086e-02 9.659081535455739109e-01 -2.295919022198480430e-01
1.520530445653901577e+09 5.582755804061889648e-01 4.322960972785949707e-01 2.908900976181030273e-01 -1.161258830841748607e-01 7.739464536204078426e-02 9.476186140367516275e-01 -2.873043864584575724e-01
1.520530445703903913e+09 4.936945438385009766e-01 3.648019433021545410e-01 2.462697774171829224e-01 -1.172122532549109558e-01 1.200580694471428123e-01 9.224375687008876668e-01 -3.477876931358080959e-01
1.520530445753750563e+09 4.340638220310211182e-01 2.885138690471649170e-01 2.062394469976425171e-01 -1.150736675004941784e-01 1.620747214529298097e-01 8.921380775647003158e-01 -4.056839733993710673e-01
1.520530445803752661e+09 3.804036676883697510e-01 2.070536315441131592e-01 1.729158461093902588e-01 -1.136459355859859299e-01 1.987657600984716888e-01 8.583284206129189187e-01 -4.591830749335116257e-01
1.520530445853754759e+09 3.333694636821746826e-01 1.240079402923583984e-01 1.489624530076980591e-01 -1.136882880723324163e-01 2.271127361893167385e-01 8.226427883813156594e-01 -5.086783079117863648e-01
1.520530445903755665e+09 2.921088337898254395e-01 4.401091858744621277e-02 1.355640292167663574e-01 -1.157430763627019799e-01 2.472019889305014650e-01 7.882953839464972301e-01 -5.514391213829015204e-01
1.520530445953756571e+09 2.555209100246429443e-01 -3.141557797789573669e-02 1.303459703922271729e-01 -1.132110986736717811e-01 2.631314128160703314e-01 7.542559926390867142e-01 -5.907986156843505476e-01
1.520530446003758669e+09 2.222999036312103271e-01 -1.002293601632118225e-01 1.371396481990814209e-01 -1.083212735582714248e-01 2.697095132276998708e-01 7.222902392794505744e-01 -6.275508667915495886e-01
1.520530446053760529e+09 1.915216594934463501e-01 -1.576367765665054321e-01 1.541218012571334839e-01 -9.822636903670380060e-02 2.659025208758168390e-01 6.950023217406011700e-01 -6.607716720569405400e-01
1.520530446103761673e+09 1.578897535800933838e-01 -2.078503221273422241e-01 1.746168136596679688e-01 -8.124816132718012951e-02 2.533520967312560268e-01 6.733700396866000304e-01 -6.897711511909552229e-01
1.520530446154954195e+09 1.263142675161361694e-01 -2.460645139217376709e-01 2.042133808135986328e-01 -5.932399295509781234e-02 2.332450315195973845e-01 6.554132741387972416e-01 -7.158986375276511493e-01
1.520530446204900026e+09 9.541626274585723877e-02 -2.745092213153839111e-01 2.345290184020996094e-01 -3.496325973810555238e-02 2.100648336960705409e-01 6.420579259200293043e-01 -7.364862224617635400e-01
1.520530446254902124e+09 6.572232395410537720e-02 -2.925073206424713135e-01 2.653735280036926270e-01 -9.346984636398386267e-03 1.830452443186546263e-01 6.340528340520661388e-01 -7.512550006762511723e-01
1.520530446304903030e+09 3.721839189529418945e-02 -3.145188391208648682e-01 2.890487909317016602e-01 1.677150659817957384e-02 1.539013840153587998e-01 6.305665999946945544e-01 -7.605385220590179518e-01
1.520530446354904890e+09 8.407160639762878418e-03 -3.159649670124053955e-01 3.209744691848754883e-01 4.420864309672383613e-02 1.256570589605447152e-01 6.318347660815603062e-01 -7.635710364986302290e-01
1.520530446404906034e+09 -2.242460101842880249e-02 -3.049397766590118408e-01 3.521696627140045166e-01 7.007570404291800503e-02 9.973048935461591158e-02 6.369026753503693739e-01 -7.612477962710436641e-01
1.520530446454907894e+09 -5.717972293496131897e-02 -2.896474599838256836e-01 3.821409344673156738e-01 9.149861779954146512e-02 7.871528456070056579e-02 6.440747764523675478e-01 -7.553804268414254786e-01
1.520530446504908800e+09 -8.738782256841659546e-02 -2.677492797374725342e-01 4.039667546749114990e-01 1.107919354956539565e-01 6.345618457722695949e-02 6.525533139168082641e-01 -7.469087174241705318e-01
1.520530446554783344e+09 -1.135374158620834351e-01 -2.375262975692749023e-01 4.229767620563507080e-01 1.277980551295282985e-01 5.150353116332381798e-02 6.635836418162924799e-01 -7.353038784724618138e-01
1.520530446604785204e+09 -1.393747031688690186e-01 -2.018072307109832764e-01 4.362856447696685791e-01 1.385295213568842332e-01 4.133228872612278865e-02 6.803424218388153255e-01 -7.184952349652630188e-01
1.520530446654786348e+09 -1.594807207584381104e-01 -1.545929014682769775e-01 4.491857886314392090e-01 1.429091793254476384e-01 3.248805816748362441e-02 7.005979184773036827e-01 -6.983437900964700740e-01
1.520530446704788208e+09 -1.788665205240249634e-01 -1.083590313792228699e-01 4.505237936973571777e-01 1.443156325058803646e-01 2.509253325961225203e-02 7.231872793478186789e-01 -6.749396432115563060e-01
1.520530446754789114e+09 -1.949054002761840820e-01 -6.077555194497108459e-02 4.478751718997955322e-01 1.452333883552089366e-01 1.966734357736902097e-02 7.442951574984254526e-01 -6.515713138466646681e-01
1.520530446804791451e+09 -2.084027975797653198e-01 -1.300009991973638535e-02 4.427865445613861084e-01 1.438135997552966450e-01 1.654046841462880960e-02 7.626321960511549536e-01 -6.304254079399407296e-01
1.520530446854792356e+09 -2.189384102821350098e-01 3.232657909393310547e-02 4.326761960983276367e-01 1.386382706131502884e-01 1.539371044333987144e-02 7.825351825470423517e-01 -6.067793270013809304e-01
1.520530446904794216e+09 -2.256997674703598022e-01 7.498016953468322754e-02 4.186020791530609131e-01 1.300116463579263637e-01 1.681602166995889436e-02 8.054920336953518278e-01 -5.779245425484395016e-01
1.520530446954330206e+09 -2.270720750093460083e-01 1.146959960460662842e-01 4.011887311935424805e-01 1.196467435876859553e-01 2.256987256109515075e-02 8.294336840710306857e-01 -5.451743036220582095e-01
1.520530447004332066e+09 -2.240305989980697632e-01 1.538781821727752686e-01 3.818209171295166016e-01 1.088799517499934311e-01 3.306281137220093425e-02 8.516296001812887484e-01 -5.116434605329610585e-01
1.520530447054334164e+09 -2.201802283525466919e-01 1.939772367477416992e-01 3.638168871402740479e-01 9.600501796728461157e-02 4.643582332185219874e-02 8.714919272516329363e-01 -4.786737631965613526e-01
1.520530447104335308e+09 -2.134573012590408325e-01 2.284992039203643799e-01 3.412683308124542236e-01 8.126990534191982918e-02 6.163085280165900293e-02 8.891113441025338959e-01 -4.461814185472556260e-01
1.520530447154337168e+09 -2.043312489986419678e-01 2.610056996345520020e-01 3.179064095020294189e-01 6.537370082690999173e-02 7.630495375674901937e-02 9.045547426428403037e-01 -4.143483447954379728e-01
1.520530447204338312e+09 -1.938275545835494995e-01 2.908179461956024170e-01 2.946542501449584961e-01 4.979320264338045476e-02 8.652715422038231852e-02 9.194440881074228411e-01 -3.803370313253065516e-01
1.520530447254340172e+09 -1.829320043325424194e-01 3.182094991207122803e-01 2.739467024803161621e-01 3.563184862133714215e-02 9.217790809033056532e-02 9.333638092936561437e-01 -3.450588415397468078e-01
1.520530447304342031e+09 -1.717229336500167847e-01 3.424997627735137939e-01 2.569178938865661621e-01 2.545706999547205779e-02 9.418537789175694674e-02 9.457899502722166840e-01 -3.097780207547181086e-01
1.520530447354343176e+09 -1.617565006017684937e-01 3.644787371158599854e-01 2.459670007228851318e-01 1.899930848071890166e-02 9.445569549407480114e-02 9.563142978778941261e-01 -2.760074483420614233e-01
1.520530447404124022e+09 -1.531203985214233398e-01 3.834495842456817627e-01 2.398140579462051392e-01 1.488489406268681849e-02 9.649794126663170657e-02 9.641677911550725621e-01 -2.466719638694127581e-01
1.520530447454125166e+09 -1.483833938837051392e-01 3.987968564033508301e-01 2.382023632526397705e-01 1.096438021627147742e-02 1.011104326938392778e-01 9.703133382861838241e-01 -2.194276379831389678e-01
1.520530447504127026e+09 -1.481731683015823364e-01 4.125294089317321777e-01 2.403945922851562500e-01 1.111414703167332152e-02 1.038004936522117089e-01 9.756595088480239930e-01 -1.928482720890903335e-01
1.520530447554127932e+09 -1.522034257650375366e-01 4.253998100757598877e-01 2.464073896408081055e-01 1.261525582218521631e-02 1.012074783158667807e-01 9.804527016381691107e-01 -1.682569508338356556e-01
1.520530447604130030e+09 -1.594763100147247314e-01 4.373660981655120850e-01 2.543168067932128906e-01 1.381877362795031101e-02 9.382608772541785325e-02 9.849734967843363220e-01 -1.443361264202372429e-01
1.520530447654130936e+09 -1.685171425342559814e-01 4.459137916564941406e-01 2.637173533439636230e-01 1.383905173285309050e-02 8.421123574546011958e-02 9.889597659865784207e-01 -1.211426006041218806e-01
1.520530447704133034e+09 -1.781105548143386841e-01 4.530887007713317871e-01 2.720772624015808105e-01 1.114453697111911223e-02 7.278835305178062154e-02 9.921322246141666135e-01 -1.012487226480095759e-01
1.520530447754142046e+09 -1.883933395147323608e-01 4.582928419113159180e-01 2.797029316425323486e-01 5.766085308546333235e-03 5.932049305081178031e-02 9.945657572343412633e-01 -8.536267276335969545e-02
1.520530447804071665e+09 -1.987146586179733276e-01 4.611326754093170166e-01 2.840260863304138184e-01 -1.965039815327819170e-03 4.504647713376613849e-02 9.961341315179911282e-01 -7.539061971663967021e-02
1.520530447854074001e+09 -2.094509452581405640e-01 4.627489149570465088e-01 2.866397798061370850e-01 -7.109448840165647106e-03 3.098782534261078359e-02 9.972247509491471984e-01 -6.732017908574219889e-02
1.520530447904074907e+09 -2.190728336572647095e-01 4.619387686252593994e-01 2.854076325893402100e-01 -1.600088298141174453e-02 2.356223849292667788e-02 9.976737676066534943e-01 -6.193420775760920260e-02
1.520530447954076767e+09 -2.275909185409545898e-01 4.579832851886749268e-01 2.809614539146423340e-01 -2.956612145833146035e-02 1.990051143828245120e-02 9.976302724720553794e-01 -5.885281262385437528e-02
1.520530448004077911e+09 -2.350788265466690063e-01 4.527821242809295654e-01 2.747065722942352295e-01 -3.807193479758636673e-02 1.582678093898509664e-02 9.974816831525598060e-01 -5.770903361705218004e-02
1.520530448054079771e+09 -2.414573878049850464e-01 4.464287161827087402e-01 2.673303186893463135e-01 -4.233339728685748399e-02 1.319420035607551250e-02 9.974178500442349993e-01 -5.649273372968031254e-02
1.520530448104080677e+09 -2.468169331550598145e-01 4.394605457782745361e-01 2.595075964927673340e-01 -4.497929984738947840e-02 1.363052598803605325e-02 9.973280914453384050e-01 -5.592628505923490784e-02
1.520530448154083014e+09 -2.504515051841735840e-01 4.315378665924072266e-01 2.519916594028472900e-01 -4.754665892246228570e-02 1.904443140010002311e-02 9.970190989981543295e-01 -5.770217578970675970e-02
1.520530448203885078e+09 -2.526501715183258057e-01 4.242714047431945801e-01 2.433599978685379028e-01 -4.854021390037992906e-02 2.745143767622111944e-02 9.966539917970176354e-01 -5.975857126039905293e-02
1.520530448253886223e+09 -2.533872425556182861e-01 4.166671633720397949e-01 2.349907308816909790e-01 -4.803439142036379506e-02 3.718258372614920843e-02 9.962535914699253148e-01 -6.155431903285363271e-02
1.520530448303888321e+09 -2.536546587944030762e-01 4.095318913459777832e-01 2.282781451940536499e-01 -5.073028476616783800e-02 4.276886248857565687e-02 9.957771988146739695e-01 -6.344314722472546575e-02
1.520530448353889465e+09 -2.536073923110961914e-01 4.042332768440246582e-01 2.246467322111129761e-01 -5.154228603526823937e-02 4.026633598604497516e-02 9.959112321719155725e-01 -6.231237894940817174e-02
1.520530448403891325e+09 -2.533694505691528320e-01 3.985845148563385010e-01 2.219255566596984863e-01 -5.202274192969303518e-02 3.478403625551185208e-02 9.960358944275368165e-01 -6.321552147873454874e-02
1.520530448453892231e+09 -2.524443864822387695e-01 3.919521868228912354e-01 2.205584049224853516e-01 -4.825683564644197426e-02 3.213911797152754768e-02 9.961714499920587551e-01 -6.542780089628379148e-02
1.520530448503894329e+09 -2.498876154422760010e-01 3.856857120990753174e-01 2.188464701175689697e-01 -4.914557039694254781e-02 3.249570628791136062e-02 9.961498077582106037e-01 -6.491765928073066350e-02
1.520530448553895235e+09 -2.477903515100479126e-01 3.801599442958831787e-01 2.174076139926910400e-01 -5.135348277217941654e-02 2.967339287968491501e-02 9.962013645624949731e-01 -6.375853516195714721e-02
1.520530448603929996e+09 -2.456691265106201172e-01 3.760804533958435059e-01 2.168151438236236572e-01 -4.792422374483776282e-02 2.332464206640647367e-02 9.965579396938987200e-01 -6.349411534922368150e-02
1.520530448653931856e+09 -2.436135858297348022e-01 3.727739751338958740e-01 2.151134461164474487e-01 -5.085549357701667217e-02 1.751892218410104618e-02 9.965878439211650619e-01 -6.260571449243954034e-02
1.520530448703933716e+09 -2.417923063039779663e-01 3.699555397033691406e-01 2.132552713155746460e-01 -5.413368958613836573e-02 1.243756130189870891e-02 9.965528515339623361e-01 -6.162195079824847599e-02
1.520530448753934860e+09 -2.399511486291885376e-01 3.685787022113800049e-01 2.117879688739776611e-01 -5.845545843874713765e-02 9.334353853394806305e-03 9.964663715865970106e-01 -5.958690723554461305e-02
1.520530448803936958e+09 -2.386541813611984253e-01 3.669036924839019775e-01 2.101026177406311035e-01 -6.082621703827785498e-02 8.257158256072370459e-03 9.965428301568374225e-01 -5.598551885396037264e-02
1.520530448853938818e+09 -2.373272776603698730e-01 3.651039302349090576e-01 2.084344476461410522e-01 -6.022498947393371133e-02 8.375851184633235913e-03 9.968386587618810468e-01 -5.114180440316559717e-02
1.520530448903939962e+09 -2.363837212324142456e-01 3.636270761489868164e-01 2.073718905448913574e-01 -6.001079755414664291e-02 1.212203488084458505e-02 9.970322131477559191e-01 -4.667468685433610182e-02
1.520530448953941822e+09 -2.354853302240371704e-01 3.626975715160369873e-01 2.063111811876296997e-01 -5.892530474725416606e-02 1.741632900813061546e-02 9.971085187814662243e-01 -4.471109166364042875e-02
1.520530449003905058e+09 -2.346872687339782715e-01 3.614032864570617676e-01 2.046854943037033081e-01 -5.889880691751966935e-02 2.183363972003023179e-02 9.970565496767863634e-01 -4.395974825781832213e-02
1.520530449053906202e+09 -2.332756668329238892e-01 3.603639304637908936e-01 2.026071250438690186e-01 -5.903485561079219179e-02 2.688625909486539248e-02 9.969808668904094340e-01 -4.267512096461112403e-02
1.520530449103908300e+09 -2.320050001144409180e-01 3.592857122421264648e-01 2.008042186498641968e-01 -5.742922351688123372e-02 3.165458847257612146e-02 9.969752303177052966e-01 -4.171644097761039588e-02
1.520530449153910160e+09 -2.308256924152374268e-01 3.583931922912597656e-01 1.990933418273925781e-01 -5.490443974770150420e-02 3.332104007666446266e-02 9.970666306203938012e-01 -4.163345875009171609e-02
1.520530449203911304e+09 -2.303886115550994873e-01 3.575968742370605469e-01 1.980295032262802124e-01 -5.208340826129201351e-02 3.401218220087469379e-02 9.971900187642412927e-01 -4.174393995293579351e-02
