# timestamp tx ty tz qx qy qz qw
1.520530308199447632e+09 0.000000000000000000e+00 0.000000000000000000e+00 0.000000000000000000e+00 1.775170671832456163e-03 6.343944913180635074e-03 -0.000000000000000000e+00 9.999783013305960644e-01
1.520530308249448776e+09 3.847796688205562532e-05 1.074458123184740543e-04 -1.285504549741744995e-05 3.311809557002850287e-03 4.154991281959025812e-03 5.437214176567643645e-04 9.999857360642324666e-01
1.520530308299450636e+09 -5.817884084535762668e-05 3.863618185278028250e-04 -5.836989730596542358e-04 4.992585409832814292e-03 4.119476122433778781e-03 1.803467320189936418e-03 9.999774255017096491e-01
1.520530308349502563e+09 1.280298311030492187e-04 8.342657820321619511e-04 -1.219552010297775269e-03 7.272318831851053156e-03 2.522165223469779831e-03 3.170046240916649192e-03 9.999653508338294250e-01
1.520530308399504662e+09 -7.472635479643940926e-04 -2.654861425980925560e-03 -1.276666152989491820e-04 4.660450152555556738e-03 1.015929267695409900e-02 3.084517859723870381e-03 9.999327751035328449e-01
1.520530308449504614e+09 -3.261109814047813416e-04 -4.667209461331367493e-03 -9.742576512508094311e-04 1.020389284470501860e-02 3.489432469136411787e-03 1.550059696957811241e-03 9.999406491121325402e-01
1.520530308499506474e+09 -7.378688223980134353e-06 -6.890653166919946671e-03 -7.494544115616008639e-05 1.280840923822412943e-02 1.374089478142751083e-03 -2.873609477880291821e-03 9.999128956561470494e-01
1.520530308549507618e+09 -1.331063103862106800e-03 -7.138725370168685913e-03 -4.905739333480596542e-04 4.658965376547716773e-03 1.562518294668710809e-03 -9.502508642148407153e-03 9.999427758165488900e-01
1.520530308599509716e+09 -3.680528898257762194e-04 -1.357196643948554993e-02 -3.975174855440855026e-03 6.764224641516049588e-03 7.196869606543961594e-03 -1.454518530024568115e-02 9.998454320130921724e-01
1.520530308649555445e+09 1.468999660573899746e-03 -1.895670406520366669e-02 -6.061129737645387650e-03 1.976909547273292440e-03 1.077511142871428670e-02 -1.404329923762753438e-02 9.998413746934377011e-01
1.520530308699512720e+09 2.711131004616618156e-03 -1.997773163020610809e-02 -5.868387408554553986e-03 2.303282347237590923e-03 9.330883013637485124e-03 -1.221245913282773335e-02 9.998792353852259396e-01
1.520530308749559164e+09 1.488047535531222820e-03 -1.976170390844345093e-02 -5.143833812326192856e-03 6.977799554973211291e-03 9.025828577549868670e-03 -1.160453868760526024e-02 9.998675809394498293e-01
1.520530308799560070e+09 7.789211231283843517e-04 -1.910599507391452789e-02 -3.549005370587110519e-03 1.087170028637805298e-02 5.292169430339192446e-03 -1.193253623948536783e-02 9.998556964154864390e-01
1.520530308849561930e+09 4.933635937049984932e-04 -1.976522617042064667e-02 -2.937557641416788101e-03 1.435086963526167360e-02 5.267756547939553144e-05 -8.084536497628398363e-03 9.998643358153166405e-01
1.520530308899563074e+09 9.186011156998574734e-04 -2.013810910284519196e-02 -3.311121137812733650e-03 1.560408102789878626e-02 -2.739803771483129407e-03 -4.644206099944808187e-03 9.998637094525781865e-01
1.520530308949564934e+09 2.144954865798354149e-03 -2.087278291583061218e-02 -2.327436581254005432e-03 1.501648673700858687e-02 -3.335969027775614101e-03 -3.011506024502628824e-03 9.998771460875517381e-01
1.520530308999567032e+09 3.530328860506415367e-03 -2.135212533175945282e-02 -1.592722837813198566e-03 1.372903500440266975e-02 -3.789043309276713799e-03 -2.397972406133468820e-03 9.998956977990193229e-01
1.520530309049568176e+09 3.047153353691101074e-03 -2.251208201050758362e-02 -2.160122618079185486e-03 1.315570373740909509e-02 -4.854333355717940952e-03 -2.809208916772742894e-03 9.998977303965176366e-01
1.520530309099570036e+09 3.597661852836608887e-03 -2.241869084537029266e-02 -1.876894617453217506e-03 1.377621435313477159e-02 -5.435690110089386358e-03 -3.646489116262727030e-03 9.998836793888818963e-01
1.520530309149567366e+09 3.721527755260467529e-03 -2.252956479787826538e-02 -2.212093444541096687e-03 1.300639336245063872e-02 -7.606651379429463407e-03 -2.441492548466867377e-03 9.998834990640804721e-01
1.520530309199582577e+09 3.935224842280149460e-03 -2.263855189085006714e-02 -2.321450738236308098e-03 1.156127419996390467e-02 -1.068219139618486503e-02 -2.207504988315409002e-03 9.998736693440701817e-01
1.520530309249583483e+09 4.977921489626169205e-03 -2.336708456277847290e-02 -2.470037434250116348e-03 1.133590625965061154e-02 -1.334373320199946922e-02 -3.487597302483099598e-03 9.998406266393469188e-01
1.520530309299585581e+09 6.813164334744215012e-03 -2.277597039937973022e-02 -1.608248101547360420e-03 1.157917953122388974e-02 -1.599478824298387197e-02 -3.482406078463844753e-03 9.997989608908135484e-01
1.520530309349586487e+09 8.241144940257072449e-03 -1.279082056134939194e-02 1.157950703054666519e-02 1.403012742041611499e-02 -1.803537477718999971e-02 -1.764527242491551254e-03 9.997373491196692719e-01
1.520530309399588585e+09 8.840082213282585144e-03 -1.188921369612216949e-02 1.177871786057949066e-02 1.591599482371961610e-02 -1.857782453099774550e-02 6.661215179961903080e-04 9.997005060649865049e-01
1.520530309449590683e+09 9.066003374755382538e-03 -1.027053128927946091e-02 1.118379458785057068e-02 1.852137537837398110e-02 -1.725882983199062554e-02 2.703449139147958910e-03 9.996758388646171944e-01
1.520530309499591589e+09 9.190034121274948120e-03 -8.162057027220726013e-03 1.223809365183115005e-02 2.121629764866743775e-02 -1.535683320676928601e-02 3.869293280660763071e-03 9.996494710434508102e-01
1.520530309549593687e+09 9.230734780430793762e-03 -5.461256951093673706e-03 1.414502318948507309e-02 2.190789775820862345e-02 -1.526824727195458947e-02 5.241866731204079463e-03 9.996296551594648916e-01
1.520530309599596977e+09 1.115581765770912170e-02 -4.546889569610357285e-03 1.413220725953578949e-02 2.095592255005008023e-02 -1.703604383636949521e-02 5.635778510261579659e-03 9.996193578162962945e-01
1.520530309649599075e+09 1.345603540539741516e-02 -3.911483567208051682e-03 1.404790859669446945e-02 2.060896719176392652e-02 -1.768811793992939446e-02 5.983171525175896496e-03 9.996132265098998104e-01
1.520530309699599981e+09 1.588153280317783356e-02 -2.560551743954420090e-03 1.488214451819658279e-02 2.189267561397506209e-02 -1.664890682202511268e-02 7.980141600646735098e-03 9.995898368811712009e-01
1.520530309749601841e+09 1.524728257209062576e-02 -2.250173201900906861e-05 1.785449497401714325e-02 2.359483904055302561e-02 -1.504856411968888419e-02 9.499366210844358005e-03 9.995631977669937607e-01
1.520530309799602985e+09 1.672684401273727417e-02 1.107024028897285461e-03 1.960003562271595001e-02 2.393449914159387348e-02 -1.457949285172082353e-02 1.114775931900538648e-02 9.995450493105317857e-01
1.520530309849604845e+09 1.641838438808917999e-02 2.223011339083313942e-03 2.233481407165527344e-02 2.376512832877599249e-02 -1.337325480694652284e-02 1.246543142617180348e-02 9.995503928020561535e-01
1.520530309899606228e+09 1.748822815716266632e-02 2.215173793956637383e-03 2.264846302568912506e-02 2.290957098844433396e-02 -1.129326528523707032e-02 1.343245554410550657e-02 9.995835046930188206e-01
1.520530309949608088e+09 1.520077977329492569e-02 2.688682172447443008e-03 2.310830354690551758e-02 2.196339876418650777e-02 -9.568026228606805669e-03 1.489552659771567825e-02 9.996020134414449476e-01
1.520530309999621868e+09 1.279173046350479126e-02 3.166389651596546173e-03 2.279032953083515167e-02 2.090734136805113760e-02 -7.995291205433980447e-03 1.500504666810519028e-02 9.996368375414884655e-01
1.520530310049623251e+09 9.722596965730190277e-03 2.597757149487733841e-03 2.218451537191867828e-02 1.926929501749474402e-02 -6.962158710242527526e-03 1.501730921105598818e-02 9.996772994520189970e-01
1.520530310099625111e+09 7.748863659799098969e-03 2.359411213546991348e-03 2.257991209626197815e-02 1.778509397621672733e-02 -5.981848804662712876e-03 1.451532671661116304e-02 9.997185670014564485e-01
1.520530310149627209e+09 5.442318040877580643e-03 1.301393960602581501e-03 2.156891673803329468e-02 1.664123451425610425e-02 -5.472518350822535953e-03 1.542751168585122790e-02 9.997275192470818084e-01
1.520530310199628115e+09 2.745245583355426788e-03 1.444644760340452194e-03 2.217382378876209259e-02 1.742111938224134501e-02 -4.899617415923259583e-03 1.763706701605338018e-02 9.996806651204767080e-01
1.520530310249729156e+09 2.671737922355532646e-03 1.584941288456320763e-03 2.155899256467819214e-02 1.952430526962143850e-02 -4.583500606054888467e-03 1.908202019681574588e-02 9.996167613296313981e-01
1.520530310299631119e+09 2.594928955659270287e-03 2.268174896016716957e-03 2.140275947749614716e-02 2.259744585674041198e-02 -4.820914687101937775e-03 2.098850051149978024e-02 9.995126797938134189e-01
1.520530310349633217e+09 3.358143148943781853e-03 3.023886121809482574e-03 2.202741615474224091e-02 2.580824488532530020e-02 -4.836765107018412176e-03 2.236908855452087244e-02 9.994049049691914322e-01
1.520530310399624825e+09 3.939059562981128693e-03 3.491137642413377762e-03 2.241555973887443542e-02 2.731992239780994466e-02 -4.396764457659092101e-03 2.269776484390283872e-02 9.993593456677996034e-01
1.520530310449626684e+09 4.096227698028087616e-03 3.799362108111381531e-03 2.273494563996791840e-02 2.687131497778101966e-02 -3.430069276504283879e-03 2.263968340417720979e-02 9.993766115891855595e-01
1.520530310499627829e+09 4.935761913657188416e-03 3.753928933292627335e-03 2.347972989082336426e-02 2.561709792301747335e-02 -2.875786915602830500e-03 2.241099208439864196e-02 9.994164505237100871e-01
1.520530310549629688e+09 5.527534522116184235e-03 3.396947169676423073e-03 2.320818230509757996e-02 2.446898147768050702e-02 -2.245942028383803024e-03 2.198472332653347849e-02 9.994563005104855069e-01
1.520530310599631786e+09 6.484355777502059937e-03 3.151279874145984650e-03 2.223201096057891846e-02 2.389775372811472204e-02 -2.261518937985911720e-03 2.170038195995574806e-02 9.994763010305125484e-01
1.520530310649632931e+09 7.080516777932643890e-03 2.626861445605754852e-03 2.118584327399730682e-02 2.449831094776852916e-02 -2.052309618418957093e-03 2.212989811853277589e-02 9.994527944806597120e-01
1.520530310699634790e+09 7.423240225762128830e-03 2.391242887824773788e-03 2.042449451982975006e-02 2.587903297207461498e-02 -1.402361570150748417e-03 2.273695012695207615e-02 9.994054933476108626e-01
1.520530310749635696e+09 6.648296490311622620e-03 1.153679913841187954e-03 1.783357933163642883e-02 2.731062960676758009e-02 -4.973396541503641560e-04 2.343536879772008946e-02 9.993521229541992845e-01
1.520530310799650908e+09 3.596774768084287643e-03 9.239129140041768551e-04 1.869285665452480316e-02 2.940418172342507130e-02 -6.148351184848997253e-04 2.407419659965438774e-02 9.992774635370469394e-01
1.520530310849652052e+09 2.524135401472449303e-03 5.918844835832715034e-04 1.913324557244777679e-02 3.029966429975780237e-02 -1.763127796221134564e-03 2.432455592427527555e-02 9.992432825407350228e-01
1.520530310899653912e+09 1.863877987489104271e-03 -1.179281171062029898e-04 2.024392783641815186e-02 3.021155564396344612e-02 -3.047610526259133569e-03 2.398144183446574568e-02 9.992511518248011759e-01
1.520530310949655056e+09 4.354931006673723459e-04 -7.841405458748340607e-04 1.992617920041084290e-02 2.972637027338730781e-02 -3.045717395339363111e-03 2.271392500505204845e-02 9.992953237791029064e-01
1.520530310999657154e+09 -1.376522937789559364e-03 -1.689660130068659782e-03 1.946964487433433533e-02 2.868620930348421763e-02 -1.346830687503595535e-03 2.191002388296237405e-02 9.993474062088437693e-01
1.520530311049659014e+09 -4.227899946272373199e-03 -3.138826228678226471e-03 2.035375870764255524e-02 2.783480651489110558e-02 6.610568361843303627e-04 2.176499919581284526e-02 9.993753405803768031e-01
1.520530311099660158e+09 -4.378763493150472641e-03 -4.266032483428716660e-03 1.971608027815818787e-02 2.849026744267274536e-02 1.167149312805098151e-03 2.183750482292614800e-02 9.993548247777840343e-01
1.520530311149662018e+09 -4.763390868902206421e-03 -4.441532306373119354e-03 1.873333379626274109e-02 3.193349361794183688e-02 -1.508213594859815216e-04 2.331656009823543374e-02 9.992179778524082900e-01
1.520530311199671984e+09 -4.399539437144994736e-03 -4.210225306451320648e-03 1.787615753710269928e-02 3.815417839932232907e-02 -2.063948981037044914e-03 2.551578922734323157e-02 9.989439139838542925e-01
1.520530311249673128e+09 -3.764374647289514542e-03 -4.551957361400127411e-03 1.622653752565383911e-02 4.443271586910746418e-02 -3.693335021318855382e-03 2.745981550068070376e-02 9.986280847090091006e-01
1.520530311299674988e+09 -3.914325032383203506e-03 -5.003559868782758713e-03 1.569618843495845795e-02 4.807569451363485208e-02 -3.486517345524080009e-03 2.776253405227204624e-02 9.984517081445789533e-01
1.520530311349676847e+09 -4.248477052897214890e-03 -5.873479880392551422e-03 1.515588443726301193e-02 4.778352047605097241e-02 -3.003801243169972827e-03 2.667087131095624911e-02 9.984970590705415372e-01
1.520530311399677992e+09 -4.625186789780855179e-03 -6.458515301346778870e-03 1.493842806667089462e-02 4.444081592146888193e-02 -3.395286998072468386e-03 2.514281430414289781e-02 9.986898040909911733e-01
1.520530311449678898e+09 -5.287258885800838470e-03 -7.373917382210493088e-03 1.504231989383697510e-02 3.912215561927441521e-02 -4.719240914302279266e-03 2.403520906519085801e-02 9.989341792280845844e-01
1.520530311499683857e+09 -4.769712220877408981e-03 -7.772347889840602875e-03 1.633212156593799591e-02 3.524303461538787902e-02 -5.537220782240003490e-03 2.305957691507490998e-02 9.990973544202812473e-01
1.520530311549683094e+09 -5.075214430689811707e-03 -8.240231312811374664e-03 1.668780297040939331e-02 3.498378613620453659e-02 -5.012831894317838245e-03 2.246085641146963741e-02 9.991228734010841883e-01
1.520530311599684000e+09 -5.382365547120571136e-03 -8.760470896959304810e-03 1.624168828129768372e-02 3.692473404393156744e-02 -4.496159416343756786e-03 2.303399662744005580e-02 9.990424333158501868e-01
1.520530311649719238e+09 -5.743038374930620193e-03 -9.195096790790557861e-03 1.582514494657516479e-02 3.949639396240346711e-02 -4.443688118483363203e-03 2.358604116566613215e-02 9.989314226522278961e-01
1.520530311699720383e+09 -5.702942609786987305e-03 -9.640152566134929657e-03 1.560361776500940323e-02 4.140897915547746971e-02 -4.647105598656276794e-03 2.389061651995192173e-02 9.988458035638697607e-01
1.520530311749722242e+09 -5.060316994786262512e-03 -9.946701116859912872e-03 1.527131441980600357e-02 4.120298427036476335e-02 -5.349748705601927237e-03 2.407906735209834267e-02 9.988462808618031596e-01
1.520530311799723148e+09 -4.945799242705106735e-03 -9.659171104431152344e-03 1.476694736629724503e-02 3.913051428701583290e-02 -5.840799463278646166e-03 2.388468445069324986e-02 9.989315340712566771e-01
1.520530311849725246e+09 -4.690910689532756805e-03 -9.901334531605243683e-03 1.502534653991460800e-02 3.650183223302109342e-02 -6.321766401042334255e-03 2.358992393043917932e-02 9.990351180024450439e-01
1.520530311899726152e+09 -4.531203769147396088e-03 -9.957806207239627838e-03 1.522604376077651978e-02 3.497481212937587208e-02 -6.429937423276692494e-03 2.358353048158020465e-02 9.990892029800300111e-01
1.520530311949728251e+09 -4.352444317191839218e-03 -1.019003987312316895e-02 1.601628772914409637e-02 3.462951066574589815e-02 -5.737519506145582864e-03 2.335471158387374471e-02 9.991108223354411288e-01
1.520530311999729156e+09 -3.863260615617036819e-03 -1.054089330136775970e-02 1.610089465975761414e-02 3.383042079981311845e-02 -5.073562879589163868e-03 2.361763866586114036e-02 9.991356107816712351e-01
1.520530312049720764e+09 -4.193329717963933945e-03 -1.090790238231420517e-02 1.593445613980293274e-02 3.288776424270881127e-02 -4.568164698009294020e-03 2.314105441379108938e-02 9.991806735696132646e-01
1.520530312099721670e+09 -3.845042316243052483e-03 -1.108739990741014481e-02 1.738469302654266357e-02 3.208702429608684820e-02 -5.005360580169041645e-03 2.302660792692594327e-02 9.992072580624424827e-01
1.520530312149723530e+09 -3.493746509775519371e-03 -1.094899978488683701e-02 1.824114844202995300e-02 3.101503466436249593e-02 -5.669828611078502056e-03 2.246996804395351086e-02 9.992502295243135269e-01
1.520530312199725628e+09 -3.755225334316492081e-03 -1.135985553264617920e-02 1.899454928934574127e-02 2.988543462145097293e-02 -5.757908172002410528e-03 2.195911605384699705e-02 9.992955040993145577e-01
1.520530312249726534e+09 -4.135961644351482391e-03 -1.137972809374332428e-02 1.854196749627590179e-02 2.869047975645283924e-02 -5.481850367453004573e-03 2.197836530384787365e-02 9.993316552308668665e-01
1.520530312299728394e+09 -4.712455440312623978e-03 -1.157076284289360046e-02 1.758711412549018860e-02 2.808351641630561085e-02 -4.699333592899051018e-03 2.176619331298421806e-02 9.993575262127861736e-01
1.520530312349729538e+09 -4.899450112134218216e-03 -1.113474369049072266e-02 1.622162014245986938e-02 2.820201079025220006e-02 -3.979393813250289499e-03 2.131338639436427748e-02 9.993670749893005523e-01
1.520530312399731636e+09 -4.811690188944339752e-03 -1.147795375436544418e-02 1.607950404286384583e-02 2.877877883402446199e-02 -3.564047218746201149e-03 2.068231525458660500e-02 9.993654593250432816e-01
1.520530312449712276e+09 -5.081393290311098099e-03 -1.130107138305902481e-02 1.625889167189598083e-02 2.953638028278550431e-02 -4.045254402810842705e-03 1.972170660730503816e-02 9.993609420250035846e-01
1.520530312499714136e+09 -5.578969139605760574e-03 -1.148877292871475220e-02 1.648939587175846100e-02 3.033301840330630481e-02 -5.256311118596778721e-03 1.930416591760006351e-02 9.993395961164527330e-01
1.520530312549715281e+09 -5.508635193109512329e-03 -1.125888340175151825e-02 1.589790917932987213e-02 3.043065668731287712e-02 -6.020225366533583575e-03 1.893894492063133775e-02 9.993393059343799179e-01
1.520530312599717140e+09 -4.834305495023727417e-03 -1.137212570756673813e-02 1.642075926065444946e-02 3.004278783923193877e-02 -6.748076023435228138e-03 1.842681680342381223e-02 9.993559660057680372e-01
1.520530312649719238e+09 -4.450685344636440277e-03 -1.132439263164997101e-02 1.758828572928905487e-02 2.918940957987707988e-02 -7.646282618537341043e-03 1.824750441784386834e-02 9.993780772625625586e-01
1.520530312699720383e+09 -3.993439953774213791e-03 -1.065880246460437775e-02 1.793536357581615448e-02 2.778543754597804019e-02 -8.118536816860056141e-03 1.858615961287514093e-02 9.994081315914818964e-01
1.520530312749722242e+09 -3.733027959242463112e-03 -9.945619851350784302e-03 1.833775080740451813e-02 2.693193983766921026e-02 -7.764640319299005375e-03 1.903002722651088441e-02 9.994259547565543800e-01
1.520530312799724102e+09 -2.573734614998102188e-03 -9.059926494956016541e-03 1.856309548020362854e-02 2.696211980389841972e-02 -7.309366872437826276e-03 1.945490555974672964e-02 9.994203939790631264e-01
1.520530312849719763e+09 -2.103068400174379349e-03 -8.405210450291633606e-03 1.852332986891269684e-02 2.785395311833461368e-02 -6.524718954696476052e-03 2.005937217465227074e-02 9.993894170573363045e-01
1.520530312899721622e+09 -1.657184795476496220e-03 -7.793914526700973511e-03 1.864875666797161102e-02 2.964981077372981846e-02 -5.633898527614830329e-03 2.106247649526700114e-02 9.993225305137219960e-01
1.520530312949723482e+09 9.194642916554585099e-05 -6.955963559448719025e-03 1.848149858415126801e-02 3.192609393491906145e-02 -5.220996427997746069e-03 2.261894831461377237e-02 9.992206207337288593e-01
1.520530312999724627e+09 1.627175835892558098e-03 -6.775100249797105789e-03 1.903004944324493408e-02 3.357729985097503839e-02 -4.365932563586270854e-03 2.408125942285347862e-02 9.991364253755226077e-01
1.520530313049725533e+09 2.770869294181466103e-03 -6.945875473320484161e-03 1.949114352464675903e-02 3.346365207921964818e-02 -3.582927746503942936e-03 2.573664029447988305e-02 9.991020828547183541e-01
1.520530313099727392e+09 3.429193980991840363e-03 -6.895545404404401779e-03 1.910493336617946625e-02 3.220992805683250276e-02 -1.695941381362837432e-03 2.642150325687208159e-02 9.991303961360858965e-01
1.520530313149728537e+09 4.982967395335435867e-03 -6.621627602726221085e-03 1.821573264896869659e-02 3.045817274532910263e-02 7.044652002473497741e-04 2.561610002606242581e-02 9.992074953988546726e-01
1.520530313199730635e+09 7.104984018951654434e-03 -6.200319156050682068e-03 1.854673214256763458e-02 2.884114588860028569e-02 1.326360912322323542e-03 2.583633804628393538e-02 9.992491744839826495e-01
1.520530313249735832e+09 9.371460415422916412e-03 -5.560089368373155594e-03 1.920446194708347321e-02 2.797541020023457115e-02 5.999052659381669652e-04 2.691998144283012928e-02 9.992458812208925290e-01
1.520530313299737692e+09 1.136429794132709503e-02 -4.865222144871950150e-03 1.982128620147705078e-02 2.827846925396129696e-02 -8.908519273930359404e-05 2.826954532129918179e-02 9.992002567292544990e-01
1.520530313349738836e+09 1.368808932602405548e-02 -4.404550883919000626e-03 2.003297954797744751e-02 2.901829531006796387e-02 3.157426477603806942e-04 2.904931021378646602e-02 9.991566325756844336e-01
1.520530313399789810e+09 1.523323636502027512e-02 -3.848735010251402855e-03 1.964098587632179260e-02 2.954004190732092278e-02 1.020600853894028815e-03 2.952316448043328101e-02 9.991269824487136741e-01
1.520530313449742794e+09 1.774849928915500641e-02 -3.351712133735418320e-03 1.916204951703548431e-02 2.934745870618425331e-02 8.521372217771553325e-04 3.006921688825272415e-02 9.991165311040406394e-01
1.520530313499743938e+09 1.961261406540870667e-02 -3.573692636564373970e-03 1.931899040937423706e-02 2.893856635979441538e-02 9.738439971210585255e-04 3.054007792218520895e-02 9.991140648821913439e-01
1.520530313549745798e+09 2.231923490762710571e-02 -3.812515875324606895e-03 1.923220790922641754e-02 2.870496631444484706e-02 1.356036819037222943e-03 3.035556042977357802e-02 9.991259810574570910e-01
1.520530313599746943e+09 2.499492093920707703e-02 -3.857830073684453964e-03 1.908631063997745514e-02 2.861658868886484547e-02 1.622712363191078019e-03 3.072446784508963552e-02 9.991168423823285627e-01
1.520530313649744987e+09 2.805972471833229065e-02 -3.630189225077629089e-03 1.829712465405464172e-02 2.862828315590026582e-02 2.084153499166910110e-03 3.107856466881389265e-02 9.991046994814225535e-01
1.520530313699746132e+09 3.098601661622524261e-02 -3.577756695449352264e-03 1.744749024510383606e-02 2.936347517603019042e-02 2.063808690236649829e-03 3.201373605042488746e-02 9.990538762866447708e-01
1.520530313749747992e+09 3.435846045613288879e-02 -4.059795755892992020e-03 1.740499399602413177e-02 3.050030585622191814e-02 2.259518816129777764e-03 3.252696051500305469e-02 9.990028141887549173e-01
1.520530313799750090e+09 3.828357160091400146e-02 -4.489212762564420700e-03 1.695476844906806946e-02 3.092899903150235150e-02 2.413284952838722769e-03 3.285104392496842468e-02 9.989786694357821739e-01
1.520530313849751234e+09 4.269129410386085510e-02 -5.542339757084846497e-03 1.637339219450950623e-02 3.043801741865115318e-02 3.248325583062094089e-03 3.259455819267809140e-02 9.989997849112642880e-01
1.520530313899753094e+09 4.884631931781768799e-02 -6.829479243606328964e-03 1.700614579021930695e-02 2.903061474330499020e-02 3.790837618496287198e-03 3.184850434886220272e-02 9.990638246521170718e-01
1.520530313949754238e+09 5.500093102455139160e-02 -8.142216131091117859e-03 1.730098761618137360e-02 2.726369750591454283e-02 4.465770020462089471e-03 3.094331019370578570e-02 9.991392591879704188e-01
1.520530313999756098e+09 6.213172152638435364e-02 -9.587625041604042053e-03 1.748717390000820160e-02 2.586707876242556881e-02 5.234122804517553178e-03 3.061900138193156609e-02 9.991826534468756238e-01
1.520530314049757004e+09 6.987930834293365479e-02 -1.124048698693513870e-02 1.853691786527633667e-02 2.581761649098641628e-02 6.412387038188229783e-03 3.207258207085317975e-02 9.991314635474679573e-01
1.520530314099762678e+09 7.844810932874679565e-02 -1.265028305351734161e-02 1.917361840605735779e-02 2.656279625301623953e-02 7.782810642089478190e-03 3.424684991738113221e-02 9.990300290704310360e-01
1.520530314149764776e+09 8.805359899997711182e-02 -1.114787161350250244e-02 1.721865125000476837e-02 2.728054344875133555e-02 9.856329720177517059e-03 3.662418384345567102e-02 9.989080507591219238e-01
1.520530314199765921e+09 9.894870221614837646e-02 -1.193377654999494553e-02 1.727321930229663849e-02 2.765018528315772023e-02 1.110142408826150610e-02 4.016775418671419268e-02 9.987486055863183942e-01
1.520530314249767780e+09 1.115630567073822021e-01 -1.355155464261770248e-02 1.791830919682979584e-02 2.778991420075731938e-02 1.188893769104144328e-02 4.401355113268531211e-02 9.985735732263215647e-01
1.520530314299768925e+09 1.257925629615783691e-01 -1.530966535210609436e-02 1.721660979092121124e-02 2.741263606530526184e-02 1.231221010197237203e-02 4.724756604102080260e-02 9.984310814320411787e-01
1.520530314349770784e+09 1.415615826845169067e-01 -1.714778691530227661e-02 1.769073680043220520e-02 2.672297759367353240e-02 1.269414125423158624e-02 5.026835721207152663e-02 9.982974674462242737e-01
1.520530314399772882e+09 1.591517031192779541e-01 -1.897644996643066406e-02 1.811773329973220825e-02 2.689527522959161976e-02 1.230255881885588924e-02 5.445211731000337146e-02 9.980782825697044336e-01
1.520530314449774027e+09 1.791284382343292236e-01 -2.228564769029617310e-02 1.992617920041084290e-02 2.881765873736846784e-02 1.093204859053662804e-02 5.911619112285959599e-02 9.977751794896665416e-01
1.520530314499774218e+09 2.009171545505523682e-01 -2.694816514849662781e-02 2.388197183609008789e-02 3.293929335273596687e-02 8.900921018136486243e-03 6.366875959366057047e-02 9.973876205419116570e-01
1.520530314549776554e+09 2.248228043317794800e-01 -3.378934413194656372e-02 3.092485293745994568e-02 3.812443692922075356e-02 6.898009887964936908e-03 6.960803006325114173e-02 9.968217829276849740e-01
1.520530314599777460e+09 2.508009374141693115e-01 -4.175814241170883179e-02 4.171918705105781555e-02 4.124706642155979291e-02 7.222762199185201945e-03 7.655900083087294195e-02 9.961853394873907419e-01
1.520530314649779320e+09 2.776000499725341797e-01 -5.185823142528533936e-02 5.694868043065071106e-02 4.250933797583032053e-02 8.222835726610601068e-03 8.409593648440021052e-02 9.955165566801393862e-01
1.520530314699780464e+09 3.047194778919219971e-01 -6.074910610914230347e-02 7.644198834896087646e-02 4.273555124929101501e-02 6.883664034484853617e-03 9.236977339830944322e-02 9.947834501997027123e-01
1.520530314749782324e+09 3.314047455787658691e-01 -6.862339377403259277e-02 9.809011965990066528e-02 4.340306238892210206e-02 2.661501953170490598e-03 1.007771105996237565e-01 9.939582810972540372e-01
1.520530314799787283e+09 3.573945462703704834e-01 -7.610093057155609131e-02 1.221665069460868835e-01 4.258258755346326641e-02 -1.857222643867536931e-03 1.094697945562584790e-01 9.930758470736830157e-01
1.520530314849784374e+09 3.807645142078399658e-01 -8.414630591869354248e-02 1.473474949598312378e-01 3.654244375934750239e-02 -5.645249247862259116e-03 1.177091992013978156e-01 9.923594738744575539e-01
1.520530314899810314e+09 4.019078612327575684e-01 -9.247006475925445557e-02 1.741173565387725830e-01 2.525324705845798795e-02 -9.211600608140269389e-03 1.243012825275881944e-01 9.918803411144094806e-01
1.520530314949812651e+09 4.207678139209747314e-01 -9.930355846881866455e-02 2.023163735866546631e-01 1.134300422190515772e-02 -1.472198782082479243e-02 1.295386855393277359e-01 9.914001857366018244e-01
1.520530314999919415e+09 4.361528158187866211e-01 -1.047854572534561157e-01 2.298063188791275024e-01 -1.164618970935978395e-03 -2.367046051996665734e-02 1.336537123797011672e-01 9.907446886703705768e-01
1.520530315049815416e+09 4.487374722957611084e-01 -1.103713288903236389e-01 2.576073706150054932e-01 -1.058330613408905128e-02 -3.038976562214357191e-02 1.365117213486040093e-01 9.901156526947468839e-01
1.520530315099816561e+09 4.596588611602783203e-01 -1.155669018626213074e-01 2.826939523220062256e-01 -1.682183875632593459e-02 -3.155722066730354963e-02 1.376321898801025900e-01 9.898376371271293550e-01
1.520530315149818420e+09 4.681971967220306396e-01 -1.198663935065269470e-01 3.017108440399169922e-01 -1.988484925780227910e-02 -3.058735139666480043e-02 1.381334533613381710e-01 9.897414590523135880e-01
1.520530315199819326e+09 4.733371436595916748e-01 -1.226713359355926514e-01 3.119025826454162598e-01 -2.174826226324322320e-02 -3.229325842609537256e-02 1.406158285079857351e-01 9.892984116644317760e-01
1.520530315249821424e+09 4.764184951782226562e-01 -1.260160058736801147e-01 3.130662739276885986e-01 -2.541293059857277839e-02 -3.429167895949504496e-02 1.413368204629881497e-01 9.890410339788456850e-01
1.520530315299635410e+09 4.777750372886657715e-01 -1.273448318243026733e-01 3.064519166946411133e-01 -2.987977176654356762e-02 -3.500828216476301741e-02 1.407368807138947020e-01 9.889766174313600056e-01
1.520530315349637270e+09 4.770322144031524658e-01 -1.286564171314239502e-01 2.923531234264373779e-01 -3.099357184125336659e-02 -3.486827216689809134e-02 1.389799943668101889e-01 9.891957153498076583e-01
1.520530315399639130e+09 4.727545976638793945e-01 -1.288043260574340820e-01 2.712142169475555420e-01 -2.645227999491647081e-02 -3.306889460728604235e-02 1.372738152130099643e-01 9.896275181851943437e-01
1.520530315449640274e+09 4.642682671546936035e-01 -1.282664239406585693e-01 2.449185848236083984e-01 -1.607975733314919234e-02 -3.348700696056238629e-02 1.371331808439222866e-01 9.898558240878104764e-01
1.520530315499642134e+09 4.523169994354248047e-01 -1.263608783483505249e-01 2.132876217365264893e-01 -8.072890700903712123e-04 -3.361017536888748908e-02 1.389767936318959674e-01 9.897247876191781479e-01
1.520530315549643040e+09 4.355398714542388916e-01 -1.227629035711288452e-01 1.771261543035507202e-01 1.658170530957066638e-02 -3.217779574652408769e-02 1.414536416895355864e-01 9.892828229392696127e-01
1.520530315599645376e+09 4.164064228534698486e-01 -1.193070262670516968e-01 1.378874480724334717e-01 3.323028502810779217e-02 -2.966614158879374991e-02 1.427466078613443268e-01 9.887563269806489696e-01
1.520530315649646282e+09 3.928519189357757568e-01 -1.142887994647026062e-01 9.810091555118560791e-02 4.922767402235458944e-02 -2.824232381263980587e-02 1.426224274906594536e-01 9.881486985432316184e-01
1.520530315699637175e+09 3.650839924812316895e-01 -1.076996177434921265e-01 5.825336650013923645e-02 6.392009935153378231e-02 -2.609477601460073043e-02 1.411772885504436748e-01 9.875739247069974525e-01
1.520530315749639273e+09 3.327979445457458496e-01 -9.956013411283493042e-02 2.052007429301738739e-02 7.751859488173831747e-02 -2.163100921721641812e-02 1.400770800320675358e-01 9.868644175050064193e-01
1.520530315799640179e+09 2.964297831058502197e-01 -9.043485671281814575e-02 -1.502839662134647369e-02 9.082350471546245252e-02 -1.746784258325895928e-02 1.390707430299271130e-01 9.859540019188475224e-01
1.520530315849642038e+09 2.573965489864349365e-01 -8.154663443565368652e-02 -4.652373865246772766e-02 1.039276334753694991e-01 -1.228295816538776605e-02 1.361356115523486010e-01 9.851473347708884498e-01
1.520530315899643183e+09 2.152993977069854736e-01 -7.434081286191940308e-02 -7.275034487247467041e-02 1.170140557247841828e-01 -3.890310340677265166e-03 1.302189057318886289e-01 9.845484309257110933e-01
1.520530315949645042e+09 1.721471995115280151e-01 -6.890865415334701538e-02 -8.941385895013809204e-02 1.294231526656814124e-01 2.348853673419476571e-03 1.252454483321302214e-01 9.836451128901014807e-01
1.520530315999647141e+09 1.292561888694763184e-01 -6.745998561382293701e-02 -9.479214996099472046e-02 1.391794584227774023e-01 6.357808152815866247e-03 1.209677075199501184e-01 9.828303365108356227e-01
1.520530316049648285e+09 8.715721964836120605e-02 -6.944438815116882324e-02 -9.106771647930145264e-02 1.442754154811396183e-01 7.005094463501834040e-03 1.176597159653363367e-01 9.824926077982767403e-01
1.520530316100220919e+09 4.581560939550399780e-02 -7.481449842453002930e-02 -7.797459512948989868e-02 1.434558547507782666e-01 5.261077708751913350e-03 1.151595720001355599e-01 9.829196364788993501e-01
1.520530316150223017e+09 5.578676704317331314e-03 -8.160217106342315674e-02 -5.758983269333839417e-02 1.380534080059383772e-01 2.402898229717069251e-04 1.145131511670671315e-01 9.837824642717185597e-01
1.520530316200224161e+09 -3.416495025157928467e-02 -9.003550559282302856e-02 -3.064883314073085785e-02 1.290771003597841748e-01 -2.343504574263137203e-03 1.128682215081080048e-01 9.851874820168072810e-01
1.520530316250226021e+09 -7.464042305946350098e-02 -9.773012995719909668e-02 -2.989613276440650225e-04 1.184051441299181079e-01 -1.538737854545896592e-03 1.079792267005214440e-01 9.870756509663003442e-01
1.520530316300226927e+09 -1.134850308299064636e-01 -1.071735024452209473e-01 3.405812382698059082e-02 1.060793318733760371e-01 1.293241969680491814e-03 1.013190814536834433e-01 9.891814528224273095e-01
1.520530316350229025e+09 -1.504408270120620728e-01 -1.183021217584609985e-01 7.230679690837860107e-02 9.408792234793257603e-02 2.648819995128687526e-03 9.427076703434092431e-02 9.910870138911314076e-01
1.520530316400229931e+09 -1.861931234598159790e-01 -1.294139921665191650e-01 1.107066795229911804e-01 8.308366571199653217e-02 3.007642650358778157e-03 8.838674303838478519e-02 9.926106196452925134e-01
1.520530316450231075e+09 -2.196116149425506592e-01 -1.405419558286666870e-01 1.488663703203201294e-01 7.353783512571675229e-02 3.754179835245106001e-03 8.248542286088970943e-02 9.938683252595627016e-01
1.520530316500233173e+09 -2.522029876708984375e-01 -1.511145979166030884e-01 1.848829835653305054e-01 6.356632720273372450e-02 4.654979806829851255e-03 7.897105826406689011e-02 9.948372857737119990e-01
1.520530316550276279e+09 -2.841156721115112305e-01 -1.618816554546356201e-01 2.179460376501083374e-01 5.172546180809519528e-02 5.877503163126825483e-03 7.676466514191748747e-02 9.956892676648452234e-01
1.520530316600278378e+09 -3.180517256259918213e-01 -1.712827384471893311e-01 2.480750232934951782e-01 4.236252841546516573e-02 5.365045567825108691e-03 7.779504852426182004e-02 9.960544979555143730e-01
1.520530316650280237e+09 -3.503663241863250732e-01 -1.802302002906799316e-01 2.743141353130340576e-01 3.447540556034848352e-02 4.733995643118737474e-03 7.981740866487885278e-02 9.962018956871765418e-01
1.520530316700281143e+09 -3.849418461322784424e-01 -1.903393268585205078e-01 2.968924641609191895e-01 2.856307828524436501e-02 5.585435373064627507e-03 7.779967966039745553e-02 9.965441100700479504e-01
1.520530316750283241e+09 -4.200037717819213867e-01 -2.029600441455841064e-01 3.143435716629028320e-01 2.352569641741748124e-02 7.180230640959795775e-03 7.263193501861862911e-02 9.970554587942785929e-01
1.520530316800284147e+09 -4.546270668506622314e-01 -2.156775593757629395e-01 3.262778818607330322e-01 1.942069910973313884e-02 9.626155204653701059e-03 6.625444087911121216e-02 9.975673023139147721e-01
1.520530316850286245e+09 -4.891369044780731201e-01 -2.287116348743438721e-01 3.314824402332305908e-01 1.563135031145257078e-02 1.217783792448721286e-02 6.012599784478041970e-02 9.979941009515511663e-01
1.520530316900287390e+09 -5.232043862342834473e-01 -2.432575821876525879e-01 3.320574164390563965e-01 1.162383191818670489e-02 1.427953538317376127e-02 5.481520814327475732e-02 9.983267372744194512e-01
1.520530316949773073e+09 -5.571447610855102539e-01 -2.577454745769500732e-01 3.276508748531341553e-01 9.501632152966349096e-03 1.276362760327489840e-02 4.891793352608891920e-02 9.986760458609046376e-01
1.520530316999775171e+09 -5.913764238357543945e-01 -2.713424861431121826e-01 3.173602223396301270e-01 1.122448404794194193e-02 9.829768075092823465e-03 4.354005309228990012e-02 9.989402636765464250e-01
1.520530317049776077e+09 -6.240930557250976562e-01 -2.836003303527832031e-01 3.014603853225708008e-01 1.659620110344174615e-02 7.230913891210471144e-03 3.930320796584792914e-02 9.990633302432960772e-01
1.520530317099778175e+09 -6.555010080337524414e-01 -2.938622236251831055e-01 2.818957269191741943e-01 2.282056366560957644e-02 5.283984746897210129e-03 3.521841714866499190e-02 9.991050817970654752e-01
1.520530317149779081e+09 -6.860025525093078613e-01 -3.030407726764678955e-01 2.590225338935852051e-01 2.974661366615184016e-02 3.851429464719571816e-03 3.424799358196212867e-02 9.989631526748546930e-01
1.520530317199780941e+09 -7.161573767662048340e-01 -3.110291361808776855e-01 2.324896305799484253e-01 3.644250118005377959e-02 2.951882605199797685e-03 3.237126948913583713e-02 9.988069540248949441e-01
1.520530317249782085e+09 -7.465180158615112305e-01 -3.173350691795349121e-01 2.029540687799453735e-01 4.454535246316939506e-02 -1.383011928714272983e-03 3.071113233024255068e-02 9.985342383728920135e-01
1.520530317299783945e+09 -7.775912880897521973e-01 -3.219041824340820312e-01 1.720321625471115112e-01 5.337331260441157549e-02 -8.256239532563222974e-03 2.650141066055106825e-02 9.981887593253159219e-01
1.520530317349743366e+09 -8.086748123168945312e-01 -3.258726596832275391e-01 1.402915716171264648e-01 6.043972994085853451e-02 -1.860468587275471153e-02 2.388044740811358715e-02 9.977126985960639294e-01
1.520530317399745703e+09 -8.415883183479309082e-01 -3.280490040779113770e-01 1.058871150016784668e-01 6.421352391354850919e-02 -3.017301421433794817e-02 2.159588418943495652e-02 9.972461232543858856e-01
1.520530317449747562e+09 -8.761438727378845215e-01 -3.286949694156646729e-01 7.363712042570114136e-02 6.656576698097718681e-02 -4.201417419515051516e-02 1.952372306573339766e-02 9.967058904564507493e-01
1.520530317499748468e+09 -9.116436839103698730e-01 -3.261051476001739502e-01 4.213185980916023254e-02 6.958898640743323150e-02 -4.934981652638544686e-02 1.770567454996229556e-02 9.961970074580274170e-01
1.520530317549751759e+09 -9.494232535362243652e-01 -3.225882947444915771e-01 1.337077654898166656e-02 7.223452590952730845e-02 -5.274217176458432382e-02 1.535589426403358507e-02 9.958738038002269422e-01
1.520530317599752426e+09 -9.887399673461914062e-01 -3.176178336143493652e-01 -1.383673213422298431e-02 7.497516016937241790e-02 -4.964599960397993866e-02 1.148280368793757472e-02 9.958825961429201845e-01
1.520530317649754524e+09 -1.030184745788574219e+00 -3.111380338668823242e-01 -3.805607184767723083e-02 7.909431864015203928e-02 -4.156508569645784440e-02 6.647493065282803447e-03 9.959780335157212283e-01
1.520530317699755669e+09 -1.073118329048156738e+00 -3.037659227848052979e-01 -6.152375042438507080e-02 8.595757725964836560e-02 -3.084807210425260376e-02 7.953427658256829146e-04 9.958207965236453019e-01
1.520530317750236750e+09 -1.116659879684448242e+00 -2.941960096359252930e-01 -8.264940232038497925e-02 9.565820366862898272e-02 -2.201904874278406976e-02 -3.368719651044012157e-03 9.951649718972560565e-01
1.520530317800238609e+09 -1.159930944442749023e+00 -2.830091416835784912e-01 -1.002250090241432190e-01 1.077914119928170961e-01 -1.259240084683780313e-02 -7.445062209927626184e-03 9.940659002250290532e-01
1.520530317850239515e+09 -1.204113245010375977e+00 -2.728479802608489990e-01 -1.147716119885444641e-01 1.203982763141010354e-01 -7.638356223913981766e-03 -1.365576236059397840e-02 9.926023527723176754e-01
1.520530317900241852e+09 -1.248116254806518555e+00 -2.640865147113800049e-01 -1.251439452171325684e-01 1.320917109642260612e-01 -4.621251778108423011e-03 -2.105895164387221880e-02 9.910029992296732759e-01
1.520530317950243711e+09 -1.292767405509948730e+00 -2.571366727352142334e-01 -1.305363923311233521e-01 1.419074906180506634e-01 -5.658549185510072495e-04 -3.215525871649958095e-02 9.893573587190696017e-01
1.520530318000244617e+09 -1.337380528450012207e+00 -2.516748309135437012e-01 -1.330291777849197388e-01 1.484566277015981484e-01 2.060679411213196029e-03 -4.693255030604316647e-02 9.878024696332783350e-01
1.520530318050246716e+09 -1.380558967590332031e+00 -2.490032166242599487e-01 -1.293263733386993408e-01 1.502602966390138295e-01 3.152118005616765927e-03 -6.232353556034431891e-02 9.866750652171629721e-01
1.520530318100247622e+09 -1.420552253723144531e+00 -2.485489845275878906e-01 -1.215818971395492554e-01 1.455009999194869785e-01 7.524011048783145646e-03 -7.742947193676359696e-02 9.862948469680661301e-01
1.520530318150816202e+09 -1.457584977149963379e+00 -2.489059120416641235e-01 -1.113548055291175842e-01 1.342382265712637746e-01 1.376381592869845016e-02 -9.171619899921255870e-02 9.865996121726481327e-01
1.520530318200769186e+09 -1.488857388496398926e+00 -2.540442347526550293e-01 -9.489124268293380737e-02 1.209261830900499740e-01 1.865438878976444573e-02 -1.026077763603445436e-01 9.871679270785379545e-01
1.520530318250771284e+09 -1.515217661857604980e+00 -2.605330944061279297e-01 -7.395023107528686523e-02 1.066888247216110641e-01 2.242649665419773827e-02 -1.121309074732301791e-01 9.876948954594078067e-01
1.520530318300772190e+09 -1.535857796669006348e+00 -2.690067887306213379e-01 -4.796396195888519287e-02 9.342059502173857832e-02 2.754548533819857481e-02 -1.205745467924776021e-01 9.879147824225812391e-01
1.520530318350774050e+09 -1.553492188453674316e+00 -2.788127958774566650e-01 -1.819730177521705627e-02 8.099130914133052805e-02 3.322389196736623418e-02 -1.272908688728653370e-01 9.879947446964003621e-01
1.520530318400775194e+09 -1.561961770057678223e+00 -2.859711945056915283e-01 1.353303343057632446e-02 6.883077353263160336e-02 3.809886442242937932e-02 -1.315900689105204413e-01 9.881775422001581877e-01
1.520530318450777292e+09 -1.564655780792236328e+00 -2.931101024150848389e-01 4.851322248578071594e-02 5.765763475399103555e-02 4.280709703176201891e-02 -1.319875374545435298e-01 9.886467718831506435e-01
1.520530318500777960e+09 -1.560501575469970703e+00 -2.983664870262145996e-01 8.562716841697692871e-02 4.791127799754846955e-02 4.761991932352465512e-02 -1.308078443111966027e-01 9.891037157906750199e-01
1.520530318550780296e+09 -1.550681591033935547e+00 -3.035097122192382812e-01 1.210353225469589233e-01 3.921151107323641444e-02 5.150030110058886890e-02 -1.302380394924423646e-01 9.893675906633828676e-01
1.520530318600567102e+09 -1.535589575767517090e+00 -3.071973323822021484e-01 1.553404927253723145e-01 2.994767572278567158e-02 5.488012350890842522e-02 -1.271398214712460562e-01 9.899125085373503552e-01
1.520530318650568247e+09 -1.515726447105407715e+00 -3.082846403121948242e-01 1.876613497734069824e-01 1.934409415272169905e-02 5.965996973984980661e-02 -1.247551973522017521e-01 9.902033300113991521e-01
1.520530318700570107e+09 -1.491950392723083496e+00 -3.075833618640899658e-01 2.196201086044311523e-01 9.153668875821625514e-03 6.492415231008685783e-02 -1.217448154740259914e-01 9.903934898302410028e-01
1.520530318750571251e+09 -1.462829828262329102e+00 -3.049543797969818115e-01 2.453563660383224487e-01 -3.678344181176579440e-04 6.685579234505037438e-02 -1.162238584572050509e-01 9.909703236994918951e-01
1.520530318800573349e+09 -1.428227424621582031e+00 -3.007197678089141846e-01 2.658226490020751953e-01 -9.515295416396911746e-03 6.619798914425281677e-02 -1.109532378542155556e-01 9.915728235465423035e-01
1.520530318850574255e+09 -1.391733050346374512e+00 -2.954173982143402100e-01 2.832364141941070557e-01 -1.774391427641592439e-02 6.242321437228274400e-02 -1.047328201956908567e-01 9.923807395286550204e-01
1.520530318900576353e+09 -1.350893020629882812e+00 -2.899532318115234375e-01 2.922399640083312988e-01 -2.321077016370524590e-02 5.415304093468571028e-02 -9.530304617198379069e-02 9.937031939650161627e-01
1.520530318950577259e+09 -1.308126568794250488e+00 -2.832503020763397217e-01 2.927372157573699951e-01 -2.445169204288473452e-02 4.467376764529504968e-02 -8.369193358073248601e-02 9.951894440226606298e-01
1.520530318999955654e+09 -1.261999368667602539e+00 -2.727377414703369141e-01 2.842172384262084961e-01 -2.138165021539131794e-02 3.873553516857153323e-02 -7.344008269880941686e-02 9.963176890944288600e-01
1.520530319049957514e+09 -1.215749502182006836e+00 -2.625164389610290527e-01 2.649285495281219482e-01 -1.595347938332457652e-02 3.587420295679463050e-02 -6.372877229797720144e-02 9.971946508275970622e-01
1.520530319099959612e+09 -1.169718742370605469e+00 -2.516518533229827881e-01 2.407680302858352661e-01 -9.102697502160883927e-03 3.362505144556830056e-02 -5.309728916038198437e-02 9.979815502790049253e-01
1.520530319149961472e+09 -1.122109413146972656e+00 -2.401000559329986572e-01 2.119075506925582886e-01 4.952702662602401131e-04 2.963508078859207473e-02 -4.156088156150011120e-02 9.986962550334550492e-01
1.520530319199962378e+09 -1.073667883872985840e+00 -2.265402972698211670e-01 1.799435466527938843e-01 1.415270226295418932e-02 2.532677987880745107e-02 -3.083123133269772068e-02 9.991034433001101389e-01
1.520530319249963522e+09 -1.025537729263305664e+00 -2.119852602481842041e-01 1.441672742366790771e-01 2.997938214901557305e-02 2.015559218517710277e-02 -2.098511190130072923e-02 9.991269257847662510e-01
1.520530319299965620e+09 -9.782850146293640137e-01 -1.958397775888442993e-01 1.073205992579460144e-01 4.508923889481986080e-02 1.657431814184143551e-02 -1.262880158794233397e-02 9.987656210965971670e-01
1.520530319349967480e+09 -9.319365024566650391e-01 -1.796459108591079712e-01 7.023014873266220093e-02 5.811841812756089742e-02 1.433450362747789100e-02 -5.758266922610296053e-03 9.981901691772725460e-01
1.520530319399832249e+09 -8.866013288497924805e-01 -1.644074469804763794e-01 3.259294480085372925e-02 6.875562465293369452e-02 1.449231295061724836e-02 2.758219698677886610e-04 9.975282255987381053e-01
1.520530319449833155e+09 -8.416350483894348145e-01 -1.491951644420623779e-01 -4.113515373319387436e-03 7.796437769426479980e-02 1.541412568568554381e-02 7.519849782334974038e-03 9.968086137264980939e-01
1.520530319499835253e+09 -7.972851395606994629e-01 -1.341305822134017944e-01 -3.934381902217864990e-02 8.843852986440713104e-02 1.732619040509886590e-02 1.696744868836646061e-02 9.957863903701819064e-01
1.520530319549837112e+09 -7.534218430519104004e-01 -1.182844340801239014e-01 -7.239536195993423462e-02 1.005493964261972850e-01 2.211865893625553775e-02 3.120741328045664037e-02 9.941965002762440662e-01
1.520530319599838257e+09 -7.106082439422607422e-01 -1.038180366158485413e-01 -1.001488044857978821e-01 1.132242851699976627e-01 3.087495872250874476e-02 4.808815722853711921e-02 9.919246580794278678e-01
1.520530319649840117e+09 -6.668190956115722656e-01 -9.221751242876052856e-02 -1.214494258165359497e-01 1.243038338833736961e-01 4.262340483631844867e-02 6.567540829963680604e-02 9.891504147432430560e-01
1.520530319699841022e+09 -6.220265030860900879e-01 -8.456691354513168335e-02 -1.365636140108108521e-01 1.330181753894573715e-01 5.481885153584464127e-02 8.530653670790851184e-02 9.859127006623116252e-01
1.520530319749942064e+09 -5.739105939865112305e-01 -7.994088530540466309e-02 -1.466425955295562744e-01 1.382898574056024010e-01 6.272408523824622717e-02 1.080009368379822310e-01 9.824853190312217155e-01
1.520530319800341129e+09 -5.226110816001892090e-01 -7.884519547224044800e-02 -1.483018696308135986e-01 1.394537208752222313e-01 6.631082891576382810e-02 1.345655589688192211e-01 9.787990825710705112e-01
1.520530319850342989e+09 -4.680904150009155273e-01 -7.952821254730224609e-02 -1.424238532781600952e-01 1.344560300340620629e-01 7.027891582123080294e-02 1.593884278609665472e-01 9.754884822705397474e-01
1.520530319900344133e+09 -4.089597761631011963e-01 -8.209587633609771729e-02 -1.300497353076934814e-01 1.229136118546817341e-01 7.208385197662363353e-02 1.798073023213608845e-01 9.733270243535641075e-01
1.520530319950345993e+09 -3.515676558017730713e-01 -8.779534697532653809e-02 -1.056402176618576050e-01 1.060474262011542185e-01 6.795775701741152419e-02 1.957208012858596691e-01 9.725374309512689885e-01
1.520530320000346899e+09 -2.947315871715545654e-01 -9.449341148138046265e-02 -7.437725365161895752e-02 8.635159387092385119e-02 6.194577598894412257e-02 2.030307157727991307e-01 9.733882326830665122e-01
1.520530320050349236e+09 -2.420743852853775024e-01 -1.017427369952201843e-01 -3.632223233580589294e-02 6.726501112107406699e-02 5.092296730494692836e-02 2.074720106786048790e-01 9.745961391595588941e-01
1.520530320100350142e+09 -1.987547874450683594e-01 -1.091071292757987976e-01 7.204813417047262192e-03 4.953469076294223644e-02 3.818014723571894892e-02 2.152740557335804106e-01 9.745489580806568908e-01
1.520530320150352001e+09 -1.536369323730468750e-01 -1.157984286546707153e-01 5.140956491231918335e-02 3.074182209526190798e-02 3.246528098806161777e-02 2.242420635716850241e-01 9.735072895616866395e-01
1.520530320200401306e+09 -1.132873743772506714e-01 -1.209633350372314453e-01 9.855220466852188110e-02 1.596509553534198114e-02 2.869204006954229752e-02 2.316612709452877394e-01 9.722422219309390101e-01
1.520530320250402451e+09 -7.692400366067886353e-02 -1.260266751050949097e-01 1.468143910169601440e-01 8.497251796158710943e-03 2.366653364575966451e-02 2.383925821379789811e-01 9.708432770940392809e-01
1.520530320300404310e+09 -4.347584769129753113e-02 -1.286406666040420532e-01 1.929133236408233643e-01 4.078986985639715401e-03 2.223825789684342677e-02 2.414382059330515973e-01 9.701527789305732785e-01
1.520530320350405216e+09 -1.014610100537538528e-02 -1.297020316123962402e-01 2.356816828250885010e-01 2.177411802405143388e-03 2.054249381319772985e-02 2.431516512463969826e-01 9.697682915634682210e-01
1.520530320400407314e+09 2.388956770300865173e-02 -1.285269707441329956e-01 2.745255231857299805e-01 -2.054654727237486319e-03 2.165050956055107959e-02 2.430856635809730548e-01 9.697609983862611749e-01
1.520530320450408220e+09 5.884837731719017029e-02 -1.267391443252563477e-01 3.085854649543762207e-01 -9.157345392507948781e-03 2.246739470748891632e-02 2.418027457408842562e-01 9.700220571474598152e-01
1.520530320500410318e+09 9.416928142309188843e-02 -1.227361634373664856e-01 3.372094631195068359e-01 -1.898697900626914598e-02 2.060536241652760961e-02 2.401737806400295883e-01 9.703254447663288706e-01
1.520530320550412416e+09 1.316213309764862061e-01 -1.183107346296310425e-01 3.599587082862854004e-01 -2.962903922772665982e-02 1.621992443370919371e-02 2.347320514701494443e-01 9.714730557758263219e-01
1.520530320599869251e+09 1.726862937211990356e-01 -1.136133298277854919e-01 3.759339451789855957e-01 -3.761192273130303104e-02 9.155664256924033254e-03 2.281638300118159213e-01 9.728529096193362369e-01
1.520530320649871111e+09 2.137529402971267700e-01 -1.082984060049057007e-01 3.833933472633361816e-01 -4.420981123361933385e-02 2.947352786404085819e-03 2.235189496793286157e-01 9.736919866346286367e-01
1.520530320699873447e+09 2.568630576133728027e-01 -1.052014604210853577e-01 3.828433454036712646e-01 -4.788476275435653295e-02 -9.888455297403474231e-04 2.198259978928725489e-01 9.743626646843976946e-01
1.520530320749874353e+09 2.979715168476104736e-01 -1.030908524990081787e-01 3.740041255950927734e-01 -4.742516226116191835e-02 -4.777766785724462187e-03 2.128945002626333183e-01 9.759118601016013583e-01
1.520530320799876213e+09 3.394796550273895264e-01 -1.017485857009887695e-01 3.597828447818756104e-01 -4.190869383715063040e-02 -1.036236560695452495e-02 2.066945163441065159e-01 9.774526380716191953e-01
1.520530320849877357e+09 3.776954114437103271e-01 -1.017283499240875244e-01 3.381979167461395264e-01 -3.241677125719987645e-02 -1.827550632080420998e-02 2.028486527084075730e-01 9.785027250367577256e-01
1.520530320899879217e+09 4.130741655826568604e-01 -1.011159345507621765e-01 3.117823302745819092e-01 -2.282836578908803080e-02 -2.560846602013883144e-02 1.983124244648655776e-01 9.795382863810693230e-01
1.520530320949880362e+09 4.436861276626586914e-01 -9.867677837610244751e-02 2.827084660530090332e-01 -1.691266648922147217e-02 -3.041308453104325793e-02 1.930625520176112997e-01 9.805691495299958538e-01
1.520530320999882221e+09 4.700754880905151367e-01 -9.246075153350830078e-02 2.519905269145965576e-01 -1.428045655454597031e-02 -3.308355321037885488e-02 1.863534683950854587e-01 9.818217413994719811e-01
1.520530321049740076e+09 4.902716875076293945e-01 -8.357881754636764526e-02 2.202353030443191528e-01 -1.432511976008235717e-02 -3.178119498303566548e-02 1.793863533391322762e-01 9.831608631475305948e-01
1.520530321099741936e+09 5.075963139533996582e-01 -7.153511792421340942e-02 1.882508695125579834e-01 -1.543413397538030696e-02 -2.999125642751105866e-02 1.747528375719384908e-01 9.840344291775999785e-01
1.520530321149743080e+09 5.196242332458496094e-01 -5.602129921317100525e-02 1.567582637071609497e-01 -1.402180104274432064e-02 -2.771914605939839599e-02 1.719736780869009218e-01 9.846116453112457867e-01
1.520530321199745178e+09 5.289238095283508301e-01 -3.560760617256164551e-02 1.252949982881546021e-01 -8.849616868605561862e-03 -2.369573465785957886e-02 1.708423749841679329e-01 9.849736439875291794e-01
1.520530321249747038e+09 5.359939336776733398e-01 -1.099148578941822052e-02 9.480281919240951538e-02 -7.559470511955262029e-04 -1.624606294619726846e-02 1.713363157611051124e-01 9.850783526624747877e-01
1.520530321299749136e+09 5.415295362472534180e-01 1.692569814622402191e-02 6.612356752157211304e-02 7.650806736597945412e-03 -7.110382153652305449e-03 1.720027111614634563e-01 9.850411031906305404e-01
1.520530321349750042e+09 5.454781651496887207e-01 4.798646643757820129e-02 3.908766061067581177e-02 1.537227685151946674e-02 3.200528946442453824e-04 1.727810011636929932e-01 9.848402491304957262e-01
1.520530321399751186e+09 5.485612750053405762e-01 8.202559500932693481e-02 1.406700816005468369e-02 2.318529094501479634e-02 3.575581854619665385e-03 1.730811199813421797e-01 9.846281447349553018e-01
1.520530321449856281e+09 5.502004623413085938e-01 1.181314587593078613e-01 -8.982138708233833313e-03 3.261932604904217714e-02 3.725906457515672666e-03 1.728197269562696259e-01 9.844061352734126968e-01
1.520530321499857426e+09 5.500286221504211426e-01 1.557555943727493286e-01 -3.031145408749580383e-02 4.392131673720152396e-02 4.120548611826400226e-03 1.707824125173804941e-01 9.843207335975155958e-01
1.520530321549859524e+09 5.477904081344604492e-01 1.951254606246948242e-01 -5.061664804816246033e-02 5.647620366586107027e-02 6.689436506123708041e-03 1.686556132869525548e-01 9.840330146725386751e-01
1.520530321599860668e+09 5.445874333381652832e-01 2.358233034610748291e-01 -6.721971184015274048e-02 7.190333033154214237e-02 8.921124632900892179e-03 1.690340871856347849e-01 9.829434378395517369e-01
1.520530321649862528e+09 5.407416224479675293e-01 2.771049141883850098e-01 -7.780779153108596802e-02 9.253550423282852488e-02 7.599899017515487562e-03 1.705434948976493337e-01 9.809660230300513151e-01
1.520530321699863434e+09 5.368151664733886719e-01 3.181510269641876221e-01 -7.992389053106307983e-02 1.133864724315908762e-01 6.998529061320292455e-03 1.715722051993903985e-01 9.785997684771420291e-01
1.520530321749865532e+09 5.331915020942687988e-01 3.556729853153228760e-01 -7.347438484430313110e-02 1.302347878518085866e-01 5.925503798636517529e-03 1.720541649873710000e-01 9.764226301906491212e-01
1.520530321799867392e+09 5.299768447875976562e-01 3.894418179988861084e-01 -6.077509000897407532e-02 1.417807592804938288e-01 2.122063121134885096e-03 1.727493796523999758e-01 9.747057838012799236e-01
1.520530321850152016e+09 5.255671739578247070e-01 4.178787171840667725e-01 -4.102101922035217285e-02 1.442148351369942627e-01 -1.990893107415036591e-03 1.736955152231307031e-01 9.741806740345525517e-01
1.520530321900154114e+09 5.196956992149353027e-01 4.433851540088653564e-01 -1.591756381094455719e-02 1.373419693492367311e-01 -5.140835629809369436e-03 1.757198186922608873e-01 9.747991078078906968e-01
1.520530321950155020e+09 5.128905177116394043e-01 4.673625826835632324e-01 1.489898655563592911e-02 1.224172510268515673e-01 -8.182944381715134483e-03 1.780413909490376201e-01 9.763443650583570887e-01
1.520530322000157118e+09 5.034076571464538574e-01 4.897446632385253906e-01 4.959986358880996704e-02 1.020238480084755817e-01 -9.853261581603807093e-03 1.783745448478871731e-01 9.786095081410444152e-01
1.520530322050158262e+09 4.928519725799560547e-01 5.099280476570129395e-01 8.603214472532272339e-02 8.055710689207964958e-02 -1.156733356479545949e-02 1.762616015712730189e-01 9.809732907347215036e-01
1.520530322100160122e+09 4.798758625984191895e-01 5.291796326637268066e-01 1.211907491087913513e-01 6.056793953825335280e-02 -1.298431357797847664e-02 1.738660874795793509e-01 9.828191674593765859e-01
1.520530322150161982e+09 4.647060930728912354e-01 5.474061965942382812e-01 1.530039310455322266e-01 4.380407112856680996e-02 -1.238349525532234097e-02 1.698966147583854669e-01 9.844099718569827573e-01
1.520530322200163126e+09 4.475383758544921875e-01 5.651093125343322754e-01 1.793753355741500854e-01 3.125287816785153605e-02 -1.126304960502314337e-02 1.651786636488963289e-01 9.857040176416981270e-01
1.520530322250206709e+09 4.283429682254791260e-01 5.804256200790405273e-01 2.012113332748413086e-01 2.357301299878461487e-02 -8.635155165591247572e-03 1.591399482692707201e-01 9.869367882586398411e-01
1.520530322300207615e+09 4.066512584686279297e-01 5.934444069862365723e-01 2.174076586961746216e-01 2.020759979417495120e-02 -5.132841655664451518e-03 1.524279498700081281e-01 9.880946447307173974e-01
1.520530322350209713e+09 3.832781016826629639e-01 6.062541007995605469e-01 2.254309058189392090e-01 1.863176722730487678e-02 -1.419708462615582771e-03 1.488584110688288276e-01 9.886819585346605654e-01
1.520530322400211811e+09 3.588208854198455811e-01 6.166702508926391602e-01 2.266312539577484131e-01 1.646021931624969820e-02 2.589925179411372343e-03 1.434192650335453789e-01 9.895217369440975075e-01
1.520530322450213671e+09 3.340968191623687744e-01 6.250683069229125977e-01 2.213989049196243286e-01 1.229971219692945969e-02 3.130426723123381442e-03 1.377203104855682092e-01 9.903898391987685512e-01
1.520530322500214577e+09 3.087683618068695068e-01 6.313341259956359863e-01 2.100284099578857422e-01 7.423664017122431902e-03 -7.202066067759351972e-04 1.331344915511408489e-01 9.910699156338181881e-01
1.520530322550215721e+09 2.832425832748413086e-01 6.367538571357727051e-01 1.937878131866455078e-01 4.597968647237552636e-03 -5.620920736878664593e-03 1.260640704313001070e-01 9.919955211999100797e-01
1.520530322600217581e+09 2.547586560249328613e-01 6.410657763481140137e-01 1.723947823047637939e-01 4.691100531887611343e-03 -9.503872766388908946e-03 1.193003915004782756e-01 9.928016350540891377e-01
1.520530322650023460e+09 2.253660112619400024e-01 6.438750624656677246e-01 1.466422528028488159e-01 9.388329542326203855e-03 -1.223695847533233863e-02 1.159174303294186609e-01 9.931390967339378539e-01
1.520530322700025320e+09 1.946813315153121948e-01 6.429362297058105469e-01 1.170786246657371521e-01 1.718483441088354546e-02 -1.248259339221929713e-02 1.124700572069903537e-01 9.934280812219531409e-01
1.520530322750027657e+09 1.609261780977249146e-01 6.407909393310546875e-01 8.612424880266189575e-02 2.496832479289018067e-02 -1.172295431158507442e-02 1.094625460782479437e-01 9.936081250197749126e-01
1.520530322800028563e+09 1.245558857917785645e-01 6.371678709983825684e-01 5.450862646102905273e-02 3.239133047128114201e-02 -9.582840358676299186e-03 1.060712358995085647e-01 9.937846164012156258e-01
1.520530322850030661e+09 8.507976680994033813e-02 6.333119869232177734e-01 2.290008962154388428e-02 4.027797281327399198e-02 -5.340273491488422425e-03 1.012041047111263276e-01 9.940356611182058488e-01
1.520530322900065660e+09 4.200306907296180725e-02 6.282963156700134277e-01 -7.881355471909046173e-03 4.855913826771382502e-02 -1.711320056377782332e-03 9.659062644087533511e-02 9.941374816181719476e-01
1.520530322950033426e+09 2.672116737812757492e-03 6.226745247840881348e-01 -3.813691437244415283e-02 5.672172592562087917e-02 3.746941529153586126e-03 9.307702987000700257e-02 9.940348448358202749e-01
1.520530323000034571e+09 -3.641422837972640991e-02 6.160838603973388672e-01 -6.643088161945343018e-02 6.700025010550195170e-02 1.202265085572300565e-02 9.128122856521306283e-02 9.934959283579509748e-01
1.520530323050036669e+09 -7.469173520803451538e-02 6.083607077598571777e-01 -9.362526983022689819e-02 8.048863099741215832e-02 2.152826114565519616e-02 8.945948781536229577e-02 9.924994278547568660e-01
1.520530323100074291e+09 -1.116622313857078552e-01 5.989900827407836914e-01 -1.195984929800033569e-01 9.677427918493036740e-02 2.262509593507518527e-02 8.802564361537554283e-02 9.911479859174737728e-01
1.520530323150076151e+09 -1.480131149291992188e-01 5.885118842124938965e-01 -1.428131014108657837e-01 1.143122514477044466e-01 2.373974533272470155e-02 8.545592244495035794e-02 9.894778516872303475e-01
1.520530323200077295e+09 -1.849640309810638428e-01 5.760938525199890137e-01 -1.601326912641525269e-01 1.327376252880289320e-01 2.605445834158209850e-02 8.312693277023375238e-02 9.873154516574904616e-01
1.520530323250079393e+09 -2.187678068876266479e-01 5.591977834701538086e-01 -1.677165776491165161e-01 1.509947177455337741e-01 2.523465635340149671e-02 7.988738251193269746e-02 9.849780776479568623e-01
1.520530323300080299e+09 -2.518800497055053711e-01 5.374979972839355469e-01 -1.663967519998550415e-01 1.634025423261518950e-01 2.421938218670019113e-02 7.439979225741319424e-02 9.834519315146513785e-01
1.520530323350082397e+09 -2.846347093582153320e-01 5.106106996536254883e-01 -1.558670103549957275e-01 1.663889453830099674e-01 2.165084904099467619e-02 6.753661688355280801e-02 9.835063624451332309e-01
1.520530323400084257e+09 -3.140500485897064209e-01 4.754151701927185059e-01 -1.341953575611114502e-01 1.580809075208821357e-01 1.684009489699980072e-02 6.037684227957757638e-02 9.854346628760231042e-01
1.520530323450085163e+09 -3.432638943195343018e-01 4.366270005702972412e-01 -1.068432778120040894e-01 1.393008597295757878e-01 1.262733359195062320e-02 5.499767561435508351e-02 9.886410251461228427e-01
1.520530323500345230e+09 -3.712039291858673096e-01 3.951424062252044678e-01 -7.318336516618728638e-02 1.155686388850238056e-01 1.139313085915760228e-02 5.128543497452426464e-02 9.919092148150266963e-01
1.520530323550346136e+09 -3.983246088027954102e-01 3.529224693775177002e-01 -3.631425648927688599e-02 9.243403277413982100e-02 1.427754815873535227e-02 4.868161234446148622e-02 9.944255637418156768e-01
1.520530323600347996e+09 -4.261434972286224365e-01 3.112292885780334473e-01 3.573639551177620888e-03 7.432579354656572435e-02 1.917173362215697507e-02 4.761505089772814087e-02 9.959121085575780574e-01
1.520530323650349140e+09 -4.516090750694274902e-01 2.692912220954895020e-01 4.443548992276191711e-02 6.164472086716450694e-02 2.465737947221853868e-02 4.682297563047761735e-02 9.966943117023794318e-01
1.520530323700351000e+09 -4.774884283542633057e-01 2.302867025136947632e-01 8.377757668495178223e-02 5.063939407571778351e-02 2.884115244832831729e-02 4.540163225233313782e-02 9.972675325517824652e-01
1.520530323750353098e+09 -5.040067434310913086e-01 1.945353448390960693e-01 1.220766752958297729e-01 3.910246975379790685e-02 3.071395661477492253e-02 4.375242149731670138e-02 9.978042770710798814e-01
1.520530323800354242e+09 -5.313857197761535645e-01 1.606208980083465576e-01 1.578324139118194580e-01 2.763948881765778548e-02 2.913697724302279773e-02 4.315848895648802253e-02 9.982607074537346303e-01
1.520530323850356102e+09 -5.594925880432128906e-01 1.271534711122512817e-01 1.913248896598815918e-01 1.776065225106216589e-02 2.607137965289589923e-02 4.134621285466642815e-02 9.986467508970268137e-01
1.520530323900153160e+09 -5.874320268630981445e-01 9.470399469137191772e-02 2.200776785612106323e-01 1.088104357564195074e-02 2.131032680112215569e-02 4.103917479569178101e-02 9.988709921678690096e-01
1.520530323950154066e+09 -6.178149580955505371e-01 6.121522560715675354e-02 2.443882822990417480e-01 5.679194741028168771e-03 1.717758714992391814e-02 4.013059235670164704e-02 9.990306365692197543e-01
1.520530324000155926e+09 -6.476984024047851562e-01 2.667202800512313843e-02 2.621000111103057861e-01 7.281959753271595882e-04 1.428411109860677243e-02 3.834427024410782398e-02 9.991622244861896318e-01
1.520530324050157070e+09 -6.794465780258178711e-01 -9.616752155125141144e-03 2.752839922904968262e-01 -3.362924004394134136e-03 1.126895070059505920e-02 3.784594584694974534e-02 9.992143843416175786e-01
1.520530324100159168e+09 -7.120305299758911133e-01 -4.677796736359596252e-02 2.847739458084106445e-01 -6.686387900119206834e-03 9.760307861695089598e-03 3.926229761874028973e-02 9.991588965690050284e-01
1.520530324150160313e+09 -7.442844510078430176e-01 -8.305902779102325439e-02 2.875662744045257568e-01 -1.159622573150062043e-02 1.193323783196100635e-02 3.997739638414071067e-02 9.990620266840167796e-01
1.520530324200162172e+09 -7.761238217353820801e-01 -1.190300434827804565e-01 2.850290238857269287e-01 -1.902111021756923773e-02 1.600249264971132304e-02 3.721163345258373528e-02 9.989982041679941194e-01
1.520530324250163078e+09 -8.075716495513916016e-01 -1.558437496423721313e-01 2.768476009368896484e-01 -2.576499832792599615e-02 1.992641266921854268e-02 3.278401292567923592e-02 9.989315849625474142e-01
1.520530324299907923e+09 -8.368483781814575195e-01 -1.912034451961517334e-01 2.608435451984405518e-01 -2.734845255062869768e-02 2.347836802135061518e-02 3.010576130414521767e-02 9.988966270412757975e-01
1.520530324349909782e+09 -8.671757578849792480e-01 -2.278402000665664673e-01 2.421878725290298462e-01 -2.056224557385722199e-02 2.839735961787423837e-02 2.911777857712190623e-02 9.989609296636317026e-01
1.520530324399910927e+09 -8.963624835014343262e-01 -2.628899216651916504e-01 2.191021889448165894e-01 -5.760416926594034114e-03 3.127256939906745969e-02 2.641647314994878537e-02 9.991451415817073078e-01
1.520530324449913025e+09 -9.259467720985412598e-01 -2.978320717811584473e-01 1.925716698169708252e-01 1.221075952213075688e-02 3.135825130152069401e-02 2.189915493907070021e-02 9.991936671337332543e-01
1.520530324499994040e+09 -9.546263813972473145e-01 -3.324338197708129883e-01 1.640264093875885010e-01 2.646890746315150311e-02 2.770022389596758089e-02 1.942651090257112648e-02 9.990769265717094338e-01
1.520530324549915075e+09 -9.822850227355957031e-01 -3.657024204730987549e-01 1.344089210033416748e-01 3.461980390643578515e-02 2.558949734209575028e-02 1.710223192363081318e-02 9.989265040364526671e-01
1.520530324599916935e+09 -1.010510921478271484e+00 -3.997291028499603271e-01 1.048691272735595703e-01 3.849235155051804191e-02 2.583616770946487243e-02 1.460297304245725646e-02 9.988180937931196990e-01
1.520530324649918795e+09 -1.038405537605285645e+00 -4.321416616439819336e-01 7.610192894935607910e-02 4.057049256013316174e-02 2.617326113374889018e-02 1.185426825184594107e-02 9.987634714281785620e-01
1.520530324700017691e+09 -1.068921923637390137e+00 -4.649433493614196777e-01 4.659629985690116882e-02 4.330614699353378672e-02 2.419939681022290762e-02 9.896541363171989028e-03 9.987196930548846163e-01
1.520530324750020027e+09 -1.097548365592956543e+00 -4.947697818279266357e-01 2.134082466363906860e-02 4.310349623489416471e-02 2.558292374894615209e-02 6.837795291748911299e-03 9.987196038830579159e-01
1.520530324800020933e+09 -1.125422239303588867e+00 -5.209529995918273926e-01 -1.233862480148673058e-03 3.982645093150156274e-02 2.983416109505079156e-02 2.984564849282803252e-03 9.987566615600697029e-01
1.520530324850022793e+09 -1.151810526847839355e+00 -5.441889166831970215e-01 -1.859106309711933136e-02 3.484407299451251772e-02 3.338986500690045017e-02 -3.033461858312296120e-03 9.988302186063094945e-01
1.520530324900023937e+09 -1.179101586341857910e+00 -5.647649765014648438e-01 -3.578099235892295837e-02 3.090806943425769213e-02 3.279467383640076450e-02 -9.433795939794696953e-03 9.989395397650336905e-01
1.520530324950025797e+09 -1.205550789833068848e+00 -5.805579423904418945e-01 -4.894079640507698059e-02 2.745697743020869552e-02 3.159710288121424238e-02 -1.565980300801802713e-02 9.990007547793250398e-01
1.520530325000027657e+09 -1.232232332229614258e+00 -5.916792750358581543e-01 -6.145330145955085754e-02 2.340725596460335386e-02 3.193507307224831282e-02 -1.943953126920575439e-02 9.990267043978912076e-01
1.520530325050028801e+09 -1.256064891815185547e+00 -5.966253876686096191e-01 -7.242770493030548096e-02 2.001192261911218656e-02 3.031523657669431271e-02 -1.904516329725229606e-02 9.991585415435164652e-01
1.520530325100815773e+09 -1.280897378921508789e+00 -5.967894196510314941e-01 -8.484449982643127441e-02 1.757145870081465791e-02 2.941032889647680545e-02 -1.746041338427167453e-02 9.992604316982520718e-01
1.520530325150816917e+09 -1.305412292480468750e+00 -5.923532247543334961e-01 -9.724744409322738647e-02 1.693477766195825712e-02 3.323932937039981300e-02 -1.593573308688419482e-02 9.991768675762714436e-01
1.520530325200818777e+09 -1.330020785331726074e+00 -5.837065577507019043e-01 -1.086249873042106628e-01 2.095031857632626004e-02 3.624381754272372469e-02 -1.007228312509053821e-02 9.990725794226004153e-01
1.520530325250819683e+09 -1.353906393051147461e+00 -5.713138580322265625e-01 -1.152945235371589661e-01 3.047178677655593831e-02 3.571156929740625097e-02 -7.458397410271503259e-04 9.988971907819348406e-01
1.520530325300821781e+09 -1.377908587455749512e+00 -5.572673082351684570e-01 -1.152247115969657898e-01 4.220074153991635463e-02 3.312273863569969307e-02 1.104619937561371508e-02 9.984988548206285008e-01
1.520530325350823879e+09 -1.403391718864440918e+00 -5.458279848098754883e-01 -1.109848767518997192e-01 5.159653342920251379e-02 3.113912600047471710e-02 2.253740836257219285e-02 9.979279622268906191e-01
1.520530325400824785e+09 -1.426912903785705566e+00 -5.334045290946960449e-01 -9.330505132675170898e-02 5.423950881467391044e-02 3.205051860086422649e-02 3.184120572518824716e-02 9.975053772080252346e-01
1.520530325450826883e+09 -1.446663856506347656e+00 -5.213159322738647461e-01 -6.798133254051208496e-02 5.219652142480991908e-02 3.433813162118867085e-02 4.102824264691461165e-02 9.972026369666403545e-01
1.520530325500827789e+09 -1.463899970054626465e+00 -5.066995620727539062e-01 -3.820644319057464600e-02 4.985750559275952537e-02 3.588795087966767383e-02 4.735269131717862595e-02 9.969874656898884968e-01
1.520530325550912857e+09 -1.479743003845214844e+00 -4.893801212310791016e-01 -5.707561504095792770e-03 4.686992965160144409e-02 3.445567173863847005e-02 4.999504214014610648e-02 9.970539163660601112e-01
1.520530325600914717e+09 -1.493070244789123535e+00 -4.698455929756164551e-01 2.756235562264919281e-02 4.264021984191947168e-02 2.911231630484876348e-02 4.883171929594774113e-02 9.974716777341604557e-01
1.520530325650917053e+09 -1.506265640258789062e+00 -4.481938779354095459e-01 5.848654359579086304e-02 3.650660544041665206e-02 2.423971774004161223e-02 4.588785525394436376e-02 9.979849741270125918e-01
1.520530325700917959e+09 -1.517326951026916504e+00 -4.252824485301971436e-01 8.654887974262237549e-02 2.907663977937152353e-02 1.758208585085594550e-02 4.373983046146982800e-02 9.984649450568987561e-01
1.520530325750918865e+09 -1.528494834899902344e+00 -3.961571753025054932e-01 1.108426079154014587e-01 2.058639703219751135e-02 1.221660962575613074e-02 4.047298339653093713e-02 9.988938343595223923e-01
1.520530325800920963e+09 -1.537781357765197754e+00 -3.620245456695556641e-01 1.293510049581527710e-01 1.359470383715524235e-02 7.993269763669982181e-03 3.833765933986037905e-02 9.991403883050700152e-01
1.520530325850921869e+09 -1.545171856880187988e+00 -3.272795379161834717e-01 1.390595734119415283e-01 1.063102317517209197e-02 5.265290486864444321e-03 3.456772626173936630e-02 9.993319420309906276e-01
1.520530325900923967e+09 -1.551926732063293457e+00 -2.918187379837036133e-01 1.411037147045135498e-01 1.119651489568459016e-02 4.514785696228988850e-03 2.758597800575009543e-02 9.995465314740351603e-01
1.520530325950541258e+09 -1.556469798088073730e+00 -2.564722299575805664e-01 1.348864287137985229e-01 1.317251880693510839e-02 2.543997837614454458e-03 1.992763676455131319e-02 9.997114094158688902e-01
1.520530326000543118e+09 -1.560220599174499512e+00 -2.208921909332275391e-01 1.228889301419258118e-01 1.605472067441238854e-02 1.876472626087365885e-03 1.454106918471576720e-02 9.997636131113772917e-01
1.520530326050549030e+09 -1.562849283218383789e+00 -1.849930882453918457e-01 1.055656746029853821e-01 2.123411650894876240e-02 2.224280167690764840e-03 8.592441297924113472e-03 9.997351323357410724e-01
1.520530326100546122e+09 -1.564170479774475098e+00 -1.481700986623764038e-01 8.545524626970291138e-02 2.876218798333576507e-02 1.003194722848321134e-03 4.825662385161313093e-03 9.995741308803983705e-01
1.520530326150547981e+09 -1.564140200614929199e+00 -1.130449622869491577e-01 6.394457817077636719e-02 3.829809099487672258e-02 2.128957904223176701e-03 1.700666420874316501e-03 9.992626439020498852e-01
1.520530326200549126e+09 -1.562528729438781738e+00 -7.747560739517211914e-02 4.139272496104240417e-02 4.914606829074085609e-02 4.561794663188338539e-03 -1.175959178647145763e-03 9.987804919605823839e-01
1.520530326250551224e+09 -1.562028408050537109e+00 -4.279915615916252136e-02 1.932152360677719116e-02 5.931233335673424811e-02 8.772046823918022707e-03 -4.369044005238633191e-03 9.981913693078993122e-01
1.520530326300552368e+09 -1.560657858848571777e+00 -6.868032738566398621e-03 -1.699905842542648315e-03 6.826617108853015592e-02 8.533428779570776876e-03 -5.080086302516494644e-03 9.976177139572726116e-01
1.520530326350204468e+09 -1.559815287590026855e+00 3.008916042745113373e-02 -2.293515205383300781e-02 7.643179323041657258e-02 8.772043198606178580e-03 -5.501909451030259288e-03 9.970210435262122362e-01
1.520530326400205612e+09 -1.558640837669372559e+00 6.652962416410446167e-02 -4.312674328684806824e-02 8.332598568746595047e-02 1.080384707361785150e-02 -7.136754361260498440e-03 9.964382187244772426e-01
1.520530326450207472e+09 -1.558330297470092773e+00 1.035402715206146240e-01 -6.381844729185104370e-02 8.881442726910591945e-02 1.369767688018903341e-02 -8.695699013154522053e-03 9.959160386175229807e-01
1.520530326500208616e+09 -1.558191061019897461e+00 1.381496638059616089e-01 -8.310708403587341309e-02 9.347504264127066975e-02 1.717879416099324028e-02 -9.801577657931648951e-03 9.954251526407208450e-01
1.520530326550210714e+09 -1.557754397392272949e+00 1.736260801553726196e-01 -1.001973003149032593e-01 1.003880182382230757e-01 1.802850850564918089e-02 -1.157246785950016843e-02 9.947176969687956394e-01
1.520530326600212574e+09 -1.556527137756347656e+00 2.055167257785797119e-01 -1.122904717922210693e-01 1.127728230720239366e-01 1.734117801696933442e-02 -1.499887844437502310e-02 9.933562339698486232e-01
1.520530326650213718e+09 -1.554628849029541016e+00 2.345625311136245728e-01 -1.191204860806465149e-01 1.280011912307260358e-01 1.702645328689176771e-02 -2.114727792195480321e-02 9.914023338526471996e-01
1.520530326700215578e+09 -1.551752805709838867e+00 2.586854994297027588e-01 -1.200638040900230408e-01 1.399609489435549581e-01 2.049487487576253167e-02 -2.776258600891945774e-02 9.895555222890446423e-01
1.520530326750426531e+09 -1.547801375389099121e+00 2.778169810771942139e-01 -1.142793521285057068e-01 1.432696856173254762e-01 2.393642961244850376e-02 -3.288988716858366745e-02 9.888473592231306064e-01
1.520530326800428629e+09 -1.540951490402221680e+00 2.912232577800750732e-01 -1.008099764585494995e-01 1.378870321664057430e-01 2.533169860175215823e-02 -3.699826112219439106e-02 9.894324636276214946e-01
1.520530326850429535e+09 -1.530585527420043945e+00 2.943703830242156982e-01 -7.688540965318679810e-02 1.243697637596944405e-01 2.560092155238816863e-02 -3.827758161782102847e-02 9.911667778045818444e-01
1.520530326900431395e+09 -1.515416502952575684e+00 2.960458397865295410e-01 -4.769897088408470154e-02 1.047206010508899277e-01 2.933950544336606445e-02 -3.852640231322213699e-02 9.933219545850573429e-01
1.520530326950432539e+09 -1.496844887733459473e+00 2.940801084041595459e-01 -1.391834206879138947e-02 8.135060085816825381e-02 3.780057590990268390e-02 -3.758378264458506895e-02 9.952590896259222442e-01
1.520530327000434637e+09 -1.473638176918029785e+00 2.875902354717254639e-01 2.386373840272426605e-02 5.658566764302957325e-02 4.915057332417541863e-02 -3.509009513246638678e-02 9.965696004709816425e-01
1.520530327050437450e+09 -1.444061517715454102e+00 2.817545831203460693e-01 6.187480315566062927e-02 3.146734247570479037e-02 6.237468817588959213e-02 -3.122696999815951016e-02 9.970677414184109244e-01
1.520530327100437641e+09 -1.407918572425842285e+00 2.781719267368316650e-01 1.004562377929687500e-01 8.249600412159469043e-03 7.613047207053627585e-02 -2.521189672977015850e-02 9.967449300491298958e-01
1.520530327150430441e+09 -1.365138649940490723e+00 2.765557169914245605e-01 1.359267681837081909e-01 -1.032404981497978512e-02 8.579290719688076328e-02 -1.605192769640769596e-02 9.961301755731298835e-01
1.520530327200432777e+09 -1.318849325180053711e+00 2.729949355125427246e-01 1.661181747913360596e-01 -2.530577168318916617e-02 8.998418415514980451e-02 -4.657530596313835120e-03 9.956107532214559797e-01
1.520530327250434637e+09 -1.267279744148254395e+00 2.719292938709259033e-01 1.923342496156692505e-01 -3.628499756542786364e-02 8.879453568009088027e-02 5.852792332385133196e-03 9.953716261813714272e-01
1.520530327300435543e+09 -1.212658882141113281e+00 2.728232741355895996e-01 2.122814953327178955e-01 -4.263725724216200358e-02 8.218190524909063654e-02 1.962596107816614449e-02 9.955114365974172541e-01
1.520530327350436687e+09 -1.156796574592590332e+00 2.750518620014190674e-01 2.237227410078048706e-01 -4.174698099108950511e-02 7.400615433394945597e-02 3.729459975613230033e-02 9.956853878248184131e-01
1.520530327400438547e+09 -1.100981831550598145e+00 2.781873941421508789e-01 2.244885712862014771e-01 -3.214960696993418576e-02 6.955712555885226744e-02 5.389345812149836518e-02 9.956021817108352545e-01
1.520530327450440645e+09 -1.044958829879760742e+00 2.827908098697662354e-01 2.149598449468612671e-01 -1.901442854792315812e-02 6.811905382486971305e-02 7.291306266485972354e-02 9.948275887337618695e-01
1.520530327500441790e+09 -9.905641674995422363e-01 2.863314151763916016e-01 1.958618909120559692e-01 -8.091972915688824472e-03 6.874527590928408705e-02 9.748746183471573845e-02 9.928266725866670139e-01
1.520530327550090075e+09 -9.371152520179748535e-01 2.875179946422576904e-01 1.725385338068008423e-01 -1.186864499063296479e-03 6.945360054443869280e-02 1.273823903613966468e-01 9.894182711825626475e-01
1.520530327600091219e+09 -8.799095153808593750e-01 2.923766374588012695e-01 1.453096866607666016e-01 5.294325800048867332e-03 6.850779248933835941e-02 1.596049835669730577e-01 9.847867290449984212e-01
1.520530327650103092e+09 -8.235783576965332031e-01 2.997778654098510742e-01 1.163910776376724243e-01 1.840418627883229005e-02 6.966520332697306861e-02 1.933519995829836857e-01 9.784799689467778006e-01
1.520530327700094223e+09 -7.669247388839721680e-01 3.099280595779418945e-01 8.991432934999465942e-02 4.027473127556581434e-02 7.171215020952126373e-02 2.323327778461889981e-01 9.691526163980992425e-01
1.520530327750096321e+09 -7.114540934562683105e-01 3.207830190658569336e-01 6.853210180997848511e-02 6.327708493292730219e-02 6.860453291466907244e-02 2.782133976198075676e-01 9.559742329010726403e-01
1.520530327800097227e+09 -6.554051041603088379e-01 3.289991915225982666e-01 5.475487560033798218e-02 8.055344690850584077e-02 6.237086810846624585e-02 3.243698067703827403e-01 9.404282245117376871e-01
1.520530327850099325e+09 -6.009101867675781250e-01 3.342725336551666260e-01 4.895247891545295715e-02 8.553727064912512723e-02 5.239119810671001576e-02 3.641742805823027784e-01 9.259134036470171303e-01
1.520530327900100231e+09 -5.524047017097473145e-01 3.323664963245391846e-01 5.313750728964805603e-02 7.834702901364366812e-02 3.839919800020678842e-02 3.942969229543162313e-01 9.148317775342273972e-01
1.520530327950102091e+09 -5.037763118743896484e-01 3.272415399551391602e-01 6.413978338241577148e-02 6.420398466274652993e-02 1.850783814177753284e-02 4.193959211801123743e-01 9.053410239121104652e-01
1.520530328000279903e+09 -4.609390199184417725e-01 3.170138001441955566e-01 8.220841735601425171e-02 4.867771653606402238e-02 -6.008189659346125158e-03 4.454686014821598317e-01 8.939530785580306338e-01
1.520530328050281763e+09 -4.231820404529571533e-01 3.042035698890686035e-01 1.039421036839485168e-01 3.236857176756488541e-02 -2.941236043114707488e-02 4.725266028552084219e-01 8.802305369672837054e-01
1.520530328100282669e+09 -3.908418416976928711e-01 2.872490286827087402e-01 1.275510340929031372e-01 1.618120873820141567e-02 -4.666691638468469655e-02 4.923632041986356067e-01 8.689872510860952026e-01
1.520530328150285006e+09 -3.633309900760650635e-01 2.676100134849548340e-01 1.520759314298629761e-01 2.838471932734367136e-03 -6.013855770663858319e-02 5.052956393142392644e-01 8.608435478320474177e-01
1.520530328200286865e+09 -3.397247493267059326e-01 2.467638701200485229e-01 1.738352626562118530e-01 -7.799344634918567096e-03 -6.668268916502152754e-02 5.053566118912721228e-01 8.602948820066065316e-01
1.520530328250287771e+09 -3.242944180965423584e-01 2.215809673070907593e-01 1.921107918024063110e-01 -1.302467702300749361e-02 -6.814793981046927962e-02 4.910074880181254375e-01 8.683880830585858357e-01
1.520530328300289869e+09 -3.095327317714691162e-01 1.963213384151458740e-01 2.073971331119537354e-01 -1.502123036210286679e-02 -6.631815885691770551e-02 4.620276485492785801e-01 8.842548933538686429e-01
1.520530328350290775e+09 -3.006566166877746582e-01 1.695342957973480225e-01 2.173651009798049927e-01 -1.189062026841706567e-02 -6.514421490982082175e-02 4.223955934623243036e-01 9.039893843608044488e-01
1.520530328400336742e+09 -2.984822988510131836e-01 1.427676081657409668e-01 2.226407527923583984e-01 -6.871916831730228575e-03 -6.299756051789147382e-02 3.735616258732135653e-01 9.254381642242843764e-01
1.520530328450337648e+09 -3.002844452857971191e-01 1.132037639617919922e-01 2.267115414142608643e-01 -3.822890668359293920e-03 -5.900701291144214156e-02 3.156189504541784818e-01 9.470418343707999176e-01
1.520530328500339746e+09 -3.039261400699615479e-01 8.218509703874588013e-02 2.285883277654647827e-01 -7.309969497782593285e-03 -5.672623949106910674e-02 2.546606952050768924e-01 9.653375722599893960e-01
1.520530328550341845e+09 -3.106480836868286133e-01 5.407785624265670776e-02 2.274892628192901611e-01 -1.907861336980768915e-02 -5.338418254172976746e-02 1.921235836382277629e-01 9.797319348557754770e-01
1.520530328600343704e+09 -3.180655539035797119e-01 2.688965573906898499e-02 2.262456566095352173e-01 -3.372568085402984778e-02 -4.550263416388730664e-02 1.285993835544363972e-01 9.900779198045467355e-01
1.520530328650345564e+09 -3.273700475692749023e-01 2.669119974598288536e-03 2.236243784427642822e-01 -4.457358055500546673e-02 -3.429091183547760407e-02 6.520764959674665850e-02 9.962857480241629204e-01
1.520530328700346708e+09 -3.343569636344909668e-01 -1.918468996882438660e-02 2.190224826335906982e-01 -4.877544763821841517e-02 -1.997163447322585980e-02 4.983153946011319342e-03 9.985976455514550265e-01
1.520530328750347614e+09 -3.386165797710418701e-01 -3.994318842887878418e-02 2.155971080064773560e-01 -4.690624037969096105e-02 -4.148005981970659915e-03 -4.605206856542214122e-02 9.978285452123836219e-01
1.520530328800086260e+09 -3.389754891395568848e-01 -5.848727375268936157e-02 2.145568430423736572e-01 -4.193624395877370431e-02 1.300849552696535343e-02 -8.117403669208655970e-02 9.957323466945656731e-01
1.520530328850087166e+09 -3.386429548263549805e-01 -7.350616902112960815e-02 2.125769555568695068e-01 -3.722988509279609448e-02 2.909820102319581395e-02 -9.646657064456516661e-02 9.942139765167596899e-01
1.520530328900089264e+09 -3.326865732669830322e-01 -9.182752668857574463e-02 2.178687602281570435e-01 -3.472033034191725209e-02 4.035547249160475330e-02 -9.061164869903454155e-02 9.944623992997273509e-01
1.520530328950091362e+09 -3.233008086681365967e-01 -1.090565025806427002e-01 2.234983295202255249e-01 -3.327208329574566498e-02 4.397229032153899403e-02 -6.811457759186952121e-02 9.961525036240789222e-01
1.520530329000092268e+09 -3.120228946208953857e-01 -1.235002726316452026e-01 2.288775146007537842e-01 -3.259412942032042376e-02 4.418422278644818652e-02 -3.337270391628229665e-02 9.979336850800283321e-01
1.520530329050093174e+09 -2.980729043483734131e-01 -1.374145895242691040e-01 2.347133904695510864e-01 -3.309911103513063502e-02 4.469676297628977224e-02 6.296134528275289070e-03 9.984322745775635610e-01
1.520530329100095272e+09 -2.823527455329895020e-01 -1.499650329351425171e-01 2.423485815525054932e-01 -3.338332375755323489e-02 4.330032191100258165e-02 4.976405801603097506e-02 9.972633425264757490e-01
1.520530329150097132e+09 -2.661706805229187012e-01 -1.583275645971298218e-01 2.472006529569625854e-01 -3.127731242828951652e-02 4.031691519735002699e-02 9.356925962710258005e-02 9.943043144475784967e-01
1.520530329200044394e+09 -2.476611882448196411e-01 -1.669406741857528687e-01 2.522796392440795898e-01 -2.850574547600827000e-02 3.285214585349780642e-02 1.412883957352323028e-01 9.890125116591002019e-01
1.520530329250095129e+09 -2.272040396928787231e-01 -1.722229421138763428e-01 2.549548149108886719e-01 -2.773975173159888216e-02 2.281196013914007018e-02 1.908068483668839688e-01 9.809703702277537962e-01
1.520530329300047159e+09 -2.066708058118820190e-01 -1.753911823034286499e-01 2.556027472019195557e-01 -3.031756529862927527e-02 6.557979190483836408e-03 2.409899523604757121e-01 9.700317938112112959e-01
1.520530329350049257e+09 -1.875112354755401611e-01 -1.758127212524414062e-01 2.554671168327331543e-01 -3.508010067255579872e-02 -1.188653498589896558e-02 2.872375195129395764e-01 9.571429904705388569e-01
1.520530329400050163e+09 -1.711887866258621216e-01 -1.723403632640838623e-01 2.528025507926940918e-01 -3.680514289901896940e-02 -3.365513822316276715e-02 3.211513833793109285e-01 9.457137527185048853e-01
1.520530329450052261e+09 -1.557151675224304199e-01 -1.705466359853744507e-01 2.520888447761535645e-01 -3.462890925815037546e-02 -5.652340530426405718e-02 3.383168297410311665e-01 9.386946606913129099e-01
1.520530329500053406e+09 -1.432114094495773315e-01 -1.697209626436233521e-01 2.516748905181884766e-01 -2.883261663615281981e-02 -8.191361594082804953e-02 3.365537943897745632e-01 9.376515254737531890e-01
1.520530329550055265e+09 -1.329414993524551392e-01 -1.701663136482238770e-01 2.508160769939422607e-01 -2.054009647717450898e-02 -1.089220204164791372e-01 3.157974587238284170e-01 9.423301241967553254e-01
1.520530329600096941e+09 -1.274673193693161011e-01 -1.717957258224487305e-01 2.511388361454010010e-01 -1.025662191758770769e-02 -1.418243488063542779e-01 2.812015991356045519e-01 9.490554864896318943e-01
1.520530329650099039e+09 -1.253465265035629272e-01 -1.744333505630493164e-01 2.521643936634063721e-01 -1.208425795008273140e-03 -1.795644382259513894e-01 2.417651307362580770e-01 9.535747342457099318e-01
1.520530329700099945e+09 -1.258407682180404663e-01 -1.754548251628875732e-01 2.512329816818237305e-01 4.437318479255823386e-03 -2.170991571120001740e-01 1.988064471665819677e-01 9.556800001836252001e-01
1.520530329750102043e+09 -1.320012658834457397e-01 -1.758034676313400269e-01 2.492109686136245728e-01 7.223396685114254374e-03 -2.529609083365854660e-01 1.532600598365679301e-01 9.552329325629171919e-01
1.520530329800104141e+09 -1.443335264921188354e-01 -1.750576496124267578e-01 2.447869032621383667e-01 8.357779539698670379e-03 -2.811835533134678933e-01 1.058763945489274300e-01 9.537589558921573119e-01
1.520530329850104809e+09 -1.616789400577545166e-01 -1.740513741970062256e-01 2.365755587816238403e-01 1.347816345319339387e-02 -3.009763618615928782e-01 5.989456470819210648e-02 9.516534084575668517e-01
1.520530329900107145e+09 -1.834257692098617554e-01 -1.723135113716125488e-01 2.270169109106063843e-01 2.772261515793681200e-02 -3.106675469127042621e-01 1.439566317209122620e-02 9.500052088203955192e-01
1.520530329950109005e+09 -2.080012112855911255e-01 -1.689400225877761841e-01 2.137727886438369751e-01 4.921610164088075640e-02 -3.162718340213181434e-01 -2.675082284810932631e-02 9.470133556719331214e-01
1.520530330000109911e+09 -2.380105257034301758e-01 -1.645445674657821655e-01 1.964134871959686279e-01 7.181074384051051862e-02 -3.137608132832848673e-01 -6.282836868420335619e-02 9.446956997919309096e-01
1.520530330050161600e+09 -2.721036374568939209e-01 -1.600434929132461548e-01 1.800208985805511475e-01 8.956679388119594132e-02 -2.962730423161835103e-01 -9.755528376569880256e-02 9.458768632543828048e-01
1.520530330100162506e+09 -3.093248307704925537e-01 -1.544335186481475830e-01 1.656685173511505127e-01 1.027031239647399063e-01 -2.641618243569732183e-01 -1.289784755264329619e-01 9.502816170647291338e-01
1.520530330150164604e+09 -3.489291667938232422e-01 -1.474266648292541504e-01 1.535469442605972290e-01 1.093018928560522407e-01 -2.217110651930160603e-01 -1.608051478547659341e-01 9.555307447761526296e-01
1.520530330200165510e+09 -3.883491158485412598e-01 -1.399801820516586304e-01 1.460077762603759766e-01 1.059956893544671680e-01 -1.772239158759735811e-01 -1.903711355245716053e-01 9.597475856906034775e-01
1.520530330250167370e+09 -4.275577962398529053e-01 -1.303211152553558350e-01 1.395991295576095581e-01 9.357260967421968112e-02 -1.292276091986361564e-01 -2.171450270010164274e-01 9.630121645069124048e-01
1.520530330300169468e+09 -4.645421206951141357e-01 -1.219821944832801819e-01 1.441464573144912720e-01 7.668617644450584359e-02 -7.181120970360733990e-02 -2.424874902686737221e-01 9.644491679536181250e-01
1.520530330350170374e+09 -4.988422691822052002e-01 -1.121231019496917725e-01 1.482405662536621094e-01 5.742183570168726131e-02 -5.456792998421211398e-03 -2.610430658353503630e-01 9.636023422419135454e-01
1.520530330400172472e+09 -5.265620350837707520e-01 -1.037963777780532837e-01 1.560145169496536255e-01 3.920375671553129326e-02 6.511867238702680194e-02 -2.683833022714108285e-01 9.603088185723553938e-01
1.520530330450787306e+09 -5.459141135215759277e-01 -9.704855829477310181e-02 1.667714715003967285e-01 2.568877210032708205e-02 1.324663114750915804e-01 -2.603419031764522829e-01 9.560412421870848609e-01
1.520530330500788212e+09 -5.577653646469116211e-01 -9.125483781099319458e-02 1.777333617210388184e-01 2.099839135552568001e-02 1.916724659436101208e-01 -2.386227595019690950e-01 9.517772386473849489e-01
1.520530330550790548e+09 -5.599967241287231445e-01 -8.641283214092254639e-02 1.879444420337677002e-01 2.437827613178313382e-02 2.395819751775561390e-01 -2.062806234026449415e-01 9.483957408336879391e-01
1.520530330600792408e+09 -5.542707443237304688e-01 -8.190172910690307617e-02 1.991492956876754761e-01 3.116448734846135465e-02 2.792944567515333598e-01 -1.635267560571630197e-01 9.456650470486867022e-01
1.520530330650793314e+09 -5.429021120071411133e-01 -7.599715888500213623e-02 2.020756155252456665e-01 3.629757611201729628e-02 3.118587538778458956e-01 -1.103790035889020971e-01 9.429968606336240899e-01
1.520530330700795412e+09 -5.206207633018493652e-01 -7.127459347248077393e-02 2.031718790531158447e-01 3.910959540598956535e-02 3.401075626452254030e-01 -5.030745677190508192e-02 9.382251569702481087e-01
1.520530330750797510e+09 -4.930188953876495361e-01 -6.275304406881332397e-02 1.993616968393325806e-01 4.319880769314023844e-02 3.563769051606443528e-01 1.108525659171148182e-02 9.332772801093510706e-01
1.520530330800798416e+09 -4.588272273540496826e-01 -5.319073796272277832e-02 1.908073276281356812e-01 5.140875218976174998e-02 3.627879313711364628e-01 7.180971791859075415e-02 9.276774339511528744e-01
1.520530330850366831e+09 -4.219029247760772705e-01 -4.060700535774230957e-02 1.780247539281845093e-01 6.205818401839770931e-02 3.598249620568336749e-01 1.275907076554950170e-01 9.221688510230144908e-01
1.520530330900276899e+09 -3.815401494503021240e-01 -2.489045448601245880e-02 1.621462553739547729e-01 7.624230151457492277e-02 3.452243631790014033e-01 1.821761337942388037e-01 9.175070064055083074e-01
1.520530330950278759e+09 -3.383754193782806396e-01 -9.812484495341777802e-03 1.472283005714416504e-01 9.352665100124532560e-02 3.208547133530780804e-01 2.323095725361832287e-01 9.134206484307550999e-01
1.520530331000279903e+09 -2.986824810504913330e-01 1.218076050281524658e-02 1.305042505264282227e-01 1.093499836752583054e-01 2.924897246320027899e-01 2.752777517086920089e-01 9.092384183860268143e-01
1.520530331050281763e+09 -2.586277425289154053e-01 2.865479886531829834e-02 1.169534847140312195e-01 1.219150901751664129e-01 2.640410430192201563e-01 3.088851946921608027e-01 9.055434693535641122e-01
1.520530331100282907e+09 -2.184200286865234375e-01 4.519695788621902466e-02 1.076089739799499512e-01 1.333408407366922788e-01 2.322013655638470175e-01 3.340444022896685849e-01 9.037240083791371337e-01
1.520530331150285006e+09 -1.814091801643371582e-01 5.752935633063316345e-02 1.047867387533187866e-01 1.451867228898066908e-01 1.937546688350799962e-01 3.533514390298039265e-01 9.036164586464180415e-01
1.520530331200285673e+09 -1.462422311305999756e-01 6.859819591045379639e-02 1.085473150014877319e-01 1.560265681872829435e-01 1.491280161760379919e-01 3.679151445387194297e-01 9.044639247809452831e-01
1.520530331250735521e+09 -1.157311499118804932e-01 7.660713791847229004e-02 1.174215152859687805e-01 1.610360352073674228e-01 9.965067535558130851e-02 3.757439340198586164e-01 9.071679195789211780e-01
1.520530331300736427e+09 -8.559631556272506714e-02 8.708424121141433716e-02 1.251685768365859985e-01 1.576485573337758350e-01 4.652225792649363617e-02 3.756409739311882268e-01 9.120726235295236739e-01
1.520530331350738525e+09 -6.406183540821075439e-02 9.166156500577926636e-02 1.405607908964157104e-01 1.443475758102138462e-01 -1.048218906565445523e-02 3.663031395999432061e-01 9.191713175406045488e-01
1.520530331400740385e+09 -5.531097203493118286e-02 8.636860549449920654e-02 1.624351590871810913e-01 1.247103200074458490e-01 -7.154378213542722520e-02 3.472369869778104690e-01 9.266905083122254361e-01
1.520530331450741291e+09 -5.283661186695098877e-02 8.440276980400085449e-02 1.805440187454223633e-01 1.018917027226299149e-01 -1.341466888137338165e-01 3.182411156959752963e-01 9.329230081186631329e-01
1.520530331500743628e+09 -6.142501905560493469e-02 7.033732533454895020e-02 2.009705454111099243e-01 7.931919229211456535e-02 -1.962231952433268478e-01 2.809450269301367875e-01 9.360955160804106390e-01
1.520530331550744534e+09 -7.373942434787750244e-02 6.236466765403747559e-02 2.147495001554489136e-01 6.061110102319516857e-02 -2.502731312368596805e-01 2.343094282924698124e-01 9.374373291196107516e-01
1.520530331600746393e+09 -9.255126863718032837e-02 5.126661062240600586e-02 2.240312844514846802e-01 4.842205340944489428e-02 -2.927299211865997952e-01 1.792415240846022551e-01 9.379962548057049210e-01
1.520530331650479317e+09 -1.190800592303276062e-01 4.743776842951774597e-02 2.256750464439392090e-01 4.240950291533942401e-02 -3.215245095746011028e-01 1.209384719733501284e-01 9.381883125481990104e-01
1.520530331700481176e+09 -1.558724492788314819e-01 3.554585203528404236e-02 2.205452322959899902e-01 4.047189968342176231e-02 -3.410901081117292954e-01 6.342217236674350944e-02 9.370150433886463848e-01
1.520530331750483036e+09 -1.912501305341720581e-01 3.245673701167106628e-02 2.045731991529464722e-01 4.017249070817521112e-02 -3.500356033322687965e-01 6.896654986934199622e-03 9.358491777739121886e-01
1.520530331800484180e+09 -2.312308251857757568e-01 2.735720016062259674e-02 1.866186559200286865e-01 4.154085677784135483e-02 -3.487968988255891190e-01 -4.684525657561300349e-02 9.351045944300454549e-01
1.520530331850486040e+09 -2.711230218410491943e-01 2.648495882749557495e-02 1.656523197889328003e-01 4.366024795049539692e-02 -3.334242578534108437e-01 -9.923413774876467530e-02 9.365226280923825142e-01
1.520530331900488138e+09 -3.092036247253417969e-01 2.899057045578956604e-02 1.441555172204971313e-01 4.610874640023486515e-02 -3.069476923955413161e-01 -1.473903729464192403e-01 9.391129727573602759e-01
1.520530331950489283e+09 -3.481416702270507812e-01 3.272641822695732117e-02 1.243130341172218323e-01 4.905665299552178227e-02 -2.756127122556785713e-01 -1.889833214293525077e-01 9.412313115602750635e-01
1.520530332000491142e+09 -3.885292410850524902e-01 3.968663513660430908e-02 1.101084053516387939e-01 5.280621397218760588e-02 -2.413268110959743695e-01 -2.247360219865723874e-01 9.425850595218567829e-01
1.520530332050387383e+09 -4.249298870563507080e-01 4.756411910057067871e-02 9.806693345308303833e-02 5.758906183427843495e-02 -2.029850957410551382e-01 -2.561854864698295819e-01 9.433183701096142793e-01
1.520530332100388527e+09 -4.602784514427185059e-01 5.835687369108200073e-02 9.180610626935958862e-02 6.073565117248842099e-02 -1.620614848343341630e-01 -2.839051523013617628e-01 9.431039817043957996e-01
1.520530332150390387e+09 -4.922765493392944336e-01 6.456735730171203613e-02 9.368293732404708862e-02 6.005766787219135594e-02 -1.193620671700302838e-01 -3.085364596318257990e-01 9.417807741340388228e-01
1.520530332200392246e+09 -5.185489058494567871e-01 6.942080706357955933e-02 1.037424281239509583e-01 5.429287683676004700e-02 -7.139809013835325679e-02 -3.285915958250140712e-01 9.402032543033206347e-01
1.520530332250393391e+09 -5.385114550590515137e-01 7.576354593038558960e-02 1.190745308995246887e-01 4.399013263041064159e-02 -1.668804369276337407e-02 -3.384290725045716597e-01 9.398149500367414255e-01
1.520530332300399542e+09 -5.508725047111511230e-01 8.134308457374572754e-02 1.387635767459869385e-01 2.826969826694252994e-02 4.156775315286139610e-02 -3.362246981252491884e-01 9.404392050676662063e-01
1.520530332350396395e+09 -5.530110597610473633e-01 8.400979638099670410e-02 1.639533340930938721e-01 9.089720503105105237e-03 9.365081111765684307e-02 -3.223985457578081859e-01 9.419161747477484692e-01
1.520530332400401592e+09 -5.423516631126403809e-01 8.496074378490447998e-02 1.883928030729293823e-01 -9.319609224532184044e-03 1.438337152566123156e-01 -3.002865970804130535e-01 9.428960530478677216e-01
1.520530332450399399e+09 -5.251175165176391602e-01 8.485680073499679565e-02 2.096121162176132202e-01 -2.488285680459455945e-02 1.928866658366637787e-01 -2.725801473169658373e-01 9.422715324514046031e-01
1.520530332500482559e+09 -5.029885768890380859e-01 8.103830367326736450e-02 2.267944812774658203e-01 -3.912968369994453133e-02 2.372622821115788760e-01 -2.355345074566756181e-01 9.416469471823761817e-01
1.520530332550483465e+09 -4.722712337970733643e-01 7.590094953775405884e-02 2.383890748023986816e-01 -5.279621658825436881e-02 2.771552996475131758e-01 -1.909039843882032184e-01 9.401878366241355200e-01
1.520530332600485802e+09 -4.375610947608947754e-01 7.065800577402114868e-02 2.417862415313720703e-01 -6.097383091623678752e-02 3.083440195001283524e-01 -1.383473350543505398e-01 9.391837799202358283e-01
1.520530332650487661e+09 -4.002861678600311279e-01 6.637002527713775635e-02 2.375705093145370483e-01 -6.101002841938683863e-02 3.345643240942799412e-01 -8.428930387930153034e-02 9.366108064330381788e-01
1.520530332700488567e+09 -3.645368218421936035e-01 5.812878906726837158e-02 2.362788915634155273e-01 -5.475990299634109215e-02 3.553908950030614800e-01 -3.178321468824171769e-02 9.325709045626694449e-01
1.520530332750490665e+09 -3.248698115348815918e-01 5.591546744108200073e-02 2.179880440235137939e-01 -4.423842382413385732e-02 3.674229816134781945e-01 1.706647610771572579e-02 9.288444702064402314e-01
1.520530332800491571e+09 -2.849037051200866699e-01 5.762881040573120117e-02 1.944162547588348389e-01 -3.006883917669653239e-02 3.652598883124906770e-01 6.439594968957765286e-02 9.281886880177382393e-01
1.520530332850493431e+09 -2.444520443677902222e-01 6.116135790944099426e-02 1.690281480550765991e-01 -1.386590817648672598e-02 3.535408267664569282e-01 1.101980249574946030e-01 9.288019248985215359e-01
1.520530332900163889e+09 -2.086461782455444336e-01 6.497813761234283447e-02 1.425926834344863892e-01 4.105827652257758482e-03 3.344982765630594157e-01 1.539728596932708748e-01 9.297238319165048726e-01
1.520530332950166225e+09 -1.737086474895477295e-01 7.226356863975524902e-02 1.178797110915184021e-01 2.541349260656487752e-02 3.113879550650042738e-01 1.957956545730844267e-01 9.295459953570174294e-01
1.520530333000168085e+09 -1.416136473417282104e-01 8.107716590166091919e-02 9.762039780616760254e-02 5.120358686848282270e-02 2.831956279255044007e-01 2.370163956657757309e-01 9.279017497565598127e-01
1.520530333050168991e+09 -1.097767949104309082e-01 9.223524481058120728e-02 8.150438964366912842e-02 7.574367969354912911e-02 2.537207801355592651e-01 2.773246953723244035e-01 9.235689871636725279e-01
1.520530333100171089e+09 -8.193056285381317139e-02 1.041425690054893494e-01 7.687483727931976318e-02 9.344704278228249672e-02 2.251771647268231979e-01 3.181478620979360517e-01 9.161576461086530232e-01
1.520530333150172949e+09 -5.951949954032897949e-02 1.157076060771942139e-01 8.039493858814239502e-02 1.027505456084603919e-01 1.958795307952066744e-01 3.615974726823956709e-01 9.057156300640490931e-01
1.520530333200173855e+09 -4.027706384658813477e-02 1.255389302968978882e-01 9.097135066986083984e-02 1.044602044160661963e-01 1.655347712018193640e-01 4.022496142727858826e-01 8.943609746818730333e-01
1.520530333250174999e+09 -2.647216618061065674e-02 1.342836767435073853e-01 1.082313209772109985e-01 1.014781464094989261e-01 1.295977759783470684e-01 4.421066995293697066e-01 8.817302696936326623e-01
1.520530333300608158e+09 -1.953109353780746460e-02 1.381894648075103760e-01 1.318706125020980835e-01 9.441760065346656294e-02 9.053305424289576075e-02 4.786657035623104739e-01 8.681982648044705986e-01
1.520530333350610018e+09 -1.710704527795314789e-02 1.418813169002532959e-01 1.557599306106567383e-01 8.573657209398068135e-02 5.001812390404046516e-02 5.141707023831176837e-01 8.519248301919278843e-01
1.520530333400611877e+09 -1.730749011039733887e-02 1.494089514017105103e-01 1.781363785266876221e-01 7.555794529935544457e-02 1.243738147555749698e-02 5.473003252762227433e-01 8.334258589680978435e-01
1.520530333450613022e+09 -2.502563968300819397e-02 1.541305035352706909e-01 1.990409642457962036e-01 6.689429175298029773e-02 -2.030571144865831942e-02 5.760775711646939357e-01 8.144000637367472262e-01
1.520530333500615120e+09 -3.549620509147644043e-02 1.558653116226196289e-01 2.196545004844665527e-01 5.892045185861494866e-02 -4.331389267474212296e-02 5.947082995041252929e-01 8.006087218829490704e-01
1.520530333550615788e+09 -4.582161456346511841e-02 1.567312926054000854e-01 2.372336685657501221e-01 5.227824120471589314e-02 -5.774070123643869346e-02 5.979947241816292447e-01 7.977062785061949102e-01
1.520530333600618124e+09 -5.874246358871459961e-02 1.528843939304351807e-01 2.502756118774414062e-01 4.996975474409216800e-02 -6.738025142998542438e-02 5.825303315651304548e-01 8.084685140032769057e-01
1.520530333650619030e+09 -7.451447844505310059e-02 1.426721364259719849e-01 2.583139240741729736e-01 4.978287593737092814e-02 -7.275981457805187624e-02 5.453004242311608740e-01 8.335916998022999680e-01
1.520530333700541496e+09 -9.228011220693588257e-02 1.287436187267303467e-01 2.644633352756500244e-01 4.720659998885461811e-02 -7.790976137122879175e-02 4.967323319750289179e-01 8.631098402701826711e-01
1.520530333750542402e+09 -1.133397445082664490e-01 1.120981052517890930e-01 2.727938294410705566e-01 3.584908945249699191e-02 -8.412725938794182734e-02 4.400462359296254400e-01 8.933066423448721149e-01
1.520530333800544262e+09 -1.361972540616989136e-01 9.328870475292205811e-02 2.804618775844573975e-01 1.184150862701770224e-02 -8.582742560885694982e-02 3.707090041196979269e-01 9.246990137073652916e-01
1.520530333850545406e+09 -1.588176190853118896e-01 7.688067853450775146e-02 2.895378172397613525e-01 -2.424312076607440178e-02 -8.449504851064079669e-02 2.968583854044613557e-01 9.508669501501050281e-01
1.520530333900547504e+09 -1.839891672134399414e-01 6.505756080150604248e-02 2.982512116432189941e-01 -6.651283190791124067e-02 -7.666814483137034120e-02 2.189152881313866927e-01 9.704504806439420150e-01
1.520530333950549364e+09 -2.072325497865676880e-01 5.790914222598075867e-02 3.083305060863494873e-01 -1.100933258605087672e-01 -5.722688893946695915e-02 1.377552213521642255e-01 9.826637480712810957e-01
1.520530334000561476e+09 -2.284485548734664917e-01 5.588995665311813354e-02 3.186243474483489990e-01 -1.478105950839748717e-01 -3.281850036032780971e-02 6.566198996828818968e-02 9.862877253055646332e-01
1.520530334050551414e+09 -2.451508045196533203e-01 5.686831101775169373e-02 3.304564952850341797e-01 -1.779442306022604170e-01 -1.433388816237881648e-02 1.545475166079198978e-02 9.838147900375462385e-01
1.520530334100215912e+09 -2.646285593509674072e-01 6.272079795598983765e-02 3.352319896221160889e-01 -2.019686364271925383e-01 -6.439772783436030316e-03 -1.070210225102885375e-02 9.793123425310471530e-01
1.520530334150218010e+09 -2.765670716762542725e-01 6.506557762622833252e-02 3.470925092697143555e-01 -2.199720457381321992e-01 -5.209717469629220922e-03 -1.918770199762487999e-02 9.753035373819362031e-01
1.520530334200218916e+09 -2.811912894248962402e-01 6.554320454597473145e-02 3.587483763694763184e-01 -2.262217766278380726e-01 -9.046878332900371716e-03 -1.589929812776278567e-02 9.739040374137580836e-01
1.520530334250220776e+09 -2.862464785575866699e-01 6.768482923507690430e-02 3.607681393623352051e-01 -2.017384533233042287e-01 -1.256146880778098544e-02 -5.869415340539356485e-03 9.793412867410791200e-01
1.520530334300222158e+09 -2.892822623252868652e-01 6.829294562339782715e-02 3.596314787864685059e-01 -1.456298108559664628e-01 -1.201552639328319801e-02 6.535400750897364490e-03 9.892445975857401264e-01
1.520530334350224018e+09 -2.893902063369750977e-01 6.787147372961044312e-02 3.527159094810485840e-01 -8.034591118350875583e-02 -1.002531187027643975e-02 2.037014001652964756e-02 9.965084470659054672e-01
1.520530334400225163e+09 -2.882053554058074951e-01 6.591276079416275024e-02 3.419340550899505615e-01 -2.156133531327606920e-02 -9.062562876240010806e-03 3.266222705450777530e-02 9.991927530248919664e-01
1.520530334450227022e+09 -2.869226336479187012e-01 6.407922506332397461e-02 3.278858363628387451e-01 2.975701879642107112e-02 -7.023136543882984792e-03 4.221730739879710204e-02 9.986405230819700440e-01
1.520530334500227928e+09 -2.848027646541595459e-01 6.302195042371749878e-02 3.117625713348388672e-01 7.824597103191884007e-02 -6.057993772525647851e-03 4.985294335488864997e-02 9.956683949827767055e-01
1.520530334550085783e+09 -2.839657962322235107e-01 6.161074712872505188e-02 2.948908209800720215e-01 1.227202100330374579e-01 -4.907892482835038948e-03 5.510732827232205089e-02 9.908979992973597772e-01
1.520530334600087881e+09 -2.830742895603179932e-01 6.004906445741653442e-02 2.787910401821136475e-01 1.646795744606354694e-01 -2.438684962080087462e-03 5.869210972164429913e-02 9.845963268403667978e-01
1.520530334650088787e+09 -2.824467718601226807e-01 5.939758941531181335e-02 2.643451094627380371e-01 2.064078599506148914e-01 1.185515429992069995e-03 6.225803867861987723e-02 9.764826299139499621e-01
1.520530334700090647e+09 -2.827746570110321045e-01 6.030382588505744934e-02 2.479192614555358887e-01 2.493392711875212497e-01 3.742538222555397403e-03 6.623202261502220134e-02 9.661414184433104735e-01
1.520530334750091791e+09 -2.845155894756317139e-01 6.114141270518302917e-02 2.315298914909362793e-01 2.922142317123899158e-01 4.707640294913195342e-03 6.945280424316890855e-02 9.538160141716803819e-01
1.520530334800093889e+09 -2.886393964290618896e-01 6.327886879444122314e-02 2.129565179347991943e-01 3.356245638506288320e-01 4.411266496380995827e-03 7.164179282601457199e-02 9.392572312144568114e-01
1.520530334850094795e+09 -2.930315732955932617e-01 6.533552706241607666e-02 1.981867998838424683e-01 3.782985183735015911e-01 2.372159838707979355e-03 7.257191785644585835e-02 9.228314692254215856e-01
1.520530334900096893e+09 -2.985565960407257080e-01 6.832744181156158447e-02 1.854915916919708252e-01 4.147283331340984591e-01 9.625633588992675571e-04 7.134214610586935013e-02 9.071437490037623785e-01
1.520530334950927734e+09 -3.036346435546875000e-01 6.920494139194488525e-02 1.792794167995452881e-01 4.334863766536319329e-01 -1.390884316113535739e-03 6.888195468995030046e-02 8.985226224278476392e-01
1.520530335000928640e+09 -3.081118464469909668e-01 6.790928542613983154e-02 1.803795099258422852e-01 4.256848751753653515e-01 -4.766221689770548144e-03 6.575969697564233718e-02 9.024662500234617024e-01
1.520530335050930738e+09 -3.123458623886108398e-01 6.478268653154373169e-02 1.872039139270782471e-01 3.946351610372420549e-01 -8.388654123523018799e-03 6.216918524897414172e-02 9.166939034162846500e-01
1.520530335100932598e+09 -3.163857460021972656e-01 6.091519445180892944e-02 1.981154382228851318e-01 3.490833881930956450e-01 -1.179864238582183263e-02 5.735958275256246297e-02 9.352601019994022380e-01
1.520530335150933504e+09 -3.202248215675354004e-01 5.795761570334434509e-02 2.111320495605468750e-01 2.950903558705173513e-01 -1.322259378385226038e-02 5.091480540503288965e-02 9.540201923840010423e-01
1.520530335200935841e+09 -3.255177736282348633e-01 5.969726666808128357e-02 2.163818478584289551e-01 2.372775270313410290e-01 -1.397201915529368114e-02 4.357797086140090953e-02 9.703633949723259322e-01
1.520530335250936747e+09 -3.267297148704528809e-01 5.681385099887847900e-02 2.348029613494873047e-01 1.778064348357239199e-01 -1.542544997944244635e-02 3.776248870688861392e-02 9.832196711165839265e-01
1.520530335300937891e+09 -3.283040225505828857e-01 5.638958141207695007e-02 2.503870725631713867e-01 1.178500012448687739e-01 -1.903345178824515649e-02 3.433328739303183330e-02 9.922551739831828588e-01
1.520530335351457357e+09 -3.309932649135589600e-01 5.755988508462905884e-02 2.627551257610321045e-01 5.821392950437450503e-02 -2.236993383374972361e-02 3.264933019320608032e-02 9.975192959085394939e-01
1.520530335401458502e+09 -3.324561715126037598e-01 6.050134450197219849e-02 2.756263017654418945e-01 2.044186446721517011e-04 -2.552345635307032637e-02 3.177351571730677865e-02 9.991691323733798979e-01
1.520530335451459408e+09 -3.326533734798431396e-01 6.474381685256958008e-02 2.882948815822601318e-01 -5.197937677543912338e-02 -2.896631448304059359e-02 3.256984731779759973e-02 9.976964979696990587e-01
1.520530335501461267e+09 -3.277416229248046875e-01 7.137403637170791626e-02 3.148528933525085449e-01 -9.511151557409225354e-02 -3.057168869645025822e-02 3.355880702365408863e-02 9.944309819824580510e-01
1.520530335551462412e+09 -3.239097297191619873e-01 7.956586033105850220e-02 3.310497105121612549e-01 -1.313115197684243673e-01 -3.234211326736980557e-02 3.554993091257648702e-02 9.901754768209615198e-01
1.520530335601512432e+09 -3.270830512046813965e-01 8.457487076520919800e-02 3.318004608154296875e-01 -1.643186736345556287e-01 -3.364332619384898665e-02 3.864638339705352837e-02 9.850756098634879665e-01
1.520530335651465416e+09 -3.254792690277099609e-01 9.221658110618591309e-02 3.422721326351165771e-01 -1.928710539913078836e-01 -3.537793274880486616e-02 4.336230232984639860e-02 9.796269030316379078e-01
1.520530335701467514e+09 -3.225561976432800293e-01 1.006493791937828064e-01 3.520828783512115479e-01 -2.133134102504128105e-01 -3.730831945931908922e-02 4.814062518290684184e-02 9.750835648873685813e-01
1.520530335750222683e+09 -3.183054924011230469e-01 1.044852212071418762e-01 3.579726517200469971e-01 -2.164964102127594769e-01 -3.910356903634732567e-02 5.324002043660493871e-02 9.740460540844657622e-01
1.520530335800223589e+09 -3.143548071384429932e-01 1.043349280953407288e-01 3.578880727291107178e-01 -1.994154495469492305e-01 -3.724664250174861135e-02 5.932764391198899062e-02 9.774079991345411278e-01
1.520530335850225687e+09 -3.092664182186126709e-01 1.069737449288368225e-01 3.532739579677581787e-01 -1.671172941193024009e-01 -3.447827623970479288e-02 6.991430224317143893e-02 9.828504712394615650e-01
1.520530335900226593e+09 -3.022751510143280029e-01 1.052564606070518494e-01 3.450591862201690674e-01 -1.247245731960691523e-01 -3.087540872714199941e-02 8.785882508304176941e-02 9.878113771525501852e-01
1.520530335950228691e+09 -2.925944924354553223e-01 1.034614592790603638e-01 3.337139785289764404e-01 -7.439600684245749329e-02 -2.352519708404768664e-02 1.088541821808204219e-01 9.909906993962145361e-01
1.520530336000229836e+09 -2.821421325206756592e-01 1.056184321641921997e-01 3.200202286243438721e-01 -1.900480850466346183e-02 -9.266397801606332529e-03 1.300149990989948046e-01 9.912865635802654563e-01
1.520530336050231695e+09 -2.697361111640930176e-01 1.087989211082458496e-01 3.053354918956756592e-01 3.448375698355898161e-02 8.206957046884504059e-03 1.505690818021619415e-01 9.879637989145064747e-01
1.520530336100232840e+09 -2.539869546890258789e-01 1.116147115826606750e-01 2.919491231441497803e-01 7.596130432140729694e-02 2.568963276172222393e-02 1.742764657011030283e-01 9.814263276054349117e-01
1.520530336150177479e+09 -2.341487556695938110e-01 1.123395040631294250e-01 2.802157104015350342e-01 1.007274856862780121e-01 4.204981114867748643e-02 1.969470868973373368e-01 9.743190606635661055e-01
1.520530336200179338e+09 -2.065214812755584717e-01 1.141310855746269226e-01 2.659356296062469482e-01 1.111789996977908118e-01 5.497841814011349831e-02 2.178599051534317599e-01 9.680669735568646628e-01
1.520530336250180483e+09 -1.779746264219284058e-01 1.192944422364234924e-01 2.584494054317474365e-01 1.137212729493684432e-01 6.042768758921877870e-02 2.415679227279500241e-01 9.618008657514810489e-01
1.520530336300182343e+09 -1.465418487787246704e-01 1.269745975732803345e-01 2.562604248523712158e-01 1.097572824529652602e-01 5.849467598580598143e-02 2.666631174859509512e-01 9.557313919729378826e-01
1.520530336350183249e+09 -1.113268733024597168e-01 1.355124115943908691e-01 2.568117380142211914e-01 9.594816869828921846e-02 4.687700505013207147e-02 2.917205810052035941e-01 9.505238544818122026e-01
1.520530336400185347e+09 -7.660400867462158203e-02 1.435091942548751831e-01 2.655158936977386475e-01 6.939818926484855877e-02 2.480511923418491152e-02 3.160875496877724178e-01 9.458632344683443050e-01
1.520530336450186253e+09 -4.733915254473686218e-02 1.505742818117141724e-01 2.829869389533996582e-01 3.250261035424951289e-02 -4.580275637871663447e-03 3.342576933105199655e-01 9.419099722680355224e-01
1.520530336500188351e+09 -2.619403973221778870e-02 1.536583006381988525e-01 3.106218576431274414e-01 -5.054882460476558051e-03 -3.697502417701229588e-02 3.403432189403685637e-01 9.395604233213149525e-01
1.520530336550581932e+09 -1.486280560493469238e-02 1.566094756126403809e-01 3.448815643787384033e-01 -3.586612571720945025e-02 -7.393058990006441678e-02 3.418317966416811182e-01 9.361617978254539452e-01
1.520530336600583792e+09 -1.428299490362405777e-02 1.567619293928146362e-01 3.785399198532104492e-01 -5.966557991201577871e-02 -1.043259818696947172e-01 3.398680804855140347e-01 9.327624541906578415e-01
1.520530336650585651e+09 -2.102277055382728577e-02 1.506661176681518555e-01 4.128380119800567627e-01 -7.805550243523234899e-02 -1.246635266471391723e-01 3.318343820270598377e-01 9.318005615839695110e-01
1.520530336700585842e+09 -3.418894857168197632e-02 1.417685747146606445e-01 4.422302544116973877e-01 -9.033583542820985968e-02 -1.391887319492878250e-01 3.186129223364159158e-01 9.332479517556339088e-01
1.520530336750587702e+09 -5.501559376716613770e-02 1.290410757064819336e-01 4.649780094623565674e-01 -9.854257240298859577e-02 -1.493256261315656364e-01 3.020241301450586890e-01 9.363613851578557190e-01
1.520530336800589800e+09 -8.369142562150955200e-02 1.116437464952468872e-01 4.812319874763488770e-01 -1.033476091147829956e-01 -1.542673329979980801e-01 2.804353093532350183e-01 9.417414182926744370e-01
1.520530336850590706e+09 -1.179273352026939392e-01 9.140635281801223755e-02 4.904862046241760254e-01 -1.076578129667076222e-01 -1.560617244530172198e-01 2.565113614336682057e-01 9.477639236241386378e-01
1.520530336900593758e+09 -1.574080884456634521e-01 6.857964396476745605e-02 4.902485609054565430e-01 -1.100595795041698632e-01 -1.551269410935678938e-01 2.300231559938594461e-01 9.544170308690760329e-01
1.520530336950593948e+09 -1.990854591131210327e-01 4.504364728927612305e-02 4.790658056735992432e-01 -1.046709977742708575e-01 -1.540602689755025401e-01 2.058452146792602022e-01 9.606961868050604147e-01
1.520530337000258446e+09 -2.424227148294448853e-01 2.526294998824596405e-02 4.534910321235656738e-01 -8.872834959120295961e-02 -1.491828050072194489e-01 1.869799563888103755e-01 9.669075791293798572e-01
1.520530337050259352e+09 -2.886823713779449463e-01 1.057032216340303421e-02 4.116633832454681396e-01 -6.137413342796732563e-02 -1.416513876267989636e-01 1.680383928597019572e-01 9.736175833737272800e-01
1.520530337100266218e+09 -3.348648846149444580e-01 1.064108437276445329e-04 3.619005382061004639e-01 -2.912946187648500496e-02 -1.324557791007686669e-01 1.488403506438923662e-01 9.795169682316883231e-01
1.520530337150262356e+09 -3.836090564727783203e-01 -4.305990412831306458e-03 3.071270883083343506e-01 3.094124494596149372e-03 -1.240433632670895348e-01 1.311744403555068494e-01 9.835633871898753489e-01
1.520530337200351238e+09 -4.354489743709564209e-01 -2.978293690830469131e-03 2.520105838775634766e-01 3.385788468148098057e-02 -1.133114585345289527e-01 1.104203725836830907e-01 9.868239449507464345e-01
1.520530337250265360e+09 -4.888851642608642578e-01 8.070025593042373657e-03 1.968428045511245728e-01 6.018660418405574059e-02 -9.989779157648821795e-02 8.588266127750683598e-02 9.894554928882983713e-01
1.520530337300267458e+09 -5.412748456001281738e-01 2.717325091361999512e-02 1.458005756139755249e-01 7.879013579616737928e-02 -8.881673974789222603e-02 5.798205741728179596e-02 9.912324562177309284e-01
1.520530337350269318e+09 -5.927715301513671875e-01 5.241873860359191895e-02 1.021020933985710144e-01 9.051170465963298550e-02 -8.200193507442964103e-02 2.852705901329549362e-02 9.921035837389703405e-01
1.520530337400301218e+09 -6.447724103927612305e-01 8.253451436758041382e-02 6.528276950120925903e-02 1.001941546316755943e-01 -7.659248145056353485e-02 -4.340701669869827771e-03 9.920059886270354843e-01
1.520530337450303078e+09 -6.948835253715515137e-01 1.175563558936119080e-01 3.602357581257820129e-02 1.109720305536499585e-01 -7.168336867433222626e-02 -3.815988030664529962e-02 9.905001396392036916e-01
1.520530337500304222e+09 -7.440406680107116699e-01 1.560600996017456055e-01 1.535297930240631104e-02 1.196469722012264564e-01 -6.626150662554697313e-02 -7.352715625783266817e-02 9.878703214873031380e-01
1.520530337550306082e+09 -7.905935049057006836e-01 1.934275776147842407e-01 9.509245865046977997e-03 1.205487515511142332e-01 -6.444899557162984960e-02 -1.088645949243714772e-01 9.846130333492586484e-01
1.520530337600306988e+09 -8.378182053565979004e-01 2.290240973234176636e-01 1.295904442667961121e-02 1.126688961715080484e-01 -6.232829459651154091e-02 -1.392988196432660142e-01 9.818435427165455032e-01
1.520530337650309324e+09 -8.797773122787475586e-01 2.566236257553100586e-01 3.460100293159484863e-02 9.854113194153495126e-02 -5.045160591600628824e-02 -1.658114771326550108e-01 9.799238923647407562e-01
1.520530337700309992e+09 -9.145198464393615723e-01 2.763023674488067627e-01 6.965432316064834595e-02 8.077428556229346301e-02 -3.092843319532160781e-02 -1.899877653220426732e-01 9.779691180399920913e-01
1.520530337750312090e+09 -9.424208402633666992e-01 2.880975604057312012e-01 1.149368658661842346e-01 6.129719934443247920e-02 -1.369195868635903965e-02 -2.072033242970677536e-01 9.762796556418165128e-01
1.520530337800853968e+09 -9.631885290145874023e-01 2.915919125080108643e-01 1.697219908237457275e-01 4.354573758642515946e-02 -2.450687096744724649e-03 -2.164928899386736882e-01 9.753094849722365733e-01
1.520530337850854635e+09 -9.776234626770019531e-01 2.877623438835144043e-01 2.272811681032180786e-01 2.836213623643332390e-02 4.671114946449447108e-03 -2.199858866500953025e-01 9.750794734728213120e-01
1.520530337900856733e+09 -9.851915836334228516e-01 2.775366902351379395e-01 2.866377830505371094e-01 1.228083715115232608e-02 1.207515922522653384e-02 -2.229263844097633673e-01 9.746831273303865339e-01
1.520530337950857878e+09 -9.878834486007690430e-01 2.635862231254577637e-01 3.439634740352630615e-01 -6.125546124635842388e-03 2.244984956448990709e-02 -2.239727678112802822e-01 9.743175463975597417e-01
1.520530338000859737e+09 -9.820598363876342773e-01 2.457115054130554199e-01 4.004772901535034180e-01 -2.704901315197761474e-02 3.463721122583029999e-02 -2.186697923073404326e-01 9.748087691533483534e-01
1.520530338050861597e+09 -9.682978987693786621e-01 2.234172970056533813e-01 4.536869525909423828e-01 -5.032463144663688187e-02 4.648218810782168281e-02 -2.056178360996697707e-01 9.762316032254634290e-01
1.520530338100862741e+09 -9.486723542213439941e-01 1.983812600374221802e-01 5.023474097251892090e-01 -7.116348229913260770e-02 5.608519859363615689e-02 -1.841206235371862510e-01 9.787184504616489589e-01
1.520530338150863647e+09 -9.216669201850891113e-01 1.720052659511566162e-01 5.430823564529418945e-01 -8.133797899918640550e-02 6.169513466833348447e-02 -1.603967956454434851e-01 9.817589884881412488e-01
1.520530338200470686e+09 -8.903304934501647949e-01 1.453093141317367554e-01 5.706408023834228516e-01 -7.750395093045719941e-02 6.574831400444447471e-02 -1.373573138631221935e-01 9.852934918713561752e-01
1.520530338250472546e+09 -8.560097813606262207e-01 1.187460869550704956e-01 5.868680477142333984e-01 -6.476535861033050345e-02 7.279633877590413471e-02 -1.123927068752146874e-01 9.888751290360988655e-01
1.520530338300474405e+09 -8.186036348342895508e-01 9.309989213943481445e-02 5.910167098045349121e-01 -5.021300131860587795e-02 7.981388960304548752e-02 -8.739766417646234464e-02 9.917005827473880375e-01
1.520530338350475550e+09 -7.784149050712585449e-01 6.950093060731887817e-02 5.838506817817687988e-01 -3.790631406301581130e-02 8.466236789417981579e-02 -6.439451683945611460e-02 9.936039155607829798e-01
1.520530338400477648e+09 -7.355394363403320312e-01 4.894716665148735046e-02 5.672930479049682617e-01 -2.653656965723825978e-02 8.199254796211226382e-02 -3.928363517402308491e-02 9.955048109160606895e-01
1.520530338450478315e+09 -6.870040297508239746e-01 3.226035833358764648e-02 5.407925248146057129e-01 -1.128424335066935229e-02 7.106552295210147308e-02 -1.158781446407054598e-02 9.973405034668418878e-01
1.520530338500480652e+09 -6.379994750022888184e-01 1.994240656495094299e-02 5.056514143943786621e-01 1.264864444584596487e-02 6.021985215842963479e-02 1.220321708727710973e-02 9.980303916677186749e-01
1.520530338550481558e+09 -5.880914926528930664e-01 1.189754996448755264e-02 4.627912938594818115e-01 4.292059155134191756e-02 5.023662556225360482e-02 3.160339102002664158e-02 9.973140578318527849e-01
1.520530338600260019e+09 -5.367717742919921875e-01 8.803146891295909882e-03 4.149016737937927246e-01 7.517029048937842739e-02 4.034490351901728888e-02 4.699859955552573160e-02 9.952451194693712200e-01
1.520530338650260925e+09 -4.844537675380706787e-01 1.206197217106819153e-02 3.619130849838256836e-01 1.071219621446748704e-01 3.133908369074932948e-02 6.233176007811892794e-02 9.917950890911201300e-01
1.520530338700263023e+09 -4.326813817024230957e-01 2.047605812549591064e-02 3.083996474742889404e-01 1.351599237209034354e-01 2.463425493128952593e-02 7.967397517235823290e-02 9.873079591414090084e-01
1.520530338750265837e+09 -3.817477226257324219e-01 3.559506312012672424e-02 2.528324723243713379e-01 1.585053249458173164e-01 2.411625414928007458e-02 9.529125209732165758e-02 9.824530754816500622e-01
1.520530338800265789e+09 -3.306192457675933838e-01 5.622018128633499146e-02 1.983664035797119141e-01 1.774518237445475433e-01 2.601589110921135109e-02 1.095674942676579250e-01 9.776650693665160929e-01
1.520530338850266933e+09 -2.798483371734619141e-01 8.240067213773727417e-02 1.456619054079055786e-01 1.974312099004031096e-01 2.445171814745665528e-02 1.252620592962404855e-01 9.719734807790617603e-01
1.520530338900268793e+09 -2.300394028425216675e-01 1.148543283343315125e-01 9.611125290393829346e-02 2.233909283555561565e-01 2.207526853171029937e-02 1.427808051643565113e-01 9.639620414333304188e-01
1.520530338950269699e+09 -1.820396929979324341e-01 1.530957221984863281e-01 5.061272531747817993e-02 2.532120092124823252e-01 2.692640432380706550e-02 1.597369340445163599e-01 9.537519378972849626e-01
1.520530339000272036e+09 -1.362396180629730225e-01 1.961929947137832642e-01 1.151189021766185760e-02 2.816230307302777236e-01 3.344164357544668342e-02 1.781780688508562693e-01 9.422434403156358940e-01
1.520530339050958872e+09 -8.941055089235305786e-02 2.428224384784698486e-01 -2.379035204648971558e-02 3.049936490021222246e-01 3.703996787093730841e-02 1.998533986361039350e-01 9.304114863339171260e-01
1.520530339100959778e+09 -4.510593041777610779e-02 2.907477021217346191e-01 -5.195663124322891235e-02 3.216818730816100036e-01 3.703961362145988950e-02 2.278239182039120125e-01 9.182837806733261665e-01
1.520530339150961876e+09 -9.997001616284251213e-04 3.387975394725799561e-01 -7.271900027990341187e-02 3.323097093404657754e-01 3.985906974748691656e-02 2.609405709124335560e-01 9.054786193438325581e-01
1.520530339200963020e+09 4.158369451761245728e-02 3.856854140758514404e-01 -8.210478723049163818e-02 3.369300616382052693e-01 4.471233052110461931e-02 2.950212020173172967e-01 8.929957622654790539e-01
1.520530339250964880e+09 7.874349504709243774e-02 4.284622073173522949e-01 -7.804813235998153687e-02 3.368956026576874208e-01 4.476600350687905128e-02 3.299195050882219871e-01 8.807102122731849114e-01
1.520530339300966024e+09 1.164175197482109070e-01 4.658491611480712891e-01 -6.617803126573562622e-02 3.324409527318071267e-01 3.974747796005664857e-02 3.620034242863088836e-01 8.699750983491251199e-01
1.520530339350967884e+09 1.550051569938659668e-01 4.977749288082122803e-01 -4.939206317067146301e-02 3.231125640979606306e-01 2.879558386863816100e-02 3.901939233869096135e-01 8.616947182289305118e-01
1.520530339400969744e+09 1.932383030652999878e-01 5.228470563888549805e-01 -2.663423866033554077e-02 3.078638740094946646e-01 1.119406365956366299e-02 4.154602952300575636e-01 8.558547020996059018e-01
1.520530339451687574e+09 2.277204841375350952e-01 5.332123637199401855e-01 9.679159149527549744e-03 2.849703664278129267e-01 -1.239918889190317480e-02 4.387771089323579399e-01 8.521225258434274030e-01
1.520530339501689434e+09 2.573820054531097412e-01 5.384855866432189941e-01 5.277497693896293640e-02 2.550018668503241104e-01 -3.847173139430908051e-02 4.572307361175619866e-01 8.511369030513048495e-01
1.520530339551690578e+09 2.832898497581481934e-01 5.372116565704345703e-01 9.891652315855026245e-02 2.205598472905871688e-01 -6.633166877260474048e-02 4.682044024211123312e-01 8.530756713413431003e-01
1.520530339601692438e+09 3.039838075637817383e-01 5.299500823020935059e-01 1.453786492347717285e-01 1.853710628237107971e-01 -9.263340715232659672e-02 4.701384692091051809e-01 8.579198335023374700e-01
1.520530339651693344e+09 3.194518685340881348e-01 5.167490839958190918e-01 1.915311366319656372e-01 1.520475835408428567e-01 -1.177283818830639622e-01 4.650810338810173472e-01 8.641303098276034156e-01
1.520530339701695681e+09 3.241317868232727051e-01 5.008845329284667969e-01 2.370637804269790649e-01 1.208074655427072014e-01 -1.407064756494278424e-01 4.573421947555787459e-01 8.697386738990137145e-01
1.520530339751697540e+09 3.283675014972686768e-01 4.735740423202514648e-01 2.823124527931213379e-01 9.061567088361029143e-02 -1.578217079641883180e-01 4.432917937153062482e-01 8.777092310727090396e-01
1.520530339801698446e+09 3.265787959098815918e-01 4.412286579608917236e-01 3.213763833045959473e-01 6.109248038787052498e-02 -1.726984363888073581e-01 4.248458997360213263e-01 8.865376023533403371e-01
1.520530339851056576e+09 3.225119411945343018e-01 4.059695899486541748e-01 3.576791584491729736e-01 3.535395911673786667e-02 -1.864209202003034027e-01 4.069376348549529898e-01 8.935318122065386559e-01
1.520530339901057482e+09 3.169489800930023193e-01 3.661100268363952637e-01 3.952565789222717285e-01 1.575332483506624789e-02 -2.039959250624523990e-01 3.886520207360504853e-01 8.983802658631475646e-01
1.520530339951059341e+09 3.072387874126434326e-01 3.276684880256652832e-01 4.298179149627685547e-01 -3.747687809208495764e-03 -2.141068654406638738e-01 3.692490292639082350e-01 9.043225969724076885e-01
1.520530340001061440e+09 2.946116924285888672e-01 2.884676456451416016e-01 4.607647061347961426e-01 -2.691272295443560350e-02 -2.128523160069814013e-01 3.459467974471687746e-01 9.133949913644640040e-01
1.520530340051062346e+09 2.721329927444458008e-01 2.545426189899444580e-01 4.819123744964599609e-01 -5.625328076363904362e-02 -2.053423384856729039e-01 3.225156382477076811e-01 9.223089262900128205e-01
1.520530340101063251e+09 2.499649673700332642e-01 2.178059667348861694e-01 5.002504587173461914e-01 -8.473418018428378884e-02 -2.010031815747729267e-01 2.986883858045771833e-01 9.290872337357630739e-01
1.520530340151065350e+09 2.257040292024612427e-01 1.811807006597518921e-01 5.091463327407836914e-01 -1.034091670917643146e-01 -1.986950707820442641e-01 2.758892071480013031e-01 9.347256059333954870e-01
1.520530340201067448e+09 1.939683556556701660e-01 1.469227224588394165e-01 5.096221566200256348e-01 -1.075478946015025333e-01 -1.930412062700651299e-01 2.518367182557448292e-01 9.422031683170879468e-01
1.520530340250395536e+09 1.601397395133972168e-01 1.203267723321914673e-01 4.941571056842803955e-01 -9.963443769796449800e-02 -1.850210717321149334e-01 2.285003020004927332e-01 9.505933903753978065e-01
1.520530340300397396e+09 1.232713982462882996e-01 9.361566603183746338e-02 4.725823402404785156e-01 -8.559600930239863459e-02 -1.747636182938872296e-01 2.042319308826449353e-01 9.593853862344781103e-01
1.520530340350399494e+09 8.450399339199066162e-02 7.266428321599960327e-02 4.358314871788024902e-01 -7.023424442445153071e-02 -1.656598398571601793e-01 1.824874375615672673e-01 9.666034882519510818e-01
1.520530340400400400e+09 4.207038506865501404e-02 5.870867148041725159e-02 3.897132575511932373e-01 -5.483774502142757523e-02 -1.533600399421180538e-01 1.612464497503060812e-01 9.733823001846905187e-01
1.520530340450401306e+09 2.854007179848849773e-04 4.939578101038932800e-02 3.405943512916564941e-01 -3.893098128711217076e-02 -1.414050123185015551e-01 1.407380959663400710e-01 9.791229695656191723e-01
1.520530340500403643e+09 -4.256786033511161804e-02 4.355334118008613586e-02 2.930350601673126221e-01 -2.122314207079437076e-02 -1.284002472018194729e-01 1.193657107090927427e-01 9.842838929221933153e-01
1.520530340550404549e+09 -8.658213913440704346e-02 4.211141169071197510e-02 2.454569190740585327e-01 -1.307552697249290876e-03 -1.159597128695014495e-01 9.435219439451524026e-02 9.887614973845342270e-01
1.520530340600406408e+09 -1.306728273630142212e-01 4.523434117436408997e-02 1.993892788887023926e-01 1.818329812772058116e-02 -1.023606418631012177e-01 7.050472388881301455e-02 9.920790042007415765e-01
1.520530340650346756e+09 -1.711499541997909546e-01 5.231599137187004089e-02 1.571378111839294434e-01 3.547237275583251664e-02 -8.851481561498121542e-02 4.790666848613475692e-02 9.942895902614472536e-01
1.520530340700347900e+09 -2.108358591794967651e-01 6.332596391439437866e-02 1.176175177097320557e-01 5.063599243064097200e-02 -7.740930307319905668e-02 2.791559452044270473e-02 9.953213127683220307e-01
1.520530340750349998e+09 -2.534722983837127686e-01 8.112078160047531128e-02 7.839301228523254395e-02 6.257470121356743797e-02 -6.572965710324978061e-02 9.150322774188666963e-03 9.958314568933088751e-01
1.520530340800350904e+09 -2.930689752101898193e-01 9.660956263542175293e-02 5.190922319889068604e-02 7.047820468219288814e-02 -5.910852122560111138e-02 -6.594615409841619695e-03 9.957386787862033684e-01
1.520530340850353003e+09 -3.280816972255706787e-01 1.111081689596176147e-01 3.560933470726013184e-02 7.606785910185742683e-02 -5.546350727291391586e-02 -2.099525768606226236e-02 9.953374700710021505e-01
1.520530340900353909e+09 -3.641703128814697266e-01 1.277651488780975342e-01 2.506170608103275299e-02 8.074744654091393914e-02 -4.985804398887508371e-02 -3.447077737505985229e-02 9.948898385418784018e-01
1.520530340950355768e+09 -3.993080854415893555e-01 1.424377858638763428e-01 1.983639784157276154e-02 8.344954455599339072e-02 -4.242159150838119286e-02 -4.659452359409677752e-02 9.945177386343253545e-01
1.520530341000357866e+09 -4.297333061695098877e-01 1.543119102716445923e-01 2.252497524023056030e-02 8.363883455429790836e-02 -3.390170436420979899e-02 -5.640024735993299371e-02 9.943209903714891329e-01
1.520530341050773859e+09 -4.543332755565643311e-01 1.633998751640319824e-01 3.075993247330188751e-02 8.164315468921536090e-02 -2.387650438239298512e-02 -6.096293254009001877e-02 9.945088379129582989e-01
1.520530341100775719e+09 -4.711442589759826660e-01 1.743307411670684814e-01 4.188535735011100769e-02 7.687962592673984463e-02 -1.485096716268292406e-02 -6.005248265237331934e-02 9.951194256062856347e-01
1.520530341150776863e+09 -4.764872491359710693e-01 1.776980757713317871e-01 6.255489587783813477e-02 6.887354701738086782e-02 -8.674908429359867376e-03 -5.466622486695194710e-02 9.960887432070412162e-01
1.520530341200778961e+09 -4.771296977996826172e-01 1.798606365919113159e-01 8.021348714828491211e-02 5.789857800626836692e-02 -6.238001474545371711e-03 -4.514781440523056577e-02 9.972815634798862794e-01
1.520530341250779629e+09 -4.712860286235809326e-01 1.810286641120910645e-01 9.794008731842041016e-02 4.479823662995878475e-02 -8.557327147027282699e-03 -3.069088255342818788e-02 9.984878366184721799e-01
1.520530341300781965e+09 -4.590862691402435303e-01 1.814474910497665405e-01 1.132837310433387756e-01 3.309060846997596145e-02 -1.694299013114530100e-02 -1.137028207483366943e-02 9.992440459677711662e-01
1.520530341350783825e+09 -4.438852667808532715e-01 1.816987097263336182e-01 1.285764873027801514e-01 2.607458753808473972e-02 -2.743402974736417269e-02 7.619851046522625564e-03 9.992544359504080820e-01
1.520530341400784731e+09 -4.275155961513519287e-01 1.822502315044403076e-01 1.416405290365219116e-01 2.340062232207851256e-02 -3.440042806356099353e-02 2.590680753484598045e-02 9.987982072207256534e-01
1.520530341450786829e+09 -4.105725586414337158e-01 1.824449896812438965e-01 1.534069031476974487e-01 2.264973592351581314e-02 -3.769387050610603640e-02 4.267873003977375873e-02 9.981205776814021657e-01
1.520530341500712872e+09 -3.938606679439544678e-01 1.819110661745071411e-01 1.627209186553955078e-01 2.156450293550415953e-02 -3.965382430537086472e-02 5.682993365006341890e-02 9.973629755873397729e-01
1.520530341550713778e+09 -3.775112628936767578e-01 1.802504956722259521e-01 1.700851619243621826e-01 1.823884329552955333e-02 -4.101698608491499004e-02 6.991569293650029548e-02 9.965423961522963392e-01
1.520530341600715876e+09 -3.611885309219360352e-01 1.767182201147079468e-01 1.751150488853454590e-01 1.124839893255632876e-02 -4.160249767128147008e-02 7.956554336789806170e-02 9.958976001665714728e-01
1.520530341650716782e+09 -3.477022349834442139e-01 1.727825403213500977e-01 1.783982664346694946e-01 1.167828731393762707e-03 -4.441123570335712284e-02 9.038961153728497511e-02 9.949150699660217478e-01
1.520530341700718641e+09 -3.369682133197784424e-01 1.693499833345413208e-01 1.802549064159393311e-01 -8.567537977622214154e-03 -4.452765290426156236e-02 1.000938995827575090e-01 9.939442120592867358e-01
1.520530341750719786e+09 -3.271318674087524414e-01 1.655752658843994141e-01 1.818470358848571777e-01 -1.101035299704368475e-02 -4.614608543556115300e-02 1.116854576662964921e-01 9.926105326217954383e-01
1.520530341800721645e+09 -3.190261721611022949e-01 1.615939289331436157e-01 1.825383156538009644e-01 -4.607105037137265713e-03 -4.616853842187364915e-02 1.208923500795737183e-01 9.915806978432984975e-01
1.520530341850723028e+09 -3.106574416160583496e-01 1.561086624860763550e-01 1.805585771799087524e-01 8.600424297853712791e-03 -4.113977151428795803e-02 1.248105875758517697e-01 9.912900025374107305e-01
1.520530341900542259e+09 -3.015438616275787354e-01 1.487554460763931274e-01 1.763560622930526733e-01 2.651805494904168822e-02 -3.298401308290243444e-02 1.263770998982094163e-01 9.910790464256544752e-01
1.520530341950578213e+09 -2.912736535072326660e-01 1.395123749971389771e-01 1.714072525501251221e-01 4.524377502288973868e-02 -2.761811808193659692e-02 1.264710808743055859e-01 9.905530304217815551e-01
1.520530342000545025e+09 -2.798490524291992188e-01 1.273279786109924316e-01 1.654958128929138184e-01 5.827220025112381935e-02 -2.527540889731674442e-02 1.227067751807583013e-01 9.904082752621291563e-01
1.520530342050546169e+09 -2.678240537643432617e-01 1.114191636443138123e-01 1.597766429185867310e-01 6.137634598152077320e-02 -1.945752209610214500e-02 1.121221368856084727e-01 9.916062602706989804e-01
1.520530342100548267e+09 -2.551203370094299316e-01 9.317184984683990479e-02 1.550524681806564331e-01 5.677684782734657154e-02 -1.460002736117469758e-02 9.684884681162173048e-02 9.935710994302833221e-01
1.520530342150549173e+09 -2.398911267518997192e-01 7.267931848764419556e-02 1.519229114055633545e-01 4.787038191721887381e-02 -1.555675523217250542e-02 7.757373032728470674e-02 9.957151853139811770e-01
1.520530342200551271e+09 -2.242463529109954834e-01 5.106610059738159180e-02 1.500203311443328857e-01 3.392653920271051365e-02 -2.198769716120240608e-02 5.813232822953406931e-02 9.974899315411098755e-01
1.520530342250553131e+09 -2.105035334825515747e-01 2.882253006100654602e-02 1.519190222024917603e-01 1.512682298792253181e-02 -2.608587327297601927e-02 3.767907504965118531e-02 9.988348180481501082e-01
1.520530342300672770e+09 -1.997160613536834717e-01 6.615329999476671219e-03 1.571194678544998169e-01 -7.269060076753212441e-04 -2.871882899601823844e-02 1.333622354269099405e-02 9.994982969522123728e-01
1.520530342350674868e+09 -1.887948215007781982e-01 -1.463046297430992126e-02 1.637284606695175171e-01 -1.064328488334833830e-02 -3.388624378570583018e-02 -1.188765561355221642e-02 9.992983171270735099e-01
1.520530342400675774e+09 -1.815907955169677734e-01 -3.600397333502769470e-02 1.718107461929321289e-01 -1.558883039941830369e-02 -3.834711201520150936e-02 -3.729935181790194204e-02 9.984464160488715212e-01
1.520530342450677872e+09 -1.769742816686630249e-01 -5.580699443817138672e-02 1.772480607032775879e-01 -1.706995025345443839e-02 -4.441593098728975619e-02 -6.294544621622599756e-02 9.968819953602918726e-01
1.520530342500678778e+09 -1.756233125925064087e-01 -7.545141130685806274e-02 1.804760843515396118e-01 -1.523678857494119299e-02 -5.373913517644358234e-02 -8.350766019550553976e-02 9.949404084230785150e-01
1.520530342550680637e+09 -1.754469126462936401e-01 -9.462209045886993408e-02 1.808120757341384888e-01 -1.054380069513055455e-02 -6.136175876437111737e-02 -9.830429967931489377e-02 9.932068402366166504e-01
1.520530342600682735e+09 -1.776508539915084839e-01 -1.163802593946456909e-01 1.796205639839172363e-01 -2.129040464000831693e-03 -6.520803390205132111e-02 -1.072026361467535577e-01 9.920942366048289829e-01
1.520530342650683641e+09 -1.821608245372772217e-01 -1.396295875310897827e-01 1.759381890296936035e-01 1.056855807725791928e-02 -6.374973706529243889e-02 -1.150256005267542153e-01 9.912584868881241240e-01
1.520530342700642824e+09 -1.872203201055526733e-01 -1.666531562805175781e-01 1.699558794498443604e-01 2.695759077290927133e-02 -6.105189121024338916e-02 -1.231501121097390711e-01 9.901414064499736156e-01
1.520530342750643969e+09 -1.925879120826721191e-01 -1.978795975446701050e-01 1.621017009019851685e-01 4.387493159722211794e-02 -6.164546079835073883e-02 -1.347272874039363300e-01 9.879895675406067390e-01
1.520530342800646067e+09 -1.982914507389068604e-01 -2.308032661676406860e-01 1.534645557403564453e-01 5.723818558668201245e-02 -6.754756476452272729e-02 -1.458006001836547605e-01 9.853442553702809192e-01
1.520530342850647926e+09 -2.065743058919906616e-01 -2.653358578681945801e-01 1.446418911218643188e-01 6.353205954856788740e-02 -7.611364592564735798e-02 -1.568343134912276449e-01 9.826359389037010450e-01
1.520530342900649071e+09 -2.179768532514572144e-01 -3.021262586116790771e-01 1.381389498710632324e-01 6.186955129810768617e-02 -8.519251987109134616e-02 -1.671573142696642922e-01 9.802922143250640818e-01
1.520530342950650930e+09 -2.322543859481811523e-01 -3.387246727943420410e-01 1.347363889217376709e-01 5.696096113520099369e-02 -9.130379304738905910e-02 -1.775937180209399280e-01 9.782021966859472117e-01
1.520530343000652790e+09 -2.501015663146972656e-01 -3.762441277503967285e-01 1.346613615751266479e-01 5.732949860821705962e-02 -9.460342737626878384e-02 -1.905018699769229495e-01 9.754345481134493179e-01
1.520530343050653934e+09 -2.719348371028900146e-01 -4.108542501926422119e-01 1.371281743049621582e-01 6.323531578608233839e-02 -9.556573714802057973e-02 -2.060725695705905025e-01 9.718037768970462231e-01
1.520530343101131201e+09 -2.946537435054779053e-01 -4.437043964862823486e-01 1.416911035776138306e-01 6.435662111548678954e-02 -1.004730997179007213e-01 -2.223076087376826826e-01 9.676480293210998340e-01
1.520530343151133060e+09 -3.191450834274291992e-01 -4.753751754760742188e-01 1.469491422176361084e-01 5.352765793608741524e-02 -1.041375268952335065e-01 -2.409513041394511224e-01 9.634483039382650826e-01
1.520530343201133966e+09 -3.463957607746124268e-01 -5.076598525047302246e-01 1.520767807960510254e-01 3.751529850509361524e-02 -1.017124131207257504e-01 -2.631197974765279168e-01 9.586527836350049459e-01
1.520530343251136065e+09 -3.739412724971771240e-01 -5.365950465202331543e-01 1.560228168964385986e-01 2.524308523893397521e-02 -9.685281833117520556e-02 -2.897632843760344912e-01 9.518505960793119947e-01
1.520530343301137924e+09 -4.044335782527923584e-01 -5.673010945320129395e-01 1.553068011999130249e-01 1.662929749200409146e-02 -9.676098943256784823e-02 -3.162676731136538355e-01 9.435759303480710791e-01
1.520530343351140022e+09 -4.376749694347381592e-01 -5.967116355895996094e-01 1.507311016321182251e-01 1.100446598113252045e-02 -9.581564604841467936e-02 -3.446488794098422903e-01 9.337641102667926241e-01
1.520530343401141167e+09 -4.718130826950073242e-01 -6.262651085853576660e-01 1.435879617929458618e-01 7.127502037067173953e-03 -8.990205281473985510e-02 -3.737018478743025507e-01 9.231542387433092633e-01
1.520530343451143980e+09 -5.073555707931518555e-01 -6.571438908576965332e-01 1.370573341846466064e-01 1.742749466209939178e-03 -8.417648034831107240e-02 -3.994337896358974849e-01 9.128876878770871839e-01
1.520530343501403809e+09 -5.447211861610412598e-01 -6.868639588356018066e-01 1.330701410770416260e-01 -2.357874420903204472e-03 -7.511156445736742737e-02 -4.234767357918699515e-01 9.027846628936739837e-01
1.520530343551475525e+09 -5.832639932632446289e-01 -7.163856625556945801e-01 1.320019811391830444e-01 -6.875007226111656995e-03 -7.032871799881040831e-02 -4.435038445817072184e-01 8.934824819444027177e-01
1.520530343601406574e+09 -6.205741167068481445e-01 -7.413184046745300293e-01 1.345505565404891968e-01 -1.246115324245711600e-02 -7.038777012092946317e-02 -4.604035115465501815e-01 8.848270384842886749e-01
1.520530343651407719e+09 -6.611259579658508301e-01 -7.621687650680541992e-01 1.395997554063796997e-01 -1.215531886550938467e-02 -6.871267013258408607e-02 -4.824241122528213910e-01 8.731539343687375609e-01
1.520530343701409578e+09 -7.066779732704162598e-01 -7.817651033401489258e-01 1.454634219408035278e-01 -8.160559957026273722e-03 -6.830275439868564724e-02 -5.144636356891609807e-01 8.547486803477563067e-01
1.520530343751410484e+09 -7.548689246177673340e-01 -7.921210527420043945e-01 1.529278755187988281e-01 -7.800574301346622358e-03 -7.081226156812996109e-02 -5.492011825098443989e-01 8.326480863978277247e-01
1.520530343801412821e+09 -8.029831647872924805e-01 -7.956564426422119141e-01 1.585594713687896729e-01 -1.217079279960589511e-02 -7.668821079503679305e-02 -5.802142887660824977e-01 8.107540744512815589e-01
1.520530343851414680e+09 -8.511651158332824707e-01 -7.950285673141479492e-01 1.604731678962707520e-01 -1.871302119583389753e-02 -8.361214196003849408e-02 -6.095487923207265624e-01 7.881047534020604317e-01
1.520530343901415586e+09 -9.018642902374267578e-01 -7.927997708320617676e-01 1.566152423620223999e-01 -2.509531115706154294e-02 -9.165948348960746561e-02 -6.359460755339544358e-01 7.658598784747184807e-01
1.520530343951401711e+09 -9.533748030662536621e-01 -7.891043424606323242e-01 1.474612653255462646e-01 -2.961237114176860571e-02 -9.913718392708661953e-02 -6.587129525868226088e-01 7.452463836428323551e-01
1.520530344001402617e+09 -1.005946636199951172e+00 -7.846689224243164062e-01 1.348527967929840088e-01 -3.524517512356943605e-02 -1.084303071424041892e-01 -6.737426870538145707e-01 7.301174136842774054e-01
1.520530344051404953e+09 -1.059839487075805664e+00 -7.789498567581176758e-01 1.230789422988891602e-01 -3.944818953825812019e-02 -1.167514817843003927e-01 -6.836264566216933014e-01 7.193523473585055061e-01
1.520530344101405859e+09 -1.112877726554870605e+00 -7.749125957489013672e-01 1.143191829323768616e-01 -3.992023446028611366e-02 -1.236435322419609101e-01 -6.925234964766500134e-01 7.095983784107192660e-01
1.520530344151407719e+09 -1.168496131896972656e+00 -7.711157202720642090e-01 1.142786666750907898e-01 -3.535073982875314852e-02 -1.316496129069169851e-01 -7.024174903400726144e-01 6.985902761128104377e-01
1.520530344201409817e+09 -1.219505548477172852e+00 -7.638672590255737305e-01 1.210082992911338806e-01 -2.710969139221853369e-02 -1.391615246878563084e-01 -7.121334545629012247e-01 6.875791427693819236e-01
1.520530344251410723e+09 -1.268693447113037109e+00 -7.548276782035827637e-01 1.290903538465499878e-01 -2.612399083490107160e-02 -1.461137361737374352e-01 -7.234903462882497083e-01 6.741884247240662598e-01
1.520530344301412821e+09 -1.314838409423828125e+00 -7.440421581268310547e-01 1.352065950632095337e-01 -3.468366561309046969e-02 -1.501869344880671919e-01 -7.356453813666121722e-01 6.595959376183938572e-01
1.520530344351408720e+09 -1.363751173019409180e+00 -7.312480211257934570e-01 1.407852768898010254e-01 -4.574326469979157067e-02 -1.481108410142190357e-01 -7.484046875674783550e-01 6.448729767447934913e-01
1.520530344401410580e+09 -1.413079619407653809e+00 -7.171121239662170410e-01 1.431201845407485962e-01 -5.290497794707964274e-02 -1.420543081776129424e-01 -7.646295421244244661e-01 6.263890964466028999e-01
1.520530344451412678e+09 -1.462394952774047852e+00 -7.013440132141113281e-01 1.411253064870834351e-01 -5.473663584310611840e-02 -1.363403480795561118e-01 -7.824938192065931108e-01 6.050773777671778486e-01
1.520530344501413822e+09 -1.510848760604858398e+00 -6.835411787033081055e-01 1.350534409284591675e-01 -5.297432940663479584e-02 -1.322732350924958611e-01 -8.007207698165940135e-01 5.818451344528058344e-01
1.520530344551415682e+09 -1.560324549674987793e+00 -6.639755368232727051e-01 1.267220377922058105e-01 -5.231460190933343718e-02 -1.309555472714354907e-01 -8.177964102359976950e-01 5.579631336128065833e-01
1.520530344601417542e+09 -1.614556550979614258e+00 -6.445956826210021973e-01 1.177709475159645081e-01 -5.418068359178357385e-02 -1.319067135385398049e-01 -8.344089105635232873e-01 5.323784766697307047e-01
1.520530344651418686e+09 -1.664232373237609863e+00 -6.223812103271484375e-01 1.122044175863265991e-01 -5.680103087949588819e-02 -1.333065000208763229e-01 -8.503850489551785241e-01 5.058144802758312020e-01
1.520530344701420546e+09 -1.707631468772888184e+00 -5.984070897102355957e-01 1.133660227060317993e-01 -6.076180527590457209e-02 -1.366574523632046734e-01 -8.630692380275046816e-01 4.824357305422497522e-01
1.520530344751636267e+09 -1.750877499580383301e+00 -5.736309289932250977e-01 1.178000196814537048e-01 -5.911975685325764757e-02 -1.395490457832891940e-01 -8.765857754714126981e-01 4.567584661632088094e-01
1.520530344801638126e+09 -1.787415623664855957e+00 -5.442986488342285156e-01 1.232503354549407959e-01 -5.463499453562596642e-02 -1.394808559191822728e-01 -8.949117460212329123e-01 4.203487540571195780e-01
1.520530344851639509e+09 -1.819005727767944336e+00 -5.087266564369201660e-01 1.298356503248214722e-01 -5.469132672382754495e-02 -1.363890397387592934e-01 -9.130446430958026882e-01 3.804686167535834551e-01
1.520530344901641369e+09 -1.844938874244689941e+00 -4.708331525325775146e-01 1.351278722286224365e-01 -5.976765512007910924e-02 -1.337547579944787790e-01 -9.267193534222767370e-01 3.460183985106619620e-01
1.520530344951642275e+09 -1.864775657653808594e+00 -4.313208460807800293e-01 1.363934874534606934e-01 -6.611785890938404187e-02 -1.333725273810158485e-01 -9.379361063688269606e-01 3.132348289110324369e-01
1.520530345001644373e+09 -1.891052603721618652e+00 -3.917012214660644531e-01 1.325831264257431030e-01 -7.106315743249262684e-02 -1.323552365162568301e-01 -9.471612707044656521e-01 2.834036808158146847e-01
1.520530345051645279e+09 -1.915417790412902832e+00 -3.500205874443054199e-01 1.247837692499160767e-01 -7.772221344333141158e-02 -1.308958965351511849e-01 -9.536403925411216509e-01 2.596064781967964419e-01
1.520530345101647139e+09 -1.939069986343383789e+00 -3.061195611953735352e-01 1.149461045861244202e-01 -8.679843620768434853e-02 -1.309234637901255105e-01 -9.572107711172348488e-01 2.430485913521099328e-01
1.520530345151845455e+09 -1.969192743301391602e+00 -2.594834864139556885e-01 1.057395264506340027e-01 -9.477772576939033633e-02 -1.324595259670966196e-01 -9.591493462018074734e-01 2.313097238751532503e-01
1.520530345201743364e+09 -1.994181275367736816e+00 -2.123634368181228638e-01 9.936586767435073853e-02 -9.842129221451885457e-02 -1.345567028549624899e-01 -9.613601003427433289e-01 2.190764716363133024e-01
1.520530345251744509e+09 -2.015226840972900391e+00 -1.634921878576278687e-01 9.876769036054611206e-02 -1.014283560725789957e-01 -1.406523385355047395e-01 -9.628140577571080438e-01 2.071673198991577369e-01
1.520530345301746607e+09 -2.023741960525512695e+00 -1.181431412696838379e-01 1.027085259556770325e-01 -1.061321153355180846e-01 -1.494336064051224877e-01 -9.630024019514180633e-01 1.975650404473588972e-01
1.520530345351747751e+09 -2.040280103683471680e+00 -7.097424566745758057e-02 1.077427268028259277e-01 -1.112848991417566547e-01 -1.561317820168899584e-01 -9.636415402752688264e-01 1.861008321398560095e-01
1.520530345401749611e+09 -2.057926177978515625e+00 -2.283102087676525116e-02 1.107078939676284790e-01 -1.177484136716942936e-01 -1.579633311023782571e-01 -9.648271529625073173e-01 1.740444253950775289e-01
1.520530345451751471e+09 -2.070243120193481445e+00 2.706747315824031830e-02 1.099035888910293579e-01 -1.192948494996638187e-01 -1.580069627780162356e-01 -9.673276339383715117e-01 1.583659913482405590e-01
1.520530345501752615e+09 -2.083994388580322266e+00 7.897536456584930420e-02 1.039109900593757629e-01 -1.137814259819106416e-01 -1.619629358153261423e-01 -9.705328017302142785e-01 1.374331666276522590e-01
1.520530345551194668e+09 -2.094814300537109375e+00 1.342098116874694824e-01 9.502585232257843018e-02 -1.077151988890803769e-01 -1.676931892129221724e-01 -9.729875428188394793e-01 1.164975181677357224e-01
1.520530345601195812e+09 -2.103377580642700195e+00 1.931662708520889282e-01 8.430980890989303589e-02 -1.059485325135336581e-01 -1.726696529964236726e-01 -9.741202811305298415e-01 1.002485774587392325e-01
1.520530345651197672e+09 -2.105710744857788086e+00 2.527726292610168457e-01 7.442917674779891968e-02 -1.075749040389368111e-01 -1.752238746131648817e-01 -9.748963855388392830e-01 8.544747655648109175e-02
1.520530345701198578e+09 -2.107594966888427734e+00 3.144095838069915771e-01 6.679724156856536865e-02 -1.054083550346006926e-01 -1.740533726279794580e-01 -9.769326898191922348e-01 6.478442504463141627e-02
1.520530345751200914e+09 -2.104397773742675781e+00 3.760045766830444336e-01 6.379811465740203857e-02 -1.040223409444224617e-01 -1.708868651757990687e-01 -9.790663798260142991e-01 3.749741043343221558e-02
1.520530345801202774e+09 -2.096779346466064453e+00 4.364522695541381836e-01 6.662086397409439087e-02 -1.059171588113813622e-01 -1.684576501295950435e-01 -9.799757194409894900e-01 7.152963599429103606e-03
1.520530345851203680e+09 -2.083661079406738281e+00 4.959298968315124512e-01 7.436229288578033447e-02 -1.052972932935343497e-01 -1.642923889584265162e-01 -9.802221288530377219e-01 -3.294038649146631414e-02
1.520530345901205778e+09 -2.064796447753906250e+00 5.554188489913940430e-01 8.513347059488296509e-02 -1.018700122534414859e-01 -1.522664829799489361e-01 -9.798903771773583848e-01 -7.907128100400867554e-02
1.520530345951161385e+09 -2.041297674179077148e+00 6.143307685852050781e-01 9.672403335571289062e-02 -1.000797272152496725e-01 -1.338879128730886825e-01 -9.784621905155849175e-01 -1.211190188139435603e-01
1.520530346001474619e+09 -2.011677503585815430e+00 6.675838828086853027e-01 1.070505827665328979e-01 -1.042373385292680588e-01 -1.152427026911653357e-01 -9.752293650998336005e-01 -1.574210347436009738e-01
1.520530346051476479e+09 -1.981628298759460449e+00 7.165679335594177246e-01 1.119581013917922974e-01 -1.103989417657312844e-01 -1.001930402006529774e-01 -9.703210027398339044e-01 -1.903958507802114564e-01
1.520530346101478577e+09 -1.951064109802246094e+00 7.668533325195312500e-01 1.104910671710968018e-01 -1.149192996025481112e-01 -8.892536502513245789e-02 -9.646346724827281616e-01 -2.199222196099034077e-01
1.520530346151479721e+09 -1.916947126388549805e+00 8.151150941848754883e-01 1.041321456432342529e-01 -1.175687880083988307e-01 -8.044957170836343485e-02 -9.588721157674607865e-01 -2.454989044818945976e-01
1.520530346201480627e+09 -1.882939457893371582e+00 8.625133037567138672e-01 9.506488591432571411e-02 -1.178162343569684745e-01 -7.529248707500764415e-02 -9.537013345107053786e-01 -2.662783146718921690e-01
1.520530346251483679e+09 -1.850306272506713867e+00 9.101117849349975586e-01 8.743406087160110474e-02 -1.181633989915763239e-01 -7.143035801122518680e-02 -9.497637117168385990e-01 -2.808629683653573461e-01
1.520530346301484585e+09 -1.817132353782653809e+00 9.584854245185852051e-01 8.414481580257415771e-02 -1.172938776487811585e-01 -6.705774267322460458e-02 -9.467230894711348155e-01 -2.923367874146421963e-01
1.520530346351486444e+09 -1.785487771034240723e+00 1.009484648704528809e+00 8.625817298889160156e-02 -1.137550425385620984e-01 -6.522168689927186624e-02 -9.435038169899253591e-01 -3.043131104315170976e-01
1.520530346401376247e+09 -1.750947356224060059e+00 1.054325819015502930e+00 9.139305353164672852e-02 -1.112797019789196068e-01 -6.444699218890874437e-02 -9.393338417745014102e-01 -3.179863940838379421e-01
1.520530346451378345e+09 -1.715411424636840820e+00 1.098530173301696777e+00 9.682556986808776855e-02 -1.111455515755724321e-01 -6.298669178426054283e-02 -9.345470297131271975e-01 -3.321162330832506115e-01
1.520530346501379251e+09 -1.676646232604980469e+00 1.141562938690185547e+00 1.015478670597076416e-01 -1.096366138637236143e-01 -6.242989789648524523e-02 -9.286351902766091237e-01 -3.488825076283665338e-01
1.520530346551380396e+09 -1.636296629905700684e+00 1.184199810028076172e+00 1.034477651119232178e-01 -1.091930378321654405e-01 -5.911514314202469950e-02 -9.223167550929245451e-01 -3.659427326989011520e-01
1.520530346601382256e+09 -1.592284440994262695e+00 1.225367665290832520e+00 1.014499589800834656e-01 -1.054880660613992799e-01 -5.269959776940717072e-02 -9.162711214996434039e-01 -3.828083753255072663e-01
1.520530346651383162e+09 -1.544688940048217773e+00 1.266673326492309570e+00 9.723594039678573608e-02 -9.968640867378865400e-02 -4.287881174916351179e-02 -9.105478634397503601e-01 -3.989067758436897204e-01
1.520530346701385260e+09 -1.494955778121948242e+00 1.305190324783325195e+00 9.260454028844833374e-02 -9.509725382171831110e-02 -3.020812466906937221e-02 -9.048833496997765735e-01 -4.137995951613019363e-01
1.520530346751386166e+09 -1.440649151802062988e+00 1.343922853469848633e+00 8.900340646505355835e-02 -8.673075336653389422e-02 -1.964553947764960395e-02 -8.966867069320878514e-01 -4.336413020116899886e-01
1.520530346801544905e+09 -1.383371829986572266e+00 1.376027703285217285e+00 8.790729939937591553e-02 -7.481082230536391375e-02 -1.354128161468818627e-02 -8.852768783442392930e-01 -4.588080461667016774e-01
1.520530346851545811e+09 -1.327320814132690430e+00 1.404620647430419922e+00 9.124726057052612305e-02 -6.597559435204938816e-02 -1.284573840705958807e-02 -8.736863508634504782e-01 -4.818240013423770174e-01
1.520530346901547670e+09 -1.272495150566101074e+00 1.428060412406921387e+00 9.706505388021469116e-02 -5.961302002356006630e-02 -2.062498117948731793e-02 -8.599875146698384709e-01 -5.064013947522365555e-01
1.520530346951548815e+09 -1.215446233749389648e+00 1.447350263595581055e+00 1.036245301365852356e-01 -5.540160874274589059e-02 -3.174495133659429452e-02 -8.426990598495756046e-01 -5.345850861574744650e-01
1.520530347001550674e+09 -1.155835032463073730e+00 1.464246869087219238e+00 1.096003651618957520e-01 -5.594996945688265194e-02 -3.887677452446954007e-02 -8.252113222124963787e-01 -5.606999830681741459e-01
1.520530347051552773e+09 -1.094578027725219727e+00 1.476695299148559570e+00 1.129948273301124573e-01 -6.429833710858542939e-02 -3.855825463403401987e-02 -8.082755542652344527e-01 -5.840116550394142125e-01
1.520530347101553679e+09 -1.033707737922668457e+00 1.486491560935974121e+00 1.120380386710166931e-01 -7.599217855965927082e-02 -3.535972752842672651e-02 -7.933847555758293257e-01 -6.029224727000592754e-01
1.520530347151555777e+09 -9.746170043945312500e-01 1.495784997940063477e+00 1.056430637836456299e-01 -8.418557886558382386e-02 -3.729576328896376525e-02 -7.828072299828723324e-01 -6.154142141991056913e-01
1.520530347201399803e+09 -9.155885577201843262e-01 1.503840208053588867e+00 9.577194601297378540e-02 -8.921373257341715102e-02 -3.827688308222079727e-02 -7.744691043610075765e-01 -6.251187059527877343e-01
1.520530347251402140e+09 -8.561040163040161133e-01 1.512998580932617188e+00 8.579326421022415161e-02 -9.318781733546611934e-02 -3.494229666923419353e-02 -7.709348255411535566e-01 -6.290902648837941591e-01
1.520530347301403046e+09 -7.961827516555786133e-01 1.522990822792053223e+00 7.901847362518310547e-02 -9.263387367119385596e-02 -3.106500223365930152e-02 -7.696887291850534885e-01 -6.308987171094813107e-01
1.520530347351404905e+09 -7.370263934135437012e-01 1.533475279808044434e+00 7.901846617460250854e-02 -8.645217313998580788e-02 -2.903773328039990081e-02 -7.683087163143131892e-01 -6.335491679741694915e-01
1.520530347401407003e+09 -6.781528592109680176e-01 1.546405196189880371e+00 8.531875163316726685e-02 -7.978509750534056033e-02 -2.916160280173294567e-02 -7.663021336932827055e-01 -6.368398378204837007e-01
1.520530347451407909e+09 -6.197275519371032715e-01 1.559056043624877930e+00 9.604153037071228027e-02 -7.967756880862106317e-02 -2.563756340196440137e-02 -7.649938529470160509e-01 -6.385754499860113453e-01
1.520530347501409769e+09 -5.608521103858947754e-01 1.565042853355407715e+00 1.066002547740936279e-01 -8.313685092216704930e-02 -1.891697612021279312e-02 -7.632898855119857329e-01 -6.404053112742840170e-01
1.520530347551411152e+09 -5.031863451004028320e-01 1.571857690811157227e+00 1.154187172651290894e-01 -8.781228643177006743e-02 -1.303810951821743683e-02 -7.611586177288717225e-01 -6.424613363533162591e-01
1.520530347601218224e+09 -4.465956687927246094e-01 1.578488469123840332e+00 1.202907413244247437e-01 -9.147942672771972039e-02 -8.660883511627333678e-03 -7.575860504863960454e-01 -6.462351581976870651e-01
1.520530347651220083e+09 -3.881933093070983887e-01 1.583424687385559082e+00 1.198990941047668457e-01 -9.195736869946341541e-02 -2.084736729117290209e-03 -7.534089149299776356e-01 -6.510871701382809906e-01
1.520530347701221943e+09 -3.279657661914825439e-01 1.585197091102600098e+00 1.147566586732864380e-01 -8.789189413572959242e-02 6.231800304654722469e-03 -7.477138220490717746e-01 -6.581490863983372464e-01
1.520530347751223087e+09 -2.653013765811920166e-01 1.584722280502319336e+00 1.074290797114372253e-01 -8.185124167235158232e-02 1.421616186480226598e-02 -7.407463580799660274e-01 -6.666281631987918121e-01
1.520530347801223993e+09 -2.017166465520858765e-01 1.580665946006774902e+00 9.969192743301391602e-02 -8.022253452668860751e-02 1.957649054909767553e-02 -7.320930494476466377e-01 -6.761810947685104045e-01
1.520530347851226091e+09 -1.362433135509490967e-01 1.573722958564758301e+00 9.393828362226486206e-02 -8.205336058461080995e-02 1.875952941152623718e-02 -7.188522575781276513e-01 -6.900483735564191257e-01
1.520530347901226997e+09 -6.997954100370407104e-02 1.561796903610229492e+00 9.492595493793487549e-02 -8.920315400862406652e-02 1.686057028184591994e-02 -7.045275965802274554e-01 -7.038461366957787790e-01
1.520530347951229095e+09 -6.009998731315135956e-03 1.547028064727783203e+00 1.017316952347755432e-01 -9.906118094306014255e-02 1.475756389086161496e-02 -6.909090093031322599e-01 -7.159705563791975980e-01
1.520530348001162767e+09 5.564412847161293030e-02 1.526529431343078613e+00 1.115512028336524963e-01 -1.065242362255560404e-01 1.550173103537024616e-02 -6.731067878531048487e-01 -7.316690068449970275e-01
1.520530348051163912e+09 1.190075054764747620e-01 1.503054022789001465e+00 1.216589286923408508e-01 -1.062287944076782120e-01 1.735051029039099899e-02 -6.521336038538297908e-01 -7.504239906585945530e-01
1.520530348101166010e+09 1.790541261434555054e-01 1.475234508514404297e+00 1.303867399692535400e-01 -1.042966100811981711e-01 1.927024877057864280e-02 -6.318658013770193094e-01 -7.677867436261632816e-01
1.520530348151167870e+09 2.385418713092803955e-01 1.446486353874206543e+00 1.341019123792648315e-01 -1.077352835584337865e-01 2.521197320811256054e-02 -6.130833791345001726e-01 -7.822315739680673063e-01
1.520530348201169014e+09 2.955723404884338379e-01 1.413799881935119629e+00 1.300898641347885132e-01 -1.112689851644866612e-01 3.208991380646684238e-02 -5.939585322181657467e-01 -7.961172730054291158e-01
1.520530348251169920e+09 3.530786335468292236e-01 1.381428480148315430e+00 1.218451559543609619e-01 -1.141290088522107504e-01 4.078060565961141165e-02 -5.769510589143582724e-01 -8.077369541862301494e-01
1.520530348301183939e+09 4.089241027832031250e-01 1.347527623176574707e+00 1.118479296565055847e-01 -1.144445486749432056e-01 5.058033492311209134e-02 -5.629664771333489082e-01 -8.169533772631831781e-01
1.520530348351172924e+09 4.623211622238159180e-01 1.312132716178894043e+00 1.040189191699028015e-01 -1.104038905693308092e-01 5.888500553188358300e-02 -5.504568575472832404e-01 -8.254336951262863931e-01
1.520530348401174784e+09 5.136350393295288086e-01 1.274767994880676270e+00 1.001865491271018982e-01 -1.020012457185155291e-01 6.255382794779495992e-02 -5.378911280493866576e-01 -8.344794178688335062e-01
1.520530348451416731e+09 5.658611655235290527e-01 1.236994981765747070e+00 1.012743562459945679e-01 -9.299600135116073418e-02 5.855734183948618776e-02 -5.222876851621837124e-01 -8.456585335567284867e-01
1.520530348501418591e+09 6.127874851226806641e-01 1.196790099143981934e+00 1.080329939723014832e-01 -8.955493108930638602e-02 5.676202556713752512e-02 -5.083636380129050725e-01 -8.545901932022093028e-01
1.520530348551419735e+09 6.549639701843261719e-01 1.153985977172851562e+00 1.163580641150474548e-01 -9.096815392254657684e-02 6.187113716514194145e-02 -4.966748332345904404e-01 -8.609360414044751053e-01
1.520530348601421595e+09 7.005032300949096680e-01 1.112100243568420410e+00 1.214583367109298706e-01 -9.202314910462193465e-02 6.436236200751006831e-02 -4.821560083347143921e-01 -8.688583371369682506e-01
1.520530348651423693e+09 7.433296442031860352e-01 1.067129611968994141e+00 1.245234534144401550e-01 -9.052035632155780442e-02 6.287583482725619954e-02 -4.634633791725434326e-01 -8.792351168215252200e-01
1.520530348701424837e+09 7.850288748741149902e-01 1.020059823989868164e+00 1.234347820281982422e-01 -8.664241116776860707e-02 6.497890264949976458e-02 -4.449443058624923952e-01 -8.889856013896102471e-01
1.520530348751426697e+09 8.255642652511596680e-01 9.705016016960144043e-01 1.188196018338203430e-01 -8.030201177447132688e-02 6.973328910946409442e-02 -4.258474241342032895e-01 -8.985225799350913256e-01
1.520530348801427603e+09 8.646808266639709473e-01 9.199530482292175293e-01 1.130260229110717773e-01 -7.514758098649258755e-02 7.798503763245091813e-02 -4.072159659084247929e-01 -9.068882687997525949e-01
1.520530348851314545e+09 9.032758474349975586e-01 8.658862709999084473e-01 1.093365475535392761e-01 -7.184082357100013416e-02 8.678798483136256070e-02 -3.858549343815090849e-01 -9.156542531823860243e-01
1.520530348901315689e+09 9.341858625411987305e-01 8.086557984352111816e-01 1.093142926692962646e-01 -6.804896612746474949e-02 9.099442884620470573e-02 -3.586473616275737131e-01 -9.265319325989345156e-01
1.520530348951317549e+09 9.600014090538024902e-01 7.492425441741943359e-01 1.135207265615463257e-01 -6.657538834315723797e-02 9.276974286104067158e-02 -3.303569916244549765e-01 -9.369235564128453042e-01
1.520530349001319408e+09 9.805360436439514160e-01 6.886786222457885742e-01 1.208986118435859680e-01 -6.770541186776263265e-02 8.857357812515941065e-02 -2.974212917807446677e-01 -9.482147824503665001e-01
1.520530349051320553e+09 9.976285099983215332e-01 6.265810132026672363e-01 1.308119744062423706e-01 -6.832658001718788787e-02 8.373254672647174879e-02 -2.575547805553962122e-01 -9.602009550583231468e-01
1.520530349101322651e+09 1.008466482162475586e+00 5.632032155990600586e-01 1.402366310358047485e-01 -6.600549506613913320e-02 8.645965497315430404e-02 -2.156221318150221278e-01 -9.703994532946430551e-01
1.520530349151324511e+09 1.008851289749145508e+00 5.000708103179931641e-01 1.481579393148422241e-01 -6.000202476729582513e-02 9.325922955740290066e-02 -1.738253669829175618e-01 -9.785127566462474835e-01
1.520530349201325655e+09 1.008779764175415039e+00 4.355624318122863770e-01 1.519986093044281006e-01 -5.242739485862370208e-02 1.030900750438011049e-01 -1.341151859381471412e-01 -9.841935386886959680e-01
1.520530349251106024e+09 1.003302335739135742e+00 3.733474612236022949e-01 1.496190726757049561e-01 -4.397903710451359083e-02 1.109244663130604103e-01 -9.657748690092265997e-02 -9.881469506568466565e-01
1.520530349301106930e+09 9.959434866905212402e-01 3.112768828868865967e-01 1.434573084115982056e-01 -3.600781281155593372e-02 1.189682589806964341e-01 -6.214683278927068261e-02 -9.902968049761102787e-01
1.520530349351109266e+09 9.858365058898925781e-01 2.502304315567016602e-01 1.353158801794052124e-01 -2.903862921779158668e-02 1.312314003482129565e-01 -3.676833667777464065e-02 -9.902439936670903720e-01
1.520530349401110172e+09 9.735628962516784668e-01 1.912863552570343018e-01 1.279232054948806763e-01 -2.176073132590402096e-02 1.428911347891385630e-01 -2.009782511318973508e-02 -9.892950376892394315e-01
1.520530349451112032e+09 9.580147266387939453e-01 1.345515698194503784e-01 1.250476539134979248e-01 -1.430520233896561029e-02 1.417296590366592113e-01 -2.925477508601144819e-03 -9.897977098966941334e-01
1.520530349501114130e+09 9.423841834068298340e-01 7.864219695329666138e-02 1.280064135789871216e-01 -9.554268989736353079e-03 1.344541207990611054e-01 1.489896305951346478e-02 -9.907617404017853291e-01
1.520530349551115036e+09 9.242917299270629883e-01 2.617066539824008942e-02 1.343761384487152100e-01 -8.110284232869567969e-03 1.277300327270694813e-01 3.119743022666677038e-02 -9.912850157126636974e-01
1.520530349601117134e+09 9.047597050666809082e-01 -2.581698819994926453e-02 1.398587524890899658e-01 -8.055054349523724927e-03 1.253996008103840099e-01 5.112969727354649274e-02 -9.907551717113255441e-01
1.520530349650934935e+09 8.832727074623107910e-01 -7.904958724975585938e-02 1.437577009201049805e-01 -8.365979429268163500e-03 1.297263802820576017e-01 7.188517609843944611e-02 -9.889052523393737637e-01
1.520530349700936794e+09 8.591508269309997559e-01 -1.297899633646011353e-01 1.438762992620468140e-01 -1.006006686091657706e-02 1.342048289944829109e-01 9.304908267475818506e-02 -9.865240631341445354e-01
1.520530349750942707e+09 8.322897553443908691e-01 -1.813871860504150391e-01 1.399730592966079712e-01 -1.230537871325419752e-02 1.368694730139747573e-01 1.176327820315064970e-01 -9.835028488027517390e-01
1.520530349800939798e+09 8.014216423034667969e-01 -2.334451228380203247e-01 1.320345252752304077e-01 -1.288043797270519222e-02 1.383878435935678441e-01 1.444469388407214339e-01 -9.797030064885472456e-01
1.520530349850940704e+09 7.677780985832214355e-01 -2.866841256618499756e-01 1.220253929495811462e-01 -1.055315979935140397e-02 1.422051519383585871e-01 1.695034809150239574e-01 -9.751589078391930121e-01
1.520530349900985718e+09 7.306164503097534180e-01 -3.386709988117218018e-01 1.121361628174781799e-01 -7.048902544785679361e-03 1.500334585843882962e-01 1.912487143082307328e-01 -9.699815480479871965e-01
1.520530349950943947e+09 6.907724142074584961e-01 -3.915727138519287109e-01 1.043489277362823486e-01 -9.136135412697870758e-03 1.568658602323849682e-01 2.156523996721600167e-01 -9.637446111075868016e-01
1.520530350000945807e+09 6.478571891784667969e-01 -4.399949908256530762e-01 1.017695218324661255e-01 -1.928192869910023630e-02 1.606519018280148092e-01 2.427105522557771178e-01 -9.565096766308119891e-01
1.520530350051376581e+09 6.022242903709411621e-01 -4.825857877731323242e-01 1.051055938005447388e-01 -3.390647618934385793e-02 1.590385927734818405e-01 2.752032097714866565e-01 -9.475337831510405318e-01
1.520530350101378679e+09 5.533654689788818359e-01 -5.198727250099182129e-01 1.122625544667243958e-01 -4.235164638751007238e-02 1.533944987753043387e-01 3.142430646982256603e-01 -9.359101250028269980e-01
1.520530350151379585e+09 4.990503489971160889e-01 -5.533918738365173340e-01 1.212012097239494324e-01 -3.746278061877979237e-02 1.496318518969076139e-01 3.562873757663940211e-01 -9.215563763740706182e-01
1.520530350201381445e+09 4.418173432350158691e-01 -5.853235721588134766e-01 1.280771344900131226e-01 -2.386635818234215944e-02 1.483449429077036141e-01 3.967338044451447776e-01 -9.055531255930288070e-01
1.520530350251383543e+09 3.831469118595123291e-01 -6.074303984642028809e-01 1.331286132335662842e-01 -8.683814455550088740e-03 1.518450342368646011e-01 4.331721557915654830e-01 -8.883859298700056417e-01
1.520530350301384449e+09 3.238896429538726807e-01 -6.303639411926269531e-01 1.328978687524795532e-01 2.670207424331106239e-03 1.548011392708604217e-01 4.648802996560150724e-01 -8.717314863330842822e-01
1.520530350351386547e+09 2.646246552467346191e-01 -6.487752199172973633e-01 1.272235810756683350e-01 1.106143350789738806e-02 1.568378033434439378e-01 4.924247476161247028e-01 -8.560358731188485448e-01
1.520530350401387691e+09 2.047693878412246704e-01 -6.663094758987426758e-01 1.199119314551353455e-01 1.866706941935246042e-02 1.573146069241484202e-01 5.151381874591016707e-01 -8.423397787050930230e-01
1.520530350451514721e+09 1.454511135816574097e-01 -6.812067031860351562e-01 1.141002178192138672e-01 2.606240900740211877e-02 1.537017148525611776e-01 5.340269534059441936e-01 -8.309703645281691919e-01
1.520530350501515627e+09 8.628696948289871216e-02 -6.934174299240112305e-01 1.125344485044479370e-01 3.195635139227514382e-02 1.465960103654407043e-01 5.510401570367594593e-01 -8.208794958357362725e-01
1.520530350551517725e+09 2.623559720814228058e-02 -7.036350369453430176e-01 1.157723218202590942e-01 3.339325182680440846e-02 1.386724080608421339e-01 5.656405549423784151e-01 -8.122226397851251001e-01
1.520530350601519823e+09 -3.044416382908821106e-02 -7.114002108573913574e-01 1.245993748307228088e-01 3.139275193028604610e-02 1.344685801385591128e-01 5.763994236117279124e-01 -8.054169110105841023e-01
1.520530350651520967e+09 -8.597600460052490234e-02 -7.209970355033874512e-01 1.350648701190948486e-01 3.159326631100430743e-02 1.374462222377754450e-01 5.831495419432982663e-01 -8.000293827402138458e-01
1.520530350701522827e+09 -1.441680639982223511e-01 -7.334037423133850098e-01 1.420328170061111450e-01 3.083594699190779151e-02 1.397133617236938630e-01 5.914288753490229977e-01 -7.935623518869618920e-01
1.520530350751523733e+09 -2.034261077642440796e-01 -7.463958859443664551e-01 1.450895220041275024e-01 2.986435216795068487e-02 1.383276964742402304e-01 6.039538754406535981e-01 -7.843553309552594444e-01
1.520530350801525831e+09 -2.644500136375427246e-01 -7.574083209037780762e-01 1.433663815259933472e-01 3.341393383879505408e-02 1.341342563214855121e-01 6.163121164187393974e-01 -7.752747161245185925e-01
1.520530350851526737e+09 -3.263576328754425049e-01 -7.664434313774108887e-01 1.386481374502182007e-01 4.184477423954746644e-02 1.262625014915067234e-01 6.283093721195156522e-01 -7.665077484883819903e-01
1.520530350901570559e+09 -3.907016813755035400e-01 -7.745963335037231445e-01 1.338811069726943970e-01 5.472195808250358839e-02 1.182994749588345273e-01 6.381178398827319631e-01 -7.588256479267666554e-01
1.520530350951572895e+09 -4.538084864616394043e-01 -7.803641557693481445e-01 1.293412595987319946e-01 6.743482065761015332e-02 1.108298751818037192e-01 6.471331298567648549e-01 -7.512576095933066744e-01
1.520530351001573801e+09 -5.156018733978271484e-01 -7.825418114662170410e-01 1.285208314657211304e-01 7.375692316791133962e-02 1.003327036383006438e-01 6.609804397834465606e-01 -7.399987318158819383e-01
1.520530351051575661e+09 -5.783275961875915527e-01 -7.817961573600769043e-01 1.321821510791778564e-01 7.628594976270740291e-02 9.356572346937204465e-02 6.784445547659344600e-01 -7.246646778813684575e-01
1.520530351101577759e+09 -6.392841935157775879e-01 -7.772023081779479980e-01 1.415743976831436157e-01 7.577441580504166996e-02 8.937329737317466216e-02 6.985465240000192644e-01 -7.059060882536297710e-01
1.520530351151578665e+09 -6.994529366493225098e-01 -7.672604322433471680e-01 1.533873379230499268e-01 7.687836978923742737e-02 8.475639774137125326e-02 7.231832234571795581e-01 -6.811109268030713926e-01
1.520530351201581001e+09 -7.588542103767395020e-01 -7.511281371116638184e-01 1.658817082643508911e-01 8.433388633228743048e-02 8.011768487156287200e-02 7.474122390525533843e-01 -6.540977733499500069e-01
1.520530351251581907e+09 -8.182510137557983398e-01 -7.304724454879760742e-01 1.777534335851669312e-01 9.193965224499200950e-02 7.851092668439017819e-02 7.702271490477126115e-01 -6.262054563847724298e-01
1.520530351301682949e+09 -8.696160316467285156e-01 -7.066199183464050293e-01 1.837627589702606201e-01 9.595042440074899592e-02 8.295851922496269570e-02 7.891087509803428324e-01 -6.010147912252750135e-01
1.520530351351680040e+09 -9.227353930473327637e-01 -6.833494305610656738e-01 1.824290156364440918e-01 9.520093645760034640e-02 8.927583970307773065e-02 8.050712595786315706e-01 -5.786422669865916024e-01
1.520530351401684999e+09 -9.753103256225585938e-01 -6.607933044433593750e-01 1.754311025142669678e-01 9.486008403018481028e-02 9.492675927048160878e-02 8.165520952411455813e-01 -5.614562766498257806e-01
1.520530351451683283e+09 -1.029381275177001953e+00 -6.380462646484375000e-01 1.654730886220932007e-01 9.819294918361801128e-02 9.737179092205554276e-02 8.245078636692835250e-01 -5.486926843058591574e-01
1.520530351501759052e+09 -1.082640171051025391e+00 -6.154899597167968750e-01 1.556953042745590210e-01 1.016908943332727744e-01 9.356641629354854606e-02 8.302405948342514996e-01 -5.400044837230058015e-01
1.520530351551686049e+09 -1.137451052665710449e+00 -5.947685837745666504e-01 1.505198627710342407e-01 1.004121672835901202e-01 8.553714277464376237e-02 8.354598852760856120e-01 -5.334862453351842948e-01
1.520530351601688147e+09 -1.193537235260009766e+00 -5.749511718750000000e-01 1.516883522272109985e-01 9.488234569648523742e-02 8.149576101825105334e-02 8.407699377740963653e-01 -5.267463271315053763e-01
1.520530351651689053e+09 -1.250030994415283203e+00 -5.557197332382202148e-01 1.561812758445739746e-01 8.800177105795954635e-02 8.550731672239275660e-02 8.438856438370369029e-01 -5.223037499418788920e-01
1.520530351701694965e+09 -1.303665518760681152e+00 -5.360890030860900879e-01 1.600655466318130493e-01 8.699634463452129984e-02 9.877277674826545617e-02 8.442459500874336387e-01 -5.195424432658370950e-01
1.520530351751695871e+09 -1.355704545974731445e+00 -5.154253244400024414e-01 1.600637286901473999e-01 8.745080041997545239e-02 1.125156482370187477e-01 8.451862747020296718e-01 -5.151240117321405076e-01
1.520530351801698208e+09 -1.410488367080688477e+00 -4.963274598121643066e-01 1.578630208969116211e-01 8.279950029120372590e-02 1.197897249692905369e-01 8.494151684395770951e-01 -5.072361739545728776e-01
1.520530351851700068e+09 -1.466592788696289062e+00 -4.762935340404510498e-01 1.521481126546859741e-01 7.611990874618258796e-02 1.199176367482638617e-01 8.571956684837800378e-01 -4.950162682395699565e-01
1.520530351901700974e+09 -1.519411802291870117e+00 -4.526591598987579346e-01 1.437187045812606812e-01 7.373957620296102411e-02 1.142123493720069716e-01 8.666151220563957924e-01 -4.801002440902448765e-01
1.520530351951703072e+09 -1.573126912117004395e+00 -4.244121611118316650e-01 1.327944993972778320e-01 7.801810663831187931e-02 1.051630528373473650e-01 8.759301914127087807e-01 -4.643276936886251982e-01
1.520530352001703978e+09 -1.620917916297912598e+00 -3.939314186573028564e-01 1.246754527091979980e-01 8.517971215461742074e-02 9.587183867713378049e-02 8.837104004619066311e-01 -4.501210229498046611e-01
1.520530352051705837e+09 -1.670980691909790039e+00 -3.607061505317687988e-01 1.194629073143005371e-01 8.483328761107984672e-02 8.703841342855574148e-02 8.947197104928499289e-01 -4.297723438711782973e-01
1.520530352101805449e+09 -1.715635180473327637e+00 -3.237675130367279053e-01 1.194529160857200623e-01 7.904956403270943510e-02 8.231982498657797187e-02 9.073945780609581346e-01 -4.044869497845307582e-01
1.520530352151806593e+09 -1.755833745002746582e+00 -2.862854301929473877e-01 1.244480386376380920e-01 7.378670661719652357e-02 8.322897557909281208e-02 9.185915964039206294e-01 -3.792333563476968927e-01
1.520530352201808453e+09 -1.791699886322021484e+00 -2.469355165958404541e-01 1.319721192121505737e-01 7.291280809556335840e-02 8.683954431577531330e-02 9.300679632759153437e-01 -3.494512836525837662e-01
1.520530352251809359e+09 -1.820331096649169922e+00 -2.060737758874893188e-01 1.396938860416412354e-01 7.785615240160431716e-02 8.921538941231758890e-02 9.401875631908648279e-01 -3.194156850351124732e-01
1.520530352301811457e+09 -1.846131920814514160e+00 -1.612459123134613037e-01 1.470347940921783447e-01 8.371636677402136129e-02 9.073041011905388920e-02 9.499076220038208396e-01 -2.871150854149463472e-01
1.520530352351812363e+09 -1.868400573730468750e+00 -1.138327270746231079e-01 1.485712081193923950e-01 8.911967038240857508e-02 9.121953451088371523e-02 9.588533978502488120e-01 -2.536470821941014808e-01
1.520530352401814461e+09 -1.887764692306518555e+00 -6.510570645332336426e-02 1.452041417360305786e-01 9.643980749859749901e-02 8.987779066966891661e-02 9.658290036766503661e-01 -2.231494609694178732e-01
1.520530352451816559e+09 -1.904394865036010742e+00 -1.508016325533390045e-02 1.378120183944702148e-01 1.052625631379884436e-01 8.692707163111042246e-02 9.706506179686196223e-01 -1.979920575588768605e-01
1.520530352501468658e+09 -1.922012686729431152e+00 3.452764824032783508e-02 1.278506815433502197e-01 1.135474999950902286e-01 8.393990701265539867e-02 9.732011813854802851e-01 -1.814952280515308436e-01
1.520530352551470757e+09 -1.938879847526550293e+00 8.583607524633407593e-02 1.191719546914100647e-01 1.187910853866552402e-01 8.217984225198300685e-02 9.744900212739142642e-01 -1.717683032391763009e-01
1.520530352601471901e+09 -1.953895330429077148e+00 1.373511403799057007e-01 1.136448532342910767e-01 1.165111994937961665e-01 8.169574765276943484e-02 9.760051642796544469e-01 -1.648176704950549964e-01
1.520530352651473761e+09 -1.968104958534240723e+00 1.898955553770065308e-01 1.134744361042976379e-01 1.049247652395755293e-01 8.464403955963248349e-02 9.789179882487319961e-01 -1.534462527711341340e-01
1.520530352701474667e+09 -1.978560090065002441e+00 2.401571273803710938e-01 1.168440431356430054e-01 1.011733827316113055e-01 9.244653221693523160e-02 9.799370576870537475e-01 -1.447098762329169230e-01
1.520530352751476765e+09 -1.988650441169738770e+00 2.923886477947235107e-01 1.199463978409767151e-01 1.068430355255527708e-01 1.008313261723006171e-01 9.799646976476417137e-01 -1.344871770333016803e-01
1.520530352801477671e+09 -1.996734380722045898e+00 3.456645309925079346e-01 1.217713728547096252e-01 1.126065900294999506e-01 1.049289308039736274e-01 9.807860042122971134e-01 -1.198686335266191394e-01
1.520530352851479530e+09 -2.003256559371948242e+00 3.991379737854003906e-01 1.220728009939193726e-01 1.134450139975487215e-01 1.047806449654306582e-01 9.829585523148094417e-01 -9.971825144324665546e-02
1.520530352901098013e+09 -2.005995750427246094e+00 4.527688920497894287e-01 1.196358427405357361e-01 1.129359397084417904e-01 1.007813984103934218e-01 9.855556588127803996e-01 -7.595147555329806455e-02
1.520530352951099157e+09 -2.006693840026855469e+00 5.108745694160461426e-01 1.137816980481147766e-01 1.145854542376357338e-01 9.328397701864453440e-02 9.876344369492928710e-01 -5.240698675360905279e-02
1.520530353001101255e+09 -2.004488468170166016e+00 5.698580741882324219e-01 1.059917137026786804e-01 1.192365286669319346e-01 8.597118392598092351e-02 9.886262399717090643e-01 -3.177677461961823241e-02
1.520530353051102400e+09 -1.998620271682739258e+00 6.272825002670288086e-01 9.806673228740692139e-02 1.212409786594940281e-01 8.188885297469057634e-02 9.891734534588547678e-01 -1.143327706566865318e-02
1.520530353101208210e+09 -1.989204049110412598e+00 6.840515732765197754e-01 9.268470853567123413e-02 1.134331572271095462e-01 7.992448470280705264e-02 9.901956087549288466e-01 1.605154163737962034e-02
1.520530353151105165e+09 -1.976942896842956543e+00 7.392131090164184570e-01 9.443621337413787842e-02 1.036042429283072080e-01 7.954657878334774057e-02 9.903481075703663983e-01 4.635869371445794362e-02
1.520530353201107264e+09 -1.964812755584716797e+00 7.961990237236022949e-01 1.006823331117630005e-01 9.518261376885410463e-02 8.115116611726806706e-02 9.886833557153071883e-01 8.282499867465101251e-02
1.520530353251108170e+09 -1.943697690963745117e+00 8.494000434875488281e-01 1.092853024601936340e-01 9.529132262957648591e-02 8.005345501011074116e-02 9.842070203716574150e-01 1.258870494673463847e-01
1.520530353301110029e+09 -1.915201187133789062e+00 8.983884453773498535e-01 1.172058433294296265e-01 1.020215611896753000e-01 7.354170164501871998e-02 9.775498020367837659e-01 1.690550316004269249e-01
1.520530353351397753e+09 -1.883269190788269043e+00 9.455483555793762207e-01 1.228295415639877319e-01 1.125836063070804610e-01 6.493174219631614452e-02 9.686674378604372970e-01 2.116416671526174798e-01
1.520530353401398897e+09 -1.847374558448791504e+00 9.885531067848205566e-01 1.229354888200759888e-01 1.233859403766900398e-01 5.720412960177206213e-02 9.582744596380684543e-01 2.514232632021774494e-01
1.520530353451400757e+09 -1.809899806976318359e+00 1.032618880271911621e+00 1.183304041624069214e-01 1.332752357251495434e-01 5.075315198141504280e-02 9.472614176021664223e-01 2.869802011092251748e-01
1.520530353501401663e+09 -1.770145773887634277e+00 1.074524760246276855e+00 1.092184409499168396e-01 1.443484080060336017e-01 4.467733802525537118e-02 9.375148107314373869e-01 3.134221629564472034e-01
1.520530353551403761e+09 -1.726354360580444336e+00 1.112295985221862793e+00 9.795788675546646118e-02 1.538858052705769919e-01 4.175464265559392790e-02 9.305695510608037457e-01 3.295694454760996761e-01
1.520530353601404667e+09 -1.681509017944335938e+00 1.150964856147766113e+00 8.964875340461730957e-02 1.549116469751286029e-01 4.539880748237536123e-02 9.265103623260212418e-01 3.398821537138074222e-01
1.520530353651406765e+09 -1.636760354042053223e+00 1.187890768051147461e+00 8.563606441020965576e-02 1.557056467978513437e-01 4.770200361272175504e-02 9.250376886949730482e-01 3.431989873243462830e-01
1.520530353701407909e+09 -1.591931223869323730e+00 1.225002288818359375e+00 8.776692301034927368e-02 1.533076437379067569e-01 4.917700499686036147e-02 9.235817622850475139e-01 3.479584988551302493e-01
1.520530353751735926e+09 -1.549313902854919434e+00 1.261372447013854980e+00 9.456571191549301147e-02 1.550306089224667838e-01 4.765545972249370793e-02 9.209756895470536664e-01 3.542573171002907917e-01
1.520530353801737785e+09 -1.505749583244323730e+00 1.296330690383911133e+00 1.018136739730834961e-01 1.628616252138102016e-01 4.232451186980488306e-02 9.160662602236059326e-01 3.640155678094496028e-01
1.520530353851738691e+09 -1.460068821907043457e+00 1.332536101341247559e+00 1.079945564270019531e-01 1.676606366197204989e-01 3.862008032198343405e-02 9.095835573414561281e-01 3.782276464488754653e-01
1.520530353901740789e+09 -1.411976218223571777e+00 1.367016434669494629e+00 1.092886775732040405e-01 1.671721851876996068e-01 3.698662483955745400e-02 9.019279626092727709e-01 3.964989285559721299e-01
1.520530353951741695e+09 -1.361365079879760742e+00 1.397916793823242188e+00 1.068391427397727966e-01 1.631856981100882342e-01 3.405749369691109946e-02 8.932877633172363607e-01 4.174296191732172479e-01
1.520530354001744032e+09 -1.308251738548278809e+00 1.426149368286132812e+00 1.018077060580253601e-01 1.583966673218160648e-01 2.795800037743289418e-02 8.847733241083651778e-01 4.373842829166031954e-01
1.520530354051744938e+09 -1.253147482872009277e+00 1.451571226119995117e+00 9.587226063013076782e-02 1.555361432142852718e-01 1.854330094066299409e-02 8.776364823350358835e-01 4.530108817885433736e-01
1.520530354101746798e+09 -1.195112228393554688e+00 1.478061676025390625e+00 9.155005961656570435e-02 1.486118702691763549e-01 1.030473948248845396e-02 8.696579154593437888e-01 4.706415137216481970e-01
1.520530354151896477e+09 -1.135723710060119629e+00 1.498867630958557129e+00 9.066456556320190430e-02 1.365199192978372444e-01 7.934634311728968464e-03 8.590933396832448610e-01 4.932119087422156545e-01
1.520530354201897383e+09 -1.079169869422912598e+00 1.513861179351806641e+00 9.502314776182174683e-02 1.283734966868917693e-01 1.226077068814387244e-02 8.462225333485522416e-01 5.169887260895268399e-01
1.520530354251899242e+09 -1.023359656333923340e+00 1.526526808738708496e+00 1.021966189146041870e-01 1.231593103723758464e-01 2.331996870011363368e-02 8.295696287534820579e-01 5.441527307459151919e-01
1.520530354301900387e+09 -9.651584029197692871e-01 1.533594012260437012e+00 1.106669902801513672e-01 1.217508248310362612e-01 3.026549349742191711e-02 8.089565184707009360e-01 5.743257679924191894e-01
1.520530354351902246e+09 -9.057814478874206543e-01 1.535786390304565430e+00 1.178177371621131897e-01 1.217743672933630228e-01 2.982258410948039271e-02 7.886574932911342151e-01 6.019144251661349143e-01
1.520530354401904583e+09 -8.449057936668395996e-01 1.536670446395874023e+00 1.219087466597557068e-01 1.245539292700588163e-01 2.254039713320664731e-02 7.699548325806785387e-01 6.254181041400429519e-01
1.520530354451905489e+09 -7.837329506874084473e-01 1.533546328544616699e+00 1.211133077740669250e-01 1.257126012008585036e-01 1.246710193642802146e-02 7.523035875661662208e-01 6.465912351738896113e-01
1.520530354501907349e+09 -7.238229513168334961e-01 1.527013301849365234e+00 1.163704693317413330e-01 1.241835293706712723e-01 2.098740798048186976e-03 7.371292784227901906e-01 6.642397708749474550e-01
1.520530354551593781e+09 -6.630238890647888184e-01 1.523242473602294922e+00 1.097658649086952209e-01 1.238463365118224191e-01 -8.682443189810243669e-03 7.265451073069357779e-01 6.758098158218844853e-01
1.520530354601593018e+09 -6.016421318054199219e-01 1.518902420997619629e+00 1.032298281788825989e-01 1.246955945606999239e-01 -2.120304962157855758e-02 7.216996885093511782e-01 6.805519811075448899e-01
1.520530354651594877e+09 -5.408562421798706055e-01 1.513764500617980957e+00 9.964141249656677246e-02 1.245099752985669717e-01 -3.572590648681111397e-02 7.223451136639236214e-01 6.792926191433991123e-01
1.520530354701595783e+09 -4.781546592712402344e-01 1.510187506675720215e+00 1.019414141774177551e-01 1.202968451632035196e-01 -4.420931703925149586e-02 7.235243429524049752e-01 6.782969338615602028e-01
1.520530354751596928e+09 -4.211039245128631592e-01 1.504846811294555664e+00 1.093640401959419250e-01 1.133184193382989480e-01 -4.142542869663217581e-02 7.238045232088269332e-01 6.793746255773851495e-01
1.520530354801598787e+09 -3.633091151714324951e-01 1.502511262893676758e+00 1.186769530177116394e-01 1.119255134456984130e-01 -3.837550834651937831e-02 7.250765023889738092e-01 6.784276420388806184e-01
1.520530354851599693e+09 -3.069538176059722900e-01 1.498568296432495117e+00 1.257957071065902710e-01 1.141159639338627380e-01 -3.990584085052375357e-02 7.274929599782729017e-01 6.753806806709155008e-01
1.520530354901601791e+09 -2.506026625633239746e-01 1.494463682174682617e+00 1.301798224449157715e-01 1.159268257137236885e-01 -4.188144353843026996e-02 7.279391492538853647e-01 6.744712823765048881e-01
1.520530354951359272e+09 -1.927683055400848389e-01 1.491206407546997070e+00 1.310624778270721436e-01 1.140960882846922819e-01 -4.150762813391820766e-02 7.260437011927507456e-01 6.768454353862185524e-01
1.520530355001360178e+09 -1.334489732980728149e-01 1.486469149589538574e+00 1.277933418750762939e-01 1.107822269462386544e-01 -4.232837664213340290e-02 7.217171803500170846e-01 6.819530176715218328e-01
1.520530355051362038e+09 -7.276964932680130005e-02 1.480061411857604980e+00 1.219015121459960938e-01 1.066563777845077332e-01 -4.493662249181343271e-02 7.152609080664305008e-01 6.892074799571619170e-01
1.520530355101363182e+09 -1.670937798917293549e-02 1.469751715660095215e+00 1.147204190492630005e-01 1.024329318084599566e-01 -4.990554375792735642e-02 7.069446125555701732e-01 6.980302614944454698e-01
1.520530355151365280e+09 4.265122115612030029e-02 1.457795977592468262e+00 1.093254461884498596e-01 9.675674816743523587e-02 -5.436763873798661911e-02 6.950824211310111522e-01 7.103117057861083605e-01
1.520530355201366425e+09 1.053262874484062195e-01 1.442676901817321777e+00 1.088268607854843140e-01 8.981253273812077331e-02 -5.699318689953621758e-02 6.783299496771333370e-01 7.270171696605357559e-01
1.520530355251368284e+09 1.655393093824386597e-01 1.424366235733032227e+00 1.138706207275390625e-01 8.709203745345181491e-02 -5.895260920097197127e-02 6.606015189567062684e-01 7.433338415763784957e-01
1.520530355301370144e+09 2.232923805713653564e-01 1.403657674789428711e+00 1.225891411304473877e-01 8.572236131057721364e-02 -5.680374218259935659e-02 6.395075084358965434e-01 7.618760780464912674e-01
1.520530355351371288e+09 2.780643999576568604e-01 1.377113223075866699e+00 1.318722814321517944e-01 8.580695060754982284e-02 -5.786517240930999506e-02 6.138536907246794350e-01 7.826061815710146918e-01
1.520530355401407480e+09 3.299892246723175049e-01 1.346637725830078125e+00 1.401734650135040283e-01 8.634937731602812527e-02 -5.887328446041158875e-02 5.857719989708400909e-01 8.037094541161524663e-01
1.520530355451408386e+09 3.803653717041015625e-01 1.315466523170471191e+00 1.462022960186004639e-01 9.045389143262445864e-02 -6.149902091828414463e-02 5.610296632346373213e-01 8.205374341988408426e-01
1.520530355501410723e+09 4.282364249229431152e-01 1.283753871917724609e+00 1.461714506149291992e-01 9.451941532658625356e-02 -6.719180290283008339e-02 5.399189070701532200e-01 8.336899396881066737e-01
1.520530355551411629e+09 4.769618511199951172e-01 1.250406026840209961e+00 1.410289406776428223e-01 9.219745348457453193e-02 -7.348979851634546145e-02 5.223488099384919758e-01 8.445416507436611653e-01
1.520530355601414442e+09 5.252835154533386230e-01 1.216246843338012695e+00 1.343607157468795776e-01 8.592891054691248476e-02 -8.503066116630376980e-02 5.102603056409470428e-01 8.514813148161556322e-01
1.520530355651415586e+09 5.746136903762817383e-01 1.182602643966674805e+00 1.288626044988632202e-01 7.792052307972147096e-02 -1.006424907417732689e-01 5.020730886188345954e-01 8.554075606545799015e-01
1.520530355701417685e+09 6.222088336944580078e-01 1.147616863250732422e+00 1.247218027710914612e-01 6.870733221879138375e-02 -1.140389222308291345e-01 4.939125492914808180e-01 8.592582966536884692e-01
1.520530355751418352e+09 6.695393323898315430e-01 1.109815120697021484e+00 1.241883784532546997e-01 5.782018003644855825e-02 -1.178085161948636689e-01 4.841919650361575234e-01 8.650642295731232334e-01
1.520530355801531076e+09 7.140457034111022949e-01 1.071236729621887207e+00 1.281157433986663818e-01 4.919540195371262248e-02 -1.122065189340217817e-01 4.742577071073780792e-01 8.718194404718067059e-01
1.520530355851532936e+09 7.516605257987976074e-01 1.033610343933105469e+00 1.340118646621704102e-01 4.800533565125687102e-02 -1.106111261185074163e-01 4.671030338286409900e-01 8.759425907648772380e-01
1.520530355901534081e+09 7.887274026870727539e-01 9.941554069519042969e-01 1.379469484090805054e-01 4.995028807432212031e-02 -1.090300477874358714e-01 4.560965676783082512e-01 8.818125301632019353e-01
1.520530355951535940e+09 8.244678378105163574e-01 9.534814953804016113e-01 1.385429948568344116e-01 5.078670523333723985e-02 -1.022040350302088757e-01 4.379096427455815843e-01 8.917455862439259695e-01
1.520530356001537085e+09 8.585543036460876465e-01 9.119051098823547363e-01 1.366859972476959229e-01 5.028877071576672020e-02 -9.789355915882169690e-02 4.187715680243827565e-01 9.013979500916978749e-01
1.520530356051538944e+09 8.911129236221313477e-01 8.671104907989501953e-01 1.327060908079147339e-01 4.757260207760498349e-02 -9.875740957865546121e-02 4.014994543508677571e-01 9.092755411539645838e-01
1.520530356101541042e+09 9.221246838569641113e-01 8.192421197891235352e-01 1.271307319402694702e-01 4.450172343408469178e-02 -1.016319206566101002e-01 3.858111339271896867e-01 9.158822622219850995e-01
1.520530356151542187e+09 9.527391791343688965e-01 7.687446475028991699e-01 1.209808737039566040e-01 4.353845233468106590e-02 -1.049726692092759900e-01 3.699799854401355503e-01 9.220628786916310604e-01
1.520530356201376200e+09 9.827234148979187012e-01 7.149007320404052734e-01 1.167415156960487366e-01 4.237562883191143409e-02 -1.057361909030420655e-01 3.496708052339564943e-01 9.299217665919279341e-01
1.520530356251379967e+09 1.007978677749633789e+00 6.586445569992065430e-01 1.167957782745361328e-01 4.111883994432893874e-02 -1.050985934267427979e-01 3.243406878991230147e-01 9.391840313987863675e-01
1.520530356301379204e+09 1.025194644927978516e+00 6.041124463081359863e-01 1.210762038826942444e-01 4.187550610772778487e-02 -1.036628445740923193e-01 2.956415005603509338e-01 9.487341881630773077e-01
1.520530356351380110e+09 1.037317395210266113e+00 5.492429137229919434e-01 1.288336366415023804e-01 4.264088514627571713e-02 -9.920303045552655852e-02 2.615054719809313810e-01 9.591430559548520529e-01
1.520530356401381969e+09 1.043041586875915527e+00 4.930037856101989746e-01 1.376807540655136108e-01 4.043199873914109232e-02 -9.791421161920134397e-02 2.219558361982465200e-01 9.692851321559026179e-01
1.520530356451383114e+09 1.046322107315063477e+00 4.363086521625518799e-01 1.453928351402282715e-01 3.625493176149775093e-02 -1.007634639297430024e-01 1.823287185366924135e-01 9.773886344011863958e-01
1.520530356501384974e+09 1.044681310653686523e+00 3.813948631286621094e-01 1.505491137504577637e-01 3.410277692457080317e-02 -1.083494511647931091e-01 1.449926263326670739e-01 9.828909071445702805e-01
1.520530356551385880e+09 1.038629293441772461e+00 3.271076679229736328e-01 1.500787287950515747e-01 3.167022134094623492e-02 -1.158796677938333519e-01 1.106679647392096177e-01 9.865705759106578876e-01
1.520530356601232529e+09 1.030510067939758301e+00 2.717012763023376465e-01 1.459101885557174683e-01 2.553224292664730416e-02 -1.194875871254005711e-01 8.055312664409357282e-02 9.892330437677187005e-01
1.520530356651234627e+09 1.022401571273803711e+00 2.157607376575469971e-01 1.394257098436355591e-01 1.676400512408478261e-02 -1.225978172391930104e-01 5.403065885737115548e-02 9.908427883593964314e-01
1.520530356701235533e+09 1.012010574340820312e+00 1.601033806800842285e-01 1.325747668743133545e-01 7.763776092510219114e-03 -1.271427136896616794e-01 3.227335239760458635e-02 9.913288479921454899e-01
1.520530356751237392e+09 9.999929070472717285e-01 1.050428450107574463e-01 1.276208460330963135e-01 -2.897805494650804842e-04 -1.315271836402993610e-01 1.578096278769517552e-02 9.911869032651597911e-01
1.520530356801238537e+09 9.847866296768188477e-01 5.079660564661026001e-02 1.261177361011505127e-01 -5.032638829184784938e-03 -1.334685632859582971e-01 -3.901879388673136560e-04 9.910401923807981017e-01
1.520530356851240635e+09 9.688608050346374512e-01 -3.666417207568883896e-03 1.297946572303771973e-01 -4.508204240934145061e-03 -1.290264859936680331e-01 -1.996121718996565417e-02 9.914299732280352773e-01
1.520530356901242495e+09 9.513888955116271973e-01 -5.673741921782493591e-02 1.346766501665115356e-01 -2.287275323738182601e-03 -1.316735556916502625e-01 -3.882104789808660250e-02 9.905300446443841000e-01
1.520530356951243639e+09 9.310404062271118164e-01 -1.089434698224067688e-01 1.389016658067703247e-01 -1.369268469928391213e-03 -1.386733156444321935e-01 -5.773948679515886889e-02 9.886526125473339421e-01
1.520530357001152515e+09 9.096258878707885742e-01 -1.620094925165176392e-01 1.411293596029281616e-01 -2.583454103315737261e-05 -1.426755698756321522e-01 -7.805256068582441809e-02 9.866871230859484143e-01
1.520530357051153660e+09 8.858642578125000000e-01 -2.128509730100631714e-01 1.394807994365692139e-01 1.473114045885497853e-03 -1.427144627381883579e-01 -1.006687004366631361e-01 9.846299938620350911e-01
1.520530357101155758e+09 8.594877123832702637e-01 -2.643426954746246338e-01 1.347374022006988525e-01 -2.034400799823559878e-04 -1.414488687179987769e-01 -1.235084892396037526e-01 9.822106847496023807e-01
1.520530357151156664e+09 8.295373320579528809e-01 -3.152095675468444824e-01 1.275095492601394653e-01 -5.420874862229999210e-03 -1.397618695290488711e-01 -1.488875932775799715e-01 9.789125183127873608e-01
1.520530357201158762e+09 7.966641783714294434e-01 -3.648046553134918213e-01 1.194208487868309021e-01 -1.225378199338160098e-02 -1.354717085793334108e-01 -1.752707259399131079e-01 9.750781679588311768e-01
1.520530357251159668e+09 7.605932354927062988e-01 -4.127179980278015137e-01 1.128609925508499146e-01 -1.884325701758214275e-02 -1.275583005647637491e-01 -2.040320103115684236e-01 9.704353406539865112e-01
1.520530357301161528e+09 7.216780781745910645e-01 -4.572511017322540283e-01 1.108094602823257446e-01 -2.434910205940631414e-02 -1.198272075025368227e-01 -2.341366343808730377e-01 9.644835913647479275e-01
1.520530357351163626e+09 6.811214685440063477e-01 -4.985560178756713867e-01 1.133204773068428040e-01 -2.749286555055583531e-02 -1.174666493244437560e-01 -2.632120216279223435e-01 9.571651687722706470e-01
1.520530357401658058e+09 6.386418938636779785e-01 -5.372727513313293457e-01 1.192669495940208435e-01 -2.746025993443865568e-02 -1.147318615438082251e-01 -2.962712008238546635e-01 9.477900134699757118e-01
1.520530357451659918e+09 5.932394862174987793e-01 -5.733934640884399414e-01 1.260851323604583740e-01 -2.727942597274342004e-02 -1.112307779986315692e-01 -3.324955770123514953e-01 9.361251188872351525e-01
1.520530357501662016e+09 5.453402400016784668e-01 -6.036431789398193359e-01 1.326528787612915039e-01 -2.871335004103315464e-02 -1.125801759550187492e-01 -3.676245671023762318e-01 9.226881516385416759e-01
1.520530357551662922e+09 4.940097630023956299e-01 -6.310693621635437012e-01 1.357744634151458740e-01 -3.213306042831833714e-02 -1.179073788400505779e-01 -4.007623665667869872e-01 9.079949570269467696e-01
1.520530357601665974e+09 4.406179785728454590e-01 -6.509831547737121582e-01 1.341959536075592041e-01 -3.780397904037303275e-02 -1.210931164225631795e-01 -4.307177983993848991e-01 8.935264374744451565e-01
1.520530357651665926e+09 3.849045038223266602e-01 -6.775504350662231445e-01 1.274742931127548218e-01 -4.553800100045123089e-02 -1.214859417469457414e-01 -4.566535377526001471e-01 8.801335142356386809e-01
1.520530357701666832e+09 3.278369903564453125e-01 -7.012392282485961914e-01 1.206696331501007080e-01 -5.447385766763910425e-02 -1.220700958537340036e-01 -4.774454802801066378e-01 8.684338224005121454e-01
1.520530357751669168e+09 2.704058587551116943e-01 -7.191622853279113770e-01 1.145663708448410034e-01 -6.366459977879193599e-02 -1.236231094329313107e-01 -4.930440448744740078e-01 8.588199551494816175e-01
1.520530357801671028e+09 2.138399332761764526e-01 -7.351234555244445801e-01 1.129942163825035095e-01 -6.978356397544123457e-02 -1.228993904465857934e-01 -5.041412988825441088e-01 8.519786058274962937e-01
1.520530357851585388e+09 1.573976874351501465e-01 -7.491694092750549316e-01 1.165460720658302307e-01 -6.485053235901526436e-02 -1.163817435686588520e-01 -5.153205461537808674e-01 8.465780725535243523e-01
1.520530357901559353e+09 1.030082404613494873e-01 -7.621557712554931641e-01 1.227761209011077881e-01 -5.561522424374971268e-02 -1.103832355126792425e-01 -5.253515271827496891e-01 8.418600008533618784e-01
1.520530357951560259e+09 4.797858744859695435e-02 -7.773323059082031250e-01 1.279385685920715332e-01 -5.144580255492467447e-02 -1.099075856197558737e-01 -5.338190588392457414e-01 8.368457829508957335e-01
1.520530358001562119e+09 -7.723538205027580261e-03 -7.932142615318298340e-01 1.333677321672439575e-01 -5.134038992980785587e-02 -1.104274316181967502e-01 -5.432371490069225484e-01 8.307005156173279392e-01
1.520530358051563263e+09 -6.221679225564002991e-02 -8.062236905097961426e-01 1.366045325994491577e-01 -5.312819306922485219e-02 -1.105099597745002188e-01 -5.540079966773079345e-01 8.234318936678574063e-01
1.520530358101565361e+09 -1.175962015986442566e-01 -8.197304010391235352e-01 1.355474144220352173e-01 -5.522545447014466646e-02 -1.077361708638387428e-01 -5.644846794210189866e-01 8.165170625070325983e-01
1.520530358151567221e+09 -1.753529459238052368e-01 -8.332903981208801270e-01 1.313408613204956055e-01 -5.747011137776482370e-02 -1.022428385380972915e-01 -5.742013660661611230e-01 8.102693252700946536e-01
1.520530358201568365e+09 -2.338040173053741455e-01 -8.456058502197265625e-01 1.253754347562789917e-01 -5.894014972581920753e-02 -9.598027895567537437e-02 -5.834748137249321509e-01 8.042829020627907388e-01
1.520530358251625299e+09 -2.937115430831909180e-01 -8.578113317489624023e-01 1.193621084094047546e-01 -5.888762631173060508e-02 -9.072818504782598215e-02 -5.937564902108072307e-01 7.973417549820410732e-01
1.520530358301626205e+09 -3.522810637950897217e-01 -8.662614226341247559e-01 1.168576702475547791e-01 -5.566927994091816490e-02 -8.649242406648752213e-02 -6.079944187516773679e-01 7.872501372605613668e-01
1.520530358351628304e+09 -4.101131856441497803e-01 -8.726979494094848633e-01 1.198864281177520752e-01 -5.458104770246560017e-02 -8.612572066093400480e-02 -6.215811129546655600e-01 7.766853864277190045e-01
1.520530358401629210e+09 -4.659627079963684082e-01 -8.766950964927673340e-01 1.269850432872772217e-01 -5.415562364551294167e-02 -8.634172099781388388e-02 -6.339708956980995014e-01 7.666114915982220612e-01
1.520530358451631308e+09 -5.220569372177124023e-01 -8.781864047050476074e-01 1.358237862586975098e-01 -5.466732888529651779e-02 -8.448991554675067128e-02 -6.485386802974596465e-01 7.545001772574205789e-01
1.520530358501632452e+09 -5.778915882110595703e-01 -8.758125901222229004e-01 1.447379440069198608e-01 -5.566079355843672749e-02 -8.096024868264208030e-02 -6.640917436653083206e-01 7.411676397342645828e-01
1.520530358551634312e+09 -6.321816444396972656e-01 -8.704418540000915527e-01 1.514195650815963745e-01 -5.780765065636440936e-02 -7.936111870474317487e-02 -6.780036119868139144e-01 7.284718186013494634e-01
1.520530358601636171e+09 -6.869931221008300781e-01 -8.626712560653686523e-01 1.535426378250122070e-01 -6.093144796651595724e-02 -7.827158281661174277e-02 -6.912513383579244053e-01 7.157740601547840642e-01
1.520530358651798248e+09 -7.442898154258728027e-01 -8.532235622406005859e-01 1.500156223773956299e-01 -6.327027475355732899e-02 -7.603623294825798129e-02 -7.038867081837626438e-01 7.033909763807567606e-01
1.520530358701800346e+09 -8.008734583854675293e-01 -8.418633341789245605e-01 1.411161720752716064e-01 -6.744159030420966705e-02 -7.614970226847568580e-02 -7.135539669314179267e-01 6.931764501323588457e-01
1.520530358751801491e+09 -8.577911257743835449e-01 -8.295795917510986328e-01 1.293253004550933838e-01 -7.310419411630589281e-02 -7.917514315548537795e-02 -7.210411312974256415e-01 6.844609269244247285e-01
1.520530358801803350e+09 -9.156664013862609863e-01 -8.165525794029235840e-01 1.180534809827804565e-01 -7.709118685986754427e-02 -8.084829856959649397e-02 -7.287264430476125820e-01 6.756317582308524194e-01
1.520530358851805210e+09 -9.729545712471008301e-01 -8.013622164726257324e-01 1.091530546545982361e-01 -7.541685425853669744e-02 -7.865565884300400323e-02 -7.381315704488183860e-01 6.657982953811768523e-01
1.520530358901806355e+09 -1.027830958366394043e+00 -7.833285927772521973e-01 1.027593165636062622e-01 -7.094252327638050915e-02 -7.559406195856392674e-02 -7.476336996742496410e-01 6.559699286546439856e-01
1.520530358951808453e+09 -1.084167003631591797e+00 -7.660325169563293457e-01 9.579292684793472290e-02 -6.769332124704860454e-02 -7.494431551421147641e-02 -7.561244184260782486e-01 6.465886077642220009e-01
1.520530359001810312e+09 -1.140162825584411621e+00 -7.464410662651062012e-01 8.660614490509033203e-02 -7.001233501165714246e-02 -8.044715574583741202e-02 -7.647004346963733878e-01 6.354996249045297141e-01
1.520530359051805735e+09 -1.198043346405029297e+00 -7.260290384292602539e-01 7.359980046749114990e-02 -7.201204002360490908e-02 -8.768788926405154949e-02 -7.715242622664353345e-01 6.259995310719385087e-01
1.520530359101810694e+09 -1.254558801651000977e+00 -7.031691074371337891e-01 5.613490194082260132e-02 -7.055266776818895635e-02 -9.383850318934840173e-02 -7.793781569852291646e-01 6.154562086812364052e-01
1.520530359151808977e+09 -1.306863188743591309e+00 -6.777761578559875488e-01 3.593772649765014648e-02 -6.906862544557278161e-02 -9.785468113768255871e-02 -7.888830290009051227e-01 6.027582873033426880e-01
1.520530359201809645e+09 -1.359236717224121094e+00 -6.522147059440612793e-01 1.413874328136444092e-02 -6.862007770548415875e-02 -9.626606773228980896e-02 -8.002490335939349553e-01 5.878993224787971705e-01
1.520530359251811981e+09 -1.411083698272705078e+00 -6.251901984214782715e-01 -7.799641229212284088e-03 -6.953815416554977313e-02 -9.231206090395895070e-02 -8.134427124143095433e-01 5.700472630817228215e-01
1.520530359301812887e+09 -1.467387676239013672e+00 -5.971915125846862793e-01 -2.862786501646041870e-02 -6.874567964767083761e-02 -8.589295979735567244e-02 -8.263683258303440304e-01 5.522787530327274430e-01
1.520530359351814747e+09 -1.517023682594299316e+00 -5.664220452308654785e-01 -4.677257314324378967e-02 -6.328407940378415197e-02 -7.822704467265091666e-02 -8.404874760573863846e-01 5.324062897510536407e-01
1.520530359401816845e+09 -1.561753392219543457e+00 -5.338489413261413574e-01 -6.083820015192031860e-02 -5.894238769312727666e-02 -7.753458480992998780e-02 -8.527411666591931949e-01 5.131731537951914612e-01
1.520530359451918840e+09 -1.607691526412963867e+00 -4.990299940109252930e-01 -6.740993261337280273e-02 -5.071282699751521877e-02 -8.260744106267735309e-02 -8.635787824122311829e-01 4.948089595251934369e-01
1.520530359501869917e+09 -1.654475569725036621e+00 -4.609114825725555420e-01 -6.627492606639862061e-02 -4.143334624418405776e-02 -8.298202002742564865e-02 -8.751589807475168570e-01 4.748621069196244937e-01
1.520530359551871061e+09 -1.697116374969482422e+00 -4.184094667434692383e-01 -5.835328996181488037e-02 -4.051605025806838400e-02 -7.659042926858386502e-02 -8.870959033621820256e-01 4.533797680245271189e-01
1.520530359601872921e+09 -1.736197352409362793e+00 -3.731669485569000244e-01 -4.639633744955062866e-02 -4.396651804217388548e-02 -6.895867337471250913e-02 -8.987496572995412603e-01 4.307675709261364894e-01
1.520530359651873827e+09 -1.773400664329528809e+00 -3.212930262088775635e-01 -3.304535523056983948e-02 -5.145696417534281059e-02 -6.683051413320022227e-02 -9.093258145728180253e-01 4.074462248813097154e-01
1.520530359701876163e+09 -1.808568477630615234e+00 -2.711108922958374023e-01 -1.912489719688892365e-02 -6.001939811696290622e-02 -6.859116044380904331e-02 -9.184338762803463396e-01 3.849313438255016484e-01
1.520530359751878023e+09 -1.838485717773437500e+00 -2.186427861452102661e-01 -5.825674161314964294e-03 -7.085961319843893380e-02 -7.233315927157808745e-02 -9.263481780670410615e-01 3.628028145963502205e-01
1.520530359801878929e+09 -1.868771076202392578e+00 -1.682943105697631836e-01 7.659045513719320297e-03 -7.965314859152686222e-02 -7.639015203026111589e-02 -9.327801740954828613e-01 3.431341828012048900e-01
1.520530359851881027e+09 -1.895573139190673828e+00 -1.091998964548110962e-01 2.189614437520503998e-02 -8.344540387827198424e-02 -7.892101665271711308e-02 -9.394170239776401532e-01 3.229612867869575688e-01
1.520530359901825905e+09 -1.917761683464050293e+00 -4.810600727796554565e-02 4.027190059423446655e-02 -8.268487939717324153e-02 -7.791005576179574343e-02 -9.464139046083061002e-01 3.023143316059113128e-01
1.520530359951827765e+09 -1.934467911720275879e+00 1.349807530641555786e-02 6.506472080945968628e-02 -8.037683080257976287e-02 -7.649676228156968016e-02 -9.530711429187662675e-01 2.816792625772917558e-01
1.520530360001828909e+09 -1.946371197700500488e+00 7.430481165647506714e-02 9.557323157787322998e-02 -7.831116557329045880e-02 -7.598085499258744324e-02 -9.590130789166911862e-01 2.615113486789364949e-01
1.520530360051830769e+09 -1.957268476486206055e+00 1.364998668432235718e-01 1.281079798936843872e-01 -7.950722250244809941e-02 -7.517323476627991996e-02 -9.638798023562414885e-01 2.428236251982350546e-01
1.520530360101831675e+09 -1.962609648704528809e+00 1.967562735080718994e-01 1.631255894899368286e-01 -8.157541095199058456e-02 -7.067589021981203479e-02 -9.681015008236872887e-01 2.261191167782482803e-01
1.520530360151834011e+09 -1.963312268257141113e+00 2.577559351921081543e-01 1.989013552665710449e-01 -8.128963232090577473e-02 -6.220646810824260325e-02 -9.736320758331518110e-01 2.038698896636232383e-01
1.520530360201835871e+09 -1.962704181671142578e+00 3.169979751110076904e-01 2.344132214784622192e-01 -7.976422226552430661e-02 -4.939912115690528460e-02 -9.797088814517571631e-01 1.771098621755665681e-01
1.520530360251836777e+09 -1.958409070968627930e+00 3.743999600410461426e-01 2.709183990955352783e-01 -7.800394685027346731e-02 -3.152133380285049302e-02 -9.853043701724623071e-01 1.486508927323229035e-01
1.520530360301316261e+09 -1.949766874313354492e+00 4.280925393104553223e-01 3.090422153472900391e-01 -7.390887588740922831e-02 -1.007251380620731267e-02 -9.901833532019671535e-01 1.182072314724935680e-01
1.520530360351317167e+09 -1.939097404479980469e+00 4.789833724498748779e-01 3.491263985633850098e-01 -7.162130476505081111e-02 1.331935143598022599e-02 -9.935263786674350950e-01 8.716833411881155791e-02
1.520530360401319265e+09 -1.925497889518737793e+00 5.265972614288330078e-01 3.896595835685729980e-01 -7.004690600445159787e-02 3.605892719645517608e-02 -9.952718168100201934e-01 5.680840952117915260e-02
1.520530360451321125e+09 -1.908733129501342773e+00 5.677548646926879883e-01 4.274398386478424072e-01 -6.790959973681562345e-02 5.546840020997285958e-02 -9.957491362708991156e-01 2.819929888295351697e-02
1.520530360501322985e+09 -1.889606356620788574e+00 6.069504618644714355e-01 4.630620479583740234e-01 -6.499457135542792419e-02 7.080916816584843787e-02 -9.953699961333348778e-01 -5.815457934526420663e-04
1.520530360551324368e+09 -1.867160320281982422e+00 6.455829739570617676e-01 4.913159608840942383e-01 -6.029543604437185428e-02 7.889157469934428291e-02 -9.945118346961895339e-01 -3.296650546988192515e-02
1.520530360601326227e+09 -1.845285058021545410e+00 6.850814223289489746e-01 5.108343958854675293e-01 -5.788258218601635002e-02 7.893572414219264533e-02 -9.931082305955963863e-01 -6.445774163675570267e-02
1.520530360651327372e+09 -1.821834325790405273e+00 7.257586121559143066e-01 5.189648866653442383e-01 -5.760600944879818580e-02 7.308875492746098879e-02 -9.910375100789726721e-01 -9.583441550408117182e-02
1.520530360700978279e+09 -1.794762492179870605e+00 7.667880654335021973e-01 5.145974159240722656e-01 -5.636942030085823063e-02 6.595635432830264377e-02 -9.880654243836476391e-01 -1.272751543555416531e-01
1.520530360750980139e+09 -1.765256643295288086e+00 8.111287951469421387e-01 5.025968551635742188e-01 -5.333388823503299597e-02 6.031211673250918420e-02 -9.840781419672693930e-01 -1.584555314377629198e-01
1.520530360800981045e+09 -1.732730507850646973e+00 8.534409999847412109e-01 4.784085750579833984e-01 -4.751522977894941796e-02 5.514637482130215623e-02 -9.797150606842166543e-01 -1.867072043378178725e-01
1.520530360850983381e+09 -1.698264837265014648e+00 8.926703333854675293e-01 4.470432996749877930e-01 -4.190265607868134262e-02 4.952674552006311459e-02 -9.760943893270772609e-01 -2.074391766661803638e-01
1.520530360900984049e+09 -1.662793040275573730e+00 9.315503239631652832e-01 4.116662442684173584e-01 -3.831087942409676372e-02 4.341938460751632728e-02 -9.724689739362172292e-01 -2.257235660924616083e-01
1.520530360950988054e+09 -1.625940084457397461e+00 9.677277207374572754e-01 3.750249445438385010e-01 -3.793898143525253203e-02 3.644816499324068926e-02 -9.678208620562949172e-01 -2.460791415884154010e-01
1.520530361000988245e+09 -1.589568734169006348e+00 9.999939799308776855e-01 3.366815447807312012e-01 -4.175455513247046391e-02 2.736885054177718921e-02 -9.622757808811235325e-01 -2.674562107623139062e-01
1.520530361051064253e+09 -1.553164243698120117e+00 1.029253602027893066e+00 3.003878891468048096e-01 -4.731949912458233848e-02 1.525769301659319656e-02 -9.559351890081819736e-01 -2.893371428322009109e-01
1.520530361101044178e+09 -1.515921592712402344e+00 1.056276559829711914e+00 2.626200616359710693e-01 -5.556663607179306019e-02 1.967153651441798639e-03 -9.494283344906881972e-01 -3.090215476765565406e-01
1.520530361151045322e+09 -1.477533221244812012e+00 1.079586625099182129e+00 2.239640206098556519e-01 -6.264997132662723789e-02 -1.099434097695685571e-02 -9.421025302541790047e-01 -3.292368874350641295e-01
1.520530361201047182e+09 -1.438239932060241699e+00 1.100549936294555664e+00 1.847658902406692505e-01 -6.704708509105790359e-02 -2.255050695142488126e-02 -9.329359536460287705e-01 -3.530250266080313115e-01
1.520530361251048088e+09 -1.397492527961730957e+00 1.119794964790344238e+00 1.451999396085739136e-01 -7.236894288189880953e-02 -3.204426572067925472e-02 -9.214536634340271259e-01 -3.803406989589592224e-01
1.520530361301050186e+09 -1.356227397918701172e+00 1.136875867843627930e+00 1.057346314191818237e-01 -7.984900778406564537e-02 -4.001267033265494544e-02 -9.084565137534866830e-01 -4.083257091925654447e-01
1.520530361351051092e+09 -1.314853787422180176e+00 1.150449037551879883e+00 6.682202219963073730e-02 -8.434195400005188581e-02 -4.942343949081001719e-02 -8.949683657228124645e-01 -4.352877011584286859e-01
1.520530361401052952e+09 -1.275012850761413574e+00 1.161093473434448242e+00 3.021642565727233887e-02 -8.661999294500664914e-02 -6.117678995833188138e-02 -8.807321523594900947e-01 -4.615899186429674450e-01
1.520530361451055288e+09 -1.238106966018676758e+00 1.166069865226745605e+00 -2.659619553014636040e-03 -8.980127689700140303e-02 -7.733688090679187443e-02 -8.661772146391238936e-01 -4.854809680711342224e-01
1.520530361501690149e+09 -1.204381823539733887e+00 1.168116807937622070e+00 -2.983425371348857880e-02 -9.328263492282090619e-02 -9.741740890671513053e-02 -8.514908090517882000e-01 -5.067263566897708404e-01
1.520530361551692009e+09 -1.173413395881652832e+00 1.165894269943237305e+00 -5.285371467471122742e-02 -9.807789156115837015e-02 -1.144796006495762825e-01 -8.353863848650152635e-01 -5.285874915320945000e-01
1.520530361601692915e+09 -1.140129208564758301e+00 1.160441398620605469e+00 -7.106845080852508545e-02 -1.052197001087770006e-01 -1.263292052355579342e-01 -8.151919316159733642e-01 -5.553664207005943876e-01
1.520530361651695251e+09 -1.103791594505310059e+00 1.150948405265808105e+00 -8.315096795558929443e-02 -1.088398488835902317e-01 -1.345530826734064878e-01 -7.906593265259254100e-01 -5.872879912067422437e-01
1.520530361701696157e+09 -1.065176248550415039e+00 1.137737154960632324e+00 -8.640319854021072388e-02 -1.121949912453222425e-01 -1.369113218599464776e-01 -7.629403469097025825e-01 -6.217632997719684251e-01
1.520530361751698017e+09 -1.022608518600463867e+00 1.123761653900146484e+00 -8.053364604711532593e-02 -1.149625408984530639e-01 -1.347344372581718019e-01 -7.343858501631892466e-01 -6.552157420933848453e-01
1.520530361801700115e+09 -9.800539016723632812e-01 1.104538321495056152e+00 -6.783403456211090088e-02 -1.121249240106899497e-01 -1.281253508410132858e-01 -7.083401469543770812e-01 -6.850300227728093327e-01
1.520530361851701021e+09 -9.339156150817871094e-01 1.088253855705261230e+00 -4.755966365337371826e-02 -1.013428399672810093e-01 -1.173377982287049925e-01 -6.835850341263588481e-01 -7.132131315481162748e-01
1.520530361901939392e+09 -8.832747340202331543e-01 1.072841167449951172e+00 -2.528634108603000641e-02 -8.361515639925157228e-02 -1.048843126361173467e-01 -6.590082841142986814e-01 -7.400782850833454996e-01
1.520530361951941252e+09 -8.304598331451416016e-01 1.058518886566162109e+00 3.138174768537282944e-03 -6.301060672076952418e-02 -9.299266504989162074e-02 -6.379391154217635140e-01 -7.618501904590543328e-01
1.520530362001942396e+09 -7.769775390625000000e-01 1.046540856361389160e+00 3.755742311477661133e-02 -4.227835964487802745e-02 -8.273225840624126581e-02 -6.197628838502859949e-01 -7.792700953625246729e-01
1.520530362051944256e+09 -7.240501642227172852e-01 1.037871956825256348e+00 7.739254832267761230e-02 -2.379926868004677079e-02 -7.101714845423615086e-02 -6.061696570325915134e-01 -7.918007996514745406e-01
1.520530362101945162e+09 -6.721375584602355957e-01 1.034917235374450684e+00 1.202268004417419434e-01 -3.381551995039734637e-03 -6.196905770011366249e-02 -5.972000454412882409e-01 -7.996877557639532341e-01
1.520530362151947260e+09 -6.224870681762695312e-01 1.035578608512878418e+00 1.648989170789718628e-01 1.469476395605276604e-02 -5.376272903009979981e-02 -5.912137497739173853e-01 -8.045868100819052460e-01
1.520530362201949358e+09 -5.708903074264526367e-01 1.044140219688415527e+00 2.090231329202651978e-01 2.934169824584982947e-02 -4.555079882676867087e-02 -5.863114333713157489e-01 -8.082716700270805577e-01
1.520530362251950264e+09 -5.200800895690917969e-01 1.058802485466003418e+00 2.507708966732025146e-01 4.307475516827822398e-02 -3.689137701281157422e-02 -5.826601157136642728e-01 -8.107347169856676805e-01
1.520530362301951408e+09 -4.679151475429534912e-01 1.078141450881958008e+00 2.880625128746032715e-01 5.488785745950650052e-02 -3.076809281777234673e-02 -5.824365037984539084e-01 -8.104371453795139457e-01
1.520530362351623297e+09 -4.138590395450592041e-01 1.101334571838378906e+00 3.174900412559509277e-01 6.059598023426387980e-02 -2.767647359851172981e-02 -5.853231996317381780e-01 -8.080587181396311491e-01
1.520530362401625156e+09 -3.593174517154693604e-01 1.128851413726806641e+00 3.370071947574615479e-01 5.999807700627336066e-02 -2.730174034051915596e-02 -5.903716971632241295e-01 -8.044352708071312863e-01
1.520530362451626301e+09 -2.994561791419982910e-01 1.161225438117980957e+00 3.488759696483612061e-01 5.609111496982983197e-02 -2.607579732870689976e-02 -5.985285848025686528e-01 -7.987098176367608549e-01
1.520530362501628160e+09 -2.437402158975601196e-01 1.196805477142333984e+00 3.506384789943695068e-01 5.428072705089427574e-02 -2.280946404287828577e-02 -6.094277979171844883e-01 -7.906523193836303420e-01
1.520530362551629305e+09 -1.906467974185943604e-01 1.234669446945190430e+00 3.455883562564849854e-01 5.359399127751003633e-02 -1.596885676412745925e-02 -6.237144844045001690e-01 -7.796492298826577239e-01
1.520530362601631403e+09 -1.397567838430404663e-01 1.273540973663330078e+00 3.362728953361511230e-01 5.020038847908842028e-02 -7.307705486484910792e-03 -6.354734507508696950e-01 -7.704544190462232489e-01
1.520530362651727200e+09 -8.838096261024475098e-02 1.313655853271484375e+00 3.251651227474212646e-01 3.979430682845864348e-02 -2.384914528537498241e-04 -6.444929777666932313e-01 -7.635739373991820012e-01
1.520530362701634407e+09 -4.031337052583694458e-02 1.350316882133483887e+00 3.106596171855926514e-01 2.190754032563745068e-02 5.353494850371707603e-04 -6.517497982652494803e-01 -7.581173877039201203e-01
1.520530362751363993e+09 7.394729647785425186e-03 1.383896112442016602e+00 2.953401803970336914e-01 -1.747821653340771554e-03 -4.112150432626152964e-03 -6.554908016980519614e-01 -7.551899391726116795e-01
1.520530362801365852e+09 5.189355835318565369e-02 1.414613246917724609e+00 2.790130674839019775e-01 -2.916065608924246072e-02 -9.194820549107111593e-03 -6.562857220884079634e-01 -7.538926729942475591e-01
1.520530362851366758e+09 9.525136649608612061e-02 1.440189838409423828e+00 2.637028396129608154e-01 -5.199549201358807243e-02 -1.711933266794993247e-02 -6.518171842900875035e-01 -7.563978817549735778e-01
1.520530362901368856e+09 1.400341689586639404e-01 1.461719870567321777e+00 2.527788579463958740e-01 -7.018700625655958925e-02 -2.461132094182063787e-02 -6.481115484263261228e-01 -7.579046693553682656e-01
1.520530362951369762e+09 1.869749724864959717e-01 1.477904796600341797e+00 2.498082816600799561e-01 -8.330854849468655177e-02 -2.966178235630359539e-02 -6.474027096640230239e-01 -7.570003936160379920e-01
1.520530363001371861e+09 2.377329319715499878e-01 1.487470984458923340e+00 2.544042468070983887e-01 -9.035383430950563732e-02 -2.900267052381397606e-02 -6.497579468549248283e-01 -7.541946964988086588e-01
1.520530363051373959e+09 2.901077866554260254e-01 1.492268323898315430e+00 2.667139172554016113e-01 -9.483238352952368111e-02 -1.801621363348287000e-02 -6.552889973064152107e-01 -7.491852675337222767e-01
1.520530363101374865e+09 3.436927795410156250e-01 1.492250204086303711e+00 2.842369079589843750e-01 -9.505891686724063372e-02 -1.024398591277341257e-03 -6.601475994650159995e-01 -7.450958997687009422e-01
1.520530363151649952e+09 3.978352844715118408e-01 1.486609816551208496e+00 3.066070079803466797e-01 -8.822357615703410594e-02 1.635300733395087663e-02 -6.613562673995659891e-01 -7.446858850095880999e-01
1.520530363201650858e+09 4.474469125270843506e-01 1.474201440811157227e+00 3.319596052169799805e-01 -7.836669564779351338e-02 3.360311263575685436e-02 -6.599399347501021529e-01 -7.464641815629640131e-01
1.520530363251652956e+09 4.961536526679992676e-01 1.455769777297973633e+00 3.573854863643646240e-01 -7.007180504533898346e-02 4.738660634766023866e-02 -6.562681424365911509e-01 -7.497710163105573145e-01
1.520530363301653862e+09 5.398009419441223145e-01 1.432218551635742188e+00 3.791376054286956787e-01 -6.604707725604916368e-02 5.540084247818932023e-02 -6.525092463614208249e-01 -7.528613508817484368e-01
1.520530363351655722e+09 5.826801061630249023e-01 1.404491662979125977e+00 3.979690074920654297e-01 -6.497474556901229603e-02 5.975618399325831331e-02 -6.463004744869277340e-01 -7.579598786154702061e-01
1.520530363401658058e+09 6.237976551055908203e-01 1.371805667877197266e+00 4.123314917087554932e-01 -6.611879216935699632e-02 6.688538986300376910e-02 -6.374312088496215667e-01 -7.647457773204435760e-01
1.520530363451658964e+09 6.658295989036560059e-01 1.334710001945495605e+00 4.228104352951049805e-01 -6.748091104950584840e-02 7.549579078481777339e-02 -6.261472400906885616e-01 -7.731017694615097691e-01
1.520530363501660824e+09 7.088826894760131836e-01 1.293641567230224609e+00 4.275700449943542480e-01 -6.893153819431659113e-02 7.941288023771415905e-02 -6.107174387115869019e-01 -7.848351722164821354e-01
1.520530363551745415e+09 7.520979642868041992e-01 1.248375415802001953e+00 4.251546263694763184e-01 -7.226446111987919196e-02 7.903815632057653584e-02 -5.922915805234376663e-01 -7.985746684847609966e-01
1.520530363601746321e+09 7.932453751564025879e-01 1.199800252914428711e+00 4.134854972362518311e-01 -7.627983388471412662e-02 7.786769417036426555e-02 -5.708839891235397701e-01 -8.137625452854815311e-01
1.520530363651748180e+09 8.328465819358825684e-01 1.150105357170104980e+00 3.942288756370544434e-01 -7.710953653085016180e-02 7.691086680306657986e-02 -5.455505146618734313e-01 -8.309714037773883177e-01
1.520530363701749325e+09 8.701615929603576660e-01 1.098564267158508301e+00 3.703449964523315430e-01 -7.401440233440824412e-02 7.799333271632964693e-02 -5.188896614564133536e-01 -8.480521372725434714e-01
1.520530363751751184e+09 9.049670100212097168e-01 1.044739723205566406e+00 3.433031141757965088e-01 -7.065021670942064902e-02 7.830188067865066770e-02 -4.872216361075045188e-01 -8.668866359967863922e-01
1.520530363801753283e+09 9.359986782073974609e-01 9.888054132461547852e-01 3.148803412914276123e-01 -7.214736607753757802e-02 8.079942690491173640e-02 -4.528125316952061885e-01 -8.850011419877884533e-01
1.520530363851754427e+09 9.618493318557739258e-01 9.296047091484069824e-01 2.851072549819946289e-01 -7.837359117966498367e-02 8.217071973920375694e-02 -4.145251551780159138e-01 -9.029254945718310221e-01
1.520530363901756287e+09 9.782231450080871582e-01 8.682247996330261230e-01 2.518187165260314941e-01 -8.880314473991368640e-02 8.051619223594563834e-02 -3.720998255674625166e-01 -9.204199389869768266e-01
1.520530363951779842e+09 9.851792454719543457e-01 8.070480227470397949e-01 2.157071083784103394e-01 -1.018427457055981339e-01 7.673499700586469685e-02 -3.299273238460642688e-01 -9.353543480208071914e-01
1.520530364001782179e+09 9.839957952499389648e-01 7.479594349861145020e-01 1.775456815958023071e-01 -1.161056798812614699e-01 7.108156928106866557e-02 -2.860526958092984851e-01 -9.484939308335524899e-01
1.520530364051784039e+09 9.736775755882263184e-01 6.914044022560119629e-01 1.373817026615142822e-01 -1.306886931805248953e-01 6.186634489140287185e-02 -2.420344429151227439e-01 -9.594333480171048922e-01
1.520530364101784945e+09 9.547073245048522949e-01 6.395808458328247070e-01 9.589961171150207520e-02 -1.479886640217776272e-01 4.991327290180548604e-02 -1.974019731567946134e-01 -9.678018813285513833e-01
1.520530364151786089e+09 9.253886938095092773e-01 5.926584601402282715e-01 5.281923338770866394e-02 -1.673501608426714027e-01 4.379791093248087269e-02 -1.533065165414979614e-01 -9.729197185018884086e-01
1.520530364201787949e+09 8.957703709602355957e-01 5.453439950942993164e-01 1.453745365142822266e-02 -1.849168025351493050e-01 4.405128051981938020e-02 -1.086845805804200760e-01 -9.757319933100477849e-01
1.520530364251789093e+09 8.614035248756408691e-01 5.025833845138549805e-01 -2.081463299691677094e-02 -1.981472748421163887e-01 4.106413733408435796e-02 -6.430781883825073542e-02 -9.771979832837954794e-01
1.520530364301790953e+09 8.224412202835083008e-01 4.661537110805511475e-01 -5.002620816230773926e-02 -2.077995775632593412e-01 3.509401678492327092e-02 -2.319456548765566270e-02 -9.772664721979719138e-01
1.520530364351791859e+09 7.797171473503112793e-01 4.366534352302551270e-01 -7.183057814836502075e-02 -2.167777130413691689e-01 2.349192472990377714e-02 1.616600535329590360e-02 -9.758043927304055343e-01
1.520530364401853085e+09 7.351171374320983887e-01 4.141007661819458008e-01 -8.639968186616897583e-02 -2.251951642466988590e-01 1.545245164699423149e-02 5.145417407501862161e-02 -9.728313459733178847e-01
1.520530364451853991e+09 6.900218725204467773e-01 3.957682847976684570e-01 -9.474557638168334961e-02 -2.334680157098518449e-01 1.263393127041079547e-02 9.057102701241089016e-02 -9.680547290763451551e-01
1.520530364501855850e+09 6.501280069351196289e-01 3.771161139011383057e-01 -9.693756699562072754e-02 -2.396034737735570630e-01 1.792179301932663935e-02 1.328796805380414170e-01 -9.615674574312115253e-01
1.520530364551857948e+09 6.088235378265380859e-01 3.627842366695404053e-01 -9.316886216402053833e-02 -2.425278633701187514e-01 2.306051236315850850e-02 1.803548827290674950e-01 -9.529536004100398472e-01
1.520530364601858854e+09 5.674491524696350098e-01 3.503453135490417480e-01 -8.541779965162277222e-02 -2.419516636244763708e-01 2.816192868670839428e-02 2.296836275579387798e-01 -9.422906820476465439e-01
1.520530364651860714e+09 5.275495052337646484e-01 3.368381261825561523e-01 -7.205932587385177612e-02 -2.371689591827297050e-01 3.555020934467089527e-02 2.772990067277842363e-01 -9.303721450492350442e-01
1.520530364701862097e+09 4.900877773761749268e-01 3.224378824234008789e-01 -5.424518883228302002e-02 -2.275286492243784875e-01 4.019117511222064509e-02 3.208090788044841157e-01 -9.185297590072121210e-01
1.520530364751863956e+09 4.553738236427307129e-01 3.052673935890197754e-01 -3.294362872838973999e-02 -2.126182519678515015e-01 4.096445915759599349e-02 3.606615156318099813e-01 -9.072147833662250749e-01
1.520530364802375555e+09 4.226030111312866211e-01 2.851504087448120117e-01 -7.414650171995162964e-03 -1.908209175253706980e-01 3.772348538796811007e-02 3.980735541187456206e-01 -8.964941503413335067e-01
1.520530364852377653e+09 3.939176499843597412e-01 2.621328532695770264e-01 2.345434017479419708e-02 -1.634889426075809837e-01 3.031653693952451184e-02 4.311129142325300645e-01 -8.868449291815254654e-01
1.520530364902378559e+09 3.658406138420104980e-01 2.454770058393478394e-01 5.858800932765007019e-02 -1.343282541242832862e-01 1.726594851221769505e-02 4.594287040496374264e-01 -8.778286125783131277e-01
1.520530364952380419e+09 3.465306758880615234e-01 2.238704562187194824e-01 1.065732836723327637e-01 -1.059884955288818292e-01 3.669693151241232992e-03 4.787393233864977726e-01 -8.715283313875333837e-01
1.520530365002382755e+09 3.368080258369445801e-01 1.859570592641830444e-01 1.550971716642379761e-01 -8.438852136160522599e-02 -9.858625598415448471e-03 4.959428138066313552e-01 -8.641887006882658095e-01
1.520530365052383661e+09 3.268668949604034424e-01 1.539214253425598145e-01 2.069059014320373535e-01 -7.170308884405010574e-02 -1.676107327701884669e-02 5.156934087294072766e-01 -8.536029766032152688e-01
1.520530365102385521e+09 3.174557089805603027e-01 1.222220808267593384e-01 2.513831555843353271e-01 -6.807122635104199959e-02 -1.205030835193733954e-02 5.295931316065201067e-01 -8.454301941419455346e-01
1.520530365152386665e+09 3.080477118492126465e-01 8.424726128578186035e-02 2.857860028743743896e-01 -6.998769567684746951e-02 -5.513870330470565552e-03 5.356557681131381976e-01 -8.415130526468068695e-01
1.520530365201843739e+09 2.977015972137451172e-01 4.200024157762527466e-02 3.099378347396850586e-01 -7.181311176796123519e-02 -2.885545980410405848e-03 5.389737320261929199e-01 -8.392507770555561741e-01
1.520530365251845837e+09 2.836035192012786865e-01 -8.131304755806922913e-03 3.262329399585723877e-01 -6.832688229397262947e-02 -3.627816176714378660e-03 5.417104902084105555e-01 -8.377756387625133749e-01
1.520530365301846504e+09 2.663997113704681396e-01 -6.323319673538208008e-02 3.402595818042755127e-01 -5.776849817804238785e-02 -5.175493839849379038e-03 5.408330263579953501e-01 -8.391279118717356322e-01
1.520530365351848841e+09 2.506886124610900879e-01 -1.233989894390106201e-01 3.490799665451049805e-01 -4.329249169045361334e-02 -2.141724992723359044e-03 5.347017530028301824e-01 -8.439284380283603726e-01
1.520530365401849747e+09 2.341187298297882080e-01 -1.861637681722640991e-01 3.499669730663299561e-01 -3.298658705443150568e-02 1.465053919605164602e-03 5.239127600926830608e-01 -8.511316928088038525e-01
1.520530365451851606e+09 2.165373414754867554e-01 -2.524568140506744385e-01 3.436699211597442627e-01 -2.980784647945237953e-02 5.498117328942482909e-03 5.132693239139490826e-01 -8.576921732900517625e-01
1.520530365501852751e+09 2.002738267183303833e-01 -3.177541196346282959e-01 3.317736387252807617e-01 -3.290252860205618995e-02 1.043533633689528242e-02 5.008061113624935334e-01 -8.648709534890764994e-01
1.520530365551854610e+09 1.854457259178161621e-01 -3.821170628070831299e-01 3.150439262390136719e-01 -3.869708232512164559e-02 1.447183071632549521e-02 4.849492879426018366e-01 -8.735658475805955225e-01
1.520530365601534843e+09 1.714380383491516113e-01 -4.451369345188140869e-01 2.972167730331420898e-01 -4.375033398025498371e-02 2.280919597638544211e-02 4.688968897436680550e-01 -8.818737753466997509e-01
1.520530365651536942e+09 1.605938076972961426e-01 -5.064728260040283203e-01 2.783068418502807617e-01 -4.774921151888859155e-02 3.591621489973283871e-02 4.536329880098681766e-01 -8.891834178030083580e-01
1.520530365701538801e+09 1.495696306228637695e-01 -5.622602105140686035e-01 2.597532272338867188e-01 -5.218875614953754488e-02 4.935320682543475890e-02 4.400246599638720779e-01 -8.951083137426938396e-01
1.520530365751539707e+09 1.360823810100555420e-01 -6.188884377479553223e-01 2.435684502124786377e-01 -5.799895812340311735e-02 6.134851931846652812e-02 4.295042392126729447e-01 -8.991098867949202100e-01
1.520530365801545858e+09 1.199610605835914612e-01 -6.718674898147583008e-01 2.296161651611328125e-01 -6.469512616884758038e-02 7.367987800997097270e-02 4.227548167152493375e-01 -9.009240707021255457e-01
1.520530365851542950e+09 1.004203483462333679e-01 -7.223194241523742676e-01 2.197119444608688354e-01 -6.925967813225519798e-02 8.734304865575716337e-02 4.180323022060675742e-01 -9.015671262578452971e-01
1.520530365901544809e+09 7.770232856273651123e-02 -7.695550918579101562e-01 2.139572650194168091e-01 -6.932336721528178924e-02 9.835531398660848912e-02 4.137734999844067119e-01 -9.023923723520634876e-01
1.520530365951545954e+09 5.237555876374244690e-02 -8.189366459846496582e-01 2.121033221483230591e-01 -6.182409289500340188e-02 1.048799204351027747e-01 4.097961080703785286e-01 -9.040161135940042447e-01
1.520530366001907587e+09 1.840984262526035309e-02 -8.653134703636169434e-01 2.224633097648620605e-01 -4.574375138065434054e-02 1.097609677410325280e-01 4.060645024424742178e-01 -9.060748639192696130e-01
1.520530366051908493e+09 -1.965539157390594482e-02 -9.039433598518371582e-01 2.394889146089553833e-01 -2.488566753732871298e-02 1.115080185940561519e-01 4.047424498327625852e-01 -9.072652394111784258e-01
1.520530366101910591e+09 -6.483104825019836426e-02 -9.422920346260070801e-01 2.623448371887207031e-01 -3.286795925778526663e-03 1.103304696182442063e-01 4.119772324084460258e-01 -9.044839105387322276e-01
1.520530366151911497e+09 -1.150289997458457947e-01 -9.690068364143371582e-01 2.866580188274383545e-01 1.685094640832133020e-02 1.086726110105550591e-01 4.289580567592687355e-01 -8.966054286934719286e-01
1.520530366201913357e+09 -1.689765006303787231e-01 -9.836861491203308105e-01 3.107388615608215332e-01 3.568971139738807974e-02 1.097567001614519755e-01 4.501350798200633441e-01 -8.854705648328607959e-01
1.520530366251915693e+09 -2.246092855930328369e-01 -9.871266484260559082e-01 3.294772803783416748e-01 5.121919516430792352e-02 1.115311750918469014e-01 4.726684647160273589e-01 -8.726522294089129606e-01
1.520530366301916599e+09 -2.803832292556762695e-01 -9.797726273536682129e-01 3.416284620761871338e-01 6.234696132436327864e-02 1.129702410695520021e-01 4.968669413677530011e-01 -8.581805309037019436e-01
1.520530366351918459e+09 -3.393155038356781006e-01 -9.689647555351257324e-01 3.454714715480804443e-01 6.915843004844900166e-02 1.133836428784133349e-01 5.228770010877017427e-01 -8.419981608141349216e-01
1.520530366402119875e+09 -3.992742896080017090e-01 -9.544521570205688477e-01 3.413595557212829590e-01 7.365701137403202203e-02 1.146934297734703706e-01 5.483095489439938630e-01 -8.250919345012880379e-01
1.520530366452121735e+09 -4.596811532974243164e-01 -9.371510744094848633e-01 3.303756117820739746e-01 7.629271514947986998e-02 1.170620235182385782e-01 5.719624696500047456e-01 -8.082913073742677978e-01
1.520530366502123594e+09 -5.213837027549743652e-01 -9.187784194946289062e-01 3.135970830917358398e-01 7.479478597527992878e-02 1.175729245326452288e-01 5.953712608601475775e-01 -7.912745472650761780e-01
1.520530366552124739e+09 -5.804972052574157715e-01 -8.998761177062988281e-01 2.915644347667694092e-01 6.721623543196011963e-02 1.154774351175418406e-01 6.203296967089309000e-01 -7.728764500578569896e-01
1.520530366602126598e+09 -6.375240683555603027e-01 -8.757228255271911621e-01 2.658735513687133789e-01 5.752876978160605809e-02 1.137995984730901800e-01 6.467241456172104774e-01 -7.519893426841018913e-01
1.520530366652127504e+09 -6.915116310119628906e-01 -8.480377197265625000e-01 2.381020486354827881e-01 4.941164369605794554e-02 1.142975771729374396e-01 6.730133349483858884e-01 -7.290731131383889618e-01
1.520530366702129841e+09 -7.423875927925109863e-01 -8.176573514938354492e-01 2.100958973169326782e-01 3.899366033674072501e-02 1.163721903447293426e-01 7.005703444967188442e-01 -7.029496427054086061e-01
1.520530366752131701e+09 -7.871719598770141602e-01 -7.837222218513488770e-01 1.816858351230621338e-01 2.583102195441223589e-02 1.203227579726999508e-01 7.251531123325202222e-01 -6.775014065617082082e-01
1.520530366802132607e+09 -8.266097307205200195e-01 -7.481895685195922852e-01 1.543931514024734497e-01 9.510184145759435423e-03 1.266237133740007736e-01 7.491163819561764692e-01 -6.501543185227492971e-01
1.520530366852165699e+09 -8.602030873298645020e-01 -7.092338204383850098e-01 1.289302855730056763e-01 -5.168731983040398409e-03 1.376573966843289976e-01 7.720265577281888447e-01 -6.204826504505538409e-01
1.520530366902166605e+09 -8.885060548782348633e-01 -6.662498116493225098e-01 1.052432507276535034e-01 -1.693354325224797827e-02 1.505007712253378094e-01 7.928015423347363200e-01 -5.903630132767176963e-01
1.520530366952168703e+09 -9.132154583930969238e-01 -6.187593340873718262e-01 8.468463271856307983e-02 -2.842793238117008459e-02 1.585079773024247185e-01 8.137702996082448736e-01 -5.584308133220560189e-01
1.520530367002169609e+09 -9.375783801078796387e-01 -5.730872750282287598e-01 6.731779128313064575e-02 -3.990727144991320502e-02 1.598676086781851136e-01 8.350520425521187340e-01 -5.249169873517870455e-01
1.520530367052171707e+09 -9.621132016181945801e-01 -5.281755328178405762e-01 5.565675348043441772e-02 -5.063130603861089318e-02 1.565342181899996299e-01 8.566149333679974331e-01 -4.890238903319666930e-01
1.520530367102177620e+09 -9.855759739875793457e-01 -4.856016039848327637e-01 5.111635103821754456e-02 -5.916922091344588991e-02 1.510767023334197434e-01 8.765148408479663811e-01 -4.532069803983818645e-01
1.520530367152174711e+09 -1.009956121444702148e+00 -4.461502432823181152e-01 5.435422062873840332e-02 -6.835921520010004859e-02 1.417771806634172960e-01 8.949632207678529516e-01 -4.174530898354812392e-01
1.520530367202176571e+09 -1.035178065299987793e+00 -4.100156128406524658e-01 6.577450037002563477e-02 -7.834736518466731137e-02 1.290325740671582344e-01 9.107911023664569949e-01 -3.842809558751483223e-01
1.520530367252539635e+09 -1.062620520591735840e+00 -3.768459260463714600e-01 8.627273887395858765e-02 -8.810753175780153268e-02 1.151709977534977336e-01 9.241097360209205025e-01 -3.535447636655883463e-01
1.520530367302540541e+09 -1.092155575752258301e+00 -3.474317491054534912e-01 1.127597913146018982e-01 -9.185889703143193530e-02 1.031109719688166615e-01 9.351641123243676912e-01 -3.261872982143726452e-01
1.520530367352542639e+09 -1.126811742782592773e+00 -3.209154307842254639e-01 1.416650563478469849e-01 -9.080211939447643821e-02 9.015416479621954360e-02 9.442629761466924121e-01 -3.033061713219146194e-01
1.520530367402544737e+09 -1.163424730300903320e+00 -2.978172302246093750e-01 1.739810407161712646e-01 -8.915817401401147924e-02 7.114945828860683164e-02 9.517653821655799318e-01 -2.848354470618649770e-01
1.520530367452545643e+09 -1.201895236968994141e+00 -2.780212461948394775e-01 2.068274468183517456e-01 -8.674457400260150719e-02 4.884938744218698253e-02 9.568745793205140071e-01 -2.729105268724896227e-01
1.520530367502547503e+09 -1.244618654251098633e+00 -2.610115706920623779e-01 2.362546920776367188e-01 -8.370225366666478317e-02 2.868380036555707308e-02 9.591991317066039802e-01 -2.685296967953583747e-01
1.520530367552548647e+09 -1.291244983673095703e+00 -2.460619956254959106e-01 2.609710395336151123e-01 -8.321409515890697273e-02 1.202464546729768193e-02 9.600503263991223557e-01 -2.668973455267193984e-01
1.520530367602550507e+09 -1.341510891914367676e+00 -2.315949350595474243e-01 2.800863087177276611e-01 -8.026729296496332156e-02 -2.019982873218628347e-04 9.601387705303289222e-01 -2.677511198879982679e-01
1.520530367652264357e+09 -1.394915699958801270e+00 -2.198501527309417725e-01 2.910535037517547607e-01 -7.544543283319474214e-02 -7.782921805730167418e-03 9.587572418067660251e-01 -2.739196306872874742e-01
1.520530367702266216e+09 -1.449937701225280762e+00 -2.090571969747543335e-01 2.943795621395111084e-01 -6.783442730623409633e-02 -8.111129259388720480e-03 9.560576972229830606e-01 -2.851076632341883466e-01
1.520530367752267361e+09 -1.506278872489929199e+00 -2.001504004001617432e-01 2.915454208850860596e-01 -6.035311864718236746e-02 -1.432290643349196308e-03 9.522672847579010114e-01 -2.992364750375305360e-01
1.520530367802269220e+09 -1.562517881393432617e+00 -1.930807828903198242e-01 2.821332514286041260e-01 -5.316655926634722418e-02 1.060105922213570341e-02 9.486072380737262666e-01 -3.117775527411866809e-01
1.520530367852271080e+09 -1.617860794067382812e+00 -1.884910464286804199e-01 2.703220248222351074e-01 -4.070132838087123922e-02 2.744288466789350164e-02 9.441981603766008702e-01 -3.256994379647892290e-01
1.520530367902272463e+09 -1.672170877456665039e+00 -1.864868253469467163e-01 2.593767940998077393e-01 -2.295779158060137423e-02 4.671366697084686215e-02 9.369336585188459132e-01 -3.456097403985734506e-01
1.520530367952274323e+09 -1.724976658821105957e+00 -1.854381412267684937e-01 2.506550550460815430e-01 -4.218040187736125414e-03 6.420012088439240594e-02 9.276115207961836973e-01 -3.679638828765608438e-01
1.520530368002275467e+09 -1.776714444160461426e+00 -1.827936172485351562e-01 2.455467730760574341e-01 1.376992276489570274e-02 7.866653792518370214e-02 9.192292085475785024e-01 -3.855381008290972300e-01
1.520530368052124023e+09 -1.828489065170288086e+00 -1.777771413326263428e-01 2.417634576559066772e-01 3.057623981563881849e-02 9.059864147584918703e-02 9.134208423858830583e-01 -3.956252575563538598e-01
1.520530368102125168e+09 -1.878852963447570801e+00 -1.675234287977218628e-01 2.416864037513732910e-01 4.784399797063901283e-02 1.006471617642298866e-01 9.092649997297870268e-01 -4.010215218082200384e-01
1.520530368152127028e+09 -1.927176713943481445e+00 -1.499992907047271729e-01 2.447568327188491821e-01 6.256507158382350331e-02 1.083529635116206313e-01 9.063158968490951928e-01 -4.036542359923659951e-01
1.520530368202128887e+09 -1.974086880683898926e+00 -1.268659234046936035e-01 2.520071268081665039e-01 7.431568976732633169e-02 1.115390364305393206e-01 9.042811425761783095e-01 -4.053539648106020965e-01
1.520530368252130032e+09 -2.017798423767089844e+00 -9.852061420679092407e-02 2.634879946708679199e-01 8.441597031612482760e-02 1.073226531813928353e-01 9.048075470524674646e-01 -4.033349660847549423e-01
1.520530368302132130e+09 -2.056018829345703125e+00 -6.597822904586791992e-02 2.800054252147674561e-01 9.793113864113932310e-02 9.440562822988270153e-02 9.065431903416155679e-01 -3.995954372715190828e-01
1.520530368352133989e+09 -2.089734792709350586e+00 -2.839679457247257233e-02 3.006777763366699219e-01 1.127168098094216142e-01 7.381410467430248035e-02 9.102215237466376729e-01 -3.915905724680649458e-01
1.520530368402135134e+09 -2.115628004074096680e+00 1.449575740844011307e-02 3.234769105911254883e-01 1.251382410465669004e-01 4.944462230419057608e-02 9.172674139289921369e-01 -3.748548269623670492e-01
1.520530368452048540e+09 -2.131016254425048828e+00 6.148350983858108521e-02 3.444465696811676025e-01 1.349509468936624101e-01 2.794678057016537764e-02 9.278814528049088572e-01 -3.464725514797940553e-01
1.520530368502050400e+09 -2.136977910995483398e+00 1.111955419182777405e-01 3.595213294029235840e-01 1.452784547160414774e-01 1.427437373791325473e-02 9.397512731846578982e-01 -3.091245014513147038e-01
1.520530368552051306e+09 -2.136513710021972656e+00 1.655338406562805176e-01 3.674028813838958740e-01 1.533237311501252087e-01 5.611769073974023046e-03 9.529714048770979717e-01 -2.613538654786548010e-01
1.520530368602053404e+09 -2.128515243530273438e+00 2.206505089998245239e-01 3.702066540718078613e-01 1.546132043251781940e-01 -1.145140562155409032e-03 9.664701951287314463e-01 -2.050092866902025468e-01
1.520530368652054310e+09 -2.112504005432128906e+00 2.755202651023864746e-01 3.666931986808776855e-01 1.503644135783837321e-01 -7.350334883995148817e-03 9.770253282533223338e-01 -1.508576271118234891e-01
1.520530368702056170e+09 -2.091188669204711914e+00 3.289363980293273926e-01 3.573562502861022949e-01 1.458858806593789081e-01 -1.189275238747169484e-02 9.837759456554157067e-01 -1.037340880071748184e-01
1.520530368752057552e+09 -2.066236257553100586e+00 3.823016881942749023e-01 3.460772931575775146e-01 1.405686821353638039e-01 -1.192251073130277950e-02 9.884026198254310946e-01 -5.620107172299793757e-02
1.520530368802058220e+09 -2.041097164154052734e+00 4.349899888038635254e-01 3.296130597591400146e-01 1.329121954597025645e-01 -7.803047525204250337e-03 9.910615070433737017e-01 -8.399404997861709132e-03
1.520530368851388931e+09 -2.015358924865722656e+00 4.854129254817962646e-01 3.127776682376861572e-01 1.237955226731185521e-01 1.119497334389099857e-03 9.912962192035078557e-01 4.477969500385810958e-02
1.520530368901391029e+09 -1.985596537590026855e+00 5.341809391975402832e-01 3.001941740512847900e-01 1.095583626658275800e-01 1.493253611721286414e-02 9.875329486342384611e-01 1.120386535837419317e-01
1.520530368951391935e+09 -1.954695820808410645e+00 5.797175168991088867e-01 2.926584184169769287e-01 1.036447399583989015e-01 3.275024404510094855e-02 9.772383826967744325e-01 1.821821417651436903e-01
1.520530369001394033e+09 -1.922089338302612305e+00 6.219010949134826660e-01 2.900717556476593018e-01 1.001010952042507840e-01 4.729908532413380079e-02 9.625541975185871735e-01 2.474509731356062670e-01
1.520530369051394939e+09 -1.888981461524963379e+00 6.603502631187438965e-01 2.910256087779998779e-01 9.174810450899371916e-02 5.713742289235317073e-02 9.454138382992979261e-01 3.074252341243580156e-01
1.520530369101396799e+09 -1.855645298957824707e+00 6.953276991844177246e-01 2.927048206329345703e-01 7.690114305659730143e-02 6.404202991386369337e-02 9.234423370471210868e-01 3.704579365461777574e-01
1.520530369151397943e+09 -1.822724580764770508e+00 7.281751036643981934e-01 2.963888049125671387e-01 5.700643438953580111e-02 6.558713723503252491e-02 8.947719469842039253e-01 4.379860234728974455e-01
1.520530369201399803e+09 -1.787580132484436035e+00 7.569262385368347168e-01 2.997045516967773438e-01 3.535908661615133619e-02 6.226190250075850502e-02 8.588600934141475962e-01 5.071809641846777295e-01
1.520530369251400709e+09 -1.751952886581420898e+00 7.830437421798706055e-01 3.015671968460083008e-01 1.808393477307819117e-02 5.693947634893092163e-02 8.186055641968856822e-01 5.712405776922112599e-01
1.520530369301536798e+09 -1.714496254920959473e+00 8.057458996772766113e-01 3.024728894233703613e-01 6.474969269284805082e-03 5.562132447801530072e-02 7.786436468158483004e-01 6.249627303364495567e-01
1.520530369351537704e+09 -1.677139997482299805e+00 8.278316259384155273e-01 3.016577064990997314e-01 -8.612169771279724363e-04 5.680025359899387727e-02 7.397774557028751197e-01 6.704493310684922491e-01
1.520530369401540041e+09 -1.640661120414733887e+00 8.517912626266479492e-01 3.006734251976013184e-01 -1.364994496654327490e-03 5.708941919440454343e-02 7.068226002685743525e-01 7.050820851189179006e-01
1.520530369451541901e+09 -1.607819795608520508e+00 8.775750398635864258e-01 3.013003766536712646e-01 -2.181463431792435379e-03 5.640747083988362220e-02 6.783222030271226499e-01 7.325929479125323773e-01
1.520530369501542807e+09 -1.574234008789062500e+00 9.017597436904907227e-01 3.062350153923034668e-01 -5.215455585780271429e-03 5.349112210043242138e-02 6.463395100025867146e-01 7.611548703707317065e-01
1.520530369551544905e+09 -1.540449261665344238e+00 9.237106442451477051e-01 3.182094097137451172e-01 -1.015273941917081875e-02 5.203701155770489029e-02 6.008985606944315938e-01 7.975650387684944942e-01
1.520530369601545811e+09 -1.505479574203491211e+00 9.371706247329711914e-01 3.298373520374298096e-01 -1.109071952217169019e-02 4.916827549612021869e-02 5.516798089771245417e-01 8.325315999961692137e-01
1.520530369651547670e+09 -1.471544623374938965e+00 9.429655075073242188e-01 3.421435952186584473e-01 -1.048981106582039594e-02 4.569314366360861107e-02 5.056914627546544860e-01 8.614396351358567516e-01
1.520530369701896429e+09 -1.436779618263244629e+00 9.459928870201110840e-01 3.550375998020172119e-01 -1.170123316412367658e-02 4.558606615387100075e-02 4.656794459941753228e-01 8.837011063100529418e-01
1.520530369751898527e+09 -1.402573108673095703e+00 9.506487846374511719e-01 3.659135699272155762e-01 -1.162160759097367532e-02 4.900186540784418066e-02 4.326434132706303282e-01 9.001574486594506874e-01
1.520530369801900625e+09 -1.368157267570495605e+00 9.555895924568176270e-01 3.776676356792449951e-01 -5.506761298751970853e-03 5.373496118150849349e-02 4.083418493725389786e-01 9.112294790983415105e-01
1.520530369851901531e+09 -1.331960201263427734e+00 9.632264375686645508e-01 3.842494785785675049e-01 4.126284482178744009e-03 6.010625885072138491e-02 3.876761554546980237e-01 9.198246625934787257e-01
1.520530369901903391e+09 -1.296489238739013672e+00 9.710766077041625977e-01 3.869166672229766846e-01 9.646374134475508080e-03 6.476882443794551580e-02 3.656243455332285341e-01 9.284561297123212764e-01
1.520530369951905727e+09 -1.260043621063232422e+00 9.785131812095642090e-01 3.888203799724578857e-01 3.409597046459742192e-03 6.583570152661628871e-02 3.439689594450009436e-01 9.366639685558543205e-01
1.520530370001906633e+09 -1.224270343780517578e+00 9.887464642524719238e-01 3.931782841682434082e-01 -1.502056251365174212e-02 6.689942292538418600e-02 3.262036279113753046e-01 9.428096536690113716e-01
1.520530370051908493e+09 -1.185780644416809082e+00 1.000645041465759277e+00 4.019468724727630615e-01 -3.527283912215622985e-02 7.062475870387985299e-02 3.083743638417553723e-01 9.479837667404827917e-01
1.520530370101929903e+09 -1.148536562919616699e+00 1.012827038764953613e+00 4.138877689838409424e-01 -4.928733577798460885e-02 8.085243815664321099e-02 2.873319268986470054e-01 9.531390274040534294e-01
1.520530370151930809e+09 -1.111904263496398926e+00 1.026831030845642090e+00 4.297463297843933105e-01 -5.462169054300342053e-02 9.673043695214962601e-02 2.713875959092689749e-01 9.560379000206310485e-01
1.520530370201932907e+09 -1.074406862258911133e+00 1.041076898574829102e+00 4.405973851680755615e-01 -5.857621521527926062e-02 1.198356303798490813e-01 2.594524032858412377e-01 9.565002347787054937e-01
1.520530370251933813e+09 -1.033618330955505371e+00 1.055337071418762207e+00 4.493715465068817139e-01 -6.318795605113752822e-02 1.425424350070677304e-01 2.456489771905480402e-01 9.567369107741025003e-01
1.520530370301934719e+09 -9.917675256729125977e-01 1.069627046585083008e+00 4.581426382064819336e-01 -6.717767419712823707e-02 1.606190318549519103e-01 2.310166606512253640e-01 9.572460442315754436e-01
1.520530370351936817e+09 -9.477108120918273926e-01 1.085104227066040039e+00 4.657720029354095459e-01 -6.768258274163131694e-02 1.756337631685696843e-01 2.189375185993194250e-01 9.574122477690796273e-01
1.520530370401937723e+09 -9.038734436035156250e-01 1.100194931030273438e+00 4.720855951309204102e-01 -6.591465756974175527e-02 1.891648977791722530e-01 2.059718570888981193e-01 9.578347944468343922e-01
1.520530370451939821e+09 -8.589184284210205078e-01 1.115020990371704102e+00 4.784661531448364258e-01 -6.294125268288813801e-02 2.015557273035773200e-01 1.930367633193736387e-01 9.582016987612863579e-01
1.520530370501882792e+09 -8.128817677497863770e-01 1.129462122917175293e+00 4.865765571594238281e-01 -5.885061970152124372e-02 2.165463259910072602e-01 1.823582939804106740e-01 9.572824796668419900e-01
1.520530370551883698e+09 -7.651137113571166992e-01 1.143790602684020996e+00 4.946117699146270752e-01 -5.549588232506846852e-02 2.363619721568255283e-01 1.750093637183611772e-01 9.541619085742170103e-01
1.520530370601898670e+09 -7.173215150833129883e-01 1.157288193702697754e+00 5.009142756462097168e-01 -5.104027870802754774e-02 2.523845340123929692e-01 1.662016449019298181e-01 9.518791678425613245e-01
1.520530370651886702e+09 -6.685842871665954590e-01 1.171243667602539062e+00 5.089536905288696289e-01 -4.445025539859957797e-02 2.587285464998279050e-01 1.578918473810471679e-01 9.519211514362341253e-01
1.520530370701888561e+09 -6.186197400093078613e-01 1.185205340385437012e+00 5.160282850265502930e-01 -3.870264358937557103e-02 2.556821351823206356e-01 1.537304935135271056e-01 9.536748326824457944e-01
1.520530370751889706e+09 -5.682999491691589355e-01 1.197184085845947266e+00 5.198441147804260254e-01 -3.870141519430693455e-02 2.465270319071394545e-01 1.501057451136476317e-01 9.566581878000578465e-01
1.520530370801891565e+09 -5.178482532501220703e-01 1.207582712173461914e+00 5.199835896492004395e-01 -4.177855335903828821e-02 2.299112831086429776e-01 1.444392207112157878e-01 9.615262169586954455e-01
1.520530370851892471e+09 -4.668531715869903564e-01 1.216758370399475098e+00 5.188851356506347656e-01 -4.555533140620837695e-02 2.117084590349740947e-01 1.350409406128860179e-01 9.668858177219760153e-01
1.520530370901941061e+09 -4.182645380496978760e-01 1.224428892135620117e+00 5.158225893974304199e-01 -4.594517800393108087e-02 1.890695959772912549e-01 1.247386540474408889e-01 9.729244557937700710e-01
1.520530370951941967e+09 -3.695767521858215332e-01 1.230714440345764160e+00 5.106130242347717285e-01 -4.130717282507544857e-02 1.589387175738417313e-01 1.179424798224626147e-01 9.793476262198779203e-01
1.520530371001944065e+09 -3.204280734062194824e-01 1.236607789993286133e+00 5.059056878089904785e-01 -3.139690971375384138e-02 1.225664583055810358e-01 1.114794060761590960e-01 9.856794810585028932e-01
1.520530371051946163e+09 -2.733982205390930176e-01 1.239841699600219727e+00 5.009242892265319824e-01 -1.669050832859145933e-02 7.967853782677158936e-02 1.058522693311154811e-01 9.910439216396891293e-01
1.520530371101947308e+09 -2.289998680353164673e-01 1.239207625389099121e+00 4.973816871643066406e-01 1.548142563539471833e-04 3.455685350255573857e-02 9.640858039571101323e-02 9.947417682668364680e-01
1.520530371151949167e+09 -1.872062534093856812e-01 1.234682440757751465e+00 4.945897161960601807e-01 1.442869135867655764e-02 -1.469301233626239996e-03 8.778287862627498495e-02 9.960340457231597888e-01
1.520530371201950073e+09 -1.453247964382171631e-01 1.226794719696044922e+00 4.945910274982452393e-01 2.500654797863247070e-02 -2.542461682656005709e-02 7.434899481367354679e-02 9.965944452923722885e-01
1.520530371251952171e+09 -1.053746566176414490e-01 1.218983530998229980e+00 4.963879585266113281e-01 3.673906539812650529e-02 -4.864539839195446830e-02 6.213208890100690995e-02 9.962045321206673965e-01
1.520530371301953077e+09 -6.629764288663864136e-02 1.211849927902221680e+00 4.989446103572845459e-01 4.426497979258199600e-02 -7.251957825601881846e-02 5.344397218079915968e-02 9.949498802306926404e-01
1.520530371351951122e+09 -2.714231796562671661e-02 1.203611373901367188e+00 5.016434788703918457e-01 4.294202854569701550e-02 -1.015403183886989663e-01 4.201669631701329677e-02 9.930156812238696284e-01
1.520530371401953459e+09 1.169070880860090256e-02 1.193015336990356445e+00 5.043185949325561523e-01 3.351600339383913746e-02 -1.366953201225111769e-01 2.661086516656334736e-02 9.896882988235210510e-01
1.520530371451954365e+09 4.636387154459953308e-02 1.178600430488586426e+00 5.072860717773437500e-01 2.416216834416812925e-02 -1.719037490421441994e-01 1.148507402960749491e-02 9.847504169893496195e-01
1.520530371501956224e+09 8.222740143537521362e-02 1.163520455360412598e+00 5.082660317420959473e-01 2.503899721484319219e-02 -2.023645529571346802e-01 9.315767751101839767e-04 9.789896672026963120e-01
1.520530371551958323e+09 1.169649511575698853e-01 1.145634889602661133e+00 5.059852600097656250e-01 2.980324456396868382e-02 -2.239771208880391162e-01 -9.484590422882710828e-03 9.740924280973931593e-01
1.520530371601959229e+09 1.515444815158843994e-01 1.126923561096191406e+00 5.031652450561523438e-01 3.821922814147337560e-02 -2.358293369170985920e-01 -2.164621637273606361e-02 9.708013472210761385e-01
1.520530371651961327e+09 1.799322068691253662e-01 1.103577017784118652e+00 4.989372491836547852e-01 4.857275403379029965e-02 -2.414448295136730482e-01 -3.565794804526296879e-02 9.685419932082900418e-01
1.520530371701962233e+09 2.086117714643478394e-01 1.079954862594604492e+00 4.952956736087799072e-01 5.702807992412275984e-02 -2.426155142891421868e-01 -5.142574672741907771e-02 9.670785401920105606e-01
1.520530371751958847e+09 2.417392283678054810e-01 1.057577013969421387e+00 4.934322237968444824e-01 6.210932650106128911e-02 -2.390646994786200241e-01 -7.975195797302020440e-02 9.657277702459690083e-01
1.520530371801960707e+09 2.658597528934478760e-01 1.030932664871215820e+00 4.945541322231292725e-01 6.017926125977225010e-02 -2.333271869311157876e-01 -1.185187209144285547e-01 9.632705710992359727e-01
1.520530371851962805e+09 2.802994847297668457e-01 1.002625584602355957e+00 4.980090558528900146e-01 4.911609814359976789e-02 -2.235314135248046008e-01 -1.594561213857638160e-01 9.603098778120319201e-01
1.520530371901963949e+09 2.896691262722015381e-01 9.748485088348388672e-01 5.028520822525024414e-01 3.262701471595881586e-02 -2.058304596970810529e-01 -2.016415646756874458e-01 9.570318590134568870e-01
1.520530371951965809e+09 2.958100736141204834e-01 9.493726491928100586e-01 5.068928003311157227e-01 1.535224386589161862e-02 -1.810220147679278135e-01 -2.464515168296348424e-01 9.519753088342230996e-01
1.520530372001967669e+09 3.015730679035186768e-01 9.256433844566345215e-01 5.091246366500854492e-01 -3.045080338013231693e-04 -1.537053043709162570e-01 -2.947679862978679344e-01 9.431258775672531902e-01
1.520530372051968813e+09 3.065191209316253662e-01 9.024509787559509277e-01 5.121675729751586914e-01 -1.439361272358046645e-02 -1.314228388337631559e-01 -3.392018153863487484e-01 9.313769321731366624e-01
1.520530372101970673e+09 3.141313791275024414e-01 8.794736862182617188e-01 5.164090991020202637e-01 -2.610235353230381389e-02 -1.122083015546290752e-01 -3.760928932210239606e-01 9.193922448394588054e-01
1.520530372151955128e+09 3.251146972179412842e-01 8.563409447669982910e-01 5.221009850502014160e-01 -3.380404003957867415e-02 -9.557288782601368327e-02 -4.044892148499810158e-01 9.089068076869292190e-01
1.520530372201977015e+09 3.435826301574707031e-01 8.332043886184692383e-01 5.298361182212829590e-01 -3.799879752440864927e-02 -7.873936388160231170e-02 -4.236678588444112159e-01 9.015884589680659422e-01
1.520530372251958132e+09 3.696136176586151123e-01 8.103054761886596680e-01 5.398464798927307129e-01 -4.251639121565251034e-02 -6.579237352569211605e-02 -4.346814997639978917e-01 8.971709501687928912e-01
1.520530372301959991e+09 4.043591916561126709e-01 7.866095900535583496e-01 5.543742179870605469e-01 -4.995046858734473322e-02 -5.491007415226191457e-02 -4.401819942484392345e-01 8.948349827671943091e-01
1.520530372351960897e+09 4.433582723140716553e-01 7.620396018028259277e-01 5.700784325599670410e-01 -5.769447238842208281e-02 -4.267590866668199284e-02 -4.451428653035703342e-01 8.925793769433741920e-01
1.520530372401962996e+09 4.870663285255432129e-01 7.376727461814880371e-01 5.826132893562316895e-01 -6.154071733834529101e-02 -2.727526161011548100e-02 -4.442623724943506325e-01 8.933642843763524022e-01
1.520530372451963902e+09 5.354107618331909180e-01 7.136122584342956543e-01 5.909187793731689453e-01 -6.086511614684145949e-02 -1.006010777872050517e-02 -4.367271151863895695e-01 8.974762719586998339e-01
1.520530372501966000e+09 5.861386060714721680e-01 6.875909566879272461e-01 5.945932269096374512e-01 -5.992668977990139867e-02 2.917969187694419327e-03 -4.265811820279962752e-01 9.024570751273661706e-01
1.520530372551956415e+09 6.382061839103698730e-01 6.599856615066528320e-01 5.924991369247436523e-01 -6.176173034333091311e-02 1.185012741285057340e-02 -4.147832205522148930e-01 9.077444260878884119e-01
1.520530372601958513e+09 6.923877000808715820e-01 6.290994286537170410e-01 5.842175483703613281e-01 -6.730638906125167853e-02 1.652591605946654441e-02 -3.975791465750266318e-01 9.149467559910819947e-01
1.520530372651960373e+09 7.479217052459716797e-01 5.960772037506103516e-01 5.702838897705078125e-01 -7.326739985209454464e-02 2.096077042933794030e-02 -3.756237902943659890e-01 9.236337490514386905e-01
1.520530372701961279e+09 8.022800087928771973e-01 5.631883740425109863e-01 5.496274232864379883e-01 -8.030937484860119213e-02 2.676109182172784623e-02 -3.521282617110855218e-01 9.321158380696388246e-01
1.520530372751963377e+09 8.560446500778198242e-01 5.292871594429016113e-01 5.269743800163269043e-01 -8.538816316437732035e-02 3.614330000589503072e-02 -3.266411795244090754e-01 9.405892107051836426e-01
1.520530372801964283e+09 9.077312946319580078e-01 4.968113601207733154e-01 5.001519322395324707e-01 -8.463000521596444892e-02 4.470834516691615801e-02 -3.003659551852987386e-01 9.490095990321725239e-01
1.520530372851966381e+09 9.564043879508972168e-01 4.661143720149993896e-01 4.741846024990081787e-01 -7.747776700795555582e-02 5.175689164813862542e-02 -2.742316685507397156e-01 9.571391809712215260e-01
1.520530372901967525e+09 1.003241777420043945e+00 4.357600212097167969e-01 4.529383182525634766e-01 -6.510572605445651140e-02 5.631084874786954769e-02 -2.487357749756411718e-01 9.647387454619430480e-01
1.520530372951617479e+09 1.050238013267517090e+00 4.066161513328552246e-01 4.383299350738525391e-01 -5.139943777778128303e-02 5.413090993616379021e-02 -2.246849011373045768e-01 9.715681332704003692e-01
1.520530373001619577e+09 1.089761853218078613e+00 3.783137500286102295e-01 4.296378195285797119e-01 -3.928526665969941239e-02 4.551157126523258656e-02 -2.020069408196374094e-01 9.775369868015929553e-01
1.520530373051620483e+09 1.124125957489013672e+00 3.468590378761291504e-01 4.306015074253082275e-01 -3.151149383587432962e-02 2.884954846924803196e-02 -1.853382187960468663e-01 9.817456258944375902e-01
1.520530373101622343e+09 1.155014514923095703e+00 3.109726309776306152e-01 4.378306269645690918e-01 -2.612923022952338623e-02 8.831307079941751181e-03 -1.813850955327276082e-01 9.830252888209212170e-01
1.520530373151624441e+09 1.175487518310546875e+00 2.714918851852416992e-01 4.496662020683288574e-01 -2.421347370136081936e-02 -6.423872751607793974e-03 -1.942414150824432195e-01 9.806338328942941773e-01
1.520530373201626539e+09 1.183088779449462891e+00 2.286645919084548950e-01 4.653251469135284424e-01 -2.649420482961006157e-02 -1.836908038205437715e-02 -2.154597477330560673e-01 9.759803948354558445e-01
1.520530373251627445e+09 1.180861234664916992e+00 1.837186217308044434e-01 4.795278310775756836e-01 -3.000632861947484520e-02 -2.703535745022784750e-02 -2.383827121798366699e-01 9.703310735125942887e-01
1.520530373301629543e+09 1.175031185150146484e+00 1.355886310338973999e-01 4.915424585342407227e-01 -3.260448116065564617e-02 -3.729892795756773599e-02 -2.615640392111638901e-01 9.639138919908777359e-01
1.520530373351456881e+09 1.159146428108215332e+00 8.589002490043640137e-02 5.034690499305725098e-01 -3.619942806645994049e-02 -4.477413734500208797e-02 -2.882258886114998919e-01 9.558298568086180946e-01
1.520530373401457787e+09 1.134885311126708984e+00 3.556524962186813354e-02 5.131994485855102539e-01 -4.290603597014507747e-02 -4.794535134807427490e-02 -3.160483653494015055e-01 9.465588973336046541e-01
1.520530373451459885e+09 1.104036688804626465e+00 -1.438875775784254074e-02 5.221482515335083008e-01 -5.046659145179736849e-02 -4.755924090206588989e-02 -3.428345491346010410e-01 9.368328098821748773e-01
1.520530373501460791e+09 1.068119049072265625e+00 -6.305906176567077637e-02 5.285270214080810547e-01 -5.525518438251177111e-02 -4.848726713324906512e-02 -3.699838721354663518e-01 9.261251448289539168e-01
1.520530373551462650e+09 1.029428839683532715e+00 -1.096260622143745422e-01 5.315264463424682617e-01 -5.568786061961821660e-02 -4.934410133769084189e-02 -3.972863954090979366e-01 9.146734618789547078e-01
1.520530373601464987e+09 9.902002215385437012e-01 -1.547500491142272949e-01 5.286796689033508301e-01 -5.481742643089367040e-02 -4.829004778110468354e-02 -4.214371116505046810e-01 9.039103284997201948e-01
1.520530373651465893e+09 9.467634558677673340e-01 -1.963071525096893311e-01 5.192453861236572266e-01 -5.445623944739515915e-02 -4.328872774582578908e-02 -4.462227368196017840e-01 8.922140287961292104e-01
1.520530373701466799e+09 9.038433432579040527e-01 -2.372673302888870239e-01 5.065066814422607422e-01 -5.310288708097383320e-02 -3.645262047610235007e-02 -4.735910497616067638e-01 8.783864795349425325e-01
1.520530373751468897e+09 8.596280813217163086e-01 -2.768220007419586182e-01 4.889249205589294434e-01 -4.636986740063156476e-02 -2.926555021027528458e-02 -5.075823272652982832e-01 8.598566996983167954e-01
1.520530373801615477e+09 8.130079507827758789e-01 -3.138822615146636963e-01 4.660387039184570312e-01 -3.391276424129757716e-02 -2.202678869288826613e-02 -5.454056459600488127e-01 8.371961695781310331e-01
1.520530373851583481e+09 7.629424929618835449e-01 -3.473750948905944824e-01 4.419020116329193115e-01 -1.851932589623751443e-02 -1.405735040468384690e-02 -5.834922428745996648e-01 8.117858264179770300e-01
1.520530373901585579e+09 7.101933956146240234e-01 -3.776942491531372070e-01 4.179686009883880615e-01 -4.046802743285830839e-03 -5.921511718629622785e-03 -6.195438899147037715e-01 7.849292500320523835e-01
1.520530373951586485e+09 6.571013331413269043e-01 -4.047979712486267090e-01 3.966832458972930908e-01 8.794835216574727749e-03 -1.443680576230695620e-04 -6.520418711491877684e-01 7.581319333068903266e-01
1.520530374001588583e+09 6.038046479225158691e-01 -4.293093085289001465e-01 3.799062371253967285e-01 2.042956806947105949e-02 3.878867430340029489e-03 -6.826919814463178193e-01 7.304103268744582822e-01
1.520530374051589489e+09 5.494503378868103027e-01 -4.496404826641082764e-01 3.689483106136322021e-01 3.045172855813798457e-02 6.588764199728223102e-03 -7.141354366857112224e-01 6.993138483426811769e-01
1.520530374101591349e+09 4.953124225139617920e-01 -4.634771943092346191e-01 3.628779351711273193e-01 3.927042627017984094e-02 7.413851410377684040e-03 -7.484932983921717131e-01 6.619370443553002081e-01
1.520530374151592493e+09 4.416986405849456787e-01 -4.692743122577667236e-01 3.604647517204284668e-01 4.707516051170791693e-02 7.000925029771431704e-03 -7.842841234399439143e-01 6.185736253927769379e-01
1.520530374201952934e+09 3.899485170841217041e-01 -4.680214822292327881e-01 3.608961105346679688e-01 5.259442871810172254e-02 6.955011479789904513e-03 -8.159191890088876020e-01 5.757267849338014720e-01
1.520530374251954794e+09 3.415976166725158691e-01 -4.611607193946838379e-01 3.632206320762634277e-01 5.801617769909987732e-02 9.371146959126965686e-03 -8.417170166043766999e-01 5.367110662996285031e-01
1.520530374301955938e+09 2.964394390583038330e-01 -4.516323506832122803e-01 3.678231835365295410e-01 6.453301322755973513e-02 1.487943802355309007e-02 -8.644952787604527344e-01 4.982589743584778241e-01
1.520530374351957798e+09 2.536583542823791504e-01 -4.456188976764678955e-01 3.725215792655944824e-01 6.773205168863456749e-02 2.027798091674255787e-02 -8.850886313740620182e-01 4.600209639531420702e-01
1.520530374401958704e+09 2.118283659219741821e-01 -4.385115504264831543e-01 3.784433603286743164e-01 6.516955765161434877e-02 2.578856785048121505e-02 -9.020311794028809116e-01 4.259432238089508882e-01
1.520530374451961040e+09 1.706224828958511353e-01 -4.342712461948394775e-01 3.849137723445892334e-01 5.638703561822232951e-02 3.259021706729709617e-02 -9.149657853404781216e-01 3.982411224647422476e-01
1.520530374501961708e+09 1.292957663536071777e-01 -4.349755346775054932e-01 3.924789428710937500e-01 4.460456287585415347e-02 4.160448249702207446e-02 -9.245360452879471946e-01 3.761816063686953537e-01
1.520530374551963806e+09 8.779719471931457520e-02 -4.407446384429931641e-01 4.022056162357330322e-01 3.105641032930807691e-02 5.253546848587940105e-02 -9.301501142628145757e-01 3.620722149865962525e-01
1.520530374602406979e+09 4.571535438299179077e-02 -4.523104131221771240e-01 4.134976863861083984e-01 2.115438539771892848e-02 6.625610112347572744e-02 -9.317578001667993215e-01 3.563565950991890441e-01
1.520530374652408123e+09 3.162129083648324013e-03 -4.706507027149200439e-01 4.283692538738250732e-01 1.197308458358970623e-02 7.797195568127016085e-02 -9.314447409301175318e-01 3.552291006750694091e-01
1.520530374702409983e+09 -3.898708149790763855e-02 -4.938778281211853027e-01 4.438043534755706787e-01 2.383867492270334322e-03 8.516988834489072624e-02 -9.299356862293959303e-01 3.577150077536034867e-01
1.520530374752412081e+09 -8.138570934534072876e-02 -5.230839252471923828e-01 4.591310024261474609e-01 -6.074077009525269237e-03 8.647967248249537053e-02 -9.246357605291389836e-01 3.708545296831408655e-01
1.520530374802413225e+09 -1.243586912751197815e-01 -5.559507012367248535e-01 4.707187414169311523e-01 -1.265920778751797315e-02 8.404406818713715255e-02 -9.159698988143946119e-01 3.921421725939406300e-01
1.520530374852415085e+09 -1.686764657497406006e-01 -5.903722643852233887e-01 4.769703149795532227e-01 -1.725417320776233276e-02 8.069129031972056831e-02 -9.076723764209856382e-01 4.114876258841032586e-01
1.520530374902416945e+09 -2.134322971105575562e-01 -6.261857748031616211e-01 4.773366153240203857e-01 -1.992060741063435628e-02 7.831977052029415187e-02 -8.988153303907234770e-01 4.308133990495820465e-01
1.520530374952418089e+09 -2.594029903411865234e-01 -6.637726426124572754e-01 4.708790183067321777e-01 -2.129794971181497507e-02 7.660008011183735976e-02 -8.876250738152026143e-01 4.536524588266764857e-01
1.520530375002441883e+09 -3.072877526283264160e-01 -7.016122937202453613e-01 4.590254426002502441e-01 -1.864030202108233475e-02 7.330773731262603399e-02 -8.755841207953753980e-01 4.771068666469343578e-01
1.520530375052443743e+09 -3.574674725532531738e-01 -7.414888143539428711e-01 4.413231909275054932e-01 -1.081607328627267120e-02 6.476246897382639811e-02 -8.628824994697026352e-01 5.011213698097486402e-01
1.520530375102444649e+09 -4.058343172073364258e-01 -7.805011868476867676e-01 4.207088351249694824e-01 2.936109841492546765e-03 5.025761473546820624e-02 -8.490775056979875668e-01 5.258639945249946601e-01
1.520530375152446747e+09 -4.534181058406829834e-01 -8.200589418411254883e-01 4.022043347358703613e-01 2.134020373085880606e-02 3.443295027674001668e-02 -8.343225454838845145e-01 5.497861927488324474e-01
1.520530375202448845e+09 -5.009927153587341309e-01 -8.591012358665466309e-01 3.890146017074584961e-01 3.510092933499187745e-02 2.178703242040862936e-02 -8.206477736936009793e-01 5.699390156059405133e-01
1.520530375252453804e+09 -5.477848649024963379e-01 -8.956270217895507812e-01 3.814079165458679199e-01 4.067169823319558009e-02 1.419910118600478839e-02 -8.081917064200851986e-01 5.873417779812095674e-01
1.520530375302451849e+09 -5.943521261215209961e-01 -9.275809526443481445e-01 3.807016313076019287e-01 3.895338933147966115e-02 6.784171220041948502e-03 -7.985539900986633466e-01 6.006231209152302908e-01
1.520530375352452755e+09 -6.401301622390747070e-01 -9.538034796714782715e-01 3.858054876327514648e-01 3.258632031722182021e-02 -2.104021083928632463e-03 -7.887997405168490905e-01 6.137822693626897586e-01
1.520530375402251959e+09 -6.862465143203735352e-01 -9.750091433525085449e-01 3.945838809013366699e-01 2.459714168748308033e-02 -1.108514135812462692e-02 -7.800853187638894237e-01 6.250911899162531205e-01
1.520530375452213764e+09 -7.339890003204345703e-01 -9.898561239242553711e-01 4.070597290992736816e-01 1.588273627883346126e-02 -1.693212821783781491e-02 -7.723901372431948298e-01 6.347239696212444438e-01
1.520530375502216101e+09 -7.837539315223693848e-01 -9.982993602752685547e-01 4.223947525024414062e-01 -3.448600445134201325e-04 -1.977366192852831467e-02 -7.648396429430979193e-01 6.439170784721901519e-01
1.520530375552217007e+09 -8.357428908348083496e-01 -9.996649026870727539e-01 4.376810193061828613e-01 -2.510887010420857768e-02 -2.055506254532325078e-02 -7.578084498303963024e-01 6.516696919540602151e-01
1.520530375602218866e+09 -8.877331018447875977e-01 -9.918751120567321777e-01 4.529952406883239746e-01 -5.269660993034001178e-02 -1.810255398541356364e-02 -7.527559738254353539e-01 6.559373512090735936e-01
1.520530375652220011e+09 -9.383826851844787598e-01 -9.762931466102600098e-01 4.671052992343902588e-01 -7.871131282848961574e-02 -1.215578846245204438e-02 -7.513725455851635315e-01 6.550542449145286827e-01
1.520530375702221870e+09 -9.880364537239074707e-01 -9.522584676742553711e-01 4.812739491462707520e-01 -9.997223099254111400e-02 -3.934883775852976613e-04 -7.559591366629625497e-01 6.469398595642866789e-01
1.520530375752222776e+09 -1.035467863082885742e+00 -9.215859174728393555e-01 4.938057661056518555e-01 -1.194517255130375516e-01 1.944280132982051032e-02 -7.644565321958287640e-01 6.332136078224591680e-01
1.520530375802224874e+09 -1.084081411361694336e+00 -8.878802657127380371e-01 5.082379579544067383e-01 -1.408585294975857050e-01 4.056319178639985340e-02 -7.758427775697814832e-01 6.136623555610074554e-01
1.520530375852258682e+09 -1.130380868911743164e+00 -8.501249551773071289e-01 5.210990905761718750e-01 -1.600033917209113254e-01 6.295983408036555373e-02 -7.872543824358219089e-01 5.921701708681129661e-01
1.520530375902259588e+09 -1.178253531455993652e+00 -8.118534088134765625e-01 5.304204821586608887e-01 -1.787026180105895645e-01 8.184440966461638267e-02 -7.955580743152083079e-01 5.731092542567163273e-01
1.520530375952261448e+09 -1.225402116775512695e+00 -7.714148759841918945e-01 5.353989601135253906e-01 -1.917413916809730390e-01 9.477573616613635399e-02 -8.057349310130625941e-01 5.523079028004090896e-01
1.520530376002262592e+09 -1.275988698005676270e+00 -7.302744388580322266e-01 5.342764258384704590e-01 -1.938437130325371960e-01 9.522563506730583049e-02 -8.210928641744373868e-01 5.283589705357585320e-01
1.520530376052264452e+09 -1.326244354248046875e+00 -6.855684518814086914e-01 5.257868766784667969e-01 -1.866238645367629956e-01 8.003634668273895691e-02 -8.385828428353966357e-01 5.055141265060245637e-01
1.520530376102265358e+09 -1.372755765914916992e+00 -6.367971301078796387e-01 5.095762610435485840e-01 -1.735029452881236278e-01 5.571663647132023972e-02 -8.564006501271818061e-01 4.830841653981317041e-01
1.520530376152267694e+09 -1.419652819633483887e+00 -5.845708847045898438e-01 4.878933131694793701e-01 -1.570443090894713956e-01 2.957193323546037853e-02 -8.747157966551466490e-01 4.575312675973962073e-01
1.520530376202269554e+09 -1.464814186096191406e+00 -5.294153094291687012e-01 4.617617428302764893e-01 -1.350604990068648148e-01 3.151301874714581598e-03 -8.932972214927394905e-01 4.286826389975021967e-01
1.520530376251949549e+09 -1.503771662712097168e+00 -4.748671352863311768e-01 4.318905472755432129e-01 -1.090731121329801823e-01 -2.803756161877415942e-02 -9.093145887112787928e-01 4.005794928661945420e-01
1.520530376301951647e+09 -1.537270903587341309e+00 -4.201911389827728271e-01 4.026187658309936523e-01 -8.035479776224201121e-02 -6.493246187799063540e-02 -9.228252842227431252e-01 3.711069612258247608e-01
1.520530376351953506e+09 -1.566180944442749023e+00 -3.669348657131195068e-01 3.757784068584442139e-01 -5.369855565003534698e-02 -1.023875870287022649e-01 -9.333567148234825916e-01 3.398212618972751287e-01
1.520530376401954651e+09 -1.588567376136779785e+00 -3.135192096233367920e-01 3.514383733272552490e-01 -3.135965585203242395e-02 -1.362643461987510241e-01 -9.423620161979162635e-01 3.039776807057834040e-01
1.520530376451956511e+09 -1.604514718055725098e+00 -2.616233825683593750e-01 3.299317955970764160e-01 -1.763172236718771324e-02 -1.677244580139396202e-01 -9.494840965783692965e-01 2.646461390140694703e-01
1.520530376501958609e+09 -1.610998392105102539e+00 -2.115323692560195923e-01 3.108783066272735596e-01 -7.452725156340318617e-03 -1.976924167251423725e-01 -9.550785664067233949e-01 2.206515289944636637e-01
1.520530376551959753e+09 -1.609384059906005859e+00 -1.627406328916549683e-01 2.936083376407623291e-01 2.083067921694892796e-03 -2.272439050156120355e-01 -9.584723281445494125e-01 1.722981852558421179e-01
1.520530376601961613e+09 -1.601873397827148438e+00 -1.151452735066413879e-01 2.775932550430297852e-01 1.447726834275122124e-02 -2.590420463640064064e-01 -9.580877125523282745e-01 1.214724741376715378e-01
1.520530376652663231e+09 -1.583426594734191895e+00 -6.861216574907302856e-02 2.611864507198333740e-01 2.830888011108722083e-02 -2.929035286992308085e-01 -9.532070902275506796e-01 6.929915816459282507e-02
1.520530376702664137e+09 -1.559990763664245605e+00 -2.573324926197528839e-02 2.483039945363998413e-01 3.947347042419321883e-02 -3.219102333147795258e-01 -9.458109170049177061e-01 1.604232197069077603e-02
1.520530376752666235e+09 -1.533020377159118652e+00 1.470850780606269836e-02 2.399491071701049805e-01 4.925049263414038592e-02 -3.389349736439019045e-01 -9.387307371484387986e-01 -3.849773693414205999e-02
1.520530376802668095e+09 -1.505781054496765137e+00 5.417846888303756714e-02 2.351550310850143433e-01 6.078770428558218086e-02 -3.386837955264560551e-01 -9.344149919558349948e-01 -9.201502303243393188e-02
1.520530376852669001e+09 -1.475687980651855469e+00 9.067074209451675415e-02 2.383917868137359619e-01 7.536989019353335095e-02 -3.204375918209653173e-01 -9.329813781194695732e-01 -1.455502575830445455e-01
1.520530376902671099e+09 -1.446265220642089844e+00 1.261675357818603516e-01 2.518377602100372314e-01 9.177656869424168085e-02 -2.870677302904593442e-01 -9.326594714977618494e-01 -1.982813402469094377e-01
1.520530376952672005e+09 -1.419657468795776367e+00 1.591293662786483765e-01 2.705367207527160645e-01 1.074044597556200048e-01 -2.444765196063023449e-01 -9.316035824339871096e-01 -2.465974018150922931e-01
1.520530377002721071e+09 -1.396245956420898438e+00 1.895412951707839966e-01 2.954976260662078857e-01 1.225498538070900340e-01 -1.992027007799069271e-01 -9.284793703345820548e-01 -2.884889533360851521e-01
1.520530377052897692e+09 -1.377568840980529785e+00 2.180925756692886353e-01 3.247591853141784668e-01 1.374276466549185505e-01 -1.554527156163809931e-01 -9.215112770437836609e-01 -3.282758922362690734e-01
1.520530377102899551e+09 -1.364234566688537598e+00 2.444363981485366821e-01 3.543861210346221924e-01 1.502738144194785130e-01 -1.161727902351813307e-01 -9.136781669526832239e-01 -3.593241861366662238e-01
1.520530377152900696e+09 -1.353948712348937988e+00 2.695547938346862793e-01 3.844677507877349854e-01 1.682511866062224304e-01 -7.994157820795304292e-02 -9.051245450809661808e-01 -3.821654617717226143e-01
1.520530377202902555e+09 -1.349220275878906250e+00 2.968595325946807861e-01 4.088739752769470215e-01 1.952551286963676302e-01 -4.536941232408211316e-02 -8.941407715779702281e-01 -4.004114530643254066e-01
1.520530377252903700e+09 -1.347604870796203613e+00 3.257491290569305420e-01 4.317606091499328613e-01 2.275377272755536584e-01 -1.370898669622278888e-02 -8.819504012094517842e-01 -4.125556158344296787e-01
1.520530377302905798e+09 -1.346408843994140625e+00 3.533919453620910645e-01 4.564147889614105225e-01 2.552314287647626245e-01 1.506603814999111189e-02 -8.745131701396577917e-01 -4.121366854787945622e-01
1.520530377352906704e+09 -1.348865509033203125e+00 3.856160342693328857e-01 4.753417372703552246e-01 2.789632474878341317e-01 4.036031369495864107e-02 -8.723817428428350951e-01 -3.993753201989118096e-01
1.520530377402908802e+09 -1.355920076370239258e+00 4.194485545158386230e-01 4.900531172752380371e-01 2.955441400478618363e-01 6.324457217907181183e-02 -8.749811428949210157e-01 -3.782350921735763150e-01
1.520530377451719522e+09 -1.364895224571228027e+00 4.573677182197570801e-01 5.010585188865661621e-01 3.013300142853090335e-01 8.176899275887382357e-02 -8.826870458984398260e-01 -3.512515242914973634e-01
1.520530377501720428e+09 -1.378841042518615723e+00 4.981497824192047119e-01 5.073815584182739258e-01 2.960500031478519034e-01 9.784166218628193024e-02 -8.940320340304742652e-01 -3.216957054486667689e-01
1.520530377551722288e+09 -1.395556807518005371e+00 5.438719391822814941e-01 5.118416547775268555e-01 2.811547996562457907e-01 1.107693715388857886e-01 -9.065088251647388518e-01 -2.948285516322687316e-01
1.520530377601723433e+09 -1.408963918685913086e+00 5.885998606681823730e-01 5.180992484092712402e-01 2.511907396967583139e-01 1.205605955489368192e-01 -9.207381162788288442e-01 -2.731477188680055956e-01
1.520530377651725292e+09 -1.418474793434143066e+00 6.327962875366210938e-01 5.255946516990661621e-01 2.103031928821317287e-01 1.274161877965560574e-01 -9.339274347093806661e-01 -2.594556394610245120e-01
1.520530377701726675e+09 -1.423405528068542480e+00 6.738941073417663574e-01 5.329693555831909180e-01 1.619470168106601216e-01 1.315708972917083996e-01 -9.457408199611491151e-01 -2.490714038005884257e-01
1.520530377751728535e+09 -1.423551082611083984e+00 7.134724855422973633e-01 5.390461087226867676e-01 1.101045672943962161e-01 1.354204701897701868e-01 -9.548060806580196402e-01 -2.405901678227246598e-01
1.520530377801730394e+09 -1.417441964149475098e+00 7.489649653434753418e-01 5.421820282936096191e-01 5.936951767784785089e-02 1.409210881556538508e-01 -9.587529621637773669e-01 -2.396023055521562251e-01
1.520530377851407051e+09 -1.404178977012634277e+00 7.869043350219726562e-01 5.421109199523925781e-01 8.173381968490963170e-03 1.486580084521302858e-01 -9.587755868225138478e-01 -2.420400100466612858e-01
1.520530377901409149e+09 -1.384630918502807617e+00 8.232994675636291504e-01 5.386518239974975586e-01 -4.621940080292043229e-02 1.569196424048675265e-01 -9.547281807884703264e-01 -2.484634653732524512e-01
1.520530377951411009e+09 -1.359924435615539551e+00 8.581017255783081055e-01 5.322393774986267090e-01 -1.009821621264781061e-01 1.612577929309237379e-01 -9.473961849751860731e-01 -2.573693762780877026e-01
1.520530378001411915e+09 -1.329913854598999023e+00 8.911828994750976562e-01 5.208356380462646484e-01 -1.552172889441373604e-01 1.575512280048641800e-01 -9.378609001997890715e-01 -2.673988325393975019e-01
1.520530378051414013e+09 -1.294241189956665039e+00 9.220571517944335938e-01 5.046504139900207520e-01 -2.028179679380362199e-01 1.457065133516484146e-01 -9.265492764535799841e-01 -2.813199640120460643e-01
1.520530378101416111e+09 -1.252898573875427246e+00 9.489536285400390625e-01 4.839719831943511963e-01 -2.434863891542113634e-01 1.322476861886367761e-01 -9.123607860293296845e-01 -3.013680870801346834e-01
1.520530378151417017e+09 -1.206747889518737793e+00 9.697465896606445312e-01 4.606235623359680176e-01 -2.738253503822981605e-01 1.195626718803949884e-01 -8.952776886401996315e-01 -3.304577207509222792e-01
1.520530378201419115e+09 -1.157176733016967773e+00 9.861943721771240234e-01 4.355763494968414307e-01 -2.987168545981844225e-01 1.106755591062264094e-01 -8.745606600959572319e-01 -3.655992521983799648e-01
1.520530378251420021e+09 -1.106346130371093750e+00 9.955820441246032715e-01 4.093074500560760498e-01 -3.192804737771568480e-01 1.056460881896560677e-01 -8.498890953365674239e-01 -4.056937376184759358e-01
1.520530378301511526e+09 -1.055854678153991699e+00 9.972453713417053223e-01 3.825069069862365723e-01 -3.312479436641674324e-01 1.037423275405767870e-01 -8.247783483885120503e-01 -4.463776487731465070e-01
1.520530378351513386e+09 -1.006457448005676270e+00 9.925148487091064453e-01 3.545508682727813721e-01 -3.346540701100985116e-01 1.023831894156815719e-01 -8.006346875263029572e-01 -4.863213269161419938e-01
1.520530378401515245e+09 -9.579433798789978027e-01 9.811105132102966309e-01 3.276512920856475830e-01 -3.300298717172018281e-01 1.004008119130388593e-01 -7.769830744715354731e-01 -5.265902227788608059e-01
1.520530378451516628e+09 -9.120298027992248535e-01 9.646206498146057129e-01 3.008071184158325195e-01 -3.207190749867259161e-01 9.919984078923815840e-02 -7.518303566119519665e-01 -5.674943007676763740e-01
1.520530378501517296e+09 -8.668678998947143555e-01 9.461120963096618652e-01 2.751089334487915039e-01 -3.071658510516262486e-01 9.769603289497344467e-02 -7.243793369088716849e-01 -6.094088950481258982e-01
1.520530378551519632e+09 -8.243049979209899902e-01 9.242826104164123535e-01 2.528964579105377197e-01 -2.911354839021731977e-01 9.580054680487667951e-02 -6.952892993721176973e-01 -6.501039727794037937e-01
1.520530378601571321e+09 -7.855878472328186035e-01 9.004002809524536133e-01 2.345745861530303955e-01 -2.728809715327383256e-01 9.246020022476802991e-02 -6.651986839849299837e-01 -6.888380053208895681e-01
1.520530378651522398e+09 -7.504282593727111816e-01 8.751323819160461426e-01 2.215851098299026489e-01 -2.530371542378915817e-01 8.826102301149310603e-02 -6.352032412058403743e-01 -7.243611204045599106e-01
1.520530378702209473e+09 -7.189270257949829102e-01 8.491622805595397949e-01 2.151071727275848389e-01 -2.301338902161458311e-01 8.300618257794971366e-02 -6.049856128429278446e-01 -7.577207760652245883e-01
1.520530378752210379e+09 -6.913275718688964844e-01 8.243883252143859863e-01 2.179473042488098145e-01 -2.000000986508173872e-01 7.437213934136821525e-02 -5.744611968852915140e-01 -7.902297632350794299e-01
1.520530378802212238e+09 -6.660519242286682129e-01 8.029088973999023438e-01 2.306227535009384155e-01 -1.624108763840927117e-01 6.373095170545779731e-02 -5.472315852369160627e-01 -8.185955442988676056e-01
1.520530378852213383e+09 -6.426246762275695801e-01 7.855817079544067383e-01 2.520531117916107178e-01 -1.230177301858968175e-01 5.421993218261481062e-02 -5.235242326617650654e-01 -8.413377531229254691e-01
1.520530378902215242e+09 -6.178960800170898438e-01 7.743661999702453613e-01 2.798521220684051514e-01 -8.402076064314585591e-02 4.427537909410919625e-02 -5.007178009034284338e-01 -8.603847316436147308e-01
1.520530378952216387e+09 -5.955306291580200195e-01 7.665536403656005859e-01 3.136251568794250488e-01 -4.698419652036089217e-02 3.714819394611269116e-02 -4.801476001954944617e-01 -8.751404338678369088e-01
1.520530379002218246e+09 -5.762035846710205078e-01 7.607997655868530273e-01 3.482069075107574463e-01 -8.687068077869966598e-03 2.646491298263680195e-02 -4.632335863141388010e-01 -8.857983900073274075e-01
1.520530379052220345e+09 -5.515873432159423828e-01 7.628945708274841309e-01 3.792372047901153564e-01 2.967161943273446262e-02 1.123107460766024739e-02 -4.538691464780934548e-01 -8.905033721657896750e-01
1.520530379102149248e+09 -5.241509675979614258e-01 7.703380584716796875e-01 4.076339900493621826e-01 6.646854447775447927e-02 -1.140573716903654430e-02 -4.524634790302139997e-01 -8.892292403528544442e-01
1.520530379152151108e+09 -4.910685122013092041e-01 7.849076390266418457e-01 4.306805431842803955e-01 1.021669907161493335e-01 -3.754825345169005013e-02 -4.572858004460156889e-01 -8.826334071295854899e-01
1.520530379202152252e+09 -4.539338350296020508e-01 8.040168285369873047e-01 4.476076960563659668e-01 1.352559727738540107e-01 -6.240918268712488531e-02 -4.670063689687571906e-01 -8.716168694374498704e-01
1.520530379252154112e+09 -4.109122455120086670e-01 8.274710774421691895e-01 4.619509279727935791e-01 1.652963132523123102e-01 -8.233883087693033564e-02 -4.803626751228910474e-01 -8.574083893360233688e-01
1.520530379302155018e+09 -3.663792014122009277e-01 8.545505404472351074e-01 4.707610011100769043e-01 1.905773011063284783e-01 -9.648661442950852429e-02 -4.977150240870196751e-01 -8.406249938807534017e-01
1.520530379352157354e+09 -3.192442059516906738e-01 8.857429623603820801e-01 4.753112792968750000e-01 2.108996040498606339e-01 -1.071654546508768180e-01 -5.167933646177167439e-01 -8.227767258668554629e-01
1.520530379402159214e+09 -2.686919569969177246e-01 9.203747510910034180e-01 4.782865047454833984e-01 2.227351627766828157e-01 -1.147884707079876027e-01 -5.377511887057594420e-01 -8.050070268643056970e-01
1.520530379452160120e+09 -2.167881131172180176e-01 9.578980803489685059e-01 4.749594032764434814e-01 2.229504021934357871e-01 -1.207606058905721091e-01 -5.627977554482549438e-01 -7.867456264188149584e-01
1.520530379501849651e+09 -1.665078401565551758e-01 9.950858354568481445e-01 4.663604199886322021e-01 2.126619148468970599e-01 -1.225373778380478146e-01 -5.886853735933037512e-01 -7.702006439386682723e-01
1.520530379551851988e+09 -1.180289685726165771e-01 1.034827709197998047e+00 4.518545567989349365e-01 1.934981180084976993e-01 -1.185817393230595707e-01 -6.162575550543144542e-01 -7.541375705166573074e-01
1.520530379601852655e+09 -6.787199527025222778e-02 1.075170159339904785e+00 4.353384077548980713e-01 1.671426159655328703e-01 -1.097031318360897206e-01 -6.458026814814709082e-01 -7.368632609819095736e-01
1.520530379651854753e+09 -2.307566069066524506e-02 1.114094614982604980e+00 4.152595698833465576e-01 1.350223857153589613e-01 -9.613267247364468138e-02 -6.716588676226974419e-01 -7.220815952387955594e-01
1.520530379701855898e+09 2.292500808835029602e-02 1.151668429374694824e+00 3.942335247993469238e-01 9.927806754959442315e-02 -7.922602991796315330e-02 -6.918070739336175112e-01 -7.108235181410801351e-01
1.520530379751857758e+09 6.894427537918090820e-02 1.188982248306274414e+00 3.727925419807434082e-01 5.988515375813766028e-02 -5.954014345724046448e-02 -7.091780705387062955e-01 -6.999537155722891368e-01
1.520530379801859617e+09 1.146062538027763367e-01 1.221708416938781738e+00 3.550249040126800537e-01 1.961373752889723071e-02 -3.981479682853143742e-02 -7.235110417469982069e-01 -6.888845010042132788e-01
1.520530379851860762e+09 1.610482484102249146e-01 1.250295758247375488e+00 3.407145440578460693e-01 -1.692329704846309152e-02 -2.061979454584533453e-02 -7.318247492615098659e-01 -6.809706032261779729e-01
1.520530379901824236e+09 2.062044441699981689e-01 1.273695230484008789e+00 3.331511020660400391e-01 -4.918296737939313601e-02 3.756465184303824870e-03 -7.330784991663008565e-01 -6.783530340089596322e-01
1.520530379951826334e+09 2.515203058719635010e-01 1.293691873550415039e+00 3.310746252536773682e-01 -7.824316174981213456e-02 3.458950471475320809e-02 -7.294055403881247734e-01 -6.787113756627985994e-01
1.520530380001827478e+09 2.992054224014282227e-01 1.305155396461486816e+00 3.385329842567443848e-01 -1.035996737369361542e-01 7.026567224447916038e-02 -7.215799601339434322e-01 -6.809201157542111860e-01
1.520530380051829338e+09 3.426149189472198486e-01 1.306394219398498535e+00 3.527543842792510986e-01 -1.236001717123837718e-01 1.076881378765354724e-01 -7.069876291016145009e-01 -6.879642104140532011e-01
1.520530380101830244e+09 3.863745331764221191e-01 1.300085663795471191e+00 3.691014349460601807e-01 -1.403739220915532215e-01 1.466571751538879032e-01 -6.858664944322589996e-01 -6.988375968619036094e-01
1.520530380151832342e+09 4.238954186439514160e-01 1.281697034835815430e+00 3.855409026145935059e-01 -1.534072919123167233e-01 1.824369893446286806e-01 -6.603407321196178570e-01 -7.121327581362368875e-01
1.520530380201888323e+09 4.584627151489257812e-01 1.255687832832336426e+00 3.996643126010894775e-01 -1.616875247490824619e-01 2.120743862213802233e-01 -6.310583416367198106e-01 -7.284551932000021823e-01
1.520530380251835346e+09 4.927555024623870850e-01 1.223684072494506836e+00 4.104726016521453857e-01 -1.692758511671327293e-01 2.392248465419250236e-01 -6.005570399219681832e-01 -7.439411272465037417e-01
1.520530380301736355e+09 5.230529904365539551e-01 1.186249852180480957e+00 4.157885611057281494e-01 -1.757710634152174212e-01 2.626445157574699985e-01 -5.694241229210350586e-01 -7.588666284954279639e-01
1.520530380352160692e+09 5.517328381538391113e-01 1.143324375152587891e+00 4.174046218395233154e-01 -1.802922982669557528e-01 2.819788000544599105e-01 -5.383070406848208256e-01 -7.734391853627644586e-01
1.520530380402162552e+09 5.758652687072753906e-01 1.094591140747070312e+00 4.122922420501708984e-01 -1.826360271404945945e-01 2.989056239368473866e-01 -5.084385584355506360e-01 -7.866318973098153089e-01
1.520530380452163458e+09 5.967772006988525391e-01 1.042800188064575195e+00 4.023095965385437012e-01 -1.800121960881611305e-01 3.101354833726330251e-01 -4.785116309192693484e-01 -8.015224328037997559e-01
1.520530380502165556e+09 6.111212968826293945e-01 9.876484870910644531e-01 3.913244903087615967e-01 -1.707397103850790132e-01 3.136388660471310930e-01 -4.475599230754324087e-01 -8.198589685177579689e-01
1.520530380552166462e+09 6.181432604789733887e-01 9.296526312828063965e-01 3.789491653442382812e-01 -1.560102077975691059e-01 3.101529126998756047e-01 -4.119228052893217917e-01 -8.424877377679264034e-01
1.520530380602168322e+09 6.179978847503662109e-01 8.702111244201660156e-01 3.656778633594512939e-01 -1.403749799212689053e-01 3.029621360289952436e-01 -3.720119373016889663e-01 -8.660923320581335183e-01
1.520530380652170658e+09 6.123387813568115234e-01 8.132041692733764648e-01 3.527903556823730469e-01 -1.273150565767272036e-01 2.935874101208315601e-01 -3.314273584411864815e-01 -8.875546265239705468e-01
1.520530380702171564e+09 5.997296571731567383e-01 7.579672932624816895e-01 3.387559056282043457e-01 -1.184733329888322112e-01 2.836405560380820257e-01 -2.895938379995605105e-01 -9.064477444031781017e-01
1.520530380752134800e+09 5.805733799934387207e-01 7.057470679283142090e-01 3.232003152370452881e-01 -1.168933189931948835e-01 2.767857855156028446e-01 -2.417124760636663872e-01 -9.226595579228762389e-01
1.520530380802135944e+09 5.537347793579101562e-01 6.557470560073852539e-01 3.049211800098419189e-01 -1.193756324312482270e-01 2.714659429917122280e-01 -1.875247112358830182e-01 -9.364241468763814247e-01
1.520530380852137804e+09 5.202689766883850098e-01 6.089773178100585938e-01 2.837854623794555664e-01 -1.210203449128889192e-01 2.637347536134813653e-01 -1.279796341121349768e-01 -9.483771766054505115e-01
1.520530380902138710e+09 4.806786179542541504e-01 5.669400691986083984e-01 2.621307969093322754e-01 -1.186090053827174862e-01 2.520845707372001421e-01 -6.367659257915393722e-02 -9.582956561499547110e-01
1.520530380952140808e+09 4.364446103572845459e-01 5.302086472511291504e-01 2.423430234193801880e-01 -1.102535161373258410e-01 2.376853882720197098e-01 7.184969309512035502e-05 -9.650646678948293644e-01
1.520530381002142906e+09 3.900810182094573975e-01 4.950221478939056396e-01 2.254131883382797241e-01 -9.698301874994928740e-02 2.223980180594853084e-01 6.079381438678065075e-02 -9.682135754933751670e-01
1.520530381052143812e+09 3.415530025959014893e-01 4.721737205982208252e-01 2.133862525224685669e-01 -8.205873216936596104e-02 2.077976835722268878e-01 1.193982542286843307e-01 -9.673833490731145179e-01
1.520530381102145910e+09 2.899566292762756348e-01 4.587392508983612061e-01 2.062779217958450317e-01 -7.011451069027514749e-02 1.950375446786246358e-01 1.770264379303191082e-01 -9.621361399667407444e-01
1.520530381152047634e+09 2.385798692703247070e-01 4.516135752201080322e-01 2.022634446620941162e-01 -6.299833949422035950e-02 1.847066580088618792e-01 2.336252777300537320e-01 -9.525407546733754005e-01
1.520530381202048540e+09 1.875385195016860962e-01 4.536262154579162598e-01 2.018142491579055786e-01 -5.840020712308881257e-02 1.732838626250896019e-01 2.893522126134149830e-01 -9.395942825589300718e-01
1.520530381252050877e+09 1.390755772590637207e-01 4.608944356441497803e-01 2.049029916524887085e-01 -5.403544724359529705e-02 1.597100189570294371e-01 3.452463727267039983e-01 -9.232431003830917637e-01
1.520530381302051783e+09 9.273032844066619873e-02 4.724742174148559570e-01 2.103434950113296509e-01 -4.878991516867732525e-02 1.476262262352579790e-01 3.966248962996596905e-01 -9.047180406848611689e-01
1.520530381352053642e+09 4.700319841504096985e-02 4.832226037979125977e-01 2.162768989801406860e-01 -4.385003477374976866e-02 1.350653662032575975e-01 4.382762268400766104e-01 -8.875519535720409747e-01
1.520530381402055740e+09 5.252083297818899155e-03 4.945908486843109131e-01 2.256863713264465332e-01 -4.146667459879160855e-02 1.183850957342272164e-01 4.721540981454960817e-01 -8.725456960011488405e-01
1.520530381452056646e+09 -3.492696210741996765e-02 5.031513571739196777e-01 2.359992414712905884e-01 -3.932826726534249112e-02 9.888138956481967723e-02 5.009408166559456976e-01 -8.589144639600094777e-01
1.520530381502057791e+09 -7.482833415269851685e-02 5.104494690895080566e-01 2.458175122737884521e-01 -3.651267979451759682e-02 8.040165033425822338e-02 5.241432705998844144e-01 -8.470396866278506742e-01
1.520530381552262545e+09 -1.137677878141403198e-01 5.125488638877868652e-01 2.570856511592864990e-01 -3.477941360638867746e-02 6.325477192867084986e-02 5.422209952606995564e-01 -8.371293917405743246e-01
1.520530381602264404e+09 -1.553170382976531982e-01 5.100113749504089355e-01 2.686784267425537109e-01 -3.369603469811781327e-02 4.459308556596078277e-02 5.548612131616883492e-01 -8.300632916194220501e-01
1.520530381652265549e+09 -1.983916759490966797e-01 5.038149356842041016e-01 2.822516262531280518e-01 -3.258036291565106352e-02 2.255745681514717202e-02 5.639951551653218376e-01 -8.248267369844175523e-01
1.520530381702267408e+09 -2.418689131736755371e-01 4.928261935710906982e-01 2.993739545345306396e-01 -3.367230420611110747e-02 -4.370077191229007445e-03 5.702682313437785755e-01 -8.207564941411262804e-01
1.520530381752268314e+09 -2.846262454986572266e-01 4.783592522144317627e-01 3.198787271976470947e-01 -3.597270064925245370e-02 -3.220320221279830697e-02 5.755591572720676341e-01 -8.163336174968590653e-01
1.520530381802324533e+09 -3.246982693672180176e-01 4.624945819377899170e-01 3.417499065399169922e-01 -4.085295769105250219e-02 -6.257884565258553522e-02 5.806380153862013005e-01 -8.107246258829543528e-01
1.520530381852271557e+09 -3.655907511711120605e-01 4.449934363365173340e-01 3.625900447368621826e-01 -4.730261016016886616e-02 -9.826323179774695826e-02 5.797675127920592919e-01 -8.074505752426006655e-01
1.520530381902273417e+09 -4.037223756313323975e-01 4.228736758232116699e-01 3.816380202770233154e-01 -5.223097475330455014e-02 -1.321685120411471848e-01 5.691306398312845349e-01 -8.098726594387425370e-01
1.520530381952332497e+09 -4.394735693931579590e-01 3.953345119953155518e-01 3.966621756553649902e-01 -5.961071836363233262e-02 -1.585228231368392693e-01 5.514163156572273738e-01 -8.168580804692495700e-01
1.520530382002334356e+09 -4.738872647285461426e-01 3.636846244335174561e-01 4.054721891880035400e-01 -7.021478450516377423e-02 -1.762248696330592779e-01 5.312310967759239499e-01 -8.257167802448691640e-01
1.520530382052335501e+09 -5.067059993743896484e-01 3.285629153251647949e-01 4.073659181594848633e-01 -8.032419751030360489e-02 -1.861789104482424739e-01 5.104722642044551284e-01 -8.356455612738022953e-01
1.520530382102337360e+09 -5.378204584121704102e-01 2.904052734375000000e-01 4.032725989818572998e-01 -8.777940579216973738e-02 -1.913338207849159811e-01 4.890720897628405561e-01 -8.464600616435647984e-01
1.520530382152338505e+09 -5.656511783599853516e-01 2.523083090782165527e-01 3.954220712184906006e-01 -9.118994563415760979e-02 -1.895542188389535698e-01 4.668883719717484837e-01 -8.589347123345076884e-01
1.520530382202340364e+09 -5.936667919158935547e-01 2.135411053895950317e-01 3.860079348087310791e-01 -9.266115429713328577e-02 -1.836013288393561205e-01 4.469942606081806491e-01 -8.705748638205051959e-01
1.520530382252342463e+09 -6.201536059379577637e-01 1.744296848773956299e-01 3.788283765316009521e-01 -9.416735773768011852e-02 -1.713019881358867624e-01 4.278345638853641164e-01 -8.824657067231660434e-01
1.520530382302343607e+09 -6.467699408531188965e-01 1.366255283355712891e-01 3.706600368022918701e-01 -9.635040765955835140e-02 -1.520156359278907188e-01 4.065424457865486341e-01 -8.957293593218697003e-01
1.520530382352159023e+09 -6.732349991798400879e-01 1.013760417699813843e-01 3.617240786552429199e-01 -9.836294207257879896e-02 -1.325448711730163320e-01 3.863409045793783081e-01 -9.074675168849531959e-01
1.520530382402159929e+09 -6.996455788612365723e-01 6.928721070289611816e-02 3.532542586326599121e-01 -9.744369337493392902e-02 -1.132948770495536134e-01 3.687185698617826413e-01 -9.174506055885842670e-01
1.520530382452161789e+09 -7.240216732025146484e-01 4.047660529613494873e-02 3.468802571296691895e-01 -9.153614734407801434e-02 -9.006121554079656033e-02 3.532066564578820178e-01 -9.266904386139749317e-01
1.520530382502164125e+09 -7.504270672798156738e-01 1.316164992749691010e-02 3.418976366519927979e-01 -8.187777804675171189e-02 -6.115049875833829945e-02 3.380296922334007359e-01 -9.355707205403157589e-01
1.520530382552165031e+09 -7.783058881759643555e-01 -1.239530835300683975e-02 3.381457030773162842e-01 -7.191419268382173713e-02 -2.981723520647106690e-02 3.227931409589736012e-01 -9.432623545573713963e-01
1.520530382602166891e+09 -8.077832460403442383e-01 -3.585409373044967651e-02 3.348920643329620361e-01 -6.261229004957688526e-02 1.447454149199594664e-03 3.089482900197891846e-01 -9.490145204922219024e-01
1.520530382652168036e+09 -8.406839966773986816e-01 -5.786544084548950195e-02 3.328759074211120605e-01 -5.221039290823641099e-02 3.760626812369780719e-02 2.933626097114980236e-01 -9.538334355082315197e-01
1.520530382702169895e+09 -8.744073510169982910e-01 -7.604498416185379028e-02 3.303825557231903076e-01 -3.991543760514840167e-02 7.721540857084756293e-02 2.757090251636129530e-01 -9.573030199280461172e-01
1.520530382752170801e+09 -9.122099280357360840e-01 -9.079909324645996094e-02 3.275329470634460449e-01 -2.813832853872256720e-02 1.108446204537952978e-01 2.609430992933536309e-01 -9.585564164485469441e-01
1.520530382802243710e+09 -9.528657197952270508e-01 -1.008375659584999084e-01 3.255096673965454102e-01 -1.679066930698538615e-02 1.361147305843942446e-01 2.523134931129600300e-01 -9.578772127654450186e-01
1.520530382852245569e+09 -9.979075193405151367e-01 -1.074794679880142212e-01 3.235830664634704590e-01 -7.119351380019205665e-03 1.549729421330351409e-01 2.502238831289247400e-01 -9.556781416117253736e-01
1.520530382902247667e+09 -1.047636866569519043e+00 -1.117329895496368408e-01 3.238036930561065674e-01 3.628307592310592278e-04 1.720000648808154009e-01 2.513618759003327097e-01 -9.524878232180721271e-01
1.520530382952248573e+09 -1.097683787345886230e+00 -1.109987497329711914e-01 3.238041400909423828e-01 3.212716468121522458e-03 1.903067253507609302e-01 2.539117366065508086e-01 -9.483152739213953630e-01
1.520530383002249718e+09 -1.147351980209350586e+00 -1.059076786041259766e-01 3.223583102226257324e-01 -2.700526748583223589e-03 2.061227869997840356e-01 2.607643321349511489e-01 -9.431373531574999136e-01
1.520530383052251816e+09 -1.197226405143737793e+00 -9.882790595293045044e-02 3.189798295497894287e-01 -1.301369778382566005e-02 2.175490197131037806e-01 2.659644705530908038e-01 -9.390239443673803477e-01
1.520530383102252722e+09 -1.251804113388061523e+00 -9.382855892181396484e-02 3.145304918289184570e-01 -2.293484357035505822e-02 2.187880494911891849e-01 2.724817778253709744e-01 -9.366746837100752288e-01
1.520530383152254820e+09 -1.304924726486206055e+00 -8.777008205652236938e-02 3.104874491691589355e-01 -2.731704558251295614e-02 2.153819380244196002e-01 2.847871322174950204e-01 -9.336812567021054443e-01
1.520530383202206612e+09 -1.358542919158935547e+00 -8.190234750509262085e-02 3.052889406681060791e-01 -2.864438238417174598e-02 2.116056936633728125e-01 3.007753431605252326e-01 -9.294819647060078571e-01
1.520530383252208471e+09 -1.414091229438781738e+00 -7.759548723697662354e-02 2.997565865516662598e-01 -3.456304981989970909e-02 2.025293269360054771e-01 3.184104575243523749e-01 -9.254199305488985949e-01
1.520530383302209616e+09 -1.468520879745483398e+00 -7.200538367033004761e-02 2.923311591148376465e-01 -4.517457175177026080e-02 1.883625203064402953e-01 3.367989594815946064e-01 -9.214365305884965052e-01
1.520530383352211475e+09 -1.523873567581176758e+00 -6.763767451047897339e-02 2.846738696098327637e-01 -5.927545013707404692e-02 1.687408333273969496e-01 3.552226011701882236e-01 -9.175128641043176492e-01
1.520530383402266502e+09 -1.578948140144348145e+00 -6.482142210006713867e-02 2.787821888923645020e-01 -7.156745307429188130e-02 1.462803922487437291e-01 3.715023975254261313e-01 -9.140383553970113928e-01
1.520530383452214718e+09 -1.633546710014343262e+00 -6.542301177978515625e-02 2.783641517162322998e-01 -7.963555023725796267e-02 1.252048269207063635e-01 3.830326361691602788e-01 -9.117389593976277240e-01
1.520530383502216578e+09 -1.683979749679565430e+00 -7.001996040344238281e-02 2.812523841857910156e-01 -8.549697935688764516e-02 1.026294915669403868e-01 3.906109995688198944e-01 -9.108130988284075524e-01
1.520530383552217484e+09 -1.732423067092895508e+00 -7.909023016691207886e-02 2.871047258377075195e-01 -9.035993590742094628e-02 7.924829619275683412e-02 3.964219787337859291e-01 -9.101672397478068888e-01
1.520530383602471828e+09 -1.781114339828491211e+00 -9.239353984594345093e-02 2.968909740447998047e-01 -9.514356907053379830e-02 5.644591823321899043e-02 3.998795362910962936e-01 -9.098669771098120140e-01
1.520530383652472734e+09 -1.825824022293090820e+00 -1.085339263081550598e-01 3.095377981662750244e-01 -9.845514768615842849e-02 3.378060519484872570e-02 4.024504791924947145e-01 -9.095048468284805399e-01
1.520530383702474594e+09 -1.866482257843017578e+00 -1.279072761535644531e-01 3.228307068347930908e-01 -9.919340722064456939e-02 1.448035771746832186e-02 4.021626337270312601e-01 -9.100638456932959031e-01
1.520530383752475739e+09 -1.903037071228027344e+00 -1.515784561634063721e-01 3.356330692768096924e-01 -9.788253528878994303e-02 -1.655628492108038915e-03 3.960751739593194043e-01 -9.129845150673859822e-01
1.520530383802477598e+09 -1.934395194053649902e+00 -1.800742894411087036e-01 3.475780189037322998e-01 -9.418696573073358225e-02 -1.623469346776678507e-02 3.829952341345232991e-01 -9.187926321236401517e-01
1.520530383852479696e+09 -1.960231661796569824e+00 -2.132886201143264771e-01 3.563694357872009277e-01 -8.696087394100199264e-02 -2.960422243591161184e-02 3.633865094755835967e-01 -9.270985067124928314e-01
1.520530383902480841e+09 -1.985504984855651855e+00 -2.530867755413055420e-01 3.642720580101013184e-01 -7.668769897806383684e-02 -4.250112061308421868e-02 3.407765833017095680e-01 -9.360469923274660209e-01
1.520530383952482700e+09 -2.005789518356323242e+00 -2.969250380992889404e-01 3.692439496517181396e-01 -6.404046513221725578e-02 -5.334863644219042800e-02 3.154539962899561290e-01 -9.452732504625870336e-01
1.520530384002530336e+09 -2.021967172622680664e+00 -3.413943350315093994e-01 3.713463246822357178e-01 -5.180882456507696077e-02 -6.210417426023442933e-02 2.852443641240502425e-01 -9.550364233745777254e-01
1.520530384052531481e+09 -2.034034729003906250e+00 -3.869915604591369629e-01 3.709372878074645996e-01 -4.094793618366687066e-02 -6.782184492926214558e-02 2.504195553112151251e-01 -9.648904135654073899e-01
1.520530384102533579e+09 -2.039191961288452148e+00 -4.322871565818786621e-01 3.688260614871978760e-01 -3.000987054339608606e-02 -7.375799953852911484e-02 2.146034794990339112e-01 -9.734497993019212148e-01
1.520530384152534485e+09 -2.038921117782592773e+00 -4.777133464813232422e-01 3.658693730831146240e-01 -1.792301520061015049e-02 -7.542354234589654371e-02 1.752659739411338846e-01 -9.814641578603781058e-01
1.520530384202536583e+09 -2.033085823059082031e+00 -5.225249528884887695e-01 3.632518351078033447e-01 -8.259940215563511823e-03 -7.171391853106978687e-02 1.312660169318516090e-01 -9.887153888128784596e-01
1.520530384252537489e+09 -2.019211769104003906e+00 -5.644763112068176270e-01 3.578213751316070557e-01 -3.986213097526925507e-03 -6.404791356655520351e-02 8.391475132832282302e-02 -9.944044898241448660e-01
1.520530384302539349e+09 -2.003188133239746094e+00 -6.045964956283569336e-01 3.486706912517547607e-01 -6.110350862543103417e-03 -4.379685076528957999e-02 3.280459607129922878e-02 -9.984830283745331769e-01
1.520530384352541447e+09 -1.981283783912658691e+00 -6.417200565338134766e-01 3.405349552631378174e-01 -1.616118461934148293e-02 -1.385559688546183534e-02 -1.892796515086044365e-02 -9.995942030053470706e-01
1.520530384402432442e+09 -1.956525206565856934e+00 -6.771354079246520996e-01 3.323779702186584473e-01 -3.154089515844665792e-02 1.941788657772574797e-02 -6.785399870810439327e-02 -9.970074987043874293e-01
1.520530384452434540e+09 -1.929297685623168945e+00 -7.107338309288024902e-01 3.239073753356933594e-01 -4.826560674220145564e-02 5.417450536603391625e-02 -1.140308827293387561e-01 -9.908241579403082033e-01
1.520530384502435446e+09 -1.897853612899780273e+00 -7.424750328063964844e-01 3.120130896568298340e-01 -6.269795406866528198e-02 8.593508545375030949e-02 -1.541142751697800461e-01 -9.823099907017913690e-01
1.520530384552437305e+09 -1.864435315132141113e+00 -7.737308740615844727e-01 3.027526438236236572e-01 -7.447165560420444808e-02 1.083715569195923822e-01 -1.874004641875833543e-01 -9.734426763732266785e-01
1.520530384602439404e+09 -1.829140067100524902e+00 -8.046973943710327148e-01 2.953219115734100342e-01 -8.613326848500889310e-02 1.235295342516683909e-01 -2.182706668196729149e-01 -9.641988540927388662e-01
1.520530384652440310e+09 -1.793010354042053223e+00 -8.343824744224548340e-01 2.881611585617065430e-01 -9.853829003409553255e-02 1.340545057989977751e-01 -2.460992524395188008e-01 -9.548584988472652579e-01
1.520530384702442408e+09 -1.756049036979675293e+00 -8.636868000030517578e-01 2.853409945964813232e-01 -1.103246565001210627e-01 1.385282402545529867e-01 -2.721472632383902246e-01 -9.458193611530488765e-01
1.520530384752443552e+09 -1.719859600067138672e+00 -8.916994929313659668e-01 2.849714756011962891e-01 -1.175306023114825460e-01 1.318350534233579396e-01 -2.951365897450637932e-01 -9.389890678824831527e-01
1.520530384802857399e+09 -1.684115648269653320e+00 -9.201364517211914062e-01 2.872712910175323486e-01 -1.160673454290224588e-01 1.085117417397492567e-01 -3.137082038386905802e-01 -9.361307259533618863e-01
1.520530384852858543e+09 -1.650822162628173828e+00 -9.482426643371582031e-01 2.904400825500488281e-01 -1.040706416036235732e-01 6.822958621591482253e-02 -3.298581556534327386e-01 -9.357925102659943040e-01
1.520530384902860403e+09 -1.614663004875183105e+00 -9.763160943984985352e-01 2.978269457817077637e-01 -8.628598370289204678e-02 1.948333107079159437e-02 -3.469524290927437082e-01 -9.337018479008463157e-01
1.520530384952861309e+09 -1.576417088508605957e+00 -1.004410982131958008e+00 3.051917850971221924e-01 -6.516751479528223867e-02 -2.929453290223722750e-02 -3.637493159278001320e-01 -9.287526368842802249e-01
1.520530385002916336e+09 -1.533947944641113281e+00 -1.030087590217590332e+00 3.128769993782043457e-01 -4.070622235925448751e-02 -7.208536888842542734e-02 -3.802647964323749297e-01 -9.211652336295065302e-01
1.520530385052864313e+09 -1.488358259201049805e+00 -1.053817868232727051e+00 3.211769461631774902e-01 -1.454136723134534688e-02 -1.094502972309899930e-01 -3.966156630616817780e-01 -9.113205785502890288e-01
1.520530385102866173e+09 -1.439421892166137695e+00 -1.075439691543579102e+00 3.303858339786529541e-01 1.310453448230531302e-02 -1.445582782171333791e-01 -4.109293151665945332e-01 -9.000379288183435467e-01
1.520530385152867317e+09 -1.387271404266357422e+00 -1.094953298568725586e+00 3.402455151081085205e-01 3.981444286974120811e-02 -1.741327352165701892e-01 -4.250683437324342395e-01 -8.873609771798245394e-01
1.520530385202869415e+09 -1.329222083091735840e+00 -1.113050580024719238e+00 3.503210544586181641e-01 6.257397718230023331e-02 -1.963615727037777703e-01 -4.415750529477722175e-01 -8.732342771324658193e-01
1.520530385252705097e+09 -1.268692731857299805e+00 -1.123766303062438965e+00 3.593372106552124023e-01 8.222800984629256849e-02 -2.118543662073666678e-01 -4.642285385986048563e-01 -8.560655032567289213e-01
1.520530385302706957e+09 -1.204243659973144531e+00 -1.128524541854858398e+00 3.636454939842224121e-01 9.675523917480681468e-02 -2.176948829877497216e-01 -4.932740987037024794e-01 -8.366170122351243021e-01
1.520530385352709055e+09 -1.137003540992736816e+00 -1.124693632125854492e+00 3.654561936855316162e-01 1.070586331386005757e-01 -2.184994741152150588e-01 -5.229723272508388643e-01 -8.168821052096261193e-01
1.520530385402710199e+09 -1.070255517959594727e+00 -1.111690044403076172e+00 3.629264831542968750e-01 1.131347033838257521e-01 -2.126414912287451497e-01 -5.552007730116492734e-01 -7.960755220112827324e-01
1.520530385452712059e+09 -1.007455706596374512e+00 -1.091157793998718262e+00 3.542534410953521729e-01 1.147054249023649747e-01 -2.025968071194300946e-01 -5.901228005353786887e-01 -7.730150577648938759e-01
1.520530385502712965e+09 -9.493308663368225098e-01 -1.063101172447204590e+00 3.403575420379638672e-01 1.100962596525060511e-01 -1.909067311021764857e-01 -6.261894035612292075e-01 -7.478771720664038059e-01
1.520530385552715063e+09 -8.961567282676696777e-01 -1.028971910476684570e+00 3.207240998744964600e-01 1.002747322060417168e-01 -1.812173986179950735e-01 -6.600512134970911715e-01 -7.221063827997580287e-01
1.520530385602715969e+09 -8.451278209686279297e-01 -9.921551942825317383e-01 2.964625358581542969e-01 8.872933991767424644e-02 -1.748349580079746057e-01 -6.896951453334074778e-01 -6.970512522043510462e-01
1.520530385652486563e+09 -8.004253506660461426e-01 -9.500944614410400391e-01 2.695734202861785889e-01 7.541531785047067560e-02 -1.712809885521776321e-01 -7.164492932984014573e-01 -6.720682725187394624e-01
1.520530385702487707e+09 -7.599002122879028320e-01 -9.052684307098388672e-01 2.398253083229064941e-01 5.569347792979049278e-02 -1.695271001728899107e-01 -7.402597737241984888e-01 -6.482085052117515511e-01
1.520530385752489567e+09 -7.225233316421508789e-01 -8.590958118438720703e-01 2.126210778951644897e-01 3.020888687619310148e-02 -1.702837460008984338e-01 -7.607166005840406697e-01 -6.256205899724400776e-01
1.520530385802491426e+09 -6.870970726013183594e-01 -8.124161958694458008e-01 1.918284893035888672e-01 5.169826293275558114e-03 -1.746590047464459394e-01 -7.799453929423179055e-01 -6.009598064639029014e-01
1.520530385852492571e+09 -6.543959379196166992e-01 -7.643588781356811523e-01 1.782470345497131348e-01 -1.757484045791263272e-02 -1.757496227490054908e-01 -8.002066890167252033e-01 -5.731251607976665108e-01
1.520530385902494669e+09 -6.219741702079772949e-01 -7.158145904541015625e-01 1.724272817373275757e-01 -3.924814763690120251e-02 -1.704072409493862794e-01 -8.195122616003149840e-01 -5.457294276707339575e-01
1.520530385952496529e+09 -5.916339755058288574e-01 -6.683850884437561035e-01 1.769165247678756714e-01 -5.842969921451472703e-02 -1.631665269847293043e-01 -8.355549015919486733e-01 -5.213546404772012588e-01
1.520530386002497673e+09 -5.607149600982666016e-01 -6.257514357566833496e-01 1.906573474407196045e-01 -7.246162518039594991e-02 -1.553122800188597441e-01 -8.494846557836076562e-01 -4.990022325999803332e-01
1.520530386052543879e+09 -5.284465551376342773e-01 -5.872631669044494629e-01 2.114104777574539185e-01 -8.482621323307001915e-02 -1.411185514888426695e-01 -8.636818832149648628e-01 -4.763860541414707273e-01
1.520530386102545738e+09 -4.939394593238830566e-01 -5.529157519340515137e-01 2.381658852100372314e-01 -9.183385382439981925e-02 -1.242206341713185530e-01 -8.774470839109468345e-01 -4.541171569914641548e-01
1.520530386152546883e+09 -4.568170309066772461e-01 -5.216344594955444336e-01 2.672989070415496826e-01 -9.244097588953666123e-02 -1.078109347653312955e-01 -8.896915143046802976e-01 -4.339129840139153149e-01
1.520530386202548742e+09 -4.155147075653076172e-01 -4.941951036453247070e-01 2.974364757537841797e-01 -9.368877417527299301e-02 -8.833247007953790031e-02 -8.986385042251614497e-01 -4.193669360442555671e-01
1.520530386252549887e+09 -3.724846839904785156e-01 -4.722458124160766602e-01 3.279514908790588379e-01 -1.009485497519137104e-01 -6.560887392750752722e-02 -9.051046962560944653e-01 -4.077871439612988924e-01
1.520530386302551985e+09 -3.243097960948944092e-01 -4.561789333820343018e-01 3.564522862434387207e-01 -1.112610801277274380e-01 -4.494523445821822782e-02 -9.095401988166260665e-01 -3.979164795342352012e-01
1.520530386352552891e+09 -2.726181745529174805e-01 -4.476340711116790771e-01 3.799989223480224609e-01 -1.175832558392133770e-01 -3.152917588061857762e-02 -9.110010544621957029e-01 -3.940268617534933848e-01
1.520530386402554035e+09 -2.199832350015640259e-01 -4.454157948493957520e-01 3.970891535282135010e-01 -1.156178213060330140e-01 -2.522138577368098628e-02 -9.099661888759951189e-01 -3.974392232764631938e-01
1.520530386452757835e+09 -1.637504100799560547e-01 -4.501659870147705078e-01 4.068398475646972656e-01 -1.042301537220781810e-01 -2.453908595325285033e-02 -9.068921429515925947e-01 -4.075298140852015027e-01
1.520530386502759695e+09 -1.083666160702705383e-01 -4.595030248165130615e-01 4.091404676437377930e-01 -9.345643948455018002e-02 -2.602554831240223854e-02 -9.029755450222972657e-01 -4.185973361663867243e-01
1.520530386552760839e+09 -5.150357633829116821e-02 -4.715192019939422607e-01 4.059954285621643066e-01 -8.263779527211137510e-02 -3.455385233214934571e-02 -8.977670773446556618e-01 -4.312670876818771593e-01
1.520530386602813721e+09 6.818053312599658966e-03 -4.886216223239898682e-01 4.011126756668090820e-01 -6.871351932398697682e-02 -5.265937802089069170e-02 -8.918228806320372959e-01 -4.440240891547890256e-01
1.520530386652763844e+09 6.105562672019004822e-02 -5.059248208999633789e-01 3.901878297328948975e-01 -5.774394101339177382e-02 -7.288325172271312158e-02 -8.846231802612781747e-01 -4.569414599694230916e-01
1.520530386702765942e+09 1.114298477768898010e-01 -5.258736014366149902e-01 3.790325820446014404e-01 -5.055649022170121548e-02 -8.995543093150065728e-02 -8.751453438998803014e-01 -4.727289802759623849e-01
1.520530386752766848e+09 1.640849262475967407e-01 -5.462719202041625977e-01 3.700787723064422607e-01 -4.401794230803710711e-02 -1.050734989534927583e-01 -8.636575510148361001e-01 -4.910372848854683281e-01
1.520530386802768707e+09 2.163591086864471436e-01 -5.670843124389648438e-01 3.647701144218444824e-01 -3.632163162042836846e-02 -1.189766170304281390e-01 -8.513811286633585773e-01 -5.095836314407384826e-01
1.520530386852674246e+09 2.705324888229370117e-01 -5.864652395248413086e-01 3.626333773136138916e-01 -2.693390639503867243e-02 -1.288663049960359075e-01 -8.394158434250239553e-01 -5.273035955974769706e-01
1.520530386902676105e+09 3.256168961524963379e-01 -6.024517416954040527e-01 3.662629127502441406e-01 -1.546909507083160142e-02 -1.324603804330496959e-01 -8.287563599184545327e-01 -5.434867529277361831e-01
1.520530386952678204e+09 3.854496777057647705e-01 -6.148998141288757324e-01 3.768283724784851074e-01 -6.412417422934980123e-04 -1.311509668699107345e-01 -8.205212390548196622e-01 -5.563667036748863870e-01
1.520530387002679110e+09 4.388792812824249268e-01 -6.221606135368347168e-01 3.977205157279968262e-01 1.792528564731996066e-02 -1.275477485921404086e-01 -8.148595823895876666e-01 -5.651673353542335798e-01
1.520530387052680969e+09 4.900418817996978760e-01 -6.189898848533630371e-01 4.256501793861389160e-01 4.080845324242599048e-02 -1.200031983811798431e-01 -8.121578511588612992e-01 -5.695028773617119011e-01
1.520530387102682114e+09 5.416994094848632812e-01 -6.094555854797363281e-01 4.607840478420257568e-01 6.537679413278206508e-02 -1.079806731948492887e-01 -8.112154392614091547e-01 -5.709602088668056519e-01
1.520530387152684212e+09 5.875315070152282715e-01 -5.930557847023010254e-01 4.982987642288208008e-01 8.776268576488112372e-02 -9.461661600188769894e-02 -8.104001388841650666e-01 -5.714866768877573389e-01
1.520530387202685118e+09 6.294816732406616211e-01 -5.727246999740600586e-01 5.376049876213073730e-01 1.087306340419021966e-01 -8.483660026415086597e-02 -8.078937941166904890e-01 -5.729642378929117319e-01
1.520530387252606153e+09 6.662509441375732422e-01 -5.477113127708435059e-01 5.756776928901672363e-01 1.277775270223744375e-01 -7.468221060693568114e-02 -8.080952465010791119e-01 -5.701557187201301558e-01
1.520530387302607059e+09 6.970710754394531250e-01 -5.173147320747375488e-01 6.058070659637451172e-01 1.466812878362044881e-01 -6.521743186301916240e-02 -8.113669052852796604e-01 -5.620631916321270349e-01
1.520530387352609158e+09 7.265666127204895020e-01 -4.825530350208282471e-01 6.270751953125000000e-01 1.606940588888872146e-01 -5.846292386518983641e-02 -8.191409512297231910e-01 -5.475103724948159334e-01
1.520530387402611017e+09 7.556212544441223145e-01 -4.392701685428619385e-01 6.398750543594360352e-01 1.715308999941049795e-01 -5.786433492896105035e-02 -8.286793836310611949e-01 -5.296407728218116562e-01
1.520530387452611923e+09 7.832722067832946777e-01 -3.894221484661102295e-01 6.414355635643005371e-01 1.785783471998312055e-01 -6.003957622107182479e-02 -8.400459300470541901e-01 -5.087512738165383963e-01
1.520530387502614021e+09 8.110574483871459961e-01 -3.335883915424346924e-01 6.337751150131225586e-01 1.775036082874525689e-01 -5.940174066090333355e-02 -8.545195703478245530e-01 -4.845205941381221515e-01
1.520530387552614927e+09 8.363451361656188965e-01 -2.772251367568969727e-01 6.132289767265319824e-01 1.699708466311041222e-01 -5.857439791788174310e-02 -8.700527710465368880e-01 -4.590066740237073173e-01
1.520530387602617025e+09 8.589673042297363281e-01 -2.193782925605773926e-01 5.840094685554504395e-01 1.582966887289572744e-01 -6.256714437061168532e-02 -8.870850168313344497e-01 -4.290777128867286350e-01
1.520530387652619123e+09 8.793902993202209473e-01 -1.595427989959716797e-01 5.481518507003784180e-01 1.487342710965588455e-01 -7.561945893371410654e-02 -9.035951469060595764e-01 -3.945575047059227680e-01
1.520530387702457428e+09 8.900020718574523926e-01 -1.009648218750953674e-01 5.066640377044677734e-01 1.409011644810488351e-01 -9.365355806881534018e-02 -9.194589559213054430e-01 -3.549240781984767112e-01
1.520530387752458572e+09 8.932985663414001465e-01 -4.280544072389602661e-02 4.625345766544342041e-01 1.317136546582057532e-01 -1.112940576391124176e-01 -9.345992525916598792e-01 -3.111099210342087029e-01
1.520530387802460432e+09 8.883658647537231445e-01 1.358695793896913528e-02 4.184882640838623047e-01 1.221246589502889002e-01 -1.276146413660466106e-01 -9.477318095765326911e-01 -2.657150505750136005e-01
1.520530387852464437e+09 8.737992048263549805e-01 6.585858017206192017e-02 3.765242397785186768e-01 1.116376742498829677e-01 -1.451534531705864772e-01 -9.586611940501926776e-01 -2.177985760811811666e-01
1.520530387902463675e+09 8.504900932312011719e-01 1.144419610500335693e-01 3.374199569225311279e-01 1.015388356152904237e-01 -1.646877952526155098e-01 -9.663316479879425769e-01 -1.696199901356864881e-01
1.520530387952464581e+09 8.189356923103332520e-01 1.600172817707061768e-01 3.028102517127990723e-01 8.963855900964541601e-02 -1.843673992729786548e-01 -9.713267467184597548e-01 -1.204073998279414914e-01
1.520530388002466679e+09 7.800052165985107422e-01 2.026010006666183472e-01 2.732500731945037842e-01 8.120359287658879266e-02 -2.022149961878434155e-01 -9.735461838457724060e-01 -6.872335658287616333e-02
1.520530388052467585e+09 7.351374030113220215e-01 2.431157976388931274e-01 2.511462569236755371e-01 7.945346946782032294e-02 -2.143046886811647289e-01 -9.733991167162556746e-01 -1.596264936683198382e-02
1.520530388102494001e+09 6.853949427604675293e-01 2.794729173183441162e-01 2.390438616275787354e-01 8.156057131211782996e-02 -2.172596221437678998e-01 -9.721237044414046125e-01 3.349079061934166074e-02
1.520530388152495861e+09 6.332483291625976562e-01 3.139070868492126465e-01 2.349750548601150513e-01 8.033720248722701907e-02 -2.129531461587638730e-01 -9.706722906482219138e-01 7.740927338080655362e-02
1.520530388202543974e+09 5.809614658355712891e-01 3.467483222484588623e-01 2.411640435457229614e-01 7.381079371817539370e-02 -2.045338906067555862e-01 -9.685323868373281186e-01 1.210903380585953981e-01
1.520530388252499104e+09 5.319779515266418457e-01 3.804368972778320312e-01 2.573656737804412842e-01 6.550073538228924630e-02 -1.920497988448606752e-01 -9.654382341354138530e-01 1.635712214832481803e-01
1.520530388302500963e+09 4.891675412654876709e-01 4.137955904006958008e-01 2.821256220340728760e-01 5.267860653347305327e-02 -1.760113657229101791e-01 -9.620404084447318205e-01 2.017999407074769491e-01
1.520530388352502108e+09 4.512990415096282959e-01 4.434665739536285400e-01 3.098131418228149414e-01 3.755699370197686932e-02 -1.589354979209827712e-01 -9.587217908999339233e-01 2.327692148423033680e-01
1.520530388402503967e+09 4.254369437694549561e-01 4.768577516078948975e-01 3.478722274303436279e-01 2.431963333925766385e-02 -1.416643530675729123e-01 -9.559998910878328982e-01 2.557420081727707073e-01
1.520530388452504873e+09 4.105300903320312500e-01 5.125086903572082520e-01 3.902383148670196533e-01 1.255269310958558211e-02 -1.229252348025716562e-01 -9.540816371041809241e-01 2.728736819208387732e-01
1.520530388502851963e+09 4.033155143260955811e-01 5.496435761451721191e-01 4.316445887088775635e-01 3.471913620599807954e-04 -1.008561646813296991e-01 -9.534183232322200885e-01 2.842910734247428017e-01
1.520530388552853823e+09 4.008036255836486816e-01 5.876017808914184570e-01 4.655496478080749512e-01 -9.714123492476830005e-03 -8.014645924620873718e-02 -9.539985957701504482e-01 2.887366622783635317e-01
1.520530388602854967e+09 4.039673805236816406e-01 6.287053227424621582e-01 4.926994740962982178e-01 -1.521885155283242072e-02 -6.625601076757287045e-02 -9.554360757714794872e-01 2.872636989056845946e-01
1.520530388652856827e+09 4.116688668727874756e-01 6.720303893089294434e-01 5.098959803581237793e-01 -2.221508748058740809e-02 -6.106216089721507034e-02 -9.569041147979703288e-01 2.830413706112685501e-01
1.520530388702857733e+09 4.225029945373535156e-01 7.203578948974609375e-01 5.164004564285278320e-01 -2.718362212176533496e-02 -6.244472358897089348e-02 -9.586244760721106539e-01 2.764069844626023675e-01
1.520530388752860069e+09 4.368569552898406982e-01 7.702255845069885254e-01 5.102680325508117676e-01 -2.628712294460567103e-02 -6.681119493963955103e-02 -9.606284273949723396e-01 2.683994707123977808e-01
1.520530388802860975e+09 4.530528187751770020e-01 8.224488496780395508e-01 4.939012229442596436e-01 -1.718902488436056808e-02 -7.186990560499068037e-02 -9.630188384759197362e-01 2.591022401144870146e-01
1.520530388852862835e+09 4.692134261131286621e-01 8.752305507659912109e-01 4.729061722755432129e-01 -2.787647309108778372e-03 -7.641364757084746773e-02 -9.651860405130369136e-01 2.501381432052384723e-01
1.520530388902232885e+09 4.854206442832946777e-01 9.256118535995483398e-01 4.499185383319854736e-01 1.422960499132782178e-02 -8.160609227545097266e-02 -9.671642754857835422e-01 2.402732366897753491e-01
1.520530388952235222e+09 5.011935830116271973e-01 9.769741892814636230e-01 4.279536306858062744e-01 2.837919009620418903e-02 -8.940729304491951135e-02 -9.682295707971754206e-01 2.318026224048830852e-01
1.520530389002237082e+09 5.148753523826599121e-01 1.025481104850769043e+00 4.080768227577209473e-01 4.254793403281584979e-02 -9.785435300405712078e-02 -9.680315663333244336e-01 2.270001883037695845e-01
1.520530389052237988e+09 5.276437997817993164e-01 1.070807814598083496e+00 3.911754190921783447e-01 6.073826686273466752e-02 -1.049391735256455654e-01 -9.673379877141415895e-01 2.226114334966213248e-01
1.520530389102240086e+09 5.377469658851623535e-01 1.114258527755737305e+00 3.792043328285217285e-01 7.732750055450010596e-02 -1.109952642838090836e-01 -9.671616625052483762e-01 2.151716234651895321e-01
1.520530389152241945e+09 5.430628657341003418e-01 1.155207276344299316e+00 3.718743324279785156e-01 9.164698615958978556e-02 -1.178968275708607155e-01 -9.673574771617192702e-01 2.047454013058767619e-01
1.520530389202242851e+09 5.428615212440490723e-01 1.195182919502258301e+00 3.712510168552398682e-01 1.000145855377315984e-01 -1.268256700561113670e-01 -9.676517438891231171e-01 1.938103058221439245e-01
1.520530389252245188e+09 5.355438590049743652e-01 1.234408736228942871e+00 3.766339123249053955e-01 1.040776768192815255e-01 -1.324501867021473933e-01 -9.678945665021468914e-01 1.865606961985523671e-01
1.520530389302933931e+09 5.205062031745910645e-01 1.274473428726196289e+00 3.886265158653259277e-01 1.100009619263551536e-01 -1.265965567221353505e-01 -9.686226967846036651e-01 1.834207498488039656e-01
1.520530389352935791e+09 4.970045089721679688e-01 1.312461614608764648e+00 4.059016406536102295e-01 1.151140293243103491e-01 -1.067316197971280994e-01 -9.706013470057350823e-01 1.824558762519191690e-01
1.520530389402937889e+09 4.655164182186126709e-01 1.342054247856140137e+00 4.286072254180908203e-01 1.142416777219708024e-01 -7.823849921979071642e-02 -9.729616874293495199e-01 1.848597606450275155e-01
1.520530389452938795e+09 4.252732098102569580e-01 1.363521695137023926e+00 4.563357234001159668e-01 1.075585355049290120e-01 -4.813607536207448190e-02 -9.741245010532348925e-01 1.928614428457844365e-01
1.520530389502939701e+09 3.770749866962432861e-01 1.377580761909484863e+00 4.879106283187866211e-01 9.936379440078600689e-02 -2.053582254189505879e-02 -9.725646179661360247e-01 2.093398677633808991e-01
1.520530389552942038e+09 3.212739229202270508e-01 1.387704730033874512e+00 5.192056298255920410e-01 9.188670512590531303e-02 3.315572571885157856e-03 -9.674660402971437811e-01 2.357017209767274246e-01
1.520530389602942705e+09 2.596977949142456055e-01 1.393145918846130371e+00 5.458502173423767090e-01 8.423760845569627786e-02 2.013332665827665541e-02 -9.601454241469924433e-01 2.657431823564391227e-01
1.520530389652947903e+09 1.957155615091323853e-01 1.395236611366271973e+00 5.645665526390075684e-01 7.953069053813799361e-02 2.775773672019565819e-02 -9.515868060136472018e-01 2.956128006961891153e-01
1.520530389702846527e+09 1.309488713741302490e-01 1.391412138938903809e+00 5.728017091751098633e-01 7.956983946028939325e-02 3.169000541979909158e-02 -9.408625425694743249e-01 3.277835569311874919e-01
1.520530389753402948e+09 6.477072834968566895e-02 1.380284667015075684e+00 5.693039298057556152e-01 8.380169487016969621e-02 3.590832306234018750e-02 -9.268962217389876690e-01 3.640759019733757484e-01
1.520530389803445101e+09 -3.031107131391763687e-03 1.366788983345031738e+00 5.555093288421630859e-01 9.206046580959235948e-02 3.873595084762748719e-02 -9.093355808389382844e-01 4.038975094837322644e-01
1.520530389853405952e+09 -7.203771919012069702e-02 1.347506999969482422e+00 5.310696959495544434e-01 1.000037811597392357e-01 3.609863107531390003e-02 -8.890944254751841358e-01 4.452047115397542720e-01
1.520530389903408051e+09 -1.414968222379684448e-01 1.322318434715270996e+00 4.972786307334899902e-01 1.035603203577004916e-01 2.350062116557330785e-02 -8.657175842099867902e-01 4.891380635790543718e-01
1.520530389953409195e+09 -2.097490131855010986e-01 1.292987465858459473e+00 4.548990130424499512e-01 1.076297369848380897e-01 2.959775457099175777e-03 -8.421391706786679476e-01 5.284020218114835465e-01
1.520530390003411055e+09 -2.750471532344818115e-01 1.259357094764709473e+00 4.065403938293457031e-01 1.161418452919944500e-01 -2.345172255781389353e-02 -8.203501491281840474e-01 5.594521617677492564e-01
1.520530390053412199e+09 -3.358456790447235107e-01 1.223262071609497070e+00 3.551319837570190430e-01 1.301712222147902998e-01 -5.399434919784171227e-02 -7.984550456650599815e-01 5.853286283907667142e-01
1.520530390103414059e+09 -3.968858122825622559e-01 1.186873316764831543e+00 3.067692518234252930e-01 1.505939266554777167e-01 -9.119624209110216428e-02 -7.736553812455743140e-01 6.086559502319112136e-01
1.520530390152568579e+09 -4.434676766395568848e-01 1.146739959716796875e+00 2.579413950443267822e-01 1.745134152861824162e-01 -1.324955528966712537e-01 -7.433625493068161116e-01 6.319826869747534603e-01
1.520530390202569485e+09 -4.854073822498321533e-01 1.102777838706970215e+00 2.142320871353149414e-01 1.996610168009277653e-01 -1.734987947290310140e-01 -7.064996969692847184e-01 6.564235102278879186e-01
1.520530390252571583e+09 -5.220654606819152832e-01 1.057057619094848633e+00 1.779501289129257202e-01 2.246346601389506425e-01 -2.075958243556742522e-01 -6.670873851409447886e-01 6.792920312797455784e-01
1.520530390302572727e+09 -5.541721582412719727e-01 1.008880496025085449e+00 1.506403386592864990e-01 2.505305512190745265e-01 -2.328150984982574057e-01 -6.247958649995934977e-01 7.018986393322922401e-01
1.520530390352574587e+09 -5.832986831665039062e-01 9.598112106323242188e-01 1.343369930982589722e-01 2.774399060002115114e-01 -2.478020345467278618e-01 -5.842795629118423539e-01 7.212757049815574639e-01
1.520530390402575493e+09 -6.115022301673889160e-01 9.103290438652038574e-01 1.287814825773239136e-01 3.024100313995011780e-01 -2.567490595480573790e-01 -5.465928823128328728e-01 7.374715684927051207e-01
1.520530390452577591e+09 -6.463187932968139648e-01 8.642299175262451172e-01 1.361789256334304810e-01 3.223955457493650201e-01 -2.573948065788546069e-01 -5.131461343758964011e-01 7.526553463586621584e-01
1.520530390502578497e+09 -6.798169016838073730e-01 8.154903054237365723e-01 1.493802219629287720e-01 3.349031861422925860e-01 -2.481765865322897446e-01 -4.834410794068393358e-01 7.697616257977998311e-01
1.520530390553324223e+09 -7.190988659858703613e-01 7.675098180770874023e-01 1.736827790737152100e-01 3.341219548456261235e-01 -2.319771824136777072e-01 -4.598062393958319283e-01 7.893841449777234676e-01
1.520530390603326082e+09 -7.609358429908752441e-01 7.199075222015380859e-01 2.027513384819030762e-01 3.183258350391588443e-01 -2.101494189095113041e-01 -4.437604789865851052e-01 8.109146205169898147e-01
1.520530390653327227e+09 -8.042103052139282227e-01 6.739498376846313477e-01 2.390061020851135254e-01 2.918800228988910339e-01 -1.831052485519896467e-01 -4.343191110554104339e-01 8.322532246601961337e-01
1.520530390703329086e+09 -8.487160801887512207e-01 6.321650147438049316e-01 2.827722132205963135e-01 2.582312659216038919e-01 -1.544315121370378463e-01 -4.283071485799316291e-01 8.520683703993020552e-01
1.520530390753330946e+09 -8.928431272506713867e-01 5.956428647041320801e-01 3.318566083908081055e-01 2.184131501704147382e-01 -1.261175520437221309e-01 -4.251581253670402849e-01 8.692701693567533860e-01
1.520530390803333282e+09 -9.379271864891052246e-01 5.633525848388671875e-01 3.835436403751373291e-01 1.718983894877142427e-01 -9.908533533831746787e-02 -4.256035255417746632e-01 8.828899586351830475e-01
1.520530390853334188e+09 -9.783803820610046387e-01 5.386523604393005371e-01 4.368882775306701660e-01 1.217376610318420260e-01 -7.188361564526023206e-02 -4.276017655134575768e-01 8.928434453016019789e-01
1.520530390903336048e+09 -1.014810681343078613e+00 5.225962400436401367e-01 4.905194640159606934e-01 7.063591253313335205e-02 -4.339355463443959893e-02 -4.309986989307985072e-01 8.985364148418015784e-01
1.520530390953379154e+09 -1.051016688346862793e+00 5.110119581222534180e-01 5.382498502731323242e-01 1.673615667538184623e-02 -1.649588477244093992e-02 -4.349346610597820684e-01 9.001553351806141912e-01
1.520530391003381014e+09 -1.085397362709045410e+00 5.050137639045715332e-01 5.821399688720703125e-01 -3.719366650070703856e-02 7.188759619912762043e-03 -4.385075791381938815e-01 8.979287588365361117e-01
1.520530391053383112e+09 -1.117774844169616699e+00 5.014253854751586914e-01 6.199569702148437500e-01 -8.837158674533929226e-02 2.516217629636033348e-02 -4.400512723021081096e-01 8.932593158122884569e-01
1.520530391103384256e+09 -1.150151133537292480e+00 5.001189708709716797e-01 6.501908898353576660e-01 -1.341895650796030570e-01 3.975694305675894075e-02 -4.397246780720186488e-01 8.871610640672799031e-01
1.520530391153385162e+09 -1.184460759162902832e+00 5.027610659599304199e-01 6.804665923118591309e-01 -1.741137512178097813e-01 5.197752662340670432e-02 -4.370088894370163235e-01 8.809120097467177946e-01
1.520530391203387260e+09 -1.223770022392272949e+00 4.994401931762695312e-01 7.001649737358093262e-01 -2.072580856695683538e-01 6.269215650029891229e-02 -4.339381357818256069e-01 8.745350043034995080e-01
1.520530391253388166e+09 -1.267112493515014648e+00 4.919495284557342529e-01 7.153273820877075195e-01 -2.280452321369412227e-01 7.028868550709529983e-02 -4.318274407850832275e-01 8.698160346730212655e-01
1.520530391303389072e+09 -1.320059418678283691e+00 4.801236689090728760e-01 7.312117218971252441e-01 -2.260530496848145443e-01 7.104275824732494971e-02 -4.336422799197036659e-01 8.693717952032077312e-01
1.520530391352332830e+09 -1.372864127159118652e+00 4.648412764072418213e-01 7.237914800643920898e-01 -1.997536666820473317e-01 6.127419535672407741e-02 -4.397811477086301934e-01 8.734623562298169386e-01
1.520530391402366161e+09 -1.430918812751770020e+00 4.462909698486328125e-01 7.054038047790527344e-01 -1.548963491804457859e-01 4.318666471111762967e-02 -4.504012180992794101e-01 8.782259252244745129e-01
1.520530391452336073e+09 -1.487792372703552246e+00 4.259085953235626221e-01 6.774710416793823242e-01 -1.028823787556225750e-01 2.019604540458412589e-02 -4.602169699856106244e-01 8.815938273541075176e-01
1.520530391502337933e+09 -1.541012406349182129e+00 4.083586335182189941e-01 6.441924571990966797e-01 -4.637516175585851969e-02 -1.412330044063615222e-03 -4.666187350120276633e-01 8.832407971961777626e-01
1.520530391552339077e+09 -1.590083956718444824e+00 3.903986513614654541e-01 6.101177930831909180e-01 7.907287923866378188e-03 -2.276752451804613456e-02 -4.697538480526814442e-01 8.824683772604587917e-01
1.520530391602340937e+09 -1.636773109436035156e+00 3.735156655311584473e-01 5.759983658790588379e-01 5.131851951586805655e-02 -4.613055761764429941e-02 -4.695573172182533894e-01 8.802012878060230250e-01
1.520530391652341843e+09 -1.680610179901123047e+00 3.574351668357849121e-01 5.422665476799011230e-01 8.604106942697911653e-02 -6.885055365050821163e-02 -4.682004690249417789e-01 8.767239339944500331e-01
1.520530391702343941e+09 -1.723056197166442871e+00 3.424992561340332031e-01 5.127426981925964355e-01 1.173634433983808262e-01 -8.676727708690770702e-02 -4.658850349572770111e-01 8.727246965586890060e-01
1.520530391752424479e+09 -1.763840675354003906e+00 3.291621208190917969e-01 4.878245294094085693e-01 1.430138338044423529e-01 -1.011564723471748972e-01 -4.644637368560815549e-01 8.680943776966391079e-01
1.520530391802425623e+09 -1.804442167282104492e+00 3.164863586425781250e-01 4.694111049175262451e-01 1.590286146130847622e-01 -1.087125059147550921e-01 -4.669676576781074395e-01 8.630369038891669842e-01
1.520530391852427721e+09 -1.847134113311767578e+00 3.035692572593688965e-01 4.543079137802124023e-01 1.631717195798229880e-01 -1.102717119886225672e-01 -4.737824684240496964e-01 8.583386931034138190e-01
1.520530391902428627e+09 -1.893529891967773438e+00 2.869631648063659668e-01 4.548540711402893066e-01 1.561797033971788762e-01 -1.038431398693426544e-01 -4.816733059340829182e-01 8.560463357198468959e-01
1.520530391952430725e+09 -1.939487338066101074e+00 2.699598968029022217e-01 4.657107293605804443e-01 1.349748948049769859e-01 -9.023289986938246021e-02 -4.882081969018314260e-01 8.574920163076797941e-01
1.520530392002431631e+09 -1.989325284957885742e+00 2.535455822944641113e-01 4.779949784278869629e-01 1.024867245369235208e-01 -7.111649607429081088e-02 -4.970755330459261656e-01 8.586936763054195954e-01
1.520530392052433491e+09 -2.039239406585693359e+00 2.374781817197799683e-01 4.994210600852966309e-01 6.314898533455849672e-02 -5.071596404628609528e-02 -5.110741454000067296e-01 8.557121680481845072e-01
1.520530392102434635e+09 -2.082464694976806641e+00 2.247179001569747925e-01 5.290477275848388672e-01 2.300234783408235464e-02 -2.783878996317683957e-02 -5.288426476935863541e-01 8.479512649604004082e-01
1.520530392152436495e+09 -2.121313095092773438e+00 2.168707549571990967e-01 5.605854988098144531e-01 -1.650986780145785246e-02 5.854057237985980933e-04 -5.475854143902084692e-01 8.365866933632284397e-01
1.520530392203141689e+09 -2.158159971237182617e+00 2.126559764146804810e-01 5.924912691116333008e-01 -5.915577373100587566e-02 3.232385034232833354e-02 -5.622208394602519199e-01 8.242350943814162889e-01
1.520530392253142595e+09 -2.189597845077514648e+00 2.094062119722366333e-01 6.238023042678833008e-01 -1.027212669217646979e-01 6.652885968592917032e-02 -5.706578701546952681e-01 8.120171472212790453e-01
1.520530392303144693e+09 -2.215673446655273438e+00 2.068189233541488647e-01 6.537091732025146484e-01 -1.444365504343582129e-01 1.025509219170512715e-01 -5.737740290741863980e-01 7.996278852519842495e-01
1.520530392353146791e+09 -2.239941358566284180e+00 2.057697027921676636e-01 6.813473105430603027e-01 -1.837338876819885058e-01 1.373712213589933506e-01 -5.752091165492531077e-01 7.851786282739926515e-01
1.520530392403147697e+09 -2.264328241348266602e+00 2.046400904655456543e-01 7.069164514541625977e-01 -2.216766470692662361e-01 1.677635605609384406e-01 -5.754840358576261972e-01 7.691118100543397063e-01
1.520530392453149796e+09 -2.287014484405517578e+00 2.044830471277236938e-01 7.290167808532714844e-01 -2.568181354550365114e-01 1.948147339813979806e-01 -5.753147376754448317e-01 7.517344061160095015e-01
1.520530392503150702e+09 -2.309100627899169922e+00 2.059326618909835815e-01 7.470283508300781250e-01 -2.827737282480617953e-01 2.204829565297926619e-01 -5.784773726543182004e-01 7.326596848602561218e-01
1.520530392553152561e+09 -2.327717781066894531e+00 2.071719169616699219e-01 7.617108225822448730e-01 -2.997239674963064759e-01 2.399729814698618180e-01 -5.831270515987905245e-01 7.159199348854867750e-01
1.520530392602234602e+09 -2.353166818618774414e+00 2.064701020717620850e-01 7.683546543121337891e-01 -3.071820343076696047e-01 2.512257915664296570e-01 -5.898639377646375248e-01 7.032676122040729672e-01
1.520530392652235985e+09 -2.382251977920532227e+00 2.036459147930145264e-01 7.726588249206542969e-01 -3.035398897685285258e-01 2.529767649988857725e-01 -6.011808272900832639e-01 6.945846993627338151e-01
1.520530392702236652e+09 -2.415186405181884766e+00 1.977339535951614380e-01 7.692962288856506348e-01 -2.874085165474394299e-01 2.433142691144550285e-01 -6.138687427295437260e-01 6.938008920150997572e-01
1.520530392752238750e+09 -2.448852777481079102e+00 1.910533308982849121e-01 7.577530145645141602e-01 -2.568273217346601078e-01 2.213096593713106686e-01 -6.286531019893892847e-01 6.998978774354686072e-01
1.520530392802240849e+09 -2.482866525650024414e+00 1.839581280946731567e-01 7.384839057922363281e-01 -2.135477105567974987e-01 1.864273899581684879e-01 -6.500868464009524894e-01 7.050030466074594937e-01
1.520530392852241755e+09 -2.515094757080078125e+00 1.785272806882858276e-01 7.130143046379089355e-01 -1.635295735930397953e-01 1.390210379226109738e-01 -6.741828269721553690e-01 7.066885773742429544e-01
1.520530392902242661e+09 -2.544007539749145508e+00 1.730239093303680420e-01 6.800482869148254395e-01 -1.105339952956443800e-01 8.475667820668124353e-02 -6.946932540161219194e-01 7.056910260219009245e-01
1.520530392952244759e+09 -2.566720962524414062e+00 1.671102643013000488e-01 6.449775695800781250e-01 -6.428495412583723478e-02 3.209999758016918864e-02 -7.108561570287972309e-01 6.996574582198364922e-01
1.520530393002173901e+09 -2.581589937210083008e+00 1.626644879579544067e-01 6.082517504692077637e-01 -3.363143502642589044e-02 -7.597103841685862516e-03 -7.269816670349474874e-01 6.857906870076105887e-01
1.520530393052153587e+09 -2.590189933776855469e+00 1.576933562755584717e-01 5.715364813804626465e-01 -1.433656456684946970e-02 -3.294343498740543580e-02 -7.438777679319600322e-01 6.673492784024092073e-01
1.520530393102155685e+09 -2.590564966201782227e+00 1.507303267717361450e-01 5.342923402786254883e-01 6.785213459822049369e-03 -5.134425688463140763e-02 -7.606915881104159283e-01 6.470440757331163972e-01
1.520530393152156830e+09 -2.585207939147949219e+00 1.395954638719558716e-01 4.972888529300689697e-01 3.184204216117368647e-02 -7.359258178049728205e-02 -7.740222313004465615e-01 6.280603487807242535e-01
1.520530393202158689e+09 -2.576595783233642578e+00 1.253037452697753906e-01 4.622712731361389160e-01 5.903290471746556328e-02 -9.974563560418586716e-02 -7.834908114690268821e-01 6.104982167722863284e-01
1.520530393252159595e+09 -2.565966606140136719e+00 1.104724630713462830e-01 4.303819537162780762e-01 8.283126165679430275e-02 -1.278657999117444044e-01 -7.865042022799569876e-01 5.984985038421082315e-01
1.520530393302161694e+09 -2.552948474884033203e+00 8.981620520353317261e-02 4.048041701316833496e-01 1.024937584655858519e-01 -1.502143525626334908e-01 -7.853148234468145805e-01 5.917865373886816993e-01
1.520530393352163792e+09 -2.534713983535766602e+00 6.245680525898933411e-02 3.876846730709075928e-01 1.201525654437892859e-01 -1.622421627407832079e-01 -7.828599383118587385e-01 5.885330565336341913e-01
1.520530393402920723e+09 -2.515831470489501953e+00 3.121479041874408722e-02 3.798830211162567139e-01 1.294842580932855092e-01 -1.631707150896573311e-01 -7.815613862865726791e-01 5.880229112109254253e-01
1.520530393452923059e+09 -2.494822740554809570e+00 -4.125736188143491745e-03 3.829162418842315674e-01 1.220018550236910554e-01 -1.492217909313425794e-01 -7.830781837684903657e-01 5.913010760922590148e-01
1.520530393502923965e+09 -2.468496322631835938e+00 -3.820502012968063354e-02 3.995582759380340576e-01 9.640494381347462782e-02 -1.181643785518741580e-01 -7.866489599438850622e-01 5.982697387207330797e-01
1.520530393552925825e+09 -2.436013221740722656e+00 -7.024988532066345215e-02 4.281127452850341797e-01 5.181387001074012899e-02 -7.427889759434025407e-02 -7.889017958641904027e-01 6.078091186622118780e-01
1.520530393602926970e+09 -2.394949197769165039e+00 -9.969040006399154663e-02 4.610524773597717285e-01 -5.763688118624127332e-03 -2.127259408669269353e-02 -7.869046322134470861e-01 6.166809194722290277e-01
1.520530393652928829e+09 -2.346752643585205078e+00 -1.245185360312461853e-01 4.945289194583892822e-01 -6.706446927600363817e-02 3.748560570136003078e-02 -7.785945271535067436e-01 6.228063492069888518e-01
1.520530393702930689e+09 -2.291969776153564453e+00 -1.440744400024414062e-01 5.259313583374023438e-01 -1.219304488301324041e-01 9.556602579195731806e-02 -7.660340580643332231e-01 6.238524843646157114e-01
1.520530393752931833e+09 -2.233707427978515625e+00 -1.643553376197814941e-01 5.520331263542175293e-01 -1.650825072184393394e-01 1.437791971401546631e-01 -7.548566137436124590e-01 6.182772848550505129e-01
1.520530393802958012e+09 -2.174577713012695312e+00 -1.837451308965682983e-01 5.726395249366760254e-01 -1.971847587068873975e-01 1.774299910576861150e-01 -7.478088228042919505e-01 6.086203527183716711e-01
1.520530393852958918e+09 -2.116615772247314453e+00 -2.026150077581405640e-01 5.872170925140380859e-01 -2.197203677433340052e-01 1.958455033127588507e-01 -7.433786531819850385e-01 6.006294005659765789e-01
1.520530393902960777e+09 -2.062097549438476562e+00 -2.218056023120880127e-01 5.950906872749328613e-01 -2.305961272875900470e-01 2.024109400744076859e-01 -7.405564971924114559e-01 5.978555945077925760e-01
1.520530393952962875e+09 -2.007282733917236328e+00 -2.361135929822921753e-01 6.078510880470275879e-01 -2.332010101478857178e-01 2.019113753090314711e-01 -7.394183342441997819e-01 5.984226034921760196e-01
1.520530394002963781e+09 -1.962594628334045410e+00 -2.550622820854187012e-01 6.032823324203491211e-01 -2.328791961716233372e-01 1.979723611279859963e-01 -7.379884267502038186e-01 6.016205666386647000e-01
1.520530394052964687e+09 -1.913054943084716797e+00 -2.787708640098571777e-01 5.948031544685363770e-01 -2.241583136560839629e-01 1.884809854587495281e-01 -7.399720444126779428e-01 6.055322799216249496e-01
1.520530394102967978e+09 -1.871036767959594727e+00 -2.968080043792724609e-01 5.872877240180969238e-01 -2.005717010360884567e-01 1.667979658527287412e-01 -7.462759021869462828e-01 6.123901608827017062e-01
1.520530394152968884e+09 -1.831045389175415039e+00 -3.146510720252990723e-01 5.693788528442382812e-01 -1.645007338104314265e-01 1.311335936237423561e-01 -7.541681099878080330e-01 6.220723037369293440e-01
1.520530394202164888e+09 -1.793194532394409180e+00 -3.338000178337097168e-01 5.440025925636291504e-01 -1.233199840491113336e-01 8.805758759572497596e-02 -7.607789807031185569e-01 6.310732012383922784e-01
1.520530394252166748e+09 -1.750810146331787109e+00 -3.543228507041931152e-01 5.151544213294982910e-01 -8.143844781454798176e-02 4.364327861787029028e-02 -7.644756042947328245e-01 6.379969387757616905e-01
1.520530394302168846e+09 -1.711855530738830566e+00 -3.698911964893341064e-01 4.867661297321319580e-01 -4.450458509123104284e-02 -2.020410658887054987e-03 -7.633695342385785620e-01 6.444239396879997139e-01
1.520530394352169752e+09 -1.669043540954589844e+00 -3.891730904579162598e-01 4.571990966796875000e-01 -6.798657991328982061e-03 -4.611387061069159576e-02 -7.582619119959244092e-01 6.502816020795162411e-01
1.520530394402171850e+09 -1.621220231056213379e+00 -4.095331132411956787e-01 4.270180463790893555e-01 3.241236704407864794e-02 -9.004492568743248382e-02 -7.490471790766246585e-01 6.555682064727482716e-01
1.520530394452172995e+09 -1.571585178375244141e+00 -4.276925623416900635e-01 3.978913724422454834e-01 7.111645775692541915e-02 -1.336731824374436661e-01 -7.359215141894293044e-01 6.599192789169679996e-01
1.520530394502174854e+09 -1.519962906837463379e+00 -4.469764530658721924e-01 3.691970705986022949e-01 1.058479657372793092e-01 -1.725334908345420304e-01 -7.171172234488059072e-01 6.669117561737850641e-01
1.520530394552175760e+09 -1.468493938446044922e+00 -4.646383523941040039e-01 3.448173105716705322e-01 1.341235614930162134e-01 -2.016641910463718712e-01 -6.939063550630344412e-01 6.781123761628122804e-01
1.520530394602188826e+09 -1.416355609893798828e+00 -4.833344221115112305e-01 3.238481283187866211e-01 1.553458621293409558e-01 -2.210654326245390933e-01 -6.675949862668363322e-01 6.937684570007486284e-01
1.520530394652876616e+09 -1.359571576118469238e+00 -5.043628215789794922e-01 3.088462054729461670e-01 1.742124552735195842e-01 -2.301352464825332789e-01 -6.425217968551565351e-01 7.098264078773180996e-01
1.520530394702878475e+09 -1.298213362693786621e+00 -5.279474854469299316e-01 2.966622412204742432e-01 1.816619843687261593e-01 -2.320645635921321503e-01 -6.195627743574597668e-01 7.275210858734592057e-01
1.520530394752879381e+09 -1.234196543693542480e+00 -5.496617555618286133e-01 2.884680330753326416e-01 1.774208049788761898e-01 -2.197730182681121025e-01 -5.990635587697410447e-01 7.492292913094792395e-01
1.520530394802881718e+09 -1.165883660316467285e+00 -5.710114240646362305e-01 2.887727618217468262e-01 1.576540913542356093e-01 -1.940942402202838202e-01 -5.785903321347740658e-01 7.763413173036414205e-01
1.520530394852882624e+09 -1.101172447204589844e+00 -5.887646079063415527e-01 3.030034601688385010e-01 1.266770789380119444e-01 -1.611386064429083664e-01 -5.579174666678261563e-01 8.041861523132100009e-01
1.520530394902884722e+09 -1.041257858276367188e+00 -6.038166880607604980e-01 3.283688426017761230e-01 9.437529983482247087e-02 -1.293048938560237837e-01 -5.362611126451376498e-01 8.287325058609495976e-01
1.520530394952885628e+09 -9.789797663688659668e-01 -6.211460232734680176e-01 3.584019243717193604e-01 5.870887505635766918e-02 -1.036793715380345260e-01 -5.145584825653867211e-01 8.491368699609633808e-01
1.520530395002887487e+09 -9.181932210922241211e-01 -6.382784247398376465e-01 3.932810425758361816e-01 1.461288981871812498e-02 -8.104400548682977323e-02 -4.940803918075580836e-01 8.655073073389309979e-01
1.520530395053731441e+09 -8.574793338775634766e-01 -6.531812548637390137e-01 4.264047145843505859e-01 -3.186497324762282979e-02 -5.854548256642182896e-02 -4.749369412590959127e-01 8.774918528273906171e-01
1.520530395103732347e+09 -7.952381372451782227e-01 -6.664922237396240234e-01 4.537815153598785400e-01 -6.703204318431295328e-02 -3.843653377806695998e-02 -4.546843236363271035e-01 8.872944854427079475e-01
1.520530395153734446e+09 -7.356452345848083496e-01 -6.762755513191223145e-01 4.759245514869689941e-01 -8.506001885610425806e-02 -2.532448130508233031e-02 -4.299123983384876002e-01 8.984980765664873914e-01
1.520530395203735352e+09 -6.741700768470764160e-01 -6.855255961418151855e-01 4.877471029758453369e-01 -8.545633497383574306e-02 -1.871387308107320957e-02 -4.015757782746678939e-01 9.116380312768000982e-01
1.520530395253737211e+09 -6.139035820960998535e-01 -6.940721273422241211e-01 4.905928671360015869e-01 -7.550914727325040710e-02 -1.466370587753379126e-02 -3.741707872052690842e-01 9.241642529389421101e-01
1.520530395303738356e+09 -5.507947206497192383e-01 -7.031794786453247070e-01 4.837513267993927002e-01 -6.279672296222413297e-02 -1.503870636901757235e-02 -3.475073064309079918e-01 9.354512712445727241e-01
1.520530395353740454e+09 -4.830480515956878662e-01 -7.125141024589538574e-01 4.695020914077758789e-01 -4.590135495610585953e-02 -1.742216593185420478e-02 -3.210448363414550310e-01 9.457905406621093247e-01
1.520530395403742313e+09 -4.215323626995086670e-01 -7.167183756828308105e-01 4.533611834049224854e-01 -2.532889507013979039e-02 -2.625347486906064176e-02 -2.922100721985713689e-01 9.556581375353486729e-01
1.520530395452704906e+09 -3.565965592861175537e-01 -7.187485694885253906e-01 4.314385652542114258e-01 -4.174464471190886782e-03 -4.091520983312669363e-02 -2.631598473539632499e-01 9.638752067520612865e-01
1.520530395502706766e+09 -2.945905625820159912e-01 -7.137843370437622070e-01 4.072313606739044189e-01 1.754460873013212463e-02 -5.643076130800839946e-02 -2.400777660803353752e-01 9.689532610588504902e-01
1.520530395552708864e+09 -2.330626994371414185e-01 -7.058379054069519043e-01 3.815358579158782959e-01 4.058626198063886720e-02 -7.239008523531841044e-02 -2.216678060274069328e-01 9.715841778606001400e-01
1.520530395602709770e+09 -1.777566075325012207e-01 -6.908676624298095703e-01 3.553117215633392334e-01 6.465020449765272736e-02 -8.444981596168281424e-02 -2.087001397266815272e-01 9.721794234196243778e-01
1.520530395652711868e+09 -1.277892440557479858e-01 -6.696124672889709473e-01 3.300311863422393799e-01 8.742923106474850825e-02 -9.579418399028130637e-02 -2.005061465242312935e-01 9.710699712559678343e-01
1.520530395702713013e+09 -8.161408454179763794e-02 -6.417482495307922363e-01 3.034276962280273438e-01 1.039606446092974368e-01 -1.064974182038313927e-01 -1.982937238076431519e-01 9.687776232896978534e-01
1.520530395752714872e+09 -4.492766410112380981e-02 -6.057882905006408691e-01 2.797585129737854004e-01 1.129897536466602376e-01 -1.150864586500910947e-01 -2.024465817750768781e-01 9.659212204594301854e-01
1.520530395802716017e+09 -1.487745624035596848e-02 -5.637983083724975586e-01 2.558575272560119629e-01 1.153490237649562461e-01 -1.198156319018628124e-01 -2.142402664440297977e-01 9.625174935046219016e-01
1.520530395853078127e+09 7.796732708811759949e-03 -5.151022672653198242e-01 2.331769764423370361e-01 1.145084423768506776e-01 -1.214404402001463823e-01 -2.316851462769664027e-01 9.583642465696657897e-01
1.520530395903079271e+09 2.512867376208305359e-02 -4.610183238983154297e-01 2.122899591922760010e-01 1.160094286418849180e-01 -1.161884362906040746e-01 -2.552371611114857552e-01 9.528357945240498728e-01
1.520530395953081131e+09 3.826197236776351929e-02 -4.029759168624877930e-01 1.926740705966949463e-01 1.197399723637621316e-01 -1.092709976272523420e-01 -2.836001820725628786e-01 9.451418543394847216e-01
1.520530396003082991e+09 4.831288382411003113e-02 -3.414572775363922119e-01 1.773367673158645630e-01 1.249400792101163921e-01 -1.064027211330009354e-01 -3.149290191458365973e-01 9.348198491914386787e-01
1.520530396053084373e+09 5.905632302165031433e-02 -2.747490108013153076e-01 1.647493243217468262e-01 1.310755193467211810e-01 -1.110572467861219992e-01 -3.470751424690128317e-01 9.219676467449322566e-01
1.520530396103085041e+09 6.524821370840072632e-02 -2.081933021545410156e-01 1.562194377183914185e-01 1.351527080741063147e-01 -1.177139840035446999e-01 -3.803021784271127803e-01 9.073298278761925406e-01
1.520530396153087139e+09 7.641816139221191406e-02 -1.401720941066741943e-01 1.442635059356689453e-01 1.338530479453027000e-01 -1.177714614820858929e-01 -4.171162839314593862e-01 8.911942830243787528e-01
1.520530396203089237e+09 8.819817006587982178e-02 -7.031062990427017212e-02 1.337936818599700928e-01 1.274770501166621883e-01 -1.110995861427164222e-01 -4.557613442742922683e-01 8.738924880772011017e-01
1.520530396253235102e+09 1.023416072130203247e-01 1.352368737570941448e-03 1.246797740459442139e-01 1.164148425023626976e-01 -1.014889307986912015e-01 -4.928630187106510241e-01 8.562906201506081949e-01
1.520530396303236961e+09 1.186370104551315308e-01 7.504238933324813843e-02 1.183522939682006836e-01 1.068777903069618312e-01 -8.872077730752567226e-02 -5.286433170226365608e-01 8.374019375308096036e-01
1.520530396353237867e+09 1.384688615798950195e-01 1.509370654821395874e-01 1.143823340535163879e-01 1.007739711823133627e-01 -7.972617870378256866e-02 -5.636164914384921287e-01 8.159808782931147197e-01
1.520530396403239965e+09 1.601435840129852295e-01 2.263853251934051514e-01 1.180992871522903442e-01 9.852335011971906364e-02 -7.862898086021286037e-02 -5.976893995846150887e-01 7.917562847709223028e-01
1.520530396453240871e+09 1.859359145164489746e-01 3.042317628860473633e-01 1.208382099866867065e-01 9.824893709735546543e-02 -8.232048226056200291e-02 -6.308501418113801051e-01 7.652441330295776112e-01
1.520530396503242731e+09 2.128178626298904419e-01 3.815151154994964600e-01 1.261492222547531128e-01 9.800016718448280317e-02 -8.730807756471253844e-02 -6.637848506198505971e-01 7.363171456046303520e-01
1.520530396553244114e+09 2.394215017557144165e-01 4.571338593959808350e-01 1.342976987361907959e-01 9.752894773158025943e-02 -9.262703202577722561e-02 -6.970583082644604689e-01 7.042854905306191737e-01
1.520530396603245974e+09 2.660982608795166016e-01 5.308568477630615234e-01 1.444100588560104370e-01 9.755484942418841954e-02 -9.620218159033534777e-02 -7.288054960299282792e-01 6.708731180839296870e-01
1.520530396653247833e+09 2.910194098949432373e-01 6.017333269119262695e-01 1.571929752826690674e-01 9.654327942492203773e-02 -9.784816672232921064e-02 -7.564801934591014465e-01 6.394082016763946719e-01
1.520530396703144550e+09 3.128650486469268799e-01 6.689635515213012695e-01 1.746178418397903442e-01 9.437198987445033493e-02 -9.485521963339176021e-02 -7.799927037974556665e-01 6.113164457612539904e-01
1.520530396753146648e+09 3.369426429271697998e-01 7.380716800689697266e-01 1.915534883737564087e-01 9.068495966684347875e-02 -8.722517847164992788e-02 -7.999660476015608701e-01 5.867046352429382550e-01
1.520530396803147554e+09 3.468984663486480713e-01 7.909326553344726562e-01 2.196954637765884399e-01 8.581928173322607434e-02 -7.684254654857480826e-02 -8.164176353962111499e-01 5.658555633169850552e-01
1.520530396853149652e+09 3.563851714134216309e-01 8.411643505096435547e-01 2.514511644840240479e-01 8.076866367234129818e-02 -6.415224543244324451e-02 -8.301136731128719859e-01 5.479709865363454613e-01
1.520530396903151751e+09 3.644334673881530762e-01 8.870204687118530273e-01 2.867828905582427979e-01 7.837445156630952481e-02 -4.776180082422502859e-02 -8.426915264967214103e-01 5.305160194511876481e-01
1.520530396953152657e+09 3.680623769760131836e-01 9.269590377807617188e-01 3.275508582592010498e-01 7.292783748560244250e-02 -2.795375412600386786e-02 -8.528440890357937842e-01 5.162916597686271203e-01
1.520530397003154516e+09 3.694247901439666748e-01 9.581785798072814941e-01 3.725807368755340576e-01 6.351864252950474576e-02 -2.968978329891666657e-03 -8.589188341635360935e-01 5.081486037942422040e-01
1.520530397053155661e+09 3.651852607727050781e-01 9.752051234245300293e-01 4.225192368030548096e-01 5.560878223158662037e-02 2.481726506404802884e-02 -8.608871572900144153e-01 5.051386632466164928e-01
1.520530397102782011e+09 3.598196208477020264e-01 9.825442433357238770e-01 4.737423956394195557e-01 4.650590241203143849e-02 5.154702076817884587e-02 -8.591120830024996380e-01 5.070567369928871138e-01
1.520530397152783871e+09 3.512786030769348145e-01 9.770196080207824707e-01 5.216739177703857422e-01 3.983993505481824710e-02 7.507520262702159497e-02 -8.522465931428313546e-01 5.161901180783847742e-01
1.520530397202785015e+09 3.389587998390197754e-01 9.587252736091613770e-01 5.646710395812988281e-01 3.619824604171683474e-02 9.747644940507468880e-02 -8.412610613692523831e-01 5.305354421890795535e-01
1.520530397252787113e+09 3.252208530902862549e-01 9.286679029464721680e-01 6.006972789764404297e-01 3.331209138479611365e-02 1.159763487223641754e-01 -8.262702306336174862e-01 5.501975073310201303e-01
1.520530397302788258e+09 3.131414949893951416e-01 8.940554261207580566e-01 6.267411708831787109e-01 2.918660389079097417e-02 1.300036878077469316e-01 -8.074920592641920969e-01 5.746335854568390689e-01
1.520530397352790117e+09 3.020401895046234131e-01 8.478373885154724121e-01 6.428214311599731445e-01 2.159151115378503405e-02 1.402272197487511862e-01 -7.850631586981158261e-01 6.029477343373708109e-01
1.520530397402791023e+09 2.914564013481140137e-01 7.920925021171569824e-01 6.466882228851318359e-01 1.510351917712733465e-02 1.483952332616355618e-01 -7.599480387383306113e-01 6.326371130999630665e-01
1.520530397452793121e+09 2.826738357543945312e-01 7.296152114868164062e-01 6.391416192054748535e-01 1.281909388491602603e-02 1.518712408046705153e-01 -7.344742613187735802e-01 6.613005039380065453e-01
1.520530397502304316e+09 2.782782316207885742e-01 6.597085595130920410e-01 6.143475174903869629e-01 1.555676627241656812e-02 1.465216751648807103e-01 -7.090653179817354435e-01 6.895765081305212929e-01
1.520530397552306175e+09 2.793148756027221680e-01 5.836793184280395508e-01 5.755580067634582520e-01 2.194436875171354440e-02 1.293038347160552493e-01 -6.802066140197297051e-01 7.211920169078593901e-01
1.520530397602308512e+09 2.853307127952575684e-01 5.038020014762878418e-01 5.278341174125671387e-01 3.199324261144186055e-02 1.041169200981328924e-01 -6.503783214008598268e-01 7.517606922606984154e-01
1.520530397652309418e+09 2.988702058792114258e-01 4.213134646415710449e-01 4.720523357391357422e-01 4.317051272439925008e-02 7.347811183976807325e-02 -6.185287380705950522e-01 7.811270537450180074e-01
1.520530397702310562e+09 3.207953274250030518e-01 3.377379775047302246e-01 4.123404026031494141e-01 5.436122099535074109e-02 3.979684179739814698e-02 -5.855057493163894344e-01 8.078639034839351085e-01
1.520530397752312422e+09 3.477436006069183350e-01 2.543150484561920166e-01 3.520413637161254883e-01 6.840429072784769138e-02 4.205622475268816496e-03 -5.525229264488745740e-01 8.306753767254613230e-01
1.520530397802315474e+09 3.816104531288146973e-01 1.731126308441162109e-01 2.907733321189880371e-01 8.839617038395543303e-02 -3.122434432794398557e-02 -5.188642211042857610e-01 8.497005810522808567e-01
1.520530397852315426e+09 4.186582267284393311e-01 9.458164870738983154e-02 2.368885278701782227e-01 1.138432609257982453e-01 -6.407391208468854460e-02 -4.823371416175429860e-01 8.661900066083436656e-01
1.520530397902585030e+09 4.601603150367736816e-01 1.800256222486495972e-02 1.888087242841720581e-01 1.399379002561706165e-01 -9.274014353350057416e-02 -4.417722295877177796e-01 8.812797212090929255e-01
1.520530397952586174e+09 5.035273432731628418e-01 -5.477329343557357788e-02 1.508005112409591675e-01 1.633029613902120813e-01 -1.157858246678006853e-01 -3.999382638228242137e-01 8.944133109125608216e-01
1.520530398002588034e+09 5.469051003456115723e-01 -1.224292963743209839e-01 1.235499754548072815e-01 1.852835119355001059e-01 -1.332830787125404426e-01 -3.586692811189870489e-01 9.051309230798288974e-01
1.520530398052588940e+09 5.866407752037048340e-01 -1.863154470920562744e-01 1.074970811605453491e-01 2.059092601421302349e-01 -1.451218631448519536e-01 -3.187447313742559074e-01 9.137520547972742824e-01
1.520530398102591038e+09 6.197381615638732910e-01 -2.475644499063491821e-01 1.015573740005493164e-01 2.224394709403431647e-01 -1.516278156206721794e-01 -2.799831181397364754e-01 9.214874610403734900e-01
1.520530398152591944e+09 6.504262685775756836e-01 -3.112165033817291260e-01 9.685255587100982666e-02 2.304242011712174520e-01 -1.512785344139950250e-01 -2.434667996099762755e-01 9.299158080320151232e-01
1.520530398202593803e+09 6.654541492462158203e-01 -3.689140379428863525e-01 1.117639318108558655e-01 2.264264365577143834e-01 -1.474640512308733331e-01 -2.091313293840250942e-01 9.398135503877479424e-01
1.520530398252596140e+09 6.692004799842834473e-01 -4.273369908332824707e-01 1.346697211265563965e-01 2.103508885070978496e-01 -1.417536007457425307e-01 -1.765985361034919376e-01 9.510370010814483965e-01
1.520530398303365231e+09 6.658297777175903320e-01 -4.865267872810363770e-01 1.651224344968795776e-01 1.813390773371984510e-01 -1.374594212323317632e-01 -1.462547567445808550e-01 9.627204125157778902e-01
1.520530398353367329e+09 6.499909162521362305e-01 -5.401729941368103027e-01 2.102717757225036621e-01 1.437619723434982455e-01 -1.362139533270646519e-01 -1.236088156608337596e-01 9.723677878857595047e-01
1.520530398403368235e+09 6.181685924530029297e-01 -5.854229331016540527e-01 2.685444951057434082e-01 1.029616511467710688e-01 -1.321521688722737675e-01 -1.139614051288962704e-01 9.792586485686670672e-01
1.520530398453370094e+09 5.769867897033691406e-01 -6.248155236244201660e-01 3.314979970455169678e-01 6.120626615855257607e-02 -1.301876601888966034e-01 -1.091123295574401852e-01 9.835646728385569748e-01
1.520530398503371477e+09 5.384038090705871582e-01 -6.557069420814514160e-01 3.856950700283050537e-01 2.268182741079122211e-02 -1.211685276872173922e-01 -1.112378496752606249e-01 9.861185848583542413e-01
1.520530398553373337e+09 4.856958091259002686e-01 -6.717758178710937500e-01 4.484464228153228760e-01 -1.562034535876377812e-02 -1.055671952580272965e-01 -1.245587029803584961e-01 9.864566394971840957e-01
1.520530398603375196e+09 4.241416752338409424e-01 -6.774804592132568359e-01 5.078185200691223145e-01 -5.469120189614950361e-02 -9.172800008463832810e-02 -1.438043090114279887e-01 9.838267973303903569e-01
1.520530398653376341e+09 3.578640222549438477e-01 -6.850693821907043457e-01 5.701066255569458008e-01 -8.842798815269738155e-02 -7.523466432075748278e-02 -1.678629171651644658e-01 9.789495784955476454e-01
1.520530398703221083e+09 2.955430746078491211e-01 -6.760805845260620117e-01 6.124433279037475586e-01 -1.128830834424217472e-01 -6.006922917184850941e-02 -1.954556126143396355e-01 9.723405785406595836e-01
1.520530398753222942e+09 2.292028069496154785e-01 -6.573724746704101562e-01 6.434384584426879883e-01 -1.275748614762529931e-01 -4.704738051530368143e-02 -2.276761092408318699e-01 9.641964467819407192e-01
1.520530398803225040e+09 1.591801643371582031e-01 -6.343326568603515625e-01 6.627854704856872559e-01 -1.372888465641232403e-01 -3.797407628252199435e-02 -2.632032499355957400e-01 9.541665427811448774e-01
1.520530398853226185e+09 8.202824741601943970e-02 -6.054285168647766113e-01 6.744660735130310059e-01 -1.442059832412961873e-01 -3.145846632622024963e-02 -3.000916154944646141e-01 9.424224220612196223e-01
1.520530398903227091e+09 1.173587143421173096e-02 -5.686544775962829590e-01 6.635736227035522461e-01 -1.477749439631788342e-01 -2.882929221223597474e-02 -3.394935894039646795e-01 9.284802316693838709e-01
1.520530398953228951e+09 -5.944150313735008240e-02 -5.304234027862548828e-01 6.383174061775207520e-01 -1.424684151983281188e-01 -2.942139128910224721e-02 -3.791953722949244487e-01 9.138096092926599745e-01
1.520530399003230095e+09 -1.329762339591979980e-01 -4.871093928813934326e-01 6.042991876602172852e-01 -1.240804169042503124e-01 -3.289740265207333897e-02 -4.216623857566628719e-01 8.976205453740540019e-01
1.520530399053231955e+09 -1.976481676101684570e-01 -4.391454458236694336e-01 5.560684204101562500e-01 -9.733921967610900672e-02 -4.067676052725978375e-02 -4.650917675277506658e-01 8.789539949529593388e-01
1.520530399103232861e+09 -2.552529573440551758e-01 -3.844165503978729248e-01 5.021814703941345215e-01 -7.239529896576943346e-02 -5.646690089375325933e-02 -5.081029296448068555e-01 8.563888268056024655e-01
1.520530399152329922e+09 -3.028210699558258057e-01 -3.228433430194854736e-01 4.471261203289031982e-01 -5.064184342725532723e-02 -7.817400608395431993e-02 -5.486435024987118547e-01 8.308516929230034265e-01
1.520530399202332020e+09 -3.409802317619323730e-01 -2.529490590095520020e-01 3.896600008010864258e-01 -2.924302248346595523e-02 -1.015619943330400426e-01 -5.892168339883779860e-01 8.010327892713501319e-01
1.520530399252332926e+09 -3.700718879699707031e-01 -1.782710552215576172e-01 3.337542116641998291e-01 -1.159875780497610261e-02 -1.247781302153084665e-01 -6.295733725193134456e-01 7.667680585757408185e-01
1.520530399302334785e+09 -3.909641802310943604e-01 -9.594548493623733521e-02 2.816289663314819336e-01 2.798650313888545113e-03 -1.493921524623479657e-01 -6.688595175495366529e-01 7.282177546053708594e-01
1.520530399352335930e+09 -4.039676487445831299e-01 -1.079787872731685638e-02 2.353802919387817383e-01 1.504165280328903335e-02 -1.752272664596767060e-01 -7.056823845226084524e-01 6.863537906535521760e-01
1.520530399402342081e+09 -4.107381701469421387e-01 7.674807310104370117e-02 1.954117566347122192e-01 2.380255113120194332e-02 -1.985652641242273975e-01 -7.385148617028991502e-01 6.438952348688956606e-01
1.520530399452338934e+09 -4.123495221138000488e-01 1.648257523775100708e-01 1.635112762451171875e-01 3.096486391783151784e-02 -2.133427525874823372e-01 -7.686062331048267859e-01 6.023043296817275349e-01
1.520530399502341032e+09 -4.110422730445861816e-01 2.521182596683502197e-01 1.409946978092193604e-01 3.979986338497495252e-02 -2.184701752897460769e-01 -7.974675503012889077e-01 5.610100352042430849e-01
1.520530399553005934e+09 -4.093549549579620361e-01 3.389813303947448730e-01 1.296859532594680786e-01 5.281196161108516612e-02 -2.149237393927516671e-01 -8.260313270918212547e-01 5.183540581679189074e-01
1.520530399603008032e+09 -4.083257317543029785e-01 4.218777120113372803e-01 1.293426454067230225e-01 6.708221726634994164e-02 -2.066635590432129299e-01 -8.510455887361639826e-01 4.780288227533344703e-01
1.520530399653008938e+09 -4.075103402137756348e-01 4.991644918918609619e-01 1.377139389514923096e-01 8.431670806995589240e-02 -1.947826741333948952e-01 -8.710180512998139113e-01 4.430326815344037272e-01
1.520530399703010798e+09 -4.130341410636901855e-01 5.718655586242675781e-01 1.566075235605239868e-01 1.002695445213753339e-01 -1.768730789387892577e-01 -8.886083067716969985e-01 4.111413498111402554e-01
1.520530399753012180e+09 -4.267670810222625732e-01 6.385235190391540527e-01 1.853698790073394775e-01 1.072694339878569880e-01 -1.568734763659697384e-01 -9.043046056210723993e-01 3.822527451795431630e-01
1.520530399803014040e+09 -4.496135115623474121e-01 6.961213350296020508e-01 2.236563861370086670e-01 1.108186703246706456e-01 -1.367943896825813133e-01 -9.169424269278964035e-01 3.580825365169619245e-01
1.520530399853015900e+09 -4.802060425281524658e-01 7.485675811767578125e-01 2.671982049942016602e-01 1.086708745700808582e-01 -1.165261030490754857e-01 -9.267423040243707444e-01 3.402366974033972924e-01
1.520530399903017044e+09 -5.166735649108886719e-01 7.997637391090393066e-01 3.120674490928649902e-01 1.045351639148281997e-01 -9.240493307951343216e-02 -9.338373076741863787e-01 3.293654666835879041e-01
1.520530399953274965e+09 -5.598677396774291992e-01 8.391034603118896484e-01 3.626042008399963379e-01 1.024973014080123451e-01 -5.913407321638183139e-02 -9.395047968396947891e-01 3.214470427677296738e-01
1.520530400003275871e+09 -6.094984412193298340e-01 8.696697950363159180e-01 4.151320159435272217e-01 1.001632638314813445e-01 -2.167452450987872314e-02 -9.430079846124309606e-01 3.165967095898136185e-01
1.520530400053277969e+09 -6.652830839157104492e-01 8.927828073501586914e-01 4.684154689311981201e-01 9.369936238265663686e-02 1.368304011938381408e-02 -9.443331606983402793e-01 3.150683822722581406e-01
1.520530400103278875e+09 -7.250179648399353027e-01 9.088612198829650879e-01 5.202767252922058105e-01 8.386430444527033512e-02 4.513357712835314867e-02 -9.438400363960521844e-01 3.163790833026244309e-01
1.520530400153280973e+09 -7.870828509330749512e-01 9.201342463493347168e-01 5.698772072792053223e-01 6.984482714353303090e-02 7.060753562961613605e-02 -9.415885817893427934e-01 3.217875365478543026e-01
1.520530400203283072e+09 -8.510140776634216309e-01 9.251967072486877441e-01 6.164426803588867188e-01 5.206653648445371679e-02 8.763675800359156665e-02 -9.377975103915818789e-01 3.318805567195584616e-01
1.520530400253283978e+09 -9.146291017532348633e-01 9.191396832466125488e-01 6.596954464912414551e-01 3.493389792893500378e-02 9.968537646358996418e-02 -9.319140136584562750e-01 3.469563656164699195e-01
1.520530400303285837e+09 -9.805400371551513672e-01 9.106398820877075195e-01 6.974236965179443359e-01 1.959501024785423318e-02 1.129924135827509446e-01 -9.227761049858648201e-01 3.678763516634999120e-01
1.520530400352494240e+09 -1.045071005821228027e+00 8.962990641593933105e-01 7.283524870872497559e-01 5.345351740445965748e-03 1.301698324914599414e-01 -9.100856945293732680e-01 3.934097997469107599e-01
1.520530400402496099e+09 -1.112211346626281738e+00 8.759646415710449219e-01 7.529221177101135254e-01 -5.294608253791965001e-03 1.455113693673985575e-01 -8.942367157332861138e-01 4.232482778970391157e-01
1.520530400452497959e+09 -1.183799862861633301e+00 8.532313704490661621e-01 7.724767923355102539e-01 -1.096254065846583373e-02 1.528626751765145286e-01 -8.764856608694807649e-01 4.563832945347372494e-01
1.520530400502500296e+09 -1.257697701454162598e+00 8.278688192367553711e-01 7.833671569824218750e-01 -1.572071754667367025e-02 1.518792504018141865e-01 -8.561978902289409943e-01 4.935693721299075354e-01
1.520530400552501202e+09 -1.330607414245605469e+00 7.973839640617370605e-01 7.836237549781799316e-01 -2.159129985779209213e-02 1.460261772534166558e-01 -8.329130896480643198e-01 5.333535004292371262e-01
1.520530400602501869e+09 -1.400654911994934082e+00 7.593450546264648438e-01 7.748128771781921387e-01 -2.741798095101210045e-02 1.386164522926743858e-01 -8.081615854903522189e-01 5.717592021227841936e-01
1.520530400652504206e+09 -1.466676473617553711e+00 7.186946868896484375e-01 7.571204900741577148e-01 -2.949519424513020668e-02 1.317877970453047720e-01 -7.840951103777893394e-01 6.057696492463369164e-01
1.520530400702505112e+09 -1.526883602142333984e+00 6.770513057708740234e-01 7.304483056068420410e-01 -2.916609968701819322e-02 1.217381247757352847e-01 -7.597244754014794710e-01 6.380814125807782178e-01
1.520530400752291441e+09 -1.583737254142761230e+00 6.330252885818481445e-01 6.980662345886230469e-01 -2.450640791835340462e-02 1.054815838946831508e-01 -7.328935025437615103e-01 6.716696995988022945e-01
1.520530400802292347e+09 -1.632555961608886719e+00 5.876163840293884277e-01 6.533855795860290527e-01 -1.056673585761909277e-02 8.737348944939098139e-02 -7.048999216181266458e-01 7.038254882692949188e-01
1.520530400852294207e+09 -1.672646284103393555e+00 5.379748344421386719e-01 6.029887795448303223e-01 8.106997020161876844e-03 6.855718608444957840e-02 -6.757322369407139373e-01 7.339074415718894739e-01
1.520530400902295351e+09 -1.704802036285400391e+00 4.860185980796813965e-01 5.536673069000244141e-01 2.833058093870602367e-02 4.971082079183360841e-02 -6.457802579458251646e-01 7.613764318176002854e-01
1.520530400952297211e+09 -1.730562090873718262e+00 4.304605126380920410e-01 5.049115419387817383e-01 5.018359926993584685e-02 3.294886863116777698e-02 -6.147880855310425829e-01 7.864042143257600204e-01
1.520530401002299309e+09 -1.747226834297180176e+00 3.745496869087219238e-01 4.611333012580871582e-01 6.933027983542923434e-02 1.956403552538022242e-02 -5.795448794962244632e-01 8.117501422615270856e-01
1.520530401052300453e+09 -1.755841851234436035e+00 3.146546781063079834e-01 4.241801798343658447e-01 8.445235438593340360e-02 6.826578115442959692e-03 -5.369685476116027312e-01 8.393366288598349545e-01
1.520530401102302313e+09 -1.758150577545166016e+00 2.504499256610870361e-01 3.941550850868225098e-01 1.005236773496975544e-01 -3.783475258170088725e-03 -4.881532041747666528e-01 8.669412464873114121e-01
1.520530401152303219e+09 -1.754555702209472656e+00 1.846342384815216064e-01 3.732800483703613281e-01 1.150858967618947765e-01 -1.119154103068116003e-02 -4.365167501430841090e-01 8.922348976701086620e-01
1.520530401202755213e+09 -1.743115663528442383e+00 1.165659204125404358e-01 3.617300987243652344e-01 1.221850678582148825e-01 -1.484417843243745865e-02 -3.868676832165262591e-01 9.138839397001278231e-01
1.520530401252756119e+09 -1.727009773254394531e+00 4.825206473469734192e-02 3.640591204166412354e-01 1.186704403473140962e-01 -1.935241916113924002e-02 -3.411823188290104003e-01 9.322754076874737450e-01
1.520530401302758217e+09 -1.707597255706787109e+00 -2.126823179423809052e-02 3.769434094429016113e-01 1.071469527958241602e-01 -2.336279791184737303e-02 -2.960782855881605169e-01 9.488473844530928014e-01
1.520530401352759123e+09 -1.685876846313476562e+00 -8.317381888628005981e-02 4.053409695625305176e-01 8.639907653834322243e-02 -2.426605620224410453e-02 -2.508092767497864806e-01 9.638677631220790021e-01
1.520530401402760983e+09 -1.664318203926086426e+00 -1.381770223379135132e-01 4.464387595653533936e-01 5.792808947891645022e-02 -1.833469316261466045e-02 -2.073157162624092442e-01 9.763853589984642367e-01
1.520530401452763319e+09 -1.637117028236389160e+00 -1.837940216064453125e-01 4.947218000888824463e-01 2.710002274235732977e-02 -1.074107358276505525e-02 -1.656550756487920328e-01 9.857528158810636709e-01
1.520530401502764225e+09 -1.605236053466796875e+00 -2.182263433933258057e-01 5.473514199256896973e-01 -3.420660932782259699e-03 -7.635764692945853221e-03 -1.222036690863233382e-01 9.924697765867620536e-01
1.520530401552766085e+09 -1.569834828376770020e+00 -2.444809526205062866e-01 5.984520316123962402e-01 -3.128228634445813505e-02 -5.173072095438457398e-03 -7.588940677729207052e-02 9.966119886019580987e-01
1.520530401603037357e+09 -1.531813740730285645e+00 -2.614378631114959717e-01 6.454451084136962891e-01 -5.591657352282189408e-02 -1.608653808708330373e-03 -2.591527251730261008e-02 9.980977645946034205e-01
1.520530401653039217e+09 -1.497871041297912598e+00 -2.724359035491943359e-01 6.896715760231018066e-01 -7.874207716824040137e-02 3.955749215215425933e-03 2.441299077570732029e-02 9.965882014216115303e-01
1.520530401703041315e+09 -1.456168532371520996e+00 -2.717023789882659912e-01 7.194682359695434570e-01 -1.009950006573112069e-01 1.029635184882195416e-02 7.495748735499870030e-02 9.920057308656338169e-01
1.520530401753042221e+09 -1.417820930480957031e+00 -2.648488879203796387e-01 7.411242127418518066e-01 -1.211002527001399237e-01 1.503465210939746756e-02 1.293706429187413687e-01 9.840589031062636494e-01
1.520530401803044081e+09 -1.381826758384704590e+00 -2.480949312448501587e-01 7.525307536125183105e-01 -1.341635400546660473e-01 1.835368339147395306e-02 1.896474609582646798e-01 9.724696022899889103e-01
1.520530401853045225e+09 -1.343585014343261719e+00 -2.225241661071777344e-01 7.435880899429321289e-01 -1.384416461306302304e-01 2.084892898916988063e-02 2.519203912612340002e-01 9.575674123754591704e-01
1.520530401903047323e+09 -1.307025432586669922e+00 -1.888348460197448730e-01 7.214750647544860840e-01 -1.351127633559983388e-01 2.110405466682472447e-02 3.147011718367312971e-01 9.392882052381547053e-01
1.520530401953048468e+09 -1.273650646209716797e+00 -1.466400027275085449e-01 6.858863234519958496e-01 -1.247429570459394760e-01 2.652980831711410428e-02 3.709656138344978316e-01 9.198477467986135858e-01
1.520530402002281427e+09 -1.244325637817382812e+00 -1.006980091333389282e-01 6.401573419570922852e-01 -1.075258926874785026e-01 3.729830428404486836e-02 4.183379722999532313e-01 9.011328203052305641e-01
1.520530402052283287e+09 -1.222441911697387695e+00 -4.712068662047386169e-02 5.840794444084167480e-01 -8.184081996542603987e-02 4.814844540552320334e-02 4.638029896417240061e-01 8.808351685711788281e-01
1.520530402102285147e+09 -1.208010196685791016e+00 1.360388193279504776e-02 5.216075181961059570e-01 -5.319539498911458886e-02 6.679679037517953499e-02 5.076025408394245764e-01 8.573494615854651002e-01
1.520530402152286291e+09 -1.203808069229125977e+00 8.280333131551742554e-02 4.592441320419311523e-01 -2.648557409970059978e-02 8.748071968512367846e-02 5.524327491468640217e-01 8.285310469246280896e-01
1.520530402202287197e+09 -1.209143877029418945e+00 1.596981585025787354e-01 3.982887864112854004e-01 -4.783540402469479806e-03 1.081153505205671023e-01 5.971932291349446587e-01 7.947631318817013346e-01
1.520530402252289295e+09 -1.222615242004394531e+00 2.435907721519470215e-01 3.410250246524810791e-01 1.506179702003910582e-02 1.257855178624356363e-01 6.417486828348997197e-01 7.563793848633615369e-01
1.520530402302290201e+09 -1.243438720703125000e+00 3.326739966869354248e-01 2.895915806293487549e-01 3.539433036283246015e-02 1.408246041780863711e-01 6.843024644061763695e-01 7.145948568551874214e-01
1.520530402352292299e+09 -1.270107865333557129e+00 4.244660139083862305e-01 2.442735433578491211e-01 5.751666956280599569e-02 1.555526347308649193e-01 7.233605709929094019e-01 6.702571856261605454e-01
1.520530402402566671e+09 -1.304121851921081543e+00 5.171791911125183105e-01 2.103541344404220581e-01 7.746981574578096219e-02 1.732555421821140029e-01 7.586339462600319994e-01 6.232619676616145687e-01
1.520530402452568769e+09 -1.338784217834472656e+00 6.107474565505981445e-01 1.867819875478744507e-01 9.310615329412851027e-02 1.883649581983045662e-01 7.900210249225012582e-01 5.759484932892193765e-01
1.520530402502570629e+09 -1.368469238281250000e+00 7.057462930679321289e-01 1.708125621080398560e-01 1.054522255543996478e-01 1.954367189186937415e-01 8.173315020605244063e-01 5.316517024927188695e-01
1.520530402552571774e+09 -1.393430233001708984e+00 7.995575666427612305e-01 1.660999655723571777e-01 1.208669973000553316e-01 1.893537794768245797e-01 8.403929429682680530e-01 4.932301861916441044e-01
1.520530402602573633e+09 -1.412494182586669922e+00 8.881525993347167969e-01 1.736914962530136108e-01 1.311937844491880834e-01 1.785158333167524702e-01 8.596150717160973009e-01 4.604152654459387484e-01
1.520530402652671576e+09 -1.424825191497802734e+00 9.711501002311706543e-01 1.911377757787704468e-01 1.388568170361348664e-01 1.612013323630745176e-01 8.763674136626055100e-01 4.321030792267957499e-01
1.520530402702576637e+09 -1.432330369949340820e+00 1.045732617378234863e+00 2.179263085126876831e-01 1.416200383987010203e-01 1.405512079202202724e-01 8.903905056377834359e-01 4.091379597962154779e-01
1.520530402752577543e+09 -1.426551103591918945e+00 1.108088850975036621e+00 2.585981786251068115e-01 1.405774622195332113e-01 1.169652391706613170e-01 9.026379387741736426e-01 3.896175835703221124e-01
1.520530402803416491e+09 -1.421730279922485352e+00 1.161782383918762207e+00 3.037658631801605225e-01 1.339431914647837563e-01 8.957979249843435465e-02 9.133375889550420235e-01 3.739640769351468275e-01
1.520530402853417397e+09 -1.405659914016723633e+00 1.204024553298950195e+00 3.576517701148986816e-01 1.243341623233307214e-01 5.947146113726430733e-02 9.218659279309021626e-01 3.621703636545256511e-01
1.520530402903419256e+09 -1.380237221717834473e+00 1.236466646194458008e+00 4.151016175746917725e-01 1.139121077357038714e-01 2.634547701126513722e-02 9.289167104734632474e-01 3.513455458027301415e-01
1.520530402953420401e+09 -1.347413420677185059e+00 1.259975671768188477e+00 4.746963083744049072e-01 1.027503409212890406e-01 -9.312785695738089176e-03 9.346559175893377480e-01 3.402557202728224706e-01
1.520530403003422260e+09 -1.313352346420288086e+00 1.273875236511230469e+00 5.329400300979614258e-01 8.968248080499827135e-02 -4.563820664496481133e-02 9.389649485319885303e-01 3.289666125296198396e-01
1.520530403053424597e+09 -1.277544021606445312e+00 1.282465934753417969e+00 5.910855531692504883e-01 7.271570943872324166e-02 -8.043174622683328667e-02 9.417247703223231570e-01 3.184299244120963324e-01
1.520530403103425264e+09 -1.242928504943847656e+00 1.279698014259338379e+00 6.467193365097045898e-01 5.518018787568763212e-02 -1.135584629440370141e-01 9.413115315198297139e-01 3.130370952260836392e-01
1.520530403153427362e+09 -1.202604413032531738e+00 1.268123626708984375e+00 6.967129111289978027e-01 4.079793492914951525e-02 -1.427848690491844152e-01 9.391080108188217812e-01 3.098776430981102226e-01
1.520530403202933073e+09 -1.159002900123596191e+00 1.255876064300537109e+00 7.392036318778991699e-01 2.594348869117199183e-02 -1.613571131234906586e-01 9.360559202389537869e-01 3.115928940534262170e-01
1.520530403252935171e+09 -1.112327814102172852e+00 1.238626003265380859e+00 7.746626138687133789e-01 1.101249594886626396e-02 -1.688531855736008502e-01 9.309231426209926274e-01 3.236501648188647162e-01
1.520530403302936077e+09 -1.059849500656127930e+00 1.215706586837768555e+00 7.994314432144165039e-01 -9.619050780344386522e-05 -1.729473435855340413e-01 9.223086047063656645e-01 3.455952036395910643e-01
1.520530403352938175e+09 -1.001020669937133789e+00 1.188649177551269531e+00 8.107997179031372070e-01 -7.060019714180094247e-03 -1.747796969933485267e-01 9.109253221681027357e-01 3.736539456147716098e-01
1.520530403402940273e+09 -9.378725290298461914e-01 1.158623456954956055e+00 8.144015669822692871e-01 -8.692079894945527532e-03 -1.722103007766035421e-01 8.989581792796773607e-01 4.026689110916055747e-01
1.520530403452941179e+09 -8.716036081314086914e-01 1.122765183448791504e+00 8.010721206665039062e-01 -6.593702934425785776e-03 -1.646292120269936543e-01 8.850000616376613172e-01 4.354637028850044667e-01
1.520530403502943039e+09 -8.041501045227050781e-01 1.082996487617492676e+00 7.754527926445007324e-01 -3.062607671896572410e-03 -1.542553430160168992e-01 8.677107554075810247e-01 4.725187345865389243e-01
1.520530403552945137e+09 -7.339547872543334961e-01 1.041839241981506348e+00 7.392122149467468262e-01 4.828883275292720871e-03 -1.419312042331727641e-01 8.491184010429631002e-01 5.087535318417715224e-01
1.520530403602946043e+09 -6.658280491828918457e-01 9.952590465545654297e-01 6.929575800895690918e-01 1.588613531351600050e-02 -1.220297732317006251e-01 8.304117277104700046e-01 5.433900326935825476e-01
1.520530403652253866e+09 -6.012805700302124023e-01 9.438287019729614258e-01 6.392413973808288574e-01 2.816275402163130603e-02 -9.428559637046869668e-02 8.093021806204030444e-01 5.790915869239016134e-01
1.520530403702255726e+09 -5.412716269493103027e-01 8.867410421371459961e-01 5.819526910781860352e-01 4.105511399826532182e-02 -6.476769153955316827e-02 7.844967902313423336e-01 6.153733906043939994e-01
1.520530403752256870e+09 -4.890279769897460938e-01 8.249581456184387207e-01 5.237440466880798340e-01 5.610300020859614739e-02 -3.893378978269852048e-02 7.544069607670048638e-01 6.528451201679016380e-01
1.520530403802257776e+09 -4.472673237323760986e-01 7.573444843292236328e-01 4.664977192878723145e-01 7.424365461611426298e-02 -1.572378668164419596e-02 7.193776109920305695e-01 6.904610742721359884e-01
1.520530403852260590e+09 -4.182985424995422363e-01 6.840910315513610840e-01 4.127469956874847412e-01 9.721026010184749544e-02 3.087827990948917127e-03 6.811624373404598920e-01 7.256434142232901507e-01
1.520530403902260780e+09 -3.989312946796417236e-01 6.084427833557128906e-01 3.661906719207763672e-01 1.246883885388826024e-01 1.711142541943576345e-02 6.419502196626677426e-01 7.563464288001527924e-01
1.520530403952262640e+09 -3.876374959945678711e-01 5.302907824516296387e-01 3.273028433322906494e-01 1.491103066424611101e-01 2.996754247248477332e-02 6.014366914937606667e-01 7.843098679579326715e-01
1.520530404002263546e+09 -3.824917376041412354e-01 4.510281383991241455e-01 2.964094281196594238e-01 1.638473529312637067e-01 4.373571564888468349e-02 5.585787664405429398e-01 8.119304119170923650e-01
1.520530404052744627e+09 -3.819178938865661621e-01 3.713762462139129639e-01 2.746338844299316406e-01 1.711107486198757410e-01 5.152402054330817299e-02 5.154508929504322268e-01 8.380792110358069591e-01
1.520530404102746725e+09 -3.776970207691192627e-01 2.962831258773803711e-01 2.606795430183410645e-01 1.702527350924677996e-01 5.855436441136142173e-02 4.750330300531981909e-01 8.613530129745834429e-01
1.520530404152747631e+09 -3.784281611442565918e-01 2.187239676713943481e-01 2.547948360443115234e-01 1.671011887517240557e-01 6.301861973420710972e-02 4.347225110290181549e-01 8.826789816740746586e-01
1.520530404202749491e+09 -3.787193298339843750e-01 1.425885409116744995e-01 2.598424553871154785e-01 1.627787900136416221e-01 6.949820166603215554e-02 3.973847809658615504e-01 9.004212355023600844e-01
1.520530404252828598e+09 -3.755718469619750977e-01 6.994633376598358154e-02 2.758431732654571533e-01 1.516100554975482462e-01 7.276064613212443466e-02 3.636062000645713943e-01 9.162482254940901294e-01
1.520530404302752495e+09 -3.694299459457397461e-01 4.612138145603239536e-04 3.043854236602783203e-01 1.311451354106913381e-01 7.239217357648639051e-02 3.354526481720238595e-01 9.300708830499746504e-01
1.520530404352753401e+09 -3.602115511894226074e-01 -6.393697857856750488e-02 3.450002372264862061e-01 1.044355797852919571e-01 7.365600365993987819e-02 3.108970056544511085e-01 9.418126430850527475e-01
1.520530404402755737e+09 -3.473162353038787842e-01 -1.179955601692199707e-01 3.958225250244140625e-01 7.679213950442016767e-02 7.292225597884713362e-02 2.913565492232007559e-01 9.507348069351608810e-01
1.520530404453112364e+09 -3.253259658813476562e-01 -1.628849506378173828e-01 4.540643692016601562e-01 4.864618487247474032e-02 6.932625078378847061e-02 2.770374974931117951e-01 9.571194516006715780e-01
1.520530404503114223e+09 -2.952879965305328369e-01 -1.970281749963760376e-01 5.153055191040039062e-01 2.208816343918535222e-02 6.512476946856968207e-02 2.680184418825235504e-01 9.609562904983837139e-01
1.520530404553115129e+09 -2.603482007980346680e-01 -2.258747518062591553e-01 5.780067443847656250e-01 -1.617584341003683009e-03 6.206057080570390877e-02 2.641427159273057046e-01 9.624835035441994258e-01
1.520530404603117466e+09 -2.184467911720275879e-01 -2.479367405176162720e-01 6.372928619384765625e-01 -2.224758353395560329e-02 6.062630663255891977e-02 2.658623337128717123e-01 9.618454738073785037e-01
1.520530404653119326e+09 -1.728554666042327881e-01 -2.614763677120208740e-01 6.931400895118713379e-01 -4.426961032046876354e-02 6.002761812946508235e-02 2.711109228582615494e-01 9.596539762699463072e-01
1.520530404703120232e+09 -1.210823580622673035e-01 -2.706358432769775391e-01 7.426693439483642578e-01 -6.899391652727299151e-02 5.659841576246741474e-02 2.809592997161766692e-01 9.555617880170818035e-01
1.520530404753122330e+09 -6.463136523962020874e-02 -2.731002569198608398e-01 7.880685925483703613e-01 -9.538044996167116540e-02 5.306381437708881932e-02 2.929695980068537930e-01 9.498713681402158882e-01
1.520530404803123236e+09 -4.194898065179586411e-03 -2.700009942054748535e-01 8.299708366394042969e-01 -1.166416902019626750e-01 4.799288842170029018e-02 3.128447858724561215e-01 9.413923404830680797e-01
1.520530404852641821e+09 5.677025392651557922e-02 -2.604029774665832520e-01 8.601874709129333496e-01 -1.308866974801826955e-01 4.382226034377015300e-02 3.379746812141794510e-01 9.309787305729749773e-01
1.520530404902642727e+09 1.237468868494033813e-01 -2.474402785301208496e-01 8.819411993026733398e-01 -1.422689740261251223e-01 3.980650058941433839e-02 3.639081720819247745e-01 9.196444007508396412e-01
1.520530404952645063e+09 1.915024071931838989e-01 -2.310737967491149902e-01 8.955233097076416016e-01 -1.476988974889300865e-01 2.560788823559250610e-02 3.915100186345077948e-01 9.078816977169851254e-01
1.520530405002646923e+09 2.603045403957366943e-01 -2.106207311153411865e-01 8.990537524223327637e-01 -1.472654859537464445e-01 8.282758781631356301e-03 4.220616590601458662e-01 8.944876905274713463e-01
1.520530405052647829e+09 3.296824693679809570e-01 -1.875878125429153442e-01 8.916890621185302734e-01 -1.447477755193482540e-01 -2.987443169475802966e-03 4.537595706499933934e-01 8.792846005185368519e-01
1.520530405102649927e+09 3.996688723564147949e-01 -1.608759015798568726e-01 8.737064599990844727e-01 -1.393307971573808923e-01 -7.344846234650896297e-03 4.900522575194983799e-01 8.604543957103835128e-01
1.520530405152650833e+09 4.716265201568603516e-01 -1.293645799160003662e-01 8.481467366218566895e-01 -1.300042028611111122e-01 -3.530533030558586673e-03 5.296394442059244589e-01 8.381935944137288708e-01
1.520530405202652931e+09 5.396085977554321289e-01 -9.003990143537521362e-02 8.084123730659484863e-01 -1.182818769199155129e-01 7.717289391099509122e-03 5.683381480053845136e-01 8.142122515404479621e-01
1.520530405252326965e+09 6.038337945938110352e-01 -4.584081470966339111e-02 7.598990201950073242e-01 -1.038186844367171152e-01 2.007492666529000699e-02 6.047628065794398156e-01 7.893545628292597538e-01
1.520530405302330017e+09 6.635065674781799316e-01 2.453499473631381989e-03 7.062532901763916016e-01 -8.662856870831396605e-02 3.148696482742664032e-02 6.371204673283433761e-01 7.652330182635996847e-01
1.520530405352330923e+09 7.155948281288146973e-01 5.336857587099075317e-02 6.502892971038818359e-01 -7.026666785701995988e-02 4.549012843744684731e-02 6.650958910503290689e-01 7.420516823719116584e-01
1.520530405402333021e+09 7.622159123420715332e-01 1.049011871218681335e-01 5.964726805686950684e-01 -5.538741889444778743e-02 6.233672445105615384e-02 6.928322933440916875e-01 7.162609719316630486e-01
1.520530405452333927e+09 7.998467087745666504e-01 1.616876572370529175e-01 5.411943793296813965e-01 -3.962401911315092257e-02 7.748016452223316364e-02 7.207804077741268856e-01 6.876789694209730630e-01
1.520530405502335072e+09 8.311755657196044922e-01 2.219822257757186890e-01 4.882349073886871338e-01 -2.394165876088519621e-02 9.284839904647078368e-02 7.492259246060191114e-01 6.553369253052513388e-01
1.520530405552336931e+09 8.533582091331481934e-01 2.864974737167358398e-01 4.363732337951660156e-01 -9.645297453988767311e-03 1.098242655420745284e-01 7.776792260613851759e-01 6.189189125303352634e-01
1.520530405602339029e+09 8.641915321350097656e-01 3.567762374877929688e-01 3.891296386718750000e-01 2.812223808277657892e-03 1.285190357247218973e-01 8.055005789202021038e-01 5.784840241638996572e-01
1.520530405652791739e+09 8.645604848861694336e-01 4.297489523887634277e-01 3.494816422462463379e-01 1.778947874391264075e-02 1.461552034101168962e-01 8.324268178966722775e-01 5.342169819545123932e-01
1.520530405702792645e+09 8.552949428558349609e-01 5.022156238555908203e-01 3.189930617809295654e-01 3.066883122154591759e-02 1.619359641670147787e-01 8.568408170685983816e-01 4.885283824979063105e-01
1.520530405752794743e+09 8.389164805412292480e-01 5.744832754135131836e-01 2.973310351371765137e-01 4.306452600600271102e-02 1.720957558773562601e-01 8.794575086986927692e-01 4.416819985038651364e-01
1.520530405802796602e+09 8.179708123207092285e-01 6.462621092796325684e-01 2.836371958255767822e-01 5.377483588358474009e-02 1.761499417511520338e-01 8.997300636044830435e-01 3.956833047944179338e-01
1.520530405852855682e+09 7.937409281730651855e-01 7.193241715431213379e-01 2.706283926963806152e-01 6.122403999944962816e-02 1.780188581711444062e-01 9.169587584284309978e-01 3.517776832077017524e-01
1.520530405902799606e+09 7.666085958480834961e-01 7.890421748161315918e-01 2.683573365211486816e-01 6.432878953769564923e-02 1.782910819018828641e-01 9.317543481520689230e-01 3.096900573970433612e-01
1.520530405952800512e+09 7.386072874069213867e-01 8.574228286743164062e-01 2.715210616588592529e-01 6.263318354320862591e-02 1.763143155954057517e-01 9.436234374479171017e-01 2.730662094334324053e-01
1.520530406002802610e+09 7.144801020622253418e-01 9.248648881912231445e-01 2.779793739318847656e-01 5.868458741378066584e-02 1.716257182847108209e-01 9.525509466134279846e-01 2.444328663031914428e-01
1.520530406052803755e+09 6.941269636154174805e-01 9.917816519737243652e-01 2.916555702686309814e-01 5.927398177545305930e-02 1.638768050953615663e-01 9.589699107693206992e-01 2.236240105071486406e-01
1.520530406103569508e+09 6.802548170089721680e-01 1.056305646896362305e+00 3.180536031723022461e-01 6.826152910635813198e-02 1.499304217439879072e-01 9.643877652802399503e-01 2.069238276697888679e-01
1.520530406153570652e+09 6.751143932342529297e-01 1.114955425262451172e+00 3.532057106494903564e-01 7.801808580150515482e-02 1.301527944628624867e-01 9.686832034696394311e-01 1.965356957327955845e-01
1.520530406203572512e+09 6.789747476577758789e-01 1.164761781692504883e+00 3.965309262275695801e-01 8.628446649884131958e-02 1.030016024846942546e-01 9.719010041757815133e-01 1.932720849183939549e-01
1.520530406253574610e+09 6.932635307312011719e-01 1.208132505416870117e+00 4.441482722759246826e-01 8.848525451506185358e-02 7.062488688780561852e-02 9.739561531425003915e-01 1.964482039657062251e-01
1.520530406303575754e+09 7.149892449378967285e-01 1.243161916732788086e+00 4.950442612171173096e-01 8.857174001734727242e-02 3.602585481181529853e-02 9.752121925984659212e-01 1.995453934889754311e-01
1.520530406353577614e+09 7.437397837638854980e-01 1.269493222236633301e+00 5.444154143333435059e-01 8.591893706807315900e-02 5.267919755758186315e-03 9.746714429310411321e-01 2.064116363223300055e-01
1.520530406403578520e+09 7.766916155815124512e-01 1.291348099708557129e+00 5.891255736351013184e-01 8.441879665962752355e-02 -1.910330760222194932e-02 9.723498634781647665e-01 2.168969188420841188e-01
1.520530406453580618e+09 8.138666749000549316e-01 1.307307362556457520e+00 6.277645230293273926e-01 8.343306271659957363e-02 -3.748212832003831874e-02 9.688396882782672748e-01 2.301818249106514225e-01
1.520530406503485203e+09 8.538950085639953613e-01 1.316615819931030273e+00 6.561549305915832520e-01 7.984570793840843617e-02 -5.328855419909025309e-02 9.645694649304157320e-01 2.457452751102991717e-01
1.520530406553487539e+09 8.965310454368591309e-01 1.320142149925231934e+00 6.770592331886291504e-01 7.288745603598929812e-02 -6.803796265691786083e-02 9.586326829852310771e-01 2.666113904217801700e-01
1.520530406603489399e+09 9.391788840293884277e-01 1.314560890197753906e+00 6.871935725212097168e-01 6.611510024843797462e-02 -8.234628609835505098e-02 9.507300958906066413e-01 2.914792744823973547e-01
1.520530406653490305e+09 9.828736186027526855e-01 1.306537747383117676e+00 6.871514916419982910e-01 5.768813910213307222e-02 -9.272118613323078462e-02 9.411698534613952560e-01 3.198033257870147583e-01
1.520530406703492403e+09 1.025300621986389160e+00 1.295680761337280273e+00 6.783691644668579102e-01 4.334046909968412853e-02 -9.420723132851281656e-02 9.299726751343890818e-01 3.527001911071545592e-01
1.520530406753493309e+09 1.064201354980468750e+00 1.278518080711364746e+00 6.611476540565490723e-01 2.998748484267796388e-02 -8.478498854274599261e-02 9.174792388210752936e-01 3.874843258803079560e-01
1.520530406803495169e+09 1.098963975906372070e+00 1.255824685096740723e+00 6.378219723701477051e-01 2.506687335176021117e-02 -6.880303786528509102e-02 9.020478160616330898e-01 4.253792794428440383e-01
1.520530406853497505e+09 1.128149747848510742e+00 1.226467967033386230e+00 6.109362244606018066e-01 2.947377401232004895e-02 -4.973356835800670644e-02 8.834680915795875000e-01 4.649107441053302314e-01
1.520530406902691841e+09 1.151436090469360352e+00 1.193144679069519043e+00 5.841770768165588379e-01 3.796956994360746462e-02 -2.937414818348604503e-02 8.623816220303461844e-01 5.039775879551604554e-01
1.520530406952692747e+09 1.168787837028503418e+00 1.152792096138000488e+00 5.558910965919494629e-01 4.831142332071294843e-02 -1.270291856161378033e-02 8.383383121968162044e-01 5.428568103466488992e-01
1.520530407002693892e+09 1.178619265556335449e+00 1.106851220130920410e+00 5.274889469146728516e-01 5.633528262410823773e-02 -8.622038466181465447e-04 8.098926158636119421e-01 5.838660319848933966e-01
1.520530407052695990e+09 1.179311990737915039e+00 1.054747939109802246e+00 4.977129399776458740e-01 6.227980797805714869e-02 8.766057195411552233e-03 7.769494623345569728e-01 6.264135333288273211e-01
1.520530407102697849e+09 1.169176578521728516e+00 9.970352649688720703e-01 4.662332236766815186e-01 6.884584617007676044e-02 1.791161681978053685e-02 7.389431639933540241e-01 6.700018088300349062e-01
1.520530407152698994e+09 1.146588563919067383e+00 9.354013800621032715e-01 4.334382712841033936e-01 7.860039437786071892e-02 2.663047820994795048e-02 6.971942951061019800e-01 7.120624344153113627e-01
1.520530407202700853e+09 1.110806703567504883e+00 8.716009259223937988e-01 3.999414145946502686e-01 9.187041460476717825e-02 3.403776226987243608e-02 6.524205972481068594e-01 7.514975861214934216e-01
1.520530407252701759e+09 1.063771128654479980e+00 8.078259229660034180e-01 3.661959469318389893e-01 1.088179134533372450e-01 3.858320179749751000e-02 6.064228641754898508e-01 7.867155191401214998e-01
1.520530407303184986e+09 1.005189061164855957e+00 7.451436519622802734e-01 3.324277102947235107e-01 1.276814604433044731e-01 4.243530961327052903e-02 5.584369744172158478e-01 8.185626639181857733e-01
1.520530407353184938e+09 9.357306957244873047e-01 6.858537793159484863e-01 3.013255298137664795e-01 1.463868363505512471e-01 4.301738121835870649e-02 5.058728606880944501e-01 8.490070953034698498e-01
1.520530407403186798e+09 8.547130823135375977e-01 6.305305361747741699e-01 2.736671566963195801e-01 1.624445102993713197e-01 4.234698984756876672e-02 4.457087332485231701e-01 8.792964452506584205e-01
1.520530407453220844e+09 7.633359432220458984e-01 5.788360238075256348e-01 2.499203830957412720e-01 1.757262248096455315e-01 3.927494732235197600e-02 3.782371363136579623e-01 9.080277755334467127e-01
1.520530407503189802e+09 6.622733473777770996e-01 5.323631763458251953e-01 2.307017743587493896e-01 1.881136141046682309e-01 3.147779391527288917e-02 3.071580217928952528e-01 9.323499162476408531e-01
1.520530407553190947e+09 5.528044700622558594e-01 4.928082525730133057e-01 2.164378762245178223e-01 2.006425328775139072e-01 1.969612682097596212e-02 2.369964026229092469e-01 9.503616899541709184e-01
1.520530407603193045e+09 4.381464123725891113e-01 4.630797207355499268e-01 2.087256908416748047e-01 2.109927659826266177e-01 4.784817414477189786e-03 1.687030802719551859e-01 9.628075762747534405e-01
1.520530407653193712e+09 3.174018859863281250e-01 4.397968351840972900e-01 2.065357416868209839e-01 2.139112499882101504e-01 -1.419832462678442299e-02 1.009487657580811909e-01 9.715192902861959912e-01
1.520530407703509569e+09 1.916077584028244019e-01 4.242784082889556885e-01 2.087164521217346191e-01 2.080209795765833036e-01 -3.557032251825342772e-02 3.091585181127696341e-02 9.769883491212827398e-01
1.520530407753510714e+09 6.555613875389099121e-02 4.190321266651153564e-01 2.138217687606811523e-01 1.984774371209388766e-01 -5.186828711878203185e-02 -3.761215692677579575e-02 9.780090558867964301e-01
1.520530407803512573e+09 -5.956506729125976562e-02 4.224808216094970703e-01 2.197697013616561890e-01 1.897595346587788445e-01 -6.023066670330191191e-02 -1.009281704417182013e-01 9.747702756064359209e-01
1.520530407853514671e+09 -1.824523806571960449e-01 4.337108135223388672e-01 2.267338037490844727e-01 1.829072525964158813e-01 -6.136880284622912851e-02 -1.585496079979098194e-01 9.683185574946709950e-01
1.520530407903515816e+09 -3.009999692440032959e-01 4.524093866348266602e-01 2.366335690021514893e-01 1.749795090089700245e-01 -5.889064353655991402e-02 -2.136095742611296422e-01 9.593148666182592654e-01
1.520530407953517675e+09 -4.150660336017608643e-01 4.805069863796234131e-01 2.498756796121597290e-01 1.670263032198568420e-01 -5.335287496164578536e-02 -2.641940289325950264e-01 9.483971741008082601e-01
1.520530408003518820e+09 -5.201382040977478027e-01 5.043333172798156738e-01 2.631097137928009033e-01 1.612619550465062002e-01 -4.467714789268509984e-02 -3.093910999741300571e-01 9.360959788224451072e-01
1.520530408053520679e+09 -6.174743175506591797e-01 5.327955484390258789e-01 2.802859544754028320e-01 1.543300031624189328e-01 -3.885052423083302370e-02 -3.519185209362005184e-01 9.224024292644475986e-01
1.520530408103521585e+09 -7.104411125183105469e-01 5.643324255943298340e-01 2.958115935325622559e-01 1.465238275053718231e-01 -3.527543927410628499e-02 -3.934087598388681384e-01 9.069266558213174845e-01
1.520530408153603077e+09 -7.982532978057861328e-01 5.939773917198181152e-01 3.128533959388732910e-01 1.382976112078353748e-01 -3.398920815119600702e-02 -4.333596034408933040e-01 8.898977236564957760e-01
1.520530408203605175e+09 -8.779914975166320801e-01 6.259384155273437500e-01 3.341930508613586426e-01 1.285439405843747107e-01 -3.375114805247941829e-02 -4.704044664772554230e-01 8.723857823591745220e-01
1.520530408253606319e+09 -9.538877010345458984e-01 6.533263921737670898e-01 3.552663624286651611e-01 1.164854697023894325e-01 -3.501055036924452524e-02 -5.036729602703893249e-01 8.552888084170862104e-01
1.520530408303608179e+09 -1.024146556854248047e+00 6.804308891296386719e-01 3.784908354282379150e-01 1.048368507476386546e-01 -3.451200927058939438e-02 -5.319867103100918149e-01 8.395286153520145067e-01
1.520530408353609324e+09 -1.086735010147094727e+00 6.974714994430541992e-01 4.004087746143341064e-01 9.542733153390449419e-02 -2.881576595859992873e-02 -5.578822331338957330e-01 8.239118217273466716e-01
1.520530408403612137e+09 -1.151142716407775879e+00 7.142266631126403809e-01 4.268638789653778076e-01 8.366977146846862889e-02 -2.128411945378343509e-02 -5.818837092691666601e-01 8.086765141196119444e-01
1.520530408453613043e+09 -1.211912751197814941e+00 7.300631403923034668e-01 4.581720530986785889e-01 6.918882470522091932e-02 -9.926697084201296928e-03 -6.031258012009197422e-01 7.945776457632429679e-01
1.520530408503614187e+09 -1.265587449073791504e+00 7.403761744499206543e-01 4.946049749851226807e-01 5.237514283062025960e-02 2.723540518944442095e-03 -6.185886573377417097e-01 7.839626902816254628e-01
1.520530408553373814e+09 -1.312928318977355957e+00 7.457643151283264160e-01 5.361304283142089844e-01 3.781790560720019179e-02 1.903121869066880245e-02 -6.337030961619765090e-01 7.724169888378672466e-01
1.520530408603375673e+09 -1.356429934501647949e+00 7.499623894691467285e-01 5.811664462089538574e-01 2.261968054285026092e-02 3.387662635073129119e-02 -6.488758070270395084e-01 7.598032056356700537e-01
1.520530408653376818e+09 -1.396117448806762695e+00 7.501087188720703125e-01 6.242541074752807617e-01 6.309056461050037944e-03 4.592427470484020807e-02 -6.591588652600962606e-01 7.505736120784076704e-01
1.520530408703378677e+09 -1.429306387901306152e+00 7.481065988540649414e-01 6.689739823341369629e-01 -8.645084670911682909e-03 5.831727002424313966e-02 -6.630299675370885382e-01 7.462677942104426476e-01
1.520530408753379822e+09 -1.458801388740539551e+00 7.394930720329284668e-01 7.111704945564270020e-01 -2.391417455117928262e-02 7.177119534965227532e-02 -6.614989484283501087e-01 7.461207335289676834e-01
1.520530408803381920e+09 -1.482195377349853516e+00 7.235075235366821289e-01 7.509320378303527832e-01 -4.070637663437258469e-02 8.597148031963509907e-02 -6.568670136942944549e-01 7.479823673010552731e-01
1.520530408853382826e+09 -1.502056598663330078e+00 7.039431929588317871e-01 7.896180748939514160e-01 -5.741956186583502264e-02 9.914074370403881675e-02 -6.497433475067353470e-01 7.514703515267168177e-01
1.520530408903384924e+09 -1.524099230766296387e+00 6.816734075546264648e-01 8.277689218521118164e-01 -7.200728454356786212e-02 1.085083052309965684e-01 -6.395279851739560373e-01 7.576574785797991485e-01
1.520530408952877998e+09 -1.544919013977050781e+00 6.571491956710815430e-01 8.625664114952087402e-01 -8.351163804179266570e-02 1.150871147382517418e-01 -6.255239464572490693e-01 7.671378981261123275e-01
1.520530409002879858e+09 -1.564954042434692383e+00 6.251783370971679688e-01 8.955321311950683594e-01 -9.433417212425450338e-02 1.206727701973033667e-01 -6.071014047208034281e-01 7.797224063014782658e-01
1.520530409052890062e+09 -1.576216101646423340e+00 5.881220698356628418e-01 9.234750866889953613e-01 -1.051539441717031509e-01 1.294652026596722627e-01 -5.852107784834853499e-01 7.935425345072421033e-01
1.520530409102882862e+09 -1.582815527915954590e+00 5.488878488540649414e-01 9.491474032402038574e-01 -1.168118056960023160e-01 1.417568697451654647e-01 -5.600465237521223827e-01 8.078414963117795944e-01
1.520530409152883768e+09 -1.583278656005859375e+00 5.065863132476806641e-01 9.688081741333007812e-01 -1.309985874439970333e-01 1.526861084671648772e-01 -5.291249384277185719e-01 8.243501209453987233e-01
1.520530409202885628e+09 -1.579132676124572754e+00 4.633420109748840332e-01 9.812129735946655273e-01 -1.435564149670520429e-01 1.597864019908178668e-01 -4.941115938632266169e-01 8.424450096419220380e-01
1.520530409252886772e+09 -1.569456338882446289e+00 4.167425334453582764e-01 9.826957583427429199e-01 -1.518387635664082691e-01 1.621234853512490970e-01 -4.571606785298157893e-01 8.611997906306910755e-01
1.520530409302888870e+09 -1.554427504539489746e+00 3.684209287166595459e-01 9.737076759338378906e-01 -1.529205224554745224e-01 1.583973546020922829e-01 -4.199020080063879945e-01 8.804589118972030448e-01
1.520530409352901936e+09 -1.534657835960388184e+00 3.194516599178314209e-01 9.546294212341308594e-01 -1.441222400694531780e-01 1.522261768193727272e-01 -3.842163903812954029e-01 8.991294324904997026e-01
1.520530409402904272e+09 -1.511066794395446777e+00 2.712993025779724121e-01 9.266425371170043945e-01 -1.294211526236441201e-01 1.477838078659583776e-01 -3.480657448823122890e-01 9.166571598071582283e-01
1.520530409452906132e+09 -1.479146838188171387e+00 2.254289090633392334e-01 8.878065943717956543e-01 -1.135947632768335713e-01 1.447555182598057322e-01 -3.122399252686364202e-01 9.320130357230264062e-01
1.520530409502907276e+09 -1.444640398025512695e+00 1.837404817342758179e-01 8.440833687782287598e-01 -9.488702075572100214e-02 1.411017962496511902e-01 -2.777156606502364511e-01 9.454949752467370905e-01
1.520530409552909136e+09 -1.402637124061584473e+00 1.480014473199844360e-01 7.953352332115173340e-01 -7.246227230521337659e-02 1.342561183469928865e-01 -2.415084132200228939e-01 9.583309449885827336e-01
1.520530409602910042e+09 -1.352918028831481934e+00 1.198106035590171814e-01 7.404630780220031738e-01 -4.680093775333560996e-02 1.251915997987318452e-01 -2.041034560366964401e-01 9.697827152507508819e-01
1.520530409652912140e+09 -1.296776771545410156e+00 9.946903586387634277e-02 6.816083788871765137e-01 -2.006757760560803558e-02 1.168740283678131459e-01 -1.680625926891584354e-01 9.786177592710653128e-01
1.520530409702913046e+09 -1.235687971115112305e+00 8.671335130929946899e-02 6.203615069389343262e-01 7.132067143574984981e-03 1.056880101503022834e-01 -1.333562396041471643e-01 9.853909333291890338e-01
1.520530409752654076e+09 -1.169286012649536133e+00 8.369537442922592163e-02 5.576201081275939941e-01 3.540228472805680843e-02 9.423593872404857630e-02 -1.020863923487351776e-01 9.896689520168101550e-01
1.520530409802656174e+09 -1.098830103874206543e+00 8.937285095453262329e-02 4.953541755676269531e-01 6.261967632361682690e-02 8.353450580531267267e-02 -7.446678448106552883e-02 9.917436465569307025e-01
1.520530409852657318e+09 -1.026506423950195312e+00 1.017646417021751404e-01 4.358375370502471924e-01 8.808314370409349447e-02 7.060459508830266295e-02 -5.113960240499759724e-02 9.922908303584587753e-01
1.520530409902659178e+09 -9.526392221450805664e-01 1.202997937798500061e-01 3.786346316337585449e-01 1.131899999383886024e-01 5.864304159002722838e-02 -3.353637373903591706e-02 9.912740938930330037e-01
1.520530409952660322e+09 -8.774231076240539551e-01 1.433053910732269287e-01 3.242655992507934570e-01 1.397473313683021967e-01 5.073363147391782291e-02 -1.889027399400179663e-02 9.887061947622954872e-01
1.520530410002662182e+09 -7.995415925979614258e-01 1.711106151342391968e-01 2.726263701915740967e-01 1.666030952982479330e-01 4.520083747317446554e-02 -2.521239100305513233e-03 9.849842314890963069e-01
1.520530410052664042e+09 -7.179989218711853027e-01 2.044736593961715698e-01 2.269876599311828613e-01 1.929600743445038791e-01 4.148721073752433680e-02 1.928348896855768338e-02 9.801394636006568462e-01
1.520530410102666140e+09 -6.326113343238830566e-01 2.414981722831726074e-01 1.888587325811386108e-01 2.212957398332755787e-01 3.556045314386801354e-02 4.491565218197193093e-02 9.735225903351776289e-01
1.520530410153222561e+09 -5.435653328895568848e-01 2.854144573211669922e-01 1.589167416095733643e-01 2.508554070761490618e-01 3.000552844837238095e-02 7.218986491131015870e-02 9.648626101198450877e-01
1.520530410203224659e+09 -4.562439024448394775e-01 3.324725031852722168e-01 1.397417038679122925e-01 2.760287479594629723e-01 2.648955355394416733e-02 1.008184387228941575e-01 9.554800240015079993e-01
1.520530410253225565e+09 -3.723107874393463135e-01 3.825509548187255859e-01 1.286004632711410522e-01 2.941945490068247349e-01 2.705846351465353294e-02 1.290624736356333624e-01 9.466046084749156764e-01
1.520530410303227425e+09 -2.926147878170013428e-01 4.339334070682525635e-01 1.251579821109771729e-01 3.046291684024473034e-01 3.203063741856896490e-02 1.590469435429603673e-01 9.385516383101337734e-01
1.520530410353231430e+09 -2.168336808681488037e-01 4.859583675861358643e-01 1.297010779380798340e-01 3.070851388833776840e-01 3.860750573675254121e-02 1.914860198689656012e-01 9.314189616775606639e-01
1.520530410403230667e+09 -1.441655308008193970e-01 5.377936363220214844e-01 1.403358727693557739e-01 3.043372308470491117e-01 4.017559033967695037e-02 2.268939744982862161e-01 9.242747947431972921e-01
1.520530410453231573e+09 -7.461348921060562134e-02 5.888671875000000000e-01 1.613020598888397217e-01 2.978511068782604410e-01 4.033865663343889213e-02 2.608169838099652638e-01 9.174050424260142833e-01
1.520530410503232718e+09 -8.144686929881572723e-03 6.377494335174560547e-01 1.915635466575622559e-01 2.878374914364461024e-01 3.751516160944272371e-02 2.930478908124407589e-01 9.109693325592090885e-01
1.520530410553234577e+09 5.532687157392501831e-02 6.833593845367431641e-01 2.256457060575485229e-01 2.719520504951002948e-01 3.968289314302961279e-02 3.190789673860737752e-01 9.070038383574494656e-01
1.520530410603875160e+09 1.158892884850502014e-01 7.243918776512145996e-01 2.642712891101837158e-01 2.500615105093813573e-01 4.235364844101550258e-02 3.354846517203359246e-01 9.072626179258055368e-01
1.520530410653876066e+09 1.716743260622024536e-01 7.599960565567016602e-01 3.067827224731445312e-01 2.277098670553258930e-01 4.007487350637030377e-02 3.440239985780097487e-01 9.100492895230960499e-01
1.520530410703877926e+09 2.222186774015426636e-01 7.907373309135437012e-01 3.540993928909301758e-01 2.065222405899757030e-01 3.279139836325210139e-02 3.501848567519593725e-01 9.130409927471431208e-01
1.520530410753879070e+09 2.628718614578247070e-01 8.013043999671936035e-01 4.194519817829132080e-01 1.877500240343036864e-01 2.379645188623279520e-02 3.591700445519413476e-01 9.138821239357408643e-01
1.520530410803881168e+09 3.036700487136840820e-01 8.208556771278381348e-01 4.727749824523925781e-01 1.689431981956224238e-01 2.065145807538414785e-02 3.628674461168214793e-01 9.161653396693474338e-01
1.520530410853882313e+09 3.404984176158905029e-01 8.366988301277160645e-01 5.249896645545959473e-01 1.488573213956465857e-01 1.902104491571633346e-02 3.634239935542686317e-01 9.194578286285318702e-01
1.520530410903884172e+09 3.716130852699279785e-01 8.538017868995666504e-01 5.771969556808471680e-01 1.237455531165533168e-01 1.420177425283414459e-02 3.592719433400446416e-01 9.248832458319361516e-01
1.520530410953885078e+09 3.952745199203491211e-01 8.699007034301757812e-01 6.300038695335388184e-01 9.495960751666354671e-02 4.081501087013821895e-03 3.555234607223078380e-01 9.298220707023423515e-01
1.520530411003417969e+09 4.111176133155822754e-01 8.815679550170898438e-01 6.826171875000000000e-01 6.505135229721467627e-02 -5.163650787427812722e-03 3.513371529168972107e-01 9.339720891199576602e-01
1.520530411053419828e+09 4.186523258686065674e-01 8.907861709594726562e-01 7.340320348739624023e-01 3.858325882473835622e-02 -1.334735988869820145e-02 3.460311185548952118e-01 9.373343294225988664e-01
1.520530411103420734e+09 4.203858077526092529e-01 9.015781283378601074e-01 7.840992808341979980e-01 2.057161936960337847e-02 -2.514108799726275101e-02 3.375439056186412823e-01 9.407490876692573556e-01
1.520530411153422832e+09 4.157420992851257324e-01 9.067824482917785645e-01 8.253805637359619141e-01 1.197043553711794536e-02 -3.315935845193728609e-02 3.239768563972439952e-01 9.454079342479979609e-01
1.520530411203423738e+09 4.030989110469818115e-01 9.106215834617614746e-01 8.540986180305480957e-01 1.052343805813961940e-02 -4.023163241924937461e-02 3.082639757163482819e-01 9.503914952691178142e-01
1.520530411253425837e+09 3.856546580791473389e-01 9.122768640518188477e-01 8.769766688346862793e-01 1.214225184026856974e-02 -4.670141880340961810e-02 2.903464356011584147e-01 9.557041856849316508e-01
1.520530411303426981e+09 3.620696663856506348e-01 9.090716838836669922e-01 8.879753947257995605e-01 1.325449252322046662e-02 -5.366842440444284656e-02 2.707491214873098961e-01 9.610613569714195892e-01
1.520530411353428841e+09 3.322767019271850586e-01 9.023238420486450195e-01 8.894150257110595703e-01 1.220292325500941903e-02 -6.064208913417425129e-02 2.495028200244203964e-01 9.663963826967364446e-01
1.520530411403009176e+09 2.993896007537841797e-01 8.924400806427001953e-01 8.813831210136413574e-01 1.161958557620631528e-02 -6.624614453047196483e-02 2.255508305580224970e-01 9.719070204502442412e-01
1.520530411453010082e+09 2.619276940822601318e-01 8.786194324493408203e-01 8.648610711097717285e-01 1.315090676062692469e-02 -7.080722405866891889e-02 1.977456306777295170e-01 9.776042431476787975e-01
1.520530411503011942e+09 2.204676568508148193e-01 8.625375628471374512e-01 8.385465741157531738e-01 1.765069531672118844e-02 -7.605311933006621283e-02 1.670818309836591131e-01 9.828469045330258114e-01
1.520530411553013086e+09 1.734994798898696899e-01 8.461595773696899414e-01 8.039365410804748535e-01 2.592155219119936238e-02 -8.075396183536651118e-02 1.330302392597519923e-01 9.874764940100521082e-01
1.520530411603014946e+09 1.199359670281410217e-01 8.325668573379516602e-01 7.616801261901855469e-01 3.910748865038252142e-02 -8.305390567310763639e-02 9.492062369381835951e-02 9.912430218072051380e-01
1.520530411653017044e+09 6.051748991012573242e-02 8.227091431617736816e-01 7.124470472335815430e-01 5.864442042267464794e-02 -8.504777260148546625e-02 5.389416128112870658e-02 9.931883646663499654e-01
1.520530411703018188e+09 -4.070626106113195419e-03 8.176909089088439941e-01 6.564374566078186035e-01 8.218768322076633326e-02 -8.876761079087754081e-02 9.636481447672139503e-03 9.926090037001431554e-01
1.520530411753020048e+09 -7.370020449161529541e-02 8.192281723022460938e-01 5.955336093902587891e-01 1.067471631294891893e-01 -9.292463022318313282e-02 -3.833869393390174074e-02 9.891916906288353850e-01
1.520530411802906513e+09 -1.472048461437225342e-01 8.283923268318176270e-01 5.322734117507934570e-01 1.296953619523387169e-01 -9.427688373203721439e-02 -8.904048938560071846e-02 9.830375239693550649e-01
1.520530411852907658e+09 -2.246727049350738525e-01 8.465797901153564453e-01 4.700169265270233154e-01 1.504190317940585220e-01 -9.546419361235644607e-02 -1.429305729292970895e-01 9.735664096168187287e-01
1.520530411902908564e+09 -3.043411672115325928e-01 8.738643527030944824e-01 4.121966660022735596e-01 1.695814739558363093e-01 -9.831079158337002744e-02 -1.982428146138150160e-01 9.603524865398171961e-01
1.520530411952910662e+09 -3.849688172340393066e-01 9.105626940727233887e-01 3.612296879291534424e-01 1.858208208355095759e-01 -1.010671720715927979e-01 -2.555196921008422994e-01 9.433799532649393971e-01
1.520530412002911568e+09 -4.647604525089263916e-01 9.549312591552734375e-01 3.196150958538055420e-01 1.986704029397441396e-01 -1.038784388756264082e-01 -3.125645530425314456e-01 9.230616128481592408e-01
1.520530412052913427e+09 -5.413555502891540527e-01 1.005351424217224121e+00 2.890164852142333984e-01 2.083149408756272136e-01 -1.045933740761709196e-01 -3.682724579642652207e-01 9.000225042810343634e-01
1.520530412102914572e+09 -6.127251982688903809e-01 1.058708071708679199e+00 2.708095312118530273e-01 2.151176655402780302e-01 -1.019882198603083850e-01 -4.208180951244126500e-01 8.753484584998636464e-01
1.520530412152916670e+09 -6.779758334159851074e-01 1.113121986389160156e+00 2.646956741809844971e-01 2.176852164712792803e-01 -9.600590643057438367e-02 -4.679904447804794088e-01 8.511057255444033354e-01
1.520530412203416109e+09 -7.381552457809448242e-01 1.164017200469970703e+00 2.734097838401794434e-01 2.163938667060172072e-01 -8.618110163851429306e-02 -5.104708520842305974e-01 8.277475589482520268e-01
1.520530412253417015e+09 -7.932993173599243164e-01 1.208547472953796387e+00 2.941912114620208740e-01 2.125251388262873464e-01 -7.152543780496384285e-02 -5.515248635525328291e-01 8.034534846505025918e-01
1.520530412303418875e+09 -8.468278050422668457e-01 1.246712446212768555e+00 3.225671947002410889e-01 2.020031574917447725e-01 -5.844500471030655842e-02 -5.896497553101056610e-01 7.798025851781398288e-01
1.520530412353420019e+09 -8.969720602035522461e-01 1.276299476623535156e+00 3.617570996284484863e-01 1.874338179460273146e-01 -4.409128286431533011e-02 -6.237160363905469573e-01 7.575637455784300922e-01
1.520530412403422117e+09 -9.440376162528991699e-01 1.295600891113281250e+00 4.088269472122192383e-01 1.681310443439412161e-01 -2.749297246482505785e-02 -6.541613582215873857e-01 7.369185883139005577e-01
1.520530412453423023e+09 -9.880696535110473633e-01 1.305155396461486816e+00 4.631288051605224609e-01 1.454753191130825907e-01 -6.126246042155844042e-03 -6.797577921019588576e-01 7.188384691396584314e-01
1.520530412503425121e+09 -1.029177665710449219e+00 1.304593086242675781e+00 5.233501791954040527e-01 1.180993931466831626e-01 1.979802204624624487e-02 -6.996368269681140228e-01 7.043925624333570168e-01
1.520530412553426027e+09 -1.060054540634155273e+00 1.291221141815185547e+00 5.895035862922668457e-01 8.452757154666420969e-02 4.708030284005841615e-02 -7.127715697928207472e-01 6.946907398461490413e-01
1.520530412603427887e+09 -1.084839105606079102e+00 1.265976786613464355e+00 6.585335135459899902e-01 4.952897576198440205e-02 7.345103772183103619e-02 -7.199728052390305111e-01 6.883247673400950672e-01
1.520530412653629780e+09 -1.108059525489807129e+00 1.228130698204040527e+00 7.278315424919128418e-01 1.562351966080289395e-02 9.404647068821705980e-02 -7.188136362458793505e-01 6.886349710343468988e-01
1.520530412703630686e+09 -1.126085758209228516e+00 1.180318951606750488e+00 7.931113243103027344e-01 -1.265799245029638684e-02 1.112056664534998851e-01 -7.134221144607539866e-01 6.917383620807132649e-01
1.520530412753632784e+09 -1.138807058334350586e+00 1.126835346221923828e+00 8.541796803474426270e-01 -4.223430588193620439e-02 1.234789995068180379e-01 -7.044737412023690526e-01 6.976288039092162219e-01
1.520530412803633690e+09 -1.147742986679077148e+00 1.066216826438903809e+00 9.067871570587158203e-01 -7.219856589804320157e-02 1.325561631077560032e-01 -6.858444441660623836e-01 7.119224881340388000e-01
1.520530412853635788e+09 -1.148714423179626465e+00 9.997970461845397949e-01 9.506264328956604004e-01 -9.451572813786943139e-02 1.433736601799118215e-01 -6.602930057525228102e-01 7.311114260189636171e-01
1.520530412903636932e+09 -1.148804426193237305e+00 9.271783828735351562e-01 9.827886223793029785e-01 -1.137815801203818228e-01 1.519086129557782050e-01 -6.297075407027978855e-01 7.532900759449808747e-01
1.520530412953638792e+09 -1.142932772636413574e+00 8.485680222511291504e-01 1.000712275505065918e+00 -1.267363263986596711e-01 1.576034853738439157e-01 -5.947766228593067694e-01 7.780358692689346434e-01
1.520530413003640652e+09 -1.134525537490844727e+00 7.671564817428588867e-01 1.007509469985961914e+00 -1.344552152757784724e-01 1.579698281491698775e-01 -5.550864188790866072e-01 8.055100223185661656e-01
1.520530413053009033e+09 -1.124412178993225098e+00 6.860129237174987793e-01 9.975162148475646973e-01 -1.382333729874902217e-01 1.524517624053914888e-01 -5.119187030593543852e-01 8.340199255353676344e-01
1.520530413103010893e+09 -1.111712336540222168e+00 6.041986942291259766e-01 9.748637676239013672e-01 -1.391289344492418201e-01 1.404453476959910130e-01 -4.672881532930345805e-01 8.617192267215325607e-01
1.520530413153011799e+09 -1.095753788948059082e+00 5.233945846557617188e-01 9.402322173118591309e-01 -1.366731982122456612e-01 1.216674025839397238e-01 -4.254033730816125791e-01 8.863122757864183576e-01
1.520530413203013897e+09 -1.070943236351013184e+00 4.418842792510986328e-01 8.969055414199829102e-01 -1.273751556977555099e-01 9.959476441959945470e-02 -3.891120851358303989e-01 9.068893194940732538e-01
1.520530413253015995e+09 -1.045626759529113770e+00 3.678228855133056641e-01 8.416136503219604492e-01 -1.110490092142827900e-01 7.423698014319515814e-02 -3.568122020296643493e-01 9.245766819547672766e-01
1.520530413303016901e+09 -1.016292691230773926e+00 3.025872707366943359e-01 7.774879932403564453e-01 -9.140677037495213708e-02 4.518008993210351210e-02 -3.269243251959842445e-01 9.395339522329665405e-01
1.520530413353018999e+09 -9.845402836799621582e-01 2.443107962608337402e-01 7.124773859977722168e-01 -7.361142170683655783e-02 1.268208277573569173e-02 -2.980885140172965242e-01 9.516111396898039310e-01
1.520530413403020859e+09 -9.504308104515075684e-01 1.949829608201980591e-01 6.460537910461425781e-01 -5.647694403949948816e-02 -1.351024420939598084e-02 -2.697309714067731568e-01 9.611831413197592378e-01
1.520530413452940464e+09 -9.138042330741882324e-01 1.574958562850952148e-01 5.782091617584228516e-01 -3.901435286027002403e-02 -2.804510374698383768e-02 -2.500611746311360850e-01 9.670371044426432361e-01
1.520530413502941370e+09 -8.759222626686096191e-01 1.301283836364746094e-01 5.134518742561340332e-01 -2.126695721523055166e-02 -4.171434313463307647e-02 -2.331649901009748560e-01 9.713092800436243790e-01
1.520530413552943230e+09 -8.397888541221618652e-01 1.071422323584556580e-01 4.557836055755615234e-01 3.093451776979150823e-03 -5.095237564569338878e-02 -2.220897543154616571e-01 9.736890812781365812e-01
1.520530413602944374e+09 -8.075777888298034668e-01 9.571453183889389038e-02 4.078031182289123535e-01 3.575932701911554296e-02 -5.200947789814252403e-02 -2.167951296310983711e-01 9.741746026807196479e-01
1.520530413652946234e+09 -7.839001417160034180e-01 9.048631787300109863e-02 3.775778710842132568e-01 6.811149976275918116e-02 -5.123971261864127685e-02 -2.123439551662976155e-01 9.734707803294149198e-01
1.520530413702947378e+09 -7.636036872863769531e-01 8.038347214460372925e-02 3.673278093338012695e-01 8.886307461427457588e-02 -4.406118012222375729e-02 -2.101554866697744883e-01 9.726235848461238787e-01
1.520530413752949238e+09 -7.446622848510742188e-01 6.596455723047256470e-02 3.764917552471160889e-01 9.205148993614753472e-02 -3.615386364213701159e-02 -2.092158170965329189e-01 9.728556744044364324e-01
1.520530413802951336e+09 -7.276408672332763672e-01 4.528384655714035034e-02 4.015807509422302246e-01 8.007875135988146154e-02 -2.143191001087310296e-02 -2.140014930317278852e-01 9.733095231189918817e-01
1.520530413853107214e+09 -7.129875421524047852e-01 2.497167140245437622e-02 4.464178085327148438e-01 6.004795947482158974e-02 -3.357386553771899394e-03 -2.264821293753732090e-01 9.721567854991474134e-01
1.520530413903189182e+09 -7.003214359283447266e-01 4.893027245998382568e-03 5.132210850715637207e-01 3.676323696689998838e-02 1.278461645211753130e-02 -2.447576592085062286e-01 9.688027179197323813e-01
1.520530413953110218e+09 -6.849170923233032227e-01 -7.903359830379486084e-03 5.985814929008483887e-01 6.651747331032128313e-03 2.391059820004103401e-02 -2.636086573358082941e-01 9.643103822570681105e-01
1.520530414003112316e+09 -6.672276854515075684e-01 -1.325737033039331436e-02 6.977481842041015625e-01 -2.162510794385303151e-02 3.834052193653237489e-02 -2.828843155206414717e-01 9.581434251282368031e-01
1.520530414053113222e+09 -6.459735631942749023e-01 -6.668398622423410416e-03 7.970615029335021973e-01 -3.987971836910774587e-02 4.753851245180525792e-02 -2.972205706709881157e-01 9.527904440466865577e-01
1.520530414103115082e+09 -6.221285462379455566e-01 7.017338182777166367e-03 8.906260132789611816e-01 -4.808979003426133020e-02 4.781872301693094324e-02 -3.055827252580683440e-01 9.497473031534982013e-01
1.520530414153116226e+09 -5.970504283905029297e-01 2.248217351734638214e-02 9.715384244918823242e-01 -5.136832441084648870e-02 4.426548124947803781e-02 -3.187535905776757161e-01 9.454089120115242162e-01
1.520530414203118086e+09 -5.702700614929199219e-01 4.227660223841667175e-02 1.036233663558959961e+00 -5.379706776002399216e-02 3.400700029207829461e-02 -3.336847289477373191e-01 9.405338383591698159e-01
1.520530414252894640e+09 -5.431091189384460449e-01 6.349328905344009399e-02 1.083913207054138184e+00 -5.315510443918949890e-02 1.909991127175710013e-02 -3.468914852841297192e-01 9.362029831712994632e-01
1.520530414302895546e+09 -5.151034593582153320e-01 9.141265600919723511e-02 1.115473866462707520e+00 -4.990631595211884874e-02 3.506153039673587032e-03 -3.557453666558522687e-01 9.332428947609743286e-01
1.520530414352897644e+09 -4.890615642070770264e-01 1.232597231864929199e-01 1.135355353355407715e+00 -4.386699354801442546e-02 -9.376548697270399579e-03 -3.643307803313537430e-01 9.301886097532765518e-01
1.520530414402898550e+09 -4.627957046031951904e-01 1.582858264446258545e-01 1.148319482803344727e+00 -4.084276720832290958e-02 -2.378333697748487296e-02 -3.729480450517864698e-01 9.266477091867397764e-01
1.520530414452900410e+09 -4.361374378204345703e-01 1.980608254671096802e-01 1.153271436691284180e+00 -3.919464591263146364e-02 -3.407476355975587456e-02 -3.832516840144015169e-01 9.221826483513206885e-01
1.520530414502901554e+09 -4.094131588935852051e-01 2.415097355842590332e-01 1.149573564529418945e+00 -4.116285918706798913e-02 -3.875859410829327056e-02 -4.014092340774574885e-01 9.141520755342860127e-01
1.520530414552903414e+09 -3.853700160980224609e-01 2.878510951995849609e-01 1.141426801681518555e+00 -4.600295586414950705e-02 -3.679473529713758739e-02 -4.227333471390750663e-01 9.043375435769372972e-01
1.520530414602905512e+09 -3.621973395347595215e-01 3.379008769989013672e-01 1.128816843032836914e+00 -5.075352097458697004e-02 -2.871748150644297046e-02 -4.459742159186121380e-01 8.931441009716115653e-01
1.520530414652705431e+09 -3.398118019104003906e-01 3.907915353775024414e-01 1.111854910850524902e+00 -5.718419971123630402e-02 -1.655388966400616474e-02 -4.719139551167328417e-01 8.796323976562366864e-01
1.520530414702707291e+09 -3.180747628211975098e-01 4.456181228160858154e-01 1.090817093849182129e+00 -6.543466815467556541e-02 -2.132730900851236705e-03 -4.985295245860426050e-01 8.643969393620077879e-01
1.520530414752708197e+09 -2.964453697204589844e-01 5.003797411918640137e-01 1.067430734634399414e+00 -6.924324757262700913e-02 1.252181598280353858e-02 -5.272402376396785328e-01 8.467976786716789883e-01
1.520530414802710295e+09 -2.744266986846923828e-01 5.550257563591003418e-01 1.039340615272521973e+00 -6.612006606446772794e-02 2.558760170937757553e-02 -5.582755830724012158e-01 8.266207019229333541e-01
1.520530414852712393e+09 -2.526159882545471191e-01 6.090462803840637207e-01 1.003764152526855469e+00 -5.590968542234322353e-02 3.514367691380253927e-02 -5.928971728380046935e-01 8.025658673838890200e-01
1.520530414902714252e+09 -2.295885086059570312e-01 6.609221100807189941e-01 9.609822630882263184e-01 -4.521136829712248117e-02 3.774828980308932852e-02 -6.251130917691549715e-01 7.783088212865456601e-01
1.520530414952715397e+09 -2.050033956766128540e-01 7.102771401405334473e-01 9.104962944984436035e-01 -3.777300391210054731e-02 3.404212212597214349e-02 -6.535803968509249495e-01 7.551470048598514229e-01
1.520530415002717257e+09 -1.793194562196731567e-01 7.554338574409484863e-01 8.561081886291503906e-01 -2.972416437473896639e-02 3.169683041421045983e-02 -6.817787986622575458e-01 7.302667010678804971e-01
1.520530415052718163e+09 -1.505234390497207642e-01 7.964711785316467285e-01 7.999449968338012695e-01 -2.070781714780228072e-02 3.540772842030324302e-02 -7.096535953763818405e-01 7.033557091873654521e-01
1.520530415103194714e+09 -1.171787008643150330e-01 8.329480886459350586e-01 7.415736913681030273e-01 -1.311602843969662813e-02 4.224272980079572110e-02 -7.332616084185992200e-01 6.785064002618655943e-01
1.520530415153196812e+09 -7.907021790742874146e-02 8.637418150901794434e-01 6.835031509399414062e-01 -4.851210381454114720e-03 4.791234046028138016e-02 -7.555021023791614887e-01 6.533738950173323401e-01
1.520530415203198910e+09 -3.660276532173156738e-02 8.884494304656982422e-01 6.248487234115600586e-01 6.696182244909428850e-03 4.793380159185951783e-02 -7.712592415508269239e-01 6.346784178863643655e-01
1.520530415253199816e+09 8.923991583287715912e-03 9.072348475456237793e-01 5.665838122367858887e-01 1.846429799150543088e-02 4.178176237907370999e-02 -7.822761738806128795e-01 6.212546513394395786e-01
1.520530415303201914e+09 5.950869247317314148e-02 9.226019382476806641e-01 5.043540000915527344e-01 2.940606337443891008e-02 3.398487573033998066e-02 -7.908583815512874038e-01 6.103468947971228964e-01
1.520530415353202820e+09 1.074359863996505737e-01 9.310469627380371094e-01 4.482985436916351318e-01 3.988211794594614251e-02 2.648164212455128910e-02 -7.949071763993693640e-01 6.048394168763431278e-01
1.520530415403204679e+09 1.553837656974792480e-01 9.347421526908874512e-01 3.945235908031463623e-01 4.590419922423894655e-02 1.889134703726794151e-02 -7.969644440044511002e-01 6.019830533273965445e-01
1.520530415453205824e+09 2.041531503200531006e-01 9.324756264686584473e-01 3.459852933883666992e-01 4.729148489486897922e-02 9.738719330684420666e-03 -7.960309582316112964e-01 6.033269315546084810e-01
1.520530415503114939e+09 2.534918785095214844e-01 9.275887012481689453e-01 3.040548563003540039e-01 4.831781553550644481e-02 -4.151684182824946258e-03 -7.948148156329691849e-01 6.049112009796577816e-01
1.520530415553068876e+09 3.020336031913757324e-01 9.226682186126708984e-01 2.713752686977386475e-01 5.825541998040660585e-02 -2.088573046532446464e-02 -7.927655096647078237e-01 6.063768951666053120e-01
1.520530415603070974e+09 3.491667509078979492e-01 9.193716049194335938e-01 2.473416179418563843e-01 7.482542700810822234e-02 -4.579181882377107715e-02 -7.909548132714557811e-01 6.055532579093119150e-01
1.520530415653071880e+09 3.945095837116241455e-01 9.204816818237304688e-01 2.287922054529190063e-01 8.870294546188473017e-02 -7.372637718484949254e-02 -7.898689976307708971e-01 6.023314497478483576e-01
1.520530415703073978e+09 4.375714361667633057e-01 9.304401278495788574e-01 2.168646007776260376e-01 9.691514698160873242e-02 -9.341565402266148455e-02 -7.947221894604106218e-01 5.918594524448373972e-01
1.520530415753075123e+09 4.778183102607727051e-01 9.499031305313110352e-01 2.083111256361007690e-01 9.949648944218461577e-02 -1.016580965490987698e-01 -8.019068691190147646e-01 5.802684320678103136e-01
1.520530415803076982e+09 5.186756849288940430e-01 9.753568172454833984e-01 2.037139832973480225e-01 9.112851809630216626e-02 -1.044606760472292645e-01 -8.128773936748501239e-01 5.656977136260237238e-01
1.520530415853078842e+09 5.567715764045715332e-01 1.005529403686523438e+00 2.062051296234130859e-01 7.471900972060048496e-02 -1.018021004106502564e-01 -8.240161906658834967e-01 5.523139681909550180e-01
1.520530415903361082e+09 5.941307544708251953e-01 1.037867426872253418e+00 2.178331315517425537e-01 6.392297540808837553e-02 -9.017744907516485331e-02 -8.342979089700072182e-01 5.401193201335671157e-01
1.520530415953363180e+09 6.302560567855834961e-01 1.073404908180236816e+00 2.338470965623855591e-01 6.214246470089816038e-02 -7.090308027967305582e-02 -8.435590281149418779e-01 5.286957852806533076e-01
1.520530416003364086e+09 6.665500998497009277e-01 1.107098102569580078e+00 2.501699030399322510e-01 6.067259160066357238e-02 -5.093944693285249598e-02 -8.516919431541366547e-01 5.180201186642900968e-01
1.520530416053366184e+09 6.999243497848510742e-01 1.134750723838806152e+00 2.699035108089447021e-01 5.987110220349971951e-02 -3.294796791505496397e-02 -8.582275307563376199e-01 5.086997031482188847e-01
1.520530416103368282e+09 7.271034121513366699e-01 1.156060814857482910e+00 2.912189960479736328e-01 5.876136493944256189e-02 -1.854525668388623538e-02 -8.625059014456419870e-01 5.022815399916893409e-01
1.520530416153369188e+09 7.497714161872863770e-01 1.169919967651367188e+00 3.098832964897155762e-01 6.114782632274980839e-02 -7.557354237132684650e-03 -8.648823311233581057e-01 4.981790672474740167e-01
1.520530416203371048e+09 7.668174505233764648e-01 1.177390217781066895e+00 3.252387940883636475e-01 6.405572210173067493e-02 -9.774265924859712983e-04 -8.656208593591542266e-01 4.965847731713101676e-01
1.520530416253372192e+09 7.781251668930053711e-01 1.177826285362243652e+00 3.372043669223785400e-01 6.474339720679610222e-02 -9.751742982498375989e-05 -8.656242763206454249e-01 4.964905792186122824e-01
1.520530416303375483e+09 7.850033044815063477e-01 1.169209003448486328e+00 3.453658223152160645e-01 6.623395619710037430e-02 -1.870695526234147314e-03 -8.650882954232752553e-01 4.972240990402425065e-01
1.520530416353376389e+09 7.884618043899536133e-01 1.152234792709350586e+00 3.483406603336334229e-01 7.028514648146085009e-02 -3.021611494475943266e-03 -8.634063898150384775e-01 4.995800977567239065e-01
1.520530416403378487e+09 7.871757149696350098e-01 1.126035213470458984e+00 3.483490645885467529e-01 7.361578437031911226e-02 -2.969541383503710146e-03 -8.617512589426551406e-01 5.019528521945698651e-01
1.520530416453380346e+09 7.812942266464233398e-01 1.092296957969665527e+00 3.446696996688842773e-01 7.817147316314927707e-02 -1.183726072441131316e-04 -8.580681887059485868e-01 5.075511701319594948e-01
1.520530416503381252e+09 7.716052532196044922e-01 1.046087622642517090e+00 3.393924534320831299e-01 7.899890787038897633e-02 1.781461864861996931e-03 -8.503475132143785142e-01 5.202548468962422401e-01
1.520530416553383589e+09 7.597004771232604980e-01 9.862312078475952148e-01 3.345120847225189209e-01 7.741929671552053027e-02 1.674424641556763321e-03 -8.393657295145088293e-01 5.380228814044718533e-01
1.520530416603384495e+09 7.470461726188659668e-01 9.121000170707702637e-01 3.304736614227294922e-01 7.660696475810778450e-02 1.744468771909803758e-03 -8.250399634423091211e-01 5.598547923366978818e-01
1.520530416653386354e+09 7.347247600555419922e-01 8.230862021446228027e-01 3.285946249961853027e-01 7.418733783577019514e-02 -6.486958546110425461e-04 -8.060251418271440205e-01 5.872131545197724067e-01
1.520530416703272581e+09 7.248650193214416504e-01 7.203310132026672363e-01 3.289025425910949707e-01 7.359412750775613798e-02 -3.291263340674676404e-03 -7.839625747028681202e-01 6.164217334319455066e-01
1.520530416753274441e+09 7.150362730026245117e-01 6.067498922348022461e-01 3.324797749519348145e-01 7.025896251529926972e-02 -8.521816982826101519e-03 -7.621869107799279508e-01 6.434766272813139398e-01
1.520530416803276539e+09 7.066674232482910156e-01 4.855248332023620605e-01 3.386567234992980957e-01 6.229224796995886521e-02 -1.461467425315915968e-02 -7.442580456642109432e-01 6.648203130195501354e-01
1.520530416853277445e+09 6.996958851814270020e-01 3.590842187404632568e-01 3.478934466838836670e-01 4.902660871750143950e-02 -2.399143588875438451e-02 -7.297990359386924419e-01 6.814793979164827098e-01
1.520530416903278351e+09 6.960199475288391113e-01 2.329271733760833740e-01 3.623042106628417969e-01 3.346721518007938351e-02 -3.835728463698040436e-02 -7.143519654278126518e-01 6.979326140199991757e-01
1.520530416953280687e+09 6.958258152008056641e-01 1.123451590538024902e-01 3.801409900188446045e-01 2.018741817829378116e-02 -5.826746461809317185e-02 -6.949324952742245154e-01 7.164259890080857396e-01
1.520530417003282547e+09 6.992750763893127441e-01 4.591736942529678345e-03 4.017339646816253662e-01 1.530157159974310406e-02 -7.598598768781096580e-02 -6.744254581033405360e-01 7.342630952484165974e-01
1.520530417053283453e+09 7.050964832305908203e-01 -8.979904651641845703e-02 4.219680428504943848e-01 1.159831264098029439e-02 -9.660507995292230699e-02 -6.497859030309065531e-01 7.538641906162415474e-01
1.520530417103391409e+09 7.141155004501342773e-01 -1.721596121788024902e-01 4.395934641361236572e-01 1.245693069523163589e-02 -1.160633221382984109e-01 -6.273964402445519895e-01 7.699011864520927118e-01
1.520530417153371572e+09 7.230872511863708496e-01 -2.425232082605361938e-01 4.566516876220703125e-01 1.585947914057461022e-02 -1.317466055035398376e-01 -6.080456993578425839e-01 7.827335027658625100e-01
1.520530417203373432e+09 7.326616048812866211e-01 -2.963601052761077881e-01 4.657450020313262939e-01 1.631324558980284944e-02 -1.429427123226061080e-01 -5.881105090512015465e-01 7.958814535819515035e-01
1.520530417253374338e+09 7.393516898155212402e-01 -3.419618010520935059e-01 4.779632091522216797e-01 1.295659166983103606e-02 -1.465171956482923254e-01 -5.705158453103410521e-01 8.080077402856290503e-01
1.520530417303376436e+09 7.429124712944030762e-01 -3.762045800685882568e-01 4.873408973217010498e-01 5.657211960683767443e-03 -1.454329810093598629e-01 -5.552808128082168393e-01 8.188287140266937714e-01
1.520530417353378296e+09 7.421621084213256836e-01 -3.978846669197082520e-01 4.948958456516265869e-01 -1.710352241676900550e-03 -1.404883158902327511e-01 -5.447033230438723672e-01 8.267759053446698259e-01
1.520530417403379202e+09 7.380105853080749512e-01 -4.070324599742889404e-01 4.982613325119018555e-01 -6.643598201897768160e-03 -1.353391659745868392e-01 -5.390289833917534246e-01 8.313163825042111377e-01
1.520530417453381538e+09 7.244160771369934082e-01 -4.046415090560913086e-01 4.977155625820159912e-01 -8.727397191131192056e-03 -1.329790116608698947e-01 -5.384478808128259075e-01 8.320542618388198086e-01
1.520530417503382444e+09 7.043327093124389648e-01 -3.909486830234527588e-01 4.920333325862884521e-01 -7.419313814208576725e-03 -1.326098664810050620e-01 -5.416628410840717001e-01 8.300367122502161354e-01
1.520530417553464413e+09 6.793627738952636719e-01 -3.688737154006958008e-01 4.814520776271820068e-01 -1.619687472022621373e-03 -1.313419736602927379e-01 -5.469246884233495143e-01 8.268131879454597710e-01
1.520530417603465557e+09 6.495029926300048828e-01 -3.365045189857482910e-01 4.679818749427795410e-01 4.601448076780157923e-03 -1.281855339776115377e-01 -5.553080159712430186e-01 8.216935578137102292e-01
1.520530417653467417e+09 6.161021590232849121e-01 -2.942422032356262207e-01 4.527626633644104004e-01 1.065024744119205669e-02 -1.218670544208882017e-01 -5.671436842969586056e-01 8.144832930381625813e-01
1.520530417703468323e+09 5.792426466941833496e-01 -2.421238124370574951e-01 4.368860423564910889e-01 1.629949449151098587e-02 -1.140248688077529493e-01 -5.795585230200530624e-01 8.067493874602635895e-01
1.520530417753470659e+09 5.410010218620300293e-01 -1.814578175544738770e-01 4.211342632770538330e-01 1.854564203919809723e-02 -1.076743650786015777e-01 -5.911964628782099274e-01 7.990926307672767681e-01
1.520530417803472519e+09 5.019450783729553223e-01 -1.119770780205726624e-01 4.072082042694091797e-01 1.899123278928428402e-02 -1.006313956879705679e-01 -6.027015132894208982e-01 7.913681451496998864e-01
1.520530417853473425e+09 4.624571204185485840e-01 -3.669139370322227478e-02 3.967086970806121826e-01 1.908397593284474891e-02 -9.302556863614737381e-02 -6.113897301644362070e-01 7.856109999815265033e-01
1.520530417903475523e+09 4.233926534652709961e-01 4.570084437727928162e-02 3.900026381015777588e-01 2.254520842434839037e-02 -8.140691851189491013e-02 -6.191403069255962954e-01 7.807239637257068487e-01
1.520530417953455687e+09 3.860303163528442383e-01 1.343273222446441650e-01 3.875984847545623779e-01 2.688535148958522483e-02 -6.489656943673459411e-02 -6.242109612223094572e-01 7.780914400252357810e-01
1.520530418003457546e+09 3.526503741741180420e-01 2.266417592763900757e-01 3.910836577415466309e-01 3.226022663563176546e-02 -4.351628767192883274e-02 -6.276662690325297556e-01 7.765955608960531942e-01
1.520530418053458452e+09 3.247901797294616699e-01 3.183980882167816162e-01 4.001128077507019043e-01 3.460850847011613662e-02 -2.350890201324065676e-02 -6.314460467066640437e-01 7.742903026424463597e-01
1.520530418103460789e+09 3.006800711154937744e-01 4.050934314727783203e-01 4.157144129276275635e-01 3.499998701119345218e-02 -7.938251299253889365e-03 -6.426233973015533785e-01 7.653412012404245957e-01
1.520530418153462648e+09 2.806781232357025146e-01 4.854669570922851562e-01 4.347220361232757568e-01 3.904983715767330194e-02 6.475258987978818777e-03 -6.577399871306612855e-01 7.522042877891319534e-01
1.520530418203464508e+09 2.644203007221221924e-01 5.576037764549255371e-01 4.530778229236602783e-01 4.522746064770737096e-02 2.134383846337952265e-02 -6.733890784450654587e-01 7.375947846845953837e-01
1.520530418253465652e+09 2.517795860767364502e-01 6.199921965599060059e-01 4.705936610698699951e-01 5.235395433159959616e-02 3.844443600441665304e-02 -6.884207531742579933e-01 7.223973666931066129e-01
1.520530418303467512e+09 2.416310608386993408e-01 6.704313755035400391e-01 4.852800071239471436e-01 5.637517128568349245e-02 5.383386023217295868e-02 -6.985832961642644001e-01 7.112700850417401632e-01
1.520530418353431463e+09 2.324203997850418091e-01 7.078161239624023438e-01 4.957981109619140625e-01 5.605448178850780394e-02 6.237379991468819385e-02 -7.066921174060351030e-01 7.025337396536901480e-01
1.520530418403432369e+09 2.221602350473403931e-01 7.320533990859985352e-01 5.017744898796081543e-01 5.755117607824451059e-02 6.630076122040798325e-02 -7.170046193791749234e-01 6.915174957891736529e-01
1.520530418453434467e+09 2.084096968173980713e-01 7.468857765197753906e-01 5.012579560279846191e-01 6.118910379347202583e-02 6.507548681534910950e-02 -7.256836881910486703e-01 6.822054377430114558e-01
1.520530418503435373e+09 1.926253587007522583e-01 7.477599978446960449e-01 4.949333369731903076e-01 6.839045995885369156e-02 6.157094789337391738e-02 -7.349840320094067625e-01 6.718111610068139283e-01
1.520530418553437233e+09 1.754264831542968750e-01 7.352934479713439941e-01 4.814503788948059082e-01 7.363743377936521339e-02 5.340277807253937525e-02 -7.413166804614336192e-01 6.649625936172390839e-01
1.520530418603439569e+09 1.549098789691925049e-01 7.122027277946472168e-01 4.621890485286712646e-01 7.411229997080016896e-02 4.344082786161105464e-02 -7.465024229469499062e-01 6.598139086152011723e-01
1.520530418653440237e+09 1.322001069784164429e-01 6.784800887107849121e-01 4.384517967700958252e-01 7.137579866429363817e-02 3.386377749921293256e-02 -7.492013206789646107e-01 6.576139604900532731e-01
1.520530418703442574e+09 1.068718954920768738e-01 6.332449316978454590e-01 4.119864106178283691e-01 7.104594865858475383e-02 2.833262589015215702e-02 -7.470758410468266719e-01 6.603237260719523327e-01
1.520530418753342867e+09 7.930913567543029785e-02 5.756852626800537109e-01 3.850351870059967041e-01 7.212393553730205020e-02 2.746533535016595917e-02 -7.440926249847782392e-01 6.636037663545740761e-01
1.520530418803344727e+09 5.078369379043579102e-02 5.064110755920410156e-01 3.595100641250610352e-01 7.107153946791947008e-02 2.962480160305405036e-02 -7.406963358807324704e-01 6.674130246110699938e-01
1.520530418853345871e+09 2.221976406872272491e-02 4.259310960769653320e-01 3.366609215736389160e-01 6.736960040579745290e-02 2.948501609190110409e-02 -7.356834765808476506e-01 6.733214633836803742e-01
1.520530418903347731e+09 -6.427259184420108795e-03 3.355202078819274902e-01 3.182473778724670410e-01 6.189373519334050860e-02 2.359032865746216873e-02 -7.286744288436000083e-01 6.816496451162451509e-01
1.520530418953349829e+09 -3.332005813717842102e-02 2.388094961643218994e-01 3.054862022399902344e-01 5.079328925858025284e-02 1.111566628636545713e-02 -7.210447067317836689e-01 6.909348845031495490e-01
1.520530419003350973e+09 -5.743294954299926758e-02 1.387017965316772461e-01 3.013367056846618652e-01 3.424400400931280203e-02 -9.271956810274118235e-03 -7.107326854128724891e-01 7.025670280422542380e-01
1.520530419053352833e+09 -7.999578863382339478e-02 3.934591636061668396e-02 3.057123720645904541e-01 1.834055983438279136e-02 -3.222277415752257401e-02 -6.965094864802002794e-01 7.165890397805722012e-01
1.520530419103353977e+09 -1.001771092414855957e-01 -5.535303428769111633e-02 3.194684982299804688e-01 9.687646686065663759e-03 -4.963876776705469784e-02 -6.807131389658064302e-01 7.308021378427768111e-01
1.520530419153532982e+09 -1.168724000453948975e-01 -1.408082991838455200e-01 3.408243060111999512e-01 6.054420459223223278e-03 -6.521870907966902109e-02 -6.630223359935922822e-01 7.457286677823807830e-01
1.520530419203534126e+09 -1.316455751657485962e-01 -2.172031402587890625e-01 3.664981126785278320e-01 4.747445912377395300e-03 -7.779307274416272233e-02 -6.461077628199181078e-01 7.592565168730334157e-01
1.520530419253535986e+09 -1.457733511924743652e-01 -2.821761667728424072e-01 3.960160911083221436e-01 -6.623736433985502126e-05 -9.039528703289410883e-02 -6.310825968634780070e-01 7.704306871035843107e-01
1.520530419303536892e+09 -1.605139225721359253e-01 -3.379393219947814941e-01 4.280550479888916016e-01 -6.991213592934641952e-03 -9.987113618518284053e-02 -6.177621019047753181e-01 7.799659380638185313e-01
1.520530419353539228e+09 -1.756490468978881836e-01 -3.822309970855712891e-01 4.618851542472839355e-01 -1.862257745632890649e-02 -1.075872794255941789e-01 -6.079570141823977814e-01 7.864263766056591720e-01
1.520530419403541088e+09 -1.912378817796707153e-01 -4.155102968215942383e-01 4.949757158756256104e-01 -3.699152136524191947e-02 -1.150464255626113402e-01 -5.985740962472372306e-01 7.918996139752528807e-01
1.520530419453541994e+09 -2.074450403451919556e-01 -4.362780749797821045e-01 5.220669507980346680e-01 -5.663949626947427374e-02 -1.176350266414987328e-01 -5.880649093180796427e-01 7.982065086167318135e-01
1.520530419503544092e+09 -2.251614332199096680e-01 -4.469852447509765625e-01 5.415990948677062988e-01 -7.271951439632801106e-02 -1.147971898733517737e-01 -5.805684330183991104e-01 8.027912381221561366e-01
1.520530419553544998e+09 -2.439024299383163452e-01 -4.470923840999603271e-01 5.534719228744506836e-01 -8.573317604991934071e-02 -1.130481572304750659e-01 -5.753944067966024756e-01 8.054757682875217650e-01
1.520530419603729486e+09 -2.638612091541290283e-01 -4.360077083110809326e-01 5.553901791572570801e-01 -9.067297169067733975e-02 -1.114484673722969943e-01 -5.731426124846465964e-01 8.067621688449589934e-01
1.520530419653731346e+09 -2.853152453899383545e-01 -4.154529571533203125e-01 5.470576286315917969e-01 -8.910820559675916575e-02 -1.120938108709183811e-01 -5.719969939265389103e-01 8.076596710241037425e-01
1.520530419703733683e+09 -3.087068200111389160e-01 -3.846163153648376465e-01 5.283006429672241211e-01 -8.386669722820763728e-02 -1.181967360930747390e-01 -5.691694989234978852e-01 8.093466440087030422e-01
1.520530419753734589e+09 -3.352927863597869873e-01 -3.432525098323822021e-01 5.016402006149291992e-01 -7.009170768683473107e-02 -1.237458778294561468e-01 -5.679183455859563301e-01 8.107051640273860160e-01
1.520530419803736448e+09 -3.646940290927886963e-01 -2.878001332283020020e-01 4.687796831130981445e-01 -5.267656428813801556e-02 -1.281726021979447128e-01 -5.683458864722150672e-01 8.110363228306837202e-01
1.520530419853738546e+09 -3.952783048152923584e-01 -2.184350192546844482e-01 4.313929378986358643e-01 -3.751128874162276000e-02 -1.325554685344650652e-01 -5.716416778165883672e-01 8.088558234701577199e-01
1.520530419903739452e+09 -4.282199740409851074e-01 -1.363653093576431274e-01 3.945807218551635742e-01 -2.587455207836300564e-02 -1.351103572551768106e-01 -5.781481600657285558e-01 8.042514556590715236e-01
1.520530419953740358e+09 -4.622648656368255615e-01 -4.228926450014114380e-02 3.608212172985076904e-01 -1.359454306476563096e-02 -1.327658098123855879e-01 -5.884561919794801810e-01 7.974382347647566149e-01
1.520530420003596544e+09 -4.957623481750488281e-01 6.216317042708396912e-02 3.307643830776214600e-01 2.138621770357890597e-03 -1.268683760493662105e-01 -6.001841735876499717e-01 7.897333722405490697e-01
1.520530420053598642e+09 -5.262497067451477051e-01 1.747533977031707764e-01 3.068748414516448975e-01 2.094774744801425337e-02 -1.161303772298832720e-01 -6.111940295902626996e-01 7.826345159488664605e-01
1.520530420103599787e+09 -5.524323582649230957e-01 2.909119427204132080e-01 2.942135334014892578e-01 4.273944962505157180e-02 -9.704988898199265468e-02 -6.272792624409806450e-01 7.715409162227430118e-01
1.520530420153601646e+09 -5.742355585098266602e-01 4.042394459247589111e-01 2.940067946910858154e-01 6.097471479746018747e-02 -7.553414710225468676e-02 -6.489912022147737991e-01 7.545774289128491796e-01
1.520530420203603506e+09 -5.920287966728210449e-01 5.120118260383605957e-01 3.068527281284332275e-01 7.712210299074126474e-02 -5.002745716301270490e-02 -6.720234389432983013e-01 7.348019680641250106e-01
1.520530420253604650e+09 -6.032947897911071777e-01 6.111389994621276855e-01 3.305357396602630615e-01 8.694983038492071215e-02 -2.460534058993975662e-02 -6.957576086626806600e-01 7.125697539178006412e-01
1.520530420303606510e+09 -6.097974777221679688e-01 6.977885365486145020e-01 3.647077381610870361e-01 8.998084384051932560e-02 -1.772863472977760863e-03 -7.192169680775051255e-01 6.889319687213357746e-01
1.520530420353607893e+09 -6.123659014701843262e-01 7.718026638031005859e-01 4.047338664531707764e-01 8.870827466390997229e-02 1.729634270560297463e-02 -7.420402788060533883e-01 6.642348253175204276e-01
1.520530420403699398e+09 -6.130588054656982422e-01 8.329221010208129883e-01 4.450438618659973145e-01 8.525661419825104892e-02 3.279686448233885832e-02 -7.611620393404399110e-01 6.420965856338752831e-01
1.520530420453700304e+09 -6.131463646888732910e-01 8.805027008056640625e-01 4.835222661495208740e-01 8.054378686378796393e-02 4.412499846807414750e-02 -7.752680237945630548e-01 6.249201342487742394e-01
1.520530420503702402e+09 -6.141417622566223145e-01 9.162184000015258789e-01 5.170056819915771484e-01 7.660910774223063380e-02 5.302748512099854372e-02 -7.867948538553848348e-01 6.101417772775155068e-01
1.520530420553704262e+09 -6.163717508316040039e-01 9.414815902709960938e-01 5.433596372604370117e-01 7.122866672253569398e-02 5.757897608901839381e-02 -7.982680047864559869e-01 5.952976827468091647e-01
1.520530420603705168e+09 -6.214015483856201172e-01 9.568413496017456055e-01 5.628464818000793457e-01 6.647543661879247445e-02 5.754650057312021838e-02 -8.060332004595954780e-01 5.853032516183300782e-01
1.520530420653707266e+09 -6.291875243186950684e-01 9.612519145011901855e-01 5.732449293136596680e-01 6.494164043623178173e-02 5.485371399556474709e-02 -8.123218223673585037e-01 5.769808578316247827e-01
1.520530420703708172e+09 -6.410492062568664551e-01 9.585286378860473633e-01 5.727562904357910156e-01 6.590270555558710996e-02 4.926667962631905984e-02 -8.152044792163374298e-01 5.732985999849217196e-01
1.520530420753710270e+09 -6.553804874420166016e-01 9.472802281379699707e-01 5.598345398902893066e-01 7.079250384820313935e-02 4.262102779459631119e-02 -8.153018377625326218e-01 5.731097475437593181e-01
1.520530420803355932e+09 -6.737805008888244629e-01 9.272179603576660156e-01 5.374791622161865234e-01 7.600064839531425753e-02 3.657250233307208359e-02 -8.142405435009135717e-01 5.743680795760903735e-01
1.520530420853358030e+09 -6.960306167602539062e-01 8.959425091743469238e-01 5.049198865890502930e-01 8.049349886345158467e-02 3.074673617517549237e-02 -8.115675697029813840e-01 5.778698077090463903e-01
1.520530420903359175e+09 -7.205827236175537109e-01 8.533733487129211426e-01 4.660767018795013428e-01 8.416822822218036904e-02 2.332448827575401423e-02 -8.074982902174944188e-01 5.833679704101317753e-01
1.520530420953361034e+09 -7.465713024139404297e-01 7.979487180709838867e-01 4.230754673480987549e-01 8.540516730045569216e-02 1.238656270943902862e-02 -7.992977161445563583e-01 5.947063909432304118e-01
1.520530421003362894e+09 -7.741448879241943359e-01 7.315858602523803711e-01 3.784329295158386230e-01 8.778100486498652266e-02 3.115260517043086635e-03 -7.875024103360243055e-01 6.100202816724672461e-01
1.520530421053364038e+09 -8.013423681259155273e-01 6.547913551330566406e-01 3.365402221679687500e-01 8.493569827527588934e-02 -5.072244642599268993e-03 -7.736144370285011895e-01 6.279179104897806285e-01
1.520530421103365898e+09 -8.280036449432373047e-01 5.677275657653808594e-01 2.996098995208740234e-01 8.063777845465472383e-02 -9.051437931893909980e-03 -7.572068758915168063e-01 6.481152422678179148e-01
1.520530421153366804e+09 -8.526608943939208984e-01 4.725241959095001221e-01 2.701314985752105713e-01 6.936370999195307085e-02 -1.509444623751951021e-02 -7.391736754727280534e-01 6.697634738600435345e-01
1.520530421203429461e+09 -8.741837143898010254e-01 3.701460361480712891e-01 2.488852441310882568e-01 5.409082429992351226e-02 -2.583933831585349949e-02 -7.173707033808403022e-01 6.941079060584400828e-01
1.520530421253431320e+09 -8.921732902526855469e-01 2.651164531707763672e-01 2.364930659532546997e-01 3.903039379759902505e-02 -3.836275102383382429e-02 -6.926513021322504571e-01 7.191933685375483387e-01
1.520530421303432465e+09 -9.031829237937927246e-01 1.587626338005065918e-01 2.342040240764617920e-01 2.695680364317064315e-02 -5.170504289302350204e-02 -6.662475354637031888e-01 7.434474700779577505e-01
1.520530421353434563e+09 -9.089280366897583008e-01 5.417743325233459473e-02 2.423030734062194824e-01 1.738674209914059521e-02 -6.500053466674697578e-02 -6.394488275370184827e-01 7.658836913355365761e-01
1.520530421403435469e+09 -9.110642075538635254e-01 -4.436654970049858093e-02 2.616913318634033203e-01 7.086066160296505476e-03 -7.842795887632170171e-02 -6.135676779841227058e-01 7.857057639256808113e-01
1.520530421453437567e+09 -9.118819832801818848e-01 -1.332250982522964478e-01 2.905679643154144287e-01 -3.006865044285129008e-03 -8.760764535983076029e-02 -5.884205852453771035e-01 8.037891975490835117e-01
1.520530421503439426e+09 -9.135590195655822754e-01 -2.107768505811691284e-01 3.285885155200958252e-01 -1.651660543558203936e-02 -9.230090702038443173e-02 -5.645716801248179539e-01 8.200405857694726963e-01
1.520530421553440332e+09 -9.163031578063964844e-01 -2.753594517707824707e-01 3.716671168804168701e-01 -3.581272722214300791e-02 -9.639012575415013828e-02 -5.425908431462184156e-01 8.336795362487238181e-01
1.520530421603610992e+09 -9.206820726394653320e-01 -3.285742998123168945e-01 4.162637889385223389e-01 -5.614314711671156838e-02 -9.865733521290713515e-02 -5.250022762689345868e-01 8.434970581768239661e-01
1.520530421653612852e+09 -9.274688959121704102e-01 -3.685218989849090576e-01 4.602713584899902344e-01 -7.590298929985765664e-02 -9.838112968790718726e-02 -5.100723987028572548e-01 8.511087108108988941e-01
1.520530421703613997e+09 -9.382418394088745117e-01 -3.967217803001403809e-01 5.009390711784362793e-01 -9.216244331762163400e-02 -9.515207067786528305e-02 -4.989241856434339373e-01 8.564618056092617726e-01
1.520530421753615856e+09 -9.513444900512695312e-01 -4.157985746860504150e-01 5.339556336402893066e-01 -1.053012662612138189e-01 -9.270306488444950144e-02 -4.911263485395149231e-01 8.597166363721581162e-01
1.520530421803616762e+09 -9.675703644752502441e-01 -4.255024194717407227e-01 5.599057078361511230e-01 -1.135734731897100058e-01 -9.340534072811254585e-02 -4.851656407364860479e-01 8.619691465243095596e-01
1.520530421853617907e+09 -9.871352910995483398e-01 -4.276193976402282715e-01 5.766529440879821777e-01 -1.162222695137727912e-01 -9.406707552030618702e-02 -4.814876294108544341e-01 8.636049050905399982e-01
1.520530421903620005e+09 -1.009954333305358887e+00 -4.230572581291198730e-01 5.834718942642211914e-01 -1.147155120171684112e-01 -9.293429929953368751e-02 -4.819727646870319848e-01 8.636583939360994444e-01
1.520530421953692913e+09 -1.034169077873229980e+00 -4.094854891300201416e-01 5.805588364601135254e-01 -1.107308479889020369e-01 -8.899464360372733029e-02 -4.865554815675550149e-01 8.620222712146530242e-01
1.520530422003623009e+09 -1.061807036399841309e+00 -3.880517482757568359e-01 5.689871907234191895e-01 -1.094624147582407142e-01 -8.585138975542074002e-02 -4.914917553963483177e-01 8.596995829996509908e-01
1.520530422053471804e+09 -1.092062354087829590e+00 -3.589962422847747803e-01 5.506513118743896484e-01 -1.065448845104825931e-01 -7.919350639930607116e-02 -4.978207414217846183e-01 8.570595577549414701e-01
1.520530422103473663e+09 -1.125148415565490723e+00 -3.208612203598022461e-01 5.273814797401428223e-01 -9.966068495239457925e-02 -7.193806608937093616e-02 -5.076007135113507207e-01 8.527802637050815315e-01
1.520530422153476000e+09 -1.160584330558776855e+00 -2.726391553878784180e-01 5.015429258346557617e-01 -9.030569631367681149e-02 -6.869627931655060415e-02 -5.165464615850314800e-01 8.487081096851543105e-01
1.520530422203476906e+09 -1.198317527770996094e+00 -2.159154564142227173e-01 4.753143489360809326e-01 -7.656637220905398999e-02 -6.763118102046193625e-02 -5.259547499257815062e-01 8.443549105862004911e-01
1.520530422253479004e+09 -1.237370967864990234e+00 -1.509681046009063721e-01 4.500580430030822754e-01 -5.900500970392617145e-02 -6.635650115853528042e-02 -5.357865585021718280e-01 8.396713567296647529e-01
1.520530422303479910e+09 -1.276657342910766602e+00 -7.935882359743118286e-02 4.273522198200225830e-01 -4.248970957201728821e-02 -6.531726319409016102e-02 -5.476619988075558387e-01 8.330633918084698886e-01
1.520530422353481770e+09 -1.314539551734924316e+00 -1.955652609467506409e-03 4.092357754707336426e-01 -2.767099427836802045e-02 -6.200582089214080883e-02 -5.627750946639894503e-01 8.238165979616313139e-01
1.520530422403482914e+09 -1.351415038108825684e+00 8.002868294715881348e-02 3.962526321411132812e-01 -1.294676299728458532e-02 -5.329005387854032078e-02 -5.828777516262794167e-01 8.107071469677616937e-01
1.520530422453394413e+09 -1.386085391044616699e+00 1.639237701892852783e-01 3.881029188632965088e-01 1.783841176856670136e-03 -4.092619309491680318e-02 -6.070283267762990320e-01 7.936236356867026887e-01
1.520530422503395796e+09 -1.417205572128295898e+00 2.482383102178573608e-01 3.844131529331207275e-01 1.508677383198439061e-02 -2.962364269401123948e-02 -6.357262358812190151e-01 7.711984064176851117e-01
1.520530422553397655e+09 -1.441236734390258789e+00 3.303139507770538330e-01 3.856179416179656982e-01 2.798568702587450607e-02 -2.173744001585613261e-02 -6.646499177765488042e-01 7.463141240944549670e-01
1.520530422603399515e+09 -1.458770871162414551e+00 4.082383811473846436e-01 3.910208046436309814e-01 4.158473691383272192e-02 -1.560032621403230693e-02 -6.934203987329031760e-01 7.191630483408645302e-01
1.520530422653400660e+09 -1.472154259681701660e+00 4.800450205802917480e-01 3.998503088951110840e-01 5.204968506919977617e-02 -1.060831822095953392e-02 -7.223277064169929540e-01 6.895077798046126416e-01
1.520530422703402519e+09 -1.481346607208251953e+00 5.438944101333618164e-01 4.108318686485290527e-01 5.777663618291577902e-02 -7.509968088542792568e-03 -7.490205610181840390e-01 6.599800450488643166e-01
1.520530422753403664e+09 -1.487337946891784668e+00 5.973570942878723145e-01 4.246259331703186035e-01 5.960429455895414202e-02 -8.277053939330106247e-03 -7.730863089252160147e-01 6.314399238253790569e-01
1.520530422803405762e+09 -1.491694450378417969e+00 6.399628520011901855e-01 4.402978718280792236e-01 5.871171376996994762e-02 -1.289846079520252584e-02 -7.931410591155201306e-01 6.060642084139423735e-01
1.520530422853580713e+09 -1.495599746704101562e+00 6.718738675117492676e-01 4.573948383331298828e-01 5.603334516036653085e-02 -1.659994151238552290e-02 -8.085165979022499450e-01 5.855643577682098089e-01
1.520530422903582573e+09 -1.500110387802124023e+00 6.933330893516540527e-01 4.758319258689880371e-01 4.638330468338078966e-02 -1.847068152651747466e-02 -8.179801998622471260e-01 5.730757503191992175e-01
1.520530422953584671e+09 -1.505356311798095703e+00 7.042825222015380859e-01 4.961536526679992676e-01 3.352452389720361747e-02 -1.555939925761705249e-02 -8.217645755288033316e-01 5.686272890023603699e-01
1.520530423003586769e+09 -1.510860919952392578e+00 7.086409330368041992e-01 5.180230140686035156e-01 1.609954714906866591e-02 -5.330485020861587021e-03 -8.214061438797016779e-01 5.700915166073918794e-01
1.520530423053587437e+09 -1.515352249145507812e+00 7.028445005416870117e-01 5.413441061973571777e-01 -5.349611230466930906e-03 1.143803225435905367e-02 -8.164252979439874380e-01 5.773129878626519496e-01
1.520530423103589773e+09 -1.517396211624145508e+00 6.911384463310241699e-01 5.656218528747558594e-01 -2.982316585962052624e-02 3.656945207152517002e-02 -8.088848809908020243e-01 5.860703910434257313e-01
1.520530423153590679e+09 -1.515809178352355957e+00 6.746695041656494141e-01 5.899861454963684082e-01 -6.073960184738168289e-02 7.098328509609327930e-02 -7.985891072446118510e-01 5.945817957141323884e-01
1.520530423203591824e+09 -1.510335683822631836e+00 6.549575328826904297e-01 6.130205988883972168e-01 -9.500703333764570768e-02 1.113228947974934657e-01 -7.853877026174391762e-01 6.014540990695688150e-01
1.520530423253315926e+09 -1.500787138938903809e+00 6.332697272300720215e-01 6.337062120437622070e-01 -1.301803012636784662e-01 1.503350906606312209e-01 -7.699053404701091674e-01 6.063812467372016179e-01
1.520530423303317070e+09 -1.486312389373779297e+00 6.101857423782348633e-01 6.515869498252868652e-01 -1.630863081739644393e-01 1.838740089482136519e-01 -7.531829390683856262e-01 6.101710130904347551e-01
1.520530423353318930e+09 -1.467797994613647461e+00 5.873082876205444336e-01 6.666926145553588867e-01 -1.923844747068832739e-01 2.110547498618025597e-01 -7.373558025171882413e-01 6.121687079120932129e-01
1.520530423403321981e+09 -1.445649981498718262e+00 5.651055574417114258e-01 6.781860589981079102e-01 -2.185066657998459561e-01 2.334076333987665786e-01 -7.202308236030831035e-01 6.156649043142267130e-01
1.520530423453322172e+09 -1.421052694320678711e+00 5.440056324005126953e-01 6.849966049194335938e-01 -2.396041753839206756e-01 2.505138661717658533e-01 -7.027185726890360362e-01 6.213044741446418495e-01
1.520530423503324032e+09 -1.395764708518981934e+00 5.229136943817138672e-01 6.873359680175781250e-01 -2.523523472850126570e-01 2.591159542905876467e-01 -6.872886157137849672e-01 6.299298165367722691e-01
1.520530423553359032e+09 -1.368911743164062500e+00 5.012628436088562012e-01 6.842672824859619141e-01 -2.577025419403848883e-01 2.540623673189248422e-01 -6.750882411001463135e-01 6.428822443636770245e-01
1.520530423603327036e+09 -1.342724442481994629e+00 4.790308475494384766e-01 6.748104095458984375e-01 -2.496866706042736583e-01 2.336490138765455193e-01 -6.675630337844759010e-01 6.613806020450989642e-01
1.520530423652983427e+09 -1.317163944244384766e+00 4.565123319625854492e-01 6.600804924964904785e-01 -2.272065746181450852e-01 2.007307872540209370e-01 -6.642673662157217995e-01 6.832519225582159850e-01
1.520530423702985287e+09 -1.290807723999023438e+00 4.336848556995391846e-01 6.382038593292236328e-01 -1.952215496472758938e-01 1.601263363434385079e-01 -6.608596154157051483e-01 7.067621040174341118e-01
1.520530423752986431e+09 -1.263189554214477539e+00 4.108799993991851807e-01 6.114551424980163574e-01 -1.583102214291713661e-01 1.156677542248024798e-01 -6.549484803559473267e-01 7.297954045505307130e-01
1.520530423802988291e+09 -1.233211278915405273e+00 3.891151845455169678e-01 5.802783370018005371e-01 -1.158002987237166936e-01 7.232560960771984571e-02 -6.486206649239332211e-01 7.487660048666769930e-01
1.520530423852990389e+09 -1.201774239540100098e+00 3.685780465602874756e-01 5.475299954414367676e-01 -6.998627997182134408e-02 2.971595494168639481e-02 -6.414416766294308569e-01 7.633946935369895215e-01
1.520530423902991533e+09 -1.168908119201660156e+00 3.493449985980987549e-01 5.141224265098571777e-01 -2.257810105044628576e-02 -1.306398460209030540e-02 -6.324274384563814966e-01 7.741802740620378209e-01
1.520530423952993393e+09 -1.134061932563781738e+00 3.331367373466491699e-01 4.821693599224090576e-01 3.006992231491773665e-02 -5.368005729511521329e-02 -6.236218066075941424e-01 7.793010288356152504e-01
1.520530424002994537e+09 -1.097351789474487305e+00 3.202037215232849121e-01 4.525546729564666748e-01 8.590198758986444805e-02 -9.780113063961133613e-02 -6.137527613175876029e-01 7.786933512935376722e-01
1.520530424052950382e+09 -1.059207916259765625e+00 3.108689785003662109e-01 4.259783923625946045e-01 1.436745304447543947e-01 -1.412284900544099331e-01 -6.018620432243607654e-01 7.727704858651296416e-01
1.520530424103253126e+09 -1.020508766174316406e+00 3.063772022724151611e-01 4.037444591522216797e-01 1.997853274343739105e-01 -1.817967060937731305e-01 -5.892942270010184114e-01 7.614250420223033222e-01
1.520530424153255224e+09 -9.832510948181152344e-01 3.059891462326049805e-01 3.873388469219207764e-01 2.468961048027258354e-01 -2.140055185057922471e-01 -5.769660166203318674e-01 7.485680778309846684e-01
1.520530424203257084e+09 -9.486899971961975098e-01 3.092009723186492920e-01 3.788411915302276611e-01 2.792486752021209884e-01 -2.318390976474099530e-01 -5.699125335624053434e-01 7.372045267687761250e-01
1.520530424253258228e+09 -9.181944727897644043e-01 3.145723640918731689e-01 3.798895478248596191e-01 2.892154184218703183e-01 -2.338589600745182573e-01 -5.691102200344364537e-01 7.333334752977547222e-01
1.520530424303260326e+09 -8.914490938186645508e-01 3.217221498489379883e-01 3.899765312671661377e-01 2.744836380461090908e-01 -2.175860749928406612e-01 -5.752221076051413640e-01 7.392121206639413744e-01
1.520530424353261232e+09 -8.671679496765136719e-01 3.301568031311035156e-01 4.086323976516723633e-01 2.359157619574110409e-01 -1.826817964501409874e-01 -5.871829906704993940e-01 7.524541514092746297e-01
1.520530424403263330e+09 -8.409110903739929199e-01 3.387573063373565674e-01 4.302592277526855469e-01 1.761221637409481067e-01 -1.337067558511952359e-01 -6.019608039153406809e-01 7.672982975535344030e-01
1.520530424453264236e+09 -8.153557181358337402e-01 3.503265082836151123e-01 4.613789021968841553e-01 1.031535368794738033e-01 -7.944294440266416735e-02 -6.137428593869214133e-01 7.786962623291932006e-01
1.520530424504722357e+09 -7.850247025489807129e-01 3.641280531883239746e-01 4.945672452449798584e-01 2.568930072691704217e-02 -1.979135021334968783e-02 -6.227315208172529148e-01 7.817632731623593845e-01
1.520530424554724455e+09 -7.505621910095214844e-01 3.780700564384460449e-01 5.246974229812622070e-01 -4.462294297675433591e-02 3.525227400048889376e-02 -6.261690952383907049e-01 7.776106572740776324e-01
1.520530424604726315e+09 -7.131210565567016602e-01 3.916834890842437744e-01 5.512362122535705566e-01 -1.027660456237118047e-01 8.229122405833419474e-02 -6.244295311502024992e-01 7.699058740764255226e-01
1.520530424654727221e+09 -6.746909618377685547e-01 4.043376147747039795e-01 5.726491808891296387e-01 -1.420687041046333199e-01 1.182577006910266737e-01 -6.202917863262907838e-01 7.622792791080189589e-01
1.520530424704729557e+09 -6.350147128105163574e-01 4.152622818946838379e-01 5.880621671676635742e-01 -1.620187976313116895e-01 1.393258948910545414e-01 -6.170143772227238976e-01 7.573846199437673787e-01
1.520530424754730225e+09 -6.012559533119201660e-01 4.278027415275573730e-01 6.208278536796569824e-01 -1.698828908664066495e-01 1.475151753857937287e-01 -6.160563728797586736e-01 7.548864960085105436e-01
1.520530424804732323e+09 -5.656520128250122070e-01 4.312330186367034912e-01 6.287658810615539551e-01 -1.637215536751834566e-01 1.380096757591671719e-01 -6.196093265710356235e-01 7.551376461846022181e-01
1.520530424854733467e+09 -5.321339964866638184e-01 4.364423751831054688e-01 6.300842761993408203e-01 -1.352432259758106492e-01 1.089648068387074203e-01 -6.257766570306398934e-01 7.604206179568094859e-01
1.520530424903374434e+09 -5.015922784805297852e-01 4.382751584053039551e-01 6.239378452301025391e-01 -9.011536485760393567e-02 6.599239748075236278e-02 -6.331853024000299035e-01 7.658985554992945310e-01
1.520530424953377485e+09 -4.683781266212463379e-01 4.400246739387512207e-01 6.080605387687683105e-01 -2.942916059423754047e-02 1.906517248321089320e-02 -6.441252537220278906e-01 7.641158951510153008e-01
1.520530425003378153e+09 -4.321556985378265381e-01 4.409123659133911133e-01 5.908486247062683105e-01 3.019944723355483251e-02 -2.828397935674385050e-02 -6.546531230050010031e-01 7.547961966241840681e-01
1.520530425053379536e+09 -3.920013904571533203e-01 4.416617155075073242e-01 5.720698237419128418e-01 7.905922913157302501e-02 -6.323379344610687014e-02 -6.671956847662174894e-01 7.379708963671092192e-01
1.520530425103381395e+09 -3.545725643634796143e-01 4.420208036899566650e-01 5.473088622093200684e-01 1.092091773019751022e-01 -8.238846614316407135e-02 -6.830788689645040934e-01 7.174181172885001345e-01
1.520530425153383255e+09 -3.136355578899383545e-01 4.410882890224456787e-01 5.272366404533386230e-01 1.206345344918366841e-01 -7.971477829130803328e-02 -7.044021112149866370e-01 6.949176418294293889e-01
1.520530425203384399e+09 -2.679609656333923340e-01 4.391264319419860840e-01 5.195603966712951660e-01 1.137740139279710821e-01 -5.966632305826934102e-02 -7.285178139057177926e-01 6.728723493126002042e-01
1.520530425253385305e+09 -2.287496030330657959e-01 4.383324384689331055e-01 5.160461664199829102e-01 9.757331379531541948e-02 -2.923958262414151979e-02 -7.531733816213804777e-01 6.498879537735572365e-01
1.520530425303732157e+09 -1.879439055919647217e-01 4.360769689083099365e-01 5.190099477767944336e-01 8.224375119540783263e-02 3.595512092174407899e-04 -7.770361009268043073e-01 6.240598801146449714e-01
1.520530425353734255e+09 -1.457388103008270264e-01 4.345850944519042969e-01 5.268251895904541016e-01 7.405271808696398117e-02 1.930433615231081160e-02 -8.016291513066828855e-01 5.929032309955637459e-01
1.520530425403735161e+09 -1.046434268355369568e-01 4.348714053630828857e-01 5.354334712028503418e-01 7.180734427553936428e-02 2.702758722259439653e-02 -8.257171767033979481e-01 5.588419802895883137e-01
1.520530425453737020e+09 -6.460793316364288330e-02 4.378202557563781738e-01 5.442088842391967773e-01 6.913471816126495750e-02 2.579240072117640684e-02 -8.446690851913370990e-01 5.301785353367582942e-01
1.520530425503738165e+09 -2.378707565367221832e-02 4.447401165962219238e-01 5.510195493698120117e-01 6.006704226515069411e-02 1.735368171939697182e-02 -8.506423172169047531e-01 5.220138392074995526e-01
1.520530425553740025e+09 1.007449254393577576e-02 4.531202316284179688e-01 5.566657185554504395e-01 4.603586601933511852e-02 4.092403583967078352e-03 -8.380638744928282646e-01 5.436109762898693187e-01
1.520530425603740931e+09 4.233916103839874268e-02 4.587302803993225098e-01 5.642040967941284180e-01 3.362083328571972146e-02 -1.457372727279604603e-02 -8.064212543656005261e-01 5.902050546631767425e-01
1.520530425653743267e+09 7.654255628585815430e-02 4.603195786476135254e-01 5.712924599647521973e-01 2.687063274409035030e-02 -3.467695813350347295e-02 -7.547883447540202351e-01 6.544998336852545506e-01
1.520530425703674793e+09 1.127416118979454041e-01 4.595744311809539795e-01 5.776089429855346680e-01 2.413614582775043538e-02 -4.404990246784342561e-02 -6.918186343939075611e-01 7.203221707420256470e-01
1.520530425753676653e+09 1.494719088077545166e-01 4.557411968708038330e-01 5.843219161033630371e-01 1.874776798317255577e-02 -4.124182918913874701e-02 -6.233399669874973847e-01 7.806375076031184523e-01
1.520530425803678513e+09 1.892498135566711426e-01 4.481345415115356445e-01 5.854061245918273926e-01 4.522290376662027947e-03 -3.329321989590661168e-02 -5.533915550367436431e-01 8.322432920803427558e-01
1.520530425853679657e+09 2.305656224489212036e-01 4.390157759189605713e-01 5.865454673767089844e-01 -1.627066328156584821e-02 -2.756114251948425797e-02 -4.832252172646415156e-01 8.749108745117634145e-01
1.520530425903681517e+09 2.745772600173950195e-01 4.305435419082641602e-01 5.875219106674194336e-01 -3.655675328883236513e-02 -2.203354925911825413e-02 -4.229339546712053699e-01 9.051546809701644936e-01
1.520530425953682423e+09 3.166775107383728027e-01 4.234753251075744629e-01 5.844165682792663574e-01 -5.157770020927702342e-02 -1.992311811912117481e-02 -3.813077066821645711e-01 9.227931745685605813e-01
1.520530426003684759e+09 3.559845983982086182e-01 4.178628921508789062e-01 5.777297019958496094e-01 -5.322372068321981620e-02 -1.873659438473899291e-02 -3.673189470514292010e-01 9.283819077968537004e-01
1.520530426053685665e+09 3.924365639686584473e-01 4.152307510375976562e-01 5.697928667068481445e-01 -4.188111274355746372e-02 -1.867029749003048730e-02 -3.861611943138186231e-01 9.212909010693205447e-01
1.520530426103474617e+09 4.250193834304809570e-01 4.162750244140625000e-01 5.632386803627014160e-01 -2.663237833387870068e-02 -2.437444833826672014e-02 -4.270230008135664779e-01 9.035197615263669269e-01
1.520530426153475523e+09 4.541067779064178467e-01 4.204205572605133057e-01 5.607883334159851074e-01 -8.119988800187175060e-03 -3.180085716339146190e-02 -4.779474507859027277e-01 8.777750312880947536e-01
1.520530426203477621e+09 4.790601432323455811e-01 4.282752871513366699e-01 5.548844337463378906e-01 1.196000314289538853e-02 -3.786391643903632559e-02 -5.362431831691003570e-01 8.431290118726733063e-01
1.520530426253478527e+09 5.058534145355224609e-01 4.392873346805572510e-01 5.507445335388183594e-01 2.939198590359947197e-02 -3.854748430199559511e-02 -5.953616227325916332e-01 8.019942274080563704e-01
1.520530426303480387e+09 5.292356014251708984e-01 4.517796635627746582e-01 5.471933484077453613e-01 3.583164711548893905e-02 -3.912706517304263831e-02 -6.513997081063034322e-01 7.568775238537330807e-01
1.520530426353481531e+09 5.567942857742309570e-01 4.669871330261230469e-01 5.455392003059387207e-01 3.783546176544594353e-02 -2.752808141232374745e-02 -7.095820506925847315e-01 7.030675614061981937e-01
1.520530426403483391e+09 5.853796601295471191e-01 4.828694164752960205e-01 5.460150241851806641e-01 3.248181011305608518e-02 -1.131758216419195308e-02 -7.628225254958016510e-01 6.456923717544934549e-01
1.520530426453484297e+09 6.150113344192504883e-01 4.996013343334197998e-01 5.482421517372131348e-01 2.874975838578815862e-02 6.864170566731447529e-03 -8.079365566746992133e-01 5.885277010845115786e-01
1.520530426503486633e+09 6.417803764343261719e-01 5.147675871849060059e-01 5.549502968788146973e-01 2.743892916049908010e-02 2.047486080997030361e-02 -8.413820843508372782e-01 5.393552385717396147e-01
1.520530426553550959e+09 6.769702434539794922e-01 5.287098288536071777e-01 5.578389167785644531e-01 2.347363907583166834e-02 2.283173621713673745e-02 -8.572124767325209893e-01 5.139206843706000116e-01
1.520530426603552818e+09 7.121109366416931152e-01 5.392178297042846680e-01 5.569841265678405762e-01 1.731098241966147824e-02 1.550812819538328891e-02 -8.536835238678822657e-01 5.202732637028895102e-01
1.520530426653553963e+09 7.491327524185180664e-01 5.436947941780090332e-01 5.577366352081298828e-01 1.380598282815123819e-02 2.864231896319018641e-03 -8.318444628591658008e-01 5.548296861419177439e-01
1.520530426703555822e+09 7.888701558113098145e-01 5.426720380783081055e-01 5.584720373153686523e-01 2.258479812237811427e-02 -4.571198082447748556e-03 -7.965013493402938183e-01 6.041975103730183871e-01
1.520530426753558159e+09 8.319686651229858398e-01 5.334228277206420898e-01 5.554755330085754395e-01 3.416553508701954817e-02 -7.635259061650083619e-03 -7.471686593954744993e-01 6.637118451922103812e-01
1.520530426803559065e+09 8.777887821197509766e-01 5.154007077217102051e-01 5.497435331344604492e-01 4.339052888707670835e-02 -1.132602093906219347e-02 -6.885060914028411361e-01 7.238427628661975310e-01
1.520530426853559971e+09 9.143451452255249023e-01 4.882185161113739014e-01 5.462217926979064941e-01 4.633873154030289376e-02 -1.394003018385349922e-02 -6.265210869365579471e-01 7.779008453148402724e-01
1.520530426903562069e+09 9.544954299926757812e-01 4.558732807636260986e-01 5.400142073631286621e-01 4.221226599344896774e-02 -1.793373914467673302e-02 -5.685146982192651466e-01 8.213936592819832683e-01
1.520530426953597546e+09 9.963086843490600586e-01 4.186187088489532471e-01 5.335115790367126465e-01 3.639431227984968320e-02 -2.025357967517443791e-02 -5.180384417370714756e-01 8.543426826669994201e-01
1.520530427003599644e+09 1.031898379325866699e+00 3.787819445133209229e-01 5.310098528861999512e-01 3.000612096744516982e-02 -2.725020140549926084e-02 -4.721143698862678706e-01 8.806049517091866230e-01
1.520530427053601742e+09 1.062377810478210449e+00 3.381005525588989258e-01 5.300073623657226562e-01 2.535241226489286237e-02 -3.728728285064136089e-02 -4.293196998891797844e-01 9.020263349908536066e-01
1.520530427103602409e+09 1.097297430038452148e+00 3.019021749496459961e-01 5.281332135200500488e-01 2.198314179881730168e-02 -4.928573709684536813e-02 -3.865932323131897053e-01 9.206700442205740798e-01
1.520530427153604746e+09 1.134393095970153809e+00 2.693571448326110840e-01 5.255939960479736328e-01 2.082189866619347379e-02 -6.039706469819961648e-02 -3.389639771496664733e-01 9.386277565183422933e-01
1.520530427203605652e+09 1.174396991729736328e+00 2.414653450250625610e-01 5.224766731262207031e-01 2.144615553367977198e-02 -6.764921593139269773e-02 -2.908671220551183878e-01 9.541278547993794490e-01
1.520530427253607750e+09 1.201935052871704102e+00 2.171946763992309570e-01 5.238444209098815918e-01 2.159865717252254860e-02 -7.088074695122736912e-02 -2.454949122543773343e-01 9.665617754583488708e-01
1.520530427303608656e+09 1.235244512557983398e+00 1.973155885934829712e-01 5.208935737609863281e-01 2.174554442946267582e-02 -7.342443901002219941e-02 -2.010206007393177119e-01 9.765893206112452596e-01
1.520530427353592396e+09 1.265766859054565430e+00 1.803864240646362305e-01 5.176064372062683105e-01 2.355374424316825782e-02 -7.617081793823497760e-02 -1.574841458759140556e-01 9.842977046729721735e-01
1.520530427403594494e+09 1.293661594390869141e+00 1.666568219661712646e-01 5.144066810607910156e-01 2.754496967044147218e-02 -7.835053116335947976e-02 -1.172687852596465130e-01 9.896213927133957755e-01
1.520530427453595400e+09 1.317425251007080078e+00 1.549710333347320557e-01 5.105978250503540039e-01 3.359611509329037127e-02 -7.793060981464350334e-02 -8.576775587893295527e-02 9.926943200986132476e-01
1.520530427503597498e+09 1.333700776100158691e+00 1.460109353065490723e-01 5.073695182800292969e-01 3.900725127349696092e-02 -7.866130230547856150e-02 -6.439983403720554722e-02 9.940540705835235746e-01
1.520530427553598642e+09 1.348975896835327148e+00 1.390038281679153442e-01 5.032760500907897949e-01 4.340875047615141979e-02 -7.908747905964819136e-02 -5.353515470441450735e-02 9.944821960441843078e-01
1.520530427603600502e+09 1.346802711486816406e+00 1.349001228809356689e-01 5.022807121276855469e-01 4.704199673297410761e-02 -8.064377208372784656e-02 -5.365697600786878407e-02 9.941853758194060253e-01
1.520530427653601408e+09 1.336633563041687012e+00 1.341249495744705200e-01 5.014678239822387695e-01 4.771953897818228402e-02 -8.159131050828657972e-02 -6.355579548376395771e-02 9.934920052570510585e-01
1.520530427703603506e+09 1.316998124122619629e+00 1.368849128484725952e-01 5.012981891632080078e-01 4.300778150337748740e-02 -8.413895556060960179e-02 -8.271425560804633592e-02 9.920833225120428978e-01
1.520530427753677607e+09 1.290193796157836914e+00 1.443498581647872925e-01 4.999257028102874756e-01 3.448378397017336922e-02 -8.586703495632957983e-02 -1.078799920498874909e-01 9.898482854792561847e-01
1.520530427803678751e+09 1.253620862960815430e+00 1.575266420841217041e-01 4.994563758373260498e-01 2.337259275735884337e-02 -8.864259892312836842e-02 -1.395965426393743214e-01 9.859558899094245099e-01
1.520530427853680849e+09 1.205518364906311035e+00 1.786143034696578979e-01 5.001148581504821777e-01 1.138070953433591680e-02 -8.991152656176215618e-02 -1.791632595182360010e-01 9.796361177910040130e-01
1.520530427903682709e+09 1.147041201591491699e+00 2.150596231222152710e-01 5.002840757369995117e-01 -1.528269653191232941e-03 -8.546535999059981514e-02 -2.242860684698600171e-01 9.707672718648263643e-01
1.520530427953683853e+09 1.083480000495910645e+00 2.577039003372192383e-01 5.020456314086914062e-01 -1.536312814227125574e-02 -7.497315505615122222e-02 -2.763395479123273435e-01 9.580080660277455751e-01
1.520530428003685713e+09 1.015153765678405762e+00 3.183777034282684326e-01 5.023387670516967773e-01 -2.808238370797635705e-02 -5.933288817608570187e-02 -3.409599722941918376e-01 9.377831761122109588e-01
1.520530428053686857e+09 9.498543143272399902e-01 3.866674304008483887e-01 5.016186237335205078e-01 -3.757094343073259790e-02 -4.045319661850871329e-02 -4.159328066066699248e-01 9.077179426900008341e-01
1.520530428103691816e+09 8.899527788162231445e-01 4.669231176376342773e-01 4.996989369392395020e-01 -4.438810579157326242e-02 -2.658160832581315386e-02 -4.918287156668640914e-01 8.691533976281355933e-01
1.520530428153535128e+09 8.387289047241210938e-01 5.550698637962341309e-01 4.968378841876983643e-01 -4.411460997161875675e-02 -1.920109338311697111e-02 -5.648957821735554052e-01 8.237584442556395992e-01
1.520530428203536987e+09 7.988733053207397461e-01 6.501415967941284180e-01 4.937560260295867920e-01 -3.576357361933416024e-02 -1.483324790434379682e-02 -6.328575078929655762e-01 7.732996290326845656e-01
1.520530428253538132e+09 7.714846134185791016e-01 7.484343647956848145e-01 4.916622638702392578e-01 -2.325881206422136110e-02 -7.785227859688540440e-03 -6.945406001021421361e-01 7.190353069900601302e-01
1.520530428303539991e+09 7.580577135086059570e-01 8.465226292610168457e-01 4.908489584922790527e-01 -1.621812377172750924e-02 -4.399226695195080110e-04 -7.508267674265585168e-01 6.602998896298214460e-01
1.520530428353542089e+09 7.582280039787292480e-01 9.408826231956481934e-01 4.924488663673400879e-01 -1.235180512806566266e-02 9.691673161357024571e-03 -8.025704481817728109e-01 5.963507190292638427e-01
1.520530428403618097e+09 7.710411548614501953e-01 1.026828050613403320e+00 4.965901970863342285e-01 -1.158260410158211753e-02 2.288714137160818493e-02 -8.472956047488156006e-01 5.305018192385403397e-01
1.520530428453544140e+09 7.935335040092468262e-01 1.100987553596496582e+00 5.018481016159057617e-01 -1.041610369712510885e-02 3.613361452227329546e-02 -8.849425265239641014e-01 4.641794819191276122e-01
1.520530428503546000e+09 8.222769498825073242e-01 1.162765264511108398e+00 5.073280334472656250e-01 -8.585387367470331821e-03 4.660900930813226956e-02 -9.165096175758805641e-01 3.971951815744724223e-01
1.520530428553451061e+09 8.535474538803100586e-01 1.211421370506286621e+00 5.121224522590637207e-01 -6.532901453028445299e-03 5.117373184654491064e-02 -9.420525461429682945e-01 3.314748416894613969e-01
1.520530428603452206e+09 8.850227594375610352e-01 1.245887041091918945e+00 5.192310810089111328e-01 -5.091785063478124380e-03 4.855647311438403280e-02 -9.620190718451070433e-01 2.685808035765742119e-01
1.520530428653454065e+09 9.126110672950744629e-01 1.270111083984375000e+00 5.248815417289733887e-01 -4.135153800312144599e-03 4.147512544243547178e-02 -9.773554390944914072e-01 2.074585745275334125e-01
1.520530428703454971e+09 9.368574023246765137e-01 1.286201953887939453e+00 5.254907608032226562e-01 -5.764865978403217045e-03 3.310724938190470756e-02 -9.882975354933363210e-01 1.487906505678809610e-01
1.520530428753457308e+09 9.582511782646179199e-01 1.294676303863525391e+00 5.260422825813293457e-01 -6.936475529636361784e-03 2.638644312636522285e-02 -9.953958241554707875e-01 9.188467870225661138e-02
1.520530428803458214e+09 9.758730530738830566e-01 1.296853542327880859e+00 5.251823663711547852e-01 -8.884297044201582699e-03 2.149219842492057844e-02 -9.991128321397257928e-01 3.510987505859577973e-02
1.520530428853460073e+09 9.922186732292175293e-01 1.291664958000183105e+00 5.218339562416076660e-01 -1.267200504380645507e-02 1.724310940201068468e-02 -9.995214203111840723e-01 -2.233888550114866353e-02
1.520530428903461218e+09 1.006819367408752441e+00 1.276880264282226562e+00 5.183539390563964844e-01 -2.083894824077159660e-02 1.249411439191728743e-02 -9.964704048560539817e-01 -8.035152511179863288e-02
1.520530428953463078e+09 1.019858717918395996e+00 1.253155589103698730e+00 5.147314667701721191e-01 -3.159346362339630898e-02 6.206267843148620920e-03 -9.895372770196222412e-01 -1.406389444084673868e-01
1.520530429003444433e+09 1.031530022621154785e+00 1.221197485923767090e+00 5.108143091201782227e-01 -4.106645895066055735e-02 -6.592830541017274211e-04 -9.782636437514079519e-01 -2.032568685415742649e-01
1.520530429053445578e+09 1.041996955871582031e+00 1.179852008819580078e+00 5.054373145103454590e-01 -5.056727670216071974e-02 -5.187164518875084576e-03 -9.624105081841077824e-01 -2.667996581481855145e-01
1.520530429103447437e+09 1.048473238945007324e+00 1.128576397895812988e+00 5.009880065917968750e-01 -5.980361036570901873e-02 -6.806939128286201672e-03 -9.418756024875089006e-01 -3.305261611517647524e-01
1.520530429153448343e+09 1.051457285881042480e+00 1.071119070053100586e+00 4.961468875408172607e-01 -6.464464693808012752e-02 -7.150459271761981477e-03 -9.175190544261204728e-01 -3.923375145451319934e-01
1.520530429203450441e+09 1.049587726593017578e+00 1.006797313690185547e+00 4.925501644611358643e-01 -6.487191236069625444e-02 -7.632335374507517520e-03 -8.892030993426340846e-01 -4.528258280651079604e-01
1.520530429253451347e+09 1.041558384895324707e+00 9.384679198265075684e-01 4.910273551940917969e-01 -6.043331949470386044e-02 -6.964360690414582444e-03 -8.571337290363644223e-01 -5.114890830929248455e-01
1.520530429303453207e+09 1.026250481605529785e+00 8.681547641754150391e-01 4.911169707775115967e-01 -5.203988050183514652e-02 -5.331709153743834084e-03 -8.209472934005506151e-01 -5.686026426012852353e-01
1.520530429353455544e+09 1.001291871070861816e+00 8.017252087593078613e-01 4.940660297870635986e-01 -4.147317075267685504e-02 -3.778959222854916516e-03 -7.819126495172071811e-01 -6.219954212853116005e-01
1.520530429403550863e+09 9.687704443931579590e-01 7.344974279403686523e-01 4.979776442050933838e-01 -3.311656682370228005e-02 -2.264517752872783393e-03 -7.416170002918750503e-01 -6.700017834597450372e-01
1.520530429453552723e+09 9.272605776786804199e-01 6.704720258712768555e-01 5.043424963951110840e-01 -2.678588270764052648e-02 -2.949755257904878095e-03 -6.988287217222098890e-01 -7.147812484443009096e-01
1.520530429503554583e+09 8.797875642776489258e-01 6.084135770797729492e-01 5.107891559600830078e-01 -2.302293994879901079e-02 -2.491213334376512524e-03 -6.549873824751599738e-01 -7.552848912103135026e-01
1.520530429553555727e+09 8.269554376602172852e-01 5.493488311767578125e-01 5.170662999153137207e-01 -2.065291521733490787e-02 1.256475014774825034e-04 -6.108058972075773863e-01 -7.915109583841385410e-01
1.520530429603557825e+09 7.691031098365783691e-01 4.934207499027252197e-01 5.225489139556884766e-01 -1.797604270110068556e-02 2.993593827118842723e-03 -5.631792801552811811e-01 -8.261337656146163777e-01
1.520530429653558731e+09 7.051600813865661621e-01 4.418739080429077148e-01 5.267077684402465820e-01 -1.382648741575829079e-02 6.913293999300943252e-03 -5.137016459981523786e-01 -8.578296179956775847e-01
1.520530429703559875e+09 6.349295377731323242e-01 3.961859941482543945e-01 5.307705402374267578e-01 -8.167637051736635970e-03 1.260849669291144032e-02 -4.648627674830219103e-01 -8.852552868659763208e-01
1.520530429753561735e+09 5.588127970695495605e-01 3.562350869178771973e-01 5.334706902503967285e-01 -1.682038191371020876e-03 1.693353690055588931e-02 -4.158840500640930693e-01 -9.092584247494479577e-01
1.520530429803621769e+09 4.769333600997924805e-01 3.225950896739959717e-01 5.344187617301940918e-01 3.805754006583964445e-03 1.864413057362634962e-02 -3.660191072463596651e-01 -9.304127717105848960e-01
1.520530429853626013e+09 3.895751833915710449e-01 2.945088446140289307e-01 5.330486297607421875e-01 7.122757681615013090e-03 1.780957129071699535e-02 -3.132013308848037858e-01 -9.494930288450977862e-01
1.520530429903624773e+09 2.979155480861663818e-01 2.695872485637664795e-01 5.289994478225708008e-01 7.075816514886922558e-03 1.781600744444979123e-02 -2.581163987313609964e-01 -9.659236240020946385e-01
1.520530429953625917e+09 2.033945471048355103e-01 2.504181861877441406e-01 5.235898494720458984e-01 5.035964292693926800e-03 2.030474873303668784e-02 -2.005274141320149417e-01 -9.794647070844658687e-01
1.520530430003662825e+09 1.099706813693046570e-01 2.328413128852844238e-01 5.172141790390014648e-01 2.206793043323505236e-03 2.276384073435710684e-02 -1.380127363093615889e-01 -9.901663608888596757e-01
1.520530430053628683e+09 1.612478494644165039e-02 2.255473881959915161e-01 5.129657983779907227e-01 -7.094150471509252237e-04 2.412162663209331884e-02 -7.375226737706491731e-02 -9.969845770701043497e-01
1.520530430103631020e+09 -7.787672430276870728e-02 2.265556901693344116e-01 5.103842020034790039e-01 -3.659267984048535701e-03 2.350169467912566201e-02 -6.208005952841929437e-03 -9.996978247286124608e-01
1.520530430153631926e+09 -1.700043827295303345e-01 2.349227368831634521e-01 5.083780288696289062e-01 -5.748685645682127462e-03 2.467138204615717048e-02 6.115540575554360980e-02 -9.978067407409886291e-01
1.520530430203344107e+09 -2.606396377086639404e-01 2.478222250938415527e-01 5.061650872230529785e-01 -5.642371398403885595e-03 2.986824902179482238e-02 1.274613516887566633e-01 -9.913776551703441520e-01
1.520530430253346205e+09 -3.480195403099060059e-01 2.665693461894989014e-01 5.027818083763122559e-01 -4.510806651778914711e-03 3.532650520655996468e-02 1.931778246603832738e-01 -9.805172199980595193e-01
1.520530430303347111e+09 -4.296652078628540039e-01 2.948414087295532227e-01 4.977388381958007812e-01 -3.377158909522560894e-03 3.949889187149427383e-02 2.558559489640581663e-01 -9.659017370925083723e-01
1.520530430353349209e+09 -5.051069855690002441e-01 3.231229782104492188e-01 4.925165474414825439e-01 -2.409354968973913963e-03 4.185084543654943312e-02 3.156667587576563183e-01 -9.479436687695715902e-01
1.520530430403350115e+09 -5.795320272445678711e-01 3.533241152763366699e-01 4.879239201545715332e-01 -1.013834807058539705e-03 4.152338054061505829e-02 3.701779408216715472e-01 -9.280318276527429466e-01
1.520530430453351974e+09 -6.497277617454528809e-01 3.869189023971557617e-01 4.848851263523101807e-01 2.048028508730243176e-03 4.050593949945649475e-02 4.208597583513561391e-01 -9.062185929702236686e-01
1.520530430503353119e+09 -7.147972583770751953e-01 4.216925501823425293e-01 4.839667379856109619e-01 5.535918168323669154e-03 3.996212321604310919e-02 4.672984975939652452e-01 -8.831786322508728970e-01
1.520530430553355217e+09 -7.765039801597595215e-01 4.588758945465087891e-01 4.857845902442932129e-01 8.662391032870472157e-03 4.097026387360958727e-02 5.109632958922974977e-01 -8.585819184624149392e-01
1.520530430603527546e+09 -8.322193026542663574e-01 4.988396763801574707e-01 4.892332553863525391e-01 1.132771675927992348e-02 4.221018517708473999e-02 5.530168671371773481e-01 -8.320230331920620559e-01
1.520530430653528452e+09 -8.815990090370178223e-01 5.392931699752807617e-01 4.960362911224365234e-01 1.472851052133540735e-02 4.179718279853816137e-02 5.944180395364792036e-01 -8.029341571769986752e-01
1.520530430703530312e+09 -9.225401878356933594e-01 5.804457664489746094e-01 5.028290748596191406e-01 2.046377014017976281e-02 4.215548536278306696e-02 6.341320240541500342e-01 -7.718035535254195167e-01
1.520530430753532410e+09 -9.571707844734191895e-01 6.239855885505676270e-01 5.098195672035217285e-01 2.699652962727252734e-02 4.500483933124219821e-02 6.708914993757639778e-01 -7.396961186123611753e-01
1.520530430803533316e+09 -9.876169562339782715e-01 6.713668107986450195e-01 5.144178271293640137e-01 3.206864219899267787e-02 4.825455466677416871e-02 7.060101293674192480e-01 -7.058277391630514153e-01
1.520530430853534460e+09 -1.013299226760864258e+00 7.197193503379821777e-01 5.175244212150573730e-01 3.552075658255274965e-02 4.851855078466187077e-02 7.400211892633089539e-01 -6.698901891525781416e-01
1.520530430903536558e+09 -1.032621145248413086e+00 7.699063420295715332e-01 5.182277560234069824e-01 3.951621107894719154e-02 4.578365446117761001e-02 7.725682956886151809e-01 -6.320447409344785994e-01
1.520530430953538418e+09 -1.049633860588073730e+00 8.223485350608825684e-01 5.162029862403869629e-01 4.375719793978537914e-02 4.093254142301615967e-02 8.032247001689160060e-01 -5.926549719015833384e-01
1.520530431003695965e+09 -1.060377955436706543e+00 8.738069534301757812e-01 5.135033726692199707e-01 4.749675460780193592e-02 3.626696103227575879e-02 8.315584591452541696e-01 -5.522130882758756742e-01
1.520530431053698063e+09 -1.074607968330383301e+00 9.260433912277221680e-01 5.090946555137634277e-01 4.862991445045373312e-02 3.305607101878352966e-02 8.580542316892044719e-01 -5.101816961334381118e-01
1.520530431103700161e+09 -1.076190114021301270e+00 9.754925966262817383e-01 5.071917176246643066e-01 4.833429155671203209e-02 3.090092815731956474e-02 8.829792461975608520e-01 -4.658933136278243792e-01
1.520530431153701305e+09 -1.067468881607055664e+00 1.020170211791992188e+00 5.056552290916442871e-01 4.773654720958298014e-02 2.931038477382593224e-02 9.060268384469580827e-01 -4.194967120475762701e-01
1.520530431203703165e+09 -1.051351547241210938e+00 1.058569312095642090e+00 5.068625807762145996e-01 4.579453481650576363e-02 2.545119974288964637e-02 9.276022787151233517e-01 -3.698771546542146127e-01
1.520530431253704071e+09 -1.029003620147705078e+00 1.089995741844177246e+00 5.101841092109680176e-01 4.528319662204109697e-02 1.888668837322858909e-02 9.472884172927633628e-01 -3.166028735955397355e-01
1.520530431303706169e+09 -1.001136302947998047e+00 1.113487958908081055e+00 5.149878263473510742e-01 4.531748338434479079e-02 1.292647162524373713e-02 9.645296389765551925e-01 -2.597341093633784292e-01
1.520530431353708029e+09 -9.681480526924133301e-01 1.127856731414794922e+00 5.196046829223632812e-01 4.349745224132330751e-02 1.078352092953638840e-02 9.792388197245449621e-01 -1.976942621052929783e-01
1.520530431403708935e+09 -9.355005621910095215e-01 1.133606314659118652e+00 5.229143500328063965e-01 4.144109756953436030e-02 1.193871992781790972e-02 9.904254010504189853e-01 -1.311397245415521495e-01
1.520530431453562260e+09 -9.014959931373596191e-01 1.133700847625732422e+00 5.251504778861999512e-01 3.974219700656447113e-02 1.218869418378753199e-02 9.973563342393881870e-01 -5.960147702662310643e-02
1.520530431503564119e+09 -8.670460581779479980e-01 1.123752951622009277e+00 5.276353955268859863e-01 3.917131337332941526e-02 8.793690644225228559e-03 9.990879888363721761e-01 1.454200042480893913e-02
1.520530431553565025e+09 -8.326718807220458984e-01 1.103607058525085449e+00 5.291008949279785156e-01 4.048771667472659402e-02 2.364601639200220994e-03 9.953468752253835650e-01 8.740567165018270357e-02
1.520530431603567123e+09 -8.005548119544982910e-01 1.072563767433166504e+00 5.292380452156066895e-01 4.084824202043109420e-02 -4.014649235679524850e-03 9.862002852930487062e-01 1.603879702573239030e-01
1.520530431653568029e+09 -7.726321816444396973e-01 1.028683304786682129e+00 5.286643505096435547e-01 4.101030502749490603e-02 -6.962895815235563279e-03 9.711010395001985485e-01 2.350158378600296361e-01
1.520530431703570127e+09 -7.490032315254211426e-01 9.772570133209228516e-01 5.261152386665344238e-01 4.312995731038188341e-02 -7.369858524301569139e-03 9.505839149040002933e-01 3.073690171333485210e-01
1.520530431753571272e+09 -7.297636866569519043e-01 9.182153344154357910e-01 5.218207240104675293e-01 4.717133837675480806e-02 -8.010857566028352361e-03 9.250854054537566151e-01 3.767329075263553539e-01
1.520530431803573132e+09 -7.197781801223754883e-01 8.540845513343811035e-01 5.193433165550231934e-01 5.144410912769734751e-02 -8.572591712320538557e-03 8.958244201145986185e-01 4.413373116265318918e-01
1.520530431853524685e+09 -7.131558656692504883e-01 7.851847410202026367e-01 5.150392651557922363e-01 5.279145549097987583e-02 -8.220636533906129292e-03 8.624473474400260464e-01 5.033190402277508690e-01
1.520530431903525829e+09 -7.163981795310974121e-01 7.132970690727233887e-01 5.120469927787780762e-01 4.948467055909686746e-02 -8.069243346799738481e-03 8.244147962889540882e-01 5.637609407819151874e-01
1.520530431953527689e+09 -7.269747257232666016e-01 6.374796032905578613e-01 5.085044503211975098e-01 4.364937356596027690e-02 -9.953868148334037158e-03 7.811484597756043202e-01 6.227380962221483740e-01
1.520530432003528595e+09 -7.467104196548461914e-01 5.624309778213500977e-01 5.071197748184204102e-01 3.890427647879766276e-02 -1.459661107024579768e-02 7.338471444394188969e-01 6.780425980829198895e-01
1.520530432053530693e+09 -7.754994034767150879e-01 4.882694780826568604e-01 5.080125331878662109e-01 3.539774375743333368e-02 -1.850351963857279833e-02 6.835019815430356527e-01 7.288550340943059647e-01
1.520530432103531599e+09 -8.131535649299621582e-01 4.154180884361267090e-01 5.086506605148315430e-01 3.291841925755500248e-02 -1.993045557249142202e-02 6.303039706600569447e-01 7.753941315127570455e-01
1.520530432153533459e+09 -8.586577773094177246e-01 3.469798564910888672e-01 5.086600184440612793e-01 3.038016350636814356e-02 -1.839036764233283050e-02 5.746269500944582997e-01 8.176446100039106435e-01
1.520530432203535795e+09 -9.103438854217529297e-01 2.849861085414886475e-01 5.060129165649414062e-01 2.816735824180811865e-02 -1.511992817464066080e-02 5.199180007451899010e-01 8.536177482941624817e-01
1.520530432253696203e+09 -9.667407274246215820e-01 2.280180901288986206e-01 5.039942264556884766e-01 2.609095969116942068e-02 -1.024336784098232866e-02 4.656197800159396216e-01 8.845408728236224816e-01
1.520530432303698063e+09 -1.025735616683959961e+00 1.783239096403121948e-01 5.013108253479003906e-01 2.454244752469023419e-02 -3.803821799752128436e-03 4.104193506736639185e-01 9.115586409012980118e-01
1.520530432353700161e+09 -1.087073326110839844e+00 1.360055357217788696e-01 4.994438290596008301e-01 2.490147661601598006e-02 1.013351679900985347e-03 3.552746629524777822e-01 9.344296674681932258e-01
1.520530432403701067e+09 -1.148881673812866211e+00 1.010659709572792053e-01 4.984996020793914795e-01 2.672987215525204907e-02 4.325990681590058742e-03 3.006937559119009507e-01 9.533362811174139750e-01
1.520530432453701973e+09 -1.207593083381652832e+00 7.420177012681961060e-02 4.985555112361907959e-01 2.816980316603345802e-02 6.234487537715443714e-03 2.448215607261885751e-01 9.691387912772464475e-01
1.520530432503704071e+09 -1.263824105262756348e+00 5.379233136773109436e-02 5.000417232513427734e-01 2.755679839736400669e-02 6.734878522751655029e-03 1.858623857472433971e-01 9.821661966478553163e-01
1.520530432553704977e+09 -1.323035717010498047e+00 3.832156956195831299e-02 5.016192197799682617e-01 2.470291969176954816e-02 5.794042760648390744e-03 1.220474674885757144e-01 9.921998843513413213e-01
1.520530432603708029e+09 -1.376032233238220215e+00 3.326967731118202209e-02 5.030238628387451172e-01 2.216613979413279562e-02 1.776851666892573364e-03 5.762002465471097179e-02 9.980908965638207730e-01
1.520530432653547764e+09 -1.423717379570007324e+00 3.784455358982086182e-02 5.044355392456054688e-01 2.199530024531855255e-02 -4.683821492407078124e-03 -5.834554245418608655e-03 9.997300768507981772e-01
1.520530432703550100e+09 -1.467884778976440430e+00 4.487005248665809631e-02 5.064063668251037598e-01 2.202330093427127058e-02 -1.086044000697439921e-02 -6.790463429874277201e-02 9.973895857184228442e-01
1.520530432753551006e+09 -1.507442951202392578e+00 5.617373809218406677e-02 5.088482499122619629e-01 1.883711954564242994e-02 -1.435824792261492650e-02 -1.302824856473923099e-01 9.911939656683512734e-01
1.520530432803552866e+09 -1.540691494941711426e+00 7.228640466928482056e-02 5.107399821281433105e-01 1.129242640254670554e-02 -1.559990862463634699e-02 -1.925844921382560970e-01 9.810914011164789672e-01
1.520530432853554010e+09 -1.567852616310119629e+00 9.426938742399215698e-02 5.136287212371826172e-01 1.109248313722270779e-03 -1.615974588204204671e-02 -2.551474128916250694e-01 9.667664815641453524e-01
1.520530432903555870e+09 -1.587179780006408691e+00 1.223742514848709106e-01 5.169265270233154297e-01 -8.096444097043166421e-03 -1.749581214920859287e-02 -3.178824655369473229e-01 9.479341128234465286e-01
1.520530432953556776e+09 -1.596420764923095703e+00 1.564278006553649902e-01 5.201349258422851562e-01 -1.279477486522055674e-02 -1.966688767869067406e-02 -3.800762864505428107e-01 9.246575169992113929e-01
1.520530433003559113e+09 -1.597752690315246582e+00 1.938712149858474731e-01 5.222102403640747070e-01 -1.532405817980142700e-02 -2.470674242790702260e-02 -4.387318571597249028e-01 8.981475979106564589e-01
1.520530433053690434e+09 -1.589760661125183105e+00 2.367366105318069458e-01 5.243896842002868652e-01 -2.005222638127030638e-02 -3.131857160745431939e-02 -4.920234113810842413e-01 8.697873406428398013e-01
1.520530433103691578e+09 -1.576179265975952148e+00 2.818751037120819092e-01 5.249333381652832031e-01 -2.610638379105800419e-02 -3.667398300108928172e-02 -5.404859424531950340e-01 8.401478570505738208e-01
1.520530433153693438e+09 -1.556078672409057617e+00 3.274052441120147705e-01 5.251766443252563477e-01 -2.884313398071470039e-02 -3.806287708085195898e-02 -5.840017065693879905e-01 8.103464060107510303e-01
1.520530433203694344e+09 -1.527746796607971191e+00 3.725750744342803955e-01 5.252617597579956055e-01 -2.699153239644290492e-02 -3.548882679499189979e-02 -6.241638924877739303e-01 7.800201508077323487e-01
1.520530433253695488e+09 -1.494579672813415527e+00 4.187664985656738281e-01 5.244382023811340332e-01 -2.556562724804167797e-02 -3.204725965723734943e-02 -6.619832926803432827e-01 7.483966141451783294e-01
1.520530433303697586e+09 -1.457447648048400879e+00 4.637857079505920410e-01 5.225602388381958008e-01 -2.927670990683593072e-02 -3.073243777404703614e-02 -6.954860221782873664e-01 7.172848698251750310e-01
1.520530433353699446e+09 -1.413786411285400391e+00 5.037600994110107422e-01 5.214770436286926270e-01 -3.440239950781406875e-02 -2.987018348949006807e-02 -7.248182139286794001e-01 6.874320357705540063e-01
1.520530433403700590e+09 -1.366483449935913086e+00 5.434337854385375977e-01 5.213112235069274902e-01 -3.539468563318491634e-02 -2.703661537762766173e-02 -7.529933118097595912e-01 6.565190858060566681e-01
1.520530433453702450e+09 -1.315005779266357422e+00 5.828085541725158691e-01 5.211903452873229980e-01 -3.500599570999163301e-02 -2.349128056895509464e-02 -7.791724917132792916e-01 6.253902526893928560e-01
1.520530433503793478e+09 -1.257505297660827637e+00 6.219350695610046387e-01 5.191940665245056152e-01 -3.482810614102726382e-02 -1.906610934293244408e-02 -8.027327273443188860e-01 5.950156762199666494e-01
1.520530433553795338e+09 -1.195522427558898926e+00 6.604535579681396484e-01 5.171690583229064941e-01 -3.343918907576543670e-02 -1.397434058246487150e-02 -8.243313402190486361e-01 5.649463514103864048e-01
1.520530433603796482e+09 -1.130024194717407227e+00 6.926034688949584961e-01 5.142175555229187012e-01 -2.912031129606726734e-02 -9.724997345061409115e-03 -8.447662692616404456e-01 5.342540427684459026e-01
1.520530433653798580e+09 -1.059456467628479004e+00 7.249096035957336426e-01 5.106678605079650879e-01 -2.264226184150565369e-02 -1.030533275167842475e-02 -8.650353383391401474e-01 5.010937951322758099e-01
1.520530433703799486e+09 -9.848154187202453613e-01 7.541449069976806641e-01 5.073801875114440918e-01 -1.465424109775363866e-02 -1.663712552456523761e-02 -8.848783129561417216e-01 4.652943482700184763e-01
1.520530433753801584e+09 -9.068987369537353516e-01 7.783680558204650879e-01 5.054500699043273926e-01 -8.537000291295037888e-03 -2.620426913878126998e-02 -9.029519429260257635e-01 4.288569046559048137e-01
1.520530433803803444e+09 -8.283412456512451172e-01 7.979612946510314941e-01 5.048884153366088867e-01 -5.489178312332034307e-03 -3.412394129109835167e-02 -9.198714830652319208e-01 3.906941005385006771e-01
1.520530433853804350e+09 -7.503750920295715332e-01 8.105391263961791992e-01 5.044419765472412109e-01 -6.655986016836376931e-03 -3.726151359426446014e-02 -9.361349372128675572e-01 3.495978500853064164e-01
1.520530433903630733e+09 -6.710051894187927246e-01 8.186185359954833984e-01 5.033353567123413086e-01 -1.120829208432246905e-02 -3.533186387045902932e-02 -9.516285051197106437e-01 3.050069209503558643e-01
1.520530433953631878e+09 -5.909546017646789551e-01 8.198239207267761230e-01 5.015363693237304688e-01 -1.626371938741952294e-02 -3.060578319543895073e-02 -9.657166445425445778e-01 2.572744447475689422e-01
1.520530434003633738e+09 -5.092567801475524902e-01 8.155160546302795410e-01 4.988995194435119629e-01 -1.940509847573905489e-02 -2.616057523883641087e-02 -9.779696981844381298e-01 2.061900479881581538e-01
1.520530434053634644e+09 -4.263148009777069092e-01 8.045770525932312012e-01 4.951049387454986572e-01 -2.105971822690268572e-02 -2.476064484234187513e-02 -9.876546696629404654e-01 1.532372416489638234e-01
1.520530434103636742e+09 -3.413771986961364746e-01 7.876796126365661621e-01 4.908051192760467529e-01 -2.549848639667740349e-02 -2.709236100649906401e-02 -9.941393346074227644e-01 1.015027810105845474e-01
1.520530434153637648e+09 -2.551583945751190186e-01 7.654755711555480957e-01 4.871227145195007324e-01 -3.012742675691316985e-02 -3.297214598706961486e-02 -9.978326607924751235e-01 4.832346015987883797e-02
1.520530434203640699e+09 -1.706917583942413330e-01 7.356752753257751465e-01 4.861941635608673096e-01 -3.338177420954765995e-02 -4.023552960632888892e-02 -9.986068959513846321e-01 -7.143295196283011572e-03
1.520530434253641844e+09 -8.279340714216232300e-02 7.050732970237731934e-01 4.853391647338867188e-01 -3.700290134796448832e-02 -4.550609226136594770e-02 -9.961982661244795922e-01 -6.441269618261036278e-02
1.520530434303478003e+09 4.909657873213291168e-03 6.701339483261108398e-01 4.849062860012054443e-01 -4.000771902854064616e-02 -4.833444265817687935e-02 -9.904667090386205519e-01 -1.226330394194876799e-01
1.520530434353481054e+09 9.263346344232559204e-02 6.302704215049743652e-01 4.835767149925231934e-01 -4.013997480568495119e-02 -4.923365382144061220e-02 -9.804213134248711548e-01 -1.863836847372644101e-01
1.520530434403481245e+09 1.797616034746170044e-01 5.854488611221313477e-01 4.823569357395172119e-01 -4.239959673405743062e-02 -4.702922736347731059e-02 -9.655974578191602875e-01 -2.522143442065870600e-01
1.520530434453483105e+09 2.649947404861450195e-01 5.361180901527404785e-01 4.799790978431701660e-01 -4.612198004555698866e-02 -4.228002863519183391e-02 -9.466007157025375651e-01 -3.162787491544889473e-01
1.520530434503484964e+09 3.466733396053314209e-01 4.826802313327789307e-01 4.760678410530090332e-01 -4.906393258266086854e-02 -3.537427024035276479e-02 -9.229869819055479541e-01 -3.800479216590642029e-01
1.520530434553486109e+09 4.230984449386596680e-01 4.265256524085998535e-01 4.722601473331451416e-01 -4.883683484616619525e-02 -2.921441204421139706e-02 -8.952140829634598340e-01 -4.419878135820161646e-01
1.520530434603488207e+09 4.934381544589996338e-01 3.678625226020812988e-01 4.687962830066680908e-01 -4.637406563474624072e-02 -2.698263407882687398e-02 -8.637386778501228157e-01 -5.010757227010647075e-01
1.520530434653488874e+09 5.526517033576965332e-01 3.059359490871429443e-01 4.677452445030212402e-01 -4.716452276561473173e-02 -2.457791965604555137e-02 -8.304908926927659918e-01 -5.544874307069959096e-01
1.520530434703655720e+09 6.014968156814575195e-01 2.434755563735961914e-01 4.696205258369445801e-01 -4.854654613174159972e-02 -1.951264849969475135e-02 -7.939078349760144704e-01 -6.057828315253769302e-01
1.520530434753657579e+09 6.422339081764221191e-01 1.818437427282333374e-01 4.724395871162414551e-01 -4.412652827571025838e-02 -1.323150255476788356e-02 -7.499245836247471209e-01 -6.599173400644401388e-01
1.520530434803658485e+09 6.717610955238342285e-01 1.224017217755317688e-01 4.764848351478576660e-01 -3.715515371117897314e-02 -5.838907106707506497e-03 -7.011497952151329871e-01 -7.120213243901301059e-01
1.520530434853722811e+09 6.909859180450439453e-01 6.736270338296890259e-02 4.808435738086700439e-01 -3.242685737864964279e-02 -1.925763117564273895e-04 -6.490272467785703769e-01 -7.600737429841512016e-01
1.520530434903661728e+09 7.015111446380615234e-01 1.709791086614131927e-02 4.844589233398437500e-01 -3.264937733391646418e-02 2.839425647204826646e-03 -5.913298979880551309e-01 -8.057635556210879235e-01
1.520530434953662634e+09 7.023389935493469238e-01 -2.567561715841293335e-02 4.885858893394470215e-01 -3.647705750224849303e-02 5.900819988899378907e-03 -5.298203590119163753e-01 -8.473045448809538582e-01
1.520530435003664732e+09 6.961702704429626465e-01 -6.067468971014022827e-02 4.909103810787200928e-01 -3.882126446113730311e-02 1.142527423581302451e-02 -4.673773271244936467e-01 -8.831312510744023792e-01
1.520530435053666592e+09 6.834401488304138184e-01 -8.745191246271133423e-02 4.921466410160064697e-01 -3.722151058730827078e-02 1.937325890059790959e-02 -4.034688838414280387e-01 -9.140306864437985901e-01
1.520530435103796482e+09 6.641681790351867676e-01 -1.046810522675514221e-01 4.930594861507415771e-01 -3.270872190287433395e-02 2.712210354943505458e-02 -3.358065065228534318e-01 -9.409721149893078840e-01
1.520530435153798580e+09 6.394819617271423340e-01 -1.109770908951759338e-01 4.936423599720001221e-01 -2.985002298075691007e-02 3.533198104879660406e-02 -2.650165402561736605e-01 -9.631338747203649353e-01
1.520530435203799486e+09 6.107273101806640625e-01 -1.065856441855430603e-01 4.935158789157867432e-01 -3.069080134594809328e-02 4.238764070222533764e-02 -1.917337867061660595e-01 -9.800507730029893727e-01
1.520530435253801584e+09 5.823566913604736328e-01 -8.919680863618850708e-02 4.945072233676910400e-01 -3.352724699423385163e-02 4.807841689828692977e-02 -1.184187509803252131e-01 -9.912322578254816330e-01
1.520530435303802490e+09 5.512340664863586426e-01 -6.215893849730491638e-02 4.949162304401397705e-01 -3.369226815297793332e-02 5.571160819578035994e-02 -4.906838787969160925e-02 -9.966711298567025867e-01
1.520530435353804350e+09 5.193360447883605957e-01 -2.796722389757633209e-02 4.952216148376464844e-01 -2.956156889846751901e-02 6.426491027404573897e-02 1.760754039662407178e-02 -9.973395156479618606e-01
1.520530435403806448e+09 4.857077002525329590e-01 1.319348625838756561e-02 4.938931167125701904e-01 -2.435550346090486346e-02 6.957485183748346458e-02 8.140577719560486425e-02 -9.939513312442102011e-01
1.520530435453807354e+09 4.523189067840576172e-01 6.227169930934906006e-02 4.929738640785217285e-01 -2.170132278065416143e-02 6.828090679882689584e-02 1.444640476801312967e-01 -9.869128174687835653e-01
1.520530435504085541e+09 4.183610677719116211e-01 1.180245280265808105e-01 4.895699322223663330e-01 -2.182851764961256380e-02 6.495843372179722908e-02 2.070821080419268934e-01 -9.759205491404221444e-01
1.520530435554087877e+09 3.866971433162689209e-01 1.796689033508300781e-01 4.861799478530883789e-01 -2.369435426180122387e-02 6.337973020264418833e-02 2.684372190220834509e-01 -9.609178148100108174e-01
1.520530435604088783e+09 3.589320182800292969e-01 2.477119266986846924e-01 4.879563748836517334e-01 -2.366734319617540966e-02 6.519231497031056921e-02 3.266819788905169220e-01 -9.425861783428730600e-01
1.520530435654090881e+09 3.288183510303497314e-01 3.172499835491180420e-01 4.793730080127716064e-01 -2.212090707753860963e-02 6.578580044677516392e-02 3.825522518505158343e-01 -9.213233246443637281e-01
1.520530435704091787e+09 3.093374371528625488e-01 3.973560631275177002e-01 4.747631847858428955e-01 -2.025872436108769326e-02 6.310374187459255602e-02 4.368404079196887557e-01 -8.970941755787106286e-01
1.520530435754093647e+09 2.954186797142028809e-01 4.743506908416748047e-01 4.701965451240539551e-01 -1.954514829940610585e-02 5.954644225360258142e-02 4.887714196256566779e-01 -8.701578636948656964e-01
1.520530435804095745e+09 2.848805785179138184e-01 5.528345704078674316e-01 4.663364291191101074e-01 -2.121003827955809592e-02 5.819707156703401996e-02 5.363586354084706187e-01 -8.417141137939677664e-01
1.520530435854096651e+09 2.811545133590698242e-01 6.305387616157531738e-01 4.623051285743713379e-01 -2.666498964082612833e-02 5.771724227788085915e-02 5.800564604318673156e-01 -8.120912516352732924e-01
1.520530435904098749e+09 2.838115692138671875e-01 7.064017653465270996e-01 4.582785069942474365e-01 -3.318045823887110640e-02 5.730935196836021289e-02 6.215216721077531092e-01 -7.805930479247222831e-01
1.520530435953834772e+09 2.909312546253204346e-01 7.748738527297973633e-01 4.540036916732788086e-01 -3.816357175759238496e-02 5.628548445685143536e-02 6.635634761392005254e-01 -7.450228178815875291e-01
1.520530436003837109e+09 3.023431599140167236e-01 8.435412049293518066e-01 4.521323442459106445e-01 -3.842995844200872840e-02 5.741826493700116774e-02 7.053930361767410950e-01 -7.054409583084388924e-01
1.520530436053838015e+09 3.151482045650482178e-01 9.145141243934631348e-01 4.531542360782623291e-01 -3.627322465072342628e-02 6.029660006835233649e-02 7.464174917449100111e-01 -6.617473091829481069e-01
1.520530436103839159e+09 3.327279090881347656e-01 9.800458550453186035e-01 4.538960158824920654e-01 -3.425914644710597451e-02 6.359138807323380660e-02 7.861790910026347223e-01 -6.137628883517690648e-01
1.520530436153841019e+09 3.522796034812927246e-01 1.042509913444519043e+00 4.548300802707672119e-01 -3.238611287973897079e-02 6.595164521453329709e-02 8.229607919784310832e-01 -5.633267746630464812e-01
1.520530436203842878e+09 3.732077777385711670e-01 1.097283124923706055e+00 4.558436870574951172e-01 -2.825428864258204206e-02 6.649557374588538350e-02 8.544393019267814138e-01 -5.145031711937076979e-01
1.520530436253844023e+09 3.947314321994781494e-01 1.142550468444824219e+00 4.573437273502349854e-01 -2.235833205633494872e-02 6.577027655865556877e-02 8.807129949351513165e-01 -4.685285436997545516e-01
1.520530436303845882e+09 4.146622419357299805e-01 1.186874389648437500e+00 4.595616459846496582e-01 -1.794133099526568770e-02 6.612554009878841843e-02 9.022345889722249712e-01 -4.257678569959013060e-01
1.520530436353955507e+09 4.326937496662139893e-01 1.217486739158630371e+00 4.593312144279479980e-01 -1.640132765846537971e-02 6.785870886603288799e-02 9.196801508019908367e-01 -3.864124898381285922e-01
1.520530436403957605e+09 4.467806518077850342e-01 1.243035793304443359e+00 4.580624997615814209e-01 -1.594518801027768051e-02 6.994259054404251830e-02 9.334432674322390433e-01 -3.514789488614229462e-01
1.520530436453978539e+09 4.538975656032562256e-01 1.266216516494750977e+00 4.556439518928527832e-01 -1.568537117970200331e-02 7.122457375227725374e-02 9.436107943650140495e-01 -3.229236720690953355e-01
1.520530436503960371e+09 4.523165822029113770e-01 1.286517262458801270e+00 4.535402655601501465e-01 -1.572970817100512522e-02 7.082710223280794248e-02 9.501997571110047947e-01 -3.030784048003844489e-01
1.520530436553961515e+09 4.402168989181518555e-01 1.296301007270812988e+00 4.534527957439422607e-01 -1.637588371358043166e-02 6.816060549667921076e-02 9.548787066380964861e-01 -2.886046047797599101e-01
1.520530436603963375e+09 4.194717109203338623e-01 1.302443504333496094e+00 4.551963508129119873e-01 -1.567782242194378645e-02 6.273160742063289830e-02 9.576972520297052371e-01 -2.804191947233298787e-01
1.520530436653965473e+09 3.905780017375946045e-01 1.305248379707336426e+00 4.584521353244781494e-01 -1.147162682660561421e-02 5.433628865844288697e-02 9.586391666040026127e-01 -2.791539320259718848e-01
1.520530436703966618e+09 3.504434227943420410e-01 1.305134415626525879e+00 4.682292342185974121e-01 -6.480338167227471004e-03 4.200222488657211206e-02 9.572091777193357798e-01 -2.862593376847107907e-01
1.520530436754030943e+09 3.014063239097595215e-01 1.301695942878723145e+00 4.828022718429565430e-01 -3.408929200404185646e-03 2.316764465695488745e-02 9.535467849559374764e-01 -3.003334286138499842e-01
1.520530436804032087e+09 2.464904487133026123e-01 1.291442275047302246e+00 5.038236975669860840e-01 4.162120335261210668e-04 -3.110087151972567004e-03 9.479258972544449824e-01 -3.184755052430334188e-01
1.520530436854033947e+09 1.890863031148910522e-01 1.270479559898376465e+00 5.288348197937011719e-01 4.115688622437979789e-03 -3.712318844760043729e-02 9.396168011560159794e-01 -3.401840633715565998e-01
1.520530436904034853e+09 1.298326253890991211e-01 1.242454648017883301e+00 5.545921325683593750e-01 4.785461250904055747e-03 -7.819803640144766532e-02 9.269776745919290351e-01 -3.668440503425309807e-01
1.520530436954037189e+09 6.936982274055480957e-02 1.209241151809692383e+00 5.813404321670532227e-01 3.526036521501196581e-03 -1.222756766246098775e-01 9.077791894535933714e-01 -4.012146173401712757e-01
1.520530437004039049e+09 7.434566970914602280e-03 1.168150901794433594e+00 6.046025753021240234e-01 -1.044822267440852524e-04 -1.599207211339725154e-01 8.810306130171531303e-01 -4.452082781823288316e-01
1.520530437054040194e+09 -5.453866720199584961e-02 1.126456737518310547e+00 6.241021156311035156e-01 -9.032612118003931906e-03 -1.865259338996465288e-01 8.489847543061782575e-01 -4.943191022577101412e-01
1.520530437104042053e+09 -1.103483140468597412e-01 1.070831656455993652e+00 6.259989142417907715e-01 -1.848233799757138460e-02 -2.004155149251679868e-01 8.113510923968670907e-01 -5.488182116382747111e-01
1.520530437153533459e+09 -1.609843075275421143e-01 1.013650655746459961e+00 6.196802258491516113e-01 -3.036033967863576224e-02 -2.033463772188800756e-01 7.694655899699845980e-01 -6.046910008415027349e-01
1.520530437203535795e+09 -2.033877670764923096e-01 9.474639296531677246e-01 5.996191501617431641e-01 -4.376817260134466953e-02 -1.975404961369334467e-01 7.237011402538862104e-01 -6.597869042716277832e-01
1.520530437253536701e+09 -2.356590628623962402e-01 8.783112168312072754e-01 5.691357851028442383e-01 -5.772154062860927054e-02 -1.828571151362677893e-01 6.743676261886817347e-01 -7.130636745341498717e-01
1.520530437303538561e+09 -2.571402788162231445e-01 8.085141181945800781e-01 5.293859243392944336e-01 -7.439031066828345751e-02 -1.591985441285007630e-01 6.225636279152265695e-01 -7.625853620566509505e-01
1.520530437353539705e+09 -2.702067792415618896e-01 7.415607571601867676e-01 4.843162000179290771e-01 -9.653515878156154750e-02 -1.301744697510330284e-01 5.695721368063720869e-01 -8.058059018882148816e-01
1.520530437403542519e+09 -2.732696831226348877e-01 6.774255037307739258e-01 4.347054362297058105e-01 -1.236608343769328155e-01 -1.003019064650943620e-01 5.146856094182062913e-01 -8.424643903800789202e-01
1.520530437453544617e+09 -2.663975059986114502e-01 6.175506711006164551e-01 3.858837485313415527e-01 -1.503202460207783420e-01 -6.714630091445729365e-02 4.557593440750532521e-01 -8.747448874946541775e-01
1.520530437503544569e+09 -2.509109973907470703e-01 5.635669231414794922e-01 3.452730774879455566e-01 -1.693104168345463678e-01 -3.114157098010742961e-02 3.924235610773116334e-01 -9.035308152020076200e-01
1.520530437553870440e+09 -2.293538004159927368e-01 5.165583491325378418e-01 3.165470957756042480e-01 -1.784463057154156707e-01 -1.297705442543589194e-04 3.265675566590310330e-01 -9.281759154782440735e-01
1.520530437603872299e+09 -2.064034640789031982e-01 4.772494733333587646e-01 3.006505966186523438e-01 -1.823373376828632264e-01 2.164515222791273119e-02 2.647763999451898664e-01 -9.466668055360453193e-01
1.520530437653873205e+09 -1.846822053194046021e-01 4.452270567417144775e-01 2.979982793331146240e-01 -1.831195408589828544e-01 4.157295235157803387e-02 2.053643805667325350e-01 -9.605021575107529630e-01
1.520530437703875542e+09 -1.670619398355484009e-01 4.183936417102813721e-01 3.100819289684295654e-01 -1.814098965388666329e-01 5.835228449330484568e-02 1.500381240561143303e-01 -9.701412379967631061e-01
1.520530437753876209e+09 -1.551047116518020630e-01 3.965726792812347412e-01 3.288698792457580566e-01 -1.710650641414888373e-01 7.548521541046596117e-02 9.583240106425841565e-02 -9.776783095635103171e-01
1.520530437803878307e+09 -1.539106518030166626e-01 3.789094388484954834e-01 3.597369194030761719e-01 -1.499117595127159863e-01 9.163696955656792931e-02 4.081685420330715547e-02 -9.835970285555136750e-01
1.520530437853879452e+09 -1.573208570480346680e-01 3.640806972980499268e-01 3.935238420963287354e-01 -1.212743549814937899e-01 1.094061616804454934e-01 -1.160168045514405923e-02 -9.865030276794855002e-01
1.520530437903881311e+09 -1.713068932294845581e-01 3.491529822349548340e-01 4.298718869686126709e-01 -9.392575153315017855e-02 1.275084462856640177e-01 -5.286233487683626719e-02 -9.859640575985100241e-01
1.520530437954482079e+09 -1.954856067895889282e-01 3.366855084896087646e-01 4.636763930320739746e-01 -6.843338909085737443e-02 1.449614912763101393e-01 -7.752591374165358762e-02 -9.840186837672388886e-01
1.520530438004481077e+09 -2.273412197828292847e-01 3.256035745143890381e-01 4.917180538177490234e-01 -4.206640860896053435e-02 1.640780357681227708e-01 -8.231319923976296304e-02 -9.821065892641865913e-01
1.520530438054484129e+09 -2.546985447406768799e-01 3.047319352626800537e-01 5.174466371536254883e-01 -1.620739786380341954e-02 1.831688024774608958e-01 -7.041724344196538532e-02 -9.804223181259656972e-01
1.520530438104484081e+09 -2.997156679630279541e-01 2.973717749118804932e-01 5.355923175811767578e-01 6.706751320303066567e-03 2.006375919321513324e-01 -4.252387971519179521e-02 -9.787192119522142297e-01
1.520530438154486179e+09 -3.529880344867706299e-01 2.828715741634368896e-01 5.434671640396118164e-01 2.350151754928741371e-02 2.133942869555922051e-01 -1.274778174576487230e-03 -9.766826157499683969e-01
1.520530438204487085e+09 -4.111178815364837646e-01 2.731247842311859131e-01 5.498942732810974121e-01 3.307073155639602552e-02 2.254571443662032049e-01 4.782267981575117483e-02 -9.725165263705300989e-01
1.520530438254489183e+09 -4.742221832275390625e-01 2.656756341457366943e-01 5.474654436111450195e-01 3.349711607218848475e-02 2.344979993718031008e-01 1.037441076576668536e-01 -9.659843640721016422e-01
1.520530438304490089e+09 -5.370353460311889648e-01 2.594923079013824463e-01 5.377267599105834961e-01 2.620299604593437012e-02 2.426258666423449228e-01 1.625649857898082695e-01 -9.560432611704489103e-01
1.520530438354491949e+09 -5.984603166580200195e-01 2.593157887458801270e-01 5.224107503890991211e-01 1.306829784536204728e-02 2.527469210174606018e-01 2.219880506579066659e-01 -9.416313072921487226e-01
1.520530438403620958e+09 -6.587280035018920898e-01 2.628089487552642822e-01 5.065916776657104492e-01 -5.003133302660681125e-03 2.610312093590674842e-01 2.826982427047095570e-01 -9.229947887010888641e-01
1.520530438453622818e+09 -7.170684933662414551e-01 2.772128880023956299e-01 4.848096668720245361e-01 -3.074211532789132909e-02 2.643754401039359325e-01 3.469897998054294330e-01 -8.993100843680141843e-01
1.520530438503623962e+09 -7.697171568870544434e-01 2.982458174228668213e-01 4.632635712623596191e-01 -6.219575939677911280e-02 2.624106412657296050e-01 4.063800581853780347e-01 -8.729991931112052184e-01
1.520530438553626060e+09 -8.159152865409851074e-01 3.217558264732360840e-01 4.440016150474548340e-01 -9.333031247252726592e-02 2.559807197083286967e-01 4.618005863896355589e-01 -8.440992490943084459e-01
1.520530438603627920e+09 -8.561049103736877441e-01 3.471953868865966797e-01 4.272348284721374512e-01 -1.170085349307400241e-01 2.506991717727655722e-01 5.118034659279556697e-01 -8.133364250357555392e-01
1.520530438653629065e+09 -8.916476368904113770e-01 3.737406432628631592e-01 4.149077236652374268e-01 -1.328698690090239498e-01 2.469155332809275794e-01 5.564506034594202122e-01 -7.821387621411991509e-01
1.520530438703630924e+09 -9.217618703842163086e-01 3.999648690223693848e-01 4.070028364658355713e-01 -1.394754837430343120e-01 2.410445431821468532e-01 5.963438325189973632e-01 -7.528732636063727446e-01
1.520530438753632069e+09 -9.526921510696411133e-01 4.295670092105865479e-01 3.980388939380645752e-01 -1.402150035418096574e-01 2.257857376551246631e-01 6.318059297373819216e-01 -7.281358531221928665e-01
1.520530438804389477e+09 -9.771515130996704102e-01 4.529078602790832520e-01 3.967351317405700684e-01 -1.373397686425976150e-01 1.989583341904538061e-01 6.633678570786628592e-01 -7.081641443904233002e-01
1.520530438854391575e+09 -1.000687956809997559e+00 4.745428264141082764e-01 3.961109817028045654e-01 -1.340418223398233133e-01 1.628894552904584792e-01 6.890717304909587115e-01 -6.933108721613937542e-01
1.520530438904392481e+09 -1.023399353027343750e+00 4.935784339904785156e-01 3.954340517520904541e-01 -1.265983508308844152e-01 1.217001084618198198e-01 7.089420146916058929e-01 -6.830542884517223357e-01
1.520530438954394579e+09 -1.047442555427551270e+00 5.089920163154602051e-01 3.965930938720703125e-01 -1.137771518635733031e-01 8.256073944591256486e-02 7.242565666389626511e-01 -6.750488202317661557e-01
1.520530439004395723e+09 -1.073423743247985840e+00 5.180614590644836426e-01 4.010148346424102783e-01 -1.014739597221827327e-01 5.199645574510391305e-02 7.352786891870450869e-01 -6.681052711329475979e-01
1.520530439054397583e+09 -1.100156307220458984e+00 5.216622352600097656e-01 4.061376750469207764e-01 -9.186351468268842690e-02 3.378784817170458338e-02 7.410570514402272657e-01 -6.642694652750387174e-01
1.520530439104398727e+09 -1.127588033676147461e+00 5.219575762748718262e-01 4.126032292842864990e-01 -8.373994059639847110e-02 2.484130019212775140e-02 7.438389374151433975e-01 -6.626267179481872827e-01
1.520530439154400587e+09 -1.155942797660827637e+00 5.182052850723266602e-01 4.181012511253356934e-01 -7.313483878475790512e-02 2.194413892772697702e-02 7.429508490666384413e-01 -6.649765304082613238e-01
1.520530439204653978e+09 -1.185778737068176270e+00 5.117523074150085449e-01 4.225418269634246826e-01 -6.137548459374869009e-02 2.299217022252943166e-02 7.378717896036494084e-01 -6.717511682955590313e-01
1.520530439254654884e+09 -1.215403199195861816e+00 5.014808773994445801e-01 4.271534383296966553e-01 -4.903851962492752903e-02 2.653180496013384654e-02 7.296059978458769857e-01 -6.815910612866598051e-01
1.520530439304656982e+09 -1.242724418640136719e+00 4.876701235771179199e-01 4.309864640235900879e-01 -4.060748000399019841e-02 2.830323983015218398e-02 7.205615250919372716e-01 -6.916220411033932036e-01
1.520530439354658842e+09 -1.266829133033752441e+00 4.721297025680541992e-01 4.337109923362731934e-01 -3.580236020183117512e-02 2.580461993182537120e-02 7.134060179496470866e-01 -6.993598259461147881e-01
1.520530439404659748e+09 -1.290354490280151367e+00 4.595268964767456055e-01 4.355527758598327637e-01 -3.198154877404325858e-02 2.154986653417835518e-02 7.088401607108318903e-01 -7.043141418101829254e-01
1.520530439454660892e+09 -1.313000798225402832e+00 4.493293762207031250e-01 4.368901252746582031e-01 -2.620745436632039571e-02 2.030469466619511804e-02 7.046951018887054330e-01 -7.087352835045093169e-01
1.520530439504662991e+09 -1.332140922546386719e+00 4.398442506790161133e-01 4.377683699131011963e-01 -2.105787509957287099e-02 2.018653159150576165e-02 7.037117834201729316e-01 -7.098864667777485815e-01
1.520530439554665089e+09 -1.348607897758483887e+00 4.323818385601043701e-01 4.379808604717254639e-01 -1.947855320468968796e-02 1.810285197577851668e-02 7.065055711975223307e-01 -7.072077138876933233e-01
1.520530439604176998e+09 -1.363564252853393555e+00 4.267762005329132080e-01 4.374215304851531982e-01 -1.790791393919139926e-02 1.693297379413676723e-02 7.146998113655549378e-01 -6.989969675548484140e-01
1.520530439654178143e+09 -1.376443743705749512e+00 4.227312803268432617e-01 4.357334673404693604e-01 -1.568494704833379993e-02 1.905092930287112865e-02 7.267858236303716968e-01 -6.864207245550720815e-01
1.520530439704262972e+09 -1.387990951538085938e+00 4.211829006671905518e-01 4.325885474681854248e-01 -1.463181723167253367e-02 2.303760183864656322e-02 7.431094827577030548e-01 -6.686130984819260714e-01
1.520530439754182100e+09 -1.396873474121093750e+00 4.225670397281646729e-01 4.287039935588836670e-01 -1.489156625481424627e-02 2.879403071263001920e-02 7.621578937934231357e-01 -6.465790670739131052e-01
1.520530439804183245e+09 -1.402624249458312988e+00 4.260990321636199951e-01 4.242471754550933838e-01 -1.712534859849743074e-02 3.345043782740508842e-02 7.836170383808842566e-01 -6.201065455256109527e-01
1.520530439854185104e+09 -1.404353618621826172e+00 4.318060874938964844e-01 4.197581708431243896e-01 -1.875020139769553035e-02 3.828329115664311222e-02 8.054821866893741023e-01 -5.910848217403877891e-01
1.520530439904186010e+09 -1.402755022048950195e+00 4.378797709941864014e-01 4.160850644111633301e-01 -2.119533308906722605e-02 4.455420298782416383e-02 8.278093792689171782e-01 -5.588356757095713778e-01
1.520530439954188108e+09 -1.397431015968322754e+00 4.428898394107818604e-01 4.135848581790924072e-01 -2.460303116636462784e-02 5.256934749048390587e-02 8.497215368048393058e-01 -5.240271600326398271e-01
1.520530440004098654e+09 -1.390067100524902344e+00 4.468674957752227783e-01 4.122123420238494873e-01 -2.430949732195793883e-02 6.159044428480572875e-02 8.687060473686116779e-01 -4.908823369993641772e-01
1.520530440054100752e+09 -1.379981398582458496e+00 4.503272473812103271e-01 4.124583303928375244e-01 -2.117769735513513538e-02 7.003069479982668155e-02 8.843965887727225361e-01 -4.609662467987863943e-01
1.520530440104101658e+09 -1.367626190185546875e+00 4.548442959785461426e-01 4.135078191757202148e-01 -1.873414658241807224e-02 7.694710302432578031e-02 8.974204089525011918e-01 -4.340101204851309347e-01
1.520530440154103756e+09 -1.352815151214599609e+00 4.607008397579193115e-01 4.146808385848999023e-01 -1.778064207965966009e-02 8.158501580360077998e-02 9.101495293966178624e-01 -4.057777323888976939e-01
1.520530440204105854e+09 -1.334647059440612793e+00 4.672123193740844727e-01 4.162819683551788330e-01 -1.718993079551092359e-02 8.458322869809691003e-02 9.225756349453922978e-01 -3.760377394721932665e-01
1.520530440254106760e+09 -1.312821149826049805e+00 4.743757545948028564e-01 4.184246957302093506e-01 -1.491609245569439773e-02 8.670638133689512195e-02 9.336180886798967071e-01 -3.472992630441513739e-01
1.520530440304108620e+09 -1.288123011589050293e+00 4.828460216522216797e-01 4.204294383525848389e-01 -1.180160292384039786e-02 8.803970123248715252e-02 9.433479644252161789e-01 -3.196941525741807122e-01
1.520530440354109764e+09 -1.260789036750793457e+00 4.916386604309082031e-01 4.224625229835510254e-01 -1.143386331257859739e-02 8.741858066545829531e-02 9.523873938369801229e-01 -2.918655693715701549e-01
1.520530440404111624e+09 -1.231199264526367188e+00 5.005138516426086426e-01 4.245945215225219727e-01 -1.236038100928986416e-02 8.623512217201616259e-02 9.605525044657469147e-01 -2.641015161824409874e-01
1.520530440453976631e+09 -1.199866175651550293e+00 5.089161992073059082e-01 4.264946281909942627e-01 -1.180088863517346487e-02 8.461320936921414015e-02 9.680413365385708291e-01 -2.357908280240759158e-01
1.520530440503978729e+09 -1.166985392570495605e+00 5.162338614463806152e-01 4.277664721012115479e-01 -8.713896775335468192e-03 8.232180261879216976e-02 9.744607199746653237e-01 -2.087426502731014877e-01
1.520530440553979635e+09 -1.133090853691101074e+00 5.235055685043334961e-01 4.284087717533111572e-01 -5.032978808191314671e-03 8.021469930202529408e-02 9.798857885889848962e-01 -1.826584584998608429e-01
1.520530440603981733e+09 -1.097980737686157227e+00 5.298181176185607910e-01 4.284297525882720947e-01 -2.053883388062072168e-04 7.955972382710291280e-02 9.841212647900894339e-01 -1.586680319035313758e-01
1.520530440653983831e+09 -1.060957908630371094e+00 5.344789028167724609e-01 4.274663329124450684e-01 5.472690223196562467e-03 8.113636659190347211e-02 9.872832100767011676e-01 -1.365972282977565011e-01
1.520530440703985691e+09 -1.021822214126586914e+00 5.384465456008911133e-01 4.256057441234588623e-01 8.060438093222065115e-03 8.345124388869799847e-02 9.897501493434947006e-01 -1.156095199613964564e-01
1.520530440753986597e+09 -9.815408587455749512e-01 5.410955548286437988e-01 4.237919747829437256e-01 9.717552777283762488e-03 8.609584590136415416e-02 9.914355129688505741e-01 -9.771744015651198656e-02
1.520530440803988934e+09 -9.411364197731018066e-01 5.429668426513671875e-01 4.217801392078399658e-01 9.886456982057787585e-03 8.898338878058362211e-02 9.926471105025016506e-01 -8.146120856272273669e-02
1.520530440853871346e+09 -9.007091522216796875e-01 5.452174544334411621e-01 4.190619587898254395e-01 1.012613734529562055e-02 9.232466823461515926e-02 9.935150909942312980e-01 -6.558491400128982352e-02
1.520530440903872252e+09 -8.579200506210327148e-01 5.464420318603515625e-01 4.157842397689819336e-01 1.272368275802871970e-02 9.628061479868470218e-02 9.940668454934749043e-01 -4.898221924037639979e-02
1.520530440953874350e+09 -8.143002390861511230e-01 5.474947690963745117e-01 4.123833775520324707e-01 1.557585896380534775e-02 1.003785756748882263e-01 9.943371543972456816e-01 -3.122751268046181083e-02
1.520530441003875494e+09 -7.703022360801696777e-01 5.479902625083923340e-01 4.084878563880920410e-01 1.734497129368552798e-02 1.041590521858074825e-01 9.943580750500669030e-01 -1.010259379075125093e-02
1.520530441053876400e+09 -7.260201573371887207e-01 5.482490658760070801e-01 4.049687385559082031e-01 1.677692548501658401e-02 1.089969488965146505e-01 9.937871502488878628e-01 1.500999342822788817e-02
1.520530441103878260e+09 -6.820452809333801270e-01 5.461077690124511719e-01 4.023314118385314941e-01 1.670969605725104376e-02 1.147645979410819306e-01 9.922972653745543159e-01 4.354319978225829751e-02
1.520530441153883219e+09 -6.387687325477600098e-01 5.426267981529235840e-01 4.016154110431671143e-01 2.050867608797981786e-02 1.204996814150181839e-01 9.896859794837759017e-01 7.470530769119765324e-02
1.520530441203881264e+09 -5.963443517684936523e-01 5.373040437698364258e-01 4.019145667552947998e-01 2.678991461757231074e-02 1.244309311800815693e-01 9.858208225437934402e-01 1.093460089784704381e-01
1.520530441253889084e+09 -5.547131299972534180e-01 5.321400165557861328e-01 4.024742245674133301e-01 3.494500929914157172e-02 1.247072452216357596e-01 9.806465586312217431e-01 1.468307745639704787e-01
1.520530441303927183e+09 -5.130224227905273438e-01 5.268240571022033691e-01 4.025161862373352051e-01 4.301369887097149930e-02 1.215587915276136188e-01 9.739273677461240952e-01 1.866514512852492924e-01
1.520530441353891850e+09 -4.731137156486511230e-01 5.204640030860900879e-01 4.024383723735809326e-01 4.969946196316554765e-02 1.164077497251136545e-01 9.653606819114370907e-01 2.281621202215481647e-01
1.520530441403892994e+09 -4.338057637214660645e-01 5.128181576728820801e-01 4.033211469650268555e-01 5.525634827473079047e-02 1.107157099565096309e-01 9.544646126090221561e-01 2.714517836030501119e-01
1.520530441453895092e+09 -3.955673277378082275e-01 5.035695433616638184e-01 4.044625163078308105e-01 5.855721879418602366e-02 1.052469145995319211e-01 9.415561394552793839e-01 3.145888989593229046e-01
1.520530441503895998e+09 -3.574827909469604492e-01 4.940878748893737793e-01 4.053941369056701660e-01 5.935255770448537305e-02 1.000039496210048812e-01 9.274779495409973817e-01 3.553324317725056747e-01
1.520530441553898096e+09 -3.202492892742156982e-01 4.842863380908966064e-01 4.072455763816833496e-01 5.791562622898546731e-02 9.459758267779719287e-02 9.132830824251237933e-01 3.919325056002454510e-01
1.520530441603899002e+09 -2.856276631355285645e-01 4.762198030948638916e-01 4.093813896179199219e-01 5.277415041791487516e-02 8.845120006048345918e-02 8.996170247261957575e-01 4.243589083291581798e-01
1.520530441654083014e+09 -2.525862157344818115e-01 4.720625281333923340e-01 4.145135283470153809e-01 4.274096803684774432e-02 7.993149231288779188e-02 8.869721305704783010e-01 4.528405964345227908e-01
1.520530441704083920e+09 -2.204101085662841797e-01 4.724155962467193604e-01 4.223409891128540039e-01 3.105747706906684946e-02 6.844678536956187720e-02 8.765158077445834861e-01 4.754687260635948598e-01
1.520530441754085779e+09 -1.898862570524215698e-01 4.781498014926910400e-01 4.330827891826629639e-01 1.747463271632332046e-02 5.523240568183246380e-02 8.682105544262405106e-01 4.928026499085686463e-01
1.520530441804087877e+09 -1.622051000595092773e-01 4.882279634475708008e-01 4.468138515949249268e-01 2.280518034697317977e-03 4.107327125472829549e-02 8.631889271030784849e-01 5.032024063461593144e-01
1.520530441854088783e+09 -1.359568685293197632e-01 5.015465021133422852e-01 4.649377763271331787e-01 -1.550844893728471618e-02 2.850635593773970938e-02 8.616599648188030258e-01 5.064474115948957023e-01
1.520530441904090643e+09 -1.136626675724983215e-01 5.272487998008728027e-01 4.848216176033020020e-01 -3.587737199510510760e-02 1.671323875205592974e-02 8.630010227206192930e-01 5.036493985028742681e-01
1.520530441954091787e+09 -9.779192507266998291e-02 5.563378334045410156e-01 5.048834085464477539e-01 -5.850659566968625241e-02 4.532170568912790437e-03 8.665366640766819506e-01 4.956517401401250855e-01
1.520530442004093885e+09 -8.470779657363891602e-02 5.897021293640136719e-01 5.245724320411682129e-01 -8.022286864817999852e-02 -8.732772685234488699e-03 8.723342933140294519e-01 4.822042209846341687e-01
1.520530442054029703e+09 -7.678817212581634521e-02 6.239797472953796387e-01 5.412775278091430664e-01 -9.620785988908218955e-02 -2.095599556554384943e-02 8.800802993584709855e-01 4.645035636316730554e-01
1.520530442104031801e+09 -7.365538924932479858e-02 6.589165925979614258e-01 5.551522374153137207e-01 -1.056756639093275746e-01 -2.859127423708317239e-02 8.899085217273283721e-01 4.428069738067638705e-01
1.520530442154033661e+09 -7.347152382135391235e-02 6.965540647506713867e-01 5.639569163322448730e-01 -1.121635208836709585e-01 -3.188086821135817372e-02 9.017066915201260580e-01 4.163267914666270997e-01
1.520530442204034567e+09 -7.737889140844345093e-02 7.345297932624816895e-01 5.674268007278442383e-01 -1.168545222264272820e-01 -3.174909471460508198e-02 9.147569233733908733e-01 3.854306510391781737e-01
1.520530442254037619e+09 -9.039678424596786499e-02 7.712459564208984375e-01 5.644586682319641113e-01 -1.196882115295472004e-01 -2.689334720021304900e-02 9.287873402405720791e-01 3.497221132643327235e-01
1.520530442304037809e+09 -1.079181656241416931e-01 8.091154098510742188e-01 5.557026267051696777e-01 -1.180149244774026523e-01 -1.563610786154164337e-02 9.435300847322871665e-01 3.091584851441376847e-01
1.520530442354039669e+09 -1.318534314632415771e-01 8.441501259803771973e-01 5.412883758544921875e-01 -1.124981613242518746e-01 1.394318264942711293e-03 9.577245469423830704e-01 2.647752098653600172e-01
1.520530442404041767e+09 -1.610862165689468384e-01 8.747462034225463867e-01 5.225276350975036621e-01 -1.034061817132592015e-01 2.218710967006281426e-02 9.704666573412930042e-01 2.168164217415061434e-01
1.520530442453713655e+09 -1.952933669090270996e-01 8.988258242607116699e-01 5.000272989273071289e-01 -9.423065738933616986e-02 4.670756960276341990e-02 9.808068671995577859e-01 1.641854908448537875e-01
1.520530442503715754e+09 -2.336554080247879028e-01 9.159863591194152832e-01 4.751498103141784668e-01 -8.478690390296320101e-02 7.421791296543411853e-02 9.878025308985562969e-01 1.074664704547976385e-01
1.520530442553716660e+09 -2.747057378292083740e-01 9.263894557952880859e-01 4.501274526119232178e-01 -7.747345726696623636e-02 1.029918582877683841e-01 9.904838838931697698e-01 4.829302530839669344e-02
1.520530442603718758e+09 -3.157408237457275391e-01 9.318980574607849121e-01 4.267647266387939453e-01 -7.345016888768805818e-02 1.284506442514292135e-01 9.889343765633157313e-01 -1.069128304223740389e-02
1.520530442653720617e+09 -3.565283417701721191e-01 9.301038980484008789e-01 4.066178798675537109e-01 -7.026157302339655630e-02 1.484938961224900045e-01 9.840032142044414787e-01 -6.892422365155384534e-02
1.520530442703721523e+09 -3.957680761814117432e-01 9.223043322563171387e-01 3.907572329044342041e-01 -6.604979765783107470e-02 1.642825860089321410e-01 9.761169306703937343e-01 -1.258745161745897789e-01
1.520530442753722668e+09 -4.308410286903381348e-01 9.129604697227478027e-01 3.805532753467559814e-01 -5.928716770692626231e-02 1.783316124017004511e-01 9.654588041633498374e-01 -1.804776031173266349e-01
1.520530442803724527e+09 -4.610737860202789307e-01 9.012453556060791016e-01 3.770034611225128174e-01 -5.121602523611854668e-02 1.918413204419968376e-01 9.521749081099806222e-01 -2.322429135535341305e-01
1.520530442853725672e+09 -4.852457344532012939e-01 8.885915279388427734e-01 3.802185356616973877e-01 -4.413135681520923004e-02 2.025747578508258206e-01 9.372245582805196484e-01 -2.804033134312302056e-01
1.520530442904376507e+09 -5.031489133834838867e-01 8.765317201614379883e-01 3.904963731765747070e-01 -3.715809960767709613e-02 2.066390541629680999e-01 9.216759853888157883e-01 -3.262406395373440571e-01
1.520530442954377651e+09 -5.165270566940307617e-01 8.638678193092346191e-01 4.037023186683654785e-01 -2.786092846176845342e-02 2.018243531225782650e-01 9.076951786129575650e-01 -3.668516892079035085e-01
1.520530443004379511e+09 -5.219944119453430176e-01 8.534175753593444824e-01 4.217256903648376465e-01 -1.512326315313942959e-02 1.863968242030333844e-01 8.963966459544095988e-01 -4.018713276165757908e-01
1.520530443054381371e+09 -5.201858878135681152e-01 8.511132001876831055e-01 4.506852328777313232e-01 3.929488185071407062e-03 1.672889813439330520e-01 8.861054977690414614e-01 -4.322221681808930405e-01
1.520530443104382515e+09 -5.139615535736083984e-01 8.527600169181823730e-01 4.798554480075836182e-01 2.216305773821495781e-02 1.495901521103014387e-01 8.763319128663726865e-01 -4.573554020182485913e-01
1.520530443154384375e+09 -5.040641427040100098e-01 8.565562367439270020e-01 5.096296668052673340e-01 4.049046799247893458e-02 1.331496715047871537e-01 8.677588892230800877e-01 -4.771018729309744466e-01
1.520530443204385281e+09 -4.909953176975250244e-01 8.634772896766662598e-01 5.389518737792968750e-01 6.275721787721845468e-02 1.201958163178751260e-01 8.598399961562659399e-01 -4.922292944898583045e-01
1.520530443254387617e+09 -4.745267033576965332e-01 8.729306459426879883e-01 5.656336545944213867e-01 8.385438583773133225e-02 1.143610194663521318e-01 8.523742670155524115e-01 -5.033369727449925612e-01
1.520530443304466486e+09 -4.546853303909301758e-01 8.868903517723083496e-01 5.931012630462646484e-01 1.012237592220417426e-01 1.141686726530401486e-01 8.472011646860814205e-01 -5.088904118846693247e-01
1.520530443354468346e+09 -4.325616359710693359e-01 9.001973867416381836e-01 6.113590002059936523e-01 1.143641236827434432e-01 1.155328218195448287e-01 8.457282055306355462e-01 -5.082487743877229791e-01
1.520530443404470444e+09 -4.081855416297912598e-01 9.154870510101318359e-01 6.239420771598815918e-01 1.261761437522710416e-01 1.156492188357496342e-01 8.472615151341368334e-01 -5.028446717457526471e-01
1.520530443454471588e+09 -3.821046650409698486e-01 9.323979616165161133e-01 6.334642171859741211e-01 1.357959285559921514e-01 1.139571306322858246e-01 8.529027829656669057e-01 -4.910499780827735639e-01
1.520530443504473448e+09 -3.527463078498840332e-01 9.503821730613708496e-01 6.387870311737060547e-01 1.419124202424702774e-01 1.100804543560136295e-01 8.631939572896675239e-01 -4.718467448741187620e-01
1.520530443554474592e+09 -3.235907256603240967e-01 9.685790538787841797e-01 6.388444304466247559e-01 1.445913059254326782e-01 1.064292784580633672e-01 8.766882965622831980e-01 -4.463001160748183427e-01
1.520530443604476452e+09 -2.926650941371917725e-01 9.862003922462463379e-01 6.317387819290161133e-01 1.434318713296286463e-01 1.070957773912412370e-01 8.908954213054922633e-01 -4.174483693209928292e-01
1.520530443654478312e+09 -2.594271302223205566e-01 1.003723621368408203e+00 6.204006075859069824e-01 1.421203994998271325e-01 1.131113864650094003e-01 9.028979720950336407e-01 -3.895931958911099668e-01
1.520530443704013109e+09 -2.226867228746414185e-01 1.018965840339660645e+00 6.063485741615295410e-01 1.398214617438811314e-01 1.234017465086635762e-01 9.133076142622806870e-01 -3.620651454157897686e-01
1.520530443754014015e+09 -1.837312430143356323e-01 1.028134942054748535e+00 5.857513546943664551e-01 1.326930972209716397e-01 1.345883908176008781e-01 9.239538923714738505e-01 -3.325473075798951461e-01
1.520530443804016113e+09 -1.418678164482116699e-01 1.032826900482177734e+00 5.628359913825988770e-01 1.227003716808099665e-01 1.415391871997117579e-01 9.344721499912791440e-01 -3.027756234687863368e-01
1.520530443854018211e+09 -9.670494496822357178e-02 1.035192966461181641e+00 5.393907427787780762e-01 1.113252065002622304e-01 1.430977961547875710e-01 9.447115804070992384e-01 -2.732210624714681013e-01
1.520530443904020071e+09 -4.765056446194648743e-02 1.034542798995971680e+00 5.154018402099609375e-01 9.758426729419557299e-02 1.436455508850392193e-01 9.544130900928735617e-01 -2.427733921725380439e-01
1.520530443954022169e+09 4.241598770022392273e-03 1.029534935951232910e+00 4.919402301311492920e-01 8.502376116408651152e-02 1.494621789972644943e-01 9.621344250416282717e-01 -2.114931801186918925e-01
1.520530444004023075e+09 5.902897939085960388e-02 1.020031809806823730e+00 4.676520526409149170e-01 7.320868212470488245e-02 1.617133614875187198e-01 9.678438886783683470e-01 -1.782343533831380611e-01
1.520530444054024220e+09 1.158499941229820251e-01 1.005540728569030762e+00 4.432142376899719238e-01 6.258237528194163235e-02 1.782150166896181998e-01 9.714336653381099307e-01 -1.436644979741141248e-01
1.520530444104402542e+09 1.753201186656951904e-01 9.879640936851501465e-01 4.197045862674713135e-01 5.161223482632130294e-02 1.965465821144424252e-01 9.731383666412848354e-01 -1.082004512287063763e-01
1.520530444154403687e+09 2.366512417793273926e-01 9.696723818778991699e-01 3.978855907917022705e-01 3.795919320664550151e-02 2.145507108770120241e-01 9.734810913484497341e-01 -6.972558282510599170e-02
1.520530444204405546e+09 2.983983159065246582e-01 9.493957161903381348e-01 3.786981701850891113e-01 2.745778263408638759e-02 2.309304296108885823e-01 9.721197356842081749e-01 -3.000710492224652887e-02
1.520530444254406452e+09 3.612094819545745850e-01 9.276764988899230957e-01 3.618635833263397217e-01 2.183853847021182196e-02 2.454419089376971841e-01 9.691179218125580697e-01 9.581294078182275506e-03
1.520530444304408789e+09 4.238843321800231934e-01 9.037687182426452637e-01 3.482822775840759277e-01 2.121057483383181549e-02 2.581987898820858884e-01 9.645713871616691248e-01 4.985514504700695737e-02
1.520530444354410648e+09 4.856926500797271729e-01 8.772144913673400879e-01 3.358537852764129639e-01 2.028025745104789640e-02 2.712914723745962764e-01 9.578153766666873681e-01 9.262479363213053929e-02
1.520530444404411554e+09 5.476329326629638672e-01 8.493633270263671875e-01 3.256676495075225830e-01 1.898798694130720416e-02 2.824276350628750487e-01 9.494317049364680017e-01 1.358437520320308345e-01
1.520530444454413652e+09 6.100881695747375488e-01 8.211148381233215332e-01 3.210545182228088379e-01 1.851599936843219621e-02 2.890934789298540974e-01 9.406530949267344344e-01 1.767876500561570696e-01
1.520530444505161524e+09 6.733899116516113281e-01 7.921795845031738281e-01 3.202884197235107422e-01 1.883416359387792352e-02 2.896299839473477911e-01 9.323896979452115374e-01 2.154279411915167031e-01
1.520530444555263519e+09 7.337419390678405762e-01 7.644396424293518066e-01 3.227953910827636719e-01 2.183088836801393151e-02 2.851541029653479331e-01 9.253133494257220759e-01 2.490095485109808937e-01
1.520530444605164289e+09 7.928067445755004883e-01 7.383970022201538086e-01 3.275685906410217285e-01 2.620931071599998108e-02 2.808801739386868612e-01 9.182314577121428734e-01 2.779755204830064441e-01
1.520530444655166626e+09 8.502839803695678711e-01 7.140520215034484863e-01 3.372899889945983887e-01 2.960000717446664015e-02 2.815536829537060304e-01 9.099017294042530679e-01 3.031999439604576851e-01
1.520530444705167532e+09 9.123427867889404297e-01 6.917720437049865723e-01 3.484562039375305176e-01 2.922923909239329154e-02 2.805665775877657087e-01 9.036829614750381268e-01 3.221570304408591379e-01
1.520530444755169392e+09 9.684818387031555176e-01 6.719939112663269043e-01 3.644176721572875977e-01 2.278748651696194463e-02 2.691090332078320824e-01 9.021169894904521591e-01 3.365204243086424851e-01
1.520530444805170536e+09 1.022343873977661133e+00 6.611448526382446289e-01 3.883678913116455078e-01 1.026532397845014710e-02 2.459756663380850972e-01 9.049898133586922189e-01 3.469640217805757820e-01
1.520530444855172396e+09 1.072968006134033203e+00 6.545804738998413086e-01 4.198532700538635254e-01 -8.590685675936095972e-03 2.157225493550661566e-01 9.103766789334942766e-01 3.529933204373557620e-01
1.520530444905173302e+09 1.117761254310607910e+00 6.510609388351440430e-01 4.558379054069519043e-01 -3.162749313119505440e-02 1.810409924816940574e-01 9.174739818254489254e-01 3.527964758792741518e-01
1.520530444954962492e+09 1.151242733001708984e+00 6.529639959335327148e-01 4.953179657459259033e-01 -5.537815325382011017e-02 1.427830142483377807e-01 9.269683249513340773e-01 3.424558300296162150e-01
1.520530445004964352e+09 1.172199845314025879e+00 6.592713594436645508e-01 5.369492173194885254e-01 -7.740973969403300292e-02 1.037603704487530115e-01 9.373573107629568080e-01 3.234235453458467191e-01
1.520530445054965258e+09 1.179054617881774902e+00 6.669183969497680664e-01 5.798292756080627441e-01 -9.707781316024265139e-02 6.671703361870184867e-02 9.471743355101950312e-01 2.983043978354436021e-01
1.520530445104967594e+09 1.172219753265380859e+00 6.756319999694824219e-01 6.179801225662231445e-01 -1.117170368588548679e-01 2.935054676306299987e-02 9.563778511650790071e-01 2.683267688492012026e-01
1.520530445154968500e+09 1.154255628585815430e+00 6.814841032028198242e-01 6.508374810218811035e-01 -1.215502889787637569e-01 -7.117235839853412911e-03 9.652977955288063461e-01 2.310303836087491958e-01
1.520530445204970360e+09 1.125411391258239746e+00 6.873387098312377930e-01 6.755454540252685547e-01 -1.300199449970286802e-01 -3.777947937931248890e-02 9.727118395169622733e-01 1.884123194069990126e-01
1.520530445254971504e+09 1.086922764778137207e+00 6.930510997772216797e-01 6.922124624252319336e-01 -1.357023687365000730e-01 -6.097293889133314354e-02 9.784117730825541148e-01 1.434488415279439599e-01
1.520530445304973364e+09 1.039138913154602051e+00 6.962360143661499023e-01 6.990252733230590820e-01 -1.376476662467129852e-01 -7.381122916083374119e-02 9.829656560700594792e-01 9.686868128222884955e-02
1.520530445353891611e+09 9.863924384117126465e-01 6.943560838699340820e-01 6.971319913864135742e-01 -1.412375767233272905e-01 -7.426746446611715013e-02 9.859453780918683297e-01 4.947728834909010526e-02
1.520530445403893948e+09 9.275930523872375488e-01 6.848187446594238281e-01 6.841028332710266113e-01 -1.431034256995174225e-01 -6.531118828164084178e-02 9.875475510867334217e-01 -2.385913011511811392e-03
1.520530445453895807e+09 8.660660386085510254e-01 6.712229251861572266e-01 6.599956750869750977e-01 -1.377530091062871276e-01 -5.062355820814759544e-02 9.873449752953278313e-01 -6.009378999179523784e-02
1.520530445503897667e+09 8.008989095687866211e-01 6.497358679771423340e-01 6.269390583038330078e-01 -1.280984403558648455e-01 -3.175866907094150593e-02 9.843145990205748319e-01 -1.170766700594213644e-01
1.520530445553898811e+09 7.329276204109191895e-01 6.167221665382385254e-01 5.870456695556640625e-01 -1.182560439915554401e-01 -2.800973927242100380e-03 9.781743625034935441e-01 -1.708290933811054679e-01
1.520530445603899717e+09 6.644811034202575684e-01 5.717043876647949219e-01 5.427948832511901855e-01 -1.140020211970584618e-01 3.614497385423482562e-02 9.668510692557553687e-01 -2.256016176960284336e-01
1.520530445653901577e+09 5.963097214698791504e-01 5.149533152580261230e-01 4.965629279613494873e-01 -1.158311264133500967e-01 7.773493039778336944e-02 9.487454062576690106e-01 -2.835887600996151447e-01
1.520530445703903913e+09 5.309479832649230957e-01 4.472914636135101318e-01 4.516552090644836426e-01 -1.167652347170227006e-01 1.203872002512397371e-01 9.238092612314687813e-01 -3.441645694142765888e-01
1.520530445753750563e+09 4.703637361526489258e-01 3.704015612602233887e-01 4.111868441104888916e-01 -1.145630957065082861e-01 1.622907116463113419e-01 8.935884480424556298e-01 -4.025378336759796727e-01
1.520530445803752661e+09 4.159311652183532715e-01 2.887875437736511230e-01 3.773412704467773438e-01 -1.130603335237404250e-01 1.989357185566513753e-01 8.598760418842957831e-01 -4.563497928774002954e-01
1.520530445853754759e+09 3.680017888545989990e-01 2.040654271841049194e-01 3.527785539627075195e-01 -1.130117264358448531e-01 2.272961907810600313e-01 8.244426389705183933e-01 -5.058251935122813903e-01
1.520530445903755665e+09 3.260291218757629395e-01 1.236141100525856018e-01 3.390547931194305420e-01 -1.150163375610309818e-01 2.473901133741937264e-01 7.902332293660513374e-01 -5.487265412793991270e-01
1.520530445953756571e+09 2.893130481243133545e-01 4.890681430697441101e-02 3.364884257316589355e-01 -1.124585107597651790e-01 2.633126642664946337e-01 7.562348150598762198e-01 -5.883268043238646383e-01
1.520530446003758669e+09 2.568358480930328369e-01 -1.737065054476261139e-02 3.445862829685211182e-01 -1.075346670342791355e-01 2.698858024435103475e-01 7.242535793484540241e-01 -6.253436669753694721e-01
1.520530446053760529e+09 2.265038937330245972e-01 -7.336404174566268921e-02 3.620409667491912842e-01 -9.738842427496316456e-02 2.661084540817044708e-01 6.970747134391714894e-01 -6.586263199775591604e-01
1.520530446103761673e+09 1.946817785501480103e-01 -1.298700720071792603e-01 3.755239546298980713e-01 -8.056539006197903363e-02 2.532203106046311269e-01 6.753374094298800756e-01 -6.879738916892078615e-01
1.520530446154954195e+09 1.632076203823089600e-01 -1.672728657722473145e-01 4.051285088062286377e-01 -5.875337809762191249e-02 2.330107368685454816e-01 6.573128813336224230e-01 -7.142785262759804299e-01
1.520530446204900026e+09 1.326046586036682129e-01 -1.942420750856399536e-01 4.388877153396606445e-01 -3.442343592254141355e-02 2.098343159512955913e-01 6.440950436195991280e-01 -7.347966805131914692e-01
1.520530446254902124e+09 1.026450321078300476e-01 -2.136424034833908081e-01 4.706760942935943604e-01 -8.969262009935027175e-03 1.827265572889501255e-01 6.361507012534348693e-01 -7.495617672314192070e-01
1.520530446304903030e+09 7.234440743923187256e-02 -2.260500043630599976e-01 5.025386810302734375e-01 1.734246295734945612e-02 1.537989958203453411e-01 6.332432562547894994e-01 -7.583192508904527118e-01
1.520530446354904890e+09 4.270830750465393066e-02 -2.271116077899932861e-01 5.350194573402404785e-01 4.467875295852202083e-02 1.254689931208606835e-01 6.344941549715290563e-01 -7.613662115606878444e-01
1.520530446404906034e+09 1.284955535084009171e-02 -2.188338041305541992e-01 5.649191141128540039e-01 7.041311683166286139e-02 9.937620009434341983e-02 6.392662309648441399e-01 -7.592792962940990709e-01
1.520530446454907894e+09 -1.741933822631835938e-02 -2.015636861324310303e-01 5.928133726119995117e-01 9.189560889248231390e-02 7.825913922978361414e-02 6.466142450661112040e-01 -7.532069584588795275e-01
1.520530446504908800e+09 -4.460953548550605774e-02 -1.770352870225906372e-01 6.143432259559631348e-01 1.112093785907879717e-01 6.297831613923281224e-02 6.547485802970746116e-01 -7.449634235374802405e-01
1.520530446554783344e+09 -6.513366103172302246e-02 -1.442149281501770020e-01 6.303912997245788574e-01 1.282854197160386567e-01 5.097434169847372964e-02 6.653119159413221073e-01 -7.336923892771234357e-01
1.520530446604785204e+09 -8.783185482025146484e-02 -1.076480075716972351e-01 6.427929401397705078e-01 1.390624912167839067e-01 4.080862841621447912e-02 6.817844371686826443e-01 -7.170538756731965613e-01
1.520530446654786348e+09 -1.082038432359695435e-01 -6.432668119668960571e-02 6.511345505714416504e-01 1.432926864111639942e-01 3.186534520367857726e-02 7.023598116846897499e-01 -6.965217159043711748e-01
1.520530446704788208e+09 -1.270189285278320312e-01 -1.865596324205398560e-02 6.540748476982116699e-01 1.446951322288566599e-01 2.449235493796816931e-02 7.247625552207076494e-01 -6.731884445003619710e-01
1.520530446754789114e+09 -1.444008797407150269e-01 2.707449160516262054e-02 6.512513160705566406e-01 1.454820743377655545e-01 1.912567900081369593e-02 7.457728188214619580e-01 -6.498400396684014257e-01
1.520530446804791451e+09 -1.580018699169158936e-01 7.479921728372573853e-02 6.472793221473693848e-01 1.440236803530323406e-01 1.603231861138119246e-02 7.641872624261515368e-01 -6.285045522533109219e-01
1.520530446854792356e+09 -1.691448837518692017e-01 1.191266328096389771e-01 6.365880966186523438e-01 1.388060523922353684e-01 1.487753366069252854e-02 7.840750982244429901e-01 -6.047625808164631689e-01
1.520530446904794216e+09 -1.749812811613082886e-01 1.616674065589904785e-01 6.220484375953674316e-01 1.301859114261902928e-01 1.632219855391768906e-02 8.069157849744519329e-01 -5.759098282366457155e-01
1.520530446954330206e+09 -1.759274452924728394e-01 2.018958479166030884e-01 6.050789952278137207e-01 1.198180986614680588e-01 2.213739600402098856e-02 8.307359802050915398e-01 -5.431678286901735486e-01
1.520530447004332066e+09 -1.728206425905227661e-01 2.412088066339492798e-01 5.866197943687438965e-01 1.090353116098343456e-01 3.266389994994207263e-02 8.528309941644736103e-01 -5.096309114002425256e-01
1.520530447054334164e+09 -1.677848994731903076e-01 2.793488502502441406e-01 5.677400231361389160e-01 9.622318623424742923e-02 4.602095656742855728e-02 8.726859308517361802e-01 -4.764897019674053102e-01
1.520530447104335308e+09 -1.608120799064636230e-01 3.138240873813629150e-01 5.455505847930908203e-01 8.148261536919397530e-02 6.128073767432670738e-02 8.901839072391450891e-01 -4.440471437529304732e-01
1.520530447154337168e+09 -1.521378159523010254e-01 3.475823700428009033e-01 5.234892368316650391e-01 6.556553256631378335e-02 7.605048855216690884e-02 9.054790546083829605e-01 -4.123410794424701709e-01
1.520530447204338312e+09 -1.420402079820632935e-01 3.761805891990661621e-01 5.004625320434570312e-01 4.995693162256570341e-02 8.629578172091000032e-02 9.203504728158816706e-01 -3.781697373238877558e-01
1.520530447254340172e+09 -1.313566267490386963e-01 4.017183482646942139e-01 4.798171520233154297e-01 3.574745808027184751e-02 9.194309253132815218e-02 9.342449731001496449e-01 -3.427169637086493470e-01
1.520530447304342031e+09 -1.212539076805114746e-01 4.257481098175048828e-01 4.632845222949981689e-01 2.556665520530694222e-02 9.406801713406039156e-02 9.465859781424017516e-01 -3.073638564930356032e-01
1.520530447354343176e+09 -1.109364330768585205e-01 4.471508860588073730e-01 4.519279003143310547e-01 1.911786085420617842e-02 9.432449378378557348e-02 9.570416837517653486e-01 -2.735116319836834453e-01
1.520530447404124022e+09 -1.031431406736373901e-01 4.664160907268524170e-01 4.458678364753723145e-01 1.498767980278953825e-02 9.642072556702492581e-02 9.648254303288922307e-01 -2.441112494866338190e-01
1.520530447454125166e+09 -9.852064400911331177e-02 4.827336966991424561e-01 4.443848729133605957e-01 1.107641953280087861e-02 1.010742020576567979e-01 9.709048575521114222e-01 -2.168065409309778424e-01
1.520530447504127026e+09 -9.868388622999191284e-02 4.961074590682983398e-01 4.472573101520538330e-01 1.121139626743799730e-02 1.037862456590665783e-01 9.761760893955796492e-01 -1.902181965482894477e-01
1.520530447554127932e+09 -1.025432720780372620e-01 5.077893733978271484e-01 4.522916674613952637e-01 1.274088781203764481e-02 1.011631646587490690e-01 9.809089388109789587e-01 -1.655938937724065474e-01
1.520530447604130030e+09 -1.101184636354446411e-01 5.185080766677856445e-01 4.601498544216156006e-01 1.392486985767849017e-02 9.376771966295367744e-02 9.853673023685597387e-01 -1.416509518907788368e-01
1.520530447654130936e+09 -1.191420257091522217e-01 5.276101231575012207e-01 4.685627520084381104e-01 1.394865799107654521e-02 8.417299094050523234e-02 9.892818580125655181e-01 -1.184978815995626211e-01
1.520530447704133034e+09 -1.299111992120742798e-01 5.348806977272033691e-01 4.783475100994110107e-01 1.117467968728269069e-02 7.278239696714486340e-02 9.924177486104506229e-01 -9.841169375926918372e-02
1.520530447754142046e+09 -1.410938948392868042e-01 5.416566729545593262e-01 4.856413900852203369e-01 5.761637911895415957e-03 5.934934680105653781e-02 9.947854234521676942e-01 -8.274309548204808462e-02
1.520530447804071665e+09 -1.524191051721572876e-01 5.450609326362609863e-01 4.904217123985290527e-01 -2.018076742490473776e-03 4.511431029005213977e-02 9.963119177538892757e-01 -7.296018719056318602e-02
1.520530447854074001e+09 -1.627965867519378662e-01 5.466319918632507324e-01 4.926047921180725098e-01 -7.196273726924124620e-03 3.103482381854895389e-02 9.973803858722464222e-01 -6.494166022152184081e-02
1.520530447904074907e+09 -1.723627299070358276e-01 5.463516712188720703e-01 4.909027218818664551e-01 -1.611051761783852468e-02 2.363302450618640776e-02 9.978090258890560671e-01 -5.965801898410990484e-02
1.520530447954076767e+09 -1.809724718332290649e-01 5.420954227447509766e-01 4.856657683849334717e-01 -2.966934979696954355e-02 1.998210870071955719e-02 9.977495001577325606e-01 -5.671313736245445214e-02
1.520530448004077911e+09 -1.884347051382064819e-01 5.374933481216430664e-01 4.785497486591339111e-01 -3.815967892675947715e-02 1.588975981752823244e-02 9.975867685858691436e-01 -5.578524517783620129e-02
1.520530448054079771e+09 -1.943543553352355957e-01 5.321071147918701172e-01 4.712263941764831543e-01 -4.240277913566378037e-02 1.322769764121696848e-02 9.974971442616008543e-01 -5.501344859791925529e-02
1.520530448104080677e+09 -1.989758759737014771e-01 5.252727866172790527e-01 4.634191095829010010e-01 -4.503238743163800323e-02 1.369108011684979330e-02 9.974018481694509886e-01 -5.453615017219609618e-02
1.520530448154083014e+09 -2.020959258079528809e-01 5.177629590034484863e-01 4.547517001628875732e-01 -4.754746312454489338e-02 1.907665869933761887e-02 9.970814357939247197e-01 -5.660327056288128739e-02
1.520530448203885078e+09 -2.040515989065170288e-01 5.101208090782165527e-01 4.459120929241180420e-01 -4.853680311586166390e-02 2.745013658159825565e-02 9.967010523307039405e-01 -5.897186640942457536e-02
1.520530448253886223e+09 -2.045411765575408936e-01 5.029847025871276855e-01 4.367304444313049316e-01 -4.805111444504053808e-02 3.716202400159447639e-02 9.962654568750306527e-01 -6.136133807440045940e-02
1.520530448303888321e+09 -2.043637782335281372e-01 4.966655969619750977e-01 4.294781088829040527e-01 -5.075580343778850895e-02 4.273545876327487780e-02 9.957565706189203114e-01 -6.376818212027289545e-02
1.520530448353889465e+09 -2.040822207927703857e-01 4.912667572498321533e-01 4.251024127006530762e-01 -5.162860450868149431e-02 4.020039735464321640e-02 9.958565826823824185e-01 -6.315126267290561979e-02
1.520530448403891325e+09 -2.037677317857742310e-01 4.864219427108764648e-01 4.228997230529785156e-01 -5.207944476011541757e-02 3.474315877276455689e-02 9.959807041433828001e-01 -6.405529896909530063e-02
1.520530448453892231e+09 -2.030809521675109863e-01 4.797356724739074707e-01 4.218573868274688721e-01 -4.832183142369417955e-02 3.212722354474924213e-02 9.961126929864145829e-01 -6.627476885300243037e-02
1.520530448503894329e+09 -2.001071274280548096e-01 4.732997119426727295e-01 4.202769398689270020e-01 -4.922182738665583507e-02 3.248933623945897409e-02 9.960864540859813987e-01 -6.582879860557919183e-02
1.520530448553895235e+09 -1.979418098926544189e-01 4.681224822998046875e-01 4.189789593219757080e-01 -5.141342082384645767e-02 2.968204780140639917e-02 9.961293981513744678e-01 -6.482174277266643247e-02
1.520530448603929996e+09 -1.957139074802398682e-01 4.641743600368499756e-01 4.184618592262268066e-01 -4.797383577333869109e-02 2.335962559177489142e-02 9.964866833314304229e-01 -6.455330290953806283e-02
1.520530448653931856e+09 -1.934601664543151855e-01 4.610930979251861572e-01 4.166579544544219971e-01 -5.091182462516268686e-02 1.753159966864704933e-02 9.965190188626855683e-01 -6.364333563968399554e-02
1.520530448703933716e+09 -1.918221265077590942e-01 4.578075408935546875e-01 4.148029386997222900e-01 -5.417201517194702304e-02 1.243823545812488933e-02 9.964952787467613593e-01 -6.251273875229911015e-02
1.520530448753934860e+09 -1.900835037231445312e-01 4.559139311313629150e-01 4.130021929740905762e-01 -5.848797048093888618e-02 9.306894038253596055e-03 9.964078643040897854e-01 -6.053021547412727049e-02
1.520530448803936958e+09 -1.888045519590377808e-01 4.544208347797393799e-01 4.114980399608612061e-01 -6.085848090514256459e-02 8.240866007309534391e-03 9.964926273572529691e-01 -5.683992480648430295e-02
1.520530448853938818e+09 -1.875973641872406006e-01 4.525653719902038574e-01 4.102468192577362061e-01 -6.023233108102873934e-02 8.400565148209240482e-03 9.967973988409363217e-01 -5.192728051496095509e-02
1.520530448903939962e+09 -1.867042183876037598e-01 4.506760239601135254e-01 4.092673063278198242e-01 -5.999022891593216306e-02 1.215790747404222466e-02 9.969983336193162238e-01 -4.740970871850559015e-02
1.520530448953941822e+09 -1.858141273260116577e-01 4.494383037090301514e-01 4.085201919078826904e-01 -5.888960640045828865e-02 1.750134418220697721e-02 9.970801061273689703e-01 -4.535393229753539174e-02
1.520530449003905058e+09 -1.849642246961593628e-01 4.482744932174682617e-01 4.068505167961120605e-01 -5.886174563465341320e-02 2.191533083154618977e-02 9.970280231743877675e-01 -4.461091996762503453e-02
1.520530449053906202e+09 -1.835086196660995483e-01 4.476022124290466309e-01 4.054144024848937988e-01 -5.901569700705983773e-02 2.698488066217375955e-02 9.969398717418965772e-01 -4.358733593224077552e-02
1.520530449103908300e+09 -1.817076653242111206e-01 4.470212757587432861e-01 4.037808775901794434e-01 -5.742804409504693314e-02 3.174255085241362712e-02 9.969258440234098906e-01 -4.281695616237696927e-02
1.520530449153910160e+09 -1.807457357645034790e-01 4.465070664882659912e-01 4.024665951728820801e-01 -5.486791594569847413e-02 3.341365986437060814e-02 9.970143462197197382e-01 -4.284194867543716229e-02
1.520530449203911304e+09 -1.803089380264282227e-01 4.457999765872955322e-01 4.014213979244232178e-01 -5.206238535238263965e-02 3.408340158008510423e-02 9.971379629087497865e-01 -4.293847568719088431e-02
