ply
format ascii 1.0
element vertex 8431
property float x
property float y
property float z
property uchar red
property uchar green
property uchar blue
end_header
3.9958 -2.4086 -0.0290 80 200 120
3.5894 1.1339 -1.0734 80 200 120
0.2077 -0.0791 -0.0145 80 200 120
0.1135 0.0145 0.0118 80 200 120
62.3766 -109.7187 -6.7409 80 200 120
0.2011 -0.0998 0.0295 80 200 120
0.1517 -0.0563 0.0572 80 200 120
0.2052 -0.1191 0.0261 80 200 120
0.1177 -0.0142 0.0028 80 200 120
0.1199 -0.0149 0.0120 80 200 120
0.0950 0.0036 0.0258 80 200 120
0.0787 0.0070 0.0270 80 200 120
2.0280 -1.2932 -0.7956 80 200 120
0.0972 0.0090 0.0321 80 200 120
0.1195 -0.0543 0.0253 80 200 120
0.1755 -0.1435 0.0193 80 200 120
0.0850 0.0154 0.0235 80 200 120
0.1115 -0.0133 0.0428 80 200 120
1.9959 -0.5123 -0.3655 80 200 120
0.1069 0.0065 0.0473 80 200 120
0.0990 -0.0086 0.0168 80 200 120
0.0807 0.0100 0.0270 80 200 120
0.0810 0.0120 0.0357 80 200 120
0.1315 -0.0119 0.0211 80 200 120
0.1528 0.0576 0.0568 80 200 120
0.0761 -0.0024 0.0307 80 200 120
0.1335 0.0680 0.0415 80 200 120
0.1222 0.0242 0.0469 80 200 120
0.1108 0.0312 0.0342 80 200 120
0.1108 -0.0216 0.0361 80 200 120
0.0930 -0.0223 0.0232 80 200 120
0.1518 -0.0798 0.0186 80 200 120
2.2931 0.5732 1.6412 80 200 120
0.2197 -0.0132 0.0782 80 200 120
0.1051 0.0047 0.0276 80 200 120
0.0933 0.0207 0.0274 80 200 120
0.1017 0.0103 0.0426 80 200 120
0.1167 -0.0435 0.0110 80 200 120
0.2408 0.0070 0.0135 80 200 120
0.1018 -0.0150 0.0293 80 200 120
0.1037 0.0060 0.0414 80 200 120
0.1271 0.0017 0.0589 80 200 120
0.1336 -0.0249 0.0010 80 200 120
0.0898 -0.0049 0.0387 80 200 120
0.1068 0.0181 0.0184 80 200 120
0.1268 -0.0606 0.0575 80 200 120
0.0815 0.0039 0.0364 80 200 120
0.0984 0.0163 0.0289 80 200 120
0.2628 0.1429 0.0065 80 200 120
0.1026 -0.0040 0.0316 80 200 120
0.1106 -0.0073 0.0571 80 200 120
0.1621 0.1023 0.0270 80 200 120
4.8838 -1.2453 0.7237 80 200 120
0.0851 0.0277 0.0476 80 200 120
0.1740 0.0323 0.0499 80 200 120
0.0869 0.0164 0.0309 80 200 120
0.0836 -0.0071 0.0343 80 200 120
0.1324 -0.0368 0.0214 80 200 120
0.0730 0.0014 0.0295 80 200 120
0.0939 0.0040 0.0453 80 200 120
0.0882 -0.0155 0.0259 80 200 120
0.0764 0.0021 0.0295 80 200 120
0.0871 0.0242 0.0400 80 200 120
0.2572 -0.1492 -0.0343 80 200 120
1.6256 -0.9237 -0.6951 80 200 120
0.0782 0.0098 0.0271 80 200 120
0.0723 0.0019 0.0300 80 200 120
0.1345 0.0278 0.0406 80 200 120
0.0827 -0.0054 0.0341 80 200 120
0.1515 -0.0558 0.0204 80 200 120
0.0754 -0.0007 0.0294 80 200 120
0.0974 0.0048 0.0219 80 200 120
0.0827 0.0034 0.0279 80 200 120
0.1318 -0.1108 0.0096 80 200 120
4.6052 1.9436 -1.6172 80 200 120
0.1035 -0.0120 0.0195 80 200 120
0.5244 0.1307 -0.1991 80 200 120
0.0933 -0.0256 0.0209 80 200 120
0.1030 -0.0033 0.0348 80 200 120
0.1670 0.0559 -0.0079 80 200 120
0.0904 -0.0086 0.0344 80 200 120
0.0887 0.0157 0.0358 80 200 120
0.3001 0.1487 -0.0424 80 200 120
0.2340 1.8043 1.7483 80 200 120
0.1312 -0.0409 0.0132 80 200 120
0.1056 -0.0421 0.0443 80 200 120
0.0833 -0.0065 0.0256 80 200 120
0.0992 -0.0132 0.0182 80 200 120
0.0857 0.0106 0.0226 80 200 120
0.0762 0.0000 0.0315 80 200 120
0.1545 0.0610 0.0119 80 200 120
0.1573 0.0087 0.0663 80 200 120
0.0691 -0.0082 0.0354 80 200 120
0.2677 3.5749 1.6668 80 200 120
4.7492 -1.8309 -0.2879 80 200 120
66.2724 186.4107 60.5068 80 200 120
0.0843 0.0407 0.0396 80 200 120
1.8828 -1.3662 1.6991 80 200 120
0.1441 0.0342 0.0289 80 200 120
4.8802 -0.1004 0.5444 80 200 120
0.1509 0.1407 0.0448 80 200 120
0.1915 -0.0116 0.0875 80 200 120
0.0782 0.0326 0.0608 80 200 120
0.1131 0.0823 0.0187 80 200 120
0.0799 0.0156 0.0375 80 200 120
0.1521 -0.0582 0.0400 80 200 120
0.0741 0.0002 0.0291 80 200 120
0.2322 0.1518 -0.0469 80 200 120
0.0958 -0.0013 0.0246 80 200 120
3.7761 -7.6331 -0.2690 80 200 120
3.8198 -3.4620 0.6575 80 200 120
0.0471 0.3117 0.1406 80 200 120
2.0140 -3.3240 1.3026 80 200 120
0.1120 -0.0435 0.0565 80 200 120
0.0822 0.0122 0.0379 80 200 120
0.0495 -0.1272 0.1011 80 200 120
0.1036 -0.0123 0.0232 80 200 120
0.1020 0.0353 0.0255 80 200 120
0.0541 -0.1830 0.1221 80 200 120
0.0148 -0.1015 0.1114 80 200 120
0.2412 0.6562 0.2156 80 200 120
0.1196 -0.0217 0.0516 80 200 120
0.1206 0.0217 0.0522 80 200 120
0.2308 0.0109 0.0820 80 200 120
0.1048 -0.0296 0.0410 80 200 120
0.0930 0.0090 0.0257 80 200 120
4.1077 2.3103 -1.9283 80 200 120
0.1055 -0.0872 0.0427 80 200 120
0.2209 0.0550 -0.0514 80 200 120
0.0724 0.0018 0.0312 80 200 120
2.4142 -3.2100 1.6337 80 200 120
0.0976 0.0258 0.0418 80 200 120
0.1237 0.0052 0.0416 80 200 120
0.1116 -0.0149 0.0583 80 200 120
-0.0255 0.2751 0.1979 80 200 120
0.0980 0.0015 0.0147 80 200 120
0.0756 0.0098 0.0325 80 200 120
0.1122 -0.0058 0.0212 80 200 120
0.3109 0.0476 -0.0657 80 200 120
0.0815 -0.0002 0.0404 80 200 120
4.8640 3.1235 0.8103 80 200 120
4.6158 3.3776 1.0244 80 200 120
0.2387 -0.0265 -0.0319 80 200 120
3.4101 -1.9183 -1.0557 80 200 120
3.9555 -2.9216 -0.0059 80 200 120
2.8966 -2.4877 -0.0641 80 200 120
0.3009 0.0332 -0.0083 80 200 120
4.0750 3.2462 -1.3151 80 200 120
0.0847 0.0048 0.0310 80 200 120
2.6034 -2.7849 -0.2206 80 200 120
1.8346 1.8163 -0.7155 80 200 120
2.3767 -0.6856 -1.0190 80 200 120
2.6521 -0.4942 -0.3481 80 200 120
4.1338 2.8400 1.3799 80 200 120
0.1331 -0.0242 0.0374 80 200 120
0.2669 0.2108 0.0656 80 200 120
0.1447 0.0345 0.0540 80 200 120
0.1947 -0.1205 -0.0065 80 200 120
0.2068 -0.1330 0.0109 80 200 120
3.2543 0.1355 -0.2746 80 200 120
0.2450 -0.0685 -0.0496 80 200 120
0.2957 0.1112 -0.0409 80 200 120
0.1844 -0.1217 0.0852 80 200 120
4.7862 2.6865 -0.1416 80 200 120
0.1491 -0.0096 0.0339 80 200 120
0.1324 0.0690 0.0280 80 200 120
1.5374 2.6539 1.7489 80 200 120
0.1905 0.1168 0.0366 80 200 120
0.0958 -0.0151 0.0264 80 200 120
0.1190 -0.0413 0.0189 80 200 120
4.4919 5.3063 -1.4640 80 200 120
0.1574 0.0743 0.0319 80 200 120
0.1452 0.0323 0.0423 80 200 120
0.1245 -0.0064 0.0241 80 200 120
3.6903 -3.9957 -1.4033 80 200 120
4.1392 2.3486 -1.5450 80 200 120
0.2039 0.1121 0.0716 80 200 120
0.1018 -0.0211 0.0213 80 200 120
0.1677 -0.1153 0.0691 80 200 120
0.1396 0.0069 0.0587 80 200 120
0.0623 -0.0673 0.0746 80 200 120
4.9806 2.2448 -0.0217 80 200 120
0.0917 0.0373 0.0338 80 200 120
3.5545 -0.3442 1.6870 80 200 120
0.0896 -0.0136 0.0322 80 200 120
5.0257 -0.7787 1.4098 80 200 120
1.4760 0.4732 -0.5552 80 200 120
0.5328 -0.1358 -0.2333 80 200 120
1.9493 -0.5616 -0.6469 80 200 120
2.5436 0.4238 1.1871 80 200 120
3.2221 0.4382 -0.1774 80 200 120
3.8846 -0.9651 1.7093 80 200 120
2.6064 0.8064 1.4168 80 200 120
0.1104 0.0194 0.0233 80 200 120
0.1819 0.0188 0.1014 80 200 120
2.8436 -2.2132 -0.9297 80 200 120
0.2889 0.0385 -0.0345 80 200 120
0.0957 0.0069 0.0257 80 200 120
2.6587 -0.9234 -0.7856 80 200 120
4.0864 -1.8150 -1.6011 80 200 120
0.1928 0.0007 0.0607 80 200 120
0.4749 1.6060 1.5644 80 200 120
2.0398 1.8508 -0.8909 80 200 120
2.6451 2.5796 1.7117 80 200 120
0.2825 -0.0774 -0.0129 80 200 120
0.2550 0.2051 0.0042 80 200 120
4.0309 1.6758 1.7702 80 200 120
0.1511 -0.1986 0.0588 80 200 120
1.7979 0.0982 -0.9098 80 200 120
0.0745 0.0072 0.0317 80 200 120
0.1678 0.0192 -0.0089 80 200 120
0.9217 -0.6483 -0.3794 80 200 120
2.7065 2.4697 -0.6870 80 200 120
3.5639 1.7479 -1.5858 80 200 120
4.8063 -2.9562 1.0197 80 200 120
3.1028 3.3266 1.6463 80 200 120
4.7056 -0.4117 1.5343 80 200 120
2.5215 0.4347 0.8691 80 200 120
3.1376 0.0894 1.5806 80 200 120
2.5834 -0.4744 1.7086 80 200 120
2.6326 0.7825 0.5181 80 200 120
2.7437 0.8675 -0.1666 80 200 120
2.5908 3.5507 1.5348 80 200 120
4.7996 -2.0067 1.5870 80 200 120
4.7035 -0.4724 0.7128 80 200 120
4.7978 -2.0271 1.0467 80 200 120
5.9344 -2.8712 -1.9270 80 200 120
1.4576 -0.2184 -0.4798 80 200 120
0.1883 0.1877 0.1198 80 200 120
2.3676 0.1163 -0.4803 80 200 120
-0.3088 -2.3227 1.3175 80 200 120
3.0237 0.2288 0.9813 80 200 120
4.0348 -3.4053 1.2871 80 200 120
3.1535 2.4154 1.7489 80 200 120
3.5050 3.2147 1.5230 80 200 120
3.2861 0.3218 0.7422 80 200 120
2.4746 -0.8802 1.6710 80 200 120
1.7519 -0.2304 -0.3202 80 200 120
1.8885 -0.0509 1.7026 80 200 120
3.1660 -2.0917 1.7200 80 200 120
4.9261 -1.0303 0.1911 80 200 120
4.7067 -3.2191 1.5723 80 200 120
2.3709 0.3338 -0.3492 80 200 120
21.5195 -29.1774 -2.3058 80 200 120
4.9559 -2.6119 0.7669 80 200 120
2.6597 0.8091 1.0263 80 200 120
2.1282 -1.9244 -0.8134 80 200 120
4.5283 2.2168 -1.3607 80 200 120
3.1803 3.4341 -0.0508 80 200 120
3.6097 3.4303 0.2397 80 200 120
4.8938 -2.5325 1.6092 80 200 120
4.8573 2.0503 0.8225 80 200 120
3.1441 -0.3378 -0.3129 80 200 120
3.5836 -2.3565 -0.9408 80 200 120
-0.2059 -2.3067 1.5456 80 200 120
6.5818 11.3284 1.2167 80 200 120
1.6575 -3.3214 1.6489 80 200 120
2.7297 -2.7712 1.7043 80 200 120
3.8635 -1.6669 1.6864 80 200 120
3.2386 0.9985 0.2825 80 200 120
4.9050 -1.5573 1.5368 80 200 120
5.0926 -1.9766 0.6315 80 200 120
4.6492 2.1223 1.5352 80 200 120
2.3901 -2.2504 -0.6556 80 200 120
2.5708 -2.4503 -0.3284 80 200 120
5.0896 -2.4040 -0.0759 80 200 120
3.2456 -1.2401 -1.4273 80 200 120
3.2427 -3.4036 1.5580 80 200 120
4.9305 -0.6072 0.2666 80 200 120
4.9982 2.3765 -0.7731 80 200 120
2.4577 0.3869 1.5474 80 200 120
3.1467 -2.6168 -0.6771 80 200 120
4.2740 3.5746 0.1391 80 200 120
3.4557 -2.3338 -0.3832 80 200 120
2.0359 0.5327 -0.2998 80 200 120
4.1158 3.3775 1.3066 80 200 120
3.0333 -3.5356 1.2158 80 200 120
4.2814 0.0282 1.0881 80 200 120
2.9440 0.2924 1.2013 80 200 120
1.6556 -0.0872 -0.2998 80 200 120
2.8667 -1.0024 -0.5437 80 200 120
5.0565 1.9397 -0.8906 80 200 120
1.5396 -3.6382 0.5379 80 200 120
0.1185 0.0847 0.0526 80 200 120
2.2367 -2.0640 1.6939 80 200 120
2.5327 1.6860 -1.1112 80 200 120
-0.7650 9.3171 4.3293 80 200 120
1.5623 -1.1269 -0.7054 80 200 120
4.6062 2.6590 1.5230 80 200 120
4.8375 3.6303 0.5582 80 200 120
3.8925 3.3932 -0.3915 80 200 120
5.0946 3.6964 -0.5763 80 200 120
7.3758 4.7306 -2.2536 80 200 120
4.8407 3.4345 -0.9874 80 200 120
2.1918 3.3354 1.6613 80 200 120
1.5875 1.6840 -0.1712 80 200 120
3.0515 -1.7827 -0.4708 80 200 120
2.3972 -2.2004 -0.9339 80 200 120
2.8447 0.9221 -1.1368 80 200 120
3.3837 0.3848 0.3662 80 200 120
2.8176 2.9282 0.5330 80 200 120
2.5207 -2.0572 -0.5115 80 200 120
2.1410 0.3628 -0.5864 80 200 120
2.7032 0.7809 0.7448 80 200 120
-0.0894 2.1452 1.6529 80 200 120
4.7448 -0.1737 0.0199 80 200 120
-0.0400 4.2428 2.0319 80 200 120
3.7496 -3.2846 1.6180 80 200 120
2.6014 2.5569 -1.0026 80 200 120
4.5428 2.6360 -1.2590 80 200 120
2.9938 1.3817 -1.3633 80 200 120
4.6518 3.2341 -1.3706 80 200 120
2.6396 -0.0427 -0.3051 80 200 120
2.3667 -1.4744 -0.9296 80 200 120
3.8240 3.4756 -1.0081 80 200 120
3.3981 3.9527 -1.0903 80 200 120
0.5286 3.4117 1.6065 80 200 120
0.5282 1.8241 1.7563 80 200 120
-0.2110 -2.4287 1.6053 80 200 120
4.9309 -3.3920 0.6624 80 200 120
2.2799 0.5470 -0.2763 80 200 120
3.1865 3.4610 -0.4248 80 200 120
3.4623 2.2319 -1.5051 80 200 120
3.4811 1.9517 -1.5230 80 200 120
2.1582 -2.5992 -0.1662 80 200 120
1.3831 4.0243 1.1080 80 200 120
3.9564 -2.3668 -1.4860 80 200 120
1.7110 3.9110 1.6804 80 200 120
2.1587 0.1577 -0.3385 80 200 120
3.6012 -1.8635 -1.6631 80 200 120
4.1145 -8.6895 -0.5946 80 200 120
2.7256 -2.3812 -0.5666 80 200 120
3.5586 -2.3523 -0.9387 80 200 120
2.3432 -2.5013 -0.8832 80 200 120
4.8464 3.5107 -0.0661 80 200 120
2.1020 3.2553 -0.7986 80 200 120
5.2508 2.2031 -1.5109 80 200 120
3.3428 3.8954 -1.0995 80 200 120
3.1634 -2.3933 -0.6083 80 200 120
4.3109 -2.5057 1.7815 80 200 120
1.2737 -1.6115 -0.0573 80 200 120
4.6766 2.7948 -1.3873 80 200 120
3.3438 0.8331 -0.7628 80 200 120
4.9978 1.7220 -0.4886 80 200 120
2.8079 0.2914 -0.4016 80 200 120
4.8537 2.0213 -1.4169 80 200 120
3.6035 1.8314 -1.4705 80 200 120
2.8139 -2.4603 -0.0681 80 200 120
3.6308 3.6498 -1.5113 80 200 120
1.8372 -0.4836 -0.3312 80 200 120
3.5293 3.6856 0.6643 80 200 120
5.0068 1.9303 0.2510 80 200 120
3.6588 3.4675 0.2440 80 200 120
4.3149 -0.7584 -0.3080 80 200 120
4.1054 3.4686 0.1079 80 200 120
3.3400 -0.9566 -0.5424 80 200 120
3.0508 3.5184 -0.9845 80 200 120
4.3139 1.6302 -1.5415 80 200 120
3.9349 2.9634 -1.5542 80 200 120
3.3750 2.1484 -1.4446 80 200 120
1.7455 -0.0577 -0.3481 80 200 120
3.3412 3.5086 0.6600 80 200 120
3.2394 3.1824 -1.2893 80 200 120
3.2627 2.8929 -1.5406 80 200 120
2.8522 3.3222 -1.3485 80 200 120
3.4688 -2.4356 -0.8879 80 200 120
4.8064 -1.1113 1.5785 80 200 120
2.6636 -2.5407 -0.3110 80 200 120
2.7382 3.4762 1.2790 80 200 120
2.5098 0.2460 -0.5157 80 200 120
2.0207 0.1439 -0.3264 80 200 120
4.7161 -3.5821 1.1909 80 200 120
2.9052 0.6953 -0.6625 80 200 120
4.3676 1.7200 -1.5832 80 200 120
2.2513 3.5100 1.2957 80 200 120
4.6670 1.4794 -1.2934 80 200 120
4.9852 -2.3436 0.3821 80 200 120
3.0473 -2.2843 -0.5775 80 200 120
3.3713 0.9312 -1.1582 80 200 120
4.7820 -0.9091 -0.3673 80 200 120
2.3545 -3.5919 1.2954 80 200 120
3.3730 2.1830 -1.4939 80 200 120
2.6467 -2.2960 -0.0221 80 200 120
4.9751 2.0985 1.2544 80 200 120
1.2182 3.5142 0.9741 80 200 120
4.9775 -1.9731 -0.3006 80 200 120
0.5358 3.4879 1.6451 80 200 120
3.0687 -2.4327 -0.0166 80 200 120
3.1161 -2.2910 -0.2417 80 200 120
4.8575 1.5103 0.5252 80 200 120
3.0675 0.1307 -0.3002 80 200 120
1.5630 3.4944 1.5172 80 200 120
2.0719 3.4932 1.0000 80 200 120
4.8236 1.7858 1.5719 80 200 120
5.2546 1.4492 1.2700 80 200 120
3.6377 -2.4673 -0.3373 80 200 120
3.7962 1.2025 -1.5038 80 200 120
4.8612 1.3159 1.5770 80 200 120
4.1326 1.3324 1.7361 80 200 120
4.8807 -2.6833 0.1522 80 200 120
5.0338 2.4743 0.6615 80 200 120
2.6832 0.7483 1.1842 80 200 120
4.8164 1.5297 -1.3490 80 200 120
4.8229 2.7854 -1.3349 80 200 120
2.8525 3.4783 -0.7064 80 200 120
2.6790 0.6508 1.5423 80 200 120
4.7969 -1.2247 -0.2963 80 200 120
0.6804 3.6675 1.4758 80 200 120
4.5505 2.4874 -1.6818 80 200 120
4.8082 2.1858 -1.0773 80 200 120
4.2901 1.6510 -1.5413 80 200 120
3.6786 3.2256 -1.5242 80 200 120
4.9230 2.3423 -0.3691 80 200 120
4.8679 1.2259 -1.5244 80 200 120
1.5777 3.3658 0.1084 80 200 120
4.0622 -2.5001 -0.1058 80 200 120
3.5028 3.4336 -1.4121 80 200 120
2.8857 0.8073 0.1290 80 200 120
-0.2362 3.5473 1.6885 80 200 120
2.4076 0.6024 0.5167 80 200 120
4.4627 1.3976 -1.5748 80 200 120
2.9379 3.5491 0.4771 80 200 120
0.0429 3.5545 1.6954 80 200 120
2.5889 0.7602 0.7160 80 200 120
3.2884 0.2470 0.3598 80 200 120
5.1223 2.8055 -0.9229 80 200 120
2.6929 0.1462 1.7005 80 200 120
1.9561 3.5749 -0.5338 80 200 120
4.9786 1.5878 -0.0597 80 200 120
3.7605 3.5727 1.3099 80 200 120
5.1745 1.1721 1.0678 80 200 120
5.1766 -1.5137 1.3126 80 200 120
4.7198 2.9847 -1.6390 80 200 120
0.8632 3.4964 1.6918 80 200 120
2.8854 3.6188 -0.2021 80 200 120
2.3684 3.5212 0.8640 80 200 120
1.2510 3.4927 0.9732 80 200 120
3.1620 1.7121 1.7619 80 200 120
1.5993 3.4780 1.2584 80 200 120
5.1183 1.5603 -1.4949 80 200 120
3.4686 3.4551 -0.8545 80 200 120
4.8408 2.5278 -1.3673 80 200 120
3.3481 3.5308 0.3682 80 200 120
4.7366 0.9073 0.0672 80 200 120
5.0102 1.4490 0.2062 80 200 120
4.9347 1.0623 1.7513 80 200 120
3.2345 -0.3523 1.6687 80 200 120
2.3713 0.7708 1.5841 80 200 120
3.7258 1.1191 1.6962 80 200 120
4.9213 -0.9188 -0.3826 80 200 120
4.9169 -0.9854 0.1652 80 200 120
3.2452 3.5102 0.9331 80 200 120
1.2707 3.4854 1.4620 80 200 120
0.6774 3.4442 1.3825 80 200 120
1.0104 2.1813 1.7378 80 200 120
0.2337 3.3994 1.6734 80 200 120
4.8352 3.0570 -0.0749 80 200 120
4.7249 0.8289 1.4079 80 200 120
4.2240 3.5518 0.4321 80 200 120
2.5857 0.7529 0.5648 80 200 120
3.9828 3.4522 0.8186 80 200 120
2.8299 3.4595 1.6451 80 200 120
3.1613 0.6697 1.4315 80 200 120
5.2333 0.6451 -0.3769 80 200 120
0.3428 2.8710 1.5925 80 200 120
4.9471 2.2719 -1.5057 80 200 120
5.0760 1.7259 -1.0951 80 200 120
4.9359 0.7106 1.7622 80 200 120
5.0374 1.9896 -0.3765 80 200 120
3.9365 3.3454 -0.7845 80 200 120
4.9129 1.5402 0.9380 80 200 120
4.9388 0.7248 -0.6510 80 200 120
0.8732 2.4113 1.6743 80 200 120
1.3575 3.4832 1.1625 80 200 120
4.7297 3.0445 -1.5831 80 200 120
1.0873 3.4021 1.6390 80 200 120
-0.1439 3.4600 1.3342 80 200 120
3.4721 3.5110 -0.4196 80 200 120
5.9995 1.2114 0.2570 80 200 120
4.4374 3.5055 -1.4953 80 200 120
4.7541 3.3561 -1.0057 80 200 120
3.7540 3.4864 -0.0417 80 200 120
-0.0603 2.2671 1.6595 80 200 120
3.1465 3.5010 1.4074 80 200 120
4.8702 2.8624 -1.5116 80 200 120
2.3140 0.6144 1.6280 80 200 120
3.6236 3.4564 0.7013 80 200 120
2.4455 3.5185 0.3965 80 200 120
4.6342 2.3827 1.7468 80 200 120
5.0651 3.2723 0.8196 80 200 120
4.7978 3.4919 1.0655 80 200 120
-0.9405 3.5188 1.6690 80 200 120
3.7634 0.4768 1.7539 80 200 120
3.1234 3.5269 0.1665 80 200 120
5.0104 3.4240 1.3650 80 200 120
2.4192 0.4540 1.2074 80 200 120
4.9252 3.3960 1.7046 80 200 120
3.0401 0.6762 1.6608 80 200 120
5.0527 2.8198 -0.2151 80 200 120
1.5549 2.6369 1.6891 80 200 120
4.9509 2.2332 -0.0418 80 200 120
4.7480 0.4904 0.0729 80 200 120
2.9251 3.4995 0.9876 80 200 120
-0.1862 3.5053 1.3383 80 200 120
4.8842 3.3625 -0.4637 80 200 120
4.9958 3.0954 -0.1238 80 200 120
4.8204 1.9176 -0.3271 80 200 120
4.7575 1.6064 1.7802 80 200 120
1.2627 2.6193 1.6415 80 200 120
4.8537 1.4051 0.1230 80 200 120
1.7914 3.4667 1.6632 80 200 120
0.7234 3.0597 1.6746 80 200 120
-0.0391 3.3296 1.5918 80 200 120
5.3864 0.6446 -0.4097 80 200 120
4.5155 3.5660 0.8150 80 200 120
2.3278 0.8708 0.4085 80 200 120
5.0833 1.0969 0.6400 80 200 120
2.6476 2.5976 1.6581 80 200 120
3.9976 1.6712 1.7001 80 200 120
2.3633 0.7409 1.6110 80 200 120
3.3811 3.4773 0.2834 80 200 120
1.2056 1.8226 1.6734 80 200 120
2.4403 3.4869 0.4657 80 200 120
3.3356 3.3983 -0.2079 80 200 120
4.1574 3.4659 1.6688 80 200 120
1.0546 3.3575 0.9223 80 200 120
1.6473 2.8296 1.6500 80 200 120
4.9946 2.5111 0.0212 80 200 120
-0.8494 3.4187 1.5960 80 200 120
4.8899 1.6004 0.3052 80 200 120
3.9067 3.4219 -0.3738 80 200 120
3.1588 3.4101 1.6843 80 200 120
2.5648 3.4521 1.4876 80 200 120
3.1230 2.4289 1.6960 80 200 120
3.6461 3.3999 1.6006 80 200 120
3.1585 3.4279 -0.0692 80 200 120
4.4605 0.0691 1.8471 80 200 120
3.2283 0.5166 1.5769 80 200 120
0.4085 1.7520 1.7436 80 200 120
4.9898 1.6920 -0.4790 80 200 120
4.1907 0.4115 1.7138 80 200 120
4.7463 0.5190 1.5532 80 200 120
2.4859 0.7447 1.3971 80 200 120
3.0293 3.4599 0.6134 80 200 120
5.0079 2.4451 1.1645 80 200 120
0.2369 1.9433 1.6566 80 200 120
4.8643 2.0537 0.8018 80 200 120
5.0205 3.1053 -0.1267 80 200 120
2.5479 3.4842 1.0415 80 200 120
4.9015 1.6024 0.3087 80 200 120
5.2181 0.4984 1.2885 80 200 120
3.6466 3.3885 -0.4620 80 200 120
-0.9534 3.4896 1.6258 80 200 120
2.3007 0.5988 1.4385 80 200 120
5.1499 3.0138 0.7238 80 200 120
2.5206 0.7402 1.2456 80 200 120
2.7176 3.5150 0.4385 80 200 120
4.9467 2.2522 1.6442 80 200 120
4.2648 3.5704 1.3997 80 200 120
4.9832 2.9550 1.6892 80 200 120
4.5052 3.5321 0.8012 80 200 120
0.8964 2.2997 1.5829 80 200 120
2.4287 3.3666 1.2025 80 200 120
4.7317 3.4616 -0.1052 80 200 120
4.9565 3.3214 0.3059 80 200 120
4.9491 2.5661 1.6025 80 200 120
5.1615 0.9498 1.0607 80 200 120
3.3651 3.4098 1.6017 80 200 120
4.7287 3.6275 0.5508 80 200 120
2.1875 3.3260 1.6403 80 200 120
1.2779 3.3080 0.9074 80 200 120
3.9903 3.5861 -0.4221 80 200 120
4.6808 3.2150 -1.0144 80 200 120
5.0318 2.5679 0.5897 80 200 120
4.9242 3.4123 -0.3208 80 200 120
4.9936 3.5913 -0.7133 80 200 120
5.0544 2.2567 0.0088 80 200 120
3.5656 2.8265 1.6741 80 200 120
4.9574 1.3104 1.6273 80 200 120
5.0059 -1.6708 1.6320 80 200 120
0.0289 2.6716 1.2587 80 200 120
4.9712 -1.4370 1.3358 80 200 120
4.9934 -0.7809 1.6653 80 200 120
5.0803 1.6834 0.2975 80 200 120
4.7950 3.4800 1.0267 80 200 120
5.0686 -0.4365 1.7074 80 200 120
5.0387 2.1043 0.8024 80 200 120
5.3670 -0.1334 1.0319 80 200 120
5.0746 2.1366 1.3745 80 200 120
3.2365 3.4557 0.6482 80 200 120
4.9938 1.4298 0.1542 80 200 120
2.3471 3.4372 1.3373 80 200 120
2.0701 3.3540 0.9252 80 200 120
5.0137 1.3741 1.1990 80 200 120
5.0212 -0.9103 1.4210 80 200 120
5.1010 0.5057 1.2401 80 200 120
5.0380 -1.3380 1.7236 80 200 120
5.0302 1.4835 0.6425 80 200 120
4.9853 1.9731 0.1886 80 200 120
5.2934 -0.7096 0.8387 80 200 120
4.9246 1.7547 1.6919 80 200 120
4.8172 1.0572 1.6908 80 200 120
3.7157 1.5716 1.7109 80 200 120
2.4154 3.4723 0.4508 80 200 120
4.0212 1.3209 1.7109 80 200 120
3.9799 1.6997 1.6871 80 200 120
3.7857 3.5190 0.4182 80 200 120
3.6932 1.1275 1.6918 80 200 120
4.4508 3.5648 0.1873 80 200 120
5.0602 1.1563 1.0418 80 200 120
4.8698 0.7099 1.7053 80 200 120
4.5442 2.4151 1.7283 80 200 120
5.0598 0.6555 0.4130 80 200 120
5.0396 1.1192 0.6188 80 200 120
5.0264 0.4958 0.5003 80 200 120
5.0446 0.7972 1.5034 80 200 120
3.3264 -0.4912 1.7945 80 200 120
5.0674 -2.2923 1.7347 80 200 120
3.1752 3.5474 -0.1335 80 200 120
5.1105 1.1247 1.5483 80 200 120
4.9641 0.4851 1.6971 80 200 120
3.6745 3.4481 -0.4359 80 200 120
4.9852 3.4800 -0.3499 80 200 120
5.0145 0.6641 0.7109 80 200 120
4.1843 3.8452 -1.0535 80 200 120
5.0604 2.0570 1.0612 80 200 120
4.8608 2.5889 -0.7648 80 200 120
4.6778 0.1203 0.0010 80 200 120
4.3293 3.2646 1.5159 80 200 120
5.0203 -1.6965 1.6656 80 200 120
4.9800 -0.6643 1.7206 80 200 120
4.9892 -2.2479 1.7125 80 200 120
4.9695 -1.4600 1.2886 80 200 120
3.7449 3.4034 1.3887 80 200 120
3.2607 3.3854 0.3664 80 200 120
4.9839 -1.3214 1.7130 80 200 120
5.0149 1.5564 0.9181 80 200 120
3.7109 3.6613 0.7256 80 200 120
4.3502 3.6082 1.3202 80 200 120
4.9840 0.3451 1.6943 80 200 120
5.0269 -0.5930 0.7096 80 200 120
4.1091 3.8198 0.8758 80 200 120
5.0016 -0.8355 1.4177 80 200 120
4.5375 2.4233 1.7615 80 200 120
4.9777 -0.4087 1.6571 80 200 120
5.0220 2.0206 0.1318 80 200 120
5.0129 0.0012 1.2534 80 200 120
3.7846 3.4671 0.4296 80 200 120
5.0141 0.4516 0.4630 80 200 120
4.3564 2.5790 1.6628 80 200 120
4.6618 3.4948 1.4032 80 200 120
4.1557 3.6436 0.0436 80 200 120
5.0236 0.5542 1.1666 80 200 120
4.6903 -0.2001 0.4284 80 200 120
3.0613 0.0418 1.7230 80 200 120
3.2257 -0.2554 1.7649 80 200 120
3.6997 -1.2190 1.7823 80 200 120
3.9612 1.3306 1.7807 80 200 120
5.0374 2.5860 -0.2918 80 200 120
4.9783 0.8919 0.4578 80 200 120
5.0768 0.4693 1.5351 80 200 120
4.3790 -0.1614 1.7504 80 200 120
4.7935 3.7471 -0.0027 80 200 120
3.6615 -0.4573 1.8136 80 200 120
5.1273 3.2566 0.4366 80 200 120
4.9848 2.3808 0.7391 80 200 120
5.0012 0.8466 0.6588 80 200 120
4.6075 0.0445 1.7538 80 200 120
4.9343 -1.1939 1.1626 80 200 120
4.2763 0.1795 1.8057 80 200 120
5.0317 0.9490 1.0186 80 200 120
3.9072 0.2383 1.7348 80 200 120
5.0253 0.6234 0.9562 80 200 120
5.0135 1.8989 0.4500 80 200 120
5.0377 1.0034 1.2866 80 200 120
5.0412 2.9590 -0.2763 80 200 120
2.5771 0.5408 1.5085 80 200 120
4.0736 3.6620 -0.4561 80 200 120
2.6131 3.1736 1.4935 80 200 120
3.2890 3.5092 1.6781 80 200 120
5.0217 -1.0080 1.1768 80 200 120
3.0716 3.4714 1.3961 80 200 120
3.5769 3.4290 1.7056 80 200 120
4.9743 -0.6471 0.9595 80 200 120
3.9738 -0.9347 1.7867 80 200 120
4.5751 1.0636 1.7506 80 200 120
2.5475 2.6000 1.7176 80 200 120
2.9832 1.9148 1.6818 80 200 120
4.9625 -0.8926 1.6547 80 200 120
2.7988 3.2874 1.2497 80 200 120
5.0526 -1.4405 0.7212 80 200 120
5.1853 -1.8631 0.9630 80 200 120
2.8942 3.2035 1.5704 80 200 120
5.1137 2.4846 -0.5163 80 200 120
3.2371 3.6222 0.6535 80 200 120
3.0015 3.5082 0.5219 80 200 120
2.3526 2.9118 1.3683 80 200 120
4.5654 3.6671 -0.6027 80 200 120
3.7015 3.5368 -0.4637 80 200 120
3.1406 3.2034 0.8276 80 200 120
5.0220 1.2826 0.4878 80 200 120
2.1696 3.5012 1.2128 80 200 120
3.5221 1.2297 1.7640 80 200 120
4.9271 1.4105 0.1136 80 200 120
5.2162 2.6355 -0.9389 80 200 120
3.1428 3.4941 -0.1133 80 200 120
5.0047 2.8169 0.0995 80 200 120
3.4490 -0.1612 1.7694 80 200 120
5.0161 -0.0547 1.0327 80 200 120
5.0023 1.0852 0.6013 80 200 120
4.6713 -1.3340 1.7879 80 200 120
4.0800 3.7474 1.3514 80 200 120
3.4422 3.7349 -0.0069 80 200 120
5.0693 -3.0000 1.7802 80 200 120
4.0099 3.4594 -0.4323 80 200 120
5.1012 2.3686 -0.0621 80 200 120
2.5066 0.7679 1.2363 80 200 120
4.0924 3.6384 -0.9788 80 200 120
2.2180 3.8729 -0.2183 80 200 120
4.9158 1.6659 -0.4833 80 200 120
3.2913 3.5046 0.3649 80 200 120
2.5249 0.4512 1.6363 80 200 120
4.9520 1.4770 -0.3390 80 200 120
3.0527 3.5172 0.1554 80 200 120
3.6388 3.5167 0.1991 80 200 120
4.7351 3.5339 -1.2382 80 200 120
5.0269 2.3502 -0.7017 80 200 120
5.0084 -1.0745 0.8515 80 200 120
5.0392 -0.4576 0.3151 80 200 120
5.0996 2.6073 -0.4544 80 200 120
5.0790 -1.3009 0.3952 80 200 120
2.5650 0.6608 0.3519 80 200 120
3.1722 3.5968 -0.1050 80 200 120
5.0067 1.7110 -0.5001 80 200 120
3.5071 3.6728 -1.0038 80 200 120
4.7249 3.2925 -1.4887 80 200 120
3.3817 3.6895 -0.6230 80 200 120
2.3774 2.2281 0.8575 80 200 120
4.9771 -0.4868 0.8795 80 200 120
4.2206 3.3520 -1.1122 80 200 120
4.9394 2.2060 -1.1280 80 200 120
2.8409 3.5658 -0.8117 80 200 120
2.0483 3.1756 -0.3213 80 200 120
4.6696 3.4348 -1.1893 80 200 120
4.9964 -1.6869 1.6186 80 200 120
2.3727 0.4243 1.2075 80 200 120
5.0148 -3.0770 1.7481 80 200 120
4.9754 -2.1862 1.6894 80 200 120
5.0006 -1.5297 1.3818 80 200 120
4.0232 3.4910 -0.9056 80 200 120
2.2533 1.5487 0.4148 80 200 120
3.8760 3.8269 -1.1916 80 200 120
4.9749 -2.4636 1.1386 80 200 120
4.9045 -3.4661 1.6759 80 200 120
4.9869 -1.1504 0.1071 80 200 120
3.6875 2.3191 1.5982 80 200 120
5.0094 0.9357 -0.0588 80 200 120
5.3217 3.1747 -1.0305 80 200 120
4.7989 3.6636 -1.2920 80 200 120
3.7972 3.5702 -1.1382 80 200 120
2.6878 3.9454 1.4838 80 200 120
4.8571 2.5609 -1.5097 80 200 120
5.1262 2.4664 -0.7346 80 200 120
4.1296 3.6450 0.0501 80 200 120
3.6881 3.5106 -0.4607 80 200 120
5.0634 -2.1608 0.9933 80 200 120
3.3022 3.6149 0.3796 80 200 120
5.0507 -2.0464 0.6824 80 200 120
2.5353 0.7678 0.5080 80 200 120
2.5182 0.8477 0.2270 80 200 120
3.4952 3.6253 -0.9627 80 200 120
2.1932 2.6567 0.7381 80 200 120
4.9891 3.1072 -1.5101 80 200 120
4.9418 1.8546 -0.9102 80 200 120
2.6151 1.0772 0.6292 80 200 120
2.6404 0.9304 0.4197 80 200 120
2.7939 3.4327 -1.0571 80 200 120
3.1625 2.8730 -0.4584 80 200 120
3.8662 3.8329 -1.2257 80 200 120
4.8907 2.0642 -1.4461 80 200 120
3.9710 3.3326 -0.8698 80 200 120
4.7865 2.0343 -1.0548 80 200 120
5.1714 3.0816 -1.0145 80 200 120
2.2261 0.5259 0.4107 80 200 120
2.5163 0.4507 1.7005 80 200 120
4.3021 3.2361 -1.4237 80 200 120
4.2484 4.0743 -1.7841 80 200 120
2.2823 0.4594 0.4766 80 200 120
4.9128 -2.2188 1.6669 80 200 120
5.0459 2.0398 0.1609 80 200 120
2.5215 0.9204 1.4449 80 200 120
3.0533 3.3931 -0.9894 80 200 120
-0.8264 3.4121 1.2698 80 200 120
0.0715 2.0720 1.8688 80 200 120
2.4017 3.4266 0.3436 80 200 120
5.0193 -3.1364 1.7609 80 200 120
5.0152 3.6648 -0.7199 80 200 120
5.0145 -2.5412 1.0513 80 200 120
4.9835 0.0839 1.7405 80 200 120
5.0042 -2.0968 0.9767 80 200 120
2.6009 1.0380 0.3154 80 200 120
3.7123 3.4679 -1.7128 80 200 120
4.6988 2.9952 -1.4176 80 200 120
5.0378 2.0629 -1.6160 80 200 120
4.8393 2.4601 -1.5007 80 200 120
3.5107 3.6625 -1.0171 80 200 120
-0.1578 3.4378 1.2172 80 200 120
-0.7660 1.8765 1.8822 80 200 120
2.0302 0.8305 0.5623 80 200 120
4.6989 3.4727 -1.2231 80 200 120
3.8021 3.5319 -1.0996 80 200 120
3.1135 2.0795 -0.1382 80 200 120
4.8069 1.9661 -1.0523 80 200 120
2.5437 0.7183 1.0312 80 200 120
3.0330 3.4406 -1.1695 80 200 120
-0.9687 3.9285 1.8432 80 200 120
2.3839 0.4539 1.2056 80 200 120
2.8359 3.2793 -0.7108 80 200 120
1.1320 1.9627 1.7616 80 200 120
5.0134 1.6111 -0.0634 80 200 120
4.9796 -2.8641 1.7212 80 200 120
5.0782 1.5997 -1.5565 80 200 120
-1.8566 3.5078 2.1190 80 200 120
3.6700 -1.2673 1.7638 80 200 120
2.3445 1.4822 0.3143 80 200 120
4.9951 -0.6459 0.3424 80 200 120
4.0122 3.4552 -1.4491 80 200 120
0.1076 1.1833 1.7700 80 200 120
5.0296 -2.5252 1.0407 80 200 120
5.0340 -2.7508 0.8516 80 200 120
5.0610 -0.5958 0.0747 80 200 120
2.5665 0.7383 0.8466 80 200 120
2.3801 1.9934 0.1655 80 200 120
2.1933 2.1478 -0.4430 80 200 120
4.9801 0.5411 -0.2949 80 200 120
4.1354 3.4824 0.4479 80 200 120
-2.2482 4.1697 2.2784 80 200 120
4.3303 3.4159 -1.4624 80 200 120
3.4536 3.6735 -1.5943 80 200 120
4.9979 -1.9983 0.6537 80 200 120
4.9448 1.6719 -1.7663 80 200 120
4.9766 -3.3407 1.3249 80 200 120
2.0109 0.9302 0.8277 80 200 120
4.9026 3.7315 -1.0982 80 200 120
2.3664 1.7456 -0.2177 80 200 120
0.6944 3.3513 0.1745 80 200 120
3.4299 2.6025 -1.6738 80 200 120
4.9362 -3.4032 1.6496 80 200 120
4.9752 1.2065 -1.5471 80 200 120
5.0709 -3.3072 1.0681 80 200 120
2.8104 0.2402 -0.3339 80 200 120
3.5442 1.8560 -1.5080 80 200 120
4.7931 0.4083 -1.4455 80 200 120
2.9592 0.2714 -0.4012 80 200 120
3.5418 3.8265 -1.5957 80 200 120
5.0935 0.8950 -1.5622 80 200 120
-1.8233 3.9351 1.6026 80 200 120
4.2692 3.2084 -1.4217 80 200 120
4.7477 1.1872 -1.6951 80 200 120
4.8961 3.0279 0.7520 80 200 120
4.6122 2.6150 1.0447 80 200 120
-0.1248 1.0524 1.5242 80 200 120
3.9654 3.3262 -1.3982 80 200 120
4.9711 -1.1931 0.3634 80 200 120
5.0168 -2.4927 1.1500 80 200 120
2.4153 0.4115 1.1681 80 200 120
2.4416 0.5406 1.8264 80 200 120
2.6095 0.6456 1.2856 80 200 120
4.5163 1.4995 -1.6271 80 200 120
0.1086 1.2504 1.6729 80 200 120
5.0272 -2.0984 0.9762 80 200 120
4.6208 2.8817 1.4685 80 200 120
-0.8032 3.6763 0.6209 80 200 120
-0.4482 3.5663 0.3700 80 200 120
3.1815 2.3196 -1.6481 80 200 120
3.8541 1.0807 -1.5567 80 200 120
5.0567 -2.0243 0.6736 80 200 120
-0.1792 3.8836 1.8639 80 200 120
4.9777 -3.4845 1.7169 80 200 120
3.3805 3.7176 -1.6128 80 200 120
5.0306 -3.2882 1.0437 80 200 120
5.0070 -2.8931 1.7812 80 200 120
4.1437 3.8238 1.7942 80 200 120
2.9548 -0.0841 -0.3431 80 200 120
2.7100 0.0948 -0.3265 80 200 120
4.8824 0.1502 -1.4959 80 200 120
4.8950 0.3524 -1.5387 80 200 120
-0.6398 4.1007 1.4228 80 200 120
4.2251 3.0461 -1.3832 80 200 120
2.3604 0.5578 1.2994 80 200 120
5.0172 -3.4507 1.3626 80 200 120
4.6402 1.8940 0.7947 80 200 120
-1.7236 4.2009 0.9415 80 200 120
5.0493 -2.7670 0.8528 80 200 120
-0.5696 2.3392 1.7457 80 200 120
4.4621 2.5223 -1.6510 80 200 120
2.9450 -0.2328 -0.4001 80 200 120
2.5211 0.5664 1.4430 80 200 120
1.7940 1.5881 0.8800 80 200 120
-1.4332 3.7682 1.5295 80 200 120
4.1616 1.0760 0.1404 80 200 120
4.9267 1.9721 -1.4790 80 200 120
3.4159 2.8587 -1.3848 80 200 120
3.2099 2.5754 -1.6377 80 200 120
4.8318 1.6153 -1.7584 80 200 120
1.0388 3.4149 0.9545 80 200 120
1.7064 0.7858 1.7298 80 200 120
4.4516 1.5008 -1.6394 80 200 120
3.2922 0.4508 1.7014 80 200 120
5.0304 0.8531 -1.5400 80 200 120
5.0416 -0.6030 0.0501 80 200 120
4.3287 3.2650 -1.4826 80 200 120
0.3227 3.9261 1.5121 80 200 120
4.9879 -3.2459 1.0298 80 200 120
4.8425 2.2094 1.5694 80 200 120
4.8077 2.7170 1.5527 80 200 120
4.5490 3.9289 0.8358 80 200 120
4.8682 2.5761 1.5359 80 200 120
2.9878 1.5131 -0.8196 80 200 120
-2.3515 3.9481 1.7670 80 200 120
-1.1876 3.9240 1.1181 80 200 120
4.9992 0.6482 -0.3323 80 200 120
-0.3700 3.7504 1.3738 80 200 120
2.9441 0.1487 -0.4492 80 200 120
2.7282 -0.1732 -0.3465 80 200 120
2.9226 -0.2797 -0.3276 80 200 120
3.5013 1.0632 -1.5555 80 200 120
4.1198 1.5686 -1.5705 80 200 120
4.9111 -0.5982 0.6156 80 200 120
4.6541 3.5433 0.5129 80 200 120
-0.4313 3.4893 0.3702 80 200 120
4.8823 0.0040 -1.5123 80 200 120
3.9920 3.4410 -1.4740 80 200 120
-1.1467 1.7386 2.0116 80 200 120
2.9810 2.9899 -1.4617 80 200 120
2.9940 1.9902 -1.6978 80 200 120
4.8325 0.5745 -1.4935 80 200 120
4.9627 -1.9973 0.6255 80 200 120
-1.3612 2.9406 1.8803 80 200 120
4.9359 1.3878 1.6307 80 200 120
4.9277 1.5106 0.2830 80 200 120
4.7586 3.5399 1.0105 80 200 120
5.0712 2.2216 1.3612 80 200 120
5.1772 1.6619 1.3967 80 200 120
5.0688 1.5729 0.7253 80 200 120
4.8920 1.8371 1.7333 80 200 120
3.6347 1.3917 1.5716 80 200 120
5.1059 1.2427 1.1209 80 200 120
4.8143 0.7344 1.7040 80 200 120
4.9504 0.5880 0.3975 80 200 120
4.9506 0.7673 1.4049 80 200 120
4.9295 -3.3223 1.2967 80 200 120
4.9751 -3.2377 1.0658 80 200 120
4.9846 -2.4008 0.6179 80 200 120
-0.6460 1.8493 1.7862 80 200 120
5.0043 1.0440 1.4488 80 200 120
4.5996 2.7030 -0.3551 80 200 120
4.9413 0.6417 0.6982 80 200 120
1.0086 -0.1910 1.7059 80 200 120
4.8288 -0.0554 -1.4607 80 200 120
-0.4904 2.6094 1.6878 80 200 120
4.7548 0.1954 -1.4444 80 200 120
5.0396 2.0738 1.0535 80 200 120
-2.6916 4.2528 1.8987 80 200 120
-1.5946 4.0568 0.9171 80 200 120
4.4018 3.6871 1.6505 80 200 120
4.7908 -0.7004 1.5444 80 200 120
3.7390 3.6019 1.4297 80 200 120
4.8205 -1.3018 1.5704 80 200 120
5.0361 1.5999 0.9185 80 200 120
3.6529 3.3611 0.7143 80 200 120
4.3100 3.5850 1.2676 80 200 120
4.8540 0.3015 1.5569 80 200 120
4.8793 -0.8532 1.3184 80 200 120
4.4922 2.4099 1.7554 80 200 120
4.8255 -0.4304 1.5111 80 200 120
4.8574 -0.0693 1.1364 80 200 120
3.7872 3.5744 0.4743 80 200 120
4.9013 0.3842 0.4501 80 200 120
4.3803 2.7503 1.7725 80 200 120
4.6250 3.4957 1.3729 80 200 120
5.0309 0.5964 1.1949 80 200 120
3.8932 1.2519 1.7677 80 200 120
5.0106 0.9569 0.5428 80 200 120
4.9612 0.4216 1.4064 80 200 120
4.3282 -0.1940 1.7260 80 200 120
4.4772 3.0365 -0.0583 80 200 120
3.7577 0.3492 -0.1717 80 200 120
4.3361 1.2017 0.3116 80 200 120
4.9879 0.8849 0.6749 80 200 120
4.5100 -0.0071 1.7015 80 200 120
4.1740 0.0820 1.6974 80 200 120
5.0455 0.9786 1.0660 80 200 120
3.8453 0.1767 1.6490 80 200 120
4.9550 0.5828 0.9622 80 200 120
4.9412 1.8686 0.4318 80 200 120
5.0824 1.0771 1.3321 80 200 120
4.1327 1.1659 -0.3543 80 200 120
3.2685 3.4241 1.6027 80 200 120
4.9234 -1.0423 1.1503 80 200 120
3.0340 2.9173 1.1719 80 200 120
3.5723 3.5018 1.7105 80 200 120
4.4832 0.9938 1.6806 80 200 120
2.9387 1.3943 1.3963 80 200 120
4.8587 -0.8956 1.5730 80 200 120
3.1463 1.6537 -0.3822 80 200 120
4.8410 -0.0131 -1.4619 80 200 120
4.9982 -3.1974 1.8542 80 200 120
3.0019 0.7141 -1.2361 80 200 120
4.7675 -0.4609 -1.4237 80 200 120
4.8698 -0.6563 -1.4943 80 200 120
0.0495 0.1708 1.6912 80 200 120
4.9286 -1.4581 0.7016 80 200 120
2.8382 2.4741 1.2548 80 200 120
3.2136 3.5728 0.6288 80 200 120
3.1088 3.3771 0.8824 80 200 120
5.0550 1.3319 0.5771 80 200 120
3.4727 1.1359 1.6913 80 200 120
3.6999 0.2052 -0.2497 80 200 120
3.4152 -0.2438 1.6852 80 200 120
4.8607 -0.1492 0.9485 80 200 120
5.0383 1.1397 0.6829 80 200 120
4.6588 -1.3038 1.8202 80 200 120
4.0105 3.5257 1.3027 80 200 120
-1.6703 3.7983 1.5215 80 200 120
-1.0173 3.6648 1.0787 80 200 120
0.9746 2.5685 0.1211 80 200 120
5.0039 -2.6191 0.0078 80 200 120
4.5704 1.8272 -1.7601 80 200 120
4.8318 1.7304 -1.7514 80 200 120
3.6353 1.8198 -0.4467 80 200 120
3.6274 -0.2270 -0.3283 80 200 120
4.9765 -0.2499 -1.5646 80 200 120
5.0242 0.2759 -1.5668 80 200 120
-0.4555 1.0663 1.9060 80 200 120
3.6933 -3.5757 1.6464 80 200 120
-0.0948 1.3137 1.7616 80 200 120
3.5439 1.1435 -1.5927 80 200 120
5.0673 -0.7743 -1.6330 80 200 120
3.5850 3.0252 0.1358 80 200 120
4.9085 -1.0858 0.7877 80 200 120
3.8870 0.3579 -0.4485 80 200 120
-0.2233 3.1325 0.3174 80 200 120
3.0367 0.6224 -1.2020 80 200 120
4.9931 -0.5994 -1.5965 80 200 120
4.7594 0.3438 -1.7443 80 200 120
4.8303 1.4508 -0.4450 80 200 120
0.9061 -0.0796 1.8475 80 200 120
-0.5803 4.0263 1.3986 80 200 120
4.9214 -0.5021 0.8460 80 200 120
4.2028 -3.4483 1.7681 80 200 120
5.0240 -0.9654 -0.3193 80 200 120
4.8452 -2.5485 -0.0297 80 200 120
2.2091 0.4898 0.8409 80 200 120
3.8444 -2.5961 0.0364 80 200 120
4.9101 -1.6618 1.5390 80 200 120
4.8589 -1.5367 1.2692 80 200 120
-0.0228 2.8060 0.2731 80 200 120
3.8936 -2.4737 -0.0342 80 200 120
4.8501 -2.4945 1.6557 80 200 120
3.6930 -3.6070 1.6609 80 200 120
3.7069 2.5949 1.7553 80 200 120
4.9663 0.8981 -0.0316 80 200 120
5.0137 -1.6005 -1.5738 80 200 120
4.9298 -0.5959 -1.5135 80 200 120
2.6330 1.6407 -0.0766 80 200 120
2.7046 1.3829 0.6138 80 200 120
4.4052 1.2073 -0.6179 80 200 120
3.5286 1.3734 -0.1704 80 200 120
3.2840 3.3539 0.3339 80 200 120
3.8598 -2.5825 0.0413 80 200 120
4.8609 3.6236 -2.1747 80 200 120
3.5749 1.3849 -1.6775 80 200 120
4.7187 -1.3953 -1.4348 80 200 120
0.9504 -0.1527 1.7532 80 200 120
-0.1283 1.3205 1.7518 80 200 120
2.5000 0.8642 0.5670 80 200 120
2.5764 1.2760 0.7516 80 200 120
2.5954 1.1409 0.5208 80 200 120
3.1199 1.6289 -0.1679 80 200 120
3.5863 -0.0204 -0.6606 80 200 120
4.8836 -2.1884 1.6750 80 200 120
4.9438 1.9409 0.1973 80 200 120
3.8326 -2.5393 0.0222 80 200 120
3.9366 -2.7175 0.2071 80 200 120
2.0355 1.2251 -0.1364 80 200 120
4.0825 -2.9883 0.4741 80 200 120
-0.2324 2.5340 2.1150 80 200 120
4.5424 2.6496 -0.6586 80 200 120
5.0043 0.2608 1.7650 80 200 120
2.5556 1.1282 0.3484 80 200 120
5.2418 -2.3418 -1.6727 80 200 120
0.1559 0.0725 1.5730 80 200 120
5.2153 4.4241 -1.6634 80 200 120
5.0117 2.9000 -1.5787 80 200 120
3.3140 1.2390 -0.8549 80 200 120
3.9055 0.3699 -0.7936 80 200 120
2.5361 0.5692 0.9473 80 200 120
0.6934 2.9669 2.3162 80 200 120
4.9083 1.4978 -0.0311 80 200 120
2.3169 0.3923 0.4861 80 200 120
4.9143 -1.1233 0.0898 80 200 120
4.6109 -0.9231 -1.4022 80 200 120
3.0109 -3.0443 0.5276 80 200 120
5.0292 -0.5885 0.3561 80 200 120
4.2759 0.3862 -1.7884 80 200 120
5.0554 -1.5973 -1.6125 80 200 120
4.9106 -1.4993 1.2217 80 200 120
2.9952 -0.2852 -0.8645 80 200 120
3.7081 -2.4698 -0.0684 80 200 120
3.8649 -2.4509 -0.1452 80 200 120
2.0213 1.6079 -0.1101 80 200 120
4.8331 -1.4670 -1.6140 80 200 120
2.5369 0.6101 0.7869 80 200 120
3.7125 -2.4018 -0.2925 80 200 120
5.1961 1.9035 -1.5942 80 200 120
4.9635 -0.2038 -0.0911 80 200 120
4.1775 3.7890 0.4707 80 200 120
6.0886 -2.9071 -2.1239 80 200 120
4.9638 1.0790 -1.4687 80 200 120
4.9489 -0.5901 -1.5854 80 200 120
1.1184 3.5297 0.8169 80 200 120
4.7887 -0.2208 -1.4821 80 200 120
5.0778 -1.8897 -1.6521 80 200 120
3.2379 -2.2491 -0.5485 80 200 120
5.3969 -0.0707 -1.9772 80 200 120
1.7910 1.3919 1.0042 80 200 120
3.7178 1.4807 -0.7798 80 200 120
4.3428 2.5335 -1.2256 80 200 120
0.1560 3.9276 1.7108 80 200 120
1.6126 1.2124 1.5423 80 200 120
0.8432 2.1717 1.5709 80 200 120
0.1610 2.1719 1.7799 80 200 120
5.9051 -2.1485 -2.0180 80 200 120
5.0096 2.8383 -1.5066 80 200 120
6.1456 -0.8175 -2.1210 80 200 120
4.0599 -3.3394 0.9791 80 200 120
4.6931 -1.6506 -1.4480 80 200 120
4.7633 -0.4648 -1.4792 80 200 120
5.0134 -3.3629 1.4167 80 200 120
3.6621 -2.4436 -0.0892 80 200 120
3.8333 -2.6080 0.0860 80 200 120
3.9820 -3.0536 0.5065 80 200 120
5.0050 -1.8634 1.9939 80 200 120
11.2043 -0.1450 -4.6084 80 200 120
4.9271 3.2047 0.8735 80 200 120
4.7931 3.1955 1.2629 80 200 120
4.6099 2.3488 0.2971 80 200 120
5.0516 -1.1269 0.3979 80 200 120
5.0083 -2.4707 1.1467 80 200 120
2.4044 0.5657 1.7831 80 200 120
2.5613 0.5527 1.2606 80 200 120
4.9942 -2.0583 0.9513 80 200 120
4.8595 -0.6511 -1.5473 80 200 120
5.0001 -2.2303 1.7305 80 200 120
4.5999 -1.0003 -1.3916 80 200 120
4.9056 -2.1578 -0.3458 80 200 120
4.9766 0.1573 -0.5011 80 200 120
4.6113 3.0532 1.5370 80 200 120
4.9784 -3.4536 1.7056 80 200 120
4.8790 -2.8686 1.6799 80 200 120
4.8650 -1.9355 1.8973 80 200 120
3.6190 -2.4358 -0.0973 80 200 120
3.4633 -2.7013 0.1551 80 200 120
4.6286 -3.8361 1.4832 80 200 120
4.7504 0.0422 -1.4458 80 200 120
3.5965 -2.5050 0.0151 80 200 120
0.8374 2.2965 1.6772 80 200 120
3.9120 3.2386 1.5388 80 200 120
2.3463 0.5109 1.2621 80 200 120
3.5655 0.4286 1.7985 80 200 120
4.9956 -1.1442 -0.5282 80 200 120
3.6336 -2.3778 -0.2203 80 200 120
4.8759 1.7181 -1.6987 80 200 120
4.7130 0.9454 -1.5080 80 200 120
5.0368 -1.8695 -0.9968 80 200 120
3.6548 -1.1302 1.8257 80 200 120
4.7319 2.0768 -0.4956 80 200 120
4.9076 2.4769 1.1190 80 200 120
4.9459 2.4161 0.7940 80 200 120
5.0461 -2.7553 0.8489 80 200 120
2.4922 0.5569 1.4423 80 200 120
3.2230 -2.2559 -0.3697 80 200 120
1.7117 0.6316 1.5828 80 200 120
3.0475 -2.1948 -0.4774 80 200 120
2.8081 -2.1152 -0.5254 80 200 120
4.6448 -0.7469 -1.4585 80 200 120
3.7566 -3.7118 1.7719 80 200 120
3.3185 0.5952 1.8023 80 200 120
4.9708 -0.6153 0.0196 80 200 120
2.1819 0.4283 0.5044 80 200 120
2.1803 0.7476 0.3915 80 200 120
4.6903 -0.1649 -1.4180 80 200 120
4.7190 2.1654 1.5622 80 200 120
4.6906 2.6645 1.5448 80 200 120
4.5562 3.9033 0.7812 80 200 120
4.6478 2.3713 1.4801 80 200 120
4.9364 0.6285 -0.3241 80 200 120
5.0516 -0.5043 0.6686 80 200 120
5.0345 -1.7760 -0.4344 80 200 120
4.9910 -1.9789 -1.6572 80 200 120
3.1717 -3.6581 1.6466 80 200 120
3.1008 2.6022 0.2630 80 200 120
4.6032 3.4745 0.5074 80 200 120
4.8657 -1.9522 0.5826 80 200 120
3.6656 -2.4407 -0.0998 80 200 120
3.2562 -2.4895 -0.0596 80 200 120
3.1109 -2.5385 0.0064 80 200 120
3.4666 -2.4753 -0.0426 80 200 120
4.9962 1.6575 0.3506 80 200 120
4.8487 3.7545 1.0580 80 200 120
4.9598 2.0869 1.3659 80 200 120
5.0193 1.4448 1.2992 80 200 120
5.0180 1.5296 0.7433 80 200 120
4.7226 1.7177 1.6693 80 200 120
3.4990 1.3027 1.5141 80 200 120
5.0414 1.1774 1.1226 80 200 120
4.8339 0.8323 1.7521 80 200 120
4.9774 0.6582 0.4253 80 200 120
5.0368 0.9020 1.4814 80 200 120
4.9186 -3.2085 1.0618 80 200 120
4.9157 -2.3572 0.5690 80 200 120
4.0212 -2.5201 -0.2788 80 200 120
4.9503 -0.5823 -1.5770 80 200 120
4.1043 -2.6886 1.8421 80 200 120
4.3928 -2.6190 -0.4919 80 200 120
5.1563 -2.8728 1.3858 80 200 120
4.1703 -1.4675 -1.2048 80 200 120
5.0611 0.7783 0.7773 80 200 120
3.4424 -2.3077 -0.6579 80 200 120
4.6535 -1.5912 -1.5129 80 200 120
1.7171 0.5795 1.5144 80 200 120
4.9438 -1.1039 0.0885 80 200 120
4.9536 1.9794 1.0820 80 200 120
4.9763 0.6434 -0.3366 80 200 120
4.2485 3.9397 0.1071 80 200 120
5.3819 -3.8842 1.4456 80 200 120
3.6066 -2.4119 -0.0818 80 200 120
3.5463 -2.5015 -0.0046 80 200 120
3.9627 2.8083 1.3268 80 200 120
4.9142 -0.5785 1.6570 80 200 120
3.0946 1.7851 0.8619 80 200 120
4.9115 -1.2380 1.6700 80 200 120
5.0297 1.5858 0.9214 80 200 120
3.4154 2.7155 0.6071 80 200 120
4.2451 3.4753 1.2415 80 200 120
4.9251 0.4364 1.6320 80 200 120
4.9893 -0.7687 1.3880 80 200 120
4.2645 2.2012 1.6265 80 200 120
4.9362 -0.2831 1.6181 80 200 120
5.0775 0.1031 1.2419 80 200 120
3.6359 3.1380 0.4047 80 200 120
4.9713 0.4864 0.4813 80 200 120
3.5395 1.5157 1.1501 80 200 120
4.5866 3.4518 1.3741 80 200 120
5.0687 0.6335 1.2144 80 200 120
3.7282 1.0726 1.6699 80 200 120
5.0643 0.9915 0.5507 80 200 120
5.0161 0.5177 1.4444 80 200 120
4.2609 -0.1968 1.7456 80 200 120
4.9168 0.8363 0.6696 80 200 120
4.4414 0.0249 1.7529 80 200 120
4.1617 0.1049 1.7350 80 200 120
5.0709 1.0112 1.1084 80 200 120
3.9541 0.3048 1.7695 80 200 120
5.0752 0.7001 1.0316 80 200 120
5.0586 2.0429 0.4724 80 200 120
5.0715 1.0841 1.3191 80 200 120
2.6360 0.8108 0.6422 80 200 120
5.0514 -0.9996 1.2463 80 200 120
2.9935 1.6529 0.9997 80 200 120
4.4850 1.1533 1.7623 80 200 120
2.7217 0.6762 1.0447 80 200 120
4.8872 -0.8326 1.6431 80 200 120
4.8247 -3.1090 1.7124 80 200 120
2.2045 0.5325 1.0026 80 200 120
4.9575 -1.0310 -0.4598 80 200 120
2.1271 3.5185 1.1855 80 200 120
0.9786 0.4695 1.5627 80 200 120
5.0206 -1.4508 0.7508 80 200 120
5.0394 1.3202 0.6025 80 200 120
3.2519 0.9062 1.5287 80 200 120
3.5108 -0.1473 1.7917 80 200 120
5.0953 0.0055 1.0513 80 200 120
5.0635 1.1549 0.6964 80 200 120
4.5893 -1.2820 1.8208 80 200 120
3.9000 3.3042 1.2553 80 200 120
3.6129 -2.4085 -0.0958 80 200 120
4.6953 3.6968 0.5520 80 200 120
3.6802 -2.5655 0.0228 80 200 120
4.6610 1.1813 1.5491 80 200 120
2.9580 -2.3447 -0.1843 80 200 120
4.9828 0.6561 -0.3470 80 200 120
5.0382 -2.1694 -0.3629 80 200 120
2.1858 0.6373 0.7626 80 200 120
5.2987 -1.8309 -0.9454 80 200 120
5.0179 -1.0474 0.8366 80 200 120
1.6834 0.7370 1.6349 80 200 120
3.6285 -2.3417 -0.0962 80 200 120
3.1599 -2.5233 -0.0270 80 200 120
2.9961 -2.3536 -0.1813 80 200 120
3.1149 -3.5739 1.5677 80 200 120
3.5043 -2.5332 0.0050 80 200 120
2.5983 -2.4971 -0.0502 80 200 120
2.6990 -2.4038 -0.0869 80 200 120
5.0566 -0.4313 0.8916 80 200 120
4.9135 -2.5748 -0.0205 80 200 120
4.2997 2.9173 0.3945 80 200 120
2.1867 3.5264 1.6070 80 200 120
2.8089 -2.0053 -0.3317 80 200 120
5.0161 0.5735 0.4958 80 200 120
3.3507 -2.4285 -0.4536 80 200 120
5.1989 3.1445 -0.1972 80 200 120
3.6490 -0.3435 1.7556 80 200 120
4.9931 -1.0423 -0.4682 80 200 120
4.9749 0.6830 -0.3413 80 200 120
4.7906 -1.6190 1.5003 80 200 120
4.6659 -2.4282 1.5654 80 200 120
2.1626 0.5934 0.6463 80 200 120
5.0988 -1.5819 -0.8964 80 200 120
5.3232 2.0930 -0.4328 80 200 120
2.7961 0.7926 0.9679 80 200 120
2.5269 0.4400 1.6334 80 200 120
3.2265 -2.5361 -0.0292 80 200 120
3.4683 -2.4607 -0.0823 80 200 120
4.5381 -2.8795 0.1821 80 200 120
3.7748 -2.3648 -1.0727 80 200 120
2.6807 3.5274 1.2144 80 200 120
3.2098 -2.3042 -0.8974 80 200 120
3.7027 -1.4845 1.7624 80 200 120
2.2426 0.7247 0.7516 80 200 120
4.7398 -3.0329 0.8770 80 200 120
2.5486 -2.0172 -0.1408 80 200 120
3.9256 -2.4516 -0.8280 80 200 120
2.3117 0.8432 1.4414 80 200 120
3.4412 1.4694 0.5110 80 200 120
3.0363 -3.4746 1.5248 80 200 120
2.2955 0.7056 1.6188 80 200 120
4.6380 0.0810 1.5620 80 200 120
4.7754 -1.0789 -1.5216 80 200 120
4.4246 -2.3769 -1.4068 80 200 120
4.4996 -2.2127 -1.6503 80 200 120
2.7116 -2.2214 -0.0125 80 200 120
5.0662 -0.5961 0.3412 80 200 120
4.8428 -1.4587 1.1458 80 200 120
5.0694 -2.2092 -1.9771 80 200 120
3.7454 -2.3936 -0.3017 80 200 120
4.7549 -0.7814 -1.5905 80 200 120
4.5956 -1.6197 -1.4917 80 200 120
3.1164 3.7544 1.7219 80 200 120
2.2614 0.7656 0.9264 80 200 120
3.4949 3.6711 1.6986 80 200 120
2.5462 3.6815 1.7175 80 200 120
5.1163 0.7163 -0.3738 80 200 120
3.6321 -2.3112 -1.3365 80 200 120
3.0657 -2.6998 -0.8983 80 200 120
3.6216 -2.2626 -1.0377 80 200 120
2.5066 0.4810 0.8852 80 200 120
3.9286 -2.4883 -1.6126 80 200 120
2.6935 -2.7315 -0.0698 80 200 120
3.1945 3.6280 1.6535 80 200 120
2.3010 0.7612 1.1549 80 200 120
2.6332 -2.3805 -0.0245 80 200 120
5.0264 -1.6215 -1.6091 80 200 120
4.8007 -1.9834 -1.5469 80 200 120
4.9963 -1.3104 -1.5368 80 200 120
5.0688 0.6933 -0.3850 80 200 120
2.8342 3.8358 1.3367 80 200 120
2.5764 0.5395 0.8507 80 200 120
4.9186 -0.5971 -1.5841 80 200 120
2.7274 -3.0934 -0.0875 80 200 120
4.3390 -4.8287 -1.2838 80 200 120
2.8882 -3.2537 1.4518 80 200 120
3.9570 -0.8845 1.7571 80 200 120
2.1500 -2.2087 -0.1493 80 200 120
3.4672 -2.4833 -1.0627 80 200 120
3.8397 1.2559 0.6263 80 200 120
2.8640 -2.9294 -1.1374 80 200 120
4.5251 3.4246 1.5797 80 200 120
2.5851 -2.4351 -0.5998 80 200 120
2.6960 0.6198 0.7808 80 200 120
4.5325 -2.9734 1.1976 80 200 120
4.2735 3.7032 0.0683 80 200 120
4.0532 -2.4876 -1.1842 80 200 120
2.6514 -3.6382 -0.4091 80 200 120
2.8399 -2.1479 -1.0313 80 200 120
3.5653 -2.6283 -0.5233 80 200 120
3.4565 -3.3697 0.5466 80 200 120
2.5996 0.5387 0.8797 80 200 120
4.9524 -1.1330 0.3485 80 200 120
4.9879 -2.4614 1.1142 80 200 120
2.3576 0.4699 1.6167 80 200 120
2.4991 0.4829 1.3634 80 200 120
4.9887 -2.0323 0.8904 80 200 120
4.5537 -2.0475 1.4936 80 200 120
3.7643 -2.5787 -1.7542 80 200 120
5.1726 -2.0696 -1.7024 80 200 120
3.0491 -2.5662 -1.1362 80 200 120
2.7501 3.6488 1.6596 80 200 120
2.1168 -1.4218 -0.0666 80 200 120
5.0300 -1.2655 -1.5307 80 200 120
4.2620 -2.8617 1.3697 80 200 120
4.4408 -2.5424 1.4065 80 200 120
4.3047 -1.7974 1.6296 80 200 120
3.9667 -3.2619 1.2382 80 200 120
2.3213 -2.6901 -1.0044 80 200 120
4.6436 3.4665 0.4470 80 200 120
2.2842 0.7442 0.7133 80 200 120
1.7276 -1.9166 -0.1005 80 200 120
2.4922 -2.7756 1.5960 80 200 120
3.0251 0.2705 1.5330 80 200 120
3.5724 -1.0915 1.7345 80 200 120
3.3754 0.8466 -0.2933 80 200 120
4.5325 -3.4521 0.1716 80 200 120
4.8628 -0.9793 -1.9069 80 200 120
3.6224 -2.4889 -1.6588 80 200 120
2.1603 -2.0680 -0.8660 80 200 120
4.8524 -2.6321 0.7538 80 200 120
2.4642 0.4696 1.5049 80 200 120
3.1929 -3.0680 1.4565 80 200 120
3.0813 -2.4378 -1.6022 80 200 120
0.8168 -2.6650 -0.1895 80 200 120
2.5502 -2.9625 -1.4190 80 200 120
5.0328 0.6436 -0.3745 80 200 120
2.4093 3.3441 1.5780 80 200 120
0.8851 -1.6297 -0.0062 80 200 120
4.9962 3.3263 1.2830 80 200 120
4.2382 0.6784 0.0830 80 200 120
2.3036 0.7283 0.6026 80 200 120
4.5778 -2.6382 -1.3976 80 200 120
4.8599 -1.9716 -0.9182 80 200 120
1.4856 -2.0084 -0.0249 80 200 120
2.6784 0.3399 1.4956 80 200 120
3.2589 -1.5520 -1.5823 80 200 120
1.1878 -2.4118 -0.5373 80 200 120
1.5158 -2.7230 -0.2500 80 200 120
2.1903 -6.1670 -1.0642 80 200 120
4.3662 -2.6763 -1.7571 80 200 120
3.4692 -3.2228 1.1208 80 200 120
2.7018 -2.6436 -1.2008 80 200 120
2.7793 -2.8813 -0.9710 80 200 120
2.6428 0.9700 1.2307 80 200 120
4.5460 -1.2185 -1.7985 80 200 120
1.7436 -2.6007 -0.8189 80 200 120
2.5914 0.4215 1.3198 80 200 120
4.9691 -0.5322 0.6143 80 200 120
4.7339 -1.6660 -0.4003 80 200 120
3.1620 1.2451 1.1325 80 200 120
4.8983 2.9056 1.6067 80 200 120
4.9245 3.1293 0.8239 80 200 120
4.8445 -2.4646 -1.8218 80 200 120
15.1865 -18.6117 -4.2441 80 200 120
4.0906 2.1225 -0.6650 80 200 120
3.1326 0.0803 1.6379 80 200 120
4.3724 -2.6972 -1.3151 80 200 120
1.8774 -5.8250 -0.5791 80 200 120
3.6763 -2.3224 -0.3470 80 200 120
4.9683 2.7736 -0.2140 80 200 120
5.1467 -2.0494 0.5015 80 200 120
2.5910 0.9013 -0.4241 80 200 120
3.3123 -2.0964 -1.2771 80 200 120
0.9344 -3.3617 -0.3841 80 200 120
2.4252 -2.2572 -1.4388 80 200 120
2.6852 -2.1890 -1.4363 80 200 120
3.0572 -2.2339 -1.4618 80 200 120
2.4239 -2.7864 -1.3169 80 200 120
2.0008 -3.2694 1.1327 80 200 120
1.0432 -1.8674 0.0253 80 200 120
3.7491 -1.3178 -0.5866 80 200 120
2.4203 -0.4550 1.6644 80 200 120
3.3484 -1.8972 -1.7135 80 200 120
1.6550 -1.6170 1.6720 80 200 120
3.7440 3.2264 1.5871 80 200 120
3.3161 -1.5699 -1.6045 80 200 120
2.3015 -0.5099 -0.4783 80 200 120
2.5719 -0.4494 -0.3952 80 200 120
2.3970 -0.0787 -0.4503 80 200 120
4.4861 3.2961 0.4201 80 200 120
3.2649 1.3235 -0.3304 80 200 120
2.2748 -2.3857 -1.3304 80 200 120
3.2734 -0.8621 -0.8451 80 200 120
2.5278 0.8838 0.1497 80 200 120
2.4299 -3.1316 1.3692 80 200 120
2.7731 0.4677 0.7649 80 200 120
2.7233 0.3740 1.1461 80 200 120
2.7500 0.3820 0.9419 80 200 120
5.0355 -2.3994 0.4632 80 200 120
3.6619 -2.3569 1.6199 80 200 120
4.6845 -2.5872 1.2008 80 200 120
3.0160 3.4010 1.5754 80 200 120
4.7193 -3.5896 0.1837 80 200 120
4.9239 -2.2291 -1.8771 80 200 120
2.3181 -3.1063 -0.2590 80 200 120
2.4759 3.4374 1.5901 80 200 120
4.9627 -0.2495 -0.0839 80 200 120
2.3527 0.7859 0.4969 80 200 120
3.6742 0.4750 0.6262 80 200 120
2.6330 0.9339 0.7450 80 200 120
3.8195 0.4444 -0.2269 80 200 120
4.4545 3.2648 0.4451 80 200 120
4.8390 2.2682 -0.7503 80 200 120
3.9873 -2.8074 1.0285 80 200 120
2.3256 -1.6360 -1.5277 80 200 120
2.6284 -2.2173 -1.8749 80 200 120
3.8469 -1.9978 -1.2767 80 200 120
3.7336 -0.5322 -0.5271 80 200 120
1.9917 -2.2479 -1.4109 80 200 120
3.1841 0.1081 -0.4183 80 200 120
2.3996 -0.7405 -0.5516 80 200 120
2.7190 -3.4254 1.0179 80 200 120
1.0732 -2.8609 -0.3533 80 200 120
2.2714 -0.5441 -0.4675 80 200 120
1.4043 -2.6368 -0.7620 80 200 120
0.7777 -3.0921 -0.2252 80 200 120
2.8283 -0.5161 -0.4748 80 200 120
1.7054 -2.6744 -0.9160 80 200 120
1.2046 -2.8884 -0.5752 80 200 120
4.7065 -0.6051 1.4887 80 200 120
4.7299 -1.2356 1.4987 80 200 120
2.8835 0.2600 1.0549 80 200 120
5.0155 -0.8418 1.2265 80 200 120
4.0454 -0.2157 1.2838 80 200 120
3.7263 0.0754 0.9168 80 200 120
2.8630 0.2987 0.9308 80 200 120
3.7680 -0.2147 1.5287 80 200 120
3.4143 0.0022 1.4038 80 200 120
3.2086 0.0599 1.4139 80 200 120
2.7688 0.4268 0.7489 80 200 120
2.8344 0.2095 1.3892 80 200 120
2.6670 0.4234 0.8385 80 200 120
5.0790 -1.0939 1.1235 80 200 120
2.6284 0.4124 1.1934 80 200 120
4.6005 -0.8338 1.4668 80 200 120
3.9760 -2.4414 1.3310 80 200 120
1.1749 -1.9596 -0.1348 80 200 120
1.1033 -1.5470 0.0291 80 200 120
3.1426 3.3905 1.5822 80 200 120
4.4218 3.2460 0.4271 80 200 120
0.6761 -1.2742 0.0524 80 200 120
1.0454 -2.8368 -0.9078 80 200 120
4.7997 2.1822 1.5423 80 200 120
4.9739 -1.4977 0.6837 80 200 120
3.1114 -0.1636 1.5306 80 200 120
4.1835 -0.0088 0.8024 80 200 120
4.0776 -1.1986 1.6038 80 200 120
2.7013 0.4024 1.0324 80 200 120
2.5191 -1.4296 -1.6010 80 200 120
0.9033 -3.1059 -0.2465 80 200 120
1.0043 -2.8966 -0.6458 80 200 120
3.0777 0.4845 -0.3965 80 200 120
2.9582 0.9123 0.4111 80 200 120
2.5702 0.8076 -0.0880 80 200 120
2.0410 -1.9235 -1.6030 80 200 120
4.9346 2.7337 -0.2182 80 200 120
2.8589 -0.1541 -0.4926 80 200 120
5.0644 2.0537 0.7733 80 200 120
4.2389 -1.7749 -0.3121 80 200 120
0.8370 -3.1962 -1.3595 80 200 120
5.7282 -3.8221 -0.8279 80 200 120
4.3048 -2.3026 -1.4917 80 200 120
1.2543 -2.7558 -1.2253 80 200 120
5.0608 -1.1310 0.8017 80 200 120
0.5797 -3.5268 -1.5370 80 200 120
4.3938 1.0710 1.0789 80 200 120
3.7226 -2.3887 -1.5080 80 200 120
3.4093 -2.5264 -1.6990 80 200 120
2.5645 0.2519 -0.5046 80 200 120
2.1702 0.2405 -0.6492 80 200 120
0.6928 -1.2443 0.0889 80 200 120
4.6634 -0.4740 0.7417 80 200 120
4.1067 -2.0660 -0.0044 80 200 120
3.4762 -0.4188 1.6013 80 200 120
4.8329 -1.0647 -0.4559 80 200 120
-0.6195 -3.1371 -0.8366 80 200 120
-0.8326 -3.2400 -0.7363 80 200 120
1.3889 -2.2199 -1.4216 80 200 120
2.3139 -2.2359 -1.8436 80 200 120
0.7818 -3.2544 -1.4080 80 200 120
1.3613 -1.7813 -1.1167 80 200 120
4.4387 -1.5026 1.3246 80 200 120
3.3760 -1.6008 1.1678 80 200 120
3.4884 0.8453 1.2194 80 200 120
5.1469 1.5628 0.3674 80 200 120
2.6240 0.3023 1.6360 80 200 120
3.5868 -2.5870 -0.1584 80 200 120
6.5854 -4.4067 0.0831 80 200 120
1.2072 -2.3165 -1.4612 80 200 120
2.7480 0.7682 0.1039 80 200 120
1.0021 -3.0030 -1.7253 80 200 120
5.1640 2.1380 1.5966 80 200 120
4.4642 -0.8702 -0.3882 80 200 120
2.6429 -1.5343 -1.6847 80 200 120
1.7269 -0.3153 -0.7064 80 200 120
3.5831 -2.2938 -1.4296 80 200 120
2.4708 -2.2602 -1.4398 80 200 120
3.7949 -1.9398 -1.5972 80 200 120
3.3583 -2.6336 -1.7392 80 200 120
2.0130 -1.6328 -1.7438 80 200 120
5.3058 2.2480 -0.7941 80 200 120
3.9591 -2.3925 -2.0376 80 200 120
2.5521 0.3954 1.4535 80 200 120
2.6619 -0.9676 1.3966 80 200 120
5.4893 -3.5717 0.8385 80 200 120
4.7864 2.9992 0.7864 80 200 120
3.3099 -1.7842 -0.9055 80 200 120
0.3060 -3.1024 -1.4451 80 200 120
-0.0024 -2.8999 -1.3314 80 200 120
-0.6373 -3.3178 -0.8370 80 200 120
-0.5820 -3.1328 1.6815 80 200 120
1.0598 -2.5806 -1.6649 80 200 120
1.3819 -2.5472 -1.6306 80 200 120
2.0008 0.2039 -0.5425 80 200 120
2.5830 -1.1794 -1.5479 80 200 120
2.8895 0.7702 1.6241 80 200 120
2.6401 0.6014 1.6164 80 200 120
4.8608 1.0702 1.8036 80 200 120
2.0352 -0.5916 -1.5401 80 200 120
-0.6205 -2.9285 -0.7153 80 200 120
1.7603 -2.6049 -1.7245 80 200 120
-1.1209 -3.5244 -0.9170 80 200 120
0.9049 -2.9809 -1.6289 80 200 120
3.4750 -2.2544 -1.4086 80 200 120
2.4699 -0.7890 -1.0767 80 200 120
3.7403 -0.0907 1.2273 80 200 120
-0.5337 -2.9284 -1.5706 80 200 120
-1.6249 -3.1574 -0.9691 80 200 120
0.9560 -2.3616 -1.5170 80 200 120
3.1801 -2.5760 -0.0564 80 200 120
5.0074 -3.4064 -0.5117 80 200 120
2.1873 -1.0398 -1.7808 80 200 120
-2.0458 -3.1465 -0.8480 80 200 120
2.3865 0.2503 -0.4942 80 200 120
-3.3722 -3.4371 -0.1045 80 200 120
-3.0425 -3.6022 0.5834 80 200 120
4.1770 -3.1112 -1.2109 80 200 120
2.1182 0.1621 -0.6081 80 200 120
5.8368 -1.9817 1.1459 80 200 120
2.3698 -0.4909 -0.1656 80 200 120
2.8079 3.6117 1.6146 80 200 120
2.5315 0.3499 -0.3235 80 200 120
-1.0464 -3.1631 -0.8049 80 200 120
3.3406 3.5254 1.5995 80 200 120
-0.5304 -2.9249 -1.3928 80 200 120
5.1357 3.3172 1.5607 80 200 120
2.8427 -2.4292 -0.7994 80 200 120
2.6110 -1.8453 -1.2337 80 200 120
1.1055 -2.6899 -1.6974 80 200 120
0.1154 -5.3434 -2.4108 80 200 120
2.1620 -2.8124 -0.2491 80 200 120
0.8297 -2.7150 -1.4839 80 200 120
0.6211 -1.8395 -0.4984 80 200 120
2.2383 -2.1816 -1.7616 80 200 120
0.5660 -4.8545 -2.2287 80 200 120
2.0091 0.5249 -0.5972 80 200 120
1.2439 -2.5323 -0.2021 80 200 120
3.3163 -2.9474 -0.0731 80 200 120
-0.7914 -3.0724 -1.8518 80 200 120
1.3027 -1.7429 -1.1844 80 200 120
1.7494 -1.9054 0.1001 80 200 120
3.5032 -3.9177 1.4944 80 200 120
5.3168 -1.7741 2.1094 80 200 120
2.3199 -2.1319 -0.5544 80 200 120
2.3648 -0.7977 -1.6962 80 200 120
-1.5040 -1.3574 -0.6414 80 200 120
-1.9782 -3.0862 -0.8010 80 200 120
-1.5435 -2.9681 -0.8686 80 200 120
6.4542 -4.4691 1.3688 80 200 120
4.9179 -4.9503 0.5585 80 200 120
3.4120 3.4891 1.6297 80 200 120
5.1678 1.5590 0.3819 80 200 120
4.8496 3.3194 1.5290 80 200 120
0.5563 -1.5505 -1.1099 80 200 120
-0.2000 -3.0588 -1.4039 80 200 120
0.5207 -3.5079 -1.5821 80 200 120
0.8269 -2.9057 -1.6894 80 200 120
2.0361 -1.0829 -1.7139 80 200 120
5.7823 -1.5908 0.3391 80 200 120
5.0474 -2.5336 1.1169 80 200 120
2.5516 0.3675 1.6252 80 200 120
5.5870 -2.4150 0.9022 80 200 120
5.6361 -2.8115 1.6315 80 200 120
2.3689 -1.8782 -0.8553 80 200 120
2.2103 -0.0990 -0.2508 80 200 120
4.7768 2.8528 1.5539 80 200 120
-3.0097 -3.6483 0.6185 80 200 120
-1.9621 -3.0134 -0.8031 80 200 120
-0.9289 -2.1455 -0.5465 80 200 120
-1.2160 -2.4400 -0.6183 80 200 120
-3.4464 -3.6252 -0.1307 80 200 120
5.7031 -4.0187 1.5181 80 200 120
5.7885 -3.5348 1.5438 80 200 120
6.1217 -2.9910 1.9962 80 200 120
5.3308 -4.5707 1.3939 80 200 120
3.0774 -3.3720 1.7090 80 200 120
3.2095 3.3878 1.5629 80 200 120
-0.5996 -2.6147 -1.5355 80 200 120
5.2969 3.1701 0.7937 80 200 120
0.9046 -1.4517 -1.0731 80 200 120
2.3361 -1.7531 -1.2311 80 200 120
-4.5586 -3.2944 1.1620 80 200 120
-0.8567 -3.6906 1.1966 80 200 120
3.0968 0.4109 -0.7259 80 200 120
-2.0926 -3.5453 -0.1574 80 200 120
4.5541 -0.3842 0.6323 80 200 120
2.9726 0.1190 1.5206 80 200 120
5.8135 -2.4963 2.3953 80 200 120
2.1677 0.1051 -0.2553 80 200 120
5.7966 0.3237 -0.5392 80 200 120
-3.4491 -2.3742 1.3840 80 200 120
5.2595 0.1156 0.7860 80 200 120
2.8579 -1.3840 -1.6530 80 200 120
3.3489 0.0680 1.5339 80 200 120
5.6345 -3.2186 0.7620 80 200 120
2.7181 0.3171 1.5800 80 200 120
3.9859 -3.8385 1.5683 80 200 120
4.0912 -2.2617 -1.7278 80 200 120
-0.5710 -2.6965 -1.5784 80 200 120
-1.1770 -1.0149 -0.5546 80 200 120
-1.4436 -1.9985 -0.6038 80 200 120
2.7001 0.1828 -1.1309 80 200 120
2.1508 0.0067 -0.6078 80 200 120
2.2245 -0.3599 -0.5617 80 200 120
-1.9003 -2.6989 -0.6908 80 200 120
2.9873 0.2223 -0.4459 80 200 120
1.6623 -0.0512 -1.0863 80 200 120
0.8210 -1.8442 -0.8533 80 200 120
1.9548 -0.0556 -0.7998 80 200 120
0.3645 -1.0613 -0.8668 80 200 120
2.9555 0.1415 1.6074 80 200 120
4.7215 -4.4821 1.2531 80 200 120
2.0249 -1.8880 -0.8848 80 200 120
2.3328 -2.3671 -0.7910 80 200 120
-3.4070 -1.4313 1.1492 80 200 120
2.8053 3.5038 1.6405 80 200 120
0.6997 -2.9779 -1.4310 80 200 120
-0.3232 -2.7835 -1.2879 80 200 120
0.1164 -3.1964 -1.4920 80 200 120
0.1031 -3.9369 0.0003 80 200 120
7.5190 -0.4329 0.3269 80 200 120
3.0334 -0.8213 -0.1215 80 200 120
3.6724 -0.2832 1.7866 80 200 120
5.3004 -3.6669 -0.3171 80 200 120
0.9483 -2.5471 -0.7823 80 200 120
4.8512 1.9941 0.7438 80 200 120
-0.5208 -3.7441 0.2677 80 200 120
-2.8160 -0.6855 0.5653 80 200 120
-1.1186 -0.9599 -0.7457 80 200 120
0.4265 -0.0567 -0.7831 80 200 120
3.5641 -2.1736 -1.4096 80 200 120
1.7207 -1.8547 -0.0351 80 200 120
-1.0009 -3.6111 1.6344 80 200 120
0.8035 -3.8459 -0.4795 80 200 120
0.7835 1.7880 1.7731 80 200 120
5.6906 -2.4291 0.4737 80 200 120
3.3800 -1.0256 1.9946 80 200 120
1.9618 -1.8601 1.7558 80 200 120
-0.4439 -0.2208 -0.7498 80 200 120
-1.3876 -0.6071 -0.6266 80 200 120
-1.8909 -2.6679 -0.6581 80 200 120
2.1789 -1.6356 -1.2246 80 200 120
-1.1755 -1.1326 -0.5861 80 200 120
4.3909 -0.2697 1.4123 80 200 120
5.5960 -2.8358 0.4307 80 200 120
5.8377 -4.0823 2.1081 80 200 120
5.8880 -3.4668 1.3430 80 200 120
-2.4845 -0.0376 1.1246 80 200 120
-0.2488 -0.3670 -0.5980 80 200 120
3.4749 -4.3150 -0.3446 80 200 120
-2.6265 -0.3204 0.8255 80 200 120
0.5727 -4.1940 -1.8858 80 200 120
5.1252 3.1015 0.8131 80 200 120
0.8366 -3.3821 -1.4227 80 200 120
-0.1376 0.2045 -0.5473 80 200 120
-3.4190 -3.5507 -0.1169 80 200 120
2.3620 -0.6552 -0.8459 80 200 120
4.8028 0.1902 -1.2181 80 200 120
6.5041 -4.9213 1.2526 80 200 120
1.1753 -2.8971 -0.3279 80 200 120
1.2389 -2.3038 -0.6725 80 200 120
5.2365 2.7908 -0.3341 80 200 120
9.4521 -1.0142 -0.8223 80 200 120
2.1687 -3.9048 1.3918 80 200 120
2.5970 -0.1197 -0.6274 80 200 120
-0.4568 0.2477 -0.5662 80 200 120
3.8031 -0.0488 -1.0539 80 200 120
5.7772 -1.0919 1.6079 80 200 120
6.6905 -2.2024 1.8479 80 200 120
4.3708 -0.2989 1.1734 80 200 120
5.9114 -1.2728 1.2324 80 200 120
5.0194 -0.6580 1.3216 80 200 120
4.6771 -0.6682 1.6953 80 200 120
4.3302 -0.4399 1.5559 80 200 120
4.2324 -0.4126 1.6204 80 200 120
3.9994 -0.3083 1.6816 80 200 120
5.7810 -1.4526 1.1141 80 200 120
3.8370 -0.0509 1.4067 80 200 120
6.3129 -4.1820 1.7362 80 200 120
-1.9031 -2.5864 -0.6430 80 200 120
-2.0793 -3.7782 -0.1754 80 200 120
5.5417 -1.8381 0.7054 80 200 120
5.7714 -1.3727 2.2986 80 200 120
6.9996 -2.7584 2.3375 80 200 120
4.3146 -0.2025 1.1692 80 200 120
0.8694 -2.9908 -0.1707 80 200 120
-1.9091 -1.1620 -0.6853 80 200 120
-0.1156 -0.6821 -0.6760 80 200 120
0.4382 -4.8065 -1.9659 80 200 120
1.5861 0.1368 -0.9829 80 200 120
3.7489 -5.8328 -0.4763 80 200 120
0.7416 -4.1310 -1.7905 80 200 120
3.7013 -1.5643 -0.1987 80 200 120
4.3151 0.4352 -1.6822 80 200 120
3.2087 0.6040 -0.3361 80 200 120
-2.9297 -0.1161 0.9939 80 200 120
0.7042 -2.9698 -1.3650 80 200 120
5.4231 -1.3413 0.8040 80 200 120
5.7498 0.8509 1.2568 80 200 120
2.2360 0.4038 -1.3208 80 200 120
-2.2635 -1.0493 -0.5252 80 200 120
0.5211 -0.0447 -0.6754 80 200 120
-0.5313 0.3829 -0.5078 80 200 120
1.8548 -0.5337 -1.6368 80 200 120
3.8888 0.4176 -1.7375 80 200 120
4.5428 2.5880 -0.8764 80 200 120
-1.0736 -1.0418 -0.7244 80 200 120
1.0400 -3.7022 -1.5718 80 200 120
-0.0357 -0.5051 -0.7433 80 200 120
-0.1825 0.1839 -0.5184 80 200 120
1.8709 -0.2406 -1.2209 80 200 120
4.2749 -0.4176 0.6260 80 200 120
4.3092 -2.2356 -0.0693 80 200 120
6.0913 -1.6527 2.3721 80 200 120
4.8706 3.9292 -0.3660 80 200 120
2.9938 0.4168 -1.6194 80 200 120
4.3309 1.2221 -1.5864 80 200 120
1.8963 0.1603 -1.4174 80 200 120
0.0333 -2.8196 -1.3419 80 200 120
4.4468 0.7243 -0.3835 80 200 120
6.9775 -2.8764 1.7759 80 200 120
6.3657 -3.6214 1.7217 80 200 120
5.0220 1.8847 -1.4985 80 200 120
2.4062 0.1814 -1.6059 80 200 120
4.8269 0.6303 1.3699 80 200 120
-2.6282 -0.5621 0.8505 80 200 120
0.1265 -0.0126 -0.5320 80 200 120
-2.5187 -0.2406 1.2041 80 200 120
1.0309 -3.7908 -1.5968 80 200 120
-1.2190 -1.7077 -0.5213 80 200 120
-1.4849 -1.7050 -0.5371 80 200 120
-4.9529 -3.4119 1.6830 80 200 120
-2.9529 -2.1060 0.0124 80 200 120
-2.6954 -1.9245 0.5079 80 200 120
3.5763 -0.0933 1.9955 80 200 120
4.3834 3.4662 -0.7310 80 200 120
3.1453 0.7035 -1.6895 80 200 120
4.9294 2.2550 -1.4279 80 200 120
6.6665 2.0718 1.9161 80 200 120
-1.4293 -0.7041 -0.6198 80 200 120
1.2401 -0.5648 -1.2529 80 200 120
3.0848 3.6844 1.8736 80 200 120
2.7829 0.7024 0.3919 80 200 120
-4.6543 -3.4721 1.2020 80 200 120
-2.1080 -3.9602 -0.1577 80 200 120
4.8987 2.2671 -0.8345 80 200 120
3.2936 0.0843 1.6873 80 200 120
4.6618 -2.4167 1.9820 80 200 120
5.9242 -3.8673 0.8521 80 200 120
4.9144 1.5002 -1.8157 80 200 120
1.1501 -0.3081 -0.5442 80 200 120
1.5688 -3.4123 -0.9650 80 200 120
-3.1781 -0.8410 1.0717 80 200 120
-1.9696 -2.1882 -0.6143 80 200 120
-0.5150 -3.2740 1.7372 80 200 120
1.4248 -0.3121 -1.7519 80 200 120
0.8013 -0.2418 -1.5499 80 200 120
1.0820 -2.9275 -1.5951 80 200 120
1.8464 -0.9846 -1.6372 80 200 120
-1.8201 -0.8645 -0.5035 80 200 120
-0.9412 -3.9373 0.5693 80 200 120
5.5805 1.9676 0.9548 80 200 120
4.6110 -5.2846 -0.3593 80 200 120
3.0748 0.7316 1.6646 80 200 120
3.2405 0.4129 1.8005 80 200 120
5.8410 0.8597 2.1081 80 200 120
-1.0562 -1.5572 -0.4899 80 200 120
1.6079 0.5788 -0.8974 80 200 120
-0.6701 -1.7171 -1.1279 80 200 120
0.5594 -0.8016 -0.5594 80 200 120
4.0349 3.2506 -0.5224 80 200 120
4.7044 -0.4500 1.3432 80 200 120
2.3618 2.7307 -1.0219 80 200 120
2.6650 2.6208 -1.0709 80 200 120
1.9536 0.4609 -1.8127 80 200 120
3.4381 2.4869 -1.4304 80 200 120
-1.9694 -2.5416 -0.6683 80 200 120
2.4325 0.7033 -1.5780 80 200 120
-0.8085 -1.5445 -0.7736 80 200 120
-4.7920 -3.8465 1.2684 80 200 120
3.9517 -3.3226 -0.0622 80 200 120
2.6748 1.0530 -1.7059 80 200 120
0.7655 -2.1281 -0.2679 80 200 120
6.1997 1.4286 -0.5361 80 200 120
-0.1416 -6.2233 -1.1538 80 200 120
-1.5781 -1.9194 -0.9054 80 200 120
-1.3129 -0.8790 -0.6879 80 200 120
5.9139 -2.0179 1.1588 80 200 120
-2.4089 -0.5908 0.9907 80 200 120
-4.8575 -3.3415 1.6637 80 200 120
-1.5676 -0.6835 -0.8234 80 200 120
-2.0598 -3.8825 -0.1510 80 200 120
-1.0484 -1.0805 -0.6545 80 200 120
-3.1567 -1.4639 1.1513 80 200 120
-2.8992 -0.3215 1.2002 80 200 120
1.3542 -0.2365 1.7406 80 200 120
4.7283 -2.8127 -2.3611 80 200 120
1.6514 -0.0907 -1.5369 80 200 120
-4.7361 -3.6699 1.2363 80 200 120
2.5579 0.2386 -1.6312 80 200 120
1.1394 -3.8888 -1.6138 80 200 120
1.5828 -3.7926 1.6018 80 200 120
-2.0259 -2.0988 -0.6265 80 200 120
-1.3826 -1.5052 -0.5543 80 200 120
-1.7857 -1.3848 -0.5801 80 200 120
-2.1054 -0.8471 -0.7025 80 200 120
-1.6526 -0.8929 -0.7288 80 200 120
-0.9358 -0.9751 -1.2510 80 200 120
3.2960 3.0897 -0.5715 80 200 120
-2.4278 -2.7027 -0.3827 80 200 120
-3.3241 -2.0864 1.0611 80 200 120
2.7336 -3.3404 -0.3220 80 200 120
-4.2558 -3.6293 1.6709 80 200 120
2.2219 1.2493 -1.6944 80 200 120
4.5248 -3.0675 -0.0841 80 200 120
-2.3098 -1.5138 -0.6172 80 200 120
-0.1935 -1.8613 -1.8373 80 200 120
-4.7645 -3.0928 1.5476 80 200 120
-4.7448 -3.6899 1.2537 80 200 120
3.9573 -4.3725 1.6739 80 200 120
5.1350 -1.7834 2.1023 80 200 120
3.1969 -2.8245 -0.2958 80 200 120
-2.4520 -0.8927 -0.2715 80 200 120
3.9290 3.7019 1.7438 80 200 120
3.7631 2.3343 -1.8681 80 200 120
3.1318 2.6248 -1.2189 80 200 120
0.0336 -1.2725 -1.8262 80 200 120
3.1317 3.3380 0.5705 80 200 120
2.8342 0.5171 2.2146 80 200 120
-1.7316 -0.7746 -1.1163 80 200 120
6.4225 -4.3387 1.3870 80 200 120
6.5691 1.4976 0.5976 80 200 120
1.2129 0.7766 -0.6296 80 200 120
-0.1573 -0.4881 -1.9058 80 200 120
1.2583 2.8744 -0.0088 80 200 120
1.5499 -3.5736 -0.3119 80 200 120
1.9462 -3.3137 -0.3214 80 200 120
-0.2186 -2.1333 -1.3544 80 200 120
1.8946 -0.6273 -1.4704 80 200 120
1.5714 2.7762 -1.0252 80 200 120
0.8346 -1.9049 -1.4230 80 200 120
0.2744 -0.3331 -1.4857 80 200 120
1.9351 2.7091 -1.3952 80 200 120
6.6427 -3.5009 1.4011 80 200 120
3.3652 0.0457 1.9506 80 200 120
6.3655 -2.8130 1.0350 80 200 120
6.1791 -3.2113 1.7415 80 200 120
4.7778 2.8697 1.5465 80 200 120
-2.1779 -1.3304 -0.5488 80 200 120
0.3698 -2.4594 -1.3854 80 200 120
-0.0144 -1.6265 -1.8819 80 200 120
-2.0095 -0.4390 -0.7186 80 200 120
-1.7203 -0.8168 -1.1209 80 200 120
-3.2485 -2.5171 -0.0777 80 200 120
-2.4417 -0.7195 -0.5653 80 200 120
6.2051 -3.8377 1.7180 80 200 120
5.8525 -2.8814 1.9666 80 200 120
5.8420 -4.9110 1.4876 80 200 120
3.6895 -4.0251 2.0122 80 200 120
-1.1169 -2.9584 0.9496 80 200 120
-1.1555 -1.2129 -1.7859 80 200 120
-4.0438 -3.8603 1.8122 80 200 120
-2.4397 -0.7513 0.7727 80 200 120
0.9253 2.6425 -0.9207 80 200 120
0.9467 -0.1580 -1.7490 80 200 120
-0.0574 -0.0364 -1.3376 80 200 120
1.2526 0.5766 -1.8401 80 200 120
-0.1800 -2.6559 1.9037 80 200 120
-1.3913 -1.8138 1.4833 80 200 120
-1.9578 -0.8872 -1.0274 80 200 120
4.8505 -0.3861 0.7739 80 200 120
3.6198 -0.1352 1.7308 80 200 120
4.6147 -1.8645 2.0493 80 200 120
2.5092 -0.2847 -0.3018 80 200 120
1.8189 2.2166 -1.8712 80 200 120
-3.2852 -0.3269 -0.4958 80 200 120
0.0145 0.3894 -1.6592 80 200 120
1.2355 2.6739 -1.2608 80 200 120
5.0296 2.1817 -0.1759 80 200 120
0.3616 -0.8781 -1.2722 80 200 120
0.5864 2.8344 -0.8333 80 200 120
0.3725 -0.9552 -1.6491 80 200 120
2.1772 2.8731 -0.5551 80 200 120
-2.9420 -0.3194 -0.5080 80 200 120
1.4008 0.1552 -1.8117 80 200 120
3.5077 0.0015 1.5977 80 200 120
6.4189 -3.6780 0.8692 80 200 120
3.3777 0.0664 1.8290 80 200 120
4.7860 -4.5699 1.8452 80 200 120
1.4009 -0.0415 -0.5995 80 200 120
3.3943 0.1001 -0.3561 80 200 120
1.7629 -0.0101 -0.7810 80 200 120
-2.4653 -0.8442 -1.1625 80 200 120
0.1640 2.9363 -0.9638 80 200 120
1.8236 2.5785 -1.7983 80 200 120
-1.0779 -1.1182 -2.0090 80 200 120
0.9693 -0.1391 -1.6923 80 200 120
-1.7615 -0.7708 -1.1307 80 200 120
4.8846 2.8088 -0.3395 80 200 120
-0.3056 -0.2633 -1.8489 80 200 120
-1.6948 -0.6647 -0.6059 80 200 120
-1.9310 -1.4423 -0.6180 80 200 120
3.4332 -0.0510 1.7797 80 200 120
0.0832 -3.9112 0.0089 80 200 120
-0.6437 -1.3319 -1.7079 80 200 120
-0.3771 0.2431 -1.8044 80 200 120
0.1125 0.3472 -1.6795 80 200 120
-0.2293 0.1219 -1.2703 80 200 120
-5.2143 -4.0168 1.8874 80 200 120
-4.0308 -3.8191 1.8070 80 200 120
1.2040 3.9111 0.1409 80 200 120
-4.9104 -3.9113 1.3445 80 200 120
2.9565 -1.0362 -0.1462 80 200 120
4.1581 -0.4779 1.9738 80 200 120
-0.2789 -4.3703 0.3173 80 200 120
-1.6778 -1.7315 0.8512 80 200 120
0.1894 -2.9707 -0.3545 80 200 120
0.6721 1.7873 1.7170 80 200 120
-0.0858 -0.5080 -1.4670 80 200 120
1.3340 0.6250 -1.8621 80 200 120
-2.3555 -0.7612 -0.6156 80 200 120
-1.6740 -0.7556 -0.6022 80 200 120
-2.2838 -1.1446 0.5516 80 200 120
-2.0620 -0.4048 -0.7233 80 200 120
-2.9844 -1.6107 0.9215 80 200 120
6.3693 -2.7708 0.6499 80 200 120
3.0983 -0.8732 1.9265 80 200 120
2.2856 -2.1055 1.9090 80 200 120
0.6607 -0.2017 -0.4842 80 200 120
-0.9856 -0.8090 -1.5075 80 200 120
2.4001 0.0722 -1.7424 80 200 120
0.5183 0.1428 -1.5166 80 200 120
6.9130 3.0878 -0.2801 80 200 120
1.3715 0.1592 -1.7694 80 200 120
-2.1634 -0.7699 -0.7859 80 200 120
6.5236 2.5346 -0.6808 80 200 120
-3.3676 -2.5258 -0.2008 80 200 120
-5.3624 -4.2105 1.9637 80 200 120
-4.0838 -4.1360 1.9343 80 200 120
3.7994 -0.0438 1.2671 80 200 120
6.1668 -3.1655 0.5007 80 200 120
5.4591 -3.8214 2.1656 80 200 120
6.3297 -3.7122 1.4870 80 200 120
-1.1222 -0.7391 -1.7664 80 200 120
-1.3096 -0.8428 -1.5061 80 200 120
-0.3941 0.2078 -1.2063 80 200 120
0.0439 0.9279 1.7505 80 200 120
0.2092 -1.4628 -1.9250 80 200 120
1.3041 2.6723 -1.0726 80 200 120
1.8137 2.5046 -1.6525 80 200 120
6.3639 3.7556 -0.7040 80 200 120
0.7655 1.3133 -1.8426 80 200 120
6.6698 3.4292 1.1559 80 200 120
0.7657 0.1137 -0.7671 80 200 120
3.2970 0.5949 -1.1070 80 200 120
2.9620 -1.8995 -0.6169 80 200 120
-4.0785 -4.0332 1.8906 80 200 120
-0.5353 0.1822 1.8087 80 200 120
-2.3848 -0.4363 -0.5917 80 200 120
-2.8639 -0.1846 -0.5092 80 200 120
-1.4435 -1.1083 -0.6553 80 200 120
-2.1595 -0.6060 -0.6629 80 200 120
-2.2389 -0.8923 0.4837 80 200 120
-2.9393 -1.2476 0.0964 80 200 120
-1.8862 -0.7693 -1.4678 80 200 120
1.7205 -4.2518 0.5032 80 200 120
0.7842 3.6845 0.0843 80 200 120
4.9025 0.8276 -2.2992 80 200 120
-0.4285 0.2813 -1.7596 80 200 120
-0.2907 -0.3199 -1.6047 80 200 120
0.0647 0.3213 -1.6941 80 200 120
-2.3606 -0.4343 0.5830 80 200 120
2.6239 -4.3635 1.5516 80 200 120
2.8059 -0.2301 -0.6386 80 200 120
-2.3636 -0.2780 0.8236 80 200 120
5.1344 -4.9303 0.7181 80 200 120
-0.4529 0.0563 -1.7125 80 200 120
-0.5117 -1.4781 1.7348 80 200 120
0.8890 1.1569 1.7700 80 200 120
6.5540 -1.3627 1.8125 80 200 120
6.2824 -2.0546 1.7713 80 200 120
4.8926 -0.3749 1.3044 80 200 120
6.3707 -1.4084 1.3506 80 200 120
6.4303 -1.0190 1.6709 80 200 120
5.8146 -1.0093 2.0499 80 200 120
5.2527 -0.6471 1.8220 80 200 120
5.1268 -0.6247 1.9016 80 200 120
4.3255 -0.3879 1.8096 80 200 120
6.3439 -1.6456 1.2770 80 200 120
3.5599 0.0486 1.3338 80 200 120
6.4034 -4.2175 1.8417 80 200 120
2.4694 3.0041 -1.1337 80 200 120
-3.3342 -3.0880 -0.0877 80 200 120
-2.4465 -0.0818 1.1854 80 200 120
-0.3613 0.1971 -1.2033 80 200 120
-5.1328 -4.5954 1.5748 80 200 120
-2.8132 -1.1376 0.9809 80 200 120
-0.3851 -0.2368 -1.5587 80 200 120
2.7762 0.1363 -1.0803 80 200 120
-1.6044 -1.2724 -0.6671 80 200 120
-5.3911 -4.3555 2.0370 80 200 120
6.0476 3.6742 -0.6458 80 200 120
6.0331 -2.0503 0.8318 80 200 120
4.8260 -1.0720 2.0617 80 200 120
5.8594 -2.2534 2.0552 80 200 120
3.9205 -0.0398 1.0767 80 200 120
5.2471 0.4526 -1.7950 80 200 120
1.6439 2.5500 -1.8002 80 200 120
-0.4099 0.0263 -1.7526 80 200 120
-1.0866 -0.7645 -1.7831 80 200 120
-1.9231 -0.7173 -1.4609 80 200 120
-1.3690 -0.7472 -1.4582 80 200 120
3.1886 1.0082 -1.9355 80 200 120
-0.2999 2.4142 -0.9974 80 200 120
2.3005 -0.9509 -0.2494 80 200 120
3.4345 0.5586 -0.2935 80 200 120
4.0858 3.4285 -1.2528 80 200 120
0.4785 3.4537 0.0575 80 200 120
0.1575 0.6321 -1.6920 80 200 120
-0.3251 0.2451 -1.8139 80 200 120
3.0411 -0.0001 -0.1984 80 200 120
0.3130 0.1334 1.8136 80 200 120
1.7728 -3.0312 1.8549 80 200 120
6.1193 -1.6216 0.9307 80 200 120
4.2655 0.9290 0.9380 80 200 120
0.1542 0.1540 -0.6850 80 200 120
0.4722 -2.2150 -0.7566 80 200 120
-1.0750 -2.0073 -0.2284 80 200 120
3.1199 1.6461 1.5516 80 200 120
5.9785 3.8757 0.2226 80 200 120
3.2077 0.5169 -1.8161 80 200 120
3.0706 0.1524 -1.3896 80 200 120
-2.2274 -0.5440 0.8499 80 200 120
3.4309 0.9881 -1.3840 80 200 120
5.2818 -3.8910 -1.3118 80 200 120
0.5708 0.1969 -1.0500 80 200 120
1.7878 -2.6649 -1.7003 80 200 120
-3.0417 -4.4416 0.7692 80 200 120
-1.0003 -0.7581 -1.4725 80 200 120
0.1189 0.3279 -1.6152 80 200 120
-0.3456 -0.2515 -1.3644 80 200 120
-1.3452 -0.7091 -1.4270 80 200 120
0.9081 3.6919 0.1140 80 200 120
6.1189 -0.9097 0.9467 80 200 120
5.4351 -2.8648 0.1058 80 200 120
4.8846 -1.2390 2.0254 80 200 120
3.4383 0.8284 -0.4540 80 200 120
3.3425 3.2388 -1.2073 80 200 120
0.0387 0.3141 -1.2913 80 200 120
0.7435 0.4596 -1.8118 80 200 120
-2.7295 -0.8732 1.0519 80 200 120
0.9173 1.5041 -1.6946 80 200 120
6.1240 -2.4928 1.5568 80 200 120
5.8667 -3.3587 1.6169 80 200 120
4.7086 1.8332 -1.4020 80 200 120
3.8293 0.7829 0.9911 80 200 120
1.7043 1.9820 -1.4813 80 200 120
-0.0557 -0.3677 -1.4863 80 200 120
-0.9899 -0.7493 -1.4616 80 200 120
0.1338 0.3227 -1.6277 80 200 120
-0.3809 -0.1466 -1.7442 80 200 120
-1.1360 -0.6828 -1.7301 80 200 120
-1.5775 -0.6843 -0.8456 80 200 120
-1.7205 -0.7184 -1.1084 80 200 120
-2.1696 -0.4773 -0.3384 80 200 120
-0.2122 0.1693 -1.2201 80 200 120
-1.3197 -0.7241 -1.4239 80 200 120
-0.7038 -0.4356 -1.7409 80 200 120
-0.8834 -0.8742 -1.2077 80 200 120
-1.5164 -0.9507 -0.6587 80 200 120
3.2675 -0.0331 1.8711 80 200 120
4.6217 2.2144 -1.3251 80 200 120
5.0113 1.9338 1.4923 80 200 120
3.1064 3.6897 1.8916 80 200 120
3.4717 0.6083 0.4982 80 200 120
2.5879 2.7933 -1.5224 80 200 120
4.3126 3.6891 -1.2108 80 200 120
1.5876 2.5366 -1.7515 80 200 120
0.5918 2.6188 -1.0656 80 200 120
-0.0949 2.6503 -1.0484 80 200 120
0.4637 -1.5977 -1.3005 80 200 120
0.5713 3.4150 -1.0774 80 200 120
1.3350 -1.9955 1.8427 80 200 120
-0.2670 0.2255 -1.7945 80 200 120
0.8860 1.1842 1.7630 80 200 120
0.5819 1.7634 1.6984 80 200 120
2.8622 4.3999 0.1921 80 200 120
3.2849 0.0855 1.6730 80 200 120
5.0903 -2.5497 2.1518 80 200 120
5.6698 -3.7361 0.7647 80 200 120
3.9854 1.4199 -1.6276 80 200 120
0.3964 -0.5818 -1.1595 80 200 120
-0.1169 0.1618 -1.2563 80 200 120
0.0097 -0.1605 -0.7033 80 200 120
3.0777 0.2312 -0.7185 80 200 120
-0.8858 -0.8591 -1.1903 80 200 120
-2.3122 -0.1496 -0.6305 80 200 120
-1.5534 -0.7081 -0.8524 80 200 120
-2.7623 -0.3434 -0.7723 80 200 120
1.2619 3.9133 0.1636 80 200 120
0.0211 -2.6389 2.0276 80 200 120
6.0481 1.9558 1.1797 80 200 120
1.5226 3.0465 -0.9657 80 200 120
-0.2862 -1.9476 -0.6226 80 200 120
-4.0744 -3.8141 1.7826 80 200 120
2.5259 -4.6015 0.4436 80 200 120
0.1865 2.3986 -1.6386 80 200 120
-0.1480 1.6996 -1.7916 80 200 120
0.6397 2.1648 -1.9385 80 200 120
0.3500 3.2532 -1.0707 80 200 120
0.0423 -2.5514 1.0019 80 200 120
-1.5902 0.3027 1.9023 80 200 120
-3.0051 -4.5479 0.8350 80 200 120
-0.4480 2.3927 1.6804 80 200 120
3.2244 0.7255 1.6861 80 200 120
3.2204 0.4137 1.7785 80 200 120
3.8247 0.9403 1.4998 80 200 120
-2.6980 -0.5725 -0.6704 80 200 120
0.8895 -2.8346 0.8236 80 200 120
-3.7985 -2.7182 1.7983 80 200 120
0.1271 2.7709 -1.0797 80 200 120
-0.3347 3.9080 0.7107 80 200 120
5.8295 -0.6689 1.6430 80 200 120
0.2442 2.4455 -1.6813 80 200 120
0.1056 3.3025 -1.3681 80 200 120
1.8273 4.2600 -0.6774 80 200 120
4.4049 -3.0715 -1.8923 80 200 120
0.7279 1.7992 1.7950 80 200 120
0.7934 1.1822 1.7387 80 200 120
1.8034 -1.1298 1.8082 80 200 120
0.3059 0.1245 1.8024 80 200 120
-0.3442 -0.0303 -1.4548 80 200 120
-0.1024 0.2782 -1.7968 80 200 120
-0.2880 0.0879 -1.7746 80 200 120
0.1120 -1.1995 -1.7891 80 200 120
-0.7144 -1.1966 1.8668 80 200 120
4.3836 -3.5560 -0.0680 80 200 120
6.0374 1.4007 -0.4873 80 200 120
5.3787 3.4879 -1.2114 80 200 120
-0.2014 3.8552 0.6659 80 200 120
-1.0319 -0.7313 -1.1068 80 200 120
-1.0263 -0.7338 -1.4765 80 200 120
-3.9985 -3.6513 1.7002 80 200 120
-3.0404 -3.6132 0.5580 80 200 120
0.2488 0.9100 1.8575 80 200 120
0.0464 3.9026 0.3815 80 200 120
5.9813 -2.0348 1.1926 80 200 120
1.8982 3.8742 1.8469 80 200 120
-0.1243 2.5989 1.9399 80 200 120
-2.5534 -1.8789 -0.2151 80 200 120
3.1214 2.8228 1.9308 80 200 120
2.8356 0.1875 -1.3455 80 200 120
4.3180 -1.8011 -0.6854 80 200 120
1.9555 3.8253 1.3132 80 200 120
4.2471 3.9002 -0.2862 80 200 120
2.5758 4.1668 -0.7325 80 200 120
-1.7708 -4.2122 1.9381 80 200 120
0.5687 2.1867 -1.8958 80 200 120
-0.6159 3.7884 1.0290 80 200 120
0.0617 3.1414 -1.0651 80 200 120
1.4112 1.5675 1.7520 80 200 120
-2.9692 -6.2499 1.3339 80 200 120
-0.0329 2.6715 -1.0972 80 200 120
4.0345 3.7242 0.6058 80 200 120
0.5282 0.1656 -1.4322 80 200 120
-1.0799 -3.1814 1.3548 80 200 120
-2.5619 3.7193 1.6293 80 200 120
0.9398 1.1174 -1.5270 80 200 120
1.4698 -0.6559 -1.5859 80 200 120
-1.5078 4.1808 2.0018 80 200 120
-1.0786 4.0117 1.5982 80 200 120
0.2187 1.5928 -1.6343 80 200 120
-0.5720 -4.2854 1.4145 80 200 120
1.1534 4.0088 1.8416 80 200 120
0.2179 2.6926 -1.8027 80 200 120
0.4811 3.7958 -1.7010 80 200 120
0.5588 3.3176 -1.7677 80 200 120
0.6259 4.2946 -1.5573 80 200 120
1.4454 0.2285 -0.7496 80 200 120
0.2701 4.0043 1.8417 80 200 120
-0.2554 2.1708 -1.0841 80 200 120
-0.9564 3.9417 1.0050 80 200 120
-1.2496 -2.5963 -0.0903 80 200 120
2.9621 3.9183 1.1243 80 200 120
-0.6578 3.5173 1.9395 80 200 120
4.0908 3.7647 1.8338 80 200 120
-0.6480 0.3845 0.5411 80 200 120
-2.7814 3.8554 1.2951 80 200 120
-2.5049 3.8944 1.7290 80 200 120
1.6282 3.0461 -1.8125 80 200 120
-0.2158 1.6738 -1.8357 80 200 120
-0.0351 3.0862 -1.0502 80 200 120
0.3502 2.1235 -1.8540 80 200 120
4.5450 3.5524 1.4204 80 200 120
-0.9886 -2.7937 0.2916 80 200 120
-2.6037 0.2000 1.1245 80 200 120
1.3370 0.7160 2.0245 80 200 120
0.1273 1.1363 -1.7076 80 200 120
-2.6988 -0.1936 1.6147 80 200 120
-3.0221 -5.3585 1.1228 80 200 120
-3.8932 -2.8690 1.9961 80 200 120
-3.0121 4.0698 1.0594 80 200 120
-1.5034 -1.8870 -0.3059 80 200 120
-1.1440 -2.3718 1.7851 80 200 120
0.7410 1.3653 -1.2821 80 200 120
-2.1341 3.8617 0.7267 80 200 120
-3.1048 3.7830 1.6485 80 200 120
-2.6629 1.2279 1.7046 80 200 120
-1.4077 2.5763 1.9652 80 200 120
-1.2436 0.2781 -1.1600 80 200 120
-4.0498 -3.8074 1.7950 80 200 120
-2.5947 -0.5535 -0.6403 80 200 120
-2.7837 0.0142 1.4276 80 200 120
-1.6968 0.3108 1.7365 80 200 120
-1.7430 -3.1994 1.9026 80 200 120
-2.5902 4.1285 1.0601 80 200 120
-1.8530 -4.0952 1.3804 80 200 120
-2.4054 -4.1966 1.4511 80 200 120
-1.2896 3.8190 -0.1319 80 200 120
-1.5863 -2.7826 0.2275 80 200 120
-0.2234 -3.6878 1.8278 80 200 120
-2.1636 3.9730 1.8418 80 200 120
0.1904 1.8718 1.8815 80 200 120
-2.7263 4.1684 0.7658 80 200 120
0.0668 2.5478 -1.7399 80 200 120
0.1971 3.0438 -1.8031 80 200 120
-2.2778 -0.7756 -0.6731 80 200 120
-3.5603 -3.3796 1.9450 80 200 120
2.2256 4.1026 0.0974 80 200 120
-0.3821 3.9089 1.7750 80 200 120
1.3829 -4.1845 1.7821 80 200 120
-2.4110 4.0120 0.4465 80 200 120
-1.6866 4.5517 0.1159 80 200 120
0.0140 3.8541 -0.2058 80 200 120
2.0245 2.7751 2.0276 80 200 120
0.1624 3.8490 1.3102 80 200 120
-3.1359 3.7586 1.2570 80 200 120
-2.9902 2.6223 1.9035 80 200 120
-2.8023 3.3571 1.9218 80 200 120
-0.5997 2.9748 1.9165 80 200 120
-0.7258 -3.2490 1.9130 80 200 120
-2.4387 2.1569 1.8447 80 200 120
-0.9002 3.7664 0.3383 80 200 120
0.1536 -3.2704 1.9987 80 200 120
1.2387 -3.7889 0.4117 80 200 120
2.9242 2.1421 1.7956 80 200 120
-1.8147 3.6732 0.2891 80 200 120
-3.3196 2.9946 1.8762 80 200 120
-2.7539 1.9453 1.7874 80 200 120
-1.1537 1.7277 1.8079 80 200 120
-2.2529 3.6966 1.1018 80 200 120
0.1126 3.3054 -1.6588 80 200 120
-0.9531 -2.0129 1.9136 80 200 120
0.6311 -2.6441 1.9665 80 200 120
2.3551 -4.2376 1.4079 80 200 120
-0.0609 -2.5834 1.9929 80 200 120
3.7195 4.2084 0.4339 80 200 120
-2.1744 2.7182 1.7994 80 200 120
0.5135 2.5269 -1.7505 80 200 120
1.5597 -3.2090 -0.2036 80 200 120
1.0014 3.1169 2.1250 80 200 120
-3.2006 3.8054 2.0145 80 200 120
-0.5640 2.1871 1.9134 80 200 120
0.5107 4.1825 -1.5431 80 200 120
-3.7152 3.8641 1.9303 80 200 120
2.8889 -3.9531 1.1537 80 200 120
-1.5127 1.6746 1.7707 80 200 120
-2.0001 -2.2306 1.8616 80 200 120
-2.4339 4.0155 0.1158 80 200 120
3.3042 -3.4945 1.8660 80 200 120
3.5557 -3.8301 -0.2279 80 200 120
-3.4496 3.7705 1.6396 80 200 120
2.0832 -3.2932 1.9789 80 200 120
3.8546 -4.1253 0.6307 80 200 120
-2.7861 -2.3439 0.2412 80 200 120
-3.2131 -4.1126 1.9490 80 200 120
5.3451 -4.0810 1.6420 80 200 120
3.3170 -3.0210 -0.1317 80 200 120
0.9816 -1.9214 1.7976 80 200 120
-0.7178 4.1729 -0.2129 80 200 120
-1.2057 4.0042 -0.7290 80 200 120
-0.5039 -1.5818 1.7860 80 200 120
2.6513 -2.3302 1.5514 80 200 120
-1.6985 4.1251 -0.1884 80 200 120
-2.6849 -0.1343 0.5630 80 200 120
-0.3908 3.8735 -1.7420 80 200 120
-2.6825 4.2822 0.2902 80 200 120
-3.5294 4.2075 1.0342 80 200 120
-1.6592 4.2969 -0.5736 80 200 120
4.5501 -2.6312 0.0082 80 200 120
5.7182 -3.9029 0.9822 80 200 120
-2.4896 -0.2373 0.3335 80 200 120
6.0628 -3.2304 1.0977 80 200 120
-2.0253 -0.3567 0.0041 80 200 120
-3.9563 -3.5426 1.5965 80 200 120
1.1017 -1.2070 -0.8098 80 200 120
-3.8667 -2.6762 1.8653 80 200 120
2.0730 -2.1057 1.8631 80 200 120
-2.7027 -0.2133 -0.4593 80 200 120
-2.4057 -1.1697 -0.2715 80 200 120
-0.7654 -1.2519 1.8466 80 200 120
3.4068 -1.9027 1.5585 80 200 120
-1.6918 3.7007 0.6711 80 200 120
-2.0198 3.5536 2.0270 80 200 120
2.3107 -0.8245 -1.3991 80 200 120
5.3037 -1.8743 1.1871 80 200 120
-3.9063 4.2907 1.6286 80 200 120
-2.4212 1.6263 1.6053 80 200 120
1.1846 -0.9822 -1.5919 80 200 120
-4.0378 3.3064 1.9044 80 200 120
5.2456 -1.8024 0.0030 80 200 120
-0.7562 -0.8042 1.8211 80 200 120
1.7979 -0.4734 -1.8847 80 200 120
5.2940 -1.5526 1.9820 80 200 120
5.3075 -1.3698 -0.5042 80 200 120
1.9877 -4.0704 1.8084 80 200 120
-0.8120 -4.3463 2.0406 80 200 120
0.3923 -0.5621 -1.8455 80 200 120
-0.0460 -0.7542 -1.9046 80 200 120
1.3110 -1.1516 1.5648 80 200 120
-0.9973 -3.6155 2.1565 80 200 120
-0.2380 -0.5428 -1.9378 80 200 120
-3.7963 1.7029 1.8903 80 200 120
4.2346 -0.0969 2.0798 80 200 120
1.7230 -0.1136 1.9080 80 200 120
6.0115 -1.2792 1.5185 80 200 120
0.9219 -0.3065 -1.0506 80 200 120
3.1104 -0.7895 1.8765 80 200 120
2.3571 -0.5635 -0.8551 80 200 120
1.0031 -3.1506 1.8818 80 200 120
-2.5491 2.8629 1.6765 80 200 120
-1.8210 4.8108 0.0412 80 200 120
-1.3380 -1.3970 1.9200 80 200 120
-0.0540 -0.4641 1.9778 80 200 120
-1.3514 -1.9436 1.8374 80 200 120
-1.0347 0.0439 1.2309 80 200 120
3.3135 0.3411 2.1463 80 200 120
-0.3290 -0.0382 -0.7078 80 200 120
-2.7801 0.1643 1.4478 80 200 120
-2.7032 1.0904 2.1233 80 200 120
-0.3770 -0.2099 2.1351 80 200 120
-2.3730 4.4448 0.1632 80 200 120
-2.1197 -0.2761 1.8039 80 200 120
3.5243 0.7862 1.8251 80 200 120
2.9458 0.9302 2.1480 80 200 120
-3.5834 0.5754 1.9296 80 200 120
4.9132 1.0857 1.0378 80 200 120
-0.1760 7.0371 -0.5542 80 200 120
-1.7805 -0.0558 1.9117 80 200 120
1.2342 -0.0941 -0.5671 80 200 120
5.2498 0.3670 1.7941 80 200 120
5.2658 1.6323 0.1509 80 200 120
0.4132 -0.1875 -0.8691 80 200 120
5.9049 2.0840 1.5917 80 200 120
3.4965 0.5785 0.0413 80 200 120
4.5286 1.5936 1.9806 80 200 120
-3.2652 3.3526 1.9988 80 200 120
7.7710 0.1824 1.5838 80 200 120
-2.5833 -0.1669 1.2967 80 200 120
-3.4450 1.6278 0.4098 80 200 120
-2.8541 1.5731 1.8632 80 200 120
6.0519 -4.4096 1.8239 80 200 120
6.8023 -2.4098 1.8857 80 200 120
-2.6884 4.0551 0.7275 80 200 120
6.2812 -3.9650 1.0507 80 200 120
-0.4057 -3.6688 1.9182 80 200 120
-0.0261 -3.0782 1.8616 80 200 120
1.3511 1.2781 2.0196 80 200 120
-1.9467 3.5174 1.4269 80 200 120
-3.0043 4.1343 1.0184 80 200 120
-3.7164 3.8651 1.9293 80 200 120
-2.4600 3.8029 1.6772 80 200 120
1.9626 -4.6107 2.0617 80 200 120
4.0620 -0.7104 2.1597 80 200 120
2.9462 -4.6166 1.6270 80 200 120
-1.2693 -2.2373 1.9551 80 200 120
3.7611 -3.9283 2.1206 80 200 120
5.7414 2.9265 2.3665 80 200 120
0.5906 0.8650 1.9981 80 200 120
-0.6193 -1.2711 1.9110 80 200 120
2.5308 -0.4548 2.0626 80 200 120
1.6094 -1.0021 1.9665 80 200 120
-0.4970 -4.1903 2.0076 80 200 120
-2.7732 4.0524 1.3670 80 200 120
2.0408 -3.1807 2.0204 80 200 120
-2.6245 4.3932 -0.0587 80 200 120
4.1879 -4.6309 1.4530 80 200 120
0.3159 0.2161 2.0491 80 200 120
-1.0544 -2.5551 1.9028 80 200 120
-0.4037 -1.6573 1.8443 80 200 120
-2.0721 4.1105 0.8016 80 200 120
-1.0678 -1.2952 1.8610 80 200 120
-2.1473 4.2422 1.2798 80 200 120
0.5314 -2.7208 1.8343 80 200 120
1.3875 0.7216 2.0264 80 200 120
-2.0943 2.8899 1.9381 80 200 120
-0.5947 -0.7903 1.9459 80 200 120
-0.8813 0.3341 1.9908 80 200 120
3.8892 -3.2677 2.0995 80 200 120
-0.7112 -4.2685 0.9433 80 200 120
-2.0367 -2.1563 1.7598 80 200 120
4.7469 -4.3887 0.7537 80 200 120
-0.3660 0.2157 1.9613 80 200 120
-0.0857 -2.5045 1.9801 80 200 120
1.5839 -1.6835 2.0004 80 200 120
-3.8534 4.3311 1.2157 80 200 120
7.1441 3.8584 1.9492 80 200 120
7.4543 -3.4017 2.1346 80 200 120
5.7462 4.0823 2.1529 80 200 120
6.3998 -1.5823 2.1398 80 200 120
-1.7346 -4.4061 2.0937 80 200 120
-0.5172 -4.5154 1.5690 80 200 120
1.5251 -2.1066 1.9893 80 200 120
-1.1531 -0.1500 1.9971 80 200 120
-0.9489 -1.9712 1.9092 80 200 120
-3.6577 4.0742 0.4949 80 200 120
4.1669 -2.9683 -0.1684 80 200 120
4.5170 0.9379 1.4135 80 200 120
7.1274 -3.1333 0.9044 80 200 120
6.6669 -0.8131 0.8278 80 200 120
1.3501 2.1253 2.0291 80 200 120
6.4344 5.2140 1.1953 80 200 120
5.1385 1.2714 0.4249 80 200 120
7.1202 -0.7795 1.9584 80 200 120
5.2709 0.3839 1.6819 80 200 120
0.0555 -3.9828 -0.0158 80 200 120
6.0346 4.5906 0.1862 80 200 120
5.4982 1.9130 -0.2468 80 200 120
-2.7125 -0.1313 1.9285 80 200 120
1.8373 -4.3487 0.5287 80 200 120
3.9368 -3.4959 -0.0055 80 200 120
7.2702 3.7428 0.9428 80 200 120
-0.0378 0.8159 2.0658 80 200 120
-3.6316 2.4666 2.0277 80 200 120
4.2806 -2.2605 2.1352 80 200 120
6.4918 -1.9982 0.7429 80 200 120
0.2993 -3.7518 1.7622 80 200 120
-2.3782 -5.1661 1.9808 80 200 120
-2.8158 3.5598 1.7601 80 200 120
2.0296 1.2700 1.9553 80 200 120
1.7820 -5.8555 1.3865 80 200 120
-2.1849 -2.4482 2.2264 80 200 120
2.7933 -4.1947 2.2037 80 200 120
0.3991 -1.9236 1.9755 80 200 120
0.0120 -4.0710 1.8107 80 200 120
3.6497 -1.3599 2.0950 80 200 120
-2.1529 -1.1717 1.8676 80 200 120
-2.0070 -0.2664 1.9458 80 200 120
-1.8461 -4.1764 1.3874 80 200 120
0.4057 -0.6417 1.9985 80 200 120
1.2930 -4.5954 0.3801 80 200 120
0.4862 -4.3197 1.3160 80 200 120
-0.7658 -1.6247 1.9156 80 200 120
-2.5413 3.0233 1.8392 80 200 120
-1.0930 -3.4669 2.0927 80 200 120
-1.4938 0.5629 1.9791 80 200 120
6.8665 0.2031 0.5236 80 200 120
1.0343 -4.0165 0.8864 80 200 120
2.2788 2.2225 2.0705 80 200 120
-0.4106 -0.1412 2.0413 80 200 120
-1.3746 0.2311 1.9860 80 200 120
6.5779 -1.1854 0.1801 80 200 120
-0.9863 -0.4645 1.9577 80 200 120
7.3365 3.5521 -0.0352 80 200 120
6.7897 -2.5498 0.0755 80 200 120
-3.3403 -4.0719 1.8657 80 200 120
1.4103 -3.2941 -0.3335 80 200 120
0.4325 2.1866 2.0648 80 200 120
-3.8296 3.8740 1.4494 80 200 120
4.5091 5.0560 0.6364 80 200 120
-0.5540 0.8341 2.0552 80 200 120
5.5604 -2.7366 -0.5407 80 200 120
1.7191 -0.0041 -0.3717 80 200 120
5.1724 4.9117 -0.1689 80 200 120
4.1034 4.1306 2.0304 80 200 120
6.5634 -1.5680 -0.4804 80 200 120
-2.7258 0.3913 1.1427 80 200 120
2.7621 3.3339 2.2034 80 200 120
5.2697 -0.8498 -0.5078 80 200 120
2.6996 -0.3572 -0.7748 80 200 120
4.5992 -4.5494 0.6531 80 200 120
-2.7783 0.3465 1.3145 80 200 120
-2.7172 3.6404 0.6317 80 200 120
5.4774 3.9945 -0.7128 80 200 120
0.4122 0.1985 -0.6207 80 200 120
-2.6933 3.9981 0.2292 80 200 120
1.3624 -4.0480 -0.7751 80 200 120
-2.3483 3.6876 0.2716 80 200 120
-0.2887 -4.2362 0.2780 80 200 120
2.9953 4.2580 0.9284 80 200 120
0.8857 0.7033 -0.6924 80 200 120
-2.7244 0.4292 0.6548 80 200 120
2.7742 4.2909 1.9603 80 200 120
-3.4464 3.8489 0.2335 80 200 120
2.2452 -0.3543 -1.3087 80 200 120
3.5133 2.6097 -1.4334 80 200 120
2.7942 3.6116 -1.2909 80 200 120
1.9380 3.7996 -1.2874 80 200 120
4.1937 3.9039 -1.2049 80 200 120
2.2800 4.4134 1.1763 80 200 120
-5.1906 3.0117 1.4987 80 200 120
1.0368 3.6860 0.1618 80 200 120
-2.5277 -0.1335 0.4527 80 200 120
-2.5880 -0.1365 1.1674 80 200 120
-2.8319 3.6882 -0.1534 80 200 120
-0.3742 2.4927 1.7703 80 200 120
1.2684 3.8271 -0.4624 80 200 120
2.3564 4.3577 0.1743 80 200 120
2.8816 3.0989 -1.7252 80 200 120
0.3561 3.0697 -1.1647 80 200 120
-5.2772 4.3831 1.8618 80 200 120
-4.7248 3.9994 1.3568 80 200 120
2.0553 3.7346 -0.7296 80 200 120
1.0879 0.1827 -0.6350 80 200 120
1.1932 -3.0050 -0.3170 80 200 120
1.1492 2.7005 -1.8973 80 200 120
1.3693 1.6972 -1.9150 80 200 120
5.2349 3.6463 -2.4857 80 200 120
1.0060 3.7117 1.3425 80 200 120
-4.4282 3.4736 1.9576 80 200 120
-3.2439 3.2551 -0.1622 80 200 120
0.1305 3.3964 -1.5513 80 200 120
1.2577 2.3598 -2.0486 80 200 120
0.2531 -0.0522 -0.8838 80 200 120
3.8510 -2.9906 -0.1768 80 200 120
-2.2918 0.1024 -0.6513 80 200 120
0.0523 0.5192 -0.8952 80 200 120
2.4407 -3.0357 -0.1730 80 200 120
-0.0339 1.8331 -1.8928 80 200 120
-5.3891 4.4027 1.4061 80 200 120
-4.0557 3.9595 0.3567 80 200 120
0.1454 2.9452 -1.8094 80 200 120
-0.5568 -3.2328 1.6612 80 200 120
-2.6262 0.9158 -0.1236 80 200 120
1.4384 2.7986 -1.7689 80 200 120
-4.7069 4.5000 0.9461 80 200 120
0.0108 3.6375 1.5760 80 200 120
-0.8323 -3.4397 1.6218 80 200 120
1.0637 3.0804 -1.9545 80 200 120
-0.1032 3.6013 0.3137 80 200 120
-5.1287 4.0565 1.7220 80 200 120
2.7566 -2.8100 -0.9702 80 200 120
-0.2719 3.3634 -1.6589 80 200 120
-0.8920 -3.6519 1.1892 80 200 120
4.1195 -2.8385 -0.2006 80 200 120
2.6069 -3.1030 -0.1696 80 200 120
5.5302 -2.3222 -1.0266 80 200 120
4.0279 0.4519 -0.0705 80 200 120
4.0642 0.6097 0.8992 80 200 120
4.8233 1.2726 -0.1383 80 200 120
-0.4302 3.7567 0.6488 80 200 120
-2.7472 0.3554 1.1962 80 200 120
1.9546 -0.3162 -0.7063 80 200 120
1.6501 -3.2252 -0.2658 80 200 120
0.1218 2.9814 -1.7248 80 200 120
-3.2261 3.3249 0.8112 80 200 120
-0.5290 3.6478 1.3146 80 200 120
-0.8599 4.1593 -1.2141 80 200 120
-3.3230 3.6633 0.2144 80 200 120
-3.2862 3.8147 -0.1098 80 200 120
-2.5081 -0.1300 0.4868 80 200 120
-3.8035 4.0496 1.8278 80 200 120
-0.6768 -0.1168 -0.6336 80 200 120
0.5014 4.2200 -1.1096 80 200 120
0.1386 -0.1875 -0.9919 80 200 120
0.5952 0.6910 -0.5653 80 200 120
0.3585 -2.5353 -0.7609 80 200 120
0.3259 0.2538 -0.5514 80 200 120
-2.7503 0.3395 1.2597 80 200 120
6.5327 -2.7411 -0.4961 80 200 120
4.6740 -2.8506 -1.7314 80 200 120
3.1690 -0.5910 -0.5381 80 200 120
3.8766 0.0113 -0.4799 80 200 120
1.0671 0.9537 -0.6349 80 200 120
4.6774 -1.7785 -1.4988 80 200 120
0.0801 3.2644 -1.6483 80 200 120
0.1284 2.6067 -1.7344 80 200 120
0.6521 3.5174 -1.2894 80 200 120
1.4475 3.5790 -2.1667 80 200 120
1.4210 2.9408 -1.8216 80 200 120
-0.6390 3.4864 -1.6299 80 200 120
-0.9827 3.8684 -1.2058 80 200 120
-1.0928 3.8139 1.4010 80 200 120
1.2947 2.1094 -1.8533 80 200 120
0.1285 4.1529 -1.9196 80 200 120
-3.0007 1.6293 1.0949 80 200 120
-3.1476 2.0987 0.7218 80 200 120
-3.0425 1.7544 0.3325 80 200 120
2.5300 0.1514 -0.5520 80 200 120
4.8814 -0.9247 -1.4649 80 200 120
-2.8990 1.5857 0.1624 80 200 120
5.5817 -3.0190 -1.9427 80 200 120
2.0218 -3.0081 -0.3174 80 200 120
4.8191 -2.3670 -1.6447 80 200 120
5.3702 -3.4925 -1.1631 80 200 120
0.7264 -3.1534 -0.2484 80 200 120
4.5275 3.6662 1.7170 80 200 120
1.9863 -3.3889 -0.3520 80 200 120
4.6975 -3.8041 1.4935 80 200 120
-1.2319 4.2800 -1.0933 80 200 120
-2.9809 1.1114 1.4639 80 200 120
2.1478 -0.2244 -1.1515 80 200 120
-2.8112 0.4813 1.3735 80 200 120
5.7415 3.6727 0.9927 80 200 120
1.0717 0.7682 -0.5597 80 200 120
-2.2671 0.9420 0.6382 80 200 120
-0.4371 3.9329 -1.7467 80 200 120
-2.7645 0.1575 1.5154 80 200 120
5.9164 0.0842 1.8240 80 200 120
3.2279 -0.7917 -1.5708 80 200 120
3.2678 -2.6621 -0.1640 80 200 120
4.5871 1.3298 -1.5615 80 200 120
2.2314 -0.3980 -0.3677 80 200 120
0.4824 -3.1451 -0.1827 80 200 120
2.0419 -0.6259 -1.1449 80 200 120
1.6180 -2.4912 -0.6354 80 200 120
0.9515 -3.0622 -0.0053 80 200 120
-1.9493 3.6265 0.6551 80 200 120
0.4802 1.1247 -0.9670 80 200 120
-0.6750 -0.1563 -0.6233 80 200 120
-2.6842 -0.0325 1.7517 80 200 120
1.2630 2.0899 -1.7999 80 200 120
0.4407 4.0839 -1.2220 80 200 120
-4.0245 4.5784 1.9579 80 200 120
1.8690 -3.2893 -0.3662 80 200 120
0.1111 3.3663 -1.6892 80 200 120
1.2535 3.2056 -1.1057 80 200 120
-0.2861 4.2926 -1.8345 80 200 120
0.1083 4.2384 -1.9776 80 200 120
1.3205 3.0510 -2.0528 80 200 120
1.0591 3.3029 -1.9947 80 200 120
-2.3611 0.2127 1.5229 80 200 120
-0.8819 4.1021 -1.2072 80 200 120
-2.3640 0.4144 1.3701 80 200 120
1.0487 -0.1181 -1.1586 80 200 120
4.5286 3.5367 -0.6263 80 200 120
5.3623 -1.8005 -1.6547 80 200 120
-2.3481 1.5279 1.6135 80 200 120
-2.3554 1.4291 1.3913 80 200 120
1.9589 -0.3872 -0.6984 80 200 120
-1.2045 4.4510 -1.1598 80 200 120
3.3473 1.4144 -0.6942 80 200 120
0.3783 -0.9691 -1.0936 80 200 120
0.1510 2.6872 -1.7256 80 200 120
-2.5172 -0.0851 0.5036 80 200 120
-2.9600 1.1771 1.1109 80 200 120
2.3100 0.3853 -1.5230 80 200 120
3.0809 0.7591 -1.2373 80 200 120
1.9540 -0.0907 -1.0937 80 200 120
-2.3332 2.6073 1.4020 80 200 120
1.3713 2.8368 -1.5506 80 200 120
0.3749 3.3252 1.6586 80 200 120
4.7123 -0.8453 -1.5821 80 200 120
1.2981 0.4474 -0.8505 80 200 120
5.5196 3.4272 -0.4570 80 200 120
3.5846 -2.3629 -0.3672 80 200 120
0.4995 -3.3103 0.2838 80 200 120
1.5826 -3.1496 -0.3455 80 200 120
2.0769 -2.9468 -0.4307 80 200 120
1.4768 -0.8000 -1.4407 80 200 120
0.4287 2.4044 -1.6647 80 200 120
-2.6910 0.0177 1.7634 80 200 120
0.1791 4.5992 -2.0783 80 200 120
-2.2848 3.6519 0.3090 80 200 120
1.6009 1.8817 -0.6746 80 200 120
0.8913 -3.4950 -0.2514 80 200 120
4.7316 -1.3303 -1.6104 80 200 120
1.5362 -2.5027 -0.8719 80 200 120
4.0474 -4.0334 1.6569 80 200 120
4.4314 -1.9212 -1.4801 80 200 120
1.3111 -2.8026 -0.0369 80 200 120
4.1837 -2.6632 -1.5727 80 200 120
2.9061 -0.5869 -0.5850 80 200 120
0.9131 2.1580 -0.8823 80 200 120
0.9458 0.5138 -0.5683 80 200 120
0.9096 -3.1205 -0.1899 80 200 120
2.3618 -0.4915 -1.2353 80 200 120
-3.0993 1.4025 0.8031 80 200 120
3.6085 0.9438 0.4431 80 200 120
1.2208 2.0106 -0.7124 80 200 120
0.7234 0.6449 -0.6444 80 200 120
-1.5543 3.5217 1.6604 80 200 120
-0.0368 3.0999 -1.5677 80 200 120
0.8556 2.6814 -0.9831 80 200 120
0.2205 2.9471 -1.1041 80 200 120
0.0576 2.0388 -0.9342 80 200 120
-1.2615 4.1082 -1.0952 80 200 120
-2.9371 0.6673 1.2257 80 200 120
-2.3824 0.3529 1.4247 80 200 120
1.7088 -3.1339 -0.6736 80 200 120
-3.0559 1.1304 1.0285 80 200 120
-0.9470 3.9491 -1.1974 80 200 120
-0.0617 0.3668 -0.5252 80 200 120
1.8291 0.9836 -0.6850 80 200 120
-2.7202 0.0820 1.8300 80 200 120
1.9771 -0.7365 -1.6161 80 200 120
-2.5759 2.9283 0.4710 80 200 120
-2.5219 2.1751 -0.0540 80 200 120
-0.0195 2.4132 -1.6421 80 200 120
1.0168 -2.7426 -0.0364 80 200 120
-2.7925 0.3307 1.4070 80 200 120
1.9661 -0.5728 -1.1416 80 200 120
3.1941 0.9188 -1.0970 80 200 120
-0.2449 -2.0792 -0.1930 80 200 120
1.8553 -2.8160 -0.4083 80 200 120
2.7366 -0.8217 -1.4505 80 200 120
1.3388 -3.0359 -0.3452 80 200 120
3.3745 -2.5431 -1.2519 80 200 120
4.0198 -1.6629 -1.7818 80 200 120
1.9073 -0.3387 -0.6949 80 200 120
2.5725 2.5831 -0.8878 80 200 120
0.3103 3.1748 -1.1727 80 200 120
0.8728 -2.7945 -0.5319 80 200 120
-2.6935 0.0550 1.7740 80 200 120
-5.3687 4.8663 1.8938 80 200 120
2.3954 -0.6571 -1.6477 80 200 120
-2.8673 0.3975 1.3455 80 200 120
0.4920 -3.0926 -0.1429 80 200 120
-2.3549 0.1998 1.5367 80 200 120
-3.0545 1.0515 0.9410 80 200 120
-2.6340 3.4707 -0.0433 80 200 120
0.9065 -3.0140 -0.0700 80 200 120
0.1958 -2.2522 -0.3401 80 200 120
3.3854 -0.1259 1.7890 80 200 120
1.2880 -0.0585 1.6550 80 200 120
-0.3860 -0.4391 1.6270 80 200 120
0.2623 1.9390 -1.7301 80 200 120
0.8440 0.5345 -0.7621 80 200 120
-0.1140 2.8060 -1.4470 80 200 120
-0.2751 0.5386 -0.8819 80 200 120
-0.3380 -0.1537 -0.5776 80 200 120
5.7554 3.0999 -1.7416 80 200 120
3.8286 -1.8179 -1.2791 80 200 120
-1.3821 3.8357 -1.1642 80 200 120
0.0992 2.5962 -1.7231 80 200 120
0.2045 1.1191 -0.6181 80 200 120
-0.5214 0.2483 -0.9870 80 200 120
2.2663 0.1462 1.7148 80 200 120
2.2831 0.4303 1.4581 80 200 120
1.8231 0.5564 1.6305 80 200 120
-2.6296 2.7643 1.7451 80 200 120
1.5876 -0.8023 -1.4018 80 200 120
2.0519 -2.4684 -0.5954 80 200 120
1.1173 -0.0055 -1.5312 80 200 120
1.4061 -2.6043 -0.0085 80 200 120
0.9678 -3.0437 -0.0609 80 200 120
0.5420 0.1542 -0.9617 80 200 120
2.8859 0.8576 1.0965 80 200 120
2.8632 1.0478 1.4985 80 200 120
1.3472 -2.9776 -0.3416 80 200 120
0.1173 -0.1113 -1.1249 80 200 120
0.9783 -2.8206 -0.5610 80 200 120
-0.3145 -0.1278 -0.5818 80 200 120
-2.6719 0.0062 1.7090 80 200 120
-5.1846 4.3423 1.7650 80 200 120
1.3128 0.5320 -1.6483 80 200 120
4.1713 2.8335 -1.3728 80 200 120
-3.0303 2.7221 1.4312 80 200 120
1.3649 2.8502 -0.5842 80 200 120
4.8409 -2.0566 1.4738 80 200 120
3.6771 -3.0920 0.7316 80 200 120
0.7550 1.0214 1.6506 80 200 120
3.1276 -0.6499 1.7848 80 200 120
2.3504 -3.1678 1.5853 80 200 120
3.2780 1.6010 1.5953 80 200 120
0.2000 0.7045 1.6372 80 200 120
1.6418 -0.5274 1.6327 80 200 120
1.0596 -0.9056 1.6407 80 200 120
1.3221 -2.6819 1.6220 80 200 120
-0.1891 0.0177 1.5909 80 200 120
0.4550 -2.3978 1.7332 80 200 120
0.8058 0.5889 1.6617 80 200 120
-0.7992 -0.6729 1.6333 80 200 120
-1.0652 0.2531 1.6391 80 200 120
2.6296 -2.7089 1.6250 80 200 120
-0.6373 0.1773 1.6410 80 200 120
0.9797 -1.4818 1.6379 80 200 120
4.0989 2.1192 1.3238 80 200 120
4.8331 -2.7517 1.5565 80 200 120
4.3388 -1.4390 1.5944 80 200 120
1.0120 -1.8197 1.6554 80 200 120
-1.3131 -0.1427 1.6455 80 200 120
-2.4902 3.5203 1.5201 80 200 120
4.4294 -0.4735 -1.8131 80 200 120
3.1015 -0.5941 -0.4827 80 200 120
1.8763 -0.1586 -0.3625 80 200 120
2.1978 -0.8329 -1.4156 80 200 120
-0.2619 3.4702 -1.6615 80 200 120
-1.0270 3.8309 -1.2108 80 200 120
1.7769 -0.6096 -1.0550 80 200 120
1.9623 2.6218 -0.7964 80 200 120
-2.8710 0.3234 1.1873 80 200 120
-3.2464 3.5184 1.0705 80 200 120
4.5547 2.5050 -1.2569 80 200 120
2.0458 0.0670 1.1219 80 200 120
4.6568 -2.5518 0.6719 80 200 120
4.7750 -0.7890 0.6424 80 200 120
1.0352 2.1048 1.7797 80 200 120
3.8263 3.4337 0.9274 80 200 120
4.3296 -0.9131 1.3847 80 200 120
4.1482 0.2482 1.4542 80 200 120
3.9945 3.2957 0.1691 80 200 120
8.0403 4.1433 -0.4385 80 200 120
-0.4930 0.5184 1.6153 80 200 120
3.6004 -1.9430 1.8794 80 200 120
4.3750 -1.7336 0.5653 80 200 120
1.8026 1.4916 1.8003 80 200 120
1.4298 -3.2892 1.5970 80 200 120
0.0639 -1.6331 1.6663 80 200 120
2.9118 -1.1515 1.7912 80 200 120
-0.0274 -0.5563 1.6258 80 200 120
-1.5916 0.4382 1.6138 80 200 120
6.7664 0.5471 0.4553 80 200 120
1.8524 2.1969 1.8318 80 200 120
-0.6561 -0.1531 1.6427 80 200 120
-1.4781 0.2042 1.6378 80 200 120
5.1431 -1.0429 0.1335 80 200 120
-1.1462 -0.3632 1.6345 80 200 120
5.9588 3.2136 0.0024 80 200 120
4.6819 -2.1434 0.0665 80 200 120
-0.1474 1.4331 1.5521 80 200 120
2.7017 3.5577 0.4865 80 200 120
-0.8392 0.6088 1.6399 80 200 120
2.9708 -2.7339 -1.2841 80 200 120
-3.1702 1.0166 1.0266 80 200 120
-0.0225 2.3437 -1.5630 80 200 120
3.7049 -1.6029 -1.7296 80 200 120
1.9106 -1.0755 -1.5912 80 200 120
3.1516 1.0639 -1.0943 80 200 120
2.7899 3.1208 1.5574 80 200 120
2.0572 2.9176 1.8401 80 200 120
2.1277 3.5989 0.7567 80 200 120
-0.9219 4.1274 -1.7785 80 200 120
0.0990 2.8558 -0.9811 80 200 120
-0.3769 3.1161 -1.5611 80 200 120
4.8500 -1.3511 -0.4270 80 200 120
-2.5256 3.6611 0.6335 80 200 120
2.2701 -3.0183 -0.1270 80 200 120
4.4512 -0.8595 -1.4646 80 200 120
1.7378 3.2639 1.5206 80 200 120
1.4039 3.4992 0.9367 80 200 120
-2.5829 -0.0766 1.6039 80 200 120
1.3524 -2.9546 -0.3359 80 200 120
4.1373 -1.7917 -1.2826 80 200 120
0.4047 2.7392 -0.9933 80 200 120
4.3835 -3.1476 1.5000 80 200 120
1.6086 -3.1435 -0.1798 80 200 120
1.5723 -0.3954 -1.5431 80 200 120
3.0830 2.1931 -1.7049 80 200 120
4.0624 0.7843 0.4960 80 200 120
0.9252 3.5288 0.1454 80 200 120
-0.5589 1.9420 1.5489 80 200 120
1.6102 3.3802 0.1866 80 200 120
0.8384 3.4007 1.2770 80 200 120
0.7512 1.4841 -0.7516 80 200 120
2.9342 -0.5683 -1.8008 80 200 120
0.2200 2.8995 -1.8825 80 200 120
0.7768 2.8675 -1.0068 80 200 120
0.0434 0.1229 -0.6092 80 200 120
4.0963 -2.6512 -1.5713 80 200 120
-2.7883 0.1387 1.0648 80 200 120
4.3070 -3.2660 0.8050 80 200 120
3.3496 2.7507 -1.3824 80 200 120
1.9232 1.1683 -1.6020 80 200 120
-0.1189 3.2584 1.4813 80 200 120
-0.1233 3.5255 0.3007 80 200 120
-2.0233 3.6801 -1.1328 80 200 120
0.9906 -2.2802 -0.2467 80 200 120
-2.6117 -0.0275 1.6616 80 200 120
0.0441 2.9529 -0.9723 80 200 120
-2.3189 0.0805 1.4884 80 200 120
1.8117 -0.6747 -1.6198 80 200 120
6.1230 1.3396 -0.1616 80 200 120
2.9704 0.1838 0.9515 80 200 120
-0.4816 3.4979 0.6247 80 200 120
2.1979 -2.7218 -0.3008 80 200 120
3.8883 -2.6067 -1.4984 80 200 120
2.1711 -3.3471 -0.2035 80 200 120
-2.5900 0.6072 0.9462 80 200 120
1.2392 0.1851 -1.7030 80 200 120
-0.5534 3.5045 1.2560 80 200 120
2.7711 -3.5076 -0.2841 80 200 120
-2.5572 -0.1451 1.5819 80 200 120
-0.0415 2.2368 -1.5172 80 200 120
-2.8167 0.1329 1.0478 80 200 120
-1.1041 3.0050 -1.4599 80 200 120
-0.6660 2.2084 -1.7258 80 200 120
-0.9040 2.2553 -1.5910 80 200 120
0.1308 2.9469 -1.0474 80 200 120
-0.4473 0.1556 -0.4642 80 200 120
-1.1295 3.5654 1.3499 80 200 120
3.4801 -2.7339 -0.1404 80 200 120
2.4551 -2.7825 -0.3525 80 200 120
3.2960 -2.5300 -1.1109 80 200 120
2.0278 -0.8319 -1.3676 80 200 120
4.9786 -2.2982 -1.8328 80 200 120
3.1919 -3.0913 -0.1090 80 200 120
2.6571 -0.6343 -1.1892 80 200 120
-1.0453 3.6909 -1.1658 80 200 120
0.4366 0.3787 -0.7872 80 200 120
3.2514 -1.0542 -1.0288 80 200 120
6.2914 0.6291 -0.5486 80 200 120
0.3794 0.5320 -0.6406 80 200 120
3.4554 2.6771 1.4158 80 200 120
4.3173 -3.6597 1.3923 80 200 120
-0.6138 1.9408 -1.5365 80 200 120
1.8296 1.6134 -1.6209 80 200 120
3.1832 0.4085 1.6570 80 200 120
4.5977 2.8197 0.9232 80 200 120
4.3139 -0.3517 1.5087 80 200 120
-4.2478 2.9059 1.4399 80 200 120
3.4685 1.3532 -1.7543 80 200 120
5.4212 -2.2870 -2.0109 80 200 120
5.2145 0.7563 0.9749 80 200 120
-0.8857 2.8363 -1.3101 80 200 120
-2.7552 -0.0051 1.3023 80 200 120
3.6314 -0.7293 -1.0362 80 200 120
1.5785 3.0961 -0.6695 80 200 120
1.9138 -0.5526 -0.3063 80 200 120
-1.9793 3.7488 0.6725 80 200 120
4.6871 -2.9483 0.7827 80 200 120
5.2225 -0.8710 -1.6563 80 200 120
2.2726 -0.6567 -0.4601 80 200 120
2.9712 -0.8512 -1.2001 80 200 120
4.1805 3.2781 -0.5934 80 200 120
2.3937 0.6015 -1.7847 80 200 120
-2.2516 3.7108 0.2975 80 200 120
-0.3131 0.7691 -0.7191 80 200 120
1.7178 2.7417 -1.1429 80 200 120
-0.7558 2.1708 -1.6570 80 200 120
-0.8954 2.9763 -1.6299 80 200 120
5.0118 -1.2136 1.3504 80 200 120
-1.8929 3.4359 -1.5051 80 200 120
2.4654 0.3506 -1.4215 80 200 120
1.6874 -0.5995 -1.1424 80 200 120
-0.3782 0.0023 -0.5145 80 200 120
2.2455 -0.7565 -1.0384 80 200 120
-2.3818 1.6368 1.6481 80 200 120
4.6191 0.6614 1.4884 80 200 120
-2.5659 3.5569 -0.0505 80 200 120
-3.1602 3.6099 0.5955 80 200 120
-1.3247 3.5300 -0.9926 80 200 120
1.7032 -0.4903 -0.6574 80 200 120
-1.8814 3.4957 -1.0737 80 200 120
3.9287 1.7764 -1.7872 80 200 120
5.0702 0.7348 0.9524 80 200 120
0.3353 3.2022 1.6283 80 200 120
7.3943 5.0909 -0.7012 80 200 120
0.8051 1.1597 -0.9955 80 200 120
1.9738 0.2936 -1.5016 80 200 120
-3.4023 3.5391 1.6260 80 200 120
2.5661 0.5645 -0.6561 80 200 120
1.4845 1.8663 -1.6265 80 200 120
3.6414 0.7004 1.2097 80 200 120
-0.0642 0.7747 -0.7388 80 200 120
-2.3136 0.0983 1.5000 80 200 120
0.4446 2.7513 -1.1377 80 200 120
2.1263 2.5654 -1.4992 80 200 120
3.7885 -2.7287 -0.1457 80 200 120
4.3364 -3.6192 1.4433 80 200 120
-2.3501 0.1335 1.2882 80 200 120
0.0767 0.5496 -0.6161 80 200 120
1.3911 2.1864 -1.3230 80 200 120
-0.8923 3.1147 -1.7106 80 200 120
-1.5648 3.3088 1.5839 80 200 120
0.2400 0.4886 -0.6606 80 200 120
2.7431 -0.8856 -1.0685 80 200 120
5.2256 -0.8591 -1.6698 80 200 120
3.2940 3.0542 -0.1215 80 200 120
4.6728 -3.4236 0.9222 80 200 120
2.4551 -0.7476 -0.3946 80 200 120
2.6040 2.5741 -1.3540 80 200 120
0.2373 0.5598 -0.6791 80 200 120
3.6704 1.5446 -2.1743 80 200 120
-0.0264 0.3626 -0.5297 80 200 120
-0.8541 3.2068 -1.6832 80 200 120
1.9711 1.8972 -1.6515 80 200 120
-1.8860 3.5095 -1.0651 80 200 120
3.9104 2.8301 -1.8982 80 200 120
2.8779 2.8791 -1.0282 80 200 120
4.7141 -3.7647 1.5417 80 200 120
-4.4110 3.2987 1.4772 80 200 120
3.1493 0.4685 0.1503 80 200 120
-0.1405 1.7326 -1.1779 80 200 120
2.6582 0.0505 -0.4784 80 200 120
4.8150 -3.2935 1.5892 80 200 120
3.6667 1.1053 0.9080 80 200 120
1.8315 -0.3335 -0.4815 80 200 120
0.1781 0.6962 -0.7161 80 200 120
0.7564 1.8364 -1.3082 80 200 120
1.4373 2.4088 -1.5589 80 200 120
0.8415 2.0098 -0.8598 80 200 120
-0.3427 2.9449 -1.4794 80 200 120
2.0510 2.0278 -1.7332 80 200 120
1.8227 -0.6378 -0.4691 80 200 120
5.1044 -1.8414 1.2138 80 200 120
3.1277 -0.1382 1.6783 80 200 120
1.1553 -0.1580 1.5818 80 200 120
-0.3927 -0.4407 1.6166 80 200 120
6.1532 3.4330 -3.8926 80 200 120
2.9710 2.7878 -0.9487 80 200 120
3.3547 2.4544 -0.8421 80 200 120
2.7549 2.8191 -1.3433 80 200 120
5.3683 0.2967 -0.4822 80 200 120
2.2571 0.1767 1.6820 80 200 120
2.5498 0.6163 1.5557 80 200 120
1.7899 0.6032 1.6088 80 200 120
-2.4537 2.4239 1.6302 80 200 120
2.8613 3.0898 1.1668 80 200 120
4.7862 -2.5302 1.5429 80 200 120
1.4296 2.3582 -1.5585 80 200 120
3.8684 2.6365 0.0643 80 200 120
-3.0752 3.4433 1.0887 80 200 120
4.5433 2.5613 -0.5185 80 200 120
4.6941 2.8974 0.4030 80 200 120
4.1257 1.5798 1.3249 80 200 120
3.4050 1.4064 1.6279 80 200 120
3.3252 1.9952 -1.0350 80 200 120
3.5837 -0.7269 -1.0172 80 200 120
-4.7970 3.7682 1.6245 80 200 120
3.8998 0.7229 -0.3887 80 200 120
1.1081 2.1648 -0.7600 80 200 120
1.4319 1.7909 -1.5402 80 200 120
5.0004 -0.9098 0.6673 80 200 120
4.8034 0.3280 1.4201 80 200 120
2.7275 0.0511 -0.4361 80 200 120
1.7352 -0.0829 -0.7490 80 200 120
4.8241 -2.0385 1.4942 80 200 120
0.7261 1.0155 1.6401 80 200 120
2.7454 -0.7009 1.6078 80 200 120
3.5033 1.9564 1.6604 80 200 120
0.1933 0.6849 1.6138 80 200 120
1.6046 -0.5092 1.6070 80 200 120
1.0733 -0.9191 1.6509 80 200 120
-0.2061 0.0996 1.6223 80 200 120
0.7757 0.5660 1.6221 80 200 120
-0.8072 -0.6776 1.6166 80 200 120
-1.1181 0.2910 1.6698 80 200 120
-0.6323 0.1133 1.5863 80 200 120
4.7244 2.5920 1.5006 80 200 120
4.4806 -1.4231 1.6180 80 200 120
-1.3687 -0.1124 1.6707 80 200 120
-2.4894 3.4079 1.5086 80 200 120
2.1356 0.0390 -0.4928 80 200 120
2.0879 2.8273 -0.8953 80 200 120
3.9649 2.0346 -1.0729 80 200 120
4.6884 -3.7898 1.5352 80 200 120
1.7640 2.9811 -1.2399 80 200 120
2.3036 2.8024 -1.1747 80 200 120
-0.6924 3.3154 1.6009 80 200 120
1.7120 2.3882 -1.4096 80 200 120
-2.8134 3.9728 -0.1198 80 200 120
-2.6914 3.7432 0.6716 80 200 120
2.4997 0.3048 1.2050 80 200 120
0.9367 1.8240 1.6617 80 200 120
3.6555 3.2449 0.9195 80 200 120
4.8652 -0.8321 1.5388 80 200 120
3.6785 2.9776 0.1840 80 200 120
4.3296 1.6853 -0.0226 80 200 120
-0.5104 0.5996 1.6294 80 200 120
2.9165 -1.8216 1.6273 80 200 120
1.6466 1.2101 1.6613 80 200 120
2.3894 -1.1090 1.6149 80 200 120
1.5452 1.6055 1.6174 80 200 120
-0.6936 -0.1258 1.6656 80 200 120
4.9469 -1.0594 0.1563 80 200 120
5.2105 2.5023 0.1220 80 200 120
-0.1754 1.7412 1.6553 80 200 120
2.5271 3.2785 0.4746 80 200 120
2.4751 0.5189 -0.6036 80 200 120
4.7510 -2.5090 1.5447 80 200 120
-0.0665 2.6461 -1.0348 80 200 120
2.7269 3.0423 1.5828 80 200 120
1.8202 2.5173 1.6761 80 200 120
1.9809 3.3158 0.7408 80 200 120
5.0804 -1.8490 1.1819 80 200 120
5.0341 -1.3231 -0.4634 80 200 120
2.6844 2.5037 -1.7855 80 200 120
3.2190 3.0914 1.5944 80 200 120
3.5974 2.0320 -1.5999 80 200 120
5.2475 0.2540 -0.4431 80 200 120
4.9705 -3.3450 1.6123 80 200 120
5.1884 2.8107 0.8025 80 200 120
3.2821 1.2549 -1.5351 80 200 120
2.3159 0.0456 -0.3993 80 200 120
2.1372 0.0366 -0.5778 80 200 120
3.5302 -0.1360 -0.4654 80 200 120
1.6855 3.1548 1.5018 80 200 120
1.3587 3.3595 0.9217 80 200 120
3.5080 0.5111 0.4369 80 200 120
5.0080 -0.3983 1.1793 80 200 120
2.4139 -0.7344 -0.4023 80 200 120
-3.1335 3.5753 1.1137 80 200 120
4.1742 -0.0171 1.6335 80 200 120
2.0836 3.2828 -0.6430 80 200 120
0.8915 3.4355 0.1671 80 200 120
-0.6699 2.5304 1.7265 80 200 120
1.7047 3.6812 0.1592 80 200 120
0.8199 3.3213 1.3104 80 200 120
0.7620 2.5218 -0.9589 80 200 120
1.0558 2.2084 -0.7155 80 200 120
-2.3332 3.6253 0.3687 80 200 120
5.1762 -1.7436 0.6288 80 200 120
5.0331 -1.8426 1.2270 80 200 120
4.9825 -3.0778 0.6854 80 200 120
0.4056 1.7867 1.6829 80 200 120
4.7693 -2.4305 0.6919 80 200 120
2.4777 3.1024 -1.8313 80 200 120
1.8368 2.6041 -1.5549 80 200 120
3.0738 2.8128 -1.9257 80 200 120
3.0561 3.2725 -1.6782 80 200 120
2.4315 0.3225 1.5895 80 200 120
5.1450 -0.5115 0.4501 80 200 120
3.4370 2.8352 -1.4460 80 200 120
2.5723 0.1426 -0.4714 80 200 120
3.4466 1.0295 0.5109 80 200 120
4.9086 -3.3369 1.6215 80 200 120
4.5161 2.9845 1.5402 80 200 120
3.1306 1.4778 -0.6617 80 200 120
5.1081 0.2383 -0.4106 80 200 120
0.4861 2.8460 -0.8751 80 200 120
3.4125 3.3611 -1.1288 80 200 120
-0.1503 3.4001 1.5281 80 200 120
4.5721 2.3959 -1.3696 80 200 120
0.8035 2.7346 -0.9488 80 200 120
0.7027 1.6715 1.6516 80 200 120
2.5595 3.2866 1.1770 80 200 120
1.7929 3.0067 -1.2344 80 200 120
-0.3331 3.6350 0.6222 80 200 120
3.5185 0.5863 -0.3452 80 200 120
2.9601 3.1393 -1.4861 80 200 120
3.1305 0.3077 1.2950 80 200 120
-0.8192 3.5854 0.7224 80 200 120
-1.5576 3.4447 1.5069 80 200 120
4.8791 0.8292 -0.0415 80 200 120
-3.5346 3.8567 1.7123 80 200 120
3.2218 2.8577 -0.4662 80 200 120
-2.4066 3.6720 1.6865 80 200 120
4.9385 -2.5311 0.7058 80 200 120
2.2621 2.8572 -1.0565 80 200 120
0.9822 2.4328 -0.8505 80 200 120
2.6615 0.6160 -0.2941 80 200 120
3.1256 -0.3353 -0.5497 80 200 120
1.3014 2.4340 -0.8483 80 200 120
4.9468 -3.0703 0.7513 80 200 120
2.7743 1.8275 1.6812 80 200 120
4.8953 -3.8699 1.6266 80 200 120
4.4168 2.4689 -0.9145 80 200 120
2.9462 0.1340 -0.5216 80 200 120
4.7913 -3.3540 0.8559 80 200 120
4.6762 -3.7095 1.0366 80 200 120
5.2150 -1.0187 0.1233 80 200 120
1.7209 3.4031 -0.6788 80 200 120
5.0818 0.2608 -0.4092 80 200 120
4.4325 -3.9210 1.2452 80 200 120
5.1040 -1.3760 -0.4845 80 200 120
-0.5737 3.5628 1.2660 80 200 120
2.4896 0.1674 1.4955 80 200 120
2.8519 1.9826 -0.9924 80 200 120
3.5425 1.0197 1.3305 80 200 120
3.7459 3.3573 0.5585 80 200 120
-0.9356 3.7681 0.3575 80 200 120
2.7334 -0.4175 -0.4326 80 200 120
3.3556 1.1861 -0.7984 80 200 120
-0.1046 3.4738 0.3228 80 200 120
3.8202 2.6455 -0.3769 80 200 120
3.0087 2.8010 -0.9440 80 200 120
4.9744 -3.4647 0.8624 80 200 120
5.0552 -3.4225 1.6661 80 200 120
3.7608 2.0677 -1.6616 80 200 120
5.6978 0.6819 -0.0198 80 200 120
2.7872 1.0864 1.7168 80 200 120
3.3618 1.0144 -0.1936 80 200 120
4.9642 -2.7799 1.0558 80 200 120
4.9229 -3.8107 1.6177 80 200 120
4.7485 2.9342 -1.1991 80 200 120
5.2340 -1.0093 0.1542 80 200 120
3.5495 2.3996 -1.5998 80 200 120
5.1306 -2.3369 0.5529 80 200 120
5.1304 -3.7947 1.2571 80 200 120
3.2047 -2.4672 1.6324 80 200 120
0.9465 3.6330 0.1533 80 200 120
4.2448 -3.8112 1.7264 80 200 120
2.3622 3.3124 0.8897 80 200 120
4.4651 -3.9868 1.2603 80 200 120
3.8660 2.8884 -1.0057 80 200 120
5.0993 -3.1256 0.6864 80 200 120
3.7793 3.1179 1.5809 80 200 120
2.8389 0.1678 1.2603 80 200 120
2.8088 0.6248 1.3198 80 200 120
5.1234 -0.9906 0.1544 80 200 120
4.9854 -1.6856 0.6311 80 200 120
5.0784 0.2862 -0.3871 80 200 120
2.5566 0.5276 -0.3099 80 200 120
4.5814 -0.2145 -0.6998 80 200 120
5.1217 3.3297 1.0518 80 200 120
4.6362 -0.3277 1.5865 80 200 120
4.3492 2.3629 -1.2884 80 200 120
3.1872 -3.8802 1.5471 80 200 120
4.5339 3.2946 0.0225 80 200 120
-0.5719 3.5900 1.0571 80 200 120
3.5337 3.4465 0.0142 80 200 120
4.9842 -2.7902 0.0179 80 200 120
4.5800 -4.0509 1.3194 80 200 120
5.3042 3.1455 -0.6185 80 200 120
4.0598 3.2601 1.3112 80 200 120
3.9168 3.2507 0.0507 80 200 120
3.5940 -3.7502 1.5507 80 200 120
4.4992 3.3479 -0.5075 80 200 120
3.2529 2.9318 -0.4303 80 200 120
2.6334 0.5822 0.0793 80 200 120
2.7612 -3.2729 1.7018 80 200 120
0.9364 3.4980 0.1525 80 200 120
1.4607 3.3122 0.8889 80 200 120
3.3409 0.8761 0.5030 80 200 120
4.7362 -3.6586 1.0081 80 200 120
-1.0974 3.4910 1.3834 80 200 120
-1.3687 3.1572 1.5117 80 200 120
5.0736 -0.9274 0.6763 80 200 120
2.3134 3.7175 -0.6728 80 200 120
4.9456 -1.4138 0.0885 80 200 120
3.7222 -1.7164 1.6588 80 200 120
3.5842 2.5609 -0.8708 80 200 120
4.9655 2.3015 -0.2660 80 200 120
5.1462 3.7001 -1.7485 80 200 120
3.4011 -0.3813 1.6707 80 200 120
5.0731 -0.4153 0.8591 80 200 120
5.0032 -1.1949 1.3861 80 200 120
4.9836 -1.7857 1.2350 80 200 120
4.9627 -2.4608 0.7098 80 200 120
6.2526 3.1007 -2.4868 80 200 120
2.4585 0.1788 1.2113 80 200 120
5.3063 3.3634 -0.1582 80 200 120
4.8134 -3.4279 0.9228 80 200 120
4.9170 0.2507 -0.3849 80 200 120
3.6516 -0.6361 1.6027 80 200 120
5.0271 -1.7154 0.6287 80 200 120
2.7948 -2.8995 1.5691 80 200 120
-0.2369 2.1321 1.5941 80 200 120
2.9835 3.0292 -0.7493 80 200 120
3.0741 -3.6756 1.4428 80 200 120
2.5981 -3.0664 1.6133 80 200 120
3.2688 0.2837 0.5161 80 200 120
5.1628 3.2542 -1.3070 80 200 120
4.1404 0.1060 -0.6273 80 200 120
5.1446 -1.4130 -0.4796 80 200 120
5.3560 2.1069 -0.8456 80 200 120
2.6013 0.5559 0.2061 80 200 120
5.3072 2.5851 1.6613 80 200 120
5.0400 0.1418 0.4191 80 200 120
4.7759 3.9685 -1.3779 80 200 120
3.6307 2.3747 -1.1564 80 200 120
4.8711 4.6635 -1.4041 80 200 120
4.9413 -2.7834 0.9870 80 200 120
3.4761 -3.6195 1.4823 80 200 120
3.8509 3.0449 -1.5410 80 200 120
4.8019 -3.4386 0.9145 80 200 120
4.9197 -3.0162 0.6921 80 200 120
4.9348 2.6093 -1.4109 80 200 120
4.9720 -0.9793 0.1544 80 200 120
2.8188 2.2808 1.6496 80 200 120
2.8910 3.0087 -0.2508 80 200 120
3.3527 3.4086 -1.1363 80 200 120
5.2044 1.9256 1.5838 80 200 120
5.3240 3.6245 -1.8981 80 200 120
4.4026 -3.8824 1.2631 80 200 120
4.2393 1.4286 -0.9327 80 200 120
3.7368 3.6193 -0.5847 80 200 120
3.6301 -1.3737 1.6346 80 200 120
5.0125 2.3130 -0.8608 80 200 120
4.9445 -0.0918 -0.0273 80 200 120
4.5748 -2.5244 0.0189 80 200 120
4.8589 -2.4488 -0.4024 80 200 120
4.9624 -1.7035 0.6414 80 200 120
5.2495 2.1560 0.5519 80 200 120
3.5012 -1.9114 1.6432 80 200 120
3.8144 -2.6004 1.5691 80 200 120
5.0122 -0.4220 -0.4304 80 200 120
2.3864 3.2110 1.5835 80 200 120
1.7840 3.3006 1.4177 80 200 120
3.9302 -1.1842 1.6458 80 200 120
5.2687 3.0607 1.3687 80 200 120
4.6105 3.2524 1.2727 80 200 120
3.0013 0.6719 1.1138 80 200 120
3.0712 -3.6686 1.4496 80 200 120
3.7334 -3.7351 1.5286 80 200 120
0.3712 3.0696 1.6945 80 200 120
0.5394 3.2290 1.5265 80 200 120
1.4276 3.2346 0.8428 80 200 120
5.1835 1.8904 -0.0835 80 200 120
4.8826 -3.0108 0.6322 80 200 120
4.7495 -3.5291 1.1534 80 200 120
4.4380 1.6179 -1.2394 80 200 120
0.6406 1.6414 1.5881 80 200 120
3.2799 -0.6582 1.6029 80 200 120
3.4013 3.2889 1.3560 80 200 120
5.0603 -0.1644 -0.3568 80 200 120
2.8171 -3.0334 1.6258 80 200 120
2.9523 0.7274 -0.4823 80 200 120
-0.6001 3.2610 1.4680 80 200 120
2.6339 0.5547 -0.2862 80 200 120
4.8343 2.8614 -1.0713 80 200 120
5.2595 1.6522 1.2076 80 200 120
5.2691 1.7385 0.8279 80 200 120
4.7406 -3.3236 0.8280 80 200 120
4.6502 2.3571 -1.3111 80 200 120
4.3461 1.8995 -1.2348 80 200 120
2.4778 0.4815 1.6722 80 200 120
4.8928 1.5677 -1.4307 80 200 120
1.6921 2.4937 1.6083 80 200 120
5.2166 1.6162 0.1262 80 200 120
4.9403 -2.8492 0.0275 80 200 120
5.0300 -1.3850 -0.4846 80 200 120
3.0609 3.1438 -0.7744 80 200 120
2.7132 0.5510 0.1812 80 200 120
3.7548 -3.9378 0.5878 80 200 120
3.0148 -3.6250 1.4303 80 200 120
3.1886 -2.5079 1.6668 80 200 120
3.6431 3.5855 -0.5532 80 200 120
4.0832 3.2478 0.3827 80 200 120
1.3862 3.3452 0.8767 80 200 120
2.5213 0.4788 1.4954 80 200 120
3.0248 2.0063 -0.7394 80 200 120
5.2208 2.5046 -0.2654 80 200 120
5.1788 1.2675 0.3804 80 200 120
5.1265 1.3362 -0.5794 80 200 120
4.9978 1.6182 -1.4797 80 200 120
3.0469 1.7514 -0.8577 80 200 120
5.2687 1.5918 -1.0117 80 200 120
4.9583 1.8394 -1.1397 80 200 120
4.9412 -1.4049 0.0580 80 200 120
4.7750 2.9822 -1.2142 80 200 120
5.0898 1.3022 1.7734 80 200 120
3.7738 1.0302 1.6767 80 200 120
4.1357 3.7952 -1.1323 80 200 120
4.7492 -1.9774 0.1055 80 200 120
5.0348 1.1719 -1.5267 80 200 120
4.9316 2.2311 -0.8848 80 200 120
3.7845 1.8248 -1.0282 80 200 120
2.8121 -3.0430 1.6439 80 200 120
4.1143 2.3009 -1.2013 80 200 120
4.9468 -2.8815 0.0266 80 200 120
3.1205 -3.9357 1.5593 80 200 120
4.9984 1.3117 -1.1043 80 200 120
4.8244 -3.3478 0.1595 80 200 120
1.8624 -1.6784 1.6223 80 200 120
3.8230 3.1601 1.6165 80 200 120
3.6518 -3.7554 1.7004 80 200 120
5.7237 3.8584 -2.2059 80 200 120
5.3306 2.0490 -0.4802 80 200 120
4.6361 2.0611 -1.3569 80 200 120
4.2332 1.3902 1.7341 80 200 120
5.1332 0.9494 1.5850 80 200 120
5.2197 0.7866 1.0281 80 200 120
5.7222 0.9309 -1.8055 80 200 120
3.3930 2.1377 -0.9692 80 200 120
4.1422 1.0000 1.6906 80 200 120
3.3978 3.2090 -0.2311 80 200 120
5.2518 0.6395 -1.6933 80 200 120
3.8920 3.0939 -0.5825 80 200 120
4.7012 2.0958 -1.7386 80 200 120
2.8722 3.2450 1.2475 80 200 120
4.9408 3.1741 0.4685 80 200 120
2.7373 -2.8920 1.5489 80 200 120
3.1223 -3.9816 1.5995 80 200 120
2.4086 0.2795 0.7316 80 200 120
3.6595 -4.0362 1.6514 80 200 120
2.3894 -0.9311 1.4553 80 200 120
1.5681 -1.7309 1.5764 80 200 120
2.3446 3.2183 1.1693 80 200 120
2.7838 3.4221 1.7980 80 200 120
2.6058 3.2154 0.3667 80 200 120
3.5724 3.1087 -0.5324 80 200 120
2.3862 -0.5334 1.4208 80 200 120
4.7639 -3.4399 0.9083 80 200 120
4.9603 -3.1859 0.7205 80 200 120
3.4318 3.0871 0.2321 80 200 120
3.3777 1.3866 1.6782 80 200 120
5.0166 0.3914 1.4789 80 200 120
3.1081 -2.4109 1.5860 80 200 120
5.0886 3.0400 -1.5765 80 200 120
3.4458 3.1593 1.6287 80 200 120
4.9241 -3.5166 0.2263 80 200 120
4.9447 0.6658 1.6969 80 200 120
2.2668 0.3436 1.5011 80 200 120
5.0137 1.0888 1.1142 80 200 120
4.6256 0.3009 1.6334 80 200 120
4.7023 4.0386 -1.3562 80 200 120
3.5685 3.0507 -0.9629 80 200 120
2.7211 -0.7710 1.6853 80 200 120
3.3869 1.9803 1.6461 80 200 120
4.8196 2.7748 1.5649 80 200 120
4.9614 1.8192 -1.0956 80 200 120
5.0320 0.1992 -0.3403 80 200 120
3.9250 2.6224 -1.2889 80 200 120
4.8098 0.1549 1.4690 80 200 120
5.4540 0.7568 -1.7766 80 200 120
5.1122 1.0390 0.0607 80 200 120
5.2159 0.4195 -1.6072 80 200 120
3.5337 3.2521 0.9406 80 200 120
4.9859 2.4308 0.0815 80 200 120
4.8066 2.9023 -1.5096 80 200 120
5.9189 4.0367 -2.3661 80 200 120
4.9489 -0.3864 0.8956 80 200 120
3.6981 -0.1938 1.5837 80 200 120
4.9191 -0.3386 1.1950 80 200 120
4.0495 -4.0732 1.4514 80 200 120
5.2874 2.0066 -1.8616 80 200 120
5.1768 1.5532 -1.0008 80 200 120
5.0058 0.4972 -0.1182 80 200 120
3.4043 -0.0445 1.6172 80 200 120
5.6968 3.0598 -2.1067 80 200 120
3.0246 3.0484 1.5516 80 200 120
4.9835 2.8069 0.8041 80 200 120
5.8498 5.5332 -1.8302 80 200 120
4.8766 1.8086 -1.1625 80 200 120
4.9024 -0.6255 -0.0992 80 200 120
2.2474 0.2417 0.7980 80 200 120
4.8984 1.6072 1.6203 80 200 120
4.7579 1.5792 -1.4570 80 200 120
5.0052 2.2978 -0.8840 80 200 120
4.8730 -0.9469 0.6312 80 200 120
4.8014 -0.7000 1.5630 80 200 120
3.1638 3.0277 -0.2097 80 200 120
4.8635 0.1235 0.4301 80 200 120
2.3555 -2.4055 1.8876 80 200 120
2.9893 2.3155 -0.7757 80 200 120
2.6108 2.2753 1.6248 80 200 120
4.5613 2.7206 -1.3543 80 200 120
4.7515 -1.2041 1.2569 80 200 120
4.9023 -0.8110 0.2248 80 200 120
4.9183 0.4417 -1.5399 80 200 120
4.9700 0.9859 0.4813 80 200 120
4.9973 1.7115 -0.5822 80 200 120
4.6749 -1.2696 -0.4614 80 200 120
4.5551 2.9485 -1.6762 80 200 120
4.9290 1.4243 -1.6919 80 200 120
4.5640 -0.1445 1.3438 80 200 120
5.0536 1.5475 -1.0081 80 200 120
2.2217 -2.9122 1.6501 80 200 120
4.6112 1.8332 -1.3955 80 200 120
4.8789 0.3275 -0.7632 80 200 120
4.7866 0.1654 -1.5560 80 200 120
2.2519 0.2604 0.5615 80 200 120
4.6445 3.0681 0.4421 80 200 120
4.8352 0.1609 1.0530 80 200 120
2.7630 0.1311 0.9463 80 200 120
4.7755 -0.0286 -1.4804 80 200 120
2.3717 3.2373 0.3226 80 200 120
4.6555 -1.8450 1.4278 80 200 120
2.2678 0.1394 0.0344 80 200 120
4.7428 2.6650 -1.5875 80 200 120
4.1740 2.3464 -1.6599 80 200 120
2.2182 3.1602 1.1700 80 200 120
4.8473 -1.7618 0.6597 80 200 120
4.7379 2.3805 -1.4931 80 200 120
3.2531 0.2185 1.6151 80 200 120
2.2503 0.2302 0.2407 80 200 120
4.8879 1.1475 -0.1311 80 200 120
2.2538 0.2073 0.4345 80 200 120
2.4510 3.2488 1.3495 80 200 120
4.5531 3.0829 1.5986 80 200 120
4.1029 2.8484 -1.3978 80 200 120
3.7505 3.0170 -1.1113 80 200 120
4.8368 -1.8376 1.2201 80 200 120
4.3314 1.9587 -1.2884 80 200 120
4.3871 2.8197 0.7496 80 200 120
4.4766 -2.1917 1.4752 80 200 120
4.7266 -2.3562 0.7381 80 200 120
4.6864 -0.9972 1.5328 80 200 120
3.6606 -1.0463 1.4984 80 200 120
5.2519 0.2922 -1.6783 80 200 120
4.9985 0.5908 -1.6397 80 200 120
4.7515 -0.2875 -1.5061 80 200 120
4.7086 -1.2559 -0.4539 80 200 120
4.8875 -0.5682 0.4437 80 200 120
3.8276 -1.4769 1.5027 80 200 120
4.6868 -2.9265 0.6445 80 200 120
3.2179 3.1276 -0.1917 80 200 120
4.9063 1.4810 -1.7284 80 200 120
4.7807 -3.0886 1.5850 80 200 120
5.0175 4.2316 -1.2715 80 200 120
4.3058 0.9652 -1.5998 80 200 120
4.6292 -2.4240 0.2396 80 200 120
3.9052 3.7053 -1.1333 80 200 120
4.9763 1.8518 -1.1729 80 200 120
4.5600 1.6235 -1.3896 80 200 120
4.1082 -2.6725 1.4680 80 200 120
4.6113 2.3290 -1.4479 80 200 120
4.7311 0.8200 -1.4705 80 200 120
4.3516 1.9039 1.5300 80 200 120
4.7250 -3.5908 1.2269 80 200 120
3.7565 2.9038 -1.4328 80 200 120
4.8773 1.2965 -1.1262 80 200 120
2.7715 3.1269 1.5907 80 200 120
3.6977 0.7098 1.8027 80 200 120
4.4705 -0.2410 1.7335 80 200 120
4.8237 0.5819 -1.5457 80 200 120
3.6682 3.1266 0.6511 80 200 120
2.9934 3.3305 1.0979 80 200 120
3.4352 -1.9480 0.5943 80 200 120
2.5468 0.3231 1.4141 80 200 120
1.5009 3.2868 1.4695 80 200 120
4.8313 -0.4353 -0.4086 80 200 120
3.2022 3.0339 0.0011 80 200 120
4.1817 1.7636 -1.5133 80 200 120
1.3651 3.1751 1.0894 80 200 120
3.1195 -0.6205 1.5374 80 200 120
3.3890 -1.4800 1.4089 80 200 120
0.7580 3.0880 1.1881 80 200 120
4.6307 1.1302 -1.4253 80 200 120
4.7219 1.5381 0.3458 80 200 120
1.1241 3.0471 1.3876 80 200 120
3.2136 2.8628 0.3968 80 200 120
3.7398 3.0135 -1.1230 80 200 120
2.8706 3.1964 -0.1414 80 200 120
3.5549 3.1955 -0.9951 80 200 120
2.2484 3.0682 1.4565 80 200 120
3.2648 -0.3222 1.4892 80 200 120
3.4091 3.1034 -1.5015 80 200 120
4.4067 0.0578 1.8007 80 200 120
3.6673 2.5550 1.6521 80 200 120
3.0593 3.2079 -1.2397 80 200 120
2.1996 3.3694 1.4924 80 200 120
4.1186 2.9304 -0.9866 80 200 120
-0.0117 3.3704 1.7775 80 200 120
0.8188 3.5380 1.9657 80 200 120
1.0720 3.4991 1.7626 80 200 120
0.7086 3.1569 1.2502 80 200 120
1.4201 2.4589 1.7323 80 200 120
1.9332 3.1063 1.5194 80 200 120
1.7775 2.2653 1.1033 80 200 120
3.2991 2.8596 -1.5436 80 200 120
2.9996 3.1059 -0.9890 80 200 120
3.9907 2.4339 1.3781 80 200 120
3.1703 3.0610 0.6805 80 200 120
4.0811 2.7511 -1.3847 80 200 120
3.3627 2.7585 -1.3405 80 200 120
3.4633 2.4997 -0.8327 80 200 120
0.2469 3.7492 2.1667 80 200 120
4.4776 2.3722 -1.3333 80 200 120
4.1312 3.0289 -1.4779 80 200 120
3.6994 3.0654 -0.5000 80 200 120
4.0359 3.1259 -0.6331 80 200 120
1.1884 3.5679 2.2894 80 200 120
1.2555 3.0809 0.7732 80 200 120
2.4265 3.1208 1.0582 80 200 120
5.3745 3.5354 -1.5083 80 200 120
4.8244 2.9411 -1.5470 80 200 120
1.9677 3.0196 -0.2398 80 200 120
4.6863 2.1554 -1.4090 80 200 120
4.3699 2.7538 -1.6003 80 200 120
4.8699 1.5349 -0.4063 80 200 120
1.5043 3.2589 1.5160 80 200 120
4.1793 1.8795 -1.5783 80 200 120
4.5954 1.5247 -1.3669 80 200 120
3.6226 2.3095 -1.5309 80 200 120
4.3067 1.9528 1.0247 80 200 120
4.8151 1.4765 -0.9407 80 200 120
4.9172 1.8280 -1.1719 80 200 120
3.2329 3.0743 -1.5498 80 200 120
4.5182 -0.6576 0.4808 80 200 120
4.4225 -1.4722 1.3810 80 200 120
4.5708 2.2134 -0.3239 80 200 120
4.5902 2.2634 -1.5286 80 200 120
4.9828 1.8539 -1.5166 80 200 120
4.8149 1.3089 0.1033 80 200 120
3.8721 3.0236 -1.6577 80 200 120
2.3599 2.9633 -0.2050 80 200 120
2.4500 2.9350 0.3047 80 200 120
2.9848 2.5774 -0.5178 80 200 120
4.6262 0.3753 0.5154 80 200 120
5.2802 5.5805 -0.1129 80 200 120
1.8492 2.9899 -0.0903 80 200 120
4.2407 2.1525 1.5441 80 200 120
-0.2382 3.2937 0.9841 80 200 120
-0.2012 1.5110 2.3446 80 200 120
0.2120 3.2165 1.6244 80 200 120
2.7011 1.0517 1.1727 80 200 120
0.6249 2.5204 1.2081 80 200 120
3.7226 2.8495 1.3710 80 200 120
4.7775 2.5244 -0.2046 80 200 120
3.7351 2.8362 0.5625 80 200 120
3.1385 2.9378 -0.0350 80 200 120
1.1222 2.7955 -0.0608 80 200 120
1.5357 2.8545 0.7438 80 200 120
3.4870 2.4380 -0.1879 80 200 120
5.0643 3.0886 -0.5834 80 200 120
4.2555 3.6635 1.9474 80 200 120
3.1757 2.4614 -0.1621 80 200 120
2.5310 3.1136 -1.5343 80 200 120
1.0429 3.0173 -0.6464 80 200 120
4.2250 2.9056 -1.4361 80 200 120
-0.1878 2.9955 1.1632 80 200 120
4.1596 3.5242 -1.2895 80 200 120
3.6767 3.3764 -1.0347 80 200 120
2.1951 0.1629 1.5635 80 200 120
4.0342 2.9101 -1.6894 80 200 120
2.6632 2.9254 0.6536 80 200 120
0.0387 3.0647 1.3016 80 200 120
-0.5202 2.7538 1.3965 80 200 120
3.1206 2.1455 -0.4889 80 200 120
5.1107 2.4837 -1.7023 80 200 120
0.3797 1.7012 1.3750 80 200 120
5.3581 2.7943 0.5430 80 200 120
3.2983 0.1018 1.7293 80 200 120
2.3520 0.8383 0.6464 80 200 120
4.6222 2.7049 0.0875 80 200 120
3.4591 3.0023 -1.4603 80 200 120
4.8650 1.0974 0.8461 80 200 120
4.3680 2.3260 -1.4817 80 200 120
2.5757 0.2192 1.5482 80 200 120
2.9745 2.9204 -1.1214 80 200 120
4.7395 2.4074 -0.9642 80 200 120
3.5423 4.0825 -2.0681 80 200 120
1.7172 2.8024 -0.6593 80 200 120
3.0578 2.6705 -1.5164 80 200 120
-0.2160 1.4065 1.5682 80 200 120
2.0562 2.3239 -0.9368 80 200 120
1.3752 2.9032 -1.0136 80 200 120
1.8206 2.4557 -0.9479 80 200 120
-1.7536 3.3349 1.6463 80 200 120
0.2868 2.8794 0.1137 80 200 120
-1.7118 1.6273 3.8735 80 200 120
-0.2190 3.0815 0.6128 80 200 120
3.5363 3.4937 2.7942 80 200 120
4.8221 0.3057 1.6177 80 200 120
-0.9546 2.5716 1.6453 80 200 120
2.5541 2.4617 1.5737 80 200 120
0.8094 1.7171 1.3423 80 200 120
3.6033 2.9473 -1.4733 80 200 120
1.9982 2.6637 -0.8860 80 200 120
2.0813 2.5508 -0.9495 80 200 120
3.8266 2.9115 -1.4505 80 200 120
-1.9696 2.6802 1.2369 80 200 120
0.8866 3.0043 1.0290 80 200 120
4.4786 2.8461 -0.2049 80 200 120
1.7980 2.3416 -0.9388 80 200 120
-2.3985 3.0384 0.8643 80 200 120
1.6675 2.3634 -0.9303 80 200 120
-2.8020 2.2454 1.8419 80 200 120
-1.1647 1.5533 1.5424 80 200 120
1.5442 2.3595 -0.9569 80 200 120
-1.2159 2.8731 0.9419 80 200 120
2.6186 -0.3445 2.5113 80 200 120
4.9167 4.7334 -1.9667 80 200 120
4.5213 2.1673 -0.0348 80 200 120
4.8311 1.9587 0.0838 80 200 120
2.0794 2.9161 0.6974 80 200 120
6.2209 3.1951 0.0567 80 200 120
-2.4849 3.4045 0.3845 80 200 120
4.6301 3.0785 0.4647 80 200 120
1.4616 2.9279 -0.1221 80 200 120
-0.2609 2.0040 1.4578 80 200 120
0.8263 2.6977 1.3907 80 200 120
6.1328 2.9425 2.6507 80 200 120
0.2579 0.7205 1.3968 80 200 120
1.4866 2.1032 -0.8132 80 200 120
1.3011 2.1840 -0.7581 80 200 120
-0.8799 2.3277 -0.0716 80 200 120
1.1759 2.1539 -0.8904 80 200 120
-3.8302 1.6842 1.5480 80 200 120
-1.0030 2.2428 -0.6465 80 200 120
-4.1418 2.7110 0.5025 80 200 120
-4.2249 2.6440 1.0196 80 200 120
-2.3617 1.0847 1.4664 80 200 120
1.0916 0.9960 0.5463 80 200 120
-0.2050 2.5442 0.1737 80 200 120
-4.6264 2.4239 1.5092 80 200 120
1.3329 2.4069 -0.8362 80 200 120
-2.8004 0.6010 1.7895 80 200 120
0.2614 2.6276 -0.8579 80 200 120
-2.6784 1.5435 1.5636 80 200 120
1.6201 2.9828 -0.9125 80 200 120
4.1921 2.6384 0.4251 80 200 120
1.9109 3.0519 -1.4896 80 200 120
-18.1588 9.6537 -2.8514 80 200 120
-2.4259 2.7945 -1.0152 80 200 120
0.6836 2.1174 -0.9034 80 200 120
-0.1406 2.2739 -0.9572 80 200 120
-1.4833 2.2536 -1.0570 80 200 120
-5.5897 1.7034 -0.3227 80 200 120
-3.5999 -0.1769 1.7803 80 200 120
-0.7600 -0.0629 1.5007 80 200 120
-1.0056 2.7859 -0.1694 80 200 120
-7.4655 4.3098 -0.2366 80 200 120
-1.6083 -0.1553 1.5166 80 200 120
-0.9686 0.8648 1.6618 80 200 120
-4.7951 2.0201 0.1936 80 200 120
1.2081 1.6012 1.4973 80 200 120
-4.3181 0.9320 1.4404 80 200 120
-3.5933 0.4994 1.5369 80 200 120
-3.7277 2.8882 1.4216 80 200 120
1.2876 1.9937 -0.8250 80 200 120
0.1703 3.0468 -0.9293 80 200 120
0.6746 0.9772 1.3680 80 200 120
-6.2033 0.3294 0.6560 80 200 120
3.8665 2.7148 0.8171 80 200 120
-3.3601 1.6824 -1.3173 80 200 120
-2.9766 1.8549 -1.5258 80 200 120
-3.4472 1.2553 -1.7231 80 200 120
1.6178 1.5645 -0.7334 80 200 120
-3.3156 -0.4373 0.5559 80 200 120
0.3412 1.8599 -1.2212 80 200 120
1.4282 2.2881 -0.9130 80 200 120
2.1028 2.3105 -0.8854 80 200 120
-14.5224 -10.3774 16.0536 80 200 120
-4.0050 -0.1401 1.2597 80 200 120
1.6018 1.7305 -0.7671 80 200 120
3.4764 2.1040 0.3188 80 200 120
1.4734 2.2882 -1.1125 80 200 120
1.6078 2.3323 -0.8210 80 200 120
-4.5970 1.5487 0.5503 80 200 120
2.9914 2.7586 0.9500 80 200 120
-0.5884 1.2742 -1.4152 80 200 120
2.0260 1.2757 -0.3744 80 200 120
1.3827 1.7001 -1.0564 80 200 120
-2.9029 -0.8543 -0.9560 80 200 120
-10.3620 -8.2386 6.0463 80 200 120
-9.1861 -1.2815 -3.3848 80 200 120
2.3397 1.5977 -0.6953 80 200 120
1.5702 1.8601 -1.1484 80 200 120
-5.1299 0.6425 -0.5395 80 200 120
-0.2391 -0.0132 1.5969 80 200 120
0.5748 2.2049 -1.5158 80 200 120
1.7178 1.2215 -0.5309 80 200 120
2.2238 1.7947 -0.7517 80 200 120
-2.7230 2.1549 -1.0121 80 200 120
1.6627 1.5317 -0.7765 80 200 120
-4.1241 -3.2239 0.8991 80 200 120
-2.9034 -0.3250 -0.1566 80 200 120
1.6811 2.7651 -0.9704 80 200 120
-1.1268 -0.9812 1.6035 80 200 120
-4.1407 3.2810 0.4717 80 200 120
0.8122 2.7090 -1.7863 80 200 120
-0.4497 1.3646 -1.5499 80 200 120
-1.4142 1.0565 1.4638 80 200 120
2.4253 1.5963 -0.5988 80 200 120
-5.0716 0.5388 0.4940 80 200 120
1.9901 1.9085 -0.9537 80 200 120
-5.5943 0.9741 -1.0515 80 200 120
-60.0405 -19.2907 -16.3464 80 200 120
1.3492 1.6611 -1.2253 80 200 120
-0.5955 0.1039 -1.5050 80 200 120
-0.1362 1.2796 -1.6744 80 200 120
-0.7697 2.7809 -0.9104 80 200 120
0.0509 2.1858 -0.8891 80 200 120
-3.0338 -2.9782 1.4008 80 200 120
-2.2438 -2.7661 0.4675 80 200 120
-2.5783 0.4713 1.7128 80 200 120
-2.7243 3.0812 -0.8611 80 200 120
2.3383 1.4803 -0.6368 80 200 120
-1.2714 -1.4231 -1.5097 80 200 120
0.1704 -0.1309 -1.3425 80 200 120
2.2188 1.0394 -0.4911 80 200 120
-4.8800 -2.3849 1.2662 80 200 120
-2.2619 -2.6123 -0.2272 80 200 120
-4.0666 -2.9261 1.3964 80 200 120
-0.4810 1.8751 -1.5278 80 200 120
1.8013 1.3849 -0.5351 80 200 120
-2.1362 -1.3855 -0.2876 80 200 120
1.2976 2.0245 -1.4028 80 200 120
0.0056 0.9387 -1.6006 80 200 120
0.0564 0.1128 -1.0005 80 200 120
0.5087 -0.0979 -0.9271 80 200 120
-3.2060 -4.8704 -0.7352 80 200 120
2.4366 0.6481 0.1579 80 200 120
0.2792 -1.8807 0.5804 80 200 120
-1.6947 -2.5254 1.3932 80 200 120
-4.9018 -0.0363 -0.8793 80 200 120
2.2544 0.3298 0.8608 80 200 120
0.6518 -1.4292 1.1092 80 200 120
-2.4581 -2.3384 -0.4238 80 200 120
-3.0135 -4.2728 -1.8680 80 200 120
-0.6519 -1.3030 1.5128 80 200 120
-3.4567 -4.1263 -3.2019 80 200 120
0.4881 -1.6772 0.8184 80 200 120
1.8346 -0.1332 0.6089 80 200 120
-1.5231 -1.7511 -2.1182 80 200 120
2.3917 0.3505 1.3236 80 200 120
0.0200 -0.0251 -1.4703 80 200 120
-0.2420 -2.5228 0.2688 80 200 120
-5.2275 -2.3544 0.6537 80 200 120
-4.1580 0.0498 0.0923 80 200 120
1.4976 1.6718 -0.7280 80 200 120
1.1417 -0.2802 -0.9517 80 200 120
1.3173 2.7027 -1.3084 80 200 120
-0.3800 0.4671 -1.5543 80 200 120
0.4727 1.5739 -1.2969 80 200 120
-4.4872 0.0452 -1.4556 80 200 120
3.6909 -1.1052 1.4871 80 200 120
0.6481 -0.7781 -1.6788 80 200 120
2.4200 0.4369 0.8322 80 200 120
0.6139 0.5463 1.5761 80 200 120
1.8578 -0.0729 0.8203 80 200 120
1.6451 -0.4549 0.4279 80 200 120
-2.5481 -1.8687 1.7793 80 200 120
2.1587 0.2021 -0.3992 80 200 120
1.8584 2.0948 -0.8149 80 200 120
-1.6624 -2.4535 -1.8764 80 200 120
-1.7475 -2.6684 -0.7395 80 200 120
0.3732 3.1295 1.4984 80 200 120
1.0700 1.7927 -1.5234 80 200 120
1.7515 0.3068 -0.8907 80 200 120
0.8338 -0.5899 -1.2134 80 200 120
2.4503 0.4886 1.4242 80 200 120
2.2453 0.3669 0.1136 80 200 120
1.3705 1.6514 -1.2172 80 200 120
2.5001 0.1473 0.7345 80 200 120
3.5502 3.7500 2.5267 80 200 120
-0.2876 0.0896 -1.6944 80 200 120
0.9620 0.6128 -1.4233 80 200 120
-0.6699 3.2888 1.0205 80 200 120
0.3645 0.0970 1.5631 80 200 120
-1.1417 0.8685 -1.6871 80 200 120
-1.8027 -3.2099 -0.0230 80 200 120
-3.4479 -2.9278 -1.5994 80 200 120
2.6910 -1.4850 -0.1894 80 200 120
2.4626 -0.3791 0.6336 80 200 120
-0.6081 -0.1765 -0.4236 80 200 120
2.6797 -2.4686 1.3498 80 200 120
3.3178 -2.9009 1.2483 80 200 120
2.3061 -2.9910 1.2981 80 200 120
2.5387 -0.0042 0.6845 80 200 120
3.7151 -2.3874 1.3684 80 200 120
0.7726 1.9156 -1.1584 80 200 120
-0.5793 2.1770 -1.2027 80 200 120
0.8040 -0.0276 -1.6001 80 200 120
-6.1264 0.6416 -1.9133 80 200 120
-0.1432 -0.9059 1.5806 80 200 120
-3.5495 -0.2050 -0.5127 80 200 120
3.9207 -2.8813 0.9612 80 200 120
3.8310 -1.1179 0.6704 80 200 120
3.8585 -0.4653 0.6466 80 200 120
-1.5403 -0.2212 -0.3582 80 200 120
1.8055 0.3679 -1.1399 80 200 120
1.2514 0.4620 -1.4299 80 200 120
2.2786 0.4518 1.3730 80 200 120
-1.0627 2.2919 -0.5372 80 200 120
1.9063 0.4850 -0.9319 80 200 120
1.2605 0.1619 -1.4748 80 200 120
-9.1095 -13.7480 -0.9983 80 200 120
2.2259 0.3188 -0.0621 80 200 120
-2.7628 -0.1743 1.5742 80 200 120
2.2075 0.2549 0.4775 80 200 120
-2.3905 2.1352 -1.4329 80 200 120
-0.5664 -1.5571 -1.5785 80 200 120
0.7576 -0.0518 -1.3789 80 200 120
2.9088 -3.0223 1.2298 80 200 120
2.6849 -0.8880 -0.2724 80 200 120
0.4455 2.5261 -1.0751 80 200 120
1.9779 0.0633 -0.3346 80 200 120
3.4512 -3.3603 0.4492 80 200 120
4.0855 -0.2347 0.9279 80 200 120
4.2145 -2.6304 0.7908 80 200 120
-1.9269 -0.8102 1.7326 80 200 120
0.3628 -1.1584 1.3018 80 200 120
-1.3325 -2.9529 0.9684 80 200 120
0.8949 0.5663 -1.4754 80 200 120
-0.2095 -0.5275 1.5374 80 200 120
0.8458 -0.7331 -0.5220 80 200 120
2.9135 -2.0916 -0.1665 80 200 120
3.5446 -2.2987 -0.1489 80 200 120
-4.8082 3.7014 -0.2400 80 200 120
-1.6340 -2.4167 -1.3389 80 200 120
2.0472 0.0352 -0.4201 80 200 120
-4.6822 3.0724 -0.6018 80 200 120
2.5204 0.1177 0.1811 80 200 120
3.6348 -3.5979 1.0597 80 200 120
-0.6157 0.2575 1.5751 80 200 120
4.3095 -3.0090 -0.4282 80 200 120
-1.1883 1.5508 -1.5223 80 200 120
2.5340 0.2300 1.5285 80 200 120
3.3954 -1.4150 1.3601 80 200 120
-2.5399 3.4006 0.3614 80 200 120
2.9729 -0.8762 -0.4401 80 200 120
2.3886 -0.1391 1.2571 80 200 120
2.6235 -0.0719 -0.3692 80 200 120
3.2509 -2.1489 -0.2106 80 200 120
-7.0810 0.3765 -1.8371 80 200 120
0.3089 0.1693 -1.3548 80 200 120
4.7404 -3.2417 0.6827 80 200 120
1.8335 0.1567 -0.4262 80 200 120
3.4917 -2.7690 -0.7792 80 200 120
-2.0039 -0.2276 -1.1929 80 200 120
4.0631 -1.4725 -0.0705 80 200 120
5.1623 -3.3654 0.9947 80 200 120
0.5806 -0.1789 -1.4791 80 200 120
-3.2486 -0.0262 -1.2994 80 200 120
0.1473 -1.4085 -1.4439 80 200 120
3.1770 -2.2708 -0.9152 80 200 120
1.2332 0.2458 -1.3640 80 200 120
-0.0432 0.2086 -1.5502 80 200 120
3.8922 -3.6825 -1.5483 80 200 120
1.1368 -0.3795 -1.2839 80 200 120
-0.5261 0.9871 -1.5057 80 200 120
1.0428 -0.4843 -1.5848 80 200 120
1.7514 0.2438 -1.3507 80 200 120
-1.4439 0.1140 -1.5342 80 200 120
2.1525 0.2405 0.2794 80 200 120
-1.7719 0.3786 -1.5993 80 200 120
0.0136 -0.2259 -1.3666 80 200 120
0.5941 -0.1759 -1.4411 80 200 120
0.5638 1.6316 1.6040 80 200 120
-1.5249 1.8808 -1.6742 80 200 120
-0.2994 -1.2047 -1.4388 80 200 120
-1.8902 -3.0936 -1.6184 80 200 120
2.4856 0.0382 -0.3961 80 200 120
-6.0333 0.4927 -1.7585 80 200 120
-3.9902 0.2249 -1.4410 80 200 120
-1.0436 1.4993 -1.5302 80 200 120
2.2663 0.3818 0.0062 80 200 120
3.2985 -2.1657 -0.6187 80 200 120
1.1207 0.1346 -1.4093 80 200 120
0.9446 -0.5369 -1.3728 80 200 120
-0.3160 2.3043 -0.9195 80 200 120
2.7806 0.0192 -0.3953 80 200 120
-0.2305 3.1671 0.2501 80 200 120
3.8765 -3.0335 1.0065 80 200 120
1.5569 -2.8606 0.1569 80 200 120
-3.6947 -0.7811 1.4077 80 200 120
-1.6510 2.3922 -1.0341 80 200 120
-0.8054 0.0479 -0.7139 80 200 120
4.6198 -3.5630 0.9299 80 200 120
4.3383 -2.9743 1.2458 80 200 120
4.7213 -2.5794 0.6523 80 200 120
1.5686 -0.5397 0.0583 80 200 120
-0.0836 -0.1955 -1.5211 80 200 120
2.3045 -0.2970 -0.4222 80 200 120
3.4733 -2.1785 -0.1766 80 200 120
-0.3591 -0.4194 -1.3048 80 200 120
2.3426 -2.6973 -0.1480 80 200 120
2.1733 -0.7334 -0.2736 80 200 120
-0.2761 -0.6164 -1.4905 80 200 120
2.4256 -0.0163 0.1846 80 200 120
2.4934 0.0076 -0.3695 80 200 120
1.8862 -0.0377 -0.3873 80 200 120
1.1611 -0.2681 -0.9307 80 200 120
4.3359 -1.9790 1.2662 80 200 120
0.3647 -0.3007 -1.5288 80 200 120
4.5958 -2.9417 0.5891 80 200 120
4.5256 -0.9568 1.3500 80 200 120
-0.4158 2.7539 -0.8919 80 200 120
2.3039 -3.0219 -0.1571 80 200 120
-0.8490 -0.5839 -0.5763 80 200 120
-0.1302 3.1185 0.2231 80 200 120
3.2286 -2.5417 -0.1697 80 200 120
-0.4688 1.0472 -1.4937 80 200 120
0.0444 2.8062 1.6022 80 200 120
-2.1265 -2.6744 -1.4165 80 200 120
-4.9512 1.3179 -1.4524 80 200 120
-0.4256 -1.2594 -1.4627 80 200 120
-0.7726 -1.7461 -0.6201 80 200 120
-0.7570 3.3468 1.4562 80 200 120
-0.1671 3.1907 1.4217 80 200 120
-1.2255 3.0282 1.7236 80 200 120
0.1597 1.7290 1.5119 80 200 120
-1.3396 3.2355 1.4918 80 200 120
2.4999 0.1091 0.2642 80 200 120
0.0435 -0.4053 -1.4898 80 200 120
-4.9506 -1.4615 0.4970 80 200 120
-0.6787 2.7250 -0.9650 80 200 120
-3.1019 2.9781 -1.1461 80 200 120
-0.5460 2.9264 -0.9507 80 200 120
-1.0008 1.7963 -1.4976 80 200 120
2.6465 -2.4252 -0.1422 80 200 120
-0.2432 3.1931 0.2718 80 200 120
-0.1327 1.3893 1.4958 80 200 120
-0.5710 3.3051 0.7361 80 200 120
-0.8307 2.5388 1.5664 80 200 120
0.4884 1.7724 1.5651 80 200 120
-3.6286 3.1325 1.7260 80 200 120
-2.9727 1.7325 -1.2135 80 200 120
2.0232 0.1579 0.2474 80 200 120
0.5506 -1.2659 -0.3949 80 200 120
-2.6987 -2.1976 -0.8150 80 200 120
-2.3813 -1.4057 -0.6436 80 200 120
-3.4560 -2.3523 -0.3057 80 200 120
-3.8378 3.5789 1.2016 80 200 120
-1.9949 2.1272 1.5354 80 200 120
-1.2185 1.5374 1.5416 80 200 120
-2.7512 3.5114 1.4272 80 200 120
-0.3953 1.9923 1.5134 80 200 120
0.5279 2.8744 1.6205 80 200 120
-0.3558 2.2098 -0.9727 80 200 120
-0.0139 -0.1521 -1.4617 80 200 120
0.0601 -0.1899 -1.1174 80 200 120
-0.0618 -1.1374 -0.8613 80 200 120
2.3480 -2.6237 -0.1493 80 200 120
1.7007 -3.5546 -0.3113 80 200 120
-0.0413 0.6778 1.5774 80 200 120
-4.0073 1.7163 1.5789 80 200 120
-4.4143 2.7461 0.5185 80 200 120
-4.4966 2.6587 1.0404 80 200 120
-2.5017 1.0139 1.4978 80 200 120
-4.5464 2.4553 1.4850 80 200 120
-2.6907 1.4919 1.5460 80 200 120
1.0374 -3.6488 -0.3148 80 200 120
-3.5477 -3.9157 0.7296 80 200 120
-0.3401 3.2493 0.2850 80 200 120
4.4088 -2.6782 1.3469 80 200 120
-3.2214 3.1939 -0.2922 80 200 120
-0.0981 0.2852 -1.3215 80 200 120
-1.6343 -2.9551 -0.5404 80 200 120
-3.6229 -3.6218 -0.0694 80 200 120
-3.3786 -3.8337 -0.9547 80 200 120
4.4005 -3.2560 1.3610 80 200 120
2.1635 0.3694 0.3973 80 200 120
-7.0366 -3.9148 0.4828 80 200 120
-4.2004 1.5793 -0.3080 80 200 120
-2.4598 0.0922 1.4260 80 200 120
-0.7425 -0.0999 1.4783 80 200 120
-1.4961 -0.1749 1.4661 80 200 120
-0.7771 0.8405 1.5317 80 200 120
-4.4209 1.9719 0.1687 80 200 120
1.1495 1.5931 1.5215 80 200 120
-4.3331 0.8997 1.4282 80 200 120
-3.1439 0.4570 1.4028 80 200 120
-4.4134 3.0881 1.5634 80 200 120
0.5011 0.9426 1.4844 80 200 120
2.2978 -2.9958 -0.1530 80 200 120
-1.7300 1.4407 -1.5318 80 200 120
3.4132 -3.3276 0.4615 80 200 120
0.3804 1.4546 1.4886 80 200 120
4.0479 -3.7566 1.0511 80 200 120
3.3338 -3.4305 1.4192 80 200 120
2.6387 -2.9683 1.5204 80 200 120
-1.3303 1.0575 -1.4886 80 200 120
-3.2699 -2.2360 -0.2873 80 200 120
-0.9392 -1.5853 -0.8407 80 200 120
4.5983 -1.8368 1.3822 80 200 120
-3.1184 -2.7869 -0.3644 80 200 120
-3.7204 1.2411 -1.7976 80 200 120
-2.6618 -0.2862 0.4728 80 200 120
-3.0419 0.0917 1.0686 80 200 120
-4.2811 1.5170 0.5148 80 200 120
1.0146 3.2201 1.5618 80 200 120
-0.8619 0.1384 -0.9902 80 200 120
-0.6080 -0.4530 -1.3351 80 200 120
2.4835 0.2801 1.4640 80 200 120
2.3076 3.0553 1.4655 80 200 120
-5.2765 0.6759 -0.5667 80 200 120
-0.1160 0.0197 1.5084 80 200 120
-2.6478 2.1641 -0.9779 80 200 120
-0.8989 -0.8803 1.4842 80 200 120
-3.8459 3.1573 0.4249 80 200 120
-1.5785 1.0224 1.5297 80 200 120
-4.1830 0.5760 0.4038 80 200 120
-4.5388 0.9291 -0.9466 80 200 120
2.2766 -3.2294 -0.1916 80 200 120
4.3966 -2.6529 1.3231 80 200 120
-2.7990 -2.2908 -1.1852 80 200 120
-1.4322 -1.1175 -0.5038 80 200 120
4.6032 -1.8298 1.3897 80 200 120
2.9014 -3.3145 1.3009 80 200 120
2.2364 -0.3380 0.9694 80 200 120
4.5510 -2.3165 1.4461 80 200 120
-4.4172 -3.7544 -1.0551 80 200 120
3.6255 -1.1294 1.5116 80 200 120
-2.3593 0.7043 -1.6544 80 200 120
-1.7719 -2.1677 1.0888 80 200 120
-2.0092 0.4974 1.4980 80 200 120
2.4860 0.1657 0.2417 80 200 120
-1.0473 0.1245 -1.1608 80 200 120
-2.5500 2.1798 -1.4781 80 200 120
-0.1997 3.1863 0.2578 80 200 120
-4.0367 2.1268 -0.5289 80 200 120
0.0235 0.0894 -0.9765 80 200 120
-3.5517 -1.8819 1.0323 80 200 120
-2.9813 -2.3740 1.1583 80 200 120
-2.6274 1.6640 -1.4497 80 200 120
-3.5183 1.7958 -1.0219 80 200 120
0.6695 3.2300 1.5430 80 200 120
-3.9157 0.7237 -0.5224 80 200 120
2.4272 0.4339 1.4616 80 200 120
-2.6241 3.9191 -0.5325 80 200 120
1.2868 -3.1547 0.3784 80 200 120
2.3579 0.4576 1.1665 80 200 120
-2.9802 -0.7784 -0.1668 80 200 120
4.6393 -2.6233 1.4938 80 200 120
2.3099 -0.1365 0.5679 80 200 120
-3.8868 2.7243 -0.3807 80 200 120
2.2551 -3.6690 1.5861 80 200 120
-2.6015 3.7090 0.7332 80 200 120
-3.2978 3.6755 -0.0584 80 200 120
-3.5941 0.1272 0.0517 80 200 120
2.3501 -0.2352 0.4348 80 200 120
-2.1054 2.7037 -0.7075 80 200 120
-1.2118 -0.0281 -0.2845 80 200 120
-6.4332 1.4192 -1.8009 80 200 120
4.6142 -1.8553 1.3850 80 200 120
4.4788 -1.4383 1.3411 80 200 120
1.9600 -2.6973 -0.2588 80 200 120
-1.1510 -0.5814 -0.4640 80 200 120
3.4745 -3.6243 0.4707 80 200 120
-4.2334 -1.2588 0.4108 80 200 120
-4.0097 0.9472 -1.9183 80 200 120
0.6567 0.5518 1.5022 80 200 120
0.3071 3.2140 1.5542 80 200 120
2.2282 -0.4111 1.2615 80 200 120
2.3498 -2.5621 -0.1788 80 200 120
-0.6252 -0.1931 -0.4050 80 200 120
2.4899 0.2761 1.3296 80 200 120
-2.7166 1.6543 -1.4901 80 200 120
-3.2575 2.9178 -1.1751 80 200 120
-2.7604 1.3411 -1.6196 80 200 120
1.3172 -2.9817 -0.3035 80 200 120
-4.1720 4.1581 -0.0591 80 200 120
-0.5499 3.1513 0.9474 80 200 120
-3.2463 3.8823 0.6212 80 200 120
4.6423 -2.5735 1.5178 80 200 120
-0.7549 3.1971 0.6456 80 200 120
2.0253 -3.7454 1.1195 80 200 120
2.7881 -1.7321 1.4836 80 200 120
1.5648 3.1164 1.3048 80 200 120
1.4031 -2.6576 -0.5800 80 200 120
1.9660 -2.1531 1.5878 80 200 120
2.1774 -1.0348 1.5033 80 200 120
-2.5333 2.0332 -0.9717 80 200 120
-2.1085 0.1990 -0.3272 80 200 120
-5.4341 2.0236 1.2275 80 200 120
0.9332 2.0196 1.5754 80 200 120
1.7218 -2.5983 -0.2539 80 200 120
-2.6375 0.9412 -1.5195 80 200 120
-0.2567 0.5313 1.5007 80 200 120
0.9544 -2.8625 -0.7643 80 200 120
1.4975 -3.4324 0.2596 80 200 120
-4.0394 1.4472 -1.3756 80 200 120
-3.1365 0.6979 -1.0589 80 200 120
3.4827 -1.8235 1.6065 80 200 120
-3.1924 2.6807 -1.2020 80 200 120
2.5608 -3.5058 1.2017 80 200 120
2.6403 -4.0489 0.6258 80 200 120
1.3012 0.9990 1.4324 80 200 120
-4.6823 4.1539 0.5723 80 200 120
4.0600 -3.9005 1.0759 80 200 120
2.5693 -3.0440 1.5544 80 200 120
3.6780 -2.7085 1.4897 80 200 120
3.4665 -3.5812 0.4830 80 200 120
3.0494 -0.6686 1.5749 80 200 120
3.6492 -3.7295 1.5042 80 200 120
-0.1521 3.1307 0.2825 80 200 120
1.3113 3.0462 1.0096 80 200 120
1.4567 2.3266 1.5160 80 200 120
1.2102 2.3534 1.5379 80 200 120
4.5841 -3.5634 1.4722 80 200 120
1.0989 -3.4445 1.4117 80 200 120
0.8968 2.9093 1.1205 80 200 120
3.4623 -1.2476 1.4722 80 200 120
3.3184 -2.8030 1.5571 80 200 120
1.6138 2.5451 1.5543 80 200 120
3.1697 -0.3487 1.4070 80 200 120
-0.1780 3.1631 0.5914 80 200 120
3.3263 -3.6110 1.5023 80 200 120
2.4739 0.2243 1.0096 80 200 120
0.7030 -3.2239 0.1877 80 200 120
3.1784 -1.5816 1.5277 80 200 120
2.9825 -2.3892 1.5162 80 200 120
1.5579 -3.2825 0.5475 80 200 120
2.6273 -2.3037 1.5270 80 200 120
0.9628 -2.7190 -0.2708 80 200 120
4.1396 -3.9204 1.2392 80 200 120
1.9534 -3.2063 1.5629 80 200 120
3.5614 -3.8447 1.2224 80 200 120
2.9393 -3.7240 1.4186 80 200 120
3.7575 -2.2201 1.5067 80 200 120
2.9888 -3.7211 0.9168 80 200 120
2.2578 -2.3732 0.8243 80 200 120
1.7328 -3.1248 1.0559 80 200 120
1.1535 -3.8370 0.8616 80 200 120
2.3597 -0.1793 1.5142 80 200 120
2.7974 -0.5616 1.3227 80 200 120
1.5558 -3.5258 1.5763 80 200 120
2.2382 -1.4357 1.5120 80 200 120
1.6203 -1.6949 1.4883 80 200 120
2.3102 -2.5851 1.5462 80 200 120
0.7030 -2.8811 -0.5356 80 200 120
1.4924 -1.4657 1.5310 80 200 120
2.2305 -0.8081 1.7213 80 200 120
2.0014 -4.1947 0.7033 80 200 120
4.2277 -3.5115 1.5384 80 200 120
0.1600 -4.2953 0.9244 80 200 120
2.0473 -0.9138 1.5405 80 200 120
2.0910 -2.4593 -0.1716 80 200 120
1.8641 -2.3714 -0.2364 80 200 120
0.8173 -3.2368 1.4296 80 200 120
2.6920 -3.6097 1.1083 80 200 120
3.7239 -3.8580 0.8322 80 200 120
2.7199 -4.8227 0.6612 80 200 120
2.5404 -1.2668 1.5372 80 200 120
1.9744 -3.5009 0.3934 80 200 120
0.7333 -3.7890 0.3123 80 200 120
3.3432 -0.2548 1.6996 80 200 120
1.1911 -2.8035 -0.2944 80 200 120
1.3856 -2.9561 -0.3134 80 200 120
2.5848 -1.6554 1.6137 80 200 120
2.5359 -0.1542 1.5410 80 200 120
0.2672 -3.6396 0.4765 80 200 120
2.2998 -0.9313 1.5845 80 200 120
2.9655 -1.5108 1.4979 80 200 120
1.6244 -2.4610 -0.0289 80 200 120
0.1784 -3.0753 0.0177 80 200 120
2.4344 0.1929 1.3146 80 200 120
0.5825 -3.3622 1.1544 80 200 120
0.7140 -2.8810 1.5548 80 200 120
3.3035 -2.1997 1.5231 80 200 120
1.1775 -2.4014 -0.5909 80 200 120
-0.0836 -3.4054 -0.6435 80 200 120
1.7585 -1.3042 1.5273 80 200 120
3.1044 -0.4282 1.5225 80 200 120
2.3339 -3.1262 0.0839 80 200 120
3.0484 -0.6427 1.4570 80 200 120
2.2843 -0.4986 1.5309 80 200 120
1.1102 -2.1409 0.0318 80 200 120
1.2548 -2.5328 0.0099 80 200 120
3.2526 0.0819 1.5517 80 200 120
1.7052 -2.7930 -0.3008 80 200 120
-0.3294 -3.1707 0.1961 80 200 120
0.3000 -2.3300 -0.2407 80 200 120
0.1570 -3.0878 1.3990 80 200 120
0.8973 -1.7853 1.5582 80 200 120
2.2713 -2.0127 1.5367 80 200 120
-0.3360 -3.5937 0.5315 80 200 120
0.8350 -3.8133 1.1378 80 200 120
3.4471 -1.8288 1.4764 80 200 120
-0.3932 -3.4620 1.1170 80 200 120
-1.2518 -3.6871 0.8114 80 200 120
-1.5817 -3.1025 -0.1497 80 200 120
-1.1691 -2.6405 1.5973 80 200 120
-0.8627 -3.2337 1.4641 80 200 120
-0.4138 -2.0534 1.6320 80 200 120
-2.0145 -3.5921 1.1485 80 200 120
-1.7085 -3.5106 0.5488 80 200 120
-0.2365 -2.4152 1.6393 80 200 120
1.2445 -1.0082 1.5271 80 200 120
0.5858 -1.6522 1.5293 80 200 120
-0.2916 -3.1062 1.4837 80 200 120
-2.4336 -2.8423 0.0310 80 200 120
-3.3899 -3.0468 1.5008 80 200 120
-2.5600 -3.1415 0.5734 80 200 120
-1.6986 -2.7376 -0.2716 80 200 120
-2.5159 -3.2092 1.4083 80 200 120
-1.2553 -2.2709 1.6402 80 200 120
2.0148 -3.5257 1.1070 80 200 120
-1.6929 -1.5556 -0.7731 80 200 120
-1.5286 -2.4629 -0.6168 80 200 120
-1.4454 -2.3765 -1.3426 80 200 120
-1.2523 -1.4016 -1.1586 80 200 120
-3.5588 -2.9036 -1.1822 80 200 120
-1.3027 -2.8437 -0.6975 80 200 120
-1.0585 -3.2130 -0.7725 80 200 120
1.1655 -2.8563 -0.2883 80 200 120
-4.7290 -2.9777 -0.3698 80 200 120
-2.5941 -2.8464 -1.1656 80 200 120
-1.2260 -0.8389 1.5618 80 200 120
-0.1728 -4.0829 -1.2548 80 200 120
-3.9588 -3.2576 -0.4340 80 200 120
-4.8946 -2.4462 1.3588 80 200 120
-4.8231 -2.8475 0.2688 80 200 120
-1.4632 -0.7558 -0.6477 80 200 120
-4.6022 -3.1668 1.4043 80 200 120
-0.5581 -3.0308 -1.3647 80 200 120
-0.9045 -1.1723 -1.3421 80 200 120
-0.5723 -0.1347 -0.3871 80 200 120
-1.0474 0.2093 -0.6410 80 200 120
-2.8132 -0.3343 -0.4179 80 200 120
-1.2799 -0.9533 -0.4101 80 200 120
-0.8138 -0.8928 -1.3169 80 200 120
-4.8278 -0.9850 0.5061 80 200 120
-2.2358 -2.1690 -1.3666 80 200 120
1.2523 -2.6742 1.4555 80 200 120
-1.6612 -0.5254 -0.4886 80 200 120
-5.8936 1.4647 -1.7801 80 200 120
-2.5631 2.3334 -1.0248 80 200 120
-2.9609 1.9584 -0.9103 80 200 120
-3.4660 3.5559 1.0867 80 200 120
-4.0803 3.2923 1.4405 80 200 120
-0.8079 -2.9966 -0.7189 80 200 120
-0.6819 -2.3698 -0.5290 80 200 120
-0.4400 -2.1000 -1.1226 80 200 120
-3.7228 1.7434 -1.3005 80 200 120
-1.1154 -1.2457 -1.4442 80 200 120
-2.5359 2.1679 -0.9396 80 200 120
-2.4310 0.3134 1.4881 80 200 120
1.2361 -2.8044 -0.3255 80 200 120
-1.0788 -0.9567 -0.5806 80 200 120
-2.9350 1.8109 -0.8207 80 200 120
-2.7787 3.5224 0.0168 80 200 120
-1.5799 -1.5088 -0.7072 80 200 120
-1.1204 -0.8242 -0.3621 80 200 120
-3.3197 -0.2019 0.9078 80 200 120
-2.5374 3.3032 0.5867 80 200 120
-2.2336 -2.1681 -1.3745 80 200 120
-3.9108 0.9413 0.3371 80 200 120
-0.5998 3.0631 1.4454 80 200 120
-1.6804 -2.1710 -1.5506 80 200 120
-1.4137 3.1238 1.4235 80 200 120
-0.5801 3.1582 0.9414 80 200 120
-2.0210 3.1093 1.4233 80 200 120
-0.7259 3.1648 0.6256 80 200 120
-4.5083 2.3677 1.4519 80 200 120
-3.7895 1.7992 -1.3362 80 200 120
-2.9997 -0.3343 -0.4709 80 200 120
-0.9883 -2.6637 -0.5396 80 200 120
-2.7335 3.0456 1.4028 80 200 120
-1.0752 -1.7039 -1.5184 80 200 120
-2.7181 2.5573 -0.8093 80 200 120
0.7321 -2.6309 -0.7312 80 200 120
-3.2095 0.7107 1.2969 80 200 120
-1.4315 0.0704 -0.6679 80 200 120
-2.9549 -3.1813 -0.0129 80 200 120
-2.8433 -0.2348 -1.0432 80 200 120
-1.8923 -2.6714 -0.7053 80 200 120
1.2344 -2.8110 -0.2936 80 200 120
-2.1313 3.0851 0.0596 80 200 120
-4.2231 2.2198 0.2800 80 200 120
-5.5481 3.8523 0.5263 80 200 120
-3.2160 3.3820 0.3206 80 200 120
-5.2188 3.3215 -0.6189 80 200 120
-1.6801 1.1169 1.5941 80 200 120
-0.2084 -3.4175 -1.1733 80 200 120
-4.6203 -2.0998 -0.3594 80 200 120
-1.3604 -1.3405 -0.6044 80 200 120
-1.5095 -0.5541 -0.4460 80 200 120
-3.0597 -3.1923 -1.4930 80 200 120
-4.1973 1.6949 1.5123 80 200 120
-4.1646 1.4035 0.5015 80 200 120
-3.0504 -0.0374 0.1599 80 200 120
-1.1887 -1.2662 -1.5010 80 200 120
-1.0394 -2.4620 -1.3441 80 200 120
-2.9075 0.3309 0.4177 80 200 120
-3.6633 -2.9898 -1.2633 80 200 120
-1.4385 -2.1483 -1.5749 80 200 120
-5.1107 1.9072 -0.3592 80 200 120
-0.8664 -1.2314 -0.8928 80 200 120
-2.8976 0.4064 -0.3560 80 200 120
-0.5386 -3.1091 1.0400 80 200 120
-2.2053 -0.2109 1.3884 80 200 120
-2.3998 3.5366 1.0233 80 200 120
-1.2199 -3.6523 -1.7451 80 200 120
-1.6177 -2.4680 -1.3920 80 200 120
-0.8359 -1.9804 -1.5698 80 200 120
-2.3059 0.8986 1.5641 80 200 120
-1.7118 0.1381 -0.7132 80 200 120
-0.1407 0.1989 -0.5160 80 200 120
-2.2597 1.6310 -0.8532 80 200 120
-0.3801 -2.6099 -1.3702 80 200 120
1.2398 -2.2162 -0.2316 80 200 120
-2.4675 3.2290 -0.0278 80 200 120
-2.7748 -3.2484 0.5538 80 200 120
-3.0209 2.9885 -0.8149 80 200 120
-4.8355 -1.1815 -0.1256 80 200 120
0.9529 -2.3714 -0.1993 80 200 120
-4.1553 3.1367 0.7640 80 200 120
-2.1118 -2.1364 -1.3250 80 200 120
0.8375 -2.6071 -0.5186 80 200 120
0.5495 1.5196 1.4722 80 200 120
-3.9588 3.1081 0.1942 80 200 120
0.3209 -2.7007 -0.8289 80 200 120
-4.6067 -2.0212 0.6327 80 200 120
-2.3462 2.3256 1.6299 80 200 120
-3.1181 3.0537 -0.2397 80 200 120
-1.7472 -0.5901 -0.5322 80 200 120
-2.2763 2.0396 -0.8606 80 200 120
-3.6892 1.1923 -1.1571 80 200 120
-2.7973 -2.0955 -0.9632 80 200 120
-1.3899 -2.0841 -1.5096 80 200 120
1.0931 -2.0395 -0.4785 80 200 120
-0.5844 3.0856 1.0378 80 200 120
1.3031 -2.5937 -0.0683 80 200 120
-4.4075 2.7307 0.6141 80 200 120
-1.9482 -0.3621 -1.2335 80 200 120
-3.1117 1.5789 -1.0945 80 200 120
-2.1168 -0.3645 -0.4246 80 200 120
3.3088 -3.4375 1.4080 80 200 120
-2.8051 1.1902 -1.2433 80 200 120
-0.5038 2.9093 1.3968 80 200 120
-3.2211 -3.1711 -1.5390 80 200 120
-2.1170 -1.8018 -1.4341 80 200 120
-2.0935 -3.4239 -0.2381 80 200 120
-3.0471 -0.1317 -1.0826 80 200 120
-1.1650 -3.3818 -0.8857 80 200 120
-2.8908 1.9227 -0.9878 80 200 120
-0.0686 0.0925 -0.4445 80 200 120
-0.5673 -3.0394 1.3812 80 200 120
-1.4710 -2.6342 -1.0277 80 200 120
0.2149 0.0694 1.4511 80 200 120
-1.5073 -3.0929 1.4443 80 200 120
-1.5578 -0.0228 -1.2172 80 200 120
-1.8959 -0.6537 -0.3960 80 200 120
-0.6400 -2.8681 -1.5595 80 200 120
-0.8818 -2.0267 -1.6341 80 200 120
-0.8607 0.0412 -0.7240 80 200 120
-0.7684 -3.3392 1.0848 80 200 120
-1.0252 -1.2503 -0.8205 80 200 120
-2.8476 3.1430 0.9784 80 200 120
-4.0815 2.7699 -0.5003 80 200 120
-2.2561 -0.1980 -0.8439 80 200 120
-0.8790 -1.1874 -1.3260 80 200 120
-1.7947 -0.6224 -0.7322 80 200 120
-2.6414 2.9403 0.2701 80 200 120
-4.2691 1.6613 -0.2435 80 200 120
-3.4487 -0.4439 -0.2010 80 200 120
-4.2534 2.3682 -0.7561 80 200 120
-2.9208 2.7006 -0.8256 80 200 120
0.9153 -2.4037 -0.1963 80 200 120
-0.9363 -2.7961 -0.8111 80 200 120
-0.7957 -2.3116 -1.2352 80 200 120
-1.9290 3.1029 0.4072 80 200 120
-3.9090 3.0768 0.1327 80 200 120
-0.8557 -1.9830 -1.5979 80 200 120
-1.3831 -1.4099 1.4545 80 200 120
-2.1599 -0.3638 -1.2931 80 200 120
-0.7011 -3.0185 -1.5678 80 200 120
-1.0105 -3.2138 -0.8395 80 200 120
-2.8408 2.8240 -0.2850 80 200 120
-1.9789 2.8266 -0.0280 80 200 120
-2.2256 -0.3296 -1.7226 80 200 120
-0.1839 -3.3444 -1.1390 80 200 120
-2.1497 0.0568 -1.4231 80 200 120
-1.0020 -1.4135 -1.4141 80 200 120
-3.4406 -1.0004 1.3153 80 200 120
-2.2257 2.0185 -0.9321 80 200 120
-2.5045 0.2561 -0.9160 80 200 120
-1.2524 -1.0104 1.4935 80 200 120
-3.0674 -2.2540 1.5676 80 200 120
0.8876 -2.4173 -0.2025 80 200 120
-2.1919 -1.1606 -0.5753 80 200 120
-0.2721 -2.9494 -1.1595 80 200 120
-3.3830 2.3395 -0.4270 80 200 120
-1.1428 -1.7862 -1.4903 80 200 120
-0.5258 -2.8658 -0.9721 80 200 120
-2.0003 3.0899 0.3175 80 200 120
-0.4576 3.0072 0.9017 80 200 120
-1.8204 3.0507 1.3589 80 200 120
-1.0599 -1.3561 -0.3701 80 200 120
-2.2512 -3.0866 -0.3502 80 200 120
-0.5676 2.9331 1.3770 80 200 120
-1.3866 -0.1345 1.5543 80 200 120
0.2368 -2.9492 0.0357 80 200 120
-2.6705 0.3248 -0.9398 80 200 120
-2.5158 -0.0247 -1.5602 80 200 120
-0.8596 -2.4118 -1.3939 80 200 120
-1.0259 3.1264 1.2334 80 200 120
-1.7754 3.1697 0.9582 80 200 120
0.5559 1.4726 1.4474 80 200 120
-0.7981 -3.2227 0.4612 80 200 120
-2.5020 0.3215 -1.2311 80 200 120
-1.9872 -0.8452 -0.5676 80 200 120
-2.7894 2.7701 -0.2330 80 200 120
-1.2064 -1.2889 -0.8727 80 200 120
-2.0172 2.8035 -0.0134 80 200 120
-3.5191 2.7845 0.1637 80 200 120
-1.3378 -2.4088 -1.7246 80 200 120
-0.8972 -1.0507 -1.0673 80 200 120
-4.5096 1.7016 -0.2861 80 200 120
-1.0139 -1.2038 -1.4005 80 200 120
-1.3029 -1.2089 -0.6427 80 200 120
1.0375 -2.5765 -0.2454 80 200 120
-1.8795 2.9666 0.3027 80 200 120
-2.5809 -2.2763 -1.4764 80 200 120
0.9341 -3.0619 -0.2164 80 200 120
-2.3658 -3.4866 -0.2192 80 200 120
0.9663 -3.5721 -0.3368 80 200 120
-4.5914 -2.0745 -1.6856 80 200 120
-2.3444 -1.8555 -1.5313 80 200 120
0.8898 -2.4057 -0.1892 80 200 120
-2.2587 -0.3353 -1.1318 80 200 120
-0.9166 -0.9769 -0.4847 80 200 120
-3.0016 -2.1806 -0.9935 80 200 120
-0.9248 -1.3978 -1.4018 80 200 120
0.8517 -2.4130 -0.3142 80 200 120
-0.9679 -2.4676 -1.4145 80 200 120
-0.7936 -3.0883 -1.6571 80 200 120
-3.5872 -2.9247 -1.2188 80 200 120
-1.6881 -2.5861 -0.5863 80 200 120
-1.9579 -0.3747 -1.4485 80 200 120
-2.7642 -2.3100 -1.5467 80 200 120
-2.3358 2.0099 -0.8012 80 200 120
-1.4611 -0.2001 -1.4420 80 200 120
-1.4858 -1.3925 -0.4689 80 200 120
-1.5904 -1.5414 -1.4145 80 200 120
1.0858 -3.2653 1.4236 80 200 120
-2.4139 -0.2386 -0.8178 80 200 120
-2.3602 -2.9227 0.0495 80 200 120
-1.9017 -0.1896 -1.2601 80 200 120
-0.7615 -2.9611 -0.7302 80 200 120
-1.8273 -2.4431 -1.4493 80 200 120
-2.0387 3.0004 0.7569 80 200 120
-0.5813 3.2080 0.9284 80 200 120
-3.6785 -3.1713 -1.7495 80 200 120
-1.1204 -3.6330 -1.8424 80 200 120
-3.5010 1.5026 -1.0124 80 200 120
-3.7001 -2.3804 -1.1949 80 200 120
-2.0328 0.1337 -1.4033 80 200 120
-2.5494 2.1428 -0.9689 80 200 120
-4.0829 3.2882 -0.1140 80 200 120
-0.9822 -1.4215 -1.3806 80 200 120
-0.5297 2.9017 1.3718 80 200 120
-4.3705 3.4232 0.5701 80 200 120
-2.4001 -0.1026 1.0726 80 200 120
-0.6163 -2.2644 -1.1140 80 200 120
-4.8797 -1.7920 -1.4743 80 200 120
-1.9026 -2.7951 -0.9378 80 200 120
-2.8844 1.6553 -0.9514 80 200 120
-1.9238 -0.2808 -0.7076 80 200 120
-3.8325 -3.1697 -1.7911 80 200 120
-2.2200 3.0640 -0.0180 80 200 120
-1.2464 -1.9983 -1.4735 80 200 120
-3.2078 3.0911 -0.2826 80 200 120
-3.1884 3.0664 -0.8999 80 200 120
-1.6735 -1.5855 -1.4771 80 200 120
-4.7911 -1.4588 -0.7788 80 200 120
-0.9901 -3.3195 -1.5618 80 200 120
-2.7861 -0.7181 -0.6229 80 200 120
-2.6042 0.3701 -0.8767 80 200 120
-1.9602 3.0580 0.2868 80 200 120
-2.5821 0.7812 -1.3514 80 200 120
-1.9071 -1.1286 -0.8909 80 200 120
-12.3549 -3.2100 -4.3400 80 200 120
-3.3991 2.5570 -1.0491 80 200 120
-4.7551 3.2753 -0.5977 80 200 120
-2.1653 -1.3425 -0.6944 80 200 120
-4.6913 -1.3215 0.7342 80 200 120
-0.6903 -2.3166 -1.1727 80 200 120
-0.6532 -2.6516 -0.4636 80 200 120
-0.4908 -2.7619 -0.5980 80 200 120
-3.2829 -1.9564 -1.4667 80 200 120
-1.3371 3.0246 1.4183 80 200 120
-3.9985 3.9501 -0.4186 80 200 120
-0.7153 -3.0873 -1.3546 80 200 120
-1.2464 -0.9984 -0.6054 80 200 120
-0.7420 -2.3023 -1.2034 80 200 120
-2.9338 -1.6491 -1.4873 80 200 120
-1.6525 2.7194 1.2750 80 200 120
-1.1509 -3.1409 1.2412 80 200 120
-0.3805 1.2863 1.4572 80 200 120
-0.2542 -2.3727 1.4298 80 200 120
-3.2013 1.9541 -1.0034 80 200 120
-1.3933 -2.5810 -0.7224 80 200 120
-0.8412 -3.2635 0.7247 80 200 120
-0.7542 -2.4076 1.4027 80 200 120
-0.2362 -1.8941 1.5085 80 200 120
-1.5211 -3.1843 0.9791 80 200 120
-0.0238 -2.1915 1.4616 80 200 120
-3.1525 -2.9084 1.4429 80 200 120
-2.2972 -3.0182 1.3676 80 200 120
-0.8134 -2.0459 1.4442 80 200 120
-1.0814 -1.2864 -0.8389 80 200 120
-1.2091 -2.4837 -0.9847 80 200 120
-4.3593 -0.3819 1.0323 80 200 120
-1.6963 -1.5817 -1.4919 80 200 120
-3.4891 -2.6533 -0.2245 80 200 120
-0.9316 -0.8370 1.4194 80 200 120
-1.1446 -2.2958 -0.0233 80 200 120
-4.0518 -2.2851 1.2478 80 200 120
-4.5630 -2.7384 0.2004 80 200 120
-3.5781 -2.8337 1.2377 80 200 120
-4.3789 -0.9619 0.4880 80 200 120
-4.1873 -2.0162 -0.2463 80 200 120
-1.3094 2.9429 1.3382 80 200 120
-1.8161 -0.7278 -0.6275 80 200 120
-1.4205 0.2069 1.4879 80 200 120
-1.3720 -0.6316 -0.6642 80 200 120
-4.7323 3.6101 1.2337 80 200 120
-0.3136 0.0282 1.4684 80 200 120
-1.8984 3.0403 1.3760 80 200 120
-1.9893 -2.8359 -0.9490 80 200 120
-4.9122 3.1465 0.7255 80 200 120
-0.5095 -2.5150 -0.6527 80 200 120
-2.9360 3.2558 0.5767 80 200 120
-5.6605 4.8228 -0.1780 80 200 120
0.0022 -3.2192 0.1975 80 200 120
-3.7222 -1.8120 1.4837 80 200 120
-2.3167 1.5286 1.5650 80 200 120
-3.5950 2.9454 1.3624 80 200 120
-1.0192 -1.9891 1.4098 80 200 120
-4.6391 2.5213 0.2973 80 200 120
-1.2761 -2.7014 -0.8254 80 200 120
-0.7299 -2.5397 -0.4370 80 200 120
-3.3336 1.5854 -0.9724 80 200 120
-4.4310 0.0717 0.5122 80 200 120
-2.1114 3.0460 0.7713 80 200 120
-3.7197 -2.6486 -1.4884 80 200 120
-2.2100 0.2770 1.4416 80 200 120
-1.7333 -1.2677 -1.0160 80 200 120
-3.2354 -2.8147 -1.0927 80 200 120
-1.9242 -2.1089 -1.4839 80 200 120
-1.2799 -0.5474 1.4588 80 200 120
-4.0257 2.1420 -0.7087 80 200 120
-2.6349 -2.7143 -1.2792 80 200 120
-0.6041 -2.5412 -0.6435 80 200 120
-0.4985 -2.6214 -0.6372 80 200 120
-0.3280 -3.1686 1.4270 80 200 120
-1.8858 -1.7194 1.4446 80 200 120
-0.7375 -2.6070 1.4095 80 200 120
-0.2954 -2.3716 1.4628 80 200 120
-2.9363 -2.0138 -0.6469 80 200 120
-4.5391 0.2216 1.0371 80 200 120
-2.3506 0.2190 0.3235 80 200 120
-4.0770 2.1344 1.3976 80 200 120
-0.5038 1.5207 1.5932 80 200 120
-2.1947 -0.0949 0.1556 80 200 120
-3.5517 0.2795 0.8028 80 200 120
-1.6659 -2.4162 -0.2759 80 200 120
-0.4288 -3.2933 0.1497 80 200 120
-2.3396 0.3079 1.0512 80 200 120
-1.2700 0.7901 1.3940 80 200 120
-2.1712 -1.1814 -0.9220 80 200 120
-5.8299 -3.6179 -2.8228 80 200 120
-1.9454 -3.0326 -1.1871 80 200 120
-1.1787 -2.6021 -0.5113 80 200 120
-2.3643 -3.0066 -1.1994 80 200 120
-0.4126 -0.0483 1.3810 80 200 120
-0.5915 -2.5976 -0.7230 80 200 120
-0.6948 -1.9528 -0.2729 80 200 120
-0.2724 -2.3742 1.4474 80 200 120
-2.5983 -1.6282 -1.3868 80 200 120
-2.6614 0.9433 1.4917 80 200 120
-2.7263 0.7396 1.1316 80 200 120
-2.3809 0.3675 0.4000 80 200 120
-2.1454 -0.0248 0.3753 80 200 120
-1.4522 -1.9185 -0.5002 80 200 120
-0.4779 -2.6477 -0.6484 80 200 120
-3.8515 1.8781 0.2933 80 200 120
-2.9127 3.2380 1.0286 80 200 120
-2.5720 -1.5158 -0.7990 80 200 120
-1.6739 -0.8992 -0.4949 80 200 120
-4.5770 -0.8157 0.9115 80 200 120
-2.5453 2.7122 1.3555 80 200 120
-0.4623 -2.8188 -0.6196 80 200 120
-1.8993 2.6567 1.3427 80 200 120
-0.3342 -2.5486 -0.4114 80 200 120
-2.2805 -0.1358 1.3906 80 200 120
-2.1835 0.8581 1.5264 80 200 120
-2.7281 -3.2007 0.5785 80 200 120
-0.9908 -2.7097 -0.8480 80 200 120
-3.8916 2.8812 0.5705 80 200 120
-2.1660 -1.7583 -0.6798 80 200 120
-16.9887 -6.7089 -7.9754 80 200 120
-4.4934 -2.5282 0.9999 80 200 120
-0.9068 -2.2272 -0.1581 80 200 120
-0.8379 -3.1797 1.3811 80 200 120
-1.7483 -1.3255 1.4207 80 200 120
-2.4487 0.3254 -0.1954 80 200 120
-2.7557 -2.2778 -1.6257 80 200 120
-4.7003 -2.0254 0.7280 80 200 120
-4.5527 -1.2139 -0.1634 80 200 120
-4.4781 0.5310 0.3660 80 200 120
-4.0674 0.4429 0.8649 80 200 120
-2.6671 0.5092 0.8177 80 200 120
-1.7086 -3.2027 -0.3568 80 200 120
-7.8809 -2.9859 -1.6912 80 200 120
-2.9393 2.1959 1.6440 80 200 120
-2.8552 -0.1054 -0.5258 80 200 120
-2.5342 -2.4753 -1.3660 80 200 120
-3.0723 -2.1576 -1.5170 80 200 120
-3.4436 -2.5610 -1.1081 80 200 120
-2.7073 -1.2896 -0.8571 80 200 120
-2.5097 -1.5371 -0.7469 80 200 120
-1.9401 -3.1489 -0.6816 80 200 120
-3.6457 1.7545 0.3202 80 200 120
-3.2620 -2.6083 1.5136 80 200 120
-3.3805 -0.7648 1.4950 80 200 120
-4.9392 0.3354 -0.7121 80 200 120
-3.6866 0.3195 1.2664 80 200 120
-0.6087 -3.0849 1.4360 80 200 120
-1.5350 -3.1093 1.4711 80 200 120
-4.1675 -2.7959 -2.0754 80 200 120
-4.4358 -1.0483 0.1192 80 200 120
-4.5327 0.6295 0.9884 80 200 120
-4.7814 -2.1895 -0.9314 80 200 120
-2.4011 0.3079 0.7057 80 200 120
-1.7865 -2.8126 1.4113 80 200 120
-4.4818 -0.1847 0.3470 80 200 120
-2.2987 -2.8203 -0.7834 80 200 120
-4.4365 -2.0235 -0.3071 80 200 120
-4.5746 -1.2297 -0.1522 80 200 120
-0.0304 -2.7384 1.3841 80 200 120
-1.0713 -2.7786 -0.6237 80 200 120
-4.5234 -1.2457 1.2140 80 200 120
-0.5529 -3.1731 0.2320 80 200 120
-1.6113 -2.5114 1.4841 80 200 120
-3.2782 -3.1642 1.2125 80 200 120
-3.3650 -0.3037 1.4561 80 200 120
-2.6315 -2.7630 -0.5529 80 200 120
-4.1347 -3.1095 1.0493 80 200 120
-1.5477 -1.7873 -0.5093 80 200 120
-4.1721 2.9158 1.6767 80 200 120
-3.8457 -1.5185 1.4467 80 200 120
-1.3457 -1.4068 1.4246 80 200 120
-1.3478 -2.8666 -0.6540 80 200 120
-0.8101 -2.2015 -0.4266 80 200 120
-1.7799 -2.8961 -0.7039 80 200 120
-3.0965 -2.8225 -0.9990 80 200 120
-4.5444 0.6563 0.9700 80 200 120
-4.0348 -0.5909 -0.3267 80 200 120
-1.0902 -3.2027 -0.3339 80 200 120
-1.3611 -0.3036 1.3908 80 200 120
-3.9335 -0.9109 1.5131 80 200 120
-2.8610 -2.2760 1.4758 80 200 120
-4.5683 -1.6290 1.0457 80 200 120
-4.0625 -1.4872 -0.7079 80 200 120
-0.7616 -3.2703 0.9761 80 200 120
-2.9334 0.1536 0.2080 80 200 120
-4.1833 -0.3171 1.3752 80 200 120
-7.7762 -3.0080 -1.6986 80 200 120
-2.3403 -3.1420 -0.3363 80 200 120
-3.5331 -0.4439 0.0291 80 200 120
-3.9103 -0.1806 0.4734 80 200 120
-0.6518 -3.2698 1.2581 80 200 120
-3.2547 0.4493 1.4966 80 200 120
-2.2144 -0.5035 1.4619 80 200 120
-2.9248 -0.1327 1.5084 80 200 120
1.0962 -2.6492 1.4829 80 200 120
-4.0576 0.5638 1.3005 80 200 120
-2.2819 -0.0931 1.5011 80 200 120
-2.4537 0.4152 1.3359 80 200 120
-4.6154 -1.0605 0.1397 80 200 120
-1.9017 -3.2624 -0.1878 80 200 120
-3.5321 0.6567 1.7421 80 200 120
-0.3505 -3.0757 1.3887 80 200 120
-4.6992 -2.2163 -0.9588 80 200 120
1.8343 -3.3198 0.9761 80 200 120
-1.8030 -3.0922 -0.6032 80 200 120
-0.7441 -1.0171 1.4814 80 200 120
-4.9844 -3.2937 0.3067 80 200 120
-3.2220 -2.9059 -0.6810 80 200 120
-3.3521 -2.1753 1.4706 80 200 120
0.9218 -3.2575 1.3150 80 200 120
2.1714 -2.7654 1.3303 80 200 120
-2.4549 -1.2137 1.4671 80 200 120
-1.5298 -2.9983 -0.6729 80 200 120
-3.4336 0.5709 1.6686 80 200 120
-1.1739 -2.9677 -0.6831 80 200 120
-5.7716 1.2790 1.2662 80 200 120
-4.5184 -0.2376 0.3097 80 200 120
-2.8645 -0.2268 1.4887 80 200 120
-2.9962 -3.2316 0.0531 80 200 120
-2.5426 0.4380 1.3369 80 200 120
-2.2620 0.1549 1.4457 80 200 120
-5.9715 -2.4118 -1.0596 80 200 120
-3.9589 -3.0267 -0.7099 80 200 120
-2.0813 -2.8611 -0.7001 80 200 120
-1.7086 -2.9178 -0.6656 80 200 120
-4.6695 -1.0997 0.0235 80 200 120
6.4748 -4.5580 2.3585 80 200 120
1.9512 -3.1109 1.5162 80 200 120
-2.3064 -2.7669 -0.8272 80 200 120
-4.6626 -3.0190 -0.2399 80 200 120
-0.0870 -3.3774 0.1841 80 200 120
-4.7378 -2.5306 1.0317 80 200 120
-1.3890 -3.2871 -0.0621 80 200 120
1.9258 -3.5769 1.2402 80 200 120
-1.7815 -2.8416 -0.6610 80 200 120
0.7319 -3.0886 -0.2222 80 200 120
-1.3781 -2.8956 -0.6521 80 200 120
-2.2458 0.1527 1.4110 80 200 120
8.1433 -6.4920 3.2802 80 200 120
-2.1624 -3.2722 -0.1578 80 200 120
-3.0775 1.0139 1.6889 80 200 120
-3.9369 -3.3024 -0.5250 80 200 120
-3.8446 0.5123 1.6208 80 200 120
-2.2097 -3.2700 -0.3664 80 200 120
-3.3829 -1.2234 1.5238 80 200 120
1.7199 -2.9631 0.8480 80 200 120
-0.5843 -2.5992 1.5148 80 200 120
-2.4423 -3.1911 -0.3626 80 200 120
-5.0025 -1.3378 0.7936 80 200 120
-0.9467 -2.9521 -0.6606 80 200 120
-1.4374 -2.9685 -0.6743 80 200 120
2.6401 -3.5034 0.9891 80 200 120
-5.2607 -3.0942 -0.4263 80 200 120
-1.5368 -2.6362 -0.6746 80 200 120
-0.6903 -3.3176 0.2317 80 200 120
-2.9057 -3.2629 0.3433 80 200 120
-2.3599 0.2877 1.5356 80 200 120
-1.2983 -3.3117 1.3593 80 200 120
-0.5317 -2.6502 -0.6272 80 200 120
-1.2201 -2.9424 -0.6644 80 200 120
-2.4406 -0.1109 1.4565 80 200 120
-3.1442 0.5629 1.5573 80 200 120
-4.5164 -1.0773 0.1170 80 200 120
1.4065 -3.3543 1.5009 80 200 120
-0.7980 -2.4809 1.4917 80 200 120
-1.5894 -3.2819 1.0197 80 200 120
-3.3909 -3.0163 1.5727 80 200 120
-2.4879 -3.1354 1.4900 80 200 120
-0.8482 -2.0777 1.5157 80 200 120
-4.6718 -0.3274 1.1188 80 200 120
1.5674 -1.7213 1.4661 80 200 120
-4.5715 -3.0177 -0.3988 80 200 120
-2.8789 -0.1499 1.5585 80 200 120
-4.1597 -2.6213 1.4847 80 200 120
-4.2691 -1.0442 1.4643 80 200 120
-1.3622 -2.5629 -0.6594 80 200 120
-4.6172 -2.3953 1.4590 80 200 120
-4.8578 -2.8490 0.2142 80 200 120
-4.2225 -3.0372 1.5458 80 200 120
-1.6090 -2.5740 -0.6634 80 200 120
-2.5340 -3.2278 -0.3622 80 200 120
-1.1108 -2.9290 -0.6623 80 200 120
-3.3001 -0.3809 1.4338 80 200 120
3.4813 -3.2127 1.0953 80 200 120
-0.5634 -2.7260 -0.6049 80 200 120
-4.7321 -1.0273 0.1385 80 200 120
-4.8166 -1.2961 0.7665 80 200 120
-4.5570 -3.1063 0.1296 80 200 120
0.0633 -3.4393 0.3411 80 200 120
2.4978 -2.9214 1.6682 80 200 120
-3.7873 -1.8664 1.4682 80 200 120
-3.1093 0.5281 1.5377 80 200 120
-2.3362 -0.2221 1.3852 80 200 120
-1.7568 -2.8194 -0.6087 80 200 120
1.6660 -3.1031 1.0815 80 200 120
-1.7921 -2.6179 -0.6576 80 200 120
-1.5445 -2.6566 -0.6764 80 200 120
-1.2179 -2.6237 -0.6596 80 200 120
-4.7689 -3.3350 -0.8410 80 200 120
-4.5003 -0.9787 0.4655 80 200 120
-1.0793 -2.0343 1.4930 80 200 120
2.1182 -2.9653 0.8848 80 200 120
-1.5705 -2.8226 -0.6361 80 200 120
1.6086 -2.9710 0.6051 80 200 120
5.4445 -4.2401 1.6595 80 200 120
3.7036 -3.1138 2.1658 80 200 120
2.8927 -2.3308 1.6762 80 200 120
1.1911 -2.4566 1.4686 80 200 120
-5.2038 -0.9584 0.1979 80 200 120
-1.9739 -1.7748 1.4722 80 200 120
-0.7983 -2.6973 1.5093 80 200 120
-4.0577 -0.4725 1.5276 80 200 120
4.8812 -3.4553 1.1709 80 200 120
-3.9101 -0.2315 1.3802 80 200 120
-1.3976 -2.6734 -0.6659 80 200 120
-0.4284 -3.3489 0.1755 80 200 120
-4.8812 -0.6298 0.7997 80 200 120
-1.3608 -3.2726 0.9533 80 200 120
-0.3688 -2.4793 1.4944 80 200 120
-1.9292 -2.8094 -0.6989 80 200 120
-3.0339 0.4181 1.4613 80 200 120
3.6811 -2.8216 1.1493 80 200 120
2.6575 -3.2186 1.1086 80 200 120
-0.6800 -2.7734 -0.6816 80 200 120
-2.2278 -3.2596 -0.3292 80 200 120
-2.6842 0.1862 1.4081 80 200 120
2.3337 -2.6718 1.3897 80 200 120
-1.7123 -2.7697 -0.6350 80 200 120
0.7620 -2.6290 -0.2476 80 200 120
1.0792 -3.4072 -0.3836 80 200 120
-4.2310 -3.0995 -0.7762 80 200 120
-2.8486 -0.1896 1.4926 80 200 120
-3.1356 -0.9615 1.5191 80 200 120
-2.5534 -3.2503 -0.9083 80 200 120
-0.0203 -3.3889 0.5864 80 200 120
-3.6462 -3.2061 -1.5074 80 200 120
1.4481 -3.8590 -0.6342 80 200 120
-0.8358 -2.7980 -0.6283 80 200 120
-2.3285 -0.2035 1.3780 80 200 120
-1.6334 -2.8703 -0.6274 80 200 120
-2.7878 -3.2310 0.5507 80 200 120
-0.9314 -3.2633 1.3801 80 200 120
-1.8722 -1.3701 1.5123 80 200 120
-4.7943 -2.0681 0.7248 80 200 120
-4.8559 -0.6929 0.8766 80 200 120
2.5679 -3.4856 0.9860 80 200 120
-4.2306 -3.0984 -1.4124 80 200 120
-4.6415 -3.0392 1.4069 80 200 120
2.1978 -2.6334 1.3758 80 200 120
4.1302 -3.3177 1.2944 80 200 120
-4.3482 -0.0550 1.6763 80 200 120
-1.0823 -2.7702 -0.6591 80 200 120
3.6275 -3.5273 0.1018 80 200 120
-3.4258 -2.7161 1.5520 80 200 120
0.7612 -2.9049 -0.7073 80 200 120
0.8594 -2.6578 -0.2624 80 200 120
0.7430 -2.3476 -0.2802 80 200 120
-1.4323 -3.0256 -0.6979 80 200 120
-1.2750 -2.7784 -0.6681 80 200 120
3.1127 -3.4215 1.3026 80 200 120
-2.2763 0.2599 1.3990 80 200 120
4.5812 -3.8815 1.2251 80 200 120
-0.6699 -3.1477 1.4997 80 200 120
-1.6447 -3.1608 1.5143 80 200 120
-1.8733 -2.9245 1.5434 80 200 120
0.0027 -2.9119 1.5572 80 200 120
-4.7082 -1.2248 1.2764 80 200 120
-1.7027 -2.5960 1.5447 80 200 120
-1.7888 -2.6635 -0.6510 80 200 120
0.5033 -2.8933 -0.5696 80 200 120
4.0571 -2.7849 1.2902 80 200 120
1.3469 -3.1701 0.9417 80 200 120
-3.3926 -3.1939 1.2210 80 200 120
-4.3118 -3.2047 1.0782 80 200 120
-4.1059 -1.5900 1.5655 80 200 120
4.4424 -2.9519 0.7329 80 200 120
0.2626 -2.2377 -0.4927 80 200 120
2.4875 -2.2260 1.4889 80 200 120
1.3006 -2.5276 1.5918 80 200 120
1.6754 -1.5842 1.5062 80 200 120
1.8394 -1.3196 1.1404 80 200 120
-0.5852 -2.8438 -0.1224 80 200 120
-3.7252 -3.0740 1.3799 80 200 120
-0.4038 -3.2854 0.5372 80 200 120
-1.7610 -3.3709 -0.1861 80 200 120
0.9980 -3.3652 0.2797 80 200 120
-4.8748 -1.3005 0.7835 80 200 120
-0.7991 -0.9839 1.4470 80 200 120
0.3412 -3.2483 1.0345 80 200 120
-3.3320 -3.1953 -0.0787 80 200 120
-2.2140 -3.2830 1.0802 80 200 120
-1.8317 -3.2749 1.4129 80 200 120
0.2789 -2.3200 1.4432 80 200 120
-0.5199 -2.6573 -0.6673 80 200 120
1.5208 -1.8738 1.5468 80 200 120
0.6062 -1.5910 1.5585 80 200 120
2.3035 -3.1056 1.4792 80 200 120
-4.3752 -2.1510 1.5592 80 200 120
-2.1876 -3.4675 -0.4882 80 200 120
-1.0145 -2.7330 -0.5193 80 200 120
3.8212 -2.5021 0.6565 80 200 120
-4.6540 -0.7065 0.8188 80 200 120
-4.5809 -0.4130 1.2284 80 200 120
3.2936 -3.6570 0.5170 80 200 120
1.1470 -3.5148 -0.3665 80 200 120
-0.5549 -2.5535 -0.2095 80 200 120
3.0956 -1.7533 1.3046 80 200 120
1.8189 -2.6524 1.5078 80 200 120
2.2047 -2.5921 1.3635 80 200 120
2.3090 -3.3252 0.8511 80 200 120
-0.9151 -3.3743 0.5050 80 200 120
-4.2456 0.5949 1.3618 80 200 120
1.1109 -1.5521 1.5422 80 200 120
-3.9879 -0.8697 1.5494 80 200 120
-2.9390 -2.3002 1.5058 80 200 120
-4.8995 -1.6750 1.1699 80 200 120
-0.8165 -3.3628 1.0135 80 200 120
0.5004 -2.2187 -0.2813 80 200 120
-4.7817 -2.9970 -0.2661 80 200 120
-4.4114 -0.6799 1.4573 80 200 120
-1.2078 -3.3829 -0.3561 80 200 120
-2.5498 -0.0263 1.5950 80 200 120
-4.7701 -1.3043 0.5124 80 200 120
-2.9364 0.3346 1.3330 80 200 120
-2.7092 0.1346 1.3259 80 200 120
-2.6384 -3.2386 0.0457 80 200 120
-0.6986 -3.3173 1.2757 80 200 120
4.0883 -2.2005 0.8598 80 200 120
-3.6464 -2.7093 -0.5585 80 200 120
-4.5950 -1.7815 1.5829 80 200 120
-1.0931 -1.2025 1.5825 80 200 120
0.1254 -1.9536 -0.5497 80 200 120
3.9639 -1.9598 1.1984 80 200 120
-2.1086 -2.8321 -0.5367 80 200 120
-0.2223 -2.1156 1.5940 80 200 120
-0.0828 -2.3746 -0.3623 80 200 120
2.0517 -3.2919 1.3008 80 200 120
1.0475 -1.8699 1.5430 80 200 120
5.2930 -1.9328 2.3086 80 200 120
-3.1478 -3.2136 0.6086 80 200 120
-0.2676 -1.8469 -0.5475 80 200 120
-2.5531 -3.2423 0.5172 80 200 120
-0.4194 -2.0280 -0.4794 80 200 120
-3.0627 -3.0159 -0.5660 80 200 120
-4.2535 -2.3247 -0.5184 80 200 120
-4.1515 -2.6769 -0.5302 80 200 120
-3.7081 -3.1212 -0.5313 80 200 120
-0.5123 -3.4667 0.0276 80 200 120
-0.9333 -3.1800 -0.0102 80 200 120
-2.4046 -2.8618 -0.5789 80 200 120
-2.6875 -2.8487 -0.5684 80 200 120
-3.3910 -3.0919 -0.5569 80 200 120
0.8016 -2.6001 -0.2487 80 200 120
-1.4257 -2.7079 -0.5508 80 200 120
0.0881 -3.6781 0.0718 80 200 120
2.4626 -3.0073 -0.1218 80 200 120
2.0674 -2.3932 1.5799 80 200 120
-4.0005 -0.1944 1.4016 80 200 120
-1.0411 -1.5114 -0.5002 80 200 120
-1.3468 -1.5783 -0.5440 80 200 120
-1.9612 -3.3777 -0.1680 80 200 120
-0.3830 -3.0027 1.3595 80 200 120
-4.7618 -1.3079 0.7274 80 200 120
2.6106 -1.2054 1.0923 80 200 120
1.4431 -3.4191 0.0194 80 200 120
-1.1861 -1.3781 -0.5391 80 200 120
-3.4203 -2.1984 1.4947 80 200 120
0.8537 -3.2299 1.2665 80 200 120
-2.4982 -1.2152 1.4891 80 200 120
3.5509 -2.3880 0.0308 80 200 120
-1.8817 -2.6446 -0.5592 80 200 120
1.8911 -1.5421 1.6358 80 200 120
-1.0532 -3.1598 0.7126 80 200 120
4.3547 -3.4843 1.3875 80 200 120
-4.8437 -3.2787 -0.5732 80 200 120
4.5169 -3.2377 0.8007 80 200 120
4.3805 -2.5270 0.8042 80 200 120
0.9084 -2.3897 -0.2866 80 200 120
4.6022 -4.3265 0.7479 80 200 120
3.2533 -1.6618 1.5326 80 200 120
-1.7450 -2.7195 -0.5639 80 200 120
3.1610 -2.3834 -0.2973 80 200 120
2.8256 -2.6006 -0.1392 80 200 120
0.6224 -2.4738 -0.5820 80 200 120
1.1240 -2.5551 -0.5418 80 200 120
3.6524 -2.9922 -0.5284 80 200 120
0.9235 -2.1667 -0.5448 80 200 120
2.1797 -2.7846 -0.1418 80 200 120
-2.4163 -3.1086 -0.5622 80 200 120
-1.2949 -1.7331 1.4810 80 200 120
3.5225 -1.2847 1.5064 80 200 120
-2.5867 -2.6949 -0.5846 80 200 120
1.4298 -8.1638 -0.5770 80 200 120
4.0497 -2.2649 1.2895 80 200 120
3.8203 -3.4981 0.7414 80 200 120
-0.4817 -1.4030 1.4729 80 200 120
-1.5807 -2.7704 -0.5630 80 200 120
1.6921 -0.7090 1.1430 80 200 120
-3.0195 -3.2370 0.0749 80 200 120
4.7239 -1.6357 0.8344 80 200 120
3.0771 -1.0396 0.9186 80 200 120
4.2317 -2.7524 -0.3732 80 200 120
1.0248 -3.0928 -0.5904 80 200 120
3.2461 -3.5852 0.4472 80 200 120
1.0673 -1.0133 1.2714 80 200 120
4.0144 -3.2748 1.2825 80 200 120
4.0383 -2.7430 1.2812 80 200 120
-4.5193 -2.6288 0.0967 80 200 120
-2.7761 -3.1360 1.4065 80 200 120
-4.6261 -1.2863 0.6729 80 200 120
4.3477 -1.8090 1.2567 80 200 120
-4.7569 -3.7034 -0.5899 80 200 120
-0.6438 -0.9971 1.6990 80 200 120
2.9539 -0.7425 1.3471 80 200 120
-2.7920 -3.2259 -0.2530 80 200 120
-1.2698 -1.3668 -0.5303 80 200 120
-0.3077 -1.2569 1.7917 80 200 120
-1.1640 -3.4504 0.1337 80 200 120
-4.7370 -2.5120 1.0436 80 200 120
2.0332 -4.5150 -0.5652 80 200 120
1.9971 -0.6902 1.2834 80 200 120
1.3910 -1.0253 1.5051 80 200 120
-4.1727 -0.1327 1.5525 80 200 120
-4.6460 -1.2755 0.6640 80 200 120
-3.7385 -2.5962 1.5410 80 200 120
-0.9480 -1.6750 1.4733 80 200 120
-1.4681 -1.9953 -0.5483 80 200 120
-1.4434 -2.6131 0.9066 80 200 120
-1.2716 -1.0794 1.5236 80 200 120
-2.5240 -2.5323 1.4992 80 200 120
-0.0221 -0.7865 1.4244 80 200 120
4.8566 -1.7130 0.6139 80 200 120
-4.5887 -1.2765 -0.0097 80 200 120
-0.5635 -1.3335 1.4386 80 200 120
-1.0438 -1.1472 1.4554 80 200 120
-1.4226 -1.5274 -0.5239 80 200 120
2.6073 -1.1573 1.6194 80 200 120
1.5807 -2.8022 -0.1354 80 200 120
4.2694 -1.7921 1.2100 80 200 120
4.4194 -0.9266 1.3954 80 200 120
-2.2765 -0.1584 1.2753 80 200 120
-2.1972 0.1398 1.3051 80 200 120
-2.1576 -0.0055 0.4265 80 200 120
-1.2876 -1.7718 1.5272 80 200 120
3.4683 -2.5591 1.4530 80 200 120
-4.7262 -1.5566 -0.0251 80 200 120
-2.1576 -3.3712 -0.1288 80 200 120
3.0336 -1.7096 -0.3540 80 200 120
4.4755 -1.1432 1.1202 80 200 120
-1.4535 -0.9777 -0.5295 80 200 120
3.5703 -1.8604 0.3021 80 200 120
0.9029 -0.8420 1.5487 80 200 120
-3.6719 -3.1992 0.2864 80 200 120
1.1012 -1.8358 -0.5995 80 200 120
0.1707 -1.7481 -0.5890 80 200 120
-4.4876 -0.8026 1.4829 80 200 120
-4.5251 -0.6927 0.7342 80 200 120
1.3293 -0.4731 1.5067 80 200 120
1.6044 -1.7192 -0.6177 80 200 120
2.8748 -2.0686 -0.0303 80 200 120
-2.1320 -1.4610 -0.5474 80 200 120
-0.4586 -1.6376 1.5076 80 200 120
3.4799 -0.7117 1.5305 80 200 120
-0.4648 -2.6852 1.6054 80 200 120
3.4488 -1.1771 -0.0730 80 200 120
3.1090 -1.7739 -0.7098 80 200 120
2.7022 -0.2024 1.3872 80 200 120
2.4621 -0.6978 1.5652 80 200 120
-0.5344 -1.3415 1.4594 80 200 120
0.2384 -1.5811 -0.5784 80 200 120
-0.7242 -1.5138 -0.5385 80 200 120
-2.4544 -5.4103 -0.7027 80 200 120
-2.0133 -4.5008 -0.6901 80 200 120
3.2638 -3.5413 0.4657 80 200 120
-0.7841 -1.0352 1.5137 80 200 120
0.8871 -3.5360 -0.2583 80 200 120
3.6625 -0.1843 0.9950 80 200 120
-0.8011 -0.6933 -0.6656 80 200 120
4.1026 -2.2761 1.3324 80 200 120
3.6302 -2.5579 -0.5337 80 200 120
-2.0348 -1.3759 -0.6665 80 200 120
-2.0013 -0.7006 -0.5581 80 200 120
-2.0523 -0.6629 -0.5481 80 200 120
-1.9090 -1.3679 -0.6644 80 200 120
-3.6363 -3.0976 -1.3881 80 200 120
-0.6695 -3.3955 0.2522 80 200 120
-2.8782 -3.2346 0.3404 80 200 120
-0.9065 -1.5808 -0.5387 80 200 120
3.1123 -2.1927 -0.1846 80 200 120
4.4335 -2.4073 0.2555 80 200 120
2.0862 0.1048 1.0656 80 200 120
2.5312 -0.1688 1.6346 80 200 120
2.1575 -2.6456 -0.1745 80 200 120
2.0028 0.3215 1.3250 80 200 120
-3.6592 -3.8250 -1.6863 80 200 120
-1.0628 -2.5934 -0.8834 80 200 120
-3.2591 -3.6035 -1.6062 80 200 120
4.3397 -0.8889 0.4844 80 200 120
-1.0384 -1.7369 -0.5280 80 200 120
4.6438 -1.6200 0.5611 80 200 120
1.1688 0.9439 1.4056 80 200 120
-1.8634 -2.2562 -0.5923 80 200 120
-1.6785 -0.4790 -0.5135 80 200 120
-2.8240 -3.5544 -1.5527 80 200 120
4.0677 -2.2976 1.3333 80 200 120
-0.7407 -2.5329 1.5683 80 200 120
-1.6518 -3.0069 0.9002 80 200 120
-3.3587 -2.9329 1.5233 80 200 120
-2.4878 -2.9978 1.3743 80 200 120
-0.8088 -2.1044 1.5474 80 200 120
1.3456 -0.3649 -0.4281 80 200 120
3.2493 -1.8536 -1.6721 80 200 120
-1.9127 -0.4144 -0.5018 80 200 120
-1.9541 -0.3808 -0.4941 80 200 120
-1.6828 -0.7328 -0.4797 80 200 120
-1.9659 -0.2380 -0.4733 80 200 120
2.1195 0.1288 0.7661 80 200 120
2.3064 0.3784 1.1511 80 200 120
4.5519 -0.3403 1.0390 80 200 120
4.4871 -2.4736 0.2880 80 200 120
3.0292 -1.1393 -0.4316 80 200 120
-3.2510 -3.0354 -0.0963 80 200 120
-2.5679 -3.4718 -0.3419 80 200 120
4.8159 1.2066 1.5008 80 200 120
0.6715 1.4582 1.5114 80 200 120
2.1714 0.3312 1.3933 80 200 120
2.9107 0.9723 1.6230 80 200 120
2.1934 -2.6839 -0.1413 80 200 120
3.5535 -1.3205 0.3661 80 200 120
-2.0834 -0.7298 -0.4967 80 200 120
3.9402 -2.5952 -1.4324 80 200 120
-2.0583 -0.8614 -0.5935 80 200 120
1.7320 -2.1360 -0.9844 80 200 120
2.8432 -2.4506 -1.5370 80 200 120
1.9691 -1.8882 -1.7486 80 200 120
3.7075 -2.6083 -0.5037 80 200 120
-2.0955 -0.9920 -0.7516 80 200 120
1.5659 0.5659 1.5135 80 200 120
0.8687 0.9728 1.6664 80 200 120
0.0304 -1.6066 1.5302 80 200 120
0.1169 0.5600 1.4713 80 200 120
0.6393 0.5281 1.4551 80 200 120
-0.8749 -1.2883 1.4617 80 200 120
0.5426 -3.3902 0.2018 80 200 120
-0.4739 1.2209 1.7071 80 200 120
0.9509 -0.5693 -0.9181 80 200 120
2.1691 0.1016 0.7808 80 200 120
2.4246 0.4423 0.4583 80 200 120
3.4098 -1.8879 -0.4824 80 200 120
1.9121 -0.7550 -0.4501 80 200 120
4.4086 -2.0397 -1.7485 80 200 120
2.9264 -1.9969 -1.7841 80 200 120
2.9684 -3.3487 0.4034 80 200 120
1.2071 0.9231 1.4358 80 200 120
-1.0036 -2.0953 1.5601 80 200 120
1.4507 -0.8605 -1.3620 80 200 120
1.3031 -1.2244 -1.6404 80 200 120
3.3813 -2.3541 -1.3390 80 200 120
-1.3343 -1.3967 -0.5409 80 200 120
2.2868 -2.5385 -0.7923 80 200 120
4.5810 -1.0257 0.0717 80 200 120
4.5360 -0.7240 0.6932 80 200 120
-0.5645 0.0624 1.4977 80 200 120
-0.3383 0.4303 1.4842 80 200 120
1.2625 -1.6385 -1.7947 80 200 120
-0.0076 -0.7858 1.4687 80 200 120
-0.6662 -0.1754 1.4840 80 200 120
4.5722 -1.6337 0.5884 80 200 120
3.2454 0.9723 1.7703 80 200 120
3.8593 1.1390 1.5150 80 200 120
-1.4764 0.2365 1.4431 80 200 120
0.9370 -0.0250 1.4902 80 200 120
0.1169 0.0405 1.4583 80 200 120
0.3016 -3.6062 0.6037 80 200 120
-0.7678 -2.7228 1.5551 80 200 120
-1.8448 -0.5227 -0.5204 80 200 120
5.6363 -2.6542 -1.6506 80 200 120
-0.6680 -0.6738 1.4942 80 200 120
-2.2521 1.0389 1.5012 80 200 120
-4.0063 -0.6788 1.4813 80 200 120
1.6396 -2.1712 -1.2311 80 200 120
0.4965 0.8646 1.3959 80 200 120
-0.2271 -0.0359 1.4686 80 200 120
2.2215 -1.4687 -1.4290 80 200 120
-4.1008 -0.1576 1.5120 80 200 120
-0.2612 -1.3827 -0.6290 80 200 120
-1.2500 -1.9056 -0.5801 80 200 120
-1.5746 -1.5485 -0.5453 80 200 120
0.9837 -2.2159 -0.5538 80 200 120
2.4509 -2.5437 -1.8775 80 200 120
-3.8744 -0.8907 1.4353 80 200 120
-4.4354 -0.7990 1.5025 80 200 120
-4.2532 -1.0497 1.4511 80 200 120
-4.0000 -0.4074 1.4982 80 200 120
-0.4058 -3.2839 0.1931 80 200 120
-0.1664 -1.6679 -0.5983 80 200 120
-0.3429 1.9249 1.4350 80 200 120
4.8157 1.6396 1.3791 80 200 120
0.7051 1.4771 1.5183 80 200 120
2.6911 0.8930 1.5626 80 200 120
-0.9427 -0.6277 -1.0337 80 200 120
4.0533 1.1199 1.5596 80 200 120
2.6129 0.0646 0.9520 80 200 120
2.4922 0.4944 0.4609 80 200 120
3.1827 -0.2561 0.7864 80 200 120
-0.2276 -2.5619 1.5704 80 200 120
4.4869 2.4206 1.2681 80 200 120
-0.0920 -0.4994 -1.2465 80 200 120
4.5963 -0.9448 0.6577 80 200 120
4.2182 0.7185 1.2927 80 200 120
-1.8981 -0.3262 -0.4733 80 200 120
-0.2328 -0.9163 -1.3931 80 200 120
-4.5699 -2.8967 1.4007 80 200 120
4.7940 1.4636 0.7306 80 200 120
-1.2180 -0.6003 -1.1326 80 200 120
-1.6491 -1.2501 1.2792 80 200 120
-0.2481 -0.3332 -1.0398 80 200 120
3.2504 1.9439 1.4974 80 200 120
-0.1932 -0.6266 -1.2994 80 200 120
3.6781 2.6800 1.2505 80 200 120
3.0114 2.6353 1.3674 80 200 120
0.5566 1.3585 1.4063 80 200 120
-4.1664 -2.9532 1.3982 80 200 120
-1.3990 -0.5363 -0.6699 80 200 120
-0.9207 -0.9935 -0.5985 80 200 120
-4.0135 -3.0848 1.0282 80 200 120
-0.3022 1.9307 1.4528 80 200 120
2.3046 -0.0110 -0.4307 80 200 120
-1.6050 -0.3770 -0.6043 80 200 120
-3.4161 -2.4985 1.2061 80 200 120
-0.6506 -0.8631 -0.8500 80 200 120
0.5572 -2.0297 -0.7923 80 200 120
-1.5767 -0.6786 -0.5210 80 200 120
1.3258 2.0392 1.3637 80 200 120
0.6096 -0.3567 -0.5066 80 200 120
-2.6732 -0.8419 0.8572 80 200 120
-1.0438 -2.7235 1.1402 80 200 120
0.7383 -2.4884 -0.1825 80 200 120
4.6464 1.6407 -0.1755 80 200 120
1.8664 2.6502 1.2868 80 200 120
1.4118 2.6370 1.3319 80 200 120
3.3857 -2.4081 -0.4567 80 200 120
4.4705 1.0138 0.3572 80 200 120
-1.6922 -1.0713 -0.5229 80 200 120
-1.4028 -1.4967 -0.5122 80 200 120
2.1573 -0.5705 -0.3992 80 200 120
-1.2921 -0.7921 -0.5564 80 200 120
2.4879 0.4766 -0.1465 80 200 120
-0.6627 -0.1030 -0.6877 80 200 120
-0.4855 -0.1753 -0.9063 80 200 120
2.3794 0.4449 -1.0747 80 200 120
0.3900 -0.7833 -0.7486 80 200 120
2.2185 -2.2971 -1.2749 80 200 120
1.5863 -2.4280 -1.4106 80 200 120
-1.7791 -0.5284 -0.5120 80 200 120
0.6778 0.0162 -0.6463 80 200 120
0.4028 -0.8180 -1.0605 80 200 120
2.6641 -2.9549 1.1056 80 200 120
-1.2877 -0.5018 -1.0631 80 200 120
0.6096 0.8717 1.4411 80 200 120
-0.3037 -0.7669 -1.2003 80 200 120
-1.6176 -0.3922 -0.7748 80 200 120
-1.8885 -0.4092 1.2429 80 200 120
-0.6304 -0.1054 -0.6772 80 200 120
2.4116 -0.0256 -0.3848 80 200 120
-0.9215 -0.6265 -0.9085 80 200 120
0.4688 -0.2428 -0.4466 80 200 120
-1.3090 -2.2001 1.2577 80 200 120
2.8733 0.0002 -1.1812 80 200 120
3.3671 -0.2342 0.2898 80 200 120
-0.6695 -2.9337 1.3762 80 200 120
-0.0720 -2.6303 1.3939 80 200 120
1.5728 -3.1771 0.9502 80 200 120
4.1238 2.0551 -0.2649 80 200 120
1.9789 -0.0130 -1.5125 80 200 120
-0.6333 -0.9019 -1.2698 80 200 120
-0.7671 -0.0402 -0.8160 80 200 120
-1.9424 -0.3330 -0.5634 80 200 120
-3.3368 -2.8891 1.3544 80 200 120
-0.6179 0.0224 -0.5330 80 200 120
4.8232 1.0760 -0.4797 80 200 120
1.9822 0.4949 -1.0277 80 200 120
-1.8760 -0.5538 -0.4865 80 200 120
1.9320 -2.6739 -1.4948 80 200 120
1.6942 -1.9318 -1.1348 80 200 120
3.6489 0.6130 0.7197 80 200 120
1.9700 0.4543 -0.5706 80 200 120
4.0542 2.3354 0.6188 80 200 120
2.7398 -2.2459 1.5385 80 200 120
1.2808 -2.4207 1.5500 80 200 120
1.1735 -3.4430 0.2969 80 200 120
0.4464 -3.2186 1.0566 80 200 120
0.5353 -2.4306 1.5230 80 200 120
1.7288 -1.8449 1.5527 80 200 120
0.6861 -1.5077 1.5047 80 200 120
2.1663 -2.8158 1.3425 80 200 120
3.0656 -1.8972 -0.9411 80 200 120
1.8420 -2.5509 1.4978 80 200 120
2.2586 -2.4794 1.3844 80 200 120
2.1623 -2.9821 0.7697 80 200 120
-0.9863 -2.8995 0.3698 80 200 120
1.2476 -1.5326 1.5565 80 200 120
-2.9431 -3.0311 -0.0951 80 200 120
2.6919 2.6595 1.3272 80 200 120
-0.6494 -0.9175 -1.2429 80 200 120
-0.6808 -0.0678 -0.8531 80 200 120
-1.9617 -0.3241 1.1928 80 200 120
4.6611 2.5169 0.5932 80 200 120
-0.7076 -3.3641 1.0092 80 200 120
-0.5113 -0.6944 -1.2438 80 200 120
-2.2566 -1.8582 1.3966 80 200 120
-1.4041 -0.6373 -0.5370 80 200 120
0.6790 -1.2308 -1.3912 80 200 120
-0.9917 -0.8295 -0.6005 80 200 120
-4.1844 -2.9286 1.3961 80 200 120
-1.5654 -0.5091 -0.8444 80 200 120
-0.6336 -3.1648 1.2104 80 200 120
-0.1306 -2.0230 1.5595 80 200 120
1.8306 -2.9146 1.1775 80 200 120
1.1495 -1.8046 1.5223 80 200 120
-3.2930 -2.9336 1.3729 80 200 120
-2.3635 -0.9169 1.2863 80 200 120
-2.5877 -3.3551 0.5562 80 200 120
-4.0736 -3.3054 1.1337 80 200 120
4.4228 -0.8636 0.6597 80 200 120
-1.6803 -1.2261 1.3384 80 200 120
1.9878 0.5436 -0.9705 80 200 120
4.3433 1.0089 -1.2869 80 200 120
5.4274 1.8242 -0.8064 80 200 120
-2.2556 -1.9306 1.1534 80 200 120
-0.4382 -3.3842 0.0118 80 200 120
-1.0805 -2.5107 -0.0915 80 200 120
0.2593 -3.8380 0.0504 80 200 120
1.8626 -2.0835 1.4613 80 200 120
-2.0590 -0.0492 -0.4537 80 200 120
1.0678 -0.0333 -0.8236 80 200 120
-0.9178 -0.6334 -1.0875 80 200 120
-1.4905 -0.2415 -0.9100 80 200 120
-0.3569 -2.8035 1.2672 80 200 120
-0.5243 -0.1506 -0.9006 80 200 120
-0.3841 -0.7533 -1.2795 80 200 120
2.2976 0.4948 -1.0142 80 200 120
0.8701 -0.8804 -0.6373 80 200 120
0.7747 -2.9291 1.1678 80 200 120
1.9833 -1.4740 1.5812 80 200 120
-1.1581 -2.6742 0.5954 80 200 120
2.9235 -2.1211 0.5477 80 200 120
4.1808 -2.3275 0.7730 80 200 120
3.3590 -1.5913 1.5352 80 200 120
-1.4843 -0.7849 -0.5473 80 200 120
4.2972 0.2960 -0.6867 80 200 120
5.0531 1.7167 -0.7301 80 200 120
5.1377 1.0163 -1.4174 80 200 120
-0.2230 -1.4770 -1.0394 80 200 120
0.5378 -1.8377 -1.1202 80 200 120
2.2567 -2.1083 -0.1101 80 200 120
3.5644 -1.1968 1.5157 80 200 120
2.8924 -2.6284 0.5072 80 200 120
2.0097 -0.4667 -1.1155 80 200 120
-2.2022 -2.4140 -0.2412 80 200 120
1.5341 -1.6334 -0.4887 80 200 120
-2.9326 -4.0492 -0.0120 80 200 120
4.7781 1.4308 0.0824 80 200 120
3.5627 -2.8609 1.1293 80 200 120
2.0143 -1.0379 -0.4842 80 200 120
1.2479 -2.5723 -1.3901 80 200 120
-0.7180 -2.5062 -0.5749 80 200 120
3.4798 0.3106 -1.2876 80 200 120
1.7156 -0.5991 -0.6565 80 200 120
2.0006 0.0733 -1.3710 80 200 120
5.2278 1.7623 -0.8123 80 200 120
4.7031 2.2003 -0.2940 80 200 120
-3.3832 -2.9631 1.3821 80 200 120
-4.1537 -3.5020 1.1192 80 200 120
-2.5778 -3.0807 0.5613 80 200 120
4.8746 -1.7539 0.5817 80 200 120
-2.2778 -1.4851 1.0172 80 200 120
2.6958 0.3060 0.5386 80 200 120
1.5743 -1.0566 1.5602 80 200 120
-0.8759 -1.7618 1.5142 80 200 120
-1.2369 -1.1168 1.5376 80 200 120
2.7474 -1.1346 1.6121 80 200 120
0.4215 -1.6731 -0.0755 80 200 120
4.2912 -1.7278 1.1750 80 200 120
4.2752 -0.8601 1.3177 80 200 120
-1.2133 -1.8452 1.5423 80 200 120
-1.5736 -8.4971 -0.6866 80 200 120
-2.9746 -3.1430 -0.1039 80 200 120
-0.6107 -1.0794 -1.3585 80 200 120
2.3335 -2.3248 -1.8805 80 200 120
0.3949 -0.1807 -0.5493 80 200 120
-2.0518 -0.1101 -0.4507 80 200 120
-1.7093 -0.7009 -0.5649 80 200 120
0.8072 -0.7989 1.5241 80 200 120
1.2847 -0.4205 1.4900 80 200 120
-0.4035 -1.6613 1.5202 80 200 120
3.3892 -0.6485 1.4802 80 200 120
-4.1901 -2.9383 1.4190 80 200 120
5.0781 1.6987 -0.7981 80 200 120
2.4704 2.7073 1.2518 80 200 120
0.4850 1.3996 1.4445 80 200 120
-1.9197 -0.4736 -0.3750 80 200 120
2.0550 -0.0745 -0.6338 80 200 120
-0.3839 -2.7585 1.6018 80 200 120
2.9552 -0.2748 1.4958 80 200 120
2.8994 -0.8642 1.6615 80 200 120
-0.4070 -1.4819 1.5313 80 200 120
-0.9163 -1.0292 -0.4654 80 200 120
-0.7528 -1.0436 1.5159 80 200 120
1.2172 -3.9910 -0.2868 80 200 120
2.5435 0.5725 -0.2287 80 200 120
-1.3066 -2.3013 -0.5141 80 200 120
-0.7739 -2.0522 -0.5506 80 200 120
1.0453 -2.7370 -1.0537 80 200 120
-0.9425 -2.5163 -0.6854 80 200 120
-2.4954 -0.2268 -0.3452 80 200 120
3.3694 -0.6084 0.1173 80 200 120
0.2991 -0.1533 -0.5573 80 200 120
-1.2323 -0.8370 -0.5605 80 200 120
-1.4495 -0.3679 -0.6166 80 200 120
-0.6340 -3.3674 0.2330 80 200 120
2.6230 -0.1847 1.6319 80 200 120
0.0543 -3.3569 0.0101 80 200 120
-2.0711 0.0397 -0.3366 80 200 120
4.7228 -2.6268 1.3793 80 200 120
-1.6604 -1.2916 -0.3512 80 200 120
0.2147 -0.7457 -0.8084 80 200 120
-1.5837 -0.4048 -0.5825 80 200 120
4.4639 -4.2509 -3.0863 80 200 120
0.3358 -0.1119 -0.5214 80 200 120
-0.9763 -2.4445 -0.5763 80 200 120
-1.3588 -0.5060 -0.6798 80 200 120
-4.3479 -2.4283 1.2841 80 200 120
-0.5235 -2.9454 1.6809 80 200 120
-0.5328 -2.6025 1.7145 80 200 120
2.8761 0.2258 1.3502 80 200 120
3.9915 -2.1263 0.2727 80 200 120
0.0402 -0.2342 -0.4476 80 200 120
0.5465 0.5085 -0.2225 80 200 120
2.0292 -3.3666 -1.7809 80 200 120
-1.9003 -0.4807 -0.5212 80 200 120
1.1286 0.0333 -0.5950 80 200 120
5.1315 1.6913 1.4873 80 200 120
-2.3560 -0.4934 -0.4548 80 200 120
-4.5818 -4.1559 -0.9091 80 200 120
1.9759 0.3742 1.3792 80 200 120
1.4341 0.6043 1.4937 80 200 120
-0.6354 -2.3161 -0.6140 80 200 120
267.1533 -242.0478 -24.4853 80 200 120
-0.5324 -1.9244 -1.3064 80 200 120
-4.1200 -3.2816 1.1180 80 200 120
8.8684 -0.9924 1.3411 80 200 120
-0.0853 -1.8103 -1.0018 80 200 120
5.6133 0.8850 0.4139 80 200 120
1.0872 0.4506 -0.7248 80 200 120
1.5029 -0.7787 -0.8288 80 200 120
0.2234 -1.7275 1.5855 80 200 120
0.6264 0.5205 1.4638 80 200 120
-0.6415 -1.6699 1.6208 80 200 120
2.7643 -3.0755 0.3532 80 200 120
1.3896 0.8969 1.5053 80 200 120
-1.5249 -1.8268 -0.4693 80 200 120
2.7801 0.5690 -0.2306 80 200 120
2.5084 -1.7218 0.1907 80 200 120
1.9384 -2.2446 -1.4288 80 200 120
-0.9370 -2.0928 1.5690 80 200 120
-0.4365 -0.0489 1.5877 80 200 120
-0.3486 0.4406 1.4798 80 200 120
0.0628 -0.8820 1.5149 80 200 120
-0.5909 -0.2427 1.5342 80 200 120
1.0762 -0.1027 1.5543 80 200 120
0.2291 -0.0386 1.5271 80 200 120
0.3910 -3.7376 0.5842 80 200 120
0.1422 -2.1560 -1.1743 80 200 120
0.0025 0.9635 -0.1495 80 200 120
1.0718 -2.1640 -1.2425 80 200 120
-2.3871 -0.5355 0.1337 80 200 120
7.5810 2.8556 0.7387 80 200 120
2.9427 -2.1138 -0.4442 80 200 120
2.6294 -3.3178 -0.2678 80 200 120
0.2226 -1.3824 -0.3451 80 200 120
-0.5319 -3.2419 1.6990 80 200 120
-0.4468 -0.9661 1.6555 80 200 120
-0.0837 -0.1368 1.5509 80 200 120
-0.0835 -0.4172 -0.4509 80 200 120
3.0616 -2.8193 -0.0440 80 200 120
-4.2899 -3.0315 1.4561 80 200 120
-2.0596 -2.9854 -0.4937 80 200 120
-0.1407 -3.8934 0.1797 80 200 120
2.6990 0.8993 1.5767 80 200 120
4.6959 1.0578 1.6704 80 200 120
2.5122 0.0719 1.0488 80 200 120
5.5155 -1.0383 1.0397 80 200 120
3.1716 -3.4078 -2.4506 80 200 120
-2.4046 -0.3520 -0.4068 80 200 120
0.1466 -5.0840 -1.1428 80 200 120
2.4271 -0.1515 -0.4775 80 200 120
0.7613 -0.3135 -0.6460 80 200 120
2022.9674 -486.6460 -159.6830 80 200 120
-2.7113 -0.5769 -0.4748 80 200 120
2.4239 2.8842 1.4950 80 200 120
-0.2266 -2.5930 1.5946 80 200 120
5.0517 0.6214 1.4501 80 200 120
-2.5517 -0.6051 -0.4952 80 200 120
1.4534 -1.9615 -1.6505 80 200 120
-1.2526 -0.2645 -0.6032 80 200 120
-1.3674 -0.5302 -0.6816 80 200 120
1.6819 2.7625 1.3373 80 200 120
-2.9055 -0.6666 -0.4497 80 200 120
-2.4010 -0.1255 -0.0289 80 200 120
-1.1392 -3.0278 1.2089 80 200 120
28.3444 -37.9880 -4.9729 80 200 120
-4.2873 -2.2895 -0.8314 80 200 120
3.1934 -1.0282 -0.5831 80 200 120
8.7961 3.3948 1.9845 80 200 120
-1.8570 -0.9308 -0.4510 80 200 120
-0.7892 0.4408 -0.1457 80 200 120
-1.2405 -3.0195 -0.6182 80 200 120
17.2704 4.0126 1.3022 80 200 120
3.5387 -3.7092 1.2320 80 200 120
0.7495 0.8563 1.5380 80 200 120
-1.8866 -0.9033 0.9338 80 200 120
-2.7518 -0.7281 -0.4892 80 200 120
-1.0608 -1.0640 -0.6410 80 200 120
-2.5365 -0.6066 -0.4975 80 200 120
9.3478 -10.1689 -1.3199 80 200 120
4.3249 2.7345 1.3314 80 200 120
4.9219 0.5649 0.9065 80 200 120
-0.5646 -3.1635 1.4498 80 200 120
0.0071 -2.7782 1.4620 80 200 120
2.3686 -4.1096 1.0494 80 200 120
-3.0791 -0.5918 -0.5266 80 200 120
-1.5165 -1.2108 -0.5470 80 200 120
0.6737 -0.5703 -0.5670 80 200 120
-2.2979 1.5039 0.4226 80 200 120
1.5325 -2.6067 1.6348 80 200 120
1.0004 -3.2049 0.3030 80 200 120
0.7237 -3.6947 1.1214 80 200 120
0.7674 -2.6625 1.6099 80 200 120
0.6910 -1.5100 1.5263 80 200 120
2.5437 -3.1380 1.4236 80 200 120
-3.2779 -0.8183 -0.5895 80 200 120
2.9840 3.0127 1.5837 80 200 120
-1.3827 -0.9082 -1.0545 80 200 120
4.9767 1.1654 0.2329 80 200 120
2.1188 -2.7559 1.5643 80 200 120
2.4703 -2.6575 1.4504 80 200 120
0.4004 -0.3751 -0.4676 80 200 120
0.0323 -0.2023 -0.6243 80 200 120
4.7262 -2.2286 -1.0566 80 200 120
-1.3418 -1.0606 -0.7502 80 200 120
-1.0361 -1.4989 -0.4136 80 200 120
0.6504 -3.1034 -2.0098 80 200 120
2.0754 0.7877 -0.3136 80 200 120
2.4971 -0.4566 -0.1657 80 200 120
-0.6663 -3.5987 1.0432 80 200 120
-2.4149 -0.2748 0.9029 80 200 120
0.8675 -1.1673 -0.8144 80 200 120
0.4196 0.9028 0.0975 80 200 120
0.1603 0.0939 -0.3273 80 200 120
-0.5459 -3.3596 1.2512 80 200 120
0.0130 -2.3038 1.6535 80 200 120
2.2019 -3.2454 1.2501 80 200 120
1.3844 -2.0207 1.6131 80 200 120
3.6310 -0.6131 0.6305 80 200 120
-1.9868 -0.5251 1.0845 80 200 120
1.3120 -0.9230 -0.6661 80 200 120
1.5303 -2.0709 -0.0786 80 200 120
-2.9287 -1.1491 -0.4828 80 200 120
-1.1039 -2.0380 -0.4596 80 200 120
-0.4080 -3.5149 0.0139 80 200 120
2.4304 -2.5849 1.6517 80 200 120
0.6369 -1.1994 -1.6287 80 200 120
-1.1689 -0.8949 -0.8380 80 200 120
-1.0974 -1.3446 -0.4702 80 200 120
0.8775 -0.7478 -0.9558 80 200 120
-2.3967 -0.1616 -0.0437 80 200 120
-0.1568 -3.0672 1.3722 80 200 120
0.8795 -2.2024 -2.2937 80 200 120
1.1546 -2.1268 -1.2136 80 200 120
-1.3842 -0.8892 -0.6775 80 200 120
-2.1416 1.2764 0.3627 80 200 120
-2.7259 -0.6158 -0.4578 80 200 120
-1.2360 -2.0222 -0.9152 80 200 120
-4.4600 -3.7941 -0.8572 80 200 120
1.0907 -3.2845 1.2517 80 200 120
2.4233 -1.8860 1.7630 80 200 120
-0.9654 -3.6932 0.6803 80 200 120
4.8293 -2.6831 0.7832 80 200 120
4.2993 -2.1918 1.7847 80 200 120
-4.7558 -3.1828 -1.5065 80 200 120
-1.9784 -0.6476 -0.3366 80 200 120
-3.0743 -0.5954 -0.5171 80 200 120
3.3184 -2.7391 1.7061 80 200 120
4.4503 -1.6924 1.7084 80 200 120
22.7191 -17.8535 0.7696 80 200 120
4.0614 -3.6005 -1.0582 80 200 120
1.9094 -0.2522 -1.2747 80 200 120
2.3707 -0.1412 -0.5037 80 200 120
-0.8446 -1.8319 -0.6496 80 200 120
-1.2695 -1.5942 -0.3342 80 200 120
-2.9038 -0.5888 -0.4825 80 200 120
-1.9143 -0.9123 -0.1723 80 200 120
5.9038 -4.5593 1.4202 80 200 120
-0.3841 -1.4484 -1.5413 80 200 120
-1.7173 -0.5425 -0.3422 80 200 120
1.5706 -3.1696 -1.7346 80 200 120
-3.5599 -0.8976 -0.5682 80 200 120
-1.5418 -1.6012 -0.4344 80 200 120
-1.4360 -0.8148 -0.9954 80 200 120
-3.1090 -2.0400 1.1545 80 200 120
-2.5228 -0.9145 0.4706 80 200 120
4.6651 -1.6534 0.4986 80 200 120
-2.3892 -0.2652 0.7432 80 200 120
1.1202 -1.6268 -1.3843 80 200 120
1.5265 -1.6765 -0.9922 80 200 120
0.9690 -0.2962 -1.2385 80 200 120
-1.7156 -0.9115 -0.6863 80 200 120
1.7269 -1.2791 1.6330 80 200 120
-0.8018 -1.7362 1.5479 80 200 120
-1.1546 -1.2312 1.6061 80 200 120
2.9780 -1.4142 1.7147 80 200 120
4.6482 -1.9146 1.2525 80 200 120
4.6208 -0.9834 1.4115 80 200 120
-1.2233 -1.8634 1.5517 80 200 120
-2.8436 -0.6044 -0.4128 80 200 120
-2.4012 -0.2287 -0.3422 80 200 120
-1.1879 -1.5954 -0.3821 80 200 120
0.4152 -0.0909 -0.4884 80 200 120
-1.2064 -0.5968 -1.1285 80 200 120
5.1049 -1.1477 0.1074 80 200 120
-4.3235 -3.3023 1.5126 80 200 120
1.8047 0.5090 -0.3520 80 200 120
1.1827 -1.0562 1.6578 80 200 120
1.5834 -0.6389 1.5823 80 200 120
-0.2848 -1.7954 1.5790 80 200 120
3.8375 -0.8622 1.6056 80 200 120
1.0990 -0.1508 -1.1777 80 200 120
1.9372 -2.8404 -0.2062 80 200 120
-3.3163 -0.5710 -0.4114 80 200 120
-2.6051 -1.0401 0.1285 80 200 120
0.2201 -1.7712 -1.8443 80 200 120
-0.0561 -1.0515 -1.4886 80 200 120
3.0386 2.7895 1.4253 80 200 120
-1.5504 -1.7463 -0.4839 80 200 120
-0.2781 -2.7625 1.6408 80 200 120
2.7589 -0.2160 1.4289 80 200 120
2.7453 -0.8785 1.6293 80 200 120
-0.3605 -1.5281 1.5477 80 200 120
-0.6210 -1.5063 -0.6357 80 200 120
-0.6614 -1.2117 1.5962 80 200 120
1.0395 -3.6477 -0.1869 80 200 120
-1.8380 0.8250 0.2536 80 200 120
2.6679 0.3190 -0.5769 80 200 120
-1.7093 -2.4987 -0.5549 80 200 120
4.6918 2.7213 1.3945 80 200 120
0.7373 1.3650 1.5568 80 200 120
5.0363 2.2596 1.4847 80 200 120
1.4517 -0.2248 -0.9444 80 200 120
-1.9868 -0.7028 0.6701 80 200 120
-2.4193 -0.3390 -0.3790 80 200 120
-2.0300 -0.3029 -0.2175 80 200 120
-2.4174 -0.3775 -0.2053 80 200 120
-1.9783 -0.7069 -0.5900 80 200 120
-2.8425 -0.6068 -0.4193 80 200 120
-2.6820 -0.4482 -0.4071 80 200 120
-0.4961 -3.7047 0.2532 80 200 120
2.5671 -0.1717 1.5984 80 200 120
0.2906 -3.7956 -0.0350 80 200 120
0.4609 -0.9960 -1.0743 80 200 120
-0.3329 -1.5211 -1.6222 80 200 120
0.3184 -0.0373 -0.4843 80 200 120
0.2501 -0.2949 -0.7146 80 200 120
0.0841 -1.5958 -1.6889 80 200 120
0.0347 -0.6197 -1.1648 80 200 120
-1.1231 -0.7645 -1.2486 80 200 120
-1.1939 -0.8032 -0.8132 80 200 120
4.3937 -2.4636 1.3751 80 200 120
-2.0328 -0.6210 -0.3427 80 200 120
-1.7523 0.0282 0.0593 80 200 120
4.8672 1.0071 0.3251 80 200 120
4.3863 -0.6308 0.6284 80 200 120
3.1190 -0.3046 -0.5969 80 200 120
-2.4149 -0.2812 -0.1733 80 200 120
-2.6855 -0.5060 -0.4179 80 200 120
-2.8593 -0.6500 -0.4419 80 200 120
-3.0228 -0.5309 -0.4762 80 200 120
-1.9779 -1.1394 0.0403 80 200 120
-3.0787 -0.9540 -0.4492 80 200 120
2.2191 -1.6578 -1.0128 80 200 120
4.6566 -3.3829 0.8834 80 200 120
2.7311 0.4808 -0.1903 80 200 120
0.7637 1.3733 1.5558 80 200 120
4.9326 1.4952 1.0289 80 200 120
-0.5125 -2.8343 1.6712 80 200 120
-0.6281 -2.0782 1.5732 80 200 120
2.5915 0.3142 1.2751 80 200 120
-0.2898 -1.6253 -1.6707 80 200 120
0.0275 -0.1550 -0.6194 80 200 120
-0.1159 -1.3587 -1.4833 80 200 120
-2.4431 -0.3530 -0.3943 80 200 120
-2.0302 -0.2931 -0.3625 80 200 120
-1.6356 -2.6830 -0.9587 80 200 120
2.3724 0.3004 1.4635 80 200 120
1.7744 0.5302 1.5531 80 200 120
-3.8014 -2.7284 0.9790 80 200 120
0.0837 -0.6495 -0.8360 80 200 120
2.6019 -0.1515 -0.5055 80 200 120
3.5754 0.3055 -0.2417 80 200 120
0.0362 -1.1696 -1.5625 80 200 120
3.8554 0.5776 -0.0897 80 200 120
5.4378 1.7750 1.5659 80 200 120
0.1851 -1.7165 1.5814 80 200 120
0.9222 0.4455 1.5841 80 200 120
-0.6819 -1.5218 1.5670 80 200 120
1.5350 0.8881 1.5557 80 200 120
4.0109 -2.6211 0.0369 80 200 120
-0.0252 -2.0054 -1.4636 80 200 120
1.5907 -0.1846 -0.8740 80 200 120
-1.5855 -3.3200 -0.7428 80 200 120
-1.2870 -2.0888 -0.8231 80 200 120
5.8520 2.5807 1.6579 80 200 120
-2.0633 -0.4738 0.9709 80 200 120
1.1818 -1.0958 -1.1531 80 200 120
2.2704 -0.7930 -0.7475 80 200 120
-0.8735 -2.1491 1.6129 80 200 120
-0.4010 -0.0636 1.5772 80 200 120
-0.2305 0.3759 1.5416 80 200 120
0.2071 -1.0579 1.5952 80 200 120
-0.5671 -0.2984 1.5487 80 200 120
1.1315 -0.1099 1.5477 80 200 120
0.3149 -0.0662 1.5349 80 200 120
0.3827 -3.6278 0.5624 80 200 120
0.2904 -2.3716 -1.2578 80 200 120
6.4523 -4.3195 -0.9553 80 200 120
1.5989 -2.8531 -0.6985 80 200 120
0.2203 0.0135 -0.4671 80 200 120
-2.0784 -0.4458 0.7129 80 200 120
0.8565 -0.5090 -0.5168 80 200 120
-0.1069 -5.2852 -1.1995 80 200 120
-0.5606 -5.3179 -1.2022 80 200 120
-1.3266 -1.1012 -0.7634 80 200 120
1.8597 -2.3491 -1.2865 80 200 120
-1.8180 -1.3245 -0.8633 80 200 120
-0.5847 -2.9407 1.6236 80 200 120
-0.5529 -0.8820 1.5667 80 200 120
-0.1249 -0.1692 1.5581 80 200 120
2.7569 -2.5635 -0.0194 80 200 120
0.8104 -2.5336 -0.4981 80 200 120
-0.2447 -3.4081 -0.7623 80 200 120
-2.9279 -1.0842 -0.4560 80 200 120
-2.7588 -0.6131 -0.4865 80 200 120
-2.0543 -1.6430 -0.7383 80 200 120
0.1945 -0.7120 -0.8160 80 200 120
-0.0406 -0.0867 -0.5730 80 200 120
0.0583 -0.3394 -0.6405 80 200 120
-1.2443 -0.8615 -0.5963 80 200 120
-0.1933 -3.6901 0.2035 80 200 120
2.4328 0.0778 0.9585 80 200 120
-0.0184 -1.4823 -1.5883 80 200 120
-2.4187 -3.5692 -0.4136 80 200 120
2.7603 -4.7592 -3.1030 80 200 120
-1.6441 -3.5645 -0.3288 80 200 120
-0.7706 -1.2498 -0.7698 80 200 120
-1.9810 -0.8220 -0.6188 80 200 120
-0.3621 -1.5298 -1.6356 80 200 120
4.5649 -2.6508 -0.0009 80 200 120
2.0976 -2.3053 -0.7090 80 200 120
-3.6292 -2.2067 -0.4817 80 200 120
-1.6615 -1.0266 -0.7179 80 200 120
2.8442 -0.7448 -0.6332 80 200 120
2.6242 -0.0807 -0.4474 80 200 120
4.0799 -3.2337 1.3684 80 200 120
0.1797 -0.0022 -0.4568 80 200 120
-0.1348 -2.6482 1.5943 80 200 120
4.6549 0.7087 1.4184 80 200 120
-1.6705 -3.4281 1.5376 80 200 120
2.4593 -0.3737 -0.3656 80 200 120
-0.0794 -1.4170 -0.5122 80 200 120
1.0122 1.4346 1.6750 80 200 120
-2.6451 -3.5096 0.5807 80 200 120
0.9227 -0.6051 -0.5560 80 200 120
-2.5711 -0.4504 0.6248 80 200 120
3.3032 -2.3671 -0.1357 80 200 120
1.7777 -3.0135 -0.6518 80 200 120
0.5481 -3.2354 -0.6582 80 200 120
-0.9256 -3.6057 1.3481 80 200 120
1.7431 -3.3260 -0.2445 80 200 120
-2.8914 -3.4994 0.0069 80 200 120
-0.1768 -1.7971 -1.4749 80 200 120
4.7238 -1.4871 -0.3722 80 200 120
-2.0883 -0.3034 0.7776 80 200 120
-2.2905 -1.0152 0.7708 80 200 120
-2.3955 -0.1069 0.7604 80 200 120
4.9462 -2.7241 -0.0250 80 200 120
-1.2054 -1.4865 -0.5902 80 200 120
-2.7417 -3.3914 -1.4377 80 200 120
-1.4421 -0.7642 -0.5366 80 200 120
5.0538 -1.7986 0.6530 80 200 120
2.9768 -2.8058 -1.4649 80 200 120
-2.0861 -3.4879 -0.3985 80 200 120
0.8467 1.4132 1.5963 80 200 120
-2.2525 -0.7789 -0.4157 80 200 120
-2.0120 -1.4897 -0.6057 80 200 120
3.7602 -1.4000 -0.6752 80 200 120
3.5933 -3.6392 1.2625 80 200 120
-0.7516 -1.0003 -0.6942 80 200 120
-2.3890 -2.2263 -1.0000 80 200 120
-3.8359 -0.8032 1.4468 80 200 120
3.1238 -3.3772 0.4529 80 200 120
0.2780 -3.6636 -0.7437 80 200 120
4.7438 -1.0005 0.1050 80 200 120
-2.0428 -3.5056 1.1454 80 200 120
0.3369 -1.7538 -1.3432 80 200 120
-1.6128 -2.4069 -0.8638 80 200 120
-3.6434 -3.4272 -0.5297 80 200 120
-1.5865 0.3234 0.0819 80 200 120
3.7372 -4.8335 0.1607 80 200 120
-0.4460 -3.3037 1.5277 80 200 120
0.1735 -2.9855 1.5484 80 200 120
1.8765 -3.4444 0.9933 80 200 120
1.1766 -19.4094 -5.3754 80 200 120
2.5685 -0.1189 0.7382 80 200 120
-3.3099 -3.3666 1.4841 80 200 120
-3.1932 -3.4242 -0.1093 80 200 120
4.6663 -1.1720 1.1702 80 200 120
-3.9770 -3.2076 1.5365 80 200 120
5.0802 -0.9930 0.6101 80 200 120
-1.9737 -1.2490 -0.5144 80 200 120
2.5107 -1.8842 -1.1013 80 200 120
-2.8439 -2.6975 -1.2199 80 200 120
4.5640 -2.6236 0.0563 80 200 120
-1.5078 -1.0420 -0.5380 80 200 120
-3.7717 -3.0582 -0.7615 80 200 120
-2.0978 -0.2657 0.6174 80 200 120
1.6280 -2.5340 1.6236 80 200 120
1.5972 -3.9072 0.3439 80 200 120
0.7845 -3.6477 1.1303 80 200 120
0.7977 -2.5164 1.5555 80 200 120
0.7693 -1.6464 1.5901 80 200 120
2.7264 -3.2102 1.4687 80 200 120
2.1054 0.3593 1.3613 80 200 120
3.7414 -3.8026 -0.3341 80 200 120
-4.1973 -3.4304 1.1346 80 200 120
-0.6513 -1.7107 -0.7681 80 200 120
3.0794 -4.0466 -0.4220 80 200 120
2.4567 0.3306 1.1637 80 200 120
-1.9159 -3.4680 -0.7229 80 200 120
3.3357 -2.4263 -0.1378 80 200 120
5.0766 -4.0650 -0.0883 80 200 120
-1.4285 -0.8228 -0.5706 80 200 120
-4.0772 -3.4164 0.7925 80 200 120
-2.6923 -3.4239 1.4927 80 200 120
1.2906 0.4793 1.3363 80 200 120
2.4213 -2.8692 1.6417 80 200 120
2.7399 -2.8019 1.5288 80 200 120
-1.4566 0.1283 0.0202 80 200 120
-1.3944 -1.5944 -0.6004 80 200 120
6.7457 -10.7890 -2.3158 80 200 120
-1.2399 -2.9722 -0.6668 80 200 120
-0.9885 -3.0502 -0.6845 80 200 120
2.8819 -0.2725 1.3375 80 200 120
-1.2494 -1.5429 -0.5925 80 200 120
2.1908 -3.8144 1.2258 80 200 120
-1.5060 -1.1247 -0.5724 80 200 120
3.2411 -2.3237 -0.5297 80 200 120
-4.4237 -3.2296 1.4523 80 200 120
-1.4307 -2.7862 1.5336 80 200 120
-0.6373 -3.5537 1.0353 80 200 120
2.1162 0.3002 1.3593 80 200 120
4.1510 -1.0268 1.3130 80 200 120
-0.2334 -3.6804 -0.1677 80 200 120
2.8677 -3.2134 -0.2582 80 200 120
-0.7241 -1.9074 -0.7294 80 200 120
-0.1568 -2.0725 -0.8713 80 200 120
-3.2064 -2.4809 1.5695 80 200 120
-1.7896 -2.3767 -0.8747 80 200 120
1.3873 -2.5893 -0.5715 80 200 120
4.3692 -2.0590 0.4623 80 200 120
0.2740 -1.7557 -0.7439 80 200 120
0.8288 -3.4436 1.4602 80 200 120
-4.3796 -3.5609 -0.8366 80 200 120
-0.4517 -3.5521 1.3235 80 200 120
-0.0820 -2.1395 1.5482 80 200 120
2.2591 -3.2370 1.2555 80 200 120
1.2091 -1.8828 1.5423 80 200 120
-3.1928 -2.8694 -1.2930 80 200 120
-2.1966 -2.7823 -1.0155 80 200 120
-4.7064 -2.5882 1.3240 80 200 120
-4.6489 -3.2031 -0.4099 80 200 120
-0.7359 -1.5157 -0.6743 80 200 120
4.5661 -2.5616 0.9540 80 200 120
27.6577 -47.6111 -14.4652 80 200 120
-3.5178 -2.9500 -1.3237 80 200 120
4.7409 -1.6995 0.6065 80 200 120
-4.7281 -3.1434 0.2001 80 200 120
2.1587 -2.4023 1.5794 80 200 120
-1.6039 -2.9809 -0.6652 80 200 120
0.0875 -2.4654 -1.0289 80 200 120
4.7538 -2.9852 1.4604 80 200 120
-3.9068 -3.3955 -1.1850 80 200 120
-4.7077 -2.7851 1.0733 80 200 120
2.7929 -3.7003 0.9713 80 200 120
4.1433 -3.4366 -0.0875 80 200 120
-4.2496 -3.4071 -0.7692 80 200 120
1.0378 -2.9893 -0.2301 80 200 120
5.1590 -1.6567 1.8865 80 200 120
3.9685 -2.0793 1.3182 80 200 120
0.0051 -3.3622 1.5306 80 200 120
-4.6286 -1.4615 0.7149 80 200 120
-4.1150 -2.5760 1.5617 80 200 120
2.9643 -3.3106 -0.2844 80 200 120
3.7413 -4.7691 0.1767 80 200 120
0.2164 -3.7887 -0.6859 80 200 120
3.4450 -2.6981 1.6623 80 200 120
-4.0273 -3.2022 -1.4242 80 200 120
-1.0394 -1.5382 -0.3604 80 200 120
-1.0350 -2.4188 -0.5534 80 200 120
1.8260 -3.6398 -0.6626 80 200 120
-0.6755 -3.5990 0.5259 80 200 120
1.3655 -3.6005 1.4016 80 200 120
2.0384 -1.6916 1.6461 80 200 120
-0.9409 -3.5930 0.6779 80 200 120
4.5664 -2.3737 1.4642 80 200 120
1.6513 -3.9516 0.4964 80 200 120
-4.3738 -1.3584 1.5581 80 200 120
3.2130 -3.6676 0.1743 80 200 120
-3.6460 -3.1360 -1.4151 80 200 120
4.9201 -1.8969 1.3980 80 200 120
0.5927 -3.9036 -1.6547 80 200 120
-4.7051 -3.2804 -0.3882 80 200 120
1.1484 -4.2536 -0.3285 80 200 120
1.2933 -1.0366 1.6768 80 200 120
-1.6034 -2.8353 -0.6576 80 200 120
3.7545 -3.2382 -0.0921 80 200 120
1.1455 -4.2944 -1.7795 80 200 120
-0.5314 -2.1793 -0.6989 80 200 120
4.3842 -1.4185 1.6324 80 200 120
-1.3941 -2.6577 -0.6565 80 200 120
4.6097 -3.2921 0.8500 80 200 120
3.8850 -1.9145 1.6236 80 200 120
-5.1491 -3.6521 -1.7437 80 200 120
-4.3202 -3.4874 -0.7907 80 200 120
-4.2981 -3.4319 -1.4643 80 200 120
-4.0764 -0.9151 1.5919 80 200 120
2.0675 -3.7718 1.2213 80 200 120
-4.6416 -0.8154 0.7394 80 200 120
-2.6142 -2.7214 -1.0322 80 200 120
-2.2658 -0.3325 0.4243 80 200 120
-3.9588 -3.4806 -1.0907 80 200 120
0.8123 -2.5038 -0.4489 80 200 120
-2.2776 -0.3204 0.6595 80 200 120
2.6933 -3.1384 1.5422 80 200 120
-2.8199 -3.5508 0.3543 80 200 120
18.6997 -25.6079 -5.4130 80 200 120
-4.7966 -1.5601 0.8033 80 200 120
1.2339 -3.8592 -0.5866 80 200 120
-1.3750 -3.5477 1.4314 80 200 120
-4.7195 -1.3098 0.0475 80 200 120
3.9100 -3.1464 1.2296 80 200 120
-0.6312 -1.1455 1.5405 80 200 120
-1.4898 -3.5218 1.0703 80 200 120
-0.7695 -1.7432 1.5630 80 200 120
-1.2477 -1.8565 1.5327 80 200 120
-4.7146 -0.5847 1.2581 80 200 120
-3.2423 -0.7643 1.5942 80 200 120
-2.5165 -0.2391 1.3427 80 200 120
1.4949 -2.7824 1.5630 80 200 120
-2.2210 -0.3298 1.4231 80 200 120
-1.4272 -3.5809 0.6736 80 200 120
-2.1870 -2.4095 -0.9217 80 200 120
1.0680 -3.1632 -0.6789 80 200 120
-2.4869 -0.2410 0.7137 80 200 120
-3.1784 -3.0206 1.6637 80 200 120
-0.2774 -1.7729 1.5705 80 200 120
1.2108 -3.0223 -0.5101 80 200 120
4.6163 -3.5043 1.3913 80 200 120
-2.6626 -2.8572 -1.0936 80 200 120
-2.5100 0.1584 0.6523 80 200 120
-2.4877 0.1747 1.1105 80 200 120
-2.1524 -3.5957 0.6955 80 200 120
-4.3929 -1.0504 1.4752 80 200 120
-0.3250 -2.6592 1.5713 80 200 120
-0.3369 -1.5106 1.5654 80 200 120
-1.6266 -3.1095 -0.6901 80 200 120
-2.2566 1.0010 1.6321 80 200 120
-2.2383 -0.0441 1.2446 80 200 120
-3.6440 -3.1056 -1.1856 80 200 120
-4.2097 -0.3220 1.6283 80 200 120
-0.4427 -4.4063 -0.9152 80 200 120
-0.3999 -3.2671 -0.7302 80 200 120
-1.3678 0.1170 1.5715 80 200 120
-2.4529 0.1718 0.7077 80 200 120
-3.2603 -3.1396 -1.1832 80 200 120
-3.3095 1.3544 1.6783 80 200 120
-0.4902 -3.6453 0.2595 80 200 120
0.2683 -3.7666 -0.0479 80 200 120
4.5432 -3.9040 1.1185 80 200 120
-4.7450 -0.8713 0.7629 80 200 120
1.7074 -1.9589 1.5331 80 200 120
-2.8572 -0.0914 0.7161 80 200 120
3.5999 -3.6930 1.4424 80 200 120
-0.9787 -3.3454 -0.7386 80 200 120
-0.6231 -3.9210 -0.9179 80 200 120
-4.5402 2.2539 1.6960 80 200 120
0.2684 -3.7549 0.3133 80 200 120
2.8458 -3.2604 1.6280 80 200 120
3.2657 -3.9787 1.1481 80 200 120
-1.1922 -2.9802 -0.7377 80 200 120
2.3300 -3.4545 1.3433 80 200 120
-1.3515 -2.8076 -0.6886 80 200 120
-0.8045 -3.9340 -0.8457 80 200 120
-0.5728 -2.7661 1.5760 80 200 120
-0.6322 -2.0657 1.5683 80 200 120
-3.2649 1.9919 1.2791 80 200 120
-2.1701 0.8939 1.5261 80 200 120
-4.8642 -1.9509 1.1407 80 200 120
-2.2445 0.1337 0.2943 80 200 120
-2.3822 -0.0749 0.6691 80 200 120
-0.7244 -3.0313 -0.6843 80 200 120
-1.5351 -3.5043 -0.7582 80 200 120
0.1775 -1.7089 1.5534 80 200 120
-0.7005 -1.5139 1.5382 80 200 120
-1.0054 -2.7648 -0.6557 80 200 120
-4.4102 0.2759 0.3864 80 200 120
-1.7476 -2.0899 1.6203 80 200 120
1.4354 -2.7256 1.4878 80 200 120
-0.8647 -2.1407 1.5285 80 200 120
0.3760 -3.6293 0.5490 80 200 120
-4.8186 2.5760 1.7239 80 200 120
1.6064 -3.8473 0.4308 80 200 120
-4.7659 -1.2687 0.1600 80 200 120
-0.6212 -2.8641 1.5438 80 200 120
2.8231 -3.7335 1.3664 80 200 120
-2.6051 -3.5441 -1.5197 80 200 120
-0.2176 -3.5940 0.1809 80 200 120
-2.3432 -3.4889 -0.4051 80 200 120
-1.6309 -3.5682 -0.3158 80 200 120
-1.8486 -3.1587 -0.7078 80 200 120
-3.5948 -3.4557 -0.5584 80 200 120
4.2906 -4.0724 1.7288 80 200 120
-0.1431 -2.5659 1.4904 80 200 120
-1.6468 -3.4133 1.5120 80 200 120
-2.6047 -3.5123 0.5844 80 200 120
-1.0446 -3.1801 -0.6707 80 200 120
-4.1569 -3.2356 -1.4071 80 200 120
-3.7303 -3.3754 -1.3892 80 200 120
1.4810 -2.6976 1.5034 80 200 120
-0.3418 -2.8430 -0.6620 80 200 120
-3.1376 -3.6773 -1.5972 80 200 120
-4.7069 0.3658 0.4518 80 200 120
-4.6550 -1.1858 0.4917 80 200 120
-1.5152 -3.0202 -0.6777 80 200 120
-1.3539 -3.0044 -0.6732 80 200 120
-0.9326 -3.6011 1.3361 80 200 120
-2.9171 -3.5445 0.0111 80 200 120
-3.3977 -3.5541 -1.5937 80 200 120
-3.9170 -3.4776 -1.4104 80 200 120
-4.7376 -3.4240 -1.5195 80 200 120
-3.7671 1.5641 1.1904 80 200 120
-2.9064 -3.6716 -1.6034 80 200 120
-3.4987 -2.2710 -1.2324 80 200 120
-3.6408 -2.6228 -1.2462 80 200 120
3.4823 -3.5903 1.3657 80 200 120
-2.1287 -3.5588 -0.3883 80 200 120
-2.4698 1.1942 1.7896 80 200 120
-1.5042 -2.9359 -0.6523 80 200 120
-3.7906 -2.1162 -1.2817 80 200 120
-1.1213 -3.7502 -0.7828 80 200 120
-3.4445 -0.4209 1.5961 80 200 120
-3.5470 -2.4314 -1.5381 80 200 120
-2.9554 1.0526 1.3855 80 200 120
-1.9875 -3.4927 1.1065 80 200 120
-3.6507 0.3574 1.4501 80 200 120
-5.5977 0.2657 0.8058 80 200 120
-4.6217 0.3552 0.4484 80 200 120
-3.4281 -1.5935 -1.1445 80 200 120
-0.4310 -3.2563 1.4642 80 200 120
0.1303 -2.9961 1.5418 80 200 120
-3.4471 -3.4591 1.5583 80 200 120
-3.1049 -3.3817 -0.1278 80 200 120
-3.8665 -3.2153 1.4668 80 200 120
-1.7745 -5.7974 -0.9866 80 200 120
-3.1815 -3.0324 -1.6440 80 200 120
-4.3071 -3.4175 -0.7938 80 200 120
1.5187 -2.7486 1.5849 80 200 120
-4.8258 -2.3591 -0.5332 80 200 120
-2.1108 0.0711 1.5836 80 200 120
-3.8253 -2.6561 -1.3303 80 200 120
-3.0548 -3.3687 -1.4868 80 200 120
-7.6277 0.7374 0.4064 80 200 120
-4.5790 0.4469 1.0006 80 200 120
-2.1398 -3.1675 -0.7185 80 200 120
-3.3712 -1.8121 -1.1724 80 200 120
-2.2555 -0.1894 0.1944 80 200 120
0.7312 -2.4740 1.4536 80 200 120
-4.3504 -3.4932 1.1086 80 200 120
-3.9161 -3.3514 0.6396 80 200 120
-2.6922 -3.4469 1.4921 80 200 120
-1.9510 -5.2246 -0.9599 80 200 120
-1.9608 -3.2304 1.7517 80 200 120
-3.4227 -2.0753 -1.2054 80 200 120
-1.4050 -3.2424 -0.7062 80 200 120
-3.5626 1.0641 1.5509 80 200 120
-0.3597 -3.0142 -0.6723 80 200 120
-1.1802 -3.4550 -0.6734 80 200 120
-5.3344 0.6529 0.5980 80 200 120
-4.1304 -3.1463 1.3026 80 200 120
-1.3238 -2.7321 1.3980 80 200 120
-4.3017 2.0543 1.4861 80 200 120
-2.2641 0.9998 1.6008 80 200 120
-3.6304 0.4348 0.1924 80 200 120
-2.7079 0.3640 0.5386 80 200 120
-1.7226 -3.5721 -0.3645 80 200 120
-3.3210 -1.1093 1.6887 80 200 120
-2.7021 0.7937 1.2016 80 200 120
-1.3730 -1.4107 -0.5573 80 200 120
-1.3737 -2.6525 -0.6323 80 200 120
-6.1472 0.4482 -0.5701 80 200 120
-0.6233 -3.5168 0.9857 80 200 120
-3.1728 -2.4683 1.5401 80 200 120
0.8432 -3.4466 1.4662 80 200 120
-3.1949 -2.0784 -1.1400 80 200 120
-5.3355 -2.6724 -0.9566 80 200 120
-4.5648 -1.4225 -0.4288 80 200 120
-0.5728 -2.7575 -0.6480 80 200 120
-4.4382 -1.8638 -1.4205 80 200 120
-0.4876 -3.6158 1.4127 80 200 120
-0.0866 -2.1057 1.4475 80 200 120
-4.6418 -2.5926 1.2923 80 200 120
-4.6861 -3.1500 0.2005 80 200 120
-0.7177 -3.2025 -0.6776 80 200 120
-0.5969 -3.2844 -0.6916 80 200 120
-3.8374 -2.0109 1.6107 80 200 120
-3.8668 -3.3756 -1.3708 80 200 120
-1.9454 -3.0116 -0.6629 80 200 120
-1.4640 -2.9488 -0.7089 80 200 120
-1.2247 -3.0179 -0.6653 80 200 120
-4.3214 -0.2815 0.0296 80 200 120
-1.5869 -1.3109 -0.5231 80 200 120
-5.7290 -2.9782 1.3954 80 200 120
-3.4832 -1.3083 1.5674 80 200 120
1.2290 -3.5113 1.3616 80 200 120
-3.0258 -2.4993 -1.1782 80 200 120
-2.6226 -2.7209 -1.4404 80 200 120
-1.3464 -3.3908 -0.6780 80 200 120
0.0098 -3.2489 1.4368 80 200 120
-3.8531 -2.5317 1.4297 80 200 120
-0.6360 -3.4496 0.4717 80 200 120
-1.9428 -3.6537 -0.6539 80 200 120
3.6561 -3.7319 1.4011 80 200 120
-0.9865 -3.4774 -0.6752 80 200 120
-1.3355 -0.4589 1.4099 80 200 120
0.3480 -3.2645 1.5018 80 200 120
1.2893 -2.1349 1.4955 80 200 120
0.1225 -3.5067 0.1915 80 200 120
2.7562 -3.4502 1.1449 80 200 120
-3.1667 -2.8309 -1.2255 80 200 120
-1.2657 -3.6157 -0.6568 80 200 120
-4.8075 -0.1050 0.1005 80 200 120
2.8987 -3.1634 1.6700 80 200 120
2.5566 -3.3268 1.6785 80 200 120
2.8137 -3.6301 0.9379 80 200 120
-4.7515 -2.5058 -0.9128 80 200 120
-0.2506 -3.5394 1.6686 80 200 120
1.6192 -3.5591 0.2458 80 200 120
-0.8946 -3.5035 0.6123 80 200 120
-4.5476 -1.3644 1.6168 80 200 120
-5.1193 -3.3825 -0.3855 80 200 120
4.4159 -2.9386 1.3013 80 200 120
-1.9487 -3.4656 -0.1555 80 200 120
2.1728 -3.7664 1.3670 80 200 120
1.5925 -2.7373 1.7348 80 200 120
3.4279 -3.5705 0.9578 80 200 120
-2.3266 -2.2766 1.4086 80 200 120
4.4618 -3.5015 1.2518 80 200 120
-0.3660 -3.0719 -0.6623 80 200 120
-0.8234 -3.6387 0.8826 80 200 120
2.5567 -2.7371 1.3451 80 200 120
-4.6552 -0.8086 1.8523 80 200 120
1.1429 -2.6241 -0.2483 80 200 120
2.8606 -3.6625 0.9569 80 200 120
1.1175 -2.7672 -0.2410 80 200 120
3.7466 -3.2239 1.2243 80 200 120
7.0232 -4.6283 1.7219 80 200 120
1.4024 -2.6982 -0.1966 80 200 120
-0.4721 -3.5478 0.2684 80 200 120
-1.3301 -0.6954 1.5492 80 200 120
-1.9633 -1.6023 1.4163 80 200 120
-2.3937 -3.3508 0.2451 80 200 120
-1.2411 -3.4237 1.2843 80 200 120
4.9332 -3.2497 0.8515 80 200 120
3.2427 -3.4364 0.3712 80 200 120
-2.4895 -1.5552 1.3572 80 200 120
-3.6467 -2.1871 1.1635 80 200 120
-0.2390 -3.5719 0.1847 80 200 120
-0.0371 -3.5037 0.2239 80 200 120
1.0280 -2.8426 -0.2440 80 200 120
2.0743 -3.4664 0.9057 80 200 120
2.8530 -2.3393 1.5318 80 200 120
1.3631 -3.6269 0.2630 80 200 120
2.4949 -2.5118 1.5335 80 200 120
3.2991 -3.6560 0.2606 80 200 120
2.2568 -2.3074 1.5507 80 200 120
5.5809 -4.0297 0.8434 80 200 120
-0.4002 -1.9686 1.5684 80 200 120
4.5194 -2.4127 1.3602 80 200 120
3.8359 -2.6077 1.4348 80 200 120
1.7490 -1.8099 1.5327 80 200 120
-2.6978 -2.7294 1.6852 80 200 120
0.3514 -3.5807 0.6160 80 200 120
-1.3905 -3.4461 0.9565 80 200 120
2.7436 -2.9132 -0.1160 80 200 120
2.5351 -3.6233 1.3509 80 200 120
-2.8130 -3.4527 -0.1058 80 200 120
1.9220 -3.0931 -0.0105 80 200 120
4.4082 -2.5727 0.7770 80 200 120
-1.1099 -3.6379 -0.3672 80 200 120
1.2451 -3.6602 1.2091 80 200 120
-1.1112 -2.5153 1.3844 80 200 120
-2.0133 -1.4595 1.7920 80 200 120
3.9809 -1.9145 1.6571 80 200 120
-0.1319 -3.6029 1.1957 80 200 120
-1.0523 -3.5486 0.0255 80 200 120
2.4851 -2.5382 -0.1770 80 200 120
4.0458 -1.9724 0.9855 80 200 120
4.1542 -1.7430 1.1916 80 200 120
0.7312 -1.6414 1.7216 80 200 120
0.7245 -3.5267 0.9437 80 200 120
-0.1319 -3.5855 0.0078 80 200 120
1.1148 -2.6057 -0.2625 80 200 120
1.0674 -2.7991 -0.4767 80 200 120
4.7375 -3.2071 2.0533 80 200 120
-1.4262 -1.8596 1.7188 80 200 120
-1.3556 -3.5130 0.6072 80 200 120
2.9003 -2.7673 -0.9440 80 200 120
5.2896 -2.9675 0.7071 80 200 120
-0.1679 -2.8445 1.2307 80 200 120
2.3368 -2.3281 -0.5553 80 200 120
2.2261 -2.5856 -0.3633 80 200 120
-1.0976 -2.3308 1.7673 80 200 120
5.3094 -2.5853 0.3825 80 200 120
-0.1831 -3.2199 1.5379 80 200 120
1.2183 -1.3388 1.3716 80 200 120
4.2054 -1.0836 1.1154 80 200 120
-2.1569 -3.0996 1.5516 80 200 120
3.0544 -2.5005 -0.1806 80 200 120
3.1631 -3.1166 -0.0125 80 200 120
2.7527 -2.1233 -0.0203 80 200 120
3.7175 -2.2320 0.4441 80 200 120
2.6976 -2.5820 -0.3988 80 200 120
3.1188 -1.9484 1.6283 80 200 120
3.4243 -1.1788 1.2038 80 200 120
3.5980 -2.2803 1.2133 80 200 120
0.6323 -3.0720 1.3403 80 200 120
0.8491 -3.6629 0.5147 80 200 120
4.3955 -1.2682 0.9909 80 200 120
6.1012 -1.4171 0.9634 80 200 120
5.0832 -4.0688 1.3435 80 200 120
0.0841 -3.1391 1.7442 80 200 120
5.3304 -2.7875 -0.1778 80 200 120
4.0823 -2.3661 1.0486 80 200 120
4.1825 -1.3254 1.9242 80 200 120
1.0639 -3.4902 1.1241 80 200 120
1.8728 -1.6366 1.4138 80 200 120
1.4518 -2.3151 1.4914 80 200 120
4.6423 -2.0787 0.0938 80 200 120
3.5384 -2.4315 1.7734 80 200 120
1.2330 -3.4533 1.2510 80 200 120
2.4407 -1.1167 1.6159 80 200 120
2.2886 -2.8733 1.2603 80 200 120
0.2263 -3.7366 0.1699 80 200 120
-0.2667 -3.5883 0.1514 80 200 120
3.7090 -2.5276 -1.4523 80 200 120
4.4069 -0.7522 -0.1934 80 200 120
3.9488 -2.4178 -1.3626 80 200 120
4.8074 -1.9485 -1.4402 80 200 120
4.4970 -1.3895 -0.4553 80 200 120
4.4471 0.4004 0.6746 80 200 120
2.3714 -2.5131 -1.2094 80 200 120
4.4322 -1.3669 -0.7957 80 200 120
2.4928 -2.5995 -1.0423 80 200 120
2.5762 -2.6674 -0.8935 80 200 120
3.3722 -2.4893 -1.0747 80 200 120
3.4980 -0.2922 1.2782 80 200 120
3.7467 -1.2255 0.2496 80 200 120
4.0333 -1.2448 -0.0069 80 200 120
6.3206 0.2091 1.7244 80 200 120
3.2543 -0.7607 1.0878 80 200 120
4.4277 -2.3099 -0.2079 80 200 120
5.3334 1.0864 1.6603 80 200 120
2.6898 0.1535 1.3500 80 200 120
3.1620 -0.5787 1.4455 80 200 120
4.6137 0.1314 1.2709 80 200 120
5.9863 0.5130 2.2528 80 200 120
2.1571 -3.5559 0.2621 80 200 120
3.3532 0.0031 1.5745 80 200 120
3.5655 -0.4944 2.0394 80 200 120
1.0184 -2.8242 -0.2593 80 200 120
1.7514 -3.4514 0.1868 80 200 120
1.5649 -3.5967 1.3159 80 200 120
1.0369 -2.7006 1.3724 80 200 120
3.2375 -1.6028 1.4734 80 200 120
2.0422 -1.1555 1.3088 80 200 120
4.7062 -2.0170 -0.6022 80 200 120
1.0485 -2.9063 1.4053 80 200 120
4.0077 -0.4624 1.9634 80 200 120
3.6408 -2.2769 -1.6352 80 200 120
3.7733 -1.9484 -1.5651 80 200 120
5.2277 1.9378 1.5428 80 200 120
4.2150 -1.1440 -1.3794 80 200 120
4.9235 1.1407 0.3095 80 200 120
4.4805 1.1754 0.5658 80 200 120
3.2304 -1.8473 0.4552 80 200 120
2.6564 -2.5230 -0.6260 80 200 120
5.1039 -2.1851 -0.9305 80 200 120
4.4381 0.1498 1.6051 80 200 120
1.3235 -2.1282 1.5558 80 200 120
3.3133 0.6322 1.3742 80 200 120
3.3239 -2.5111 -0.5730 80 200 120
4.2693 -1.6989 -0.3816 80 200 120
5.3088 -1.2734 0.1045 80 200 120
4.7072 0.0144 0.2948 80 200 120
2.5664 -3.3835 0.0799 80 200 120
4.3452 -2.1113 -1.5353 80 200 120
4.5607 -1.5710 -1.3634 80 200 120
4.2304 -0.7189 0.3269 80 200 120
3.9688 -0.7194 -0.6109 80 200 120
3.5228 -3.2440 1.4835 80 200 120
2.4522 -0.3575 1.5930 80 200 120
5.1796 2.8285 1.6687 80 200 120
-0.6806 -3.4546 1.4054 80 200 120
5.4685 -1.0258 2.1933 80 200 120
1.9188 -1.2848 1.3495 80 200 120
4.6611 -0.7070 -1.4994 80 200 120
3.1719 -1.9568 -1.6464 80 200 120
3.4052 -1.3469 -1.4922 80 200 120
3.1465 -1.6449 -1.4966 80 200 120
4.4549 2.3289 0.8822 80 200 120
4.6194 -0.0840 -1.3601 80 200 120
2.2613 1.9476 1.4539 80 200 120
3.1502 -1.8062 -1.4353 80 200 120
3.1189 -2.5213 -1.4767 80 200 120
4.2568 5.2749 2.4270 80 200 120
2.4770 0.0718 0.9739 80 200 120
3.5220 1.3500 0.1983 80 200 120
1.2431 -0.3898 1.5450 80 200 120
0.3750 -2.9218 1.5856 80 200 120
4.7956 -0.3373 -1.4282 80 200 120
3.4915 -0.1659 -0.3657 80 200 120
2.8209 2.2699 1.6042 80 200 120
4.4366 0.1137 -0.8198 80 200 120
3.6616 -0.3523 -0.2069 80 200 120
3.6917 -1.8433 1.5670 80 200 120
4.8442 -0.0979 -0.1187 80 200 120
2.4868 -2.5141 -1.4539 80 200 120
2.5563 -2.5991 -1.0571 80 200 120
2.8593 0.4921 0.7106 80 200 120
3.8111 -0.3938 -0.4384 80 200 120
3.9644 -1.5137 -1.4498 80 200 120
2.3605 0.2970 1.1493 80 200 120
0.0961 -2.5310 1.1115 80 200 120
3.6846 0.4825 1.2627 80 200 120
2.2609 -2.4525 -1.1463 80 200 120
1.7943 0.3451 1.3808 80 200 120
4.6431 -2.7650 -0.9840 80 200 120
3.0077 0.2496 1.3780 80 200 120
2.6240 0.1429 -0.3138 80 200 120
2.6994 -0.6511 -1.1427 80 200 120
2.6199 0.4493 1.8193 80 200 120
2.5307 -2.9332 -0.1148 80 200 120
2.3970 0.3656 0.4641 80 200 120
4.3489 0.3525 0.6555 80 200 120
3.6031 0.4327 -0.2858 80 200 120
2.4108 0.3141 0.6563 80 200 120
2.3519 -0.8497 -0.9127 80 200 120
1.9030 2.8507 0.5913 80 200 120
2.3006 2.3233 0.3443 80 200 120
1.5177 2.5847 0.6005 80 200 120
2.3590 0.8781 0.7309 80 200 120
2.6859 0.2693 0.6843 80 200 120
2.4881 0.9523 0.0884 80 200 120
2.3860 1.5925 0.7031 80 200 120
3.1404 -0.5209 -0.4015 80 200 120
4.1383 -0.4765 -1.5705 80 200 120
2.2678 2.6245 0.9776 80 200 120
2.5421 1.3851 -0.1407 80 200 120
0.1587 -2.5021 1.0254 80 200 120
3.5686 -0.4367 -0.6241 80 200 120
1.2062 -0.3992 1.5306 80 200 120
3.5453 -0.4185 -1.4661 80 200 120
2.3981 0.3743 -0.2055 80 200 120
2.3342 -0.5332 -0.4207 80 200 120
1.8736 0.2071 -0.3889 80 200 120
1.6005 2.4199 1.5460 80 200 120
2.5906 -0.8402 -1.1997 80 200 120
0.5488 2.9671 1.3783 80 200 120
4.6027 0.4029 -1.4867 80 200 120
0.8376 2.8691 0.0788 80 200 120
2.2894 1.5882 0.9279 80 200 120
1.3886 3.1460 1.3617 80 200 120
0.5014 -0.1636 1.4831 80 200 120
0.6590 1.5817 1.4688 80 200 120
0.3607 1.4189 1.5899 80 200 120
-1.0525 3.1493 1.2423 80 200 120
1.2785 1.8095 -0.9013 80 200 120
1.3119 1.8085 -1.1104 80 200 120
2.7769 -0.8895 -1.3982 80 200 120
3.5066 -0.3933 -1.4640 80 200 120
2.5822 -0.7865 -1.0981 80 200 120
-0.8302 3.2964 0.7156 80 200 120
-0.4439 -0.0449 1.4728 80 200 120
0.2047 0.9078 1.5306 80 200 120
1.7745 0.0433 -0.4065 80 200 120
1.1078 1.8336 1.5172 80 200 120
2.2860 -0.8515 -0.8884 80 200 120
-0.4063 1.3627 1.4970 80 200 120
0.1025 2.8850 -0.0873 80 200 120
1.6723 0.7855 -0.5422 80 200 120
1.3874 3.0426 0.0377 80 200 120
-0.4385 2.8825 1.0594 80 200 120
-0.9324 1.5826 1.4511 80 200 120
2.1145 -0.7401 -1.0608 80 200 120
1.4638 2.0283 -1.5353 80 200 120
0.4349 2.5642 -0.9341 80 200 120
-2.1580 3.2353 1.5245 80 200 120
1.6560 1.2513 -1.4908 80 200 120
-1.0142 -0.2508 1.2181 80 200 120
0.7857 1.9909 -1.4337 80 200 120
1.7425 0.3657 -0.9736 80 200 120
-0.3290 3.0797 0.5094 80 200 120
1.6639 1.1132 -0.7844 80 200 120
-1.6486 3.3706 1.5824 80 200 120
1.7394 0.3364 -0.7455 80 200 120
3.4231 -3.3220 0.0982 80 200 120
1.7016 -0.5577 -0.6722 80 200 120
-1.4185 2.9121 0.6137 80 200 120
1.4987 1.2554 -0.5534 80 200 120
0.9088 1.9691 -0.8940 80 200 120
-0.2788 1.8970 1.5573 80 200 120
4.4913 -3.2956 0.9613 80 200 120
-0.1581 2.3020 -1.3742 80 200 120
-2.0324 3.0597 0.3637 80 200 120
-2.9116 3.0636 1.3833 80 200 120
-3.0135 3.1585 0.8710 80 200 120
-2.8815 3.1109 0.3768 80 200 120
1.1454 1.5240 -1.4401 80 200 120
0.9836 0.4518 -1.4552 80 200 120
1.6661 -0.2247 -1.3448 80 200 120
0.3387 1.9273 -1.5182 80 200 120
4.4597 -1.3652 -1.4769 80 200 120
-4.2107 3.0693 1.4752 80 200 120
-0.9518 2.8496 -1.5211 80 200 120
-0.3999 1.5350 -1.5698 80 200 120
-3.0836 0.4432 1.2958 80 200 120
0.7429 0.6693 -1.5527 80 200 120
2.7174 -0.9630 -1.3282 80 200 120
-0.2806 2.8650 -1.0087 80 200 120
1.8359 -0.3069 -0.4302 80 200 120
-4.2973 2.3199 1.5040 80 200 120
-2.1649 0.7002 1.5311 80 200 120
-3.9463 2.7013 0.4979 80 200 120
-1.0344 3.0248 -1.0723 80 200 120
-2.2975 2.8870 -0.0938 80 200 120
1.7084 0.0487 -1.2750 80 200 120
2.1603 -0.0775 -0.4368 80 200 120
-2.2375 0.0105 1.4606 80 200 120
-1.0056 0.3967 -0.4705 80 200 120
0.0482 0.2534 -1.3398 80 200 120
-4.3972 2.4648 0.6111 80 200 120
-3.8192 2.8409 -0.1318 80 200 120
1.1166 -0.0058 -1.5200 80 200 120
1.7079 0.1336 -1.1025 80 200 120
2.7424 -0.1638 -0.3949 80 200 120
4.0550 2.4286 1.3136 80 200 120
2.2246 -0.5635 -0.3819 80 200 120
3.7063 -1.1509 1.4921 80 200 120
-0.8780 0.1287 -0.7639 80 200 120
-0.5960 0.7895 -0.4977 80 200 120
-2.3212 -0.3830 1.4097 80 200 120
-1.2135 2.1154 -0.6010 80 200 120
-0.1417 -0.3505 -0.7193 80 200 120
-2.3165 0.9996 -0.9048 80 200 120
4.5725 1.1581 0.0339 80 200 120
-3.4360 1.4163 -1.2861 80 200 120
3.8942 2.7480 0.0273 80 200 120
1.3834 0.9474 -1.5011 80 200 120
-4.0703 1.9075 -0.8500 80 200 120
-1.4199 -0.0288 1.5354 80 200 120
-0.7320 0.6535 1.5265 80 200 120
0.8738 3.0343 -0.4292 80 200 120
-3.3283 1.6147 -1.5415 80 200 120
-4.2768 -0.9650 1.5381 80 200 120
0.8182 0.4185 -1.4776 80 200 120
-2.8241 -0.1789 1.0400 80 200 120
0.4518 1.1500 -1.5741 80 200 120
-3.0034 2.3364 1.6456 80 200 120
2.4115 -0.5569 -0.4043 80 200 120
2.7944 -0.5472 -0.4156 80 200 120
2.3334 0.2884 1.4578 80 200 120
0.7553 1.8651 -1.7401 80 200 120
4.6042 1.1974 0.0532 80 200 120
-0.1010 2.7168 1.5644 80 200 120
-1.6777 -1.5913 1.6168 80 200 120
-2.7749 0.1114 0.5838 80 200 120
-1.8126 0.7902 -1.1937 80 200 120
-0.4367 0.8681 -1.0218 80 200 120
-3.1789 0.4543 -1.2980 80 200 120
0.0478 0.2371 -1.2476 80 200 120
0.1824 0.9348 -1.5468 80 200 120
-0.2995 -0.1985 -0.6720 80 200 120
-0.9593 3.2007 0.2657 80 200 120
4.6911 -0.6446 1.3794 80 200 120
-1.3024 3.1484 -0.1523 80 200 120
0.0185 -0.2996 -1.1479 80 200 120
0.2254 -0.0999 -1.4173 80 200 120
-2.2427 2.0364 -0.3768 80 200 120
2.6648 0.2880 0.9468 80 200 120
-1.6362 3.1779 -1.4861 80 200 120
3.0990 -0.6099 -0.4325 80 200 120
2.6621 -0.6736 -0.3490 80 200 120
-0.4539 0.2475 -0.5416 80 200 120
0.3224 2.3647 -1.6507 80 200 120
-0.9645 1.8810 -1.5956 80 200 120
2.4951 -0.6531 -0.3744 80 200 120
0.0586 3.0542 1.0823 80 200 120
4.9955 0.3163 -0.3837 80 200 120
4.8445 1.4434 0.0834 80 200 120
-0.1170 1.6412 -1.6294 80 200 120
0.3529 0.6213 -1.5379 80 200 120
-0.4525 3.0796 0.0616 80 200 120
2.3140 0.3275 0.9158 80 200 120
4.8628 -1.7081 1.2117 80 200 120
3.6932 2.7139 1.1818 80 200 120
4.6783 1.0092 0.3255 80 200 120
4.9516 3.0769 0.6087 80 200 120
0.8250 0.4808 -1.5059 80 200 120
4.7738 -0.8877 0.6247 80 200 120
2.3473 -0.3364 -0.3895 80 200 120
-2.5186 -0.3051 1.4631 80 200 120
4.7173 2.2551 -0.1467 80 200 120
2.3355 0.1711 -0.4005 80 200 120
4.8378 -1.1010 1.2087 80 200 120
-1.5560 -0.3758 1.5384 80 200 120
-4.0288 -0.7420 1.1381 80 200 120
5.0634 -0.3580 0.4394 80 200 120
4.2749 2.6953 0.4689 80 200 120
2.5290 -0.1963 -0.3802 80 200 120
4.7275 -1.9096 1.3292 80 200 120
-1.0843 -1.2605 1.4621 80 200 120
-0.6716 -1.2076 1.4948 80 200 120
3.9366 2.9185 -0.4596 80 200 120
4.8692 1.2647 -0.5718 80 200 120
4.2860 0.6888 1.4584 80 200 120
2.2699 -0.0228 -0.3896 80 200 120
4.8835 0.2928 -0.3811 80 200 120
-2.4373 1.1216 -0.4381 80 200 120
2.3576 -0.2308 -0.3544 80 200 120
-2.0872 3.0810 -1.2082 80 200 120
-0.6658 0.4334 -0.5616 80 200 120
2.8464 -0.3098 -0.3601 80 200 120
0.3523 1.9254 -1.4469 80 200 120
-2.3399 -0.3433 1.4718 80 200 120
2.9317 1.3859 0.3377 80 200 120
-2.6960 0.1644 1.0861 80 200 120
-2.4328 -0.0626 0.4878 80 200 120
0.3537 2.8935 -0.5909 80 200 120
0.8129 2.5569 1.2782 80 200 120
0.6753 1.0752 -1.5232 80 200 120
2.6417 -0.2237 -0.3637 80 200 120
2.0095 1.3719 0.9430 80 200 120
3.2271 2.6015 0.0701 80 200 120
5.0769 2.0341 -0.7147 80 200 120
5.4381 1.7000 -1.8448 80 200 120
1.5524 2.9949 -0.6219 80 200 120
1.9689 2.9236 -0.6075 80 200 120
1.9704 0.2026 -0.4468 80 200 120
-1.5657 -0.3536 1.5497 80 200 120
-4.1998 2.3186 -0.4572 80 200 120
5.2740 -0.2925 0.5005 80 200 120
4.4813 2.5676 -0.1500 80 200 120
0.1203 1.6274 -1.6043 80 200 120
2.2212 -0.6969 -0.4244 80 200 120
3.7663 -0.2604 1.5255 80 200 120
4.0018 0.2955 -1.0839 80 200 120
-1.7755 3.0423 -1.4017 80 200 120
2.9020 -0.3266 -0.3643 80 200 120
-2.0878 2.7613 -1.3347 80 200 120
5.2887 3.6882 -0.7642 80 200 120
0.8117 1.4617 -1.0035 80 200 120
-4.5604 1.7782 0.1593 80 200 120
3.2148 -0.4210 -0.5132 80 200 120
-4.6778 1.3819 0.5383 80 200 120
4.8938 1.3170 -0.6396 80 200 120
4.6885 -2.3877 1.4261 80 200 120
4.9728 0.3553 -0.4122 80 200 120
-3.9313 1.3318 1.4325 80 200 120
-0.9576 -1.2182 1.4812 80 200 120
-1.6910 2.9543 -0.8831 80 200 120
-1.9835 1.8222 -1.1066 80 200 120
4.8816 -1.6166 1.5261 80 200 120
-3.7377 2.7519 -0.1584 80 200 120
-0.1230 2.1183 -1.4874 80 200 120
4.5887 -0.9328 1.3754 80 200 120
-1.5333 1.1987 -0.7544 80 200 120
1.8226 0.6369 -0.5519 80 200 120
3.0786 1.4690 -0.6563 80 200 120
4.8829 1.7767 -0.6915 80 200 120
2.1329 0.5610 -0.5484 80 200 120
-0.5646 2.8358 -1.1383 80 200 120
3.0953 0.1060 -0.4549 80 200 120
3.0177 0.5953 -0.5027 80 200 120
1.9311 1.3941 -0.7766 80 200 120
2.5548 -0.0208 -0.3969 80 200 120
4.9969 3.1165 -0.6518 80 200 120
4.7839 -1.8300 1.4273 80 200 120
-1.1025 -1.2328 1.5302 80 200 120
3.3517 2.9921 -0.6008 80 200 120
3.7079 -0.0623 1.5152 80 200 120
4.8916 0.7636 1.4696 80 200 120
2.6821 0.5024 1.5293 80 200 120
3.1893 -0.4718 1.5658 80 200 120
4.8935 0.3551 1.4585 80 200 120
4.8657 -0.1124 1.6063 80 200 120
3.2506 -0.1093 1.5035 80 200 120
3.1823 -0.7754 1.5764 80 200 120
3.5756 -0.6823 1.5267 80 200 120
0.1740 2.2732 -0.9821 80 200 120
1.7893 0.6510 -0.5955 80 200 120
2.2887 1.6200 -0.6062 80 200 120
2.3080 0.2417 -0.4642 80 200 120
4.1389 1.7615 -1.1303 80 200 120
3.1053 0.3436 -0.5082 80 200 120
-3.8551 3.4468 -0.2532 80 200 120
-4.9081 3.4782 -0.0030 80 200 120
4.8119 2.9369 -1.1256 80 200 120
4.8365 1.2434 -0.5362 80 200 120
4.9430 -1.7346 1.2299 80 200 120
4.7644 1.5736 -1.0870 80 200 120
4.3843 1.5712 -1.1967 80 200 120
1.7539 2.9921 0.0171 80 200 120
4.7628 -2.4078 1.4551 80 200 120
4.9548 1.6812 1.4437 80 200 120
4.6364 1.3888 0.6293 80 200 120
4.3408 0.0918 1.5213 80 200 120
3.4466 0.9138 1.5579 80 200 120
2.4055 -0.3737 1.5294 80 200 120
4.6676 2.1661 1.4371 80 200 120
2.0332 2.5807 -1.0632 80 200 120
0.9940 0.9751 -0.9128 80 200 120
-2.4922 0.0277 1.0659 80 200 120
-4.2122 2.4208 0.5919 80 200 120
-3.7779 3.0243 0.9329 80 200 120
4.6223 -1.5177 1.3997 80 200 120
3.3485 2.2282 -1.1989 80 200 120
4.5162 -1.2091 1.3186 80 200 120
-0.4120 2.4009 -1.1815 80 200 120
-1.7216 1.7671 -0.7249 80 200 120
4.4068 2.2440 0.8770 80 200 120
2.2513 0.3341 0.7873 80 200 120
2.5150 0.1718 1.0484 80 200 120
2.3549 0.1761 1.0412 80 200 120
4.0388 1.0037 1.5299 80 200 120
1.8035 0.4778 1.4388 80 200 120
3.0689 0.4616 1.5202 80 200 120
1.5477 0.4158 -0.5503 80 200 120
1.4873 2.4973 -1.0685 80 200 120
0.9546 2.2006 -0.9837 80 200 120
3.6767 3.1488 -0.0181 80 200 120
4.1670 3.0692 1.1155 80 200 120
-1.8870 2.9906 0.9985 80 200 120
2.2540 0.3326 -0.5377 80 200 120
-0.5123 -1.3908 1.5812 80 200 120
2.5376 0.1275 1.5356 80 200 120
2.3731 0.2220 0.4305 80 200 120
4.8548 0.8457 0.8273 80 200 120
3.8053 2.8582 -1.1870 80 200 120
-3.5562 3.3211 -0.9649 80 200 120
-0.9276 -1.2067 1.4418 80 200 120
4.9846 1.9219 -1.1895 80 200 120
-4.5792 1.4126 0.5495 80 200 120
3.5753 2.7487 0.5702 80 200 120
4.0772 2.5351 -1.3242 80 200 120
4.8197 2.7534 -1.4587 80 200 120
3.3837 2.8105 1.4577 80 200 120
2.9705 2.7423 -0.8487 80 200 120
2.2018 0.6487 0.3324 80 200 120
2.2789 0.4377 0.2245 80 200 120
1.4577 2.9274 0.6752 80 200 120
2.3106 0.3430 0.6337 80 200 120
2.8682 2.2745 1.4842 80 200 120
2.2973 0.4234 0.4451 80 200 120
1.1837 -0.3919 1.5241 80 200 120
2.1362 0.5194 0.8036 80 200 120
0.6581 2.2382 -0.8768 80 200 120
1.2224 2.2085 -0.7758 80 200 120
0.2991 2.0296 -0.8318 80 200 120
-3.4622 3.1531 -0.2504 80 200 120
2.5358 0.2298 1.3888 80 200 120
-2.7391 3.3269 -0.0747 80 200 120
0.7476 3.1148 0.0811 80 200 120
2.2663 0.4970 0.6536 80 200 120
1.9720 1.0110 0.7812 80 200 120
0.3756 -0.0925 1.5560 80 200 120
0.5252 1.7603 1.5537 80 200 120
0.4043 1.3336 1.5379 80 200 120
3.4417 2.8670 -1.0442 80 200 120
0.9797 2.1565 -0.8082 80 200 120
3.1811 3.0224 -0.2648 80 200 120
1.2905 2.2310 -1.1812 80 200 120
3.1640 2.7650 -1.3830 80 200 120
-1.0694 3.1248 1.2484 80 200 120
-0.6276 2.9546 0.6710 80 200 120
-0.5581 -0.0102 1.5190 80 200 120
0.1793 0.9237 1.5354 80 200 120
1.3775 1.3667 1.3042 80 200 120
-0.4635 1.3820 1.5126 80 200 120
-0.1170 3.2253 -0.0912 80 200 120
1.6892 1.9703 0.0778 80 200 120
-0.5310 3.0485 1.1069 80 200 120
-1.0911 1.6995 1.5043 80 200 120
4.8618 1.5897 1.0878 80 200 120
4.6656 -1.0974 1.4366 80 200 120
4.8414 -0.8669 1.4976 80 200 120
-1.8559 2.8818 1.4026 80 200 120
-0.3273 3.0279 0.5016 80 200 120
-1.4435 3.0180 1.4610 80 200 120
-1.4012 2.9488 0.6283 80 200 120
-0.2410 1.8116 1.5084 80 200 120
1.1776 2.6499 -1.3115 80 200 120
4.6913 2.4879 0.9048 80 200 120
-0.7521 -1.1904 1.3707 80 200 120
4.8131 2.8340 -0.5656 80 200 120
2.7391 2.9215 1.1427 80 200 120
-1.7844 2.8723 0.3678 80 200 120
-2.8298 2.9811 1.3571 80 200 120
-2.5457 2.8375 0.8001 80 200 120
-2.4491 2.8083 0.3684 80 200 120
2.9897 2.7619 -0.9690 80 200 120
1.1173 2.2459 -1.0259 80 200 120
3.8256 3.1394 -1.1022 80 200 120
3.5254 3.2246 -0.9928 80 200 120
-3.4713 0.9996 0.4837 80 200 120
-3.7245 2.6511 0.3526 80 200 120
-4.1125 2.9582 1.4018 80 200 120
-4.1730 2.2318 1.4436 80 200 120
-2.0385 0.6481 1.4874 80 200 120
-2.0205 -0.0475 1.3837 80 200 120
4.6795 0.9029 1.4304 80 200 120
4.1257 2.7467 1.4540 80 200 120
2.6073 0.6318 0.7319 80 200 120
3.8510 3.1896 -1.1083 80 200 120
3.0078 2.7412 1.4038 80 200 120
1.1662 2.5982 -0.9453 80 200 120
2.6050 0.3862 0.7650 80 200 120
0.2133 2.1197 -0.9469 80 200 120
3.4668 3.0255 -0.9515 80 200 120
-0.5149 2.5856 -0.8444 80 200 120
-4.3668 1.6982 0.1671 80 200 120
0.3187 2.3582 -0.7634 80 200 120
2.6138 0.3038 0.8358 80 200 120
2.8216 2.7821 -0.6720 80 200 120
4.0047 3.2467 -0.0063 80 200 120
-1.4951 -0.0286 1.5350 80 200 120
-0.6504 0.6021 1.4804 80 200 120
2.6057 0.2701 1.4960 80 200 120
3.0031 2.9860 -1.0184 80 200 120
-0.2030 2.8450 -0.4663 80 200 120
3.4922 3.1121 -0.9667 80 200 120
-3.1717 2.4119 1.6637 80 200 120
2.3481 0.1340 1.2230 80 200 120
3.2186 2.8277 0.5138 80 200 120
4.8528 2.5125 1.5045 80 200 120
2.6788 3.0193 1.4772 80 200 120
4.8295 3.0407 -0.3616 80 200 120
-0.9330 -1.1453 1.4529 80 200 120
-3.9659 2.2186 -0.5209 80 200 120
-2.3482 -1.1798 1.1807 80 200 120
0.6376 1.8951 1.2324 80 200 120
-3.5653 0.5199 1.4266 80 200 120
3.9029 3.0010 -0.4350 80 200 120
2.8582 2.8230 -0.6977 80 200 120
4.8121 0.1311 1.4956 80 200 120
-2.5048 -0.3741 0.9570 80 200 120
-1.2099 2.9941 -0.1806 80 200 120
2.5915 0.3312 0.5969 80 200 120
2.5861 0.3837 0.7090 80 200 120
2.5793 0.4190 1.0454 80 200 120
-3.4846 0.2555 0.8824 80 200 120
3.4138 2.9939 -0.5556 80 200 120
4.8081 2.8143 1.3424 80 200 120
3.2012 3.3613 -0.3120 80 200 120
3.3451 3.0504 0.8673 80 200 120
2.3153 2.9497 1.4508 80 200 120
4.7241 3.1006 0.9211 80 200 120
2.5537 0.3754 1.3369 80 200 120
4.0589 3.1055 -0.0663 80 200 120
3.5126 2.9220 0.1237 80 200 120
3.6821 3.0249 -0.5593 80 200 120
-1.5244 3.1803 -0.9687 80 200 120
-4.4873 1.7055 0.1524 80 200 120
-4.1381 0.8369 0.3017 80 200 120
-2.0168 2.7632 -0.0858 80 200 120
-3.2198 3.0621 -0.8755 80 200 120
-4.3586 2.4467 0.6088 80 200 120
-1.0930 -1.1683 1.5078 80 200 120
3.8573 2.8684 -0.4275 80 200 120
-3.4314 0.2316 0.3575 80 200 120
-2.6563 -1.1278 1.2261 80 200 120
3.6964 2.8821 1.2613 80 200 120
4.8633 1.6533 1.1712 80 200 120
4.5543 3.0831 0.4117 80 200 120
4.6415 2.3775 0.6542 80 200 120
4.3870 2.9802 0.6957 80 200 120
2.6355 2.9623 -0.7546 80 200 120
4.7015 1.7914 1.3694 80 200 120
3.5969 2.9607 0.5806 80 200 120
-2.0296 -0.3651 1.3921 80 200 120
2.5647 0.3744 0.8186 80 200 120
1.6425 2.0435 1.5098 80 200 120
2.5556 0.3896 0.9248 80 200 120
2.1742 3.1442 -1.1020 80 200 120
1.9076 2.8246 -0.7016 80 200 120
2.8313 2.7675 0.3722 80 200 120
-2.3297 1.3577 1.5051 80 200 120
3.1362 2.8118 -0.4682 80 200 120
1.5784 2.8153 -0.5882 80 200 120
-2.9398 -1.2562 1.4014 80 200 120
-4.2082 2.5023 -0.4078 80 200 120
-4.6029 1.4310 0.7907 80 200 120
-1.7255 -1.3349 1.6626 80 200 120
1.5921 2.9504 -0.1246 80 200 120
1.6167 2.9690 1.2966 80 200 120
-2.8759 -0.8715 1.3267 80 200 120
4.5417 2.4999 -0.0784 80 200 120
-2.4571 -0.4216 0.9645 80 200 120
4.7105 2.5231 0.7081 80 200 120
-1.1252 -1.6775 1.6870 80 200 120
-2.1771 -1.8932 1.6365 80 200 120
1.3544 3.0247 0.7134 80 200 120
1.8218 2.9281 -0.0229 80 200 120
4.7779 0.7476 0.9437 80 200 120
-0.1409 -0.4941 1.5292 80 200 120
4.7383 3.1981 -0.2371 80 200 120
2.5355 0.4002 0.7556 80 200 120
2.2665 2.9200 1.0859 80 200 120
1.5991 2.6290 -0.8262 80 200 120
-3.3987 -0.8308 0.6585 80 200 120
-2.4644 -0.2688 0.3587 80 200 120
2.3597 2.8522 0.2881 80 200 120
1.6548 2.8345 -0.5597 80 200 120
1.4652 -1.0403 1.5684 80 200 120
1.6133 1.6834 -0.5170 80 200 120
3.1099 2.9471 1.2347 80 200 120
3.8402 2.8145 0.6769 80 200 120
1.1146 2.9871 1.4695 80 200 120
2.5262 0.4030 0.8421 80 200 120
4.7116 1.5359 0.7018 80 200 120
1.9308 3.0055 -0.2864 80 200 120
4.6925 1.3561 1.4444 80 200 120
4.8989 2.7814 0.7096 80 200 120
1.0264 2.9365 -0.6077 80 200 120
4.8492 2.7698 1.0232 80 200 120
-1.3697 0.2155 0.7143 80 200 120
3.8062 2.5856 0.2615 80 200 120
1.3849 2.9980 1.0065 80 200 120
1.1038 2.6098 -0.8545 80 200 120
0.8343 2.9603 0.1194 80 200 120
4.7919 1.9855 0.5249 80 200 120
0.7638 3.0360 1.2286 80 200 120
4.6536 0.8785 1.3738 80 200 120
4.8027 1.5427 1.0836 80 200 120
3.4052 3.8462 0.2275 80 200 120
2.5657 2.9899 0.9440 80 200 120
4.5536 2.9249 1.4386 80 200 120
4.4597 1.1523 1.4971 80 200 120
2.8163 3.0453 -0.1451 80 200 120
3.1177 2.9476 0.7544 80 200 120
2.6011 2.1870 1.5339 80 200 120
3.1613 2.6802 0.0626 80 200 120
-0.1731 3.0126 0.2656 80 200 120
0.8428 1.9833 1.4531 80 200 120
0.3923 2.9458 1.4971 80 200 120
0.7423 2.5470 -0.7381 80 200 120
1.1916 1.4142 1.4634 80 200 120
2.4668 0.1012 1.3154 80 200 120
1.6102 2.3201 1.4973 80 200 120
0.2649 3.0135 -0.5725 80 200 120
3.6169 2.8592 -0.4679 80 200 120
2.8540 2.8224 -0.6983 80 200 120
0.7248 3.0004 -0.4632 80 200 120
4.3075 1.8502 1.5017 80 200 120
1.5600 3.0419 -0.6356 80 200 120
1.8288 2.9036 0.2452 80 200 120
-0.5515 3.0291 0.9040 80 200 120
0.4817 2.4179 -0.7952 80 200 120
0.1271 2.9918 1.1014 80 200 120
0.1225 3.0266 -0.0109 80 200 120
3.0176 3.2611 0.5041 80 200 120
4.0530 1.3279 1.2251 80 200 120
1.8680 2.4708 0.6589 80 200 120
1.2157 1.8262 1.2713 80 200 120
0.9799 2.4778 0.6163 80 200 120
2.1082 2.3791 -0.1111 80 200 120
-0.6082 2.6201 1.3315 80 200 120
1.4673 2.5201 1.1271 80 200 120
-0.6162 2.8446 -0.5132 80 200 120
-1.2337 2.5598 1.2591 80 200 120
-1.3882 2.5279 0.5710 80 200 120
3.4316 2.5106 1.3254 80 200 120
0.0813 2.4813 1.2382 80 200 120
3.1623 2.5167 1.3291 80 200 120
2.4819 2.5379 0.2727 80 200 120
-2.6850 3.0172 1.4630 80 200 120
2.5744 0.1668 1.5186 80 200 120
3.4273 2.8741 0.4380 80 200 120
3.8460 2.8112 -0.4300 80 200 120
0.5770 1.3428 1.4720 80 200 120
-1.0808 3.1177 0.2661 80 200 120
4.0457 2.9573 -0.0334 80 200 120
-0.8642 2.6873 1.7085 80 200 120
-3.2994 3.1805 0.9837 80 200 120
-3.6284 2.8183 1.3570 80 200 120
1.1382 2.3880 -0.9293 80 200 120
0.4659 1.0890 1.4509 80 200 120
2.4835 0.0760 1.2612 80 200 120
2.5767 0.2588 1.4515 80 200 120
-2.2146 2.0029 -0.9464 80 200 120
-0.4796 2.4799 -0.9895 80 200 120
-2.9645 2.9931 -1.4227 80 200 120
-3.8759 3.2582 -1.1034 80 200 120
-3.3720 3.2499 0.3758 80 200 120
-8.4154 5.1011 -0.6992 80 200 120
-9.7622 6.8832 -0.6149 80 200 120
-3.9337 2.8479 0.6280 80 200 120
-1.0537 1.4697 1.4068 80 200 120
-2.2841 3.2817 -1.1554 80 200 120
0.5552 2.3917 -0.8202 80 200 120
1.0620 2.7957 -0.5473 80 200 120
2.0994 2.8057 -0.7607 80 200 120
-3.6370 2.1236 1.0709 80 200 120
-4.4963 2.5043 0.6026 80 200 120
1.8460 2.8282 1.4277 80 200 120
3.6430 2.8434 -0.5248 80 200 120
-4.0267 4.7131 -0.3401 80 200 120
-0.1258 2.5440 -0.9159 80 200 120
-4.8419 2.6606 -0.5619 80 200 120
0.9143 2.4001 -0.6914 80 200 120
2.0191 2.7616 -0.4867 80 200 120
4.7942 2.6056 0.9342 80 200 120
4.7398 1.4242 1.4744 80 200 120
1.8698 0.3956 0.8564 80 200 120
0.4615 0.7575 1.3985 80 200 120
1.0750 2.7596 -0.2639 80 200 120
-2.0762 1.2824 1.3113 80 200 120
1.3612 2.2913 -0.8070 80 200 120
2.5750 0.1407 1.4915 80 200 120
3.8493 2.7958 -0.4341 80 200 120
-0.6004 0.4854 1.3721 80 200 120
2.8650 2.7718 -0.7709 80 200 120
1.6656 2.5032 -0.7848 80 200 120
-2.7024 2.0896 -1.0035 80 200 120
-0.4052 0.1945 1.3548 80 200 120
-6.4428 4.5823 0.2927 80 200 120
-4.6074 0.8373 0.3472 80 200 120
-4.4855 1.3746 0.5648 80 200 120
-3.4891 0.6878 1.3366 80 200 120
0.2288 2.3274 -0.8814 80 200 120
-2.4492 2.7549 -1.2384 80 200 120
-3.3569 3.0654 -0.9307 80 200 120
3.4071 2.8277 -0.4683 80 200 120
-5.0302 2.8750 -0.6830 80 200 120
-1.6367 2.6548 -1.2224 80 200 120
-3.3309 1.7512 -1.0897 80 200 120
0.1778 0.3891 1.4649 80 200 120
1.1245 2.2884 -0.7877 80 200 120
-7.0362 5.2448 -0.3217 80 200 120
-1.3521 2.9988 -0.9074 80 200 120
-4.5237 0.2679 0.4958 80 200 120
1.3539 2.2860 -0.8295 80 200 120
-2.1677 -0.0354 1.1246 80 200 120
-0.3541 2.9345 0.5796 80 200 120
-0.9232 0.7439 1.3558 80 200 120
-3.1974 3.1433 1.0289 80 200 120
4.4380 2.7835 0.3901 80 200 120
-2.4066 -0.5939 1.2486 80 200 120
-4.3623 1.7052 0.1698 80 200 120
4.0329 2.7350 1.0544 80 200 120
2.5828 0.1475 1.2480 80 200 120
-1.6175 2.0296 -1.1414 80 200 120
3.2079 3.0467 -0.2828 80 200 120
3.3579 2.7237 1.4502 80 200 120
-0.8637 1.9052 -1.1898 80 200 120
2.5796 0.1574 1.4576 80 200 120
-2.7190 2.8407 -0.7822 80 200 120
-4.1102 2.3943 0.5802 80 200 120
-2.9717 1.6396 -0.4923 80 200 120
2.8525 2.1927 1.4819 80 200 120
1.4788 2.1674 -0.7178 80 200 120
4.5734 2.6750 0.8157 80 200 120
-2.7987 -0.2568 0.3656 80 200 120
-0.5002 -0.2055 1.3887 80 200 120
3.2541 2.7688 0.4703 80 200 120
-2.8595 2.9682 0.4842 80 200 120
3.3930 2.8931 0.6438 80 200 120
-0.6665 2.0964 -1.2900 80 200 120
-2.4314 3.1138 0.2095 80 200 120
-1.3653 1.5502 -1.0794 80 200 120
0.2438 1.9831 -0.9447 80 200 120
-3.0174 2.8762 -0.2723 80 200 120
0.7295 0.7383 1.4941 80 200 120
-2.6218 -0.1029 1.1760 80 200 120
-1.7219 0.4004 1.3565 80 200 120
-0.7216 2.7513 -0.0984 80 200 120
-0.6810 2.2745 1.4873 80 200 120
1.1189 2.7890 -0.5609 80 200 120
1.7769 2.1086 -0.8160 80 200 120
-3.8319 0.2028 1.2654 80 200 120
-4.0136 2.4796 -0.4107 80 200 120
0.8130 2.2700 -0.9204 80 200 120
4.7708 2.5254 0.9410 80 200 120
-3.4014 1.2773 -0.9640 80 200 120
-4.2195 1.7486 0.1768 80 200 120
4.6392 2.7522 0.8288 80 200 120
1.7981 2.2234 -0.7077 80 200 120
2.7384 2.8074 1.1199 80 200 120
-1.6387 2.5152 -1.0268 80 200 120
0.3241 1.6017 1.4951 80 200 120
-0.1711 1.2793 1.5075 80 200 120
-2.0600 2.9710 -0.2110 80 200 120
-1.1796 2.7319 -0.8047 80 200 120
-1.5698 2.2104 -0.7229 80 200 120
-1.5150 1.5369 -0.6923 80 200 120
-3.1578 0.5003 -0.4581 80 200 120
0.0173 1.9227 -0.8760 80 200 120
0.4569 1.9275 -0.8479 80 200 120
0.3582 2.4794 -0.8770 80 200 120
0.9457 1.8463 -0.7750 80 200 120
-0.7127 -0.9921 1.4701 80 200 120
-4.3783 0.4053 0.9931 80 200 120
-2.0981 -0.0618 1.4660 80 200 120
-0.6040 1.5832 -0.8605 80 200 120
1.5100 2.1720 -0.7134 80 200 120
0.9137 2.4430 -0.9178 80 200 120
2.5152 0.2908 1.4542 80 200 120
-3.4118 1.4957 -1.7653 80 200 120
-1.7815 2.2635 -0.7525 80 200 120
-2.5989 1.6615 -0.9457 80 200 120
1.6450 2.3206 -0.7982 80 200 120
2.0453 2.1328 -0.6430 80 200 120
-4.2044 0.2778 0.4141 80 200 120
2.5853 0.1454 1.4518 80 200 120
4.0870 2.5477 1.3756 80 200 120
-0.1128 2.4831 -1.0335 80 200 120
-0.5660 1.6168 -0.8626 80 200 120
-0.9025 1.7062 -0.6192 80 200 120
0.5297 2.4424 -0.8090 80 200 120
-0.9883 2.1366 -0.9604 80 200 120
4.7625 2.8709 0.8567 80 200 120
-1.3411 1.1452 -0.7263 80 200 120
0.8713 1.8613 -0.8003 80 200 120
-1.8858 -0.3522 1.2523 80 200 120
2.9347 2.7387 1.4231 80 200 120
-6.5377 -2.3631 0.8977 80 200 120
1.5161 2.1666 -0.6880 80 200 120
1.5112 2.2012 -0.9776 80 200 120
4.7885 2.7074 1.4450 80 200 120
1.3866 2.8637 0.0717 80 200 120
-1.7808 0.5232 1.4236 80 200 120
0.0618 -0.0771 1.4327 80 200 120
-1.8647 0.0272 1.3179 80 200 120
-0.4075 2.6852 -0.7680 80 200 120
1.7679 3.3137 -0.7768 80 200 120
-4.5024 -0.3340 0.0552 80 200 120
-3.1505 -0.7055 1.3151 80 200 120
-1.9562 1.3879 -1.2965 80 200 120
-1.1762 1.2514 -0.7534 80 200 120
1.3233 1.8769 -0.8037 80 200 120
1.4287 1.9708 -0.7614 80 200 120
-6.9992 -3.7942 1.6276 80 200 120
0.4657 2.4548 -1.1217 80 200 120
0.2895 0.4338 1.4076 80 200 120
1.0546 1.8717 -0.8260 80 200 120
2.7203 2.7843 1.4083 80 200 120
-1.6723 1.8106 -1.2112 80 200 120
0.9530 2.9132 -0.5675 80 200 120
3.1024 2.6860 1.3745 80 200 120
-2.3373 1.7260 -0.7170 80 200 120
1.2167 2.4228 -0.8941 80 200 120
1.3829 2.3653 -1.1301 80 200 120
1.8148 2.1718 -0.6460 80 200 120
-3.0769 -0.2896 0.9480 80 200 120
-2.1187 -1.9009 1.7611 80 200 120
-2.9310 -0.7071 0.4837 80 200 120
-1.6959 0.0981 -0.5809 80 200 120
-1.9123 0.2562 -0.7773 80 200 120
-0.3635 -0.0787 1.3956 80 200 120
0.7004 2.1464 -0.7853 80 200 120
-2.2315 1.4016 -1.3676 80 200 120
-2.6393 2.0297 -1.0361 80 200 120
0.1848 1.8169 -1.2668 80 200 120
0.7858 2.2825 -0.9017 80 200 120
-0.4728 1.7807 -1.3831 80 200 120
2.3465 2.7565 1.3961 80 200 120
-5.0884 -2.8328 1.3329 80 200 120
-2.2689 -0.5367 0.0387 80 200 120
-2.3713 2.7914 -0.8322 80 200 120
-0.8409 0.9621 -0.7724 80 200 120
-0.0147 2.8815 0.2465 80 200 120
0.8615 2.8732 0.0989 80 200 120
0.0906 2.9329 -0.9789 80 200 120
-3.6780 0.5280 -0.4675 80 200 120
-1.4676 -1.3613 1.3298 80 200 120
-2.3143 1.3060 -1.0232 80 200 120
1.4475 2.0727 -0.7951 80 200 120
0.4799 1.7432 -1.0667 80 200 120
0.3192 3.8060 -1.9484 80 200 120
-0.4788 -0.7931 1.4402 80 200 120
0.1404 -0.9109 1.4547 80 200 120
-0.5554 0.5567 1.4386 80 200 120
-5.1883 -2.2538 1.0821 80 200 120
-0.2090 2.6592 0.3314 80 200 120
-1.5581 1.8018 -1.1791 80 200 120
-0.7186 0.0534 -0.2518 80 200 120
-0.6553 1.5550 -1.3967 80 200 120
-1.6071 1.0195 -1.3021 80 200 120
-2.1205 0.4511 -0.9665 80 200 120
0.8352 2.8157 -1.6126 80 200 120
2.4949 0.2218 1.5227 80 200 120
1.2327 2.7414 0.7309 80 200 120
-0.7479 1.4718 -1.1676 80 200 120
0.8860 2.9144 -0.3385 80 200 120
-0.6159 2.2715 -0.9004 80 200 120
1.5097 1.8370 -0.6714 80 200 120
-1.2450 1.1824 -1.4209 80 200 120
0.1901 2.5332 1.4102 80 200 120
1.0701 3.6580 -1.4034 80 200 120
-0.0310 1.7912 1.3853 80 200 120
1.0302 2.1511 -0.7698 80 200 120
-3.1323 1.6464 1.2693 80 200 120
1.7064 1.9078 1.4072 80 200 120
1.0388 1.8267 -0.7837 80 200 120
-0.8760 -1.0912 1.3999 80 200 120
-1.8636 1.8695 -1.2667 80 200 120
-3.1678 -0.8327 0.0274 80 200 120
0.9949 2.7153 1.3227 80 200 120
-2.3235 -0.5391 -0.4269 80 200 120
-4.7926 -0.4883 -1.1915 80 200 120
-1.7438 -0.5094 1.3928 80 200 120
1.3273 2.9655 0.7348 80 200 120
-3.5294 -0.4932 -1.5233 80 200 120
-2.3317 0.1214 -1.4309 80 200 120
-1.5417 -2.7956 1.5308 80 200 120
-3.6381 1.0180 -1.2434 80 200 120
-0.3929 1.5398 -1.2830 80 200 120
-5.8252 0.1888 -1.9988 80 200 120
-3.9807 -2.2093 1.1936 80 200 120
-4.7294 -3.6874 1.6441 80 200 120
-4.2342 0.4939 -0.5411 80 200 120
-3.6601 -3.6686 1.6342 80 200 120
-4.9147 -1.8620 0.7731 80 200 120
-4.4074 0.6846 -0.9790 80 200 120
2.6102 2.7296 1.3524 80 200 120
0.0471 -1.0148 1.2562 80 200 120
1.3628 3.0065 -0.1401 80 200 120
1.3429 2.7013 1.2665 80 200 120
-1.6716 0.5113 -1.4215 80 200 120
1.8250 1.6116 -0.4650 80 200 120
1.1496 2.7334 -0.5758 80 200 120
-3.9193 -0.6508 -0.5504 80 200 120
-4.8484 -3.2714 0.2427 80 200 120
-1.8774 1.7734 1.4186 80 200 120
1.4730 2.8097 0.9533 80 200 120
0.9847 2.7915 1.0876 80 200 120
-1.5009 2.5399 -0.0356 80 200 120
-1.9527 0.8864 1.4465 80 200 120
0.8946 1.9032 1.4093 80 200 120
0.6646 2.7448 1.3419 80 200 120
1.6963 2.1839 1.3989 80 200 120
-0.2086 2.8446 0.7953 80 200 120
0.3879 2.8047 0.9982 80 200 120
-0.8902 -1.1622 1.3918 80 200 120
-0.0178 -1.0740 1.2817 80 200 120
-0.9427 1.8578 -1.2503 80 200 120
0.0030 -0.1161 1.4355 80 200 120
-3.5585 2.9140 -1.1985 80 200 120
-3.1178 -2.5954 1.2681 80 200 120
-3.7186 -3.9095 1.5404 80 200 120
1.0454 1.5964 -0.6803 80 200 120
1.4249 2.0504 1.3984 80 200 120
-0.1409 2.7962 1.2599 80 200 120
1.7314 2.7971 1.2070 80 200 120
-0.7142 2.7571 1.2160 80 200 120
-1.3772 2.9136 0.6469 80 200 120
0.3761 2.7410 1.2838 80 200 120
-2.6225 1.3296 -1.1585 80 200 120
-4.1063 0.9230 0.2950 80 200 120
-4.3358 0.3516 0.4193 80 200 120
-3.1979 -0.2739 1.0569 80 200 120
-2.0621 1.4422 -1.3434 80 200 120
0.1618 1.8890 -0.8138 80 200 120
-3.3663 0.2511 -1.9208 80 200 120
-11.7365 -6.3451 -0.5820 80 200 120
-1.8311 2.8211 1.2160 80 200 120
0.6773 1.3584 1.3994 80 200 120
-0.1807 2.4841 1.4111 80 200 120
-2.8798 2.7171 1.2500 80 200 120
0.5086 1.1237 1.4018 80 200 120
-42.2757 -8.3334 -8.6303 80 200 120
-3.2710 -3.5328 1.4488 80 200 120
-0.0153 -0.9976 1.2958 80 200 120
-0.4288 1.5664 -1.3164 80 200 120
0.1077 1.1089 -1.0953 80 200 120
-6.3510 -5.1974 1.2109 80 200 120
-3.6645 1.2414 -2.3680 80 200 120
2.6082 2.8246 1.4418 80 200 120
0.9309 1.2841 -0.8283 80 200 120
-3.3375 -0.6219 0.4902 80 200 120
-0.7052 2.5899 -1.0021 80 200 120
-0.9946 1.4962 1.3831 80 200 120
-3.4574 2.1626 1.0365 80 200 120
1.4072 1.6059 -0.6339 80 200 120
1.0905 1.8396 -0.7653 80 200 120
1.2161 2.0715 -0.6860 80 200 120
-2.3645 -0.5592 -1.2082 80 200 120
1.0021 2.0560 -0.7650 80 200 120
0.2751 2.8167 -0.8259 80 200 120
-0.0363 1.9587 -0.8916 80 200 120
0.7027 1.8767 -0.7676 80 200 120
1.2886 2.1833 -0.6855 80 200 120
3.1095 2.8089 1.4271 80 200 120
1.0609 2.8355 -0.5924 80 200 120
-0.5996 1.2572 1.3956 80 200 120
0.3917 0.7921 1.4187 80 200 120
-2.6571 1.2667 1.4654 80 200 120
-3.4302 -1.3676 -1.1587 80 200 120
-0.9616 -0.3064 -0.4525 80 200 120
-34.9144 -2.3877 -7.7291 80 200 120
-2.7438 -3.6347 0.6899 80 200 120
-2.6937 -3.0236 1.2810 80 200 120
0.1487 -0.9316 1.4379 80 200 120
-0.5931 0.1380 1.4446 80 200 120
-3.4371 0.7189 1.3691 80 200 120
1.1651 1.8213 -0.7307 80 200 120
1.1307 2.4289 -0.8312 80 200 120
0.9690 2.2208 -0.8079 80 200 120
2.5845 2.7134 1.2795 80 200 120
2.9246 2.7037 1.3436 80 200 120
-7.4015 -3.5535 -2.9562 80 200 120
-0.3043 -1.3193 1.4428 80 200 120
3.2805 2.7990 1.4561 80 200 120
-0.3716 0.9350 1.3895 80 200 120
0.6139 -0.0495 1.4278 80 200 120
-1.3805 -2.7580 -0.2892 80 200 120
-1.6959 -0.7667 -0.2016 80 200 120
-0.4957 1.2353 -1.1655 80 200 120
-3.1464 -2.7549 0.6661 80 200 120
-3.4065 1.7026 -1.0123 80 200 120
-3.0994 -4.0136 0.6942 80 200 120
-6.0339 -6.3241 -0.0132 80 200 120
0.1867 1.6683 -1.1838 80 200 120
2.3958 2.7609 1.3182 80 200 120
-1.7864 -1.5277 1.4414 80 200 120
-0.1371 2.8895 0.5219 80 200 120
-2.3169 2.9380 0.9268 80 200 120
-0.6248 -3.3863 0.4332 80 200 120
-1.4462 -2.5870 -0.6193 80 200 120
0.6168 1.9041 -0.7976 80 200 120
3.2571 2.7531 1.3908 80 200 120
-4.1235 2.3330 1.1799 80 200 120
-2.1730 -1.1939 1.3722 80 200 120
-2.5258 0.9477 -1.1526 80 200 120
-0.9315 1.3823 -1.4514 80 200 120
-1.9288 -0.7606 -0.8683 80 200 120
-0.4457 -3.2281 0.9940 80 200 120
0.2018 -0.8780 1.4257 80 200 120
1.3805 2.1464 -0.6527 80 200 120
2.3894 0.2406 1.6258 80 200 120
2.9394 2.7400 1.3632 80 200 120
-0.0969 1.0833 -1.1608 80 200 120
-3.5120 -2.2994 0.1574 80 200 120
0.4692 2.7065 -0.8423 80 200 120
-4.1636 1.3565 0.5535 80 200 120
-1.3839 0.8124 -0.9091 80 200 120
0.7953 1.7295 -0.8404 80 200 120
-1.8685 2.7187 -1.2345 80 200 120
-1.9798 -0.0851 -1.7563 80 200 120
-4.0545 2.4532 0.5753 80 200 120
-3.8526 1.7073 -0.5704 80 200 120
-3.1252 -0.0433 -0.9897 80 200 120
-3.4145 -0.3560 -1.5147 80 200 120
-0.6742 -3.6322 1.0751 80 200 120
3.1858 2.6933 1.3176 80 200 120
0.1230 0.8980 -0.9355 80 200 120
-0.1285 1.3854 -1.1448 80 200 120
-2.7307 2.9727 0.6666 80 200 120
0.5399 1.9264 -0.8170 80 200 120
-0.2566 1.6036 -1.2691 80 200 120
-3.3387 -4.3150 0.7907 80 200 120
-0.2054 -2.7972 1.3625 80 200 120
-1.0414 -0.2850 1.4343 80 200 120
0.2102 -2.3204 1.4753 80 200 120
2.9563 2.7782 1.4303 80 200 120
-1.2939 -2.6616 -0.1364 80 200 120
0.8021 0.8064 1.4342 80 200 120
-1.0987 2.9891 -0.0360 80 200 120
-0.5196 2.2988 1.4297 80 200 120
-0.1147 -0.4572 -0.3952 80 200 120
0.7815 1.7211 -0.7829 80 200 120
-0.1049 0.7059 -1.0419 80 200 120
0.4559 0.7300 -0.8686 80 200 120
-0.0754 1.9849 -0.9033 80 200 120
-2.0987 1.9553 -0.9122 80 200 120
-1.5406 2.5970 -1.0886 80 200 120
-1.3990 2.3673 -0.4798 80 200 120
-0.0992 1.7628 -1.1797 80 200 120
-0.2492 1.0293 -1.1342 80 200 120
-3.7928 0.2563 1.2752 80 200 120
-3.8670 2.5000 -0.4281 80 200 120
-4.0003 1.7830 0.1630 80 200 120
-3.8642 -1.7762 -1.9339 80 200 120
-0.7925 -2.0609 1.4050 80 200 120
-0.1540 0.8607 -1.0008 80 200 120
-1.3855 0.6130 -0.9607 80 200 120
-4.2367 1.1899 -0.0740 80 200 120
0.4337 0.1896 -0.3682 80 200 120
-2.5133 1.5667 -0.8709 80 200 120
-1.3751 1.1059 -0.9663 80 200 120
-0.4348 1.3890 -1.2691 80 200 120
-3.1933 -0.8155 -1.6818 80 200 120
-0.2471 1.1691 -1.3968 80 200 120
0.4240 1.6496 1.4327 80 200 120
-0.0903 1.3430 1.4591 80 200 120
-1.6259 2.9526 -0.8424 80 200 120
-4.1488 0.4774 0.9374 80 200 120
-2.0887 -3.2144 -1.4255 80 200 120
-1.1484 2.4669 -1.0087 80 200 120
-2.1459 2.6474 -0.3231 80 200 120
0.2168 0.6514 -0.9532 80 200 120
-1.2382 -2.5138 -0.5751 80 200 120
-1.9068 -2.4294 -0.0916 80 200 120
-1.7280 2.9726 0.3311 80 200 120
-1.1111 -2.6628 -0.1380 80 200 120
-3.6807 -4.2392 -1.7242 80 200 120
0.6261 1.7475 -0.8487 80 200 120
-15.4980 -24.0626 -1.9832 80 200 120
-0.3956 -3.1459 0.9671 80 200 120
-0.4688 -3.0608 0.4078 80 200 120
-0.6703 -0.4980 -0.4246 80 200 120
-2.5515 -3.2862 0.7342 80 200 120
-1.3215 0.8278 1.4781 80 200 120
-2.8198 0.1894 1.4227 80 200 120
-1.0150 -1.1582 1.4652 80 200 120
-2.1326 -2.4398 1.0602 80 200 120
0.3034 0.3972 -1.0126 80 200 120
-0.1152 -2.2057 1.4533 80 200 120
-3.6727 -0.9759 -1.8423 80 200 120
-1.6876 -0.6134 -1.3125 80 200 120
-2.8087 -0.2654 -1.5899 80 200 120
-0.6537 2.2583 -0.8970 80 200 120
-1.1415 -3.0753 0.9899 80 200 120
-1.9551 2.1365 -1.0726 80 200 120
-2.2854 -0.4073 -1.8784 80 200 120
-0.0605 2.9724 0.2648 80 200 120
-2.9747 -2.4421 1.1938 80 200 120
-0.5278 -1.1137 -0.9470 80 200 120
-1.3254 0.2943 -1.4678 80 200 120
-2.9807 2.9802 -0.8466 80 200 120
-0.4851 1.6060 -1.3511 80 200 120
-0.9712 -2.4988 -0.1745 80 200 120
-1.7676 0.5098 1.4277 80 200 120
-1.8610 0.0465 1.3316 80 200 120
-0.8608 2.9552 -0.8630 80 200 120
-3.2088 -0.0219 -0.1028 80 200 120
-2.4828 -0.3512 0.9811 80 200 120
0.3144 0.4775 1.4201 80 200 120
-0.5096 -0.7441 1.4662 80 200 120
-3.6845 2.9329 -1.2608 80 200 120
-1.0068 1.1278 -1.1318 80 200 120
-2.0235 1.8208 -0.7977 80 200 120
-0.3199 -3.5619 0.2505 80 200 120
-48.3635 -26.1467 -15.6145 80 200 120
-2.1552 1.9619 -1.3580 80 200 120
0.0637 1.8954 -0.7481 80 200 120
-1.7706 -3.1401 -0.3863 80 200 120
-2.0876 2.6241 1.4923 80 200 120
-3.3512 -1.0915 -1.4101 80 200 120
2.7701 2.7699 1.3080 80 200 120
-0.9419 1.2337 -1.2920 80 200 120
-0.3909 -0.1010 1.4387 80 200 120
-2.1341 1.9485 -1.3728 80 200 120
-3.0520 2.9891 -0.8907 80 200 120
-3.4604 3.1192 -0.3405 80 200 120
-1.1836 -2.7869 -0.1385 80 200 120
3.0848 2.6191 1.2209 80 200 120
-0.4665 -2.9587 1.3304 80 200 120
-1.9968 -3.5242 -0.6310 80 200 120
-2.2771 2.1359 -1.1423 80 200 120
-0.7569 1.3623 -1.4040 80 200 120
-0.9312 0.2172 -1.4591 80 200 120
-2.5608 2.9510 -1.2902 80 200 120
-1.7905 1.7331 -0.8749 80 200 120
-0.0560 2.9957 0.2840 80 200 120
0.0420 -2.8324 1.3643 80 200 120
-0.9840 -0.2752 -1.1757 80 200 120
-1.3782 -1.9815 -1.1714 80 200 120
-17.5274 0.8971 -3.5322 80 200 120
-0.5716 0.5867 1.4410 80 200 120
-1.3068 2.8977 1.4249 80 200 120
-4.0374 3.1036 0.7003 80 200 120
-1.5840 -0.1440 -1.2716 80 200 120
-2.3534 -0.0346 -1.1081 80 200 120
-1.5674 0.1259 -1.2925 80 200 120
-2.2520 1.7212 -1.3619 80 200 120
-1.4561 0.2618 -1.5261 80 200 120
-0.4813 -2.2816 -0.5070 80 200 120
-3.2061 1.4559 -1.8024 80 200 120
-1.0386 -1.5730 -0.1495 80 200 120
3.2195 2.7747 1.3969 80 200 120
0.1313 2.6490 1.4756 80 200 120
-0.1226 1.8861 1.4580 80 200 120
-3.7847 1.7221 1.5249 80 200 120
-2.9133 -4.2706 -1.6369 80 200 120
-1.2451 -0.3333 -0.6744 80 200 120
-2.1816 1.1058 -1.4653 80 200 120
-6.5707 1.1354 -1.6774 80 200 120
-2.7530 3.0361 -1.3466 80 200 120
-0.0300 2.9735 0.2625 80 200 120
-2.9194 -0.9919 -1.1816 80 200 120
-1.8318 1.3161 1.4874 80 200 120
0.9722 2.8828 1.4161 80 200 120
-2.0951 -0.4175 -0.4622 80 200 120
-1.8933 -0.5427 1.4500 80 200 120
-4.2589 3.1639 0.2901 80 200 120
-2.2021 1.9954 -1.4025 80 200 120
-2.8430 1.6431 -0.9305 80 200 120
-1.1304 0.3641 -1.4215 80 200 120
-2.9620 1.8822 -1.6262 80 200 120
-4.0627 -2.2132 1.1815 80 200 120
-4.3143 -1.5716 0.6265 80 200 120
-3.3484 1.6008 -1.6622 80 200 120
-2.8822 -0.6255 -0.1062 80 200 120
-0.0669 3.0326 0.2872 80 200 120
-4.6276 0.6261 -1.5754 80 200 120
-1.4757 -2.3624 -0.3851 80 200 120
-1.9359 2.9696 -0.1052 80 200 120
-2.6276 2.2065 -1.1729 80 200 120
-10.4104 -14.8451 -1.0713 80 200 120
-3.2865 -6.5869 -0.6922 80 200 120
-0.5479 -3.4761 1.0868 80 200 120
-2.2304 -0.6811 -1.0318 80 200 120
-1.3991 -3.4148 1.0904 80 200 120
-2.6022 0.6110 -1.6825 80 200 120
1.3218 2.9309 1.4103 80 200 120
-2.3070 -0.1091 -0.5533 80 200 120
-2.0966 1.8603 1.4964 80 200 120
-2.7601 3.1441 0.1624 80 200 120
-2.0081 -0.2949 -1.3666 80 200 120
-3.6287 -0.0186 -1.3291 80 200 120
-2.0248 -0.2370 -0.7942 80 200 120
-0.6486 3.0368 1.0354 80 200 120
-1.6574 -1.4442 -0.1228 80 200 120
1.4585 2.9961 1.0385 80 200 120
0.9520 2.8849 1.0980 80 200 120
-2.0443 0.8874 1.4790 80 200 120
-3.9219 1.0719 -1.3381 80 200 120
-3.5698 0.4529 -1.2962 80 200 120
-2.1761 1.9828 -1.3855 80 200 120
-2.2656 2.0068 -0.9476 80 200 120
-2.7878 1.7689 -0.9156 80 200 120
-1.4894 0.3181 -1.5759 80 200 120
-0.0819 3.0684 0.2873 80 200 120
-2.2475 3.1466 -0.0877 80 200 120
-0.5125 -3.2249 0.4468 80 200 120
-1.0525 0.1369 -1.4053 80 200 120
-3.0079 -0.8845 1.5046 80 200 120
-1.4060 2.8564 -1.2890 80 200 120
-1.3266 -0.2764 -0.9214 80 200 120
-1.5538 1.2935 -1.5181 80 200 120
0.8634 1.9985 1.4919 80 200 120
0.6178 2.9402 1.4615 80 200 120
1.6896 2.2937 1.4427 80 200 120
-0.2812 2.9774 0.7897 80 200 120
0.3133 2.9625 1.0614 80 200 120
-1.6058 0.1010 -1.2878 80 200 120
-2.4046 -3.6873 -1.5748 80 200 120
-0.5237 0.0072 -0.4576 80 200 120
-2.5256 1.5490 -1.1257 80 200 120
-1.4301 -2.8184 -0.1958 80 200 120
-0.9450 -1.5211 -1.0564 80 200 120
-2.9756 1.3676 -1.1818 80 200 120
-2.1210 -0.2704 -0.8107 80 200 120
-3.0924 0.7398 -1.3452 80 200 120
-1.8516 0.6349 -1.4403 80 200 120
1.3950 1.9524 1.3329 80 200 120
-0.1225 2.7362 1.2638 80 200 120
1.6496 2.5628 1.0637 80 200 120
-0.6894 2.6826 1.2190 80 200 120
-1.2582 2.7221 0.5422 80 200 120
0.4222 2.6112 1.2540 80 200 120
-3.6892 0.8791 0.2506 80 200 120
-3.9306 0.3281 0.4019 80 200 120
-1.8159 0.0143 0.5659 80 200 120
-2.3659 1.3694 -1.3310 80 200 120
-0.9078 -2.1344 -0.5485 80 200 120
-2.4408 0.9550 -1.0215 80 200 120
-3.3738 3.1155 -0.2276 80 200 120
-1.2131 -3.6523 -0.5181 80 200 120
-1.2075 2.7353 -1.2918 80 200 120
-1.3841 2.4286 -1.1212 80 200 120
0.0600 2.7290 0.2529 80 200 120
-2.0786 3.0291 1.3294 80 200 120
0.6331 1.4327 1.4799 80 200 120
-0.2763 2.6317 1.5027 80 200 120
-3.3183 2.9590 1.4294 80 200 120
0.4581 1.1840 1.4969 80 200 120
-2.3343 -0.2440 0.2459 80 200 120
-0.7689 -3.4026 -0.6442 80 200 120
-2.1604 -0.3418 -1.3844 80 200 120
-2.2504 2.0274 -1.4322 80 200 120
-2.4170 1.8197 -1.4963 80 200 120
-2.4619 2.4615 -1.0309 80 200 120
-1.1490 1.5703 1.4828 80 200 120
-0.6958 1.3063 1.4670 80 200 120
-2.4448 -0.0155 -1.1398 80 200 120
-3.4744 1.0620 -1.2355 80 200 120
-2.6317 2.9489 -1.3416 80 200 120
-1.7058 -2.8085 -1.3624 80 200 120
-2.0289 -0.0042 -1.3959 80 200 120
0.3431 0.8283 1.4807 80 200 120
-2.9088 1.3132 1.5403 80 200 120
-0.0847 3.0704 0.3004 80 200 120
-4.4281 0.3557 0.4557 80 200 120
-4.4680 0.5248 -0.5844 80 200 120
-2.0832 1.1477 -1.5091 80 200 120
-3.0788 3.1059 -0.8854 80 200 120
-0.5475 -1.1082 1.4875 80 200 120
-0.6541 0.1107 1.4946 80 200 120
-2.5014 0.5284 0.9913 80 200 120
-0.3610 -1.3570 1.4770 80 200 120
-0.4567 0.9709 1.4496 80 200 120
-1.9089 2.7941 -1.2848 80 200 120
-3.8565 -3.0483 1.4070 80 200 120
-1.9869 -2.7317 1.2179 80 200 120
-4.3529 1.6903 1.1724 80 200 120
-2.6351 1.6873 -1.7425 80 200 120
-0.2738 -0.7259 -0.3278 80 200 120
-0.5307 2.9800 1.4319 80 200 120
-2.8924 0.2789 -1.1580 80 200 120
-0.5681 -3.5633 1.1263 80 200 120
-0.8320 -0.0659 -0.4662 80 200 120
-0.6010 -3.8229 -0.7013 80 200 120
-1.6748 3.0342 -1.3994 80 200 120
-0.8544 -3.6055 -0.6454 80 200 120
-2.6956 -1.1536 -0.0458 80 200 120
-3.2135 -2.7982 0.7247 80 200 120
-2.1490 1.9724 -1.4076 80 200 120
-1.9530 0.0124 -1.3752 80 200 120
-4.0408 -0.9827 0.4324 80 200 120
-0.0661 3.0251 0.2658 80 200 120
-1.1338 -2.4035 -0.6497 80 200 120
-2.4022 3.1997 0.6427 80 200 120
-2.1866 -0.2429 0.4798 80 200 120
-2.5766 -0.0071 -1.1283 80 200 120
-1.5435 0.2011 -1.4490 80 200 120
-0.2327 3.0390 0.5427 80 200 120
-2.6327 3.1678 1.0883 80 200 120
-4.3596 2.4065 1.2408 80 200 120
0.1393 -0.9130 1.4752 80 200 120
-2.0797 0.8563 -1.4352 80 200 120
-0.5278 3.0287 0.3781 80 200 120
-1.1237 -2.0657 -1.1476 80 200 120
-2.2365 1.7611 -1.4537 80 200 120
-1.6159 3.0458 -0.9858 80 200 120
-1.7917 3.0639 0.9821 80 200 120
-5.8399 -3.6823 0.6409 80 200 120
-0.9950 -2.9093 -0.6348 80 200 120
-3.5577 -2.7690 1.7594 80 200 120
-1.9721 3.1163 -1.1872 80 200 120
-4.3056 3.2455 -0.1457 80 200 120
-4.4223 2.5928 0.6060 80 200 120
-2.1070 -0.2884 1.4743 80 200 120
-2.7521 2.2381 1.5329 80 200 120
-2.1385 1.6923 -1.3986 80 200 120
-3.1739 -4.2014 0.8125 80 200 120
-2.7525 3.0868 1.4989 80 200 120
-1.6809 0.6227 -1.3979 80 200 120
-3.1301 1.1972 -1.4515 80 200 120
-4.1711 1.3349 0.7375 80 200 120
-2.9877 3.1712 0.8281 80 200 120
-1.1899 -0.2954 1.5166 80 200 120
-2.3387 3.1860 -1.4161 80 200 120
-1.6351 3.0786 -0.9809 80 200 120
-0.0615 3.0336 0.2782 80 200 120
-0.3116 1.2425 1.4908 80 200 120
-2.9990 1.5426 -0.8947 80 200 120
-1.5037 0.3782 -1.4956 80 200 120
-0.6174 2.4051 1.5059 80 200 120
-2.1202 1.9179 -1.4029 80 200 120
-0.2847 -2.9930 1.4846 80 200 120
-2.8454 0.2982 0.5273 80 200 120
-3.0975 2.0317 1.5408 80 200 120
-4.6244 3.0214 -0.5866 80 200 120
-1.1358 -1.4182 1.3132 80 200 120
-1.4219 2.9418 -0.4371 80 200 120
-3.9657 -1.1716 1.5183 80 200 120
-1.4426 -3.1234 -0.5931 80 200 120
-0.5186 -2.9852 -0.6487 80 200 120
-1.0040 -3.3817 -0.6419 80 200 120
-1.5762 3.1343 -0.1109 80 200 120
-0.3196 -3.0741 0.1936 80 200 120
-4.2537 3.2911 1.3253 80 200 120
-0.8972 -2.1937 1.5004 80 200 120
-3.7440 2.6255 1.5676 80 200 120
-0.9990 -2.8349 -0.6531 80 200 120
-1.2610 -3.1572 0.9626 80 200 120
0.0485 -2.3767 1.3686 80 200 120
-3.6119 -2.2141 1.4805 80 200 120
-0.8366 -1.2490 1.5096 80 200 120
0.9850 3.1072 1.5183 80 200 120
-2.2468 -3.0414 1.3787 80 200 120
-0.1733 2.9895 0.5396 80 200 120
-2.3873 -2.3618 1.4956 80 200 120
0.3794 1.7148 1.5022 80 200 120
-0.1438 1.3733 1.4953 80 200 120
-3.7697 0.3033 0.2856 80 200 120
-0.5927 -3.2684 0.6951 80 200 120
-0.7257 -2.6137 0.9504 80 200 120
-2.0698 -0.1019 1.0126 80 200 120
-1.7510 3.0605 1.4824 80 200 120
-1.6542 -3.0016 1.5124 80 200 120
0.4240 -2.2528 1.1275 80 200 120
-1.3208 0.1236 1.5048 80 200 120
-0.4507 -2.3259 1.2342 80 200 120
-2.1566 -1.6661 1.5366 80 200 120
0.4532 -0.3662 1.3331 80 200 120
-0.8247 1.7658 1.6299 80 200 120
-4.2783 1.3656 0.5052 80 200 120
-0.9091 1.1775 1.3728 80 200 120
-1.4175 0.8673 1.4964 80 200 120
-2.1653 0.0841 1.0268 80 200 120
-1.1078 -1.1896 1.5034 80 200 120
-3.1771 -3.4177 1.6138 80 200 120
-2.6907 0.8182 1.3788 80 200 120
-4.1267 -0.8475 1.4886 80 200 120
-0.6182 -3.1658 1.3741 80 200 120
-2.0430 2.8227 -0.0918 80 200 120
-2.2865 3.1283 0.6148 80 200 120
-2.7933 3.2003 0.4293 80 200 120
-0.3388 -3.1759 1.1935 80 200 120
-0.4116 -2.9389 0.8324 80 200 120
-4.3673 -1.4885 0.7386 80 200 120
-1.8555 0.1704 1.5314 80 200 120
-4.5092 -1.2455 0.1324 80 200 120
-3.1495 -2.4335 1.5357 80 200 120
-4.2560 3.2014 0.2113 80 200 120
-2.3506 0.0699 0.0639 80 200 120
-4.1631 3.2367 1.3380 80 200 120
-3.0147 -3.3806 -0.0739 80 200 120
0.0319 -2.2348 1.2524 80 200 120
-4.0113 3.2750 0.8463 80 200 120
-3.8170 1.4421 1.0284 80 200 120
-4.4484 -0.9933 0.8830 80 200 120
-4.1504 2.2651 1.1399 80 200 120
-3.4122 0.6662 0.1779 80 200 120
-2.1538 -3.8389 1.2936 80 200 120
-3.7877 -3.3103 0.8041 80 200 120
-1.9624 -3.4238 -0.3977 80 200 120
-2.4714 -3.3900 0.5330 80 200 120
-1.8717 3.1366 1.0285 80 200 120
-4.5692 -3.1073 0.1870 80 200 120
-0.4395 3.2254 1.0035 80 200 120
-3.2153 -3.0647 1.3508 80 200 120
-4.0782 1.2564 0.5011 80 200 120
-4.4027 2.6995 0.7056 80 200 120
-1.4432 -0.1960 1.5062 80 200 120
-3.7255 -1.8107 1.5301 80 200 120
0.0432 2.7750 1.6234 80 200 120
-4.3974 -2.0809 0.3007 80 200 120
-2.5905 -0.1978 0.3584 80 200 120
-0.4775 -0.0885 1.5001 80 200 120
-3.1458 -0.9351 1.4766 80 200 120
-0.8893 -2.9377 1.0666 80 200 120
-4.1729 -0.2408 0.2432 80 200 120
-0.9557 2.9754 1.0630 80 200 120
-2.7962 -1.3724 1.4966 80 200 120
0.4594 1.4297 1.5022 80 200 120
-0.4655 -2.7791 0.2939 80 200 120
-1.8070 2.1609 1.5420 80 200 120
-4.4931 -1.3759 1.3246 80 200 120
-3.8166 1.0654 -0.1391 80 200 120
-2.3272 -3.1965 -1.3644 80 200 120
-4.5228 -1.1335 0.5467 80 200 120
-1.8729 3.1139 0.7143 80 200 120
-1.5734 -3.8430 -0.7466 80 200 120
-2.3119 3.1737 1.2404 80 200 120
-2.3467 -3.4470 -0.3881 80 200 120
-2.4239 -0.4708 -0.4288 80 200 120
-0.8419 -1.3329 -0.5304 80 200 120
-1.4753 -2.9927 -0.6205 80 200 120
-4.5231 -3.1992 -0.2761 80 200 120
-2.9696 -2.9364 -0.4224 80 200 120
-1.7345 -0.6763 -0.5350 80 200 120
-2.0544 -0.8718 -0.4236 80 200 120
-2.2590 3.0814 -0.0300 80 200 120
-1.9735 3.1086 0.3271 80 200 120
-1.9688 -0.6869 -0.8893 80 200 120
-1.6999 -1.9558 1.5541 80 200 120
-2.1812 -0.4764 -1.4160 80 200 120
-3.3692 -0.3794 -1.2058 80 200 120
-1.3296 -0.7442 -0.5338 80 200 120
-0.9379 -1.1537 -0.5498 80 200 120
-3.1220 -0.4569 -0.7661 80 200 120
-1.2424 -0.7129 -0.7300 80 200 120
-1.9599 -3.2103 -1.4247 80 200 120
-1.6049 -2.8312 -0.6394 80 200 120
-2.8990 -0.7951 -0.4079 80 200 120
-0.0693 -2.4868 1.4428 80 200 120
-0.7954 -1.1460 -0.4765 80 200 120
-2.0232 0.5641 1.5594 80 200 120
-2.0359 0.0148 1.4356 80 200 120
-2.5058 -0.2019 0.8385 80 200 120
-0.5653 -0.7622 1.4871 80 200 120
-2.9177 -0.3821 -1.4004 80 200 120
-0.5015 3.0145 1.1404 80 200 120
-2.0563 -0.2787 -1.4255 80 200 120
-0.8692 -1.3347 -0.5602 80 200 120
0.7212 1.3968 1.5207 80 200 120
-4.0500 0.9669 -1.3391 80 200 120
-1.9102 -2.8262 -1.5300 80 200 120
-2.9026 3.1818 -0.0773 80 200 120
-2.3012 2.7716 1.5769 80 200 120
-3.5493 3.2432 -0.2557 80 200 120
-3.6458 0.6711 -1.4473 80 200 120
-2.0785 -0.7031 -1.4067 80 200 120
-3.3831 1.7033 -1.2210 80 200 120
-2.0216 -0.0262 -1.4245 80 200 120
-4.0811 1.3193 -1.3167 80 200 120
-3.0423 1.5344 -1.4396 80 200 120
-2.9443 1.6615 -0.9579 80 200 120
-0.8827 -0.7465 -0.5335 80 200 120
-2.2544 -0.4362 -1.0337 80 200 120
-2.4808 1.5392 -1.0697 80 200 120
-2.2207 -0.4840 -1.4281 80 200 120
-1.7328 -1.1507 -0.4922 80 200 120
-0.8258 -3.4767 -0.7409 80 200 120
-1.3516 -3.2144 -0.7731 80 200 120
-2.4387 1.7597 -0.9408 80 200 120
-3.1865 2.1150 -0.9013 80 200 120
-2.8888 0.7913 -1.4520 80 200 120
-2.4668 2.1309 -0.8762 80 200 120
-2.1749 -2.0011 -0.5587 80 200 120
-1.8406 -1.0675 -0.5392 80 200 120
-2.5924 -0.4023 -0.6648 80 200 120
-1.9589 -0.6828 -0.3722 80 200 120
-1.7147 -0.7026 -0.5139 80 200 120
-2.0399 -0.8938 -0.5186 80 200 120
-2.0400 -0.2810 -1.4223 80 200 120
-2.2353 -0.2602 1.1778 80 200 120
-1.0228 -1.3010 -0.4876 80 200 120
-1.4578 3.1179 1.5498 80 200 120
0.0455 -2.6577 1.5939 80 200 120
-2.8372 -0.3753 -1.0081 80 200 120
-1.3143 -1.2864 -0.4940 80 200 120
-2.3868 1.6931 -0.9068 80 200 120
-2.3647 -0.4170 -1.3105 80 200 120
-0.4581 -3.2367 1.4476 80 200 120
-2.0186 -0.1543 -0.1760 80 200 120
-3.4149 1.7298 -1.1795 80 200 120
-3.1055 1.1306 1.1744 80 200 120
-1.9431 1.3548 1.5440 80 200 120
-4.3768 1.8149 -1.3980 80 200 120
-2.7747 -0.8382 -0.4142 80 200 120
-4.0396 3.1411 -0.2649 80 200 120
-2.8214 -0.1561 -0.7326 80 200 120
-3.5759 -2.9900 -0.7085 80 200 120
-2.4706 -0.1889 -0.3772 80 200 120
-1.2469 -3.0053 -0.7190 80 200 120
-1.4890 -1.2987 -0.4874 80 200 120
-1.8037 -1.3215 -0.5015 80 200 120
-3.7125 3.2608 -0.8215 80 200 120
-3.7043 1.5645 -1.5386 80 200 120
-2.0423 -0.5623 1.5294 80 200 120
-4.5740 -3.0515 1.7524 80 200 120
-3.5826 1.7038 -1.2050 80 200 120
-4.5349 -0.5835 1.3118 80 200 120
-1.7896 -0.7039 -0.5162 80 200 120
-1.9432 -3.2771 -1.4465 80 200 120
-2.4330 -0.2380 -1.2594 80 200 120
-0.2826 -3.0385 1.5442 80 200 120
-3.8450 -3.4124 -1.0686 80 200 120
-2.0862 3.0345 1.4430 80 200 120
-4.6080 -2.4881 1.3851 80 200 120
-2.4057 -3.3240 -1.3894 80 200 120
-1.1927 -2.8069 -0.5922 80 200 120
0.0462 -2.5357 1.5105 80 200 120
-2.8708 -0.9195 -0.5084 80 200 120
-4.1926 -3.3439 -1.4236 80 200 120
-1.0457 -2.8609 -0.6761 80 200 120
-2.7338 -0.8260 -0.4066 80 200 120
-0.9077 -2.8711 -0.6064 80 200 120
-2.1471 1.8835 1.5035 80 200 120
-1.8945 -0.7781 -0.5384 80 200 120
-2.8924 -3.3572 -1.4886 80 200 120
-4.4293 0.3793 0.4236 80 200 120
-3.3426 -3.1472 -1.3831 80 200 120
-2.4728 -0.6569 -0.4218 80 200 120
-1.8410 3.1423 1.0261 80 200 120
-3.4529 3.1788 -0.2724 80 200 120
-3.3971 -3.3107 -0.4230 80 200 120
-2.0668 -0.9027 -0.5634 80 200 120
-1.7961 -1.2930 -0.4929 80 200 120
-2.2994 3.1338 0.6041 80 200 120
-2.1093 3.0834 0.7985 80 200 120
-3.9634 -3.2720 -0.7481 80 200 120
-2.0819 0.8445 1.4686 80 200 120
-4.1588 2.1411 -0.7990 80 200 120
-4.2110 -2.4753 0.9183 80 200 120
-4.5120 -1.4273 -0.4106 80 200 120
-1.5861 -3.3377 -0.2555 80 200 120
-2.5373 -2.6686 -1.4915 80 200 120
-0.6335 -3.3280 1.4609 80 200 120
-1.9989 -0.1414 -0.1899 80 200 120
-2.3109 -0.1570 1.0586 80 200 120
-4.3577 -0.0664 0.5476 80 200 120
-1.0299 -3.4148 1.3168 80 200 120
-4.0402 2.4892 -0.5194 80 200 120
-1.5085 -2.7140 -0.6516 80 200 120
-4.1181 -2.7874 -1.3507 80 200 120
-3.8571 -0.3662 1.4726 80 200 120
-4.3826 -2.4512 -0.8482 80 200 120
-0.5529 -0.7690 1.5033 80 200 120
-3.1344 -2.5726 -1.4714 80 200 120
-3.5346 1.4546 0.2312 80 200 120
-3.3755 0.3130 -0.7585 80 200 120
-4.5692 -3.5490 1.3505 80 200 120
-0.2646 -3.0011 1.5252 80 200 120
-2.3046 0.3048 0.8797 80 200 120
-2.1269 -0.0021 0.6288 80 200 120
-1.5428 -2.7829 -0.6854 80 200 120
-4.1874 -3.1234 -1.3473 80 200 120
-3.1403 -2.3268 -1.4359 80 200 120
-2.7860 -2.8467 -1.4716 80 200 120
-3.4219 -2.2159 -1.4648 80 200 120
-2.0369 0.0510 1.3068 80 200 120
-4.2728 -1.7949 -1.3520 80 200 120
-4.2452 -2.4811 -1.4044 80 200 120
-4.2909 -2.1555 -1.3634 80 200 120
-3.8672 -2.6041 -1.2110 80 200 120
-4.3345 0.9828 0.3052 80 200 120
-3.1718 2.6838 1.3582 80 200 120
-2.1852 -0.4834 -0.7255 80 200 120
-2.3080 -0.5543 -0.4108 80 200 120
-1.8708 -0.9200 -0.5985 80 200 120
-4.5128 -1.5672 -1.4459 80 200 120
-4.2109 -0.6782 -0.4031 80 200 120
-2.3700 0.3378 0.5473 80 200 120
-4.2678 -2.8321 -1.3708 80 200 120
-4.3445 -2.0236 -1.6586 80 200 120
-2.3714 -0.0550 -0.4287 80 200 120
-4.2930 -1.2740 -1.3999 80 200 120
-2.4725 -0.3326 -0.4876 80 200 120
-2.9209 -3.3108 -1.4527 80 200 120
-3.8500 -2.1583 -1.5457 80 200 120
-2.2534 0.4560 1.0649 80 200 120
-0.5415 -1.1194 1.5312 80 200 120
-4.4733 0.5868 0.8116 80 200 120
-2.8933 -0.6590 -0.3641 80 200 120
-3.9218 -3.1705 -1.3347 80 200 120
-3.5490 -3.2166 -1.3066 80 200 120
-3.1351 -3.2160 -1.4127 80 200 120
-4.0445 -2.7593 -1.6102 80 200 120
-3.0257 -2.1490 -1.4913 80 200 120
-4.1955 -3.3292 1.5877 80 200 120
-2.4058 -0.8639 -0.4617 80 200 120
-4.4959 -0.4420 1.0190 80 200 120
-2.7171 -3.3884 -0.0138 80 200 120
-4.4094 -0.9712 -1.4051 80 200 120
-4.8298 -2.0301 -1.6175 80 200 120
-4.5162 -3.4078 -1.5666 80 200 120
-4.7465 -1.5312 -1.6057 80 200 120
-3.1171 -3.2780 -1.4249 80 200 120
-4.5383 -2.7472 -1.5012 80 200 120
-2.8653 -0.6365 -0.3821 80 200 120
-4.5076 -3.0542 -1.4921 80 200 120
-4.1614 -1.3792 -1.6293 80 200 120
-3.7763 -2.1302 -1.5222 80 200 120
-4.4843 -1.2191 -1.3925 80 200 120
-3.2527 -2.3588 -1.4268 80 200 120
-2.6250 3.1128 1.0720 80 200 120
-2.4018 -0.0575 0.8934 80 200 120
-3.6524 -1.8278 -1.5314 80 200 120
-3.7490 -2.7377 -1.5027 80 200 120
-4.5366 1.6959 -0.3533 80 200 120
-4.5219 1.4840 0.5587 80 200 120
-1.9760 -3.4109 -0.3212 80 200 120
-3.8534 -3.3427 -1.7347 80 200 120
-2.3528 2.9793 1.4141 80 200 120
-4.7451 -2.5172 -1.6063 80 200 120
-4.2031 -3.2416 0.2712 80 200 120
-4.1498 2.0331 1.3877 80 200 120
-3.7777 -2.3482 -1.5675 80 200 120
-0.4558 -3.5646 1.0667 80 200 120
0.0307 -2.5297 1.5031 80 200 120
-2.7440 -0.2704 1.5476 80 200 120
-0.2806 -2.9806 1.5065 80 200 120
-4.5308 -1.5816 0.4967 80 200 120
-4.4529 -1.8564 -1.7129 80 200 120
-3.6666 -3.5151 -1.5820 80 200 120
-3.8278 -3.3808 -1.1682 80 200 120
-2.2779 -0.1807 1.4470 80 200 120
-2.4201 -0.0395 0.3085 80 200 120
-2.1546 -0.2444 1.5206 80 200 120
-2.6833 2.0417 1.4613 80 200 120
-2.6592 2.7799 1.4033 80 200 120
-3.3483 -1.2672 1.4972 80 200 120
-4.2249 0.4383 1.5019 80 200 120
-4.4163 1.5432 1.4990 80 200 120
-4.9195 -1.7423 -1.6064 80 200 120
-1.2055 -3.4304 1.4689 80 200 120
-3.6300 0.7047 1.4712 80 200 120
-4.8284 -3.6971 -1.7557 80 200 120
-4.4654 -0.8379 -1.4195 80 200 120
-2.8375 -0.5025 -0.3923 80 200 120
-4.1889 -1.5851 1.5975 80 200 120
-2.6363 0.2339 0.5863 80 200 120
-3.4411 -3.4511 -1.0196 80 200 120
-2.3462 -0.1184 1.3230 80 200 120
-3.9225 -1.1983 1.4788 80 200 120
-2.7981 -3.5535 0.3739 80 200 120
-1.3503 0.8743 1.5834 80 200 120
-1.4581 -3.4861 1.0729 80 200 120
-4.5969 -3.3611 -0.6871 80 200 120
-3.1922 -0.8372 -0.4885 80 200 120
-4.1737 1.7042 1.6317 80 200 120
-2.9742 0.3882 1.5216 80 200 120
-3.8537 -2.2722 1.5962 80 200 120
-2.4557 -3.3329 1.6124 80 200 120
-2.5257 -2.4053 1.6135 80 200 120
-4.5677 -1.5301 1.0181 80 200 120
-4.4892 2.6850 0.6441 80 200 120
-4.3997 2.4107 1.1206 80 200 120
-5.0120 -1.7123 -1.7565 80 200 120
-4.6470 -3.3530 -1.4969 80 200 120
-1.6394 0.2599 1.5425 80 200 120
-3.3401 -0.4017 1.5326 80 200 120
-2.1076 0.0019 1.1250 80 200 120
-1.6834 -3.1084 1.5692 80 200 120
-2.1877 -1.6622 1.5649 80 200 120
-4.1521 3.0873 1.4174 80 200 120
-2.3310 0.8200 0.7809 80 200 120
-2.3207 0.8324 1.0529 80 200 120
-3.1709 -3.4106 1.5815 80 200 120
-4.1199 -0.8536 1.4972 80 200 120
-4.3941 -1.5185 0.6980 80 200 120
-4.4879 -3.2296 1.4743 80 200 120
-4.3292 -3.4874 -0.5800 80 200 120
-4.4418 3.3157 0.8967 80 200 120
-4.8582 -1.9206 -1.3389 80 200 120
-1.7239 2.0430 1.4970 80 200 120
-4.4678 -1.2684 0.1235 80 200 120
-3.2282 -2.4576 1.5530 80 200 120
-3.0379 -3.4038 -0.0755 80 200 120
-4.4845 -1.0080 0.8463 80 200 120
-4.0934 -3.4964 0.8761 80 200 120
-4.5411 -3.0753 0.1908 80 200 120
-3.5057 -3.3036 1.5387 80 200 120
-3.8349 -1.8074 1.5570 80 200 120
-4.3073 -2.0587 0.3215 80 200 120
-3.3205 -0.8747 1.5277 80 200 120
-2.9387 -1.3325 1.5826 80 200 120
-4.4443 -1.3921 1.3266 80 200 120
-1.2682 -3.4659 1.4999 80 200 120
-4.2776 3.1308 0.1221 80 200 120
-4.6833 -2.9926 -0.3736 80 200 120
-4.5492 0.5664 -0.6445 80 200 120
-4.5435 -0.6256 -0.3804 80 200 120
-3.2613 -0.6834 1.5633 80 200 120
-2.1715 -3.4781 0.2891 80 200 120
-4.4142 -1.1570 0.5373 80 200 120
-4.6163 -3.2256 -0.2874 80 200 120
-2.0243 2.9893 1.3920 80 200 120
-1.2538 1.0927 1.4276 80 200 120
-2.1971 0.5940 0.8585 80 200 120
-3.9129 3.3046 0.7442 80 200 120
-3.0304 1.2103 1.4863 80 200 120
-4.3371 2.0710 0.3480 80 200 120
-4.5303 -0.8247 0.7070 80 200 120
-2.3995 -3.3567 0.9519 80 200 120
-4.5274 -0.1630 0.0493 80 200 120
-4.6996 -1.8458 1.1205 80 200 120
-4.5338 1.8997 1.1766 80 200 120
-4.3199 3.4100 0.1384 80 200 120
-2.1228 1.6113 0.9477 80 200 120
-3.4230 -2.7882 1.6110 80 200 120
-1.8328 0.3919 1.3439 80 200 120
-1.9912 0.0681 1.3072 80 200 120
-2.0368 -0.0397 1.4389 80 200 120
-1.3245 1.9902 1.5556 80 200 120
-4.3368 0.5141 0.4415 80 200 120
-1.7063 -0.2944 1.5408 80 200 120
-2.4948 0.2182 0.8350 80 200 120
-4.3446 0.9006 1.4212 80 200 120
-2.1999 -0.1860 0.9681 80 200 120
-4.7431 2.9543 1.2121 80 200 120
-2.0702 0.3211 1.0653 80 200 120
-4.7587 3.2013 0.6991 80 200 120
-3.5020 1.6627 1.5856 80 200 120
-4.5318 0.5299 -0.6077 80 200 120
-1.3313 0.2255 1.4783 80 200 120
-3.9576 3.7508 1.6576 80 200 120
-4.5151 -1.3846 -0.1544 80 200 120
-4.6381 2.5447 0.3446 80 200 120
-5.6286 5.1193 -1.0296 80 200 120
-4.5653 1.6532 -0.3192 80 200 120
-1.9224 0.2356 1.1433 80 200 120
-1.9266 1.3143 0.7706 80 200 120
-3.9705 3.6456 -0.0179 80 200 120
-1.9810 0.8946 0.9611 80 200 120
-2.4603 0.2547 0.8927 80 200 120
-4.5017 3.4758 0.4864 80 200 120
-3.3296 3.4069 1.3207 80 200 120
-4.4999 0.6727 0.4430 80 200 120
-4.7331 -1.3786 -0.4913 80 200 120
-4.5677 1.4937 0.5376 80 200 120
-3.9287 -3.3296 1.0858 80 200 120
-2.0641 -0.4544 1.5938 80 200 120
-2.0011 0.0489 1.1534 80 200 120
-4.1355 -2.8544 1.5116 80 200 120
-4.6767 -0.5030 1.3511 80 200 120
-1.4028 3.3504 1.4705 80 200 120
-2.5313 0.7981 0.6662 80 200 120
-2.0401 0.0648 1.0137 80 200 120
-1.3003 0.2688 1.5141 80 200 120
-3.2704 -3.1921 1.5736 80 200 120
-2.3654 -0.1500 0.9553 80 200 120
-4.6813 -2.4777 1.4003 80 200 120
-4.4239 -0.9746 1.5378 80 200 120
-4.3921 -0.6774 -0.3761 80 200 120
-3.5711 3.4133 0.3385 80 200 120
-2.0100 0.1766 0.6600 80 200 120
-4.3149 -1.2922 1.5634 80 200 120
-4.6212 0.4804 0.4287 80 200 120
-2.9963 2.9457 0.0190 80 200 120
-2.5013 0.7604 0.6973 80 200 120
-2.8734 3.1085 0.5622 80 200 120
-2.0131 0.1787 0.8363 80 200 120
-4.9315 2.4841 1.3800 80 200 120
-4.3826 -0.4113 0.2936 80 200 120
-4.8427 2.9007 0.3353 80 200 120
-4.7842 -2.6159 1.0278 80 200 120
-2.3901 -0.0580 1.1169 80 200 120
-4.0013 -0.3135 1.5151 80 200 120
-4.6057 2.6384 -0.9176 80 200 120
-0.4464 1.2814 1.6662 80 200 120
-4.9366 4.8771 -0.0746 80 200 120
-1.6316 0.8799 1.2102 80 200 120
-1.7252 1.3882 1.1586 80 200 120
-2.2018 -0.1736 0.9575 80 200 120
-3.1788 -3.3269 1.4673 80 200 120
-4.4434 -1.4192 -0.3916 80 200 120
-4.7571 -0.5236 -0.4613 80 200 120
-4.7408 1.9494 -0.4953 80 200 120
-4.5034 0.2513 1.3596 80 200 120
-4.3991 -3.3945 1.2584 80 200 120
-4.0531 3.3042 -0.6866 80 200 120
-3.3240 3.6500 0.6870 80 200 120
-4.5508 0.5509 -0.6124 80 200 120
-2.9488 3.3484 -0.0555 80 200 120
-2.0726 -0.1283 1.2444 80 200 120
-4.3693 0.9012 0.3145 80 200 120
-4.7005 -3.4616 0.2643 80 200 120
-4.4542 3.7127 0.0166 80 200 120
-1.3227 1.1448 1.6184 80 200 120
-4.2624 2.2338 -0.4321 80 200 120
-3.4737 2.8866 -0.2051 80 200 120
-4.5646 -3.0303 0.2042 80 200 120
-0.6829 3.4467 1.2844 80 200 120
-2.0603 -0.2092 0.7416 80 200 120
-3.9944 -1.0519 1.5584 80 200 120
-4.5183 -0.0448 0.5775 80 200 120
-4.1478 1.3906 -0.5423 80 200 120
-1.5336 1.3975 0.8764 80 200 120
-4.6349 -0.7949 0.7437 80 200 120
-4.3259 1.2526 -0.3038 80 200 120
-4.7869 -1.3671 -0.5332 80 200 120
-2.6989 0.4518 1.5830 80 200 120
-4.5235 0.5781 0.8179 80 200 120
-4.0054 -3.3807 1.1138 80 200 120
-3.8340 -3.0973 1.5175 80 200 120
-3.3476 -3.3238 1.4831 80 200 120
-3.2037 -3.0857 1.4934 80 200 120
-4.1943 -3.3009 1.4855 80 200 120
-4.5605 -0.2818 0.8490 80 200 120
-3.0167 3.9270 1.5947 80 200 120
-4.5686 -3.3899 0.2626 80 200 120
-4.5492 -0.3117 1.4900 80 200 120
-4.8454 -3.1966 0.2004 80 200 120
-4.5754 -0.4047 1.0437 80 200 120
-2.9815 3.8536 1.1433 80 200 120
-2.3762 -0.1830 0.7938 80 200 120
-2.3850 0.0351 0.6626 80 200 120
-4.2934 3.3931 0.0442 80 200 120
-1.3784 1.4233 0.9424 80 200 120
-3.3841 2.4144 -0.1474 80 200 120
-4.2458 1.7463 0.3282 80 200 120
-4.7779 -1.1508 0.1115 80 200 120
-3.9370 -0.5726 1.5425 80 200 120
-2.6358 2.5052 1.5234 80 200 120
-3.6508 0.9427 -0.1626 80 200 120
-2.0856 -0.2336 0.8872 80 200 120
-16.5588 26.9517 -8.1619 80 200 120
-3.4088 -3.4316 1.5405 80 200 120
-4.1568 0.8882 -0.7529 80 200 120
-2.1612 -0.5105 0.6771 80 200 120
-2.3862 -0.1481 0.7901 80 200 120
-2.3858 -0.0175 0.9634 80 200 120
-4.0361 2.8873 -0.5423 80 200 120
-2.2290 3.4135 0.6189 80 200 120
-2.9269 3.3283 -0.0886 80 200 120
-2.3767 0.9678 0.2871 80 200 120
-3.3021 3.4722 0.0242 80 200 120
-3.5485 0.4190 1.5917 80 200 120
-4.5038 2.5727 1.5105 80 200 120
-2.8033 -0.2651 1.5611 80 200 120
-4.6575 -1.5636 0.5160 80 200 120
-1.7850 0.3431 1.0348 80 200 120
-5.7341 1.8470 -1.2050 80 200 120
-3.2477 2.2706 1.5458 80 200 120
-2.3136 -0.2064 1.5130 80 200 120
-2.6045 3.0953 0.8660 80 200 120
-2.2040 -0.1537 1.0531 80 200 120
-2.1932 -0.2479 1.5438 80 200 120
-3.4324 -1.2330 1.5506 80 200 120
-4.4482 0.6561 1.6011 80 200 120
-4.4670 1.5104 1.4876 80 200 120
-2.9646 3.2351 1.0754 80 200 120
-2.7043 2.7462 1.5853 80 200 120
-4.3152 -1.9643 1.5359 80 200 120
-2.2268 -0.6432 0.6169 80 200 120
-2.4011 -0.1741 0.7975 80 200 120
-4.5519 0.2762 0.6772 80 200 120
-2.3618 0.2767 0.6050 80 200 120
-3.7520 0.8555 1.5327 80 200 120
-4.1791 -1.5854 1.5466 80 200 120
-2.3627 0.0231 1.3973 80 200 120
-4.1789 -3.2866 1.4810 80 200 120
-4.5038 -3.3038 1.4728 80 200 120
-2.2703 3.8993 0.1763 80 200 120
-2.7690 3.0236 1.3137 80 200 120
-3.4870 2.8796 0.3600 80 200 120
-6.6335 11.9412 -3.9317 80 200 120
-3.8585 -3.1202 1.5428 80 200 120
-2.4191 2.8270 1.1398 80 200 120
-4.5305 0.5470 -0.0128 80 200 120
-4.1666 1.6029 1.6028 80 200 120
-3.0126 0.3937 1.5375 80 200 120
-6.4180 8.3955 -3.3224 80 200 120
-4.4784 -0.5629 1.5597 80 200 120
-4.4990 1.3917 0.8297 80 200 120
-3.5104 -2.6250 1.5665 80 200 120
-3.4401 -3.5082 1.5828 80 200 120
-2.2311 1.2496 0.9550 80 200 120
-4.6708 -1.5060 1.0425 80 200 120
-3.4026 -0.3359 1.5758 80 200 120
-2.3715 0.1042 0.3427 80 200 120
-3.7488 3.5269 -0.8805 80 200 120
-4.8179 1.1683 -1.0644 80 200 120
-2.0357 -0.1918 0.6003 80 200 120
-2.9175 2.9002 0.2383 80 200 120
-4.2859 3.2402 1.4400 80 200 120
-3.3105 3.2500 -0.9785 80 200 120
-2.4097 -0.2054 0.6507 80 200 120
-3.0649 8.0772 -1.4058 80 200 120
-2.6406 1.2152 1.5794 80 200 120
-4.6833 1.8339 -0.3400 80 200 120
-3.6774 0.9517 -0.1444 80 200 120
-2.2571 2.8914 1.4578 80 200 120
-3.8004 -1.8420 1.5406 80 200 120
-2.0314 2.4951 0.9326 80 200 120
-4.2169 -0.8188 1.5515 80 200 120
-3.2770 1.6807 -0.7144 80 200 120
-4.3273 3.2563 0.0389 80 200 120
-2.3269 0.2433 1.3859 80 200 120
-5.1096 2.9145 -1.8908 80 200 120
-4.2313 2.6451 0.8165 80 200 120
-4.0805 -3.5037 1.1621 80 200 120
-4.6456 -3.2735 1.5057 80 200 120
-3.2302 -3.3528 1.5170 80 200 120
-4.6455 -0.9616 0.8826 80 200 120
-3.3252 -0.8645 1.5449 80 200 120
-3.2513 -0.7147 1.5457 80 200 120
-2.3750 0.1133 1.5004 80 200 120
-2.9301 3.2047 0.0403 80 200 120
-4.3673 3.9905 -0.7777 80 200 120
-4.5820 -0.2677 0.2778 80 200 120
-4.7039 3.0527 1.1867 80 200 120
-4.2265 -3.3164 1.5118 80 200 120
-4.5333 2.5714 -1.5050 80 200 120
-3.4182 1.5047 0.1265 80 200 120
-3.5781 3.2645 0.3506 80 200 120
-3.8947 3.1050 0.7362 80 200 120
-3.1095 1.3212 1.5274 80 200 120
-4.6450 -1.8523 1.0903 80 200 120
-4.5304 2.6764 0.6768 80 200 120
-4.3755 2.1299 -0.7395 80 200 120
-4.3463 2.9977 0.4970 80 200 120
-4.4544 3.2664 0.9078 80 200 120
-4.0561 0.2773 -0.5757 80 200 120
-2.1310 2.8182 0.2962 80 200 120
-4.2927 2.8846 -1.2688 80 200 120
-1.9652 2.9165 0.9937 80 200 120
-2.1746 0.7908 0.8310 80 200 120
-2.3536 3.2158 -0.0067 80 200 120
-2.2946 0.3475 1.0954 80 200 120
-3.7700 4.3857 -0.3899 80 200 120
-4.5356 1.9181 -1.3571 80 200 120
-1.8513 3.0954 0.6300 80 200 120
-2.2924 0.3179 1.4413 80 200 120
-2.2785 0.2926 1.2502 80 200 120
-3.2924 1.7369 -1.0229 80 200 120
-4.4192 0.9625 1.4815 80 200 120
-4.1432 0.7316 -1.1535 80 200 120
-4.2972 0.6651 -1.2397 80 200 120
-3.3867 4.4938 -2.0910 80 200 120
-2.9173 2.5487 -1.1069 80 200 120
-2.3368 0.1261 0.8470 80 200 120
-1.5132 3.7101 -0.1246 80 200 120
-2.2377 2.8788 -0.3511 80 200 120
-4.2435 1.1095 -1.1390 80 200 120
-3.5213 1.7377 1.6097 80 200 120
-3.7912 2.8347 1.4722 80 200 120
-4.1168 3.9967 -1.9714 80 200 120
-1.6722 3.3792 1.5281 80 200 120
-3.9148 1.5571 -1.4363 80 200 120
-1.6067 2.5806 0.6076 80 200 120
-2.5828 1.9907 1.5480 80 200 120
-2.2545 0.3126 1.2099 80 200 120
-4.0640 1.0652 -1.2536 80 200 120
-2.3509 0.1254 1.4338 80 200 120
-2.2391 0.9712 1.5327 80 200 120
-4.3149 -2.9863 1.7300 80 200 120
-1.3200 5.0377 -1.0377 80 200 120
-4.0638 2.1758 -1.3137 80 200 120
-3.1174 2.3939 -0.6878 80 200 120
-4.5579 1.6410 -0.3242 80 200 120
-4.0556 -0.7067 1.5376 80 200 120
-1.9250 3.2450 1.0237 80 200 120
-4.2278 3.4764 -0.6615 80 200 120
-4.5761 2.6588 -0.5655 80 200 120
-3.9783 1.2478 -1.3369 80 200 120
-3.3178 3.1784 1.3007 80 200 120
-4.5290 0.7032 0.4483 80 200 120
-5.2372 1.2458 -2.0241 80 200 120
-3.7646 2.5668 -1.6926 80 200 120
-4.6446 2.2790 -0.7247 80 200 120
-4.6828 -2.4062 1.4234 80 200 120
-4.2661 0.9470 -1.2881 80 200 120
-4.7033 1.0340 -1.6106 80 200 120
-3.0288 2.0310 -1.0524 80 200 120
-2.1039 3.0527 0.2786 80 200 120
-4.6646 -0.5109 1.3325 80 200 120
-2.5621 0.9488 -0.5061 80 200 120
-1.9724 3.2862 0.7126 80 200 120
-1.6033 3.3809 -0.1151 80 200 120
-3.8447 3.3765 -0.0074 80 200 120
-3.6987 1.5204 -1.3625 80 200 120
-4.4752 -1.8583 1.5485 80 200 120
-2.3827 1.5550 1.5396 80 200 120
-4.5476 0.4049 0.9463 80 200 120
-4.5630 0.5699 -0.6009 80 200 120
-4.4701 -0.9822 1.5551 80 200 120
-4.3094 -1.2926 1.5473 80 200 120
-3.8108 2.6889 -1.5193 80 200 120
-4.3102 4.2389 -1.4876 80 200 120
-3.9619 1.2456 -1.1642 80 200 120
-3.1402 3.6356 0.3965 80 200 120
-1.4154 3.8289 -0.5155 80 200 120
-3.4457 2.5731 -1.0613 80 200 120
-4.5992 0.4575 0.4206 80 200 120
-2.6163 0.9849 -0.6334 80 200 120
-2.9061 3.6657 0.6368 80 200 120
-4.6572 2.0464 1.2493 80 200 120
-0.7652 3.5136 0.9275 80 200 120
-3.5431 1.7984 -1.3542 80 200 120
-3.7915 3.6708 -0.9164 80 200 120
-1.8914 3.5786 -0.8968 80 200 120
-1.1507 3.2282 1.5003 80 200 120
-1.3412 4.0532 1.0540 80 200 120
-2.2719 0.9530 1.5005 80 200 120
-1.0682 2.6354 1.1260 80 200 120
-3.2184 3.2726 -0.9196 80 200 120
-2.4463 3.2408 -0.3494 80 200 120
