# timestamp tx ty tz qx qy qz qw
1.520530308199447632e+09 0.000000000000000000e+00 0.000000000000000000e+00 0.000000000000000000e+00 1.775170671832456163e-03 6.343944913180635074e-03 -0.000000000000000000e+00 9.999783013305960644e-01
1.520530308249448776e+09 3.847796688205562532e-05 1.074458123184740543e-04 -1.285504549741744995e-05 3.311809557002850287e-03 4.154991281959025812e-03 5.437214176567643645e-04 9.999857360642324666e-01
1.520530308299450636e+09 -5.817884084535762668e-05 3.863618185278028250e-04 -5.836989730596542358e-04 4.992585409832814292e-03 4.119476122433778781e-03 1.803467320189936418e-03 9.999774255017096491e-01
1.520530308349502563e+09 1.280298311030492187e-04 8.342657820321619511e-04 -1.219552010297775269e-03 7.272318831851053156e-03 2.522165223469779831e-03 3.170046240916649192e-03 9.999653508338294250e-01
1.520530308399504662e+09 -8.760098717175424099e-04 -1.812461763620376587e-03 -2.100425808748695999e-05 1.180887215042773775e-02 4.952474541942379974e-03 3.362185501612075834e-03 9.999123557807949592e-01
1.520530308449504614e+09 -1.457540085539221764e-03 -2.734693000093102455e-03 -3.175150050083175302e-05 1.333369006583145014e-02 3.469932507343789167e-03 2.157932881547303464e-03 9.999027530731683377e-01
1.520530308499506474e+09 -2.123304177075624466e-03 -4.624556284397840500e-03 -9.593705181032419205e-05 1.285896231233208536e-02 2.986546762515230290e-03 -2.084742247062697663e-03 9.999106867497958850e-01
1.520530308549507618e+09 -3.487075679004192352e-03 -7.155529223382472992e-03 -9.562030318193137646e-04 9.819293686005838712e-03 5.793634424485771817e-03 -8.615189601734256700e-03 9.998978916768400671e-01
1.520530308599509716e+09 -5.074949469417333603e-03 -9.863922372460365295e-03 -2.037606667727231979e-03 4.655600862047493474e-03 6.941376061548581305e-03 -1.319866032074718323e-02 9.998779615756729910e-01
1.520530308649555445e+09 -5.700708366930484772e-03 -1.152201648801565170e-02 -2.411139430478215218e-03 2.288123625922379879e-03 6.132666417822670718e-03 -1.233803280079920697e-02 9.999024591626358704e-01
1.520530308699512720e+09 -5.198987666517496109e-03 -1.176725234836339951e-02 -2.589187817648053169e-03 2.895160476117925822e-03 6.525513951636255187e-03 -1.030042172415446787e-02 9.999214654290551341e-01
1.520530308749559164e+09 -4.591315053403377533e-03 -1.197064574807882309e-02 -2.899857703596353531e-03 6.811856018629251601e-03 7.046864550686096455e-03 -9.831253975694953517e-03 9.999036387386792679e-01
1.520530308799560070e+09 -4.410661291331052780e-03 -1.244121603667736053e-02 -2.331184688955545425e-03 1.080239205164091991e-02 3.062085519664282940e-03 -1.020813559844185002e-02 9.998848563338864626e-01
1.520530308849561930e+09 -3.400627756491303444e-03 -1.209726836532354355e-02 -1.429046969860792160e-03 1.429070595931320950e-02 -1.671103958907751335e-03 -6.691682479869322242e-03 9.998740943340473919e-01
1.520530308899563074e+09 -2.462130039930343628e-03 -1.143458206206560135e-02 -4.137591749895364046e-04 1.625950759064491088e-02 -4.377179147405172409e-03 -3.555069077010844861e-03 9.998519041335467428e-01
1.520530308949564934e+09 -2.060084370896220207e-03 -1.118565816432237625e-02 3.346193698234856129e-04 1.582917130654547255e-02 -4.111318207049827027e-03 -1.887989964393778884e-03 9.998644757627119795e-01
1.520530308999567032e+09 -1.662499504163861275e-03 -1.116943545639514923e-02 1.345064840279519558e-03 1.453316088242659690e-02 -4.307016364431706483e-03 -1.087461389423384451e-03 9.998845204685030685e-01
1.520530309049568176e+09 -1.025093486532568932e-03 -1.115842536091804504e-02 2.247116994112730026e-03 1.429928428319111357e-02 -5.208617528635532505e-03 -1.529835489530366336e-03 9.998830233461331041e-01
1.520530309099570036e+09 -2.209072044934146106e-05 -1.104398723691701889e-02 2.948593581095337868e-03 1.472443225178155825e-02 -5.709421262610696324e-03 -2.391164152257495117e-03 9.998724298317789305e-01
1.520530309149567366e+09 1.342123257927596569e-03 -1.027405448257923126e-02 4.096488002687692642e-03 1.437646590781708512e-02 -7.982488580195672145e-03 -1.329968543445287851e-03 9.998639048829305320e-01
1.520530309199582577e+09 2.712150802835822105e-03 -9.360677562654018402e-03 5.890236236155033112e-03 1.331621413864906601e-02 -1.098022241874753446e-02 -1.239500828459366363e-03 9.998502771887123330e-01
1.520530309249583483e+09 3.670170903205871582e-03 -8.943015709519386292e-03 7.312108762562274933e-03 1.316077939264747448e-02 -1.366471059683121644e-02 -2.539116006487551931e-03 9.998167944478570934e-01
1.520530309299585581e+09 4.669014364480972290e-03 -8.602453395724296570e-03 8.225550875067710876e-03 1.369972637921901097e-02 -1.646005271716442439e-02 -2.298629949068918023e-03 9.997680233244309322e-01
1.520530309349586487e+09 5.657267756760120392e-03 -7.975550368428230286e-03 8.791452273726463318e-03 1.439187868188840196e-02 -1.825514816173920071e-02 -3.947541425739376094e-04 9.997296972495944845e-01
1.520530309399588585e+09 6.569459568709135056e-03 -7.245476357638835907e-03 8.706812746822834015e-03 1.622415671345475013e-02 -1.885525468841693295e-02 1.957712885394972957e-03 9.996886632696354580e-01
1.520530309449590683e+09 7.558654993772506714e-03 -6.378837395459413528e-03 8.059900254011154175e-03 1.889269684198571428e-02 -1.746300315546766083e-02 3.917177901075620354e-03 9.996613252717744258e-01
1.520530309499591589e+09 8.614305406808853149e-03 -5.437517538666725159e-03 7.435617968440055847e-03 2.126623912044653050e-02 -1.535761061322892841e-02 4.893133070228245125e-03 9.996439106595316204e-01
1.520530309549593687e+09 9.858710691332817078e-03 -4.811248276382684708e-03 7.436138112097978592e-03 2.150337220039913455e-02 -1.526377262817357923e-02 6.143002794415733554e-03 9.996333756662161285e-01
1.520530309599596977e+09 1.105007994920015335e-02 -4.538380075246095657e-03 7.713117171078920364e-03 2.059757420704886460e-02 -1.686248658103293302e-02 6.796083074758605194e-03 9.996225336285344820e-01
1.520530309649599075e+09 1.225286442786455154e-02 -4.174998961389064789e-03 8.112045004963874817e-03 2.034279879634013147e-02 -1.751910885873350990e-02 7.435251919470638876e-03 9.996119088880552894e-01
1.520530309699599981e+09 1.371126808226108551e-02 -3.424766007810831070e-03 8.236514404416084290e-03 2.148171969963637296e-02 -1.661041671781411308e-02 9.610900194108828315e-03 9.995850440921301150e-01
1.520530309749601841e+09 1.498148310929536819e-02 -2.531035104766488075e-03 8.470926433801651001e-03 2.256900836156407186e-02 -1.501053739851387729e-02 1.086250425837019876e-02 9.995735738952986615e-01
1.520530309799602985e+09 1.604173704981803894e-02 -1.659973640926182270e-03 8.880630135536193848e-03 2.257997521112413072e-02 -1.438719672417029111e-02 1.265863689643887714e-02 9.995613598983352777e-01
1.520530309849604845e+09 1.664245128631591797e-02 -8.521816926077008247e-04 9.342416189610958099e-03 2.205714554461896820e-02 -1.319395547188416569e-02 1.372933928539464381e-02 9.995753633979860275e-01
1.520530309899606228e+09 1.703736372292041779e-02 -2.209798258263617754e-04 9.754315949976444244e-03 2.123686717780445127e-02 -1.112492961248852039e-02 1.467805072939458617e-02 9.996048150346090733e-01
1.520530309949608088e+09 1.726103946566581726e-02 4.702102451119571924e-04 1.021367590874433517e-02 2.023388440970674482e-02 -9.664019548707629068e-03 1.553722281350445114e-02 9.996278264209638165e-01
1.520530309999621868e+09 1.735341176390647888e-02 1.037516165524721146e-03 1.075993105769157410e-02 1.913188744732786245e-02 -8.326805084932298665e-03 1.513748316264427324e-02 9.996676906869005341e-01
1.520530310049623251e+09 1.709898933768272400e-02 1.324267825111746788e-03 1.130211912095546722e-02 1.775236465556222915e-02 -7.630582726245211875e-03 1.434261697514170597e-02 9.997104166180816875e-01
1.520530310099625111e+09 1.660834811627864838e-02 1.321742427535355091e-03 1.155945193022489548e-02 1.621697743605796452e-02 -6.762697412271852747e-03 1.340223207821803278e-02 9.997557980536397881e-01
1.520530310149627209e+09 1.621692068874835968e-02 1.377406530082225800e-03 1.165191922336816788e-02 1.538650900895053263e-02 -6.468561575162165567e-03 1.365153418878928965e-02 9.997674973042273150e-01
1.520530310199628115e+09 1.609407179057598114e-02 1.875261426903307438e-03 1.189229264855384827e-02 1.596990155875954373e-02 -5.950742133552893755e-03 1.530398918405199635e-02 9.997376349959614661e-01
1.520530310249729156e+09 1.615513116121292114e-02 2.355010015890002251e-03 1.205746736377477646e-02 1.814698811680573801e-02 -5.628023331441342481e-03 1.666911888012672510e-02 9.996805252936707964e-01
1.520530310299631119e+09 1.612716726958751678e-02 2.937783487141132355e-03 1.230343896895647049e-02 2.129335004896119182e-02 -5.478272339281458139e-03 1.863790718439412020e-02 9.995845187835068479e-01
1.520530310349633217e+09 1.621199958026409149e-02 3.394470317289233208e-03 1.225750334560871124e-02 2.418537897329678735e-02 -5.406985302864442296e-03 2.029883405603176080e-02 9.994867629387687025e-01
1.520530310399624825e+09 1.626821048557758331e-02 3.543104277923703194e-03 1.213105488568544388e-02 2.544484456224617788e-02 -5.036975688037817651e-03 2.089245789252080696e-02 9.994451930768042391e-01
1.520530310449626684e+09 1.622766256332397461e-02 3.470429917797446251e-03 1.208121888339519501e-02 2.493973363397773008e-02 -4.163786160548467799e-03 2.077664177438483945e-02 9.994643584078695131e-01
1.520530310499627829e+09 1.619051210582256317e-02 3.192951437085866928e-03 1.243400946259498596e-02 2.361194098632942232e-02 -3.563293337781932996e-03 2.062425064769851657e-02 9.995020857750461785e-01
1.520530310549629688e+09 1.614080555737018585e-02 2.972031477838754654e-03 1.288800220936536789e-02 2.252617291861747778e-02 -2.817620988629527048e-03 2.029448188621152394e-02 9.995362757552000987e-01
1.520530310599631786e+09 1.616122946143150330e-02 2.707624807953834534e-03 1.303506828844547272e-02 2.206451171832701785e-02 -2.610277280744142166e-03 2.011720197390109641e-02 9.995507200537102621e-01
1.520530310649632931e+09 1.624306291341781616e-02 2.538116648793220520e-03 1.305565144866704941e-02 2.271561298153526240e-02 -2.285179655474569617e-03 2.066989777762598055e-02 9.995256546015605092e-01
1.520530310699634790e+09 1.619304157793521881e-02 2.323839114978909492e-03 1.256267167627811432e-02 2.408766535334442085e-02 -1.645806344892976683e-03 2.129487485012760209e-02 9.994816676680056133e-01
1.520530310749635696e+09 1.613082922995090485e-02 2.008164767175912857e-03 1.213195268064737320e-02 2.570547157390648887e-02 -9.397627315385036206e-04 2.178518683607155379e-02 9.994317141314303932e-01
1.520530310799650908e+09 1.579848118126392365e-02 1.792402821592986584e-03 1.176496129482984543e-02 2.719298532664461698e-02 -1.076001079501569214e-03 2.200601038393203146e-02 9.993873719822979895e-01
1.520530310849652052e+09 1.540362462401390076e-02 1.668510260060429573e-03 1.159554719924926758e-02 2.776529533780602507e-02 -2.246332036109802404e-03 2.207573418834862453e-02 9.993681525480152539e-01
1.520530310899653912e+09 1.491220202296972275e-02 1.676189247518777847e-03 1.151552144438028336e-02 2.730071488293746643e-02 -3.613221370818959968e-03 2.171212428080301210e-02 9.993849104611400858e-01
1.520530310949655056e+09 1.431021839380264282e-02 1.302149728871881962e-03 1.123722083866596222e-02 2.665784072071976374e-02 -3.473367362359377087e-03 2.029065682833453704e-02 9.994326312927498401e-01
1.520530310999657154e+09 1.372772175818681717e-02 7.522425148636102676e-04 1.066858787089586258e-02 2.536267041873000935e-02 -1.791591406597095766e-03 1.934663578648963475e-02 9.994894861043850387e-01
1.520530311049659014e+09 1.320086605846881866e-02 4.491246727411635220e-05 1.023401785641908646e-02 2.435840658137743489e-02 -4.042175392224599462e-05 1.854264588174175943e-02 9.995313085034416289e-01
1.520530311099660158e+09 1.287581399083137512e-02 -1.720033324090763927e-04 9.807529859244823456e-03 2.511975157416764318e-02 4.492162531157088971e-04 1.877226485460524452e-02 9.995080781853835639e-01
1.520530311149662018e+09 1.314679626375436783e-02 1.408934076607692987e-05 9.216876700520515442e-03 2.852986370423835419e-02 -7.369299494259240468e-04 2.023135358965085298e-02 9.993879107449707977e-01
1.520530311199671984e+09 1.375568751245737076e-02 4.007017996627837420e-04 8.249673061072826385e-03 3.462396409330341374e-02 -2.618176979907951060e-03 2.243089390668398520e-02 9.991452253092714120e-01
1.520530311249673128e+09 1.435914076864719391e-02 4.689328488893806934e-04 6.955030839890241623e-03 4.074242476131524626e-02 -4.267974510551106500e-03 2.436200202592228581e-02 9.988635202446001227e-01
1.520530311299674988e+09 1.471417304128408432e-02 -3.903506512870080769e-05 5.861472804099321365e-03 4.383408035095286148e-02 -4.095203016050119951e-03 2.468242545612213748e-02 9.987254780897734108e-01
1.520530311349676847e+09 1.484656613320112228e-02 -7.402042974717915058e-04 5.585549864917993546e-03 4.350846831097450462e-02 -3.596508498209040859e-03 2.354137318652548688e-02 9.987691835756388192e-01
1.520530311399677992e+09 1.481360662728548050e-02 -1.353177940472960472e-03 6.128879729658365250e-03 4.035660767975452617e-02 -4.041120180597980623e-03 2.190562213304131020e-02 9.989370136716492210e-01
1.520530311449678898e+09 1.487840153276920319e-02 -1.733786310069262981e-03 6.980045232921838760e-03 3.506578490333506215e-02 -5.419964413711690979e-03 2.063235073079583773e-02 9.991573053419509076e-01
1.520530311499683857e+09 1.494466699659824371e-02 -2.069635316729545593e-03 7.986987940967082977e-03 3.143923708571148140e-02 -6.111168727267968226e-03 1.964423792299418298e-02 9.992939166755095970e-01
1.520530311549683094e+09 1.501813996583223343e-02 -2.344871172681450844e-03 8.391672745347023010e-03 3.127540682238945380e-02 -5.604601060890521645e-03 1.895845329664734569e-02 9.993152727861419615e-01
1.520530311599684000e+09 1.509546395391225815e-02 -2.502935472875833511e-03 8.347057737410068512e-03 3.322182202568218362e-02 -5.138080069549913302e-03 1.938565249622449527e-02 9.992467698981010171e-01
1.520530311649719238e+09 1.537431962788105011e-02 -2.562429290264844894e-03 8.085333742201328278e-03 3.562833641161360088e-02 -5.044160734639343939e-03 1.986628714987100086e-02 9.991548972616322022e-01
1.520530311699720383e+09 1.576149277389049530e-02 -2.615188481286168098e-03 7.649409119039773941e-03 3.734800061799840171e-02 -5.199292920734417851e-03 2.006981064552758667e-02 9.990872318789861817e-01
1.520530311749722242e+09 1.622082851827144623e-02 -2.668772824108600616e-03 7.352486252784729004e-03 3.711440038640520522e-02 -5.903434934877676080e-03 2.015778048185979526e-02 9.990902534936333401e-01
1.520530311799723148e+09 1.674106717109680176e-02 -2.555576385930180550e-03 7.492196280509233475e-03 3.494299166027136500e-02 -6.399066119445118855e-03 1.990102396620296518e-02 9.991706503554463881e-01
1.520530311849725246e+09 1.727344281971454620e-02 -2.502594375982880592e-03 7.929163053631782532e-03 3.242043300395913014e-02 -6.959462312159843574e-03 1.935206663293877888e-02 9.992627176699808711e-01
1.520530311899726152e+09 1.778652705252170563e-02 -2.538382075726985931e-03 8.435532450675964355e-03 3.095065314904033374e-02 -7.161234705278773580e-03 1.920390430324898229e-02 9.993107543935747517e-01
1.520530311949728251e+09 1.821298711001873016e-02 -2.665632404386997223e-03 8.629435673356056213e-03 3.045662052439459741e-02 -6.375341610548972138e-03 1.888404629216912378e-02 9.993373514890840914e-01
1.520530311999729156e+09 1.855755969882011414e-02 -2.935376018285751343e-03 8.733931928873062134e-03 2.966935784653683059e-02 -5.725697222469110920e-03 1.910577925359628268e-02 9.993607530793890970e-01
1.520530312049720764e+09 1.880058646202087402e-02 -3.228514688089489937e-03 8.946764282882213593e-03 2.870809745725091261e-02 -5.186828604148237612e-03 1.852703402539255390e-02 9.994026670765082665e-01
1.520530312099721670e+09 1.891868188977241516e-02 -3.113629529252648354e-03 9.625466540455818176e-03 2.775533736896273682e-02 -5.598718497907694165e-03 1.840273202711409026e-02 9.994296548795489343e-01
1.520530312149723530e+09 1.902189478278160095e-02 -2.911739051342010498e-03 1.043662242591381073e-02 2.658681812612736020e-02 -6.224179332795009255e-03 1.791699887177889555e-02 9.994665486373168761e-01
1.520530312199725628e+09 1.892938651144504547e-02 -2.689117100089788437e-03 1.096268743276596069e-02 2.536299567433457011e-02 -6.311808070387813115e-03 1.731166381344812280e-02 9.995084721128263405e-01
1.520530312249726534e+09 1.875063404440879822e-02 -2.463479526340961456e-03 1.125812157988548279e-02 2.432838018909476430e-02 -6.110528790396954971e-03 1.716800361832349422e-02 9.995379187439753510e-01
1.520530312299728394e+09 1.849177666008472443e-02 -2.365994499996304512e-03 1.130597386509180069e-02 2.388795290427805224e-02 -5.437833790421684257e-03 1.686764757583665564e-02 9.995575411825814438e-01
1.520530312349729538e+09 1.826629228889942169e-02 -2.295982092618942261e-03 1.105205155909061432e-02 2.412252648777749725e-02 -4.818851517691172780e-03 1.639406915910513601e-02 9.995629629404561012e-01
1.520530312399731636e+09 1.800746284425258636e-02 -2.229199977591633797e-03 1.058865524828433990e-02 2.460622051620387635e-02 -4.496990845112754272e-03 1.580304352472277143e-02 9.995621915621872855e-01
1.520530312449712276e+09 1.780614443123340607e-02 -2.168893814086914062e-03 1.020678598433732986e-02 2.518879467203234690e-02 -4.783118668673693938e-03 1.487011294631921179e-02 9.995606665629331866e-01
1.520530312499714136e+09 1.766857877373695374e-02 -2.010888885706663132e-03 9.942071512341499329e-03 2.585820316696077134e-02 -5.965873685222097822e-03 1.432650817696288353e-02 9.995451529788955680e-01
1.520530312549715281e+09 1.778541877865791321e-02 -1.703868038021028042e-03 1.008367445319890976e-02 2.609635680481083367e-02 -6.884714528412852648e-03 1.388361199744436204e-02 9.995393069736091540e-01
1.520530312599717140e+09 1.814133301377296448e-02 -1.503342180512845516e-03 1.058254484087228775e-02 2.577042177213894128e-02 -7.571601221009748549e-03 1.336582734570257447e-02 9.995498541223447608e-01
1.520530312649719238e+09 1.861027255654335022e-02 -1.354836858808994293e-03 1.144555956125259399e-02 2.486399037904545029e-02 -8.349467494062668554e-03 1.320919221282642990e-02 9.995686997981084732e-01
1.520530312699720383e+09 1.933378167450428009e-02 -1.100513385608792305e-03 1.246989984065294266e-02 2.355520401635707861e-02 -8.734177703141172977e-03 1.350723099189866244e-02 9.995931278347851556e-01
1.520530312749722242e+09 2.020555548369884491e-02 -8.511702762916684151e-04 1.334405224770307541e-02 2.272869386477895451e-02 -8.369154956366670062e-03 1.390190284259080686e-02 9.996099743489320621e-01
1.520530312799724102e+09 2.115789614617824554e-02 -5.706356023438274860e-04 1.390989311039447784e-02 2.280153883224913386e-02 -7.792925428942699094e-03 1.441880030005598598e-02 9.996056514136199000e-01
1.520530312849719763e+09 2.218917571008205414e-02 -3.444885951466858387e-04 1.400918327271938324e-02 2.373380536552077355e-02 -6.966366285985127818e-03 1.500038584787720397e-02 9.995814947507060122e-01
1.520530312899721622e+09 2.348302118480205536e-02 -1.562902907608076930e-04 1.403895579278469086e-02 2.552341996973415614e-02 -6.146897918282941999e-03 1.582125918766004793e-02 9.995301188242142754e-01
1.520530312949723482e+09 2.501096390187740326e-02 1.825706276576966047e-04 1.398760080337524414e-02 2.787639949572523132e-02 -5.594734110168381874e-03 1.742854716786320854e-02 9.994437708270580423e-01
1.520530312999724627e+09 2.677876688539981842e-02 4.816410364583134651e-04 1.399273891001939774e-02 2.948471074192886288e-02 -4.642243191557542288e-03 1.880286326304255948e-02 9.993775831705085100e-01
1.520530313049725533e+09 2.880380861461162567e-02 7.363329059444367886e-04 1.407071109861135483e-02 2.932281302077771948e-02 -3.810069147365717848e-03 2.036077763164646434e-02 9.993553395784081639e-01
1.520530313099727392e+09 3.092264384031295776e-02 8.091395138762891293e-04 1.417728420346975327e-02 2.803504929900935139e-02 -2.004177008182585901e-03 2.078668143273059918e-02 9.993887797850926624e-01
1.520530313149728537e+09 3.296897560358047485e-02 5.997465341351926327e-04 1.418153662234544754e-02 2.632437759825886209e-02 3.507555132551170218e-04 2.004582938228463562e-02 9.994523844781252331e-01
1.520530313199730635e+09 3.506596386432647705e-02 5.907820886932313442e-04 1.439671684056520462e-02 2.467669132367880311e-02 8.995468226961664910e-04 2.024502272959517041e-02 9.994900653710909744e-01
1.520530313249735832e+09 3.728079050779342651e-02 9.247249108739197254e-04 1.475002616643905640e-02 2.387521828339175464e-02 1.300181822752013896e-04 2.133391294193631715e-02 9.994872791615599938e-01
1.520530313299737692e+09 3.937163949012756348e-02 1.328462851233780384e-03 1.533027086406946182e-02 2.422333320358550923e-02 -4.920627306339237297e-04 2.253663923425116081e-02 9.994523940112417515e-01
1.520530313349738836e+09 4.120252653956413269e-02 1.587558188475668430e-03 1.551626902073621750e-02 2.499496603318268617e-02 -9.662332899348986706e-05 2.330559354845957235e-02 9.994158752222652708e-01
1.520530313399789810e+09 4.297051578760147095e-02 1.603007782250642776e-03 1.561344694346189499e-02 2.551806132405817773e-02 5.467252864586018149e-04 2.376867246893034011e-02 9.993916048510651517e-01
1.520530313449742794e+09 4.472789913415908813e-02 1.464684261009097099e-03 1.536043547093868256e-02 2.536008100408302171e-02 3.757463965527102013e-04 2.447511229354161835e-02 9.993786539567124372e-01
1.520530313499743938e+09 4.677003249526023865e-02 1.271858578547835350e-03 1.512919552624225616e-02 2.491326025244278153e-02 4.662813066878023546e-04 2.479613153969001740e-02 9.993819409545098287e-01
1.520530313549745798e+09 4.901477694511413574e-02 1.219943747855722904e-03 1.462876237928867340e-02 2.466942773957477714e-02 8.706380724285257095e-04 2.469121137487310241e-02 9.993903168458206920e-01
1.520530313599746943e+09 5.153023824095726013e-02 1.183654065243899822e-03 1.404820848256349564e-02 2.438866202118686669e-02 1.205839261454507783e-03 2.495036125900394405e-02 9.993904235030156569e-01
1.520530313649744987e+09 5.426897108554840088e-02 1.148253213614225388e-03 1.342807151377201080e-02 2.441983225936693314e-02 1.658564501288140947e-03 2.536904551283643630e-02 9.993784730951468243e-01
1.520530313699746132e+09 5.737531185150146484e-02 1.125819282606244087e-03 1.281940843909978867e-02 2.513544651838580182e-02 1.676878663117081130e-03 2.615848194631451712e-02 9.993403480439159159e-01
1.520530313749747992e+09 6.074147671461105347e-02 8.623551693744957447e-04 1.219204906374216080e-02 2.612165934281420951e-02 1.823204346351295661e-03 2.665730207386272574e-02 9.993016176736791989e-01
1.520530313799750090e+09 6.447401642799377441e-02 4.218802205286920071e-04 1.139737386256456375e-02 2.645557064173956890e-02 2.024644335471715434e-03 2.697670896457048453e-02 9.992838739671403570e-01
1.520530313849751234e+09 6.843013316392898560e-02 -2.576997794676572084e-04 1.064321305602788925e-02 2.594902042922768437e-02 2.798328726663496836e-03 2.671891495862965121e-02 9.993022151874449976e-01
1.520530313899753094e+09 7.297401130199432373e-02 -1.278022769838571548e-03 1.004472281783819199e-02 2.468806132132050912e-02 3.409048284428528933e-03 2.627051050365892398e-02 9.993441540809983037e-01
1.520530313949754238e+09 7.842880487442016602e-02 -2.469836501404643059e-03 9.967138059437274933e-03 2.284819410084800231e-02 4.187098637537410226e-03 2.559873607184248029e-02 9.994023879013165246e-01
1.520530313999756098e+09 8.477447181940078735e-02 -3.735949983820319176e-03 1.017985120415687561e-02 2.154138620367356677e-02 4.900923319054801414e-03 2.532423957560389974e-02 9.994351567365249434e-01
1.520530314049757004e+09 9.218496084213256836e-02 -4.875143058598041534e-03 1.060813944786787033e-02 2.148255790978616936e-02 6.039470615569625563e-03 2.668713838904365754e-02 9.993947273950068988e-01
1.520530314099762678e+09 1.006429940462112427e-01 -6.021187175065279007e-03 1.108486484736204147e-02 2.220604080857106755e-02 7.380216930452797482e-03 2.883233911551361453e-02 9.993103223577726180e-01
1.520530314149764776e+09 1.103310137987136841e-01 -7.179229054600000381e-03 1.123575214296579361e-02 2.269216539619238818e-02 9.506724409253925270e-03 3.126270203770238620e-02 9.992083522879200430e-01
1.520530314199765921e+09 1.212558746337890625e-01 -8.432055823504924774e-03 1.139271818101406097e-02 2.305999296925180866e-02 1.077480560749877886e-02 3.481291362751842700e-02 9.990696679076698228e-01
1.520530314249767780e+09 1.336369812488555908e-01 -9.783230721950531006e-03 1.153356581926345825e-02 2.313014587537744540e-02 1.158875367586058823e-02 3.854390826972609735e-02 9.989219510428822835e-01
1.520530314299768925e+09 1.473227888345718384e-01 -1.096968352794647217e-02 1.165941823273897171e-02 2.267153020106535757e-02 1.181900227155759445e-02 4.179815637393455990e-02 9.987988921837003264e-01
1.520530314349770784e+09 1.623974740505218506e-01 -1.230602245777845383e-02 1.203413214534521103e-02 2.196712542959487757e-02 1.208674221262120117e-02 4.480687028437690955e-02 9.986809803127149054e-01
1.520530314399772882e+09 1.793492585420608521e-01 -1.400367077440023422e-02 1.299028564244508743e-02 2.223432252265710590e-02 1.173841116114010021e-02 4.896684367767430851e-02 9.984838971288503284e-01
1.520530314449774027e+09 1.985473483800888062e-01 -1.674047112464904785e-02 1.498249359428882599e-02 2.408875351233447787e-02 1.042191317125222561e-02 5.366139886807335529e-02 9.982141904178654102e-01
1.520530314499774218e+09 2.200892269611358643e-01 -2.103219181299209595e-02 1.905743405222892761e-02 2.811731742967623834e-02 8.439775473279760923e-03 5.828228908052732887e-02 9.978684088746638814e-01
1.520530314549776554e+09 2.438962459564208984e-01 -2.698712237179279327e-02 2.579981647431850433e-02 3.312255677432045936e-02 6.267170627767500168e-03 6.421859296314715027e-02 9.973663274458828276e-01
1.520530314599777460e+09 2.694145143032073975e-01 -3.502461314201354980e-02 3.622154891490936279e-02 3.619458835743447067e-02 6.579204347663443128e-03 7.108422244725000338e-02 9.967917029965978060e-01
1.520530314649779320e+09 2.960884869098663330e-01 -4.430569708347320557e-02 5.139075964689254761e-02 3.727035953214008490e-02 7.542745177279446336e-03 7.870835031457491804e-02 9.961721853606905208e-01
1.520530314699780464e+09 3.231146037578582764e-01 -5.386389419436454773e-02 7.024158537387847900e-02 3.740472184292873564e-02 6.870119534449227981e-03 8.702290425712630451e-02 9.954801366054927270e-01
1.520530314749782324e+09 3.497598767280578613e-01 -6.262304633855819702e-02 9.214074909687042236e-02 3.817094334138654288e-02 2.996145392484687951e-03 9.549473581369949393e-02 9.946932982729337347e-01
1.520530314799787283e+09 3.750534951686859131e-01 -7.065409421920776367e-02 1.153754517436027527e-01 3.697165664060635820e-02 -1.303197053100706854e-03 1.043029972014158646e-01 9.938572749934928563e-01
1.520530314849784374e+09 3.985758125782012939e-01 -7.785375416278839111e-02 1.397053301334381104e-01 2.994902521872156234e-02 -4.937936551549007395e-03 1.126442668830586469e-01 9.931716577759553966e-01
1.520530314899810314e+09 4.194957315921783447e-01 -8.497459441423416138e-02 1.655568480491638184e-01 1.831532158800856444e-02 -8.338650183550290820e-03 1.192862766268350111e-01 9.926559323938735080e-01
1.520530314949812651e+09 4.379558563232421875e-01 -9.100806713104248047e-02 1.930875629186630249e-01 4.552213419566795635e-03 -1.356267260603590506e-02 1.246041863854983611e-01 9.921033857416132751e-01
1.520530314999919415e+09 4.538600444793701172e-01 -9.570425748825073242e-02 2.218099534511566162e-01 -8.011900225803652437e-03 -2.179998742832784872e-02 1.290810310502188418e-01 9.913620213755967026e-01
1.520530315049815416e+09 4.666486084461212158e-01 -9.988713264465332031e-02 2.504422664642333984e-01 -1.787860455287230629e-02 -2.867434838695645180e-02 1.322543137044860651e-01 9.906396588822703464e-01
1.520530315099816561e+09 4.768373370170593262e-01 -1.034515872597694397e-01 2.752504646778106689e-01 -2.433142490524157348e-02 -3.031089966694764173e-02 1.334318994186187712e-01 9.902954909222804192e-01
1.520530315149818420e+09 4.847114384174346924e-01 -1.064580529928207397e-01 2.936986982822418213e-01 -2.702123851444153055e-02 -2.977032393406710276e-02 1.339107152533794420e-01 9.901775097538495496e-01
1.520530315199819326e+09 4.902286529541015625e-01 -1.095712259411811829e-01 3.038220703601837158e-01 -2.864854509048902695e-02 -3.118249864997467771e-02 1.365602272760187141e-01 9.897263343816131709e-01
1.520530315249821424e+09 4.943299591541290283e-01 -1.121062114834785461e-01 3.051204681396484375e-01 -3.287308540943359447e-02 -3.279915330091830866e-02 1.373741873701914973e-01 9.894300927517751809e-01
1.520530315299635410e+09 4.954242408275604248e-01 -1.140941455960273743e-01 2.983331382274627686e-01 -3.717271881296730501e-02 -3.372167330540552094e-02 1.366588733724616866e-01 9.893459405355161662e-01
1.520530315349637270e+09 4.935241937637329102e-01 -1.155266538262367249e-01 2.837956547737121582e-01 -3.811526906132120529e-02 -3.313895940486295821e-02 1.350980203309312400e-01 9.895441175291828095e-01
1.520530315399639130e+09 4.880512058734893799e-01 -1.163685172796249390e-01 2.624578773975372314e-01 -3.354390011739173671e-02 -3.145645229634659590e-02 1.333162206893578616e-01 9.900061028473251534e-01
1.520530315449640274e+09 4.797793328762054443e-01 -1.167968213558197021e-01 2.352090477943420410e-01 -2.292973355910472161e-02 -3.132814278775863243e-02 1.331497021133526693e-01 9.903352622296672791e-01
1.520530315499642134e+09 4.685761630535125732e-01 -1.160272136330604553e-01 2.024306952953338623e-01 -7.940273539996245064e-03 -3.064812086938642141e-02 1.349518117467490841e-01 9.903462289772984040e-01
1.520530315549643040e+09 4.530052840709686279e-01 -1.139659434556961060e-01 1.663808673620223999e-01 9.578990358088816312e-03 -2.877705985285053392e-02 1.373692396702712037e-01 9.900554609527471017e-01
1.520530315599645376e+09 4.342209696769714355e-01 -1.110081598162651062e-01 1.278898268938064575e-01 2.630973899080764691e-02 -2.638875984619330761e-02 1.385844307326745128e-01 9.896493250371649619e-01
1.520530315649646282e+09 4.112910628318786621e-01 -1.067462339997291565e-01 8.829986304044723511e-02 4.247239321394403327e-02 -2.497112617263702941e-02 1.383522927058043195e-01 9.891568034317904656e-01
1.520530315699637175e+09 3.838769793510437012e-01 -1.004501432180404663e-01 4.905082285404205322e-02 5.745970380676686251e-02 -2.304295605787983620e-02 1.368410717957218026e-01 9.886566267842193945e-01
1.520530315749639273e+09 3.515681028366088867e-01 -9.291659295558929443e-02 1.129381638020277023e-02 7.128836392271699351e-02 -1.863142327212766874e-02 1.356047432985802992e-01 9.880193281667131178e-01
1.520530315799640179e+09 3.149195015430450439e-01 -8.405736088752746582e-02 -2.349801734089851379e-02 8.488454424250321817e-02 -1.461524101551629068e-02 1.346626838843842378e-01 9.871408057860111551e-01
1.520530315849642038e+09 2.754789888858795166e-01 -7.502683997154235840e-02 -5.472309887409210205e-02 9.721841372462954045e-02 -9.651200557290356627e-03 1.318277677223387012e-01 9.864465895414787910e-01
1.520530315899643183e+09 2.336826622486114502e-01 -6.706061214208602905e-02 -7.975168526172637939e-02 1.107601628565733770e-01 -1.966381965621654803e-03 1.258013283267866433e-01 9.858510767134996966e-01
1.520530315949645042e+09 1.901192218065261841e-01 -6.160595640540122986e-02 -9.693891555070877075e-02 1.234523230891963891e-01 4.092651251716499308e-03 1.208266491874145088e-01 9.849587275494106064e-01
1.520530315999647141e+09 1.463520079851150513e-01 -5.930038541555404663e-02 -1.039643585681915283e-01 1.329827052026733014e-01 7.987406389743680751e-03 1.165821830461346437e-01 9.842054643479386522e-01
1.520530316049648285e+09 1.035318821668624878e-01 -6.018870696425437927e-02 -1.006272360682487488e-01 1.382133131525754566e-01 8.269495758651759440e-03 1.132286196562298369e-01 9.838739630654074197e-01
1.520530316100220919e+09 6.104037165641784668e-02 -6.486662477254867554e-02 -8.668836206197738647e-02 1.377269024282764542e-01 6.206125462604076409e-03 1.107676322938208335e-01 9.842374286676337514e-01
1.520530316150223017e+09 2.079597674310207367e-02 -7.196581363677978516e-02 -6.460942327976226807e-02 1.327861807974800024e-01 1.125696665465986384e-03 1.102027340388163357e-01 9.849984367533819452e-01
1.520530316200224161e+09 -1.826151274144649506e-02 -8.071117103099822998e-02 -3.581438213586807251e-02 1.242188687131813019e-01 -1.582455874481679316e-03 1.085987196656668791e-01 9.862927996168281419e-01
1.520530316250226021e+09 -5.677002295851707458e-02 -9.030001610517501831e-02 -3.156176069751381874e-03 1.139772619811694060e-01 -2.904692211696174105e-04 1.037200035419950789e-01 9.880542800090266198e-01
1.520530316300226927e+09 -9.430990368127822876e-02 -1.005635559558868408e-01 3.302813321352005005e-02 1.020585872839457897e-01 2.538253080999515986e-03 9.713112391913532317e-02 9.900217910728569271e-01
1.520530316350229025e+09 -1.309754848480224609e-01 -1.112609952688217163e-01 7.122278958559036255e-02 9.049122415418722754e-02 3.763220353938557996e-03 9.001884991282251003e-02 9.918133812285540030e-01
1.520530316400229931e+09 -1.662704050540924072e-01 -1.216627135872840881e-01 1.096318960189819336e-01 7.939216891086030292e-02 4.191514851919451133e-03 8.411000299758931986e-02 9.932798307197328036e-01
1.520530316450231075e+09 -2.007550746202468872e-01 -1.320295631885528564e-01 1.469660103321075439e-01 7.027585542519691753e-02 4.980346002314231350e-03 7.812232978025329677e-02 9.944513069465288346e-01
1.520530316500233173e+09 -2.345704883337020874e-01 -1.414612233638763428e-01 1.821267157793045044e-01 6.022487110273378602e-02 5.753798782354942187e-03 7.457337407151230779e-02 9.953786568838119964e-01
1.520530316550276279e+09 -2.680013477802276611e-01 -1.506370455026626587e-01 2.150484621524810791e-01 4.864265681494717164e-02 6.877738857694417653e-03 7.228074091704306259e-02 9.961737213652406275e-01
1.520530316600278378e+09 -3.009563982486724854e-01 -1.595919430255889893e-01 2.450677305459976196e-01 3.867459921606003492e-02 6.496405492000492665e-03 7.330962041833899434e-02 9.965378927292628530e-01
1.520530316650280237e+09 -3.339050114154815674e-01 -1.682023108005523682e-01 2.719088792800903320e-01 3.086427866847662668e-02 5.826818093109748312e-03 7.526870561192200437e-02 9.966684837239965233e-01
1.520530316700281143e+09 -3.670488893985748291e-01 -1.775269061326980591e-01 2.943609356880187988e-01 2.434827607957297524e-02 6.609173119203396590e-03 7.311997665832513371e-02 9.970039865999129614e-01
1.520530316750283241e+09 -4.011386036872863770e-01 -1.884357482194900513e-01 3.117763400077819824e-01 1.898948978499720094e-02 8.014639603126282041e-03 6.779527464212328769e-02 9.974863234981902194e-01
1.520530316800284147e+09 -4.357368052005767822e-01 -2.005635946989059448e-01 3.237860798835754395e-01 1.474999032937384172e-02 1.036242829910791891e-02 6.135419942848697322e-02 9.979532654776568368e-01
1.520530316850286245e+09 -4.705784320831298828e-01 -2.139245867729187012e-01 3.296689391136169434e-01 1.130682473321843046e-02 1.297120149776567755e-02 5.517605888656407220e-02 9.983283558889344267e-01
1.520530316900287390e+09 -5.043912529945373535e-01 -2.278358340263366699e-01 3.295145630836486816e-01 7.038526959488182293e-03 1.510863240681789565e-02 4.977487997541466674e-02 9.986213745401553155e-01
1.520530316949773073e+09 -5.375941395759582520e-01 -2.420140802860260010e-01 3.244931697845458984e-01 4.419556021041013381e-03 1.370323812032821220e-02 4.392309529242843791e-02 9.989311540289085301e-01
1.520530316999775171e+09 -5.705009698867797852e-01 -2.546988725662231445e-01 3.143138289451599121e-01 5.544495368004462819e-03 1.104312496517013964e-02 3.846705799357958561e-02 9.991834633396592391e-01
1.520530317049776077e+09 -6.027762889862060547e-01 -2.660166323184967041e-01 2.993239164352416992e-01 1.062573824727625765e-02 8.649254820796821452e-03 3.421818335124395677e-02 9.993204691218356972e-01
1.520530317099778175e+09 -6.343280673027038574e-01 -2.760957479476928711e-01 2.798557281494140625e-01 1.669362248365428847e-02 7.043167885798560721e-03 3.018509370048891999e-02 9.993800962960981416e-01
1.520530317149779081e+09 -6.650909185409545898e-01 -2.849058508872985840e-01 2.567762136459350586e-01 2.331528096969183450e-02 5.712294091741259260e-03 2.922090366052084928e-02 9.992846972503763858e-01
1.520530317199780941e+09 -6.951020359992980957e-01 -2.926702797412872314e-01 2.302912771701812744e-01 2.994258617321853694e-02 4.843662356272715637e-03 2.734800164728434790e-02 9.991656855968071849e-01
1.520530317249782085e+09 -7.253205776214599609e-01 -2.988526225090026855e-01 2.008679807186126709e-01 3.805724969134618302e-02 5.081488806174984515e-04 2.560386041166079138e-02 9.989473609068025839e-01
1.520530317299783945e+09 -7.560231089591979980e-01 -3.031002581119537354e-01 1.691557019948959351e-01 4.652498021095074349e-02 -6.188918043012869158e-03 2.140846709932312658e-02 9.986685140957858309e-01
1.520530317349743366e+09 -7.880784273147583008e-01 -3.063440918922424316e-01 1.362558007240295410e-01 5.345795645729178175e-02 -1.645601789304114090e-02 1.889695084720039234e-02 9.982556544368746954e-01
1.520530317399745703e+09 -8.214303851127624512e-01 -3.080021142959594727e-01 1.029255986213684082e-01 5.739764407590351725e-02 -2.789115308917021127e-02 1.678609340490631527e-02 9.978205355183336067e-01
1.520530317449747562e+09 -8.558456897735595703e-01 -3.076996207237243652e-01 7.004421949386596680e-02 5.976783026553320055e-02 -4.001642334082979036e-02 1.486460657105046282e-02 9.972991205249536195e-01
1.520530317499748468e+09 -8.924844861030578613e-01 -3.056337237358093262e-01 3.824701532721519470e-02 6.296258344969747622e-02 -4.782703834591047615e-02 1.313016361794378493e-02 9.967827678545434500e-01
1.520530317549751759e+09 -9.309238791465759277e-01 -3.018391430377960205e-01 8.479393087327480316e-03 6.579047836539143879e-02 -5.140596354712396315e-02 1.082234120164211888e-02 9.964496559280653365e-01
1.520530317599752426e+09 -9.714671969413757324e-01 -2.967166900634765625e-01 -1.974481903016567230e-02 6.877372035226403391e-02 -4.864257306270149822e-02 6.936123212759754027e-03 9.964215802909558439e-01
1.520530317649754524e+09 -1.013409495353698730e+00 -2.903458774089813232e-01 -4.645597189664840698e-02 7.278059639077211207e-02 -4.136172381440512968e-02 2.013049407776514206e-03 9.964879026983649579e-01
1.520530317699755669e+09 -1.057010889053344727e+00 -2.826790511608123779e-01 -7.117935270071029663e-02 7.972133942690649844e-02 -3.067907891888035921e-02 -3.894785437669005639e-03 9.963373589317343626e-01
1.520530317750236750e+09 -1.101393580436706543e+00 -2.737184762954711914e-01 -9.319106489419937134e-02 8.975931962977373724e-02 -2.207917527193081417e-02 -8.061749156360202562e-03 9.956860864546873691e-01
1.520530317800238609e+09 -1.145779490470886230e+00 -2.635889053344726562e-01 -1.121372953057289124e-01 1.020365874792032862e-01 -1.316436281664610207e-02 -1.218608854973046024e-02 9.946188886267386398e-01
1.520530317850239515e+09 -1.190752863883972168e+00 -2.539788782596588135e-01 -1.280231922864913940e-01 1.146616182653802940e-01 -8.215001726818745367e-03 -1.840853864492769665e-02 9.932000567601427798e-01
1.520530317900241852e+09 -1.235746145248413086e+00 -2.455117404460906982e-01 -1.402503848075866699e-01 1.262461037809969044e-01 -5.428103945340814404e-03 -2.577807821626262180e-02 9.916491051027841452e-01
1.520530317950243711e+09 -1.280799746513366699e+00 -2.384057044982910156e-01 -1.475893855094909668e-01 1.361857396091740724e-01 -1.544558722971356955e-03 -3.683746718233526368e-02 9.899969998323449039e-01
1.520530318000244617e+09 -1.324790239334106445e+00 -2.328767031431198120e-01 -1.495841741561889648e-01 1.428918632478303197e-01 9.540015800207675293e-04 -5.151909011687323681e-02 9.883960687154104141e-01
1.520530318050246716e+09 -1.368344426155090332e+00 -2.298801690340042114e-01 -1.459787786006927490e-01 1.447299156146149568e-01 2.034510323219065019e-03 -6.681116136379858239e-02 9.872109100952801697e-01
1.520530318100247622e+09 -1.408229112625122070e+00 -2.291744649410247803e-01 -1.367024183273315430e-01 1.404616843189872566e-01 6.271334877358716864e-03 -8.186598183065314782e-02 9.866758062383167438e-01
1.520530318150816202e+09 -1.444196343421936035e+00 -2.299702018499374390e-01 -1.224814876914024353e-01 1.303254855501250753e-01 1.284006226222213394e-02 -9.596158525214092128e-02 9.867328791385856501e-01
1.520530318200769186e+09 -1.474352598190307617e+00 -2.331136912107467651e-01 -1.027669608592987061e-01 1.172602234614873035e-01 1.846295451787795250e-02 -1.068161121505066258e-01 9.871674009453934584e-01
1.520530318250771284e+09 -1.498675107955932617e+00 -2.375858426094055176e-01 -7.826615124940872192e-02 1.038170218651421062e-01 2.291997862152599444e-02 -1.162004677869641484e-01 9.875191906171402190e-01
1.520530318300772190e+09 -1.516807675361633301e+00 -2.430087327957153320e-01 -4.930862411856651306e-02 9.115331559704557829e-02 2.868720449378071163e-02 -1.246237272188790574e-01 9.875915370071129962e-01
1.520530318350774050e+09 -1.529526948928833008e+00 -2.495823055505752563e-01 -1.739050634205341339e-02 7.914686518817436178e-02 3.512494448066268843e-02 -1.313088465048730391e-01 9.875525296588910651e-01
1.520530318400775194e+09 -1.537353038787841797e+00 -2.567501068115234375e-01 1.583988592028617859e-02 6.715663733857192563e-02 3.969785696047190005e-02 -1.355760885234247037e-01 9.876908374763886389e-01
1.520530318450777292e+09 -1.539714336395263672e+00 -2.635551989078521729e-01 5.112091079354286194e-02 5.590198750714962805e-02 4.383510579927200890e-02 -1.360831663079557219e-01 9.881471667418362248e-01
1.520530318500777960e+09 -1.535628080368041992e+00 -2.700684368610382080e-01 8.723652362823486328e-02 4.686990826071135013e-02 4.811977660365132636e-02 -1.350353720988033690e-01 9.885611498948282394e-01
1.520530318550780296e+09 -1.525878787040710449e+00 -2.755796909332275391e-01 1.236047744750976562e-01 3.821832045466174582e-02 5.197711296068871500e-02 -1.345965469632152689e-01 9.887980123642419183e-01
1.520530318600567102e+09 -1.510208845138549805e+00 -2.794219553470611572e-01 1.586236059665679932e-01 2.910438531902092077e-02 5.529733708110807361e-02 -1.315889647231383297e-01 9.893328477464160553e-01
1.520530318650568247e+09 -1.489433765411376953e+00 -2.817173600196838379e-01 1.917001605033874512e-01 1.885210937507324561e-02 6.001371015735155329e-02 -1.292254071613113675e-01 9.896179801869269266e-01
1.520530318700570107e+09 -1.463960170745849609e+00 -2.823796868324279785e-01 2.233849018812179565e-01 8.607141818424611512e-03 6.501554807174302064e-02 -1.264796874352243083e-01 9.897988605191139211e-01
1.520530318750571251e+09 -1.433768391609191895e+00 -2.810124754905700684e-01 2.500719130039215088e-01 -1.107289705178196235e-03 6.702053687309482422e-02 -1.211028138813649291e-01 9.903742373551356337e-01
1.520530318800573349e+09 -1.399065375328063965e+00 -2.783231437206268311e-01 2.711603045463562012e-01 -9.899750172862211220e-03 6.665398059936585018e-02 -1.158849352501249430e-01 9.909742295331643858e-01
1.520530318850574255e+09 -1.361662745475769043e+00 -2.739212214946746826e-01 2.855207920074462891e-01 -1.868216098976193881e-02 6.281030803333011170e-02 -1.096662113015998141e-01 9.918060113571927072e-01
1.520530318900576353e+09 -1.320839762687683105e+00 -2.687566876411437988e-01 2.923320531845092773e-01 -2.429799225383886749e-02 5.433804234034628200e-02 -1.004475000227755127e-01 9.931602511509537434e-01
1.520530318950577259e+09 -1.276865482330322266e+00 -2.626254558563232422e-01 2.899765968322753906e-01 -2.562262863600697424e-02 4.437158680444045628e-02 -8.918131987030930574e-02 9.946966046852813159e-01
1.520530318999955654e+09 -1.231062293052673340e+00 -2.552415728569030762e-01 2.790356278419494629e-01 -2.215806328910793419e-02 3.794534019023879795e-02 -7.903276148809929014e-02 9.959031047248965152e-01
1.520530319049957514e+09 -1.182388186454772949e+00 -2.455302923917770386e-01 2.603868544101715088e-01 -1.679365017739575805e-02 3.543102108790346233e-02 -6.949109059891774021e-02 9.968117196270120939e-01
1.520530319099959612e+09 -1.134606838226318359e+00 -2.351770550012588501e-01 2.359417676925659180e-01 -1.040911199910158312e-02 3.318844707156130142e-02 -5.894899690253641023e-02 9.976548466942629645e-01
1.520530319149961472e+09 -1.086612582206726074e+00 -2.238651514053344727e-01 2.072428613901138306e-01 -9.206065238344927383e-04 2.926093088793676675e-02 -4.744454368088128066e-02 9.984447734762862403e-01
1.520530319199962378e+09 -1.039712905883789062e+00 -2.111019492149353027e-01 1.751835346221923828e-01 1.238045317745535730e-02 2.506810309174399565e-02 -3.652679003874115954e-02 9.989414938803813371e-01
1.520530319249963522e+09 -9.915031194686889648e-01 -1.971166580915451050e-01 1.394402086734771729e-01 2.847266976687637050e-02 1.993743410182084036e-02 -2.660599581573392519e-02 9.990415040349599485e-01
1.520530319299965620e+09 -9.435878992080688477e-01 -1.823055446147918701e-01 1.016862988471984863e-01 4.386580033526737282e-02 1.619885691539860173e-02 -1.821718010340631078e-02 9.987399676315457109e-01
1.520530319349967480e+09 -8.963374495506286621e-01 -1.670071780681610107e-01 6.317114084959030151e-02 5.696514704599611040e-02 1.384073888614376774e-02 -1.134563067739427500e-02 9.982157495419744508e-01
1.520530319399832249e+09 -8.497003316879272461e-01 -1.514525115489959717e-01 2.481150813400745392e-02 6.757106162464945887e-02 1.413940446921382529e-02 -5.367230251009144637e-03 9.975998304488660207e-01
1.520530319449833155e+09 -8.040354847908020020e-01 -1.361859440803527832e-01 -1.235782261937856674e-02 7.673395725795750799e-02 1.512407850139579034e-02 1.820314746906274202e-03 9.969352278394217892e-01
1.520530319499835253e+09 -7.591786980628967285e-01 -1.211471483111381531e-01 -4.798658937215805054e-02 8.726810539277013445e-02 1.704704550889098863e-02 1.129020734394679121e-02 9.959750033202163788e-01
1.520530319549837112e+09 -7.157182693481445312e-01 -1.068377718329429626e-01 -8.067917823791503906e-02 9.956651694848683842e-02 2.166106501588935251e-02 2.576284236989691626e-02 9.944614537115794572e-01
1.520530319599838257e+09 -6.717791557312011719e-01 -9.342128783464431763e-02 -1.087644994258880615e-01 1.123553733114895231e-01 3.024821156528122862e-02 4.257341455791691792e-02 9.922947244433064640e-01
1.520530319649840117e+09 -6.276462674140930176e-01 -8.253167569637298584e-02 -1.317832618951797485e-01 1.233615111802639913e-01 4.175836530683990633e-02 6.000519454465915586e-02 9.896653743128935865e-01
1.520530319699841022e+09 -5.825030207633972168e-01 -7.509122788906097412e-02 -1.492752134799957275e-01 1.321175824776913144e-01 5.380590556399306862e-02 7.953321076114483468e-02 9.865720132421720301e-01
1.520530319749942064e+09 -5.353706479072570801e-01 -7.124032825231552124e-02 -1.601130664348602295e-01 1.374187958742583149e-01 6.182583983972956415e-02 1.021370621117263511e-01 9.832912389581056622e-01
1.520530319800341129e+09 -4.841615855693817139e-01 -7.104583084583282471e-02 -1.635905355215072632e-01 1.383399934141340271e-01 6.541033695977029050e-02 1.285050186177958409e-01 9.798316152436736814e-01
1.520530319850342989e+09 -4.297809302806854248e-01 -7.410773634910583496e-02 -1.578907817602157593e-01 1.330521425486539400e-01 6.958237364634975441e-02 1.533043385771316325e-01 9.767052781747320722e-01
1.520530319900344133e+09 -3.735388815402984619e-01 -7.888568937778472900e-02 -1.425786167383193970e-01 1.212676325717903791e-01 7.153843703170015278e-02 1.736250426276904624e-01 9.746952128178467678e-01
1.520530319950345993e+09 -3.161842525005340576e-01 -8.587294816970825195e-02 -1.177767515182495117e-01 1.041268110902311000e-01 6.784974302259899614e-02 1.895309254163911328e-01 9.739774370562970240e-01
1.520530320000346899e+09 -2.600948214530944824e-01 -9.434977918863296509e-02 -8.475162088871002197e-02 8.445369363104415772e-02 6.234346636896684335e-02 1.967658826803459493e-01 9.748148815268463663e-01
1.520530320050349236e+09 -2.077270448207855225e-01 -1.028691455721855164e-01 -4.531900584697723389e-02 6.606883388544242119e-02 5.156853664620392880e-02 2.012372264031466740e-01 9.759503952182997377e-01
1.520530320100350142e+09 -1.596015095710754395e-01 -1.115418151021003723e-01 -3.759364364668726921e-03 4.850267314622668663e-02 3.875956441200521102e-02 2.090519833550357753e-01 9.759315832165633697e-01
1.520530320150352001e+09 -1.159325763583183289e-01 -1.180430725216865540e-01 4.070010408759117126e-02 2.956611795365511261e-02 3.283561499311692805e-02 2.178461523646990361e-01 9.749824208451506324e-01
1.520530320200401306e+09 -7.593407481908798218e-02 -1.232538521289825439e-01 8.796033263206481934e-02 1.469356314617585244e-02 2.926699686147559223e-02 2.251272398768206506e-01 9.737788598866913281e-01
1.520530320250402451e+09 -3.811560943722724915e-02 -1.274895519018173218e-01 1.363146156072616577e-01 6.941410877874563262e-03 2.414436882003786339e-02 2.318032289999914786e-01 9.724382393213895082e-01
1.520530320300404310e+09 -2.818593988195061684e-03 -1.304004788398742676e-01 1.826232820749282837e-01 2.328157584535631673e-03 2.294640543414824818e-02 2.347810790608673981e-01 9.717746071363092542e-01
1.520530320350405216e+09 3.177955746650695801e-02 -1.315610110759735107e-01 2.252466678619384766e-01 4.641543878823087797e-04 2.110792235269947845e-02 2.364620765050670093e-01 9.714113065790249690e-01
1.520530320400407314e+09 6.562882661819458008e-02 -1.311067789793014526e-01 2.634487450122833252e-01 -3.578274439891723953e-03 2.207560234729019633e-02 2.363878888731521244e-01 9.714013741637034238e-01
1.520530320450408220e+09 9.972686320543289185e-02 -1.289257705211639404e-01 2.977519035339355469e-01 -1.038899671740574522e-02 2.263659838756372153e-02 2.353281972941669298e-01 9.715967747573700519e-01
1.520530320500410318e+09 1.355211734771728516e-01 -1.251478046178817749e-01 3.272518813610076904e-01 -2.026400683801781594e-02 2.083418858641934365e-02 2.336791717662013157e-01 9.718792884383722352e-01
1.520530320550412416e+09 1.734057217836380005e-01 -1.205197051167488098e-01 3.505555093288421631e-01 -3.110830077303282717e-02 1.658222333334524040e-02 2.282080487286556325e-01 9.729739924519037464e-01
1.520530320599869251e+09 2.124317884445190430e-01 -1.166714206337928772e-01 3.660222291946411133e-01 -3.879717501689658454e-02 9.462138062944259326e-03 2.216608985679225374e-01 9.743057493415745451e-01
1.520530320649871111e+09 2.536491751670837402e-01 -1.131283342838287354e-01 3.730407655239105225e-01 -4.527433056860700328e-02 3.393319781375157395e-03 2.170084340313746529e-01 9.751133574778249047e-01
1.520530320699873447e+09 2.960247695446014404e-01 -1.104474738240242004e-01 3.712782561779022217e-01 -4.913152071371024859e-02 -6.571997822421698230e-04 2.131460621400472766e-01 9.757840016904333336e-01
1.520530320749874353e+09 3.382236063480377197e-01 -1.090588644146919250e-01 3.620847761631011963e-01 -4.886153589499794142e-02 -4.398958646451851806e-03 2.060902811705859206e-01 9.773024073846524606e-01
1.520530320799876213e+09 3.795141577720642090e-01 -1.087352707982063293e-01 3.463776707649230957e-01 -4.324419950607135549e-02 -1.000995790325730737e-02 1.996619153518849055e-01 9.788589579249254991e-01
1.520530320849877357e+09 4.186728298664093018e-01 -1.092707291245460510e-01 3.251006603240966797e-01 -3.378898579713505990e-02 -1.796963400795102000e-02 1.958795595909835485e-01 9.798809084918757017e-01
1.520530320899879217e+09 4.547086060047149658e-01 -1.085940599441528320e-01 2.988319993019104004e-01 -2.445913765051891189e-02 -2.532989442477110234e-02 1.914896152475918933e-01 9.808628213395348405e-01
1.520530320949880362e+09 4.876073598861694336e-01 -1.050997450947761536e-01 2.696428894996643066e-01 -1.860691428618995238e-02 -3.038620402874744539e-02 1.862276204371579869e-01 9.818603438024083863e-01
1.520530320999882221e+09 5.141058564186096191e-01 -9.907206892967224121e-02 2.386445552110671997e-01 -1.585118727278576889e-02 -3.314313791198604531e-02 1.796862796493271519e-01 9.830376967223453111e-01
1.520530321049740076e+09 5.355175733566284180e-01 -9.027055650949478149e-02 2.070035338401794434e-01 -1.590417194889446467e-02 -3.195861837079783802e-02 1.728262014320861018e-01 9.843052413377699761e-01
1.520530321099741936e+09 5.528178811073303223e-01 -7.823240011930465698e-02 1.751922070980072021e-01 -1.689315313471720023e-02 -3.036017931123407773e-02 1.682137610761131052e-01 9.851380672139237182e-01
1.520530321149743080e+09 5.665960907936096191e-01 -6.210150942206382751e-02 1.437112540006637573e-01 -1.555665805655317112e-02 -2.826744588491316226e-02 1.652871310646513436e-01 9.857175590389327668e-01
1.520530321199745178e+09 5.774998664855957031e-01 -4.187733307480812073e-02 1.124867200851440430e-01 -1.039898619047541391e-02 -2.426423560809173874e-02 1.640461595109531101e-01 9.860993689817838526e-01
1.520530321249747038e+09 5.859296917915344238e-01 -1.740982197225093842e-02 8.209579437971115112e-02 -2.368337329891450835e-03 -1.690864253256987859e-02 1.644565524144329105e-01 9.862365492892445351e-01
1.520530321299749136e+09 5.927206277847290039e-01 1.046422868967056274e-02 5.288601666688919067e-02 6.070306499265094684e-03 -7.880894434298462911e-03 1.649970107335488878e-01 9.862438995151825427e-01
1.520530321349750042e+09 5.981048941612243652e-01 4.113099724054336548e-02 2.585129626095294952e-02 1.380135267041627048e-02 -5.141088480383623977e-04 1.656613751115830480e-01 9.860859836508674148e-01
1.520530321399751186e+09 6.023722887039184570e-01 7.402591407299041748e-02 8.792534936219453812e-04 2.167909076957597742e-02 2.741284024783004290e-03 1.658948395054814229e-01 9.859013158581088065e-01
1.520530321449856281e+09 6.048303842544555664e-01 1.097354218363761902e-01 -2.192064002156257629e-02 3.106265347129940138e-02 2.904976968077585629e-03 1.657215366592858230e-01 9.856789766224203220e-01
1.520530321499857426e+09 6.054257750511169434e-01 1.475562006235122681e-01 -4.382735490798950195e-02 4.247461069736653549e-02 3.223192035675752874e-03 1.637859569383201264e-01 9.855758107771350751e-01
1.520530321549859524e+09 6.057101488113403320e-01 1.872324347496032715e-01 -6.355221569538116455e-02 5.500861527620140579e-02 5.506860921269811013e-03 1.614438563386180470e-01 9.853322322844737524e-01
1.520530321599860668e+09 6.034196019172668457e-01 2.275160402059555054e-01 -8.035732805728912354e-02 7.049231036342484824e-02 7.716770070554157535e-03 1.618580624420342118e-01 9.842627968494060964e-01
1.520530321649862528e+09 6.011914014816284180e-01 2.679617404937744141e-01 -9.095846861600875854e-02 9.105317035414289828e-02 6.392244998949269709e-03 1.633586539021569806e-01 9.823351818842731564e-01
1.520530321699863434e+09 5.984929203987121582e-01 3.076406717300415039e-01 -9.346884489059448242e-02 1.117997130142578122e-01 5.784706008966045490e-03 1.643494160739009946e-01 9.800288928304549119e-01
1.520530321749865532e+09 5.960083007812500000e-01 3.446730077266693115e-01 -8.690866082906723022e-02 1.286425313239285828e-01 4.544741547389264703e-03 1.648807552226612960e-01 9.778776922581087216e-01
1.520530321799867392e+09 5.925958752632141113e-01 3.774278461933135986e-01 -7.326579838991165161e-02 1.401827591910829174e-01 6.836541958937148887e-04 1.655389766597770707e-01 9.761891076266673295e-01
1.520530321850152016e+09 5.882993340492248535e-01 4.057147204875946045e-01 -5.315596982836723328e-02 1.426602236039601901e-01 -3.464330986928212171e-03 1.665433565931850324e-01 9.756533038875829789e-01
1.520530321900154114e+09 5.825687646865844727e-01 4.308017492294311523e-01 -2.710314095020294189e-02 1.357192073546766853e-01 -6.652154834518873676e-03 1.684611557005576965e-01 9.762975389762632572e-01
1.520530321950155020e+09 5.758433938026428223e-01 4.535298645496368408e-01 4.662215709686279297e-03 1.208945653053461050e-01 -9.651356307015423325e-03 1.707013237070990619e-01 9.778304625474247835e-01
1.520530322000157118e+09 5.679123997688293457e-01 4.748280644416809082e-01 4.005365818738937378e-02 1.005944920454439617e-01 -1.125313551974246873e-02 1.708465113726447826e-01 9.800844783297457674e-01
1.520530322050158262e+09 5.581115484237670898e-01 4.947548508644104004e-01 7.707543671131134033e-02 7.929132388999397818e-02 -1.292545948812683608e-02 1.686898226211109297e-01 9.823897201196941653e-01
1.520530322100160122e+09 5.477312207221984863e-01 5.148621201515197754e-01 1.124236360192298889e-01 5.939411122803098936e-02 -1.422864321375645266e-02 1.659664993193450122e-01 9.842382873915288544e-01
1.520530322150161982e+09 5.331927537918090820e-01 5.339665412902832031e-01 1.444929242134094238e-01 4.269111305566476722e-02 -1.356913823400106127e-02 1.619899933198449549e-01 9.857751211193614971e-01
1.520530322200163126e+09 5.169259309768676758e-01 5.520367026329040527e-01 1.713075339794158936e-01 3.008695506736390121e-02 -1.239109877981674560e-02 1.572346091885519492e-01 9.870250824974645676e-01
1.520530322250206709e+09 4.985367059707641602e-01 5.679765343666076660e-01 1.929765641689300537e-01 2.244594265387193227e-02 -9.818323646132271279e-03 1.511741392344381207e-01 9.882035012111045624e-01
1.520530322300207615e+09 4.779542386531829834e-01 5.822021365165710449e-01 2.082084268331527710e-01 1.897925488232474894e-02 -6.368031648887968223e-03 1.442697030878722642e-01 9.893358827152524126e-01
1.520530322350209713e+09 4.554131329059600830e-01 5.943496823310852051e-01 2.165086716413497925e-01 1.735839384110984471e-02 -2.602878650395851635e-03 1.405249197652407578e-01 9.899215413915188888e-01
1.520530322400211811e+09 4.316599071025848389e-01 6.051092147827148438e-01 2.174406349658966064e-01 1.517922723994665629e-02 1.444151637754888034e-03 1.349855822291117224e-01 9.907302347645967622e-01
1.520530322450213671e+09 4.063406586647033691e-01 6.140373945236206055e-01 2.113887518644332886e-01 1.098493398393205964e-02 2.114181416193173808e-03 1.294873958621106380e-01 9.915179654323753589e-01
1.520530322500214577e+09 3.806023001670837402e-01 6.215763688087463379e-01 1.995567381381988525e-01 6.051278822637036828e-03 -1.600185442005187938e-03 1.249344954190261259e-01 9.921452480789066941e-01
1.520530322550215721e+09 3.536705374717712402e-01 6.276267170906066895e-01 1.818741410970687866e-01 2.982128137059583857e-03 -6.434746462406555623e-03 1.178995875942492472e-01 9.930001954656627605e-01
1.520530322600217581e+09 3.244062364101409912e-01 6.314427256584167480e-01 1.596686393022537231e-01 2.985078854791503155e-03 -1.024300143976131575e-02 1.111837928496817451e-01 9.937425896243426982e-01
1.520530322650023460e+09 2.942472398281097412e-01 6.335195302963256836e-01 1.332006603479385376e-01 7.562477205679367376e-03 -1.295617433379764143e-02 1.079588847645950589e-01 9.940421649434849627e-01
1.520530322700025320e+09 2.621617913246154785e-01 6.339960694313049316e-01 1.031550019979476929e-01 1.524652055467024502e-02 -1.325994619856048044e-02 1.046586321281667009e-01 9.943029156946330271e-01
1.520530322750027657e+09 2.276696413755416870e-01 6.324051022529602051e-01 7.145314663648605347e-02 2.304024588649870170e-02 -1.253723335084929932e-02 1.018651187645194939e-01 9.944523429649539947e-01
1.520530322800028563e+09 1.913082003593444824e-01 6.290636062622070312e-01 3.978925943374633789e-02 3.053047983251990644e-02 -1.048060664167891481e-02 9.852476148417518842e-02 9.946109380356246144e-01
1.520530322850030661e+09 1.534686237573623657e-01 6.249032616615295410e-01 8.757154457271099091e-03 3.850877870207141535e-02 -6.327117530615732066e-03 9.346622585690930740e-02 9.948573295556976115e-01
1.520530322900065660e+09 1.150005087256431580e-01 6.197330355644226074e-01 -2.199697121977806091e-02 4.686853335553662486e-02 -2.778633292066211031e-03 8.822627452085363142e-02 9.949933388029791326e-01
1.520530322950033426e+09 7.634951919317245483e-02 6.131075024604797363e-01 -5.094709992408752441e-02 5.517250106461254328e-02 2.544701182202741083e-03 8.456769860800744665e-02 9.948858346435102140e-01
1.520530323000034571e+09 3.823065385222434998e-02 6.065465807914733887e-01 -7.892068475484848022e-02 6.555716661399663137e-02 1.068141213060709756e-02 8.263463486626163035e-02 9.943639587499945032e-01
1.520530323050036669e+09 1.036689267493784428e-03 5.993150472640991211e-01 -1.064365059137344360e-01 7.902978847957023434e-02 2.006100797789760193e-02 8.048063999188999340e-02 9.934156809102022700e-01
1.520530323100074291e+09 -3.508511558175086975e-02 5.907340645790100098e-01 -1.330121755599975586e-01 9.526503537853106551e-02 2.111192168862648447e-02 7.882234211482491704e-02 9.921017579767077432e-01
1.520530323150076151e+09 -7.066232711076736450e-02 5.801629424095153809e-01 -1.573095470666885376e-01 1.125598350385080132e-01 2.217548054910243455e-02 7.616019652691949360e-02 9.904737028631811491e-01
1.520530323200077295e+09 -1.066042557358741760e-01 5.670995712280273438e-01 -1.738949269056320190e-01 1.309711887183876433e-01 2.439946595653918679e-02 7.371640691802458512e-02 9.883405815496116853e-01
1.520530323250079393e+09 -1.413990706205368042e-01 5.508303046226501465e-01 -1.819107383489608765e-01 1.491179278910157724e-01 2.340312800756190470e-02 7.072457489391539842e-02 9.860092148083740016e-01
1.520530323300080299e+09 -1.753257066011428833e-01 5.302798748016357422e-01 -1.801353245973587036e-01 1.614567312121656106e-01 2.229432165180984804e-02 6.538973638124750964e-02 9.844586682763066809e-01
1.520530323350082397e+09 -2.084305286407470703e-01 5.035234093666076660e-01 -1.691569536924362183e-01 1.643946851703847467e-01 1.968951260193876548e-02 5.861624474039699162e-02 9.844545933834438767e-01
1.520530323400084257e+09 -2.403709143400192261e-01 4.710425734519958496e-01 -1.493304073810577393e-01 1.561282460574690834e-01 1.494039764901895599e-02 5.161980905869033992e-02 9.862738720121565494e-01
1.520530323450085163e+09 -2.707642316818237305e-01 4.342359602451324463e-01 -1.213508769869804382e-01 1.375260709525973069e-01 1.091732199096243604e-02 4.620042138923650954e-02 9.893598500810227847e-01
1.520530323500345230e+09 -3.002454042434692383e-01 3.936019539833068848e-01 -8.645189553499221802e-02 1.140729975893492454e-01 9.899394303867168135e-03 4.257415113412756080e-02 9.925103500057845807e-01
1.520530323550346136e+09 -3.286950588226318359e-01 3.522255718708038330e-01 -4.802186414599418640e-02 9.120596859803886680e-02 1.293598475849086840e-02 4.001237041999945732e-02 9.949437882633341834e-01
1.520530323600347996e+09 -3.566869199275970459e-01 3.105179667472839355e-01 -7.808007765561342239e-03 7.309965423332913381e-02 1.790380388267000938e-02 3.884611084283054461e-02 9.964069821262219184e-01
1.520530323650349140e+09 -3.842344284057617188e-01 2.702365815639495850e-01 3.287290781736373901e-02 6.051077120767979489e-02 2.353859242326188442e-02 3.803418450753118935e-02 9.971648720464587612e-01
1.520530323700351000e+09 -4.120757281780242920e-01 2.331623286008834839e-01 7.239196449518203735e-02 4.949202823617233210e-02 2.787830343320863574e-02 3.663041488937419932e-02 9.977131612060593513e-01
1.520530323750353098e+09 -4.405766725540161133e-01 1.984229981899261475e-01 1.102370694279670715e-01 3.781882553566106447e-02 2.979723642147011353e-02 3.502575197006375929e-02 9.982259553005410346e-01
1.520530323800354242e+09 -4.694663584232330322e-01 1.652133166790008545e-01 1.462723165750503540e-01 2.628978516580197586e-02 2.832768085588654311e-02 3.448322901007503521e-02 9.986577474842428526e-01
1.520530323850356102e+09 -4.985269606113433838e-01 1.330718994140625000e-01 1.802262961864471436e-01 1.639478752364462513e-02 2.539823441148492816e-02 3.249683430069166129e-02 9.990145626522503042e-01
1.520530323900153160e+09 -5.283168554306030273e-01 1.005520299077033997e-01 2.098062485456466675e-01 9.563396330538079596e-03 2.065170666064661265e-02 3.221851095409213744e-02 9.992217051358164293e-01
1.520530323950154066e+09 -5.589557886123657227e-01 6.735302507877349854e-02 2.340220659971237183e-01 4.334266010683806084e-03 1.650350236438551804e-02 3.131013865310156019e-02 9.993640596726405256e-01
1.520530324000155926e+09 -5.902578830718994141e-01 3.247060626745223999e-02 2.528308033943176270e-01 -4.703200705834637528e-04 1.363392510871615226e-02 2.941050675552595028e-02 9.994743203192087977e-01
1.520530324050157070e+09 -6.226644515991210938e-01 -3.104510949924588203e-03 2.661379575729370117e-01 -4.613886951721508228e-03 1.067218719842296347e-02 2.900728705937746094e-02 9.995115776043084210e-01
1.520530324100159168e+09 -6.548071503639221191e-01 -3.923163190484046936e-02 2.744059264659881592e-01 -7.912584192573235420e-03 9.236276628271599537e-03 3.030022830238320725e-02 9.994668470591033804e-01
1.520530324150160313e+09 -6.866238713264465332e-01 -7.515762746334075928e-02 2.772128880023956299e-01 -1.266655884981730297e-02 1.141919009656686135e-02 3.099714779094423639e-02 9.993739726515139532e-01
1.520530324200162172e+09 -7.192222476005554199e-01 -1.111296489834785461e-01 2.741443812847137451e-01 -1.997699744401953623e-02 1.537121436450750861e-02 2.848007486634741153e-02 9.992765036153353764e-01
1.520530324250163078e+09 -7.514508962631225586e-01 -1.473479717969894409e-01 2.662266492843627930e-01 -2.677378839786961895e-02 1.936126526614843912e-02 2.412943388449717910e-02 9.991626874951513582e-01
1.520530324299907923e+09 -7.829172015190124512e-01 -1.833374500274658203e-01 2.528077661991119385e-01 -2.835166213099768809e-02 2.279230535558035217e-02 2.198019767419128953e-02 9.990963742208212039e-01
1.520530324349909782e+09 -8.144297599792480469e-01 -2.194873690605163574e-01 2.340305149555206299e-01 -2.173000271194073726e-02 2.766537704069047671e-02 2.123731074467658311e-02 9.991553485457951300e-01
1.520530324399910927e+09 -8.440639376640319824e-01 -2.547901868820190430e-01 2.104146927595138550e-01 -7.020332276026080252e-03 3.042405237778140689e-02 1.850481861455982938e-02 9.993411147649687853e-01
1.520530324449913025e+09 -8.735941648483276367e-01 -2.895839214324951172e-01 1.827132999897003174e-01 1.083787754671076443e-02 3.041209497600712297e-02 1.381825864478164120e-02 9.993831600629854428e-01
1.520530324499994040e+09 -9.032797813415527344e-01 -3.240126669406890869e-01 1.530808061361312866e-01 2.513706596842461144e-02 2.665550541723187353e-02 1.145255246485920968e-02 9.992629538752503260e-01
1.520530324549915075e+09 -9.329225420951843262e-01 -3.578887581825256348e-01 1.228346824645996094e-01 3.343213315605065433e-02 2.443156180288913112e-02 9.214118029415220568e-03 9.990998405011620731e-01
1.520530324599916935e+09 -9.632173776626586914e-01 -3.913523852825164795e-01 9.251004457473754883e-02 3.731116708991506770e-02 2.462742328685851509e-02 6.881199881332928682e-03 9.989764841680865981e-01
1.520530324649918795e+09 -9.932982325553894043e-01 -4.241966605186462402e-01 6.222388893365859985e-02 3.949140575561892186e-02 2.481153865701623412e-02 4.113178045237081762e-03 9.989033477705860919e-01
1.520530324700017691e+09 -1.023452520370483398e+00 -4.563856422901153564e-01 3.282918408513069153e-02 4.220367185814051514e-02 2.286775746954536337e-02 2.053694367326433165e-03 9.988451822426988036e-01
1.520530324750020027e+09 -1.053372144699096680e+00 -4.863444864749908447e-01 5.677974317222833633e-03 4.198518742913836393e-02 2.420904845462707247e-02 -8.500555945156227722e-04 9.988245308436051184e-01
1.520530324800020933e+09 -1.082964539527893066e+00 -5.127647519111633301e-01 -1.786547712981700897e-02 3.849112576541822289e-02 2.840762184497111140e-02 -4.748174873250256799e-03 9.988437791235408314e-01
1.520530324850022793e+09 -1.111704707145690918e+00 -5.369786620140075684e-01 -3.776236996054649353e-02 3.365342092340786045e-02 3.191971191347005299e-02 -1.057976040510238795e-02 9.988676828896226878e-01
1.520530324900023937e+09 -1.140070557594299316e+00 -5.577914118766784668e-01 -5.420180410146713257e-02 2.962532691472878274e-02 3.130686710559796304e-02 -1.733824082331722125e-02 9.989202197785269632e-01
1.520530324950025797e+09 -1.168297886848449707e+00 -5.742448568344116211e-01 -6.831108033657073975e-02 2.615234678485555200e-02 3.009695403113345560e-02 -2.356239099369725198e-02 9.989269451998742388e-01
1.520530325000027657e+09 -1.195990204811096191e+00 -5.857186913490295410e-01 -8.123546838760375977e-02 2.204706811635467889e-02 3.048064075549872243e-02 -2.725152199013832280e-02 9.989205233029443409e-01
1.520530325050028801e+09 -1.222559332847595215e+00 -5.919381380081176758e-01 -9.407755732536315918e-02 1.855293866248748993e-02 2.880571252718074765e-02 -2.708119739961129674e-02 9.990458588774544513e-01
1.520530325100815773e+09 -1.248146533966064453e+00 -5.935614109039306641e-01 -1.073425784707069397e-01 1.620765930315378259e-02 2.789496390138283821e-02 -2.565976368856532491e-02 9.991500184138017993e-01
1.520530325150816917e+09 -1.273372292518615723e+00 -5.905869603157043457e-01 -1.208682432770729065e-01 1.562362872324769142e-02 3.165404423629469138e-02 -2.421427833325950213e-02 9.990833761172307481e-01
1.520530325200818777e+09 -1.297715663909912109e+00 -5.836374163627624512e-01 -1.328342854976654053e-01 1.972268864612064174e-02 3.465068660646025006e-02 -1.833000192753079724e-02 9.990367142901235287e-01
1.520530325250819683e+09 -1.322251200675964355e+00 -5.746634006500244141e-01 -1.405578702688217163e-01 2.933885336481279263e-02 3.411292649243179154e-02 -8.750799091466756122e-03 9.989489293475521947e-01
1.520530325300821781e+09 -1.345684051513671875e+00 -5.638209581375122070e-01 -1.401832550764083862e-01 4.114378284987515316e-02 3.158190878147105335e-02 3.351751282930563562e-03 9.986483554954959097e-01
1.520530325350823879e+09 -1.367864131927490234e+00 -5.522969961166381836e-01 -1.307031512260437012e-01 5.055600306897302387e-02 2.990214841312073893e-02 1.516336173275492812e-02 9.981583163681658766e-01
1.520530325400824785e+09 -1.389794230461120605e+00 -5.400649905204772949e-01 -1.127254068851470947e-01 5.342600751958787725e-02 3.090348214334352056e-02 2.451449579788209446e-02 9.977924012577509272e-01
1.520530325450826883e+09 -1.409118413925170898e+00 -5.271933078765869141e-01 -8.750989288091659546e-02 5.140278707731660290e-02 3.324535390001698981e-02 3.374443475171819834e-02 9.975539148577554638e-01
1.520530325500827789e+09 -1.426414132118225098e+00 -5.127547979354858398e-01 -5.736057832837104797e-02 4.899475023523602174e-02 3.493759440736814159e-02 4.039720855567027757e-02 9.973700138300343188e-01
1.520530325550912857e+09 -1.442643165588378906e+00 -4.953082799911499023e-01 -2.469484880566596985e-02 4.598204733666360483e-02 3.351513626707877669e-02 4.318929036731775778e-02 9.974452727650251482e-01
1.520530325600914717e+09 -1.456648111343383789e+00 -4.743920862674713135e-01 8.920211344957351685e-03 4.160593598179576635e-02 2.829505350556530546e-02 4.201625433429733575e-02 9.978491721747890786e-01
1.520530325650917053e+09 -1.469836950302124023e+00 -4.510045051574707031e-01 4.110030829906463623e-02 3.534820184923964659e-02 2.355011659956903272e-02 3.898374233206051975e-02 9.983366989487865162e-01
1.520530325700917959e+09 -1.481348514556884766e+00 -4.243327975273132324e-01 7.044629007577896118e-02 2.769042142832475045e-02 1.713204432503207322e-02 3.682709934540560892e-02 9.987910183677918274e-01
1.520530325750918865e+09 -1.491433024406433105e+00 -3.940811157226562500e-01 9.505954384803771973e-02 1.917761768345086631e-02 1.187051449019387896e-02 3.346722279096352864e-02 9.991852955605308173e-01
1.520530325800920963e+09 -1.500349998474121094e+00 -3.610531687736511230e-01 1.134220883250236511e-01 1.231549427647414020e-02 7.693971092917574646e-03 3.144582191641689950e-02 9.993999658262694430e-01
1.520530325850921869e+09 -1.507515549659729004e+00 -3.262689709663391113e-01 1.231063231825828552e-01 9.286904230991715678e-03 4.966125568719682512e-03 2.789370572481043170e-02 9.995554172668855708e-01
1.520530325900923967e+09 -1.513672947883605957e+00 -2.906919121742248535e-01 1.242640018463134766e-01 9.767288447922583411e-03 4.149503189537177318e-03 2.097355955897233989e-02 9.997237075807902107e-01
1.520530325950541258e+09 -1.518314957618713379e+00 -2.552072405815124512e-01 1.174833178520202637e-01 1.157015919467934036e-02 2.256182975456632808e-03 1.348611865675884008e-02 9.998395699601846376e-01
1.520530326000543118e+09 -1.522034406661987305e+00 -2.197717726230621338e-01 1.048310324549674988e-01 1.437896595503314855e-02 1.519348834572056654e-03 8.155534113524473550e-03 9.998622025961907411e-01
1.520530326050549030e+09 -1.524486541748046875e+00 -1.843328624963760376e-01 8.720710128545761108e-02 1.952756736096877138e-02 1.855690829136165225e-03 2.320318693121497296e-03 9.998049042916682394e-01
1.520530326100546122e+09 -1.525264859199523926e+00 -1.483666747808456421e-01 6.637780368328094482e-02 2.704354982627629397e-02 5.765630336496452334e-04 -1.419358930749089250e-03 9.996330823897775497e-01
1.520530326150547981e+09 -1.524942755699157715e+00 -1.116541549563407898e-01 4.354972019791603088e-02 3.649261832680883444e-02 1.625299044957198309e-03 -4.507030195315138606e-03 9.993224373992043441e-01
1.520530326200549126e+09 -1.523811578750610352e+00 -7.525489479303359985e-02 1.991782337427139282e-02 4.732751292198827953e-02 3.935185110086030467e-03 -7.315737380284952941e-03 9.988448832653401555e-01
1.520530326250551224e+09 -1.522550344467163086e+00 -3.875406831502914429e-02 -3.612954635173082352e-03 5.748335912677481063e-02 8.110320048181209746e-03 -1.058156303459864556e-02 9.982574400704276041e-01
1.520530326300552368e+09 -1.520238161087036133e+00 -2.208950463682413101e-03 -2.609498798847198486e-02 6.642403030928226149e-02 7.992739280604909541e-03 -1.127188767294618615e-02 9.976957997629100072e-01
1.520530326350204468e+09 -1.518434524536132812e+00 3.478856384754180908e-02 -4.847341775894165039e-02 7.465074495082250905e-02 8.230334570506299061e-03 -1.160721315982623028e-02 9.971082190383384614e-01
1.520530326400205612e+09 -1.516969561576843262e+00 7.229372859001159668e-02 -7.018289715051651001e-02 8.150608605692509501e-02 1.021551311751861361e-02 -1.322273127364481139e-02 9.965327694587328144e-01
1.520530326450207472e+09 -1.516151785850524902e+00 1.092831790447235107e-01 -9.141368418931961060e-02 8.699661808997669055e-02 1.291673287330179221e-02 -1.482867469469061061e-02 9.960144862699464863e-01
1.520530326500208616e+09 -1.515484929084777832e+00 1.461352854967117310e-01 -1.124037280678749084e-01 9.142979520691671413e-02 1.638490810722109670e-02 -1.633494824153556430e-02 9.955427147042387181e-01
1.520530326550210714e+09 -1.514851689338684082e+00 1.812642961740493774e-01 -1.296343058347702026e-01 9.837196462621640436e-02 1.721657573002269639e-02 -1.797258239448484840e-02 9.948384453657710402e-01
1.520530326600212574e+09 -1.513736844062805176e+00 2.141155898571014404e-01 -1.428513675928115845e-01 1.106330279103901054e-01 1.644680982571441324e-02 -2.135261470110696655e-02 9.934957983944177062e-01
1.520530326650213718e+09 -1.511912584304809570e+00 2.437290698289871216e-01 -1.498816907405853271e-01 1.259305276738111601e-01 1.602948577850362225e-02 -2.733102329295353239e-02 9.915329409309769915e-01
1.520530326700215578e+09 -1.509377837181091309e+00 2.686074376106262207e-01 -1.516414284706115723e-01 1.378000179340288511e-01 1.936728436646266080e-02 -3.388647984061109175e-02 9.896907445448106522e-01
1.520530326750426531e+09 -1.505311846733093262e+00 2.877448797225952148e-01 -1.453427821397781372e-01 1.412194761348860295e-01 2.278105077730313219e-02 -3.889232344657106433e-02 9.889517027957419604e-01
1.520530326800428629e+09 -1.498747587203979492e+00 3.002843558788299561e-01 -1.296582370996475220e-01 1.360354681002327870e-01 2.421818228902081899e-02 -4.300659766766896930e-02 9.894737306378665886e-01
1.520530326850429535e+09 -1.488924384117126465e+00 3.058366179466247559e-01 -1.049318462610244751e-01 1.227387493469796059e-01 2.477639774426288258e-02 -4.411916932070283209e-02 9.911482373600876139e-01
1.520530326900431395e+09 -1.475086927413940430e+00 3.055726885795593262e-01 -7.341815531253814697e-02 1.035809180519940559e-01 2.875479390515487538e-02 -4.391310201365682814e-02 9.932350148451857264e-01
1.520530326950432539e+09 -1.456950545310974121e+00 3.012003302574157715e-01 -3.718880936503410339e-02 8.067407825803475652e-02 3.734351892011733565e-02 -4.260778972397090414e-02 9.951290021633965033e-01
1.520530327000434637e+09 -1.433230638504028320e+00 2.944707274436950684e-01 1.646946649998426437e-03 5.624960835621748562e-02 4.878156023466970886e-02 -3.998819172483916023e-02 9.964222425575518516e-01
1.520530327050437450e+09 -1.403409481048583984e+00 2.868295311927795410e-01 4.149628430604934692e-02 3.142683739930084152e-02 6.204659443546124004e-02 -3.606117272212244762e-02 9.969263592823416342e-01
1.520530327100437641e+09 -1.367286562919616699e+00 2.795711755752563477e-01 8.079449832439422607e-02 8.380354384409368501e-03 7.590450348563639038e-02 -2.977110632585145203e-02 9.966353180773424025e-01
1.520530327150430441e+09 -1.325194597244262695e+00 2.732390463352203369e-01 1.175257116556167603e-01 -1.013175462914370911e-02 8.571353315063467981e-02 -2.027911636155643738e-02 9.960618932689696559e-01
1.520530327200432777e+09 -1.277697086334228516e+00 2.679216265678405762e-01 1.497874259948730469e-01 -2.507712223268107957e-02 9.008949649352164524e-02 -9.265559369928108580e-03 9.955747937606863607e-01
1.520530327250434637e+09 -1.225957751274108887e+00 2.629028856754302979e-01 1.771060824394226074e-01 -3.601209953331708374e-02 8.900818384263521621e-02 1.364919615846827555e-03 9.953787263603137703e-01
1.520530327300435543e+09 -1.171937823295593262e+00 2.591942250728607178e-01 1.978454589843750000e-01 -4.244346018236393181e-02 8.256262987512553997e-02 1.536398139208310087e-02 9.955631134747986444e-01
1.520530327350436687e+09 -1.115555047988891602e+00 2.565626502037048340e-01 2.100294083356857300e-01 -4.156989913311406881e-02 7.439300304346561921e-02 3.328468227244664457e-02 9.958060827843241425e-01
1.520530327400438547e+09 -1.058544278144836426e+00 2.558160722255706787e-01 2.109679728746414185e-01 -3.204740449537998165e-02 6.974803363921242005e-02 5.001147254244796975e-02 9.957946717485028909e-01
1.520530327450440645e+09 -1.002593159675598145e+00 2.570577263832092285e-01 2.011727988719940186e-01 -1.893315292102078218e-02 6.793999722562817090e-02 6.919868341989061922e-02 9.951066448931012998e-01
1.520530327500441790e+09 -9.460836052894592285e-01 2.595950067043304443e-01 1.818017214536666870e-01 -7.892483086032337988e-03 6.836917400346217977e-02 9.398182686342998471e-02 9.931922175370855310e-01
1.520530327550090075e+09 -8.887795805931091309e-01 2.629559338092803955e-01 1.575327515602111816e-01 -8.573519049097539117e-04 6.897775627936203469e-02 1.232639738778713717e-01 9.899733970315625076e-01
1.520530327600091219e+09 -8.300065994262695312e-01 2.671279311180114746e-01 1.311170011758804321e-01 5.670608571846880337e-03 6.805023652831650172e-02 1.555444919500046375e-01 9.854658393525774773e-01
1.520530327650103092e+09 -7.707061171531677246e-01 2.732033133506774902e-01 1.031303852796554565e-01 1.863943210537038347e-02 6.936978488852210689e-02 1.892557127819489982e-01 9.792970334350584727e-01
1.520530327700094223e+09 -7.121270895004272461e-01 2.807337343692779541e-01 7.701063156127929688e-02 4.047081075145460283e-02 7.131912912955910844e-02 2.282237821749063533e-01 9.701492671476396046e-01
1.520530327750096321e+09 -6.544739603996276855e-01 2.888319492340087891e-01 5.518727749586105347e-02 6.340595720881089803e-02 6.799181165835109508e-02 2.740699791727535528e-01 9.572055393979372884e-01
1.520530327800097227e+09 -5.965102314949035645e-01 2.955403327941894531e-01 4.010063409805297852e-02 8.029563789442692445e-02 6.152917494091388745e-02 3.201904918621034657e-01 9.419367388988082457e-01
1.520530327850099325e+09 -5.413746237754821777e-01 2.988695800304412842e-01 3.368612751364707947e-02 8.473756581697045043e-02 5.142611811379876885e-02 3.600886324875568478e-01 9.276373623719569306e-01
1.520530327900100231e+09 -4.888122081756591797e-01 2.965203523635864258e-01 3.685285523533821106e-02 7.704217752751287007e-02 3.774229074772841169e-02 3.902412365481247591e-01 9.167070413541742457e-01
1.520530327950102091e+09 -4.410886466503143311e-01 2.893160283565521240e-01 4.964519292116165161e-02 6.277500801441787681e-02 1.782892447746107709e-02 4.154197549441715487e-01 9.072859830411197368e-01
1.520530328000279903e+09 -3.980740010738372803e-01 2.773891985416412354e-01 7.001882791519165039e-02 4.752599254569208481e-02 -6.571419735319448778e-03 4.415930329870836890e-01 8.959317438803456879e-01
1.520530328050281763e+09 -3.606052398681640625e-01 2.630212008953094482e-01 9.374076873064041138e-02 3.113058398490903961e-02 -2.983449223651976970e-02 4.687078318944618016e-01 8.823002652921173583e-01
1.520530328100282669e+09 -3.280656337738037109e-01 2.458051592111587524e-01 1.182853803038597107e-01 1.467298925839209851e-02 -4.705572575444558203e-02 4.885615485895262178e-01 8.711360831120185111e-01
1.520530328150285006e+09 -2.995519042015075684e-01 2.263862043619155884e-01 1.429683566093444824e-01 1.255642309132664301e-03 -6.083129146646688162e-02 5.011531256942109991e-01 8.632169611099145268e-01
1.520530328200286865e+09 -2.765360474586486816e-01 2.062542438507080078e-01 1.648801714181900024e-01 -9.621165218686838702e-03 -6.750349367801830591e-02 5.012819519972597782e-01 8.625932506824485202e-01
1.520530328250287771e+09 -2.582053840160369873e-01 1.835687458515167236e-01 1.840552836656570435e-01 -1.536626840211791252e-02 -6.912924701431175101e-02 4.868908247761500885e-01 8.705873590579112919e-01
1.520530328300289869e+09 -2.446604520082473755e-01 1.586744934320449829e-01 1.996919810771942139e-01 -1.706607528796282372e-02 -6.781074703800921144e-02 4.576197170392088398e-01 8.863941821996391690e-01
1.520530328350290775e+09 -2.351367324590682983e-01 1.303227990865707397e-01 2.119139581918716431e-01 -1.324291794443616978e-02 -6.679363017365555488e-02 4.178272451345430571e-01 9.059710973953972735e-01
1.520530328400336742e+09 -2.297988831996917725e-01 1.008888706564903259e-01 2.195109575986862183e-01 -7.708944101401357489e-03 -6.443140422666243650e-02 3.686781094214112708e-01 9.272893927807412950e-01
1.520530328450337648e+09 -2.291482090950012207e-01 7.131496071815490723e-02 2.227975279092788696e-01 -4.288314992930912506e-03 -6.048444960105606866e-02 3.104962478910877621e-01 9.486386676477692736e-01
1.520530328500339746e+09 -2.317146360874176025e-01 4.206505790352821350e-02 2.225663512945175171e-01 -7.305092721408296824e-03 -5.847878071090732710e-02 2.492301043473886257e-01 9.666494829636474995e-01
1.520530328550341845e+09 -2.359849959611892700e-01 1.376236695796251297e-02 2.202144414186477661e-01 -1.881617012273256381e-02 -5.482836292452507310e-02 1.865600573013240504e-01 9.807319447130575796e-01
1.520530328600343704e+09 -2.417882084846496582e-01 -1.263044774532318115e-02 2.171465307474136353e-01 -3.321148429589108192e-02 -4.684220218379502726e-02 1.228911271176423847e-01 9.907575769486659523e-01
1.520530328650345564e+09 -2.488698065280914307e-01 -3.616807237267494202e-02 2.136386781930923462e-01 -4.398214595167222046e-02 -3.556600033628480595e-02 5.952918229199347100e-02 9.966227505496810801e-01
1.520530328700346708e+09 -2.551800310611724854e-01 -5.745689570903778076e-02 2.097601592540740967e-01 -4.804289619588841126e-02 -2.130772131752876539e-02 -8.313086419845552551e-04 9.986176295576337791e-01
1.520530328750347614e+09 -2.604736387729644775e-01 -7.768225669860839844e-02 2.062456011772155762e-01 -4.601480513282735912e-02 -5.584628424551851475e-03 -5.196962168391569548e-02 9.975723573034579461e-01
1.520530328800086260e+09 -2.638034820556640625e-01 -9.747499972581863403e-02 2.041555494070053101e-01 -4.082635134621920292e-02 1.158215211524702901e-02 -8.708413086767166633e-02 9.952966477081877095e-01
1.520530328850087166e+09 -2.643912434577941895e-01 -1.165621206164360046e-01 2.037206441164016724e-01 -3.606932112354071379e-02 2.794008046116151778e-02 -1.021928528188023599e-01 9.937177551046700863e-01
1.520530328900089264e+09 -2.611466050148010254e-01 -1.364401429891586304e-01 2.072523832321166992e-01 -3.344241200006060899e-02 3.919489731920280245e-02 -9.645587329424377965e-02 9.940028317921434375e-01
1.520530328950091362e+09 -2.534877061843872070e-01 -1.557007133960723877e-01 2.124168872833251953e-01 -3.189905423079731489e-02 4.285258884073269575e-02 -7.392964657513656501e-02 9.958315687535232996e-01
1.520530329000092268e+09 -2.423552423715591431e-01 -1.726597249507904053e-01 2.182794064283370972e-01 -3.118895514910682495e-02 4.314036242060510784e-02 -3.906747651007293903e-02 9.978175637289918853e-01
1.520530329050093174e+09 -2.289616167545318604e-01 -1.874050199985504150e-01 2.239627242088317871e-01 -3.163445212175378801e-02 4.364029475095981131e-02 6.362376420394260735e-04 9.985461337938615900e-01
1.520530329100095272e+09 -2.136378884315490723e-01 -1.992099434137344360e-01 2.289733290672302246e-01 -3.191075260342405434e-02 4.220657513043143960e-02 4.424140678629080725e-02 9.976186680338395840e-01
1.520530329150097132e+09 -1.966977119445800781e-01 -2.079986780881881714e-01 2.327856421470642090e-01 -2.986192256389329225e-02 3.928407183855998214e-02 8.821443248759519573e-02 9.948785057389984976e-01
1.520530329200044394e+09 -1.786988377571105957e-01 -2.143561094999313354e-01 2.346269786357879639e-01 -2.727010877946313416e-02 3.171657218702391562e-02 1.357777637825627326e-01 9.898559486501398164e-01
1.520530329250095129e+09 -1.598090827465057373e-01 -2.183317095041275024e-01 2.354091107845306396e-01 -2.669969108418110068e-02 2.157364338263955197e-02 1.853205944351258017e-01 9.820783989506234324e-01
1.520530329300047159e+09 -1.405280083417892456e-01 -2.200635969638824463e-01 2.347909510135650635e-01 -2.950032591986979577e-02 5.307297648066170055e-03 2.356070262357201073e-01 9.713860677149209755e-01
1.520530329350049257e+09 -1.206322908401489258e-01 -2.203623056411743164e-01 2.331023812294006348e-01 -3.453557665500185669e-02 -1.305694588684661039e-02 2.820236162064996277e-01 9.586967664548698975e-01
1.520530329400050163e+09 -1.010032147169113159e-01 -2.177616655826568604e-01 2.312585711479187012e-01 -3.657334386944336574e-02 -3.464974919880352278e-02 3.159902768778548032e-01 9.474238387951424700e-01
1.520530329450052261e+09 -8.267813920974731445e-02 -2.151241451501846313e-01 2.297419309616088867e-01 -3.477023439160301099e-02 -5.737894603893846368e-02 3.332672914709690071e-01 9.404422362843012362e-01
1.520530329500053406e+09 -6.628770381212234497e-02 -2.141118794679641724e-01 2.291921377182006836e-01 -2.931057792488082209e-02 -8.262359414331851837e-02 3.316465938663690216e-01 9.393214404501715187e-01
1.520530329550055265e+09 -5.363876745104789734e-02 -2.144912481307983398e-01 2.292630672454833984e-01 -2.139437960930379995e-02 -1.097591730661293258e-01 3.106232934154321557e-01 9.439323990820120969e-01
1.520530329600096941e+09 -4.597612842917442322e-02 -2.170349508523941040e-01 2.294946461915969849e-01 -1.103880533470808813e-02 -1.427172298975502018e-01 2.761228441796994004e-01 9.504031313023255656e-01
1.520530329650099039e+09 -4.287864640355110168e-02 -2.195134609937667847e-01 2.293599396944046021e-01 -1.898494181460306770e-03 -1.804461610720091702e-01 2.368235118099490943e-01 9.546466377294902106e-01
1.520530329700099945e+09 -4.496216028928756714e-02 -2.207858711481094360e-01 2.284182757139205933e-01 3.737736516153093106e-03 -2.181273278215919431e-01 1.936353187236139473e-01 9.565102516575303415e-01
1.520530329750102043e+09 -5.218099057674407959e-02 -2.218436747789382935e-01 2.269522398710250854e-01 6.470598926827971289e-03 -2.540448378950861397e-01 1.479463171560054247e-01 9.557882814349432099e-01
1.520530329800104141e+09 -6.483138352632522583e-02 -2.220463603734970093e-01 2.234844714403152466e-01 7.598857877748776968e-03 -2.823199039955305301e-01 1.006497668456559080e-01 9.539954683334839203e-01
1.520530329850104809e+09 -8.260567486286163330e-02 -2.215546816587448120e-01 2.174246311187744141e-01 1.269819573290453113e-02 -3.024277057257603318e-01 5.478746382811890137e-02 9.515117300600473005e-01
1.520530329900107145e+09 -1.051283031702041626e-01 -2.203938364982604980e-01 2.078150808811187744e-01 2.711797631550558196e-02 -3.124437644080994558e-01 9.335513309091447026e-03 9.495032162316794366e-01
1.520530329950109005e+09 -1.314324289560317993e-01 -2.179874181747436523e-01 1.943451017141342163e-01 4.859465508160085850e-02 -3.182179780479759690e-01 -3.181568758393298751e-02 9.462365665985011942e-01
1.520530330000109911e+09 -1.610978841781616211e-01 -2.149470895528793335e-01 1.782412827014923096e-01 7.118929612844986099e-02 -3.156776290875263902e-01 -6.794051530399519701e-02 9.437498635711909500e-01
1.520530330050161600e+09 -1.947115659713745117e-01 -2.113658338785171509e-01 1.622905582189559937e-01 8.899092752621377833e-02 -2.981249120262479124e-01 -1.027334341512900484e-01 9.448005044213558801e-01
1.520530330100162506e+09 -2.314218133687973022e-01 -2.062371969223022461e-01 1.473449468612670898e-01 1.022733222207685977e-01 -2.660846103203363677e-01 -1.342737222149965604e-01 9.490572771098337856e-01
1.520530330150164604e+09 -2.706953883171081543e-01 -1.995481401681900024e-01 1.348742693662643433e-01 1.091194321672298989e-01 -2.236868776055554453e-01 -1.661831951317416511e-01 9.541699408210174704e-01
1.520530330200165510e+09 -3.107265830039978027e-01 -1.919360309839248657e-01 1.260471343994140625e-01 1.059654868296540792e-01 -1.792096779625996505e-01 -1.957937463695652858e-01 9.582901522023827834e-01
1.520530330250167370e+09 -3.503254950046539307e-01 -1.833605319261550903e-01 1.221004724502563477e-01 9.388349006419240139e-02 -1.313645811869398050e-01 -2.226358157927892378e-01 9.614377414212664785e-01
1.520530330300169468e+09 -3.880525231361389160e-01 -1.748615652322769165e-01 1.235421150922775269e-01 7.750894187601814478e-02 -7.386172653477622585e-02 -2.479901988131039126e-01 9.628279548160196821e-01
1.520530330350170374e+09 -4.222275614738464355e-01 -1.664645969867706299e-01 1.292514652013778687e-01 5.874280236874994399e-02 -7.487850226300151249e-03 -2.663960575891501925e-01 9.620428035019088497e-01
1.520530330400172472e+09 -4.509759545326232910e-01 -1.585007011890411377e-01 1.383656263351440430e-01 4.081565550860943858e-02 6.299749073335994543e-02 -2.737041140340504830e-01 9.588803139013430954e-01
1.520530330450787306e+09 -4.738940000534057617e-01 -1.519708037376403809e-01 1.493022143840789795e-01 2.746301570820718074e-02 1.301655943920880520e-01 -2.657585792277462611e-01 9.548167773827683780e-01
1.520530330500788212e+09 -4.883898496627807617e-01 -1.464009433984756470e-01 1.609665900468826294e-01 2.299203498890791536e-02 1.894168076972671255e-01 -2.440468777069227657e-01 9.508068998331615784e-01
1.520530330550790548e+09 -4.938577115535736084e-01 -1.416762024164199829e-01 1.713556051254272461e-01 2.648758976148185562e-02 2.373549552037550747e-01 -2.117529730841043178e-01 9.476928359014292758e-01
1.520530330600792408e+09 -4.904401600360870361e-01 -1.378563344478607178e-01 1.792652606964111328e-01 3.330115093139733584e-02 2.773360496952617660e-01 -1.687157681352971506e-01 9.452569695424564156e-01
1.520530330650793314e+09 -4.784624874591827393e-01 -1.347832679748535156e-01 1.833066642284393311e-01 3.870133011579181270e-02 3.099061607323012613e-01 -1.153809488092037011e-01 9.429462419668056539e-01
1.520530330700795412e+09 -4.578903913497924805e-01 -1.312962770462036133e-01 1.841009110212326050e-01 4.167375579467155755e-02 3.381304930107634776e-01 -5.542293012587165557e-02 9.385410841249981484e-01
1.520530330750797510e+09 -4.285755157470703125e-01 -1.255730837583541870e-01 1.810873299837112427e-01 4.591050839747654738e-02 3.546305968767092809e-01 6.204463205165627881e-03 9.338580564592725564e-01
1.520530330800798416e+09 -3.936164081096649170e-01 -1.183107569813728333e-01 1.732552647590637207e-01 5.415695943967301779e-02 3.611993268723806549e-01 6.695325259402890028e-02 9.285038136584409241e-01
1.520530330850366831e+09 -3.552844822406768799e-01 -1.081677004694938660e-01 1.614461094141006470e-01 6.476361649034029222e-02 3.583842592317610376e-01 1.227388678576341180e-01 9.232018018997906195e-01
1.520530330900276899e+09 -3.143482804298400879e-01 -9.468871355056762695e-02 1.474139243364334106e-01 7.882891281303998354e-02 3.438892227494205200e-01 1.772081185311890628e-01 9.187619320085860242e-01
1.520530330950278759e+09 -2.730086743831634521e-01 -7.906984537839889526e-02 1.316254734992980957e-01 9.580418892570298495e-02 3.194443178763023417e-01 2.272969855441305809e-01 9.149387769262943282e-01
1.520530331000279903e+09 -2.312487363815307617e-01 -6.212998181581497192e-02 1.158957406878471375e-01 1.114301145208402288e-01 2.908422610357004334e-01 2.702223324721848563e-01 9.110290883428507902e-01
1.520530331050281763e+09 -1.895620375871658325e-01 -4.643291980028152466e-02 1.021558344364166260e-01 1.236295124555328723e-01 2.623811845663381881e-01 3.038273917106332211e-01 9.075024923832913926e-01
1.520530331100282907e+09 -1.484165638685226440e-01 -3.231343254446983337e-02 9.318860620260238647e-02 1.347604946927547509e-01 2.304648236274980666e-01 3.289102210762278045e-01 9.058386393900942357e-01
1.520530331150285006e+09 -1.096952781081199646e-01 -2.029050700366497040e-02 9.098237752914428711e-02 1.463502114785432962e-01 1.920802781437052076e-01 3.482915261935911611e-01 9.057481963162617999e-01
1.520530331200285673e+09 -7.401622831821441650e-02 -1.007363572716712952e-02 9.482982009649276733e-02 1.568016953106760591e-01 1.474279562646375608e-01 3.628251728398924625e-01 9.066620759759570491e-01
1.520530331250735521e+09 -4.276354238390922546e-02 -2.700148615986108780e-03 1.039543151855468750e-01 1.613746736729254339e-01 9.798803206298221935e-02 3.706482062578022041e-01 9.093824648998102278e-01
1.520530331300736427e+09 -1.647534780204296112e-02 2.451262902468442917e-03 1.165177226066589355e-01 1.574980886505838451e-01 4.475306267203615213e-02 3.703707986586332601e-01 9.143396452926297879e-01
1.520530331350738525e+09 1.457368256524205208e-03 2.646811539307236671e-03 1.342068761587142944e-01 1.438516317566398417e-01 -1.234618149638593183e-02 3.608093705175262067e-01 9.213961569217429259e-01
1.520530331400740385e+09 1.129172090440988541e-02 -1.748290611431002617e-03 1.547239869832992554e-01 1.238996746664572796e-01 -7.319186114526386733e-02 3.416394649742444112e-01 9.287487809153508467e-01
1.520530331450741291e+09 1.237686164677143097e-02 -8.995531126856803894e-03 1.754704266786575317e-01 1.009163735074083551e-01 -1.358281757851931559e-01 3.122962568022751850e-01 9.347928327754054800e-01
1.520530331500743628e+09 5.481844302266836166e-03 -1.860908232629299164e-02 1.945470571517944336e-01 7.796682140572609720e-02 -1.977426637536339182e-01 2.748170695483067583e-01 9.377070928474338096e-01
1.520530331550744534e+09 -7.783134002238512039e-03 -2.966005541384220123e-02 2.092970460653305054e-01 5.903066552690801327e-02 -2.517594336487070650e-01 2.281782125164280861e-01 9.386518371734752231e-01
1.520530331600746393e+09 -2.738419733941555023e-02 -4.093401506543159485e-02 2.182050496339797974e-01 4.661367556307546844e-02 -2.942656997619944592e-01 1.730629549782659593e-01 9.387673177141793168e-01
1.520530331650479317e+09 -5.224780365824699402e-02 -5.212161689996719360e-02 2.203247696161270142e-01 4.049243402223702548e-02 -3.230587540284249881e-01 1.146574882559962399e-01 9.385345303287366825e-01
1.520530331700481176e+09 -8.167807757854461670e-02 -6.207223609089851379e-02 2.154785543680191040e-01 3.821682500078517342e-02 -3.424694486692367867e-01 5.672623131927620466e-02 9.370359041655555998e-01
1.520530331750483036e+09 -1.153913065791130066e-01 -7.029407471418380737e-02 2.040209919214248657e-01 3.810864211276410174e-02 -3.515114391062976185e-01 1.915422274568816480e-04 9.354076132282204137e-01
1.520530331800484180e+09 -1.523102074861526489e-01 -7.700963318347930908e-02 1.873808950185775757e-01 3.946329562074731706e-02 -3.503236391656910920e-01 -5.370042348991493214e-02 9.342549227365409825e-01
1.520530331850486040e+09 -1.917852163314819336e-01 -8.040187507867813110e-02 1.676697880029678345e-01 4.179108644755338137e-02 -3.350591762619696268e-01 -1.061381933922946608e-01 9.352665595431088885e-01
1.520530331900488138e+09 -2.325703799724578857e-01 -8.015879243612289429e-02 1.468914151191711426e-01 4.450295931435588326e-02 -3.087545082989869294e-01 -1.543045811852749305e-01 9.374861260000344476e-01
1.520530331950489283e+09 -2.737338840961456299e-01 -7.656020671129226685e-02 1.278672963380813599e-01 4.768944911815243409e-02 -2.775539462225334875e-01 -1.958657059217517593e-01 9.393221750937641445e-01
1.520530332000491142e+09 -3.139826059341430664e-01 -6.976807117462158203e-02 1.117705702781677246e-01 5.156967102830337796e-02 -2.431520224777770633e-01 -2.315155424962978825e-01 9.405414486228896864e-01
1.520530332050387383e+09 -3.516238927841186523e-01 -6.123302131891250610e-02 1.012634858489036560e-01 5.662486350793519141e-02 -2.048703155930328423e-01 -2.630278304898652775e-01 9.410834920501546241e-01
1.520530332100388527e+09 -3.860486149787902832e-01 -5.126535519957542419e-02 9.652773290872573853e-02 6.005182355155321700e-02 -1.638191305636139961e-01 -2.907414967221292335e-01 9.407584456348456747e-01
1.520530332150390387e+09 -4.169664382934570312e-01 -4.132580757141113281e-02 9.839528053998947144e-02 5.956638491264268365e-02 -1.209607548388593468e-01 -3.154629110976719386e-01 9.393101156162615428e-01
1.520530332200392246e+09 -4.428560137748718262e-01 -3.202610835433006287e-02 1.075805872678756714e-01 5.394662707431326781e-02 -7.295106068438962643e-02 -3.356529344077305854e-01 9.376060002985300290e-01
1.520530332250393391e+09 -4.626101851463317871e-01 -2.392222918570041656e-02 1.226689070463180542e-01 4.388779592249185402e-02 -1.823236158853098338e-02 -3.455749010736615667e-01 9.371869771331117205e-01
1.520530332300399542e+09 -4.735929369926452637e-01 -1.826274394989013672e-02 1.430817097425460815e-01 2.859407102262255876e-02 4.015403348665780303e-02 -3.434511196633591723e-01 9.378759838587885644e-01
1.520530332350396395e+09 -4.747877717018127441e-01 -1.470093429088592529e-02 1.669013351202011108e-01 9.686370037466633665e-03 9.254382968304335211e-02 -3.295752587521971200e-01 9.395328427689557671e-01
1.520530332400401592e+09 -4.649055898189544678e-01 -1.421293895691633224e-02 1.918102949857711792e-01 -8.172564853824544270e-03 1.429329911517749352e-01 -3.078106832071775267e-01 9.406146673998058150e-01
1.520530332450399399e+09 -4.485242366790771484e-01 -1.571925170719623566e-02 2.144246846437454224e-01 -2.329196754290852739e-02 1.921157218903461750e-01 -2.801884976778638014e-01 9.402358424456881414e-01
1.520530332500482559e+09 -4.254260957241058350e-01 -1.943004876375198364e-02 2.326805889606475830e-01 -3.713028825780722436e-02 2.367401387792310297e-01 -2.432840730324904444e-01 9.398873912301431988e-01
1.520530332550483465e+09 -3.965601325035095215e-01 -2.422334440052509308e-02 2.453306466341018677e-01 -5.055751751859412224e-02 2.768092304449268348e-01 -1.988071990266266631e-01 9.387738199257751326e-01
1.520530332600485802e+09 -3.624645471572875977e-01 -3.006613999605178833e-02 2.511019408702850342e-01 -5.850760656827137113e-02 3.082329146113323981e-01 -1.463866443173720833e-01 9.381579188438131656e-01
1.520530332650487661e+09 -3.253721892833709717e-01 -3.578805178403854370e-02 2.489119768142700195e-01 -5.824336937086889432e-02 3.346294039672951803e-01 -9.232623530301113657e-02 9.360057362001552583e-01
1.520530332700488567e+09 -2.863421440124511719e-01 -4.152755439281463623e-02 2.385480105876922607e-01 -5.198840367527361034e-02 3.555552324487160076e-01 -3.920000376123954078e-02 9.323845999729698519e-01
1.520530332750490665e+09 -2.473250180482864380e-01 -4.454226791858673096e-02 2.212056815624237061e-01 -4.150443100624009313e-02 3.676348879489719224e-01 9.535324642683534399e-03 9.289946442006831173e-01
1.520530332800491571e+09 -2.081929296255111694e-01 -4.458719119429588318e-02 1.992311477661132812e-01 -2.748634147842315273e-02 3.654636546782019657e-01 5.679451000361711299e-02 9.286846621834735638e-01
1.520530332850493431e+09 -1.687482893466949463e-01 -4.169796034693717957e-02 1.737538874149322510e-01 -1.146675112383087509e-02 3.536913482401395359e-01 1.025298847317580447e-01 9.296550793362173826e-01
1.520530332900163889e+09 -1.305806785821914673e-01 -3.654010221362113953e-02 1.474421769380569458e-01 6.254478392593676266e-03 3.347874649240015210e-01 1.463864046834165433e-01 9.308325603209527399e-01
1.520530332950166225e+09 -9.340929985046386719e-02 -2.860793843865394592e-02 1.222474128007888794e-01 2.734559773100366312e-02 3.116828287441838485e-01 1.882375945679134188e-01 9.309525447314936919e-01
1.520530333000168085e+09 -5.805164203047752380e-02 -1.819387637078762054e-02 1.008257865905761719e-01 5.287945250196163238e-02 2.834274757926190103e-01 2.295355191937528128e-01 9.296160900594241383e-01
1.520530333050168991e+09 -2.518730238080024719e-02 -5.964080803096294403e-03 8.521357923746109009e-02 7.714525908096080131e-02 2.537490876455497091e-01 2.697954617516654108e-01 9.256729543086954504e-01
1.520530333100171089e+09 2.704371931031346321e-03 5.883059464395046234e-03 7.776848226785659790e-02 9.462399266635020123e-02 2.248525525373566980e-01 3.107734100373192865e-01 9.186443910693027348e-01
1.520530333150172949e+09 2.580971829593181610e-02 1.746600866317749023e-02 7.923548668622970581e-02 1.037110730852224827e-01 1.954447421603958679e-01 3.543557124306242478e-01 9.085578656030405265e-01
1.520530333200173855e+09 4.457086697220802307e-02 2.853043004870414734e-02 8.844885975122451782e-02 1.050836762429949861e-01 1.650973143607584459e-01 3.951360958434069759e-01 8.975342687272460651e-01
1.520530333250174999e+09 5.743426084518432617e-02 3.786255791783332825e-02 1.048558577895164490e-01 1.017745391601046628e-01 1.291886661690154481e-01 4.351104311351655096e-01 8.852294303905567929e-01
1.520530333300608158e+09 6.471298635005950928e-02 4.528210684657096863e-02 1.261082738637924194e-01 9.432934332566406122e-02 9.028567477085422399e-02 4.719193333754818642e-01 8.719189266814669770e-01
1.520530333350610018e+09 6.660540401935577393e-02 5.128411948680877686e-02 1.496696174144744873e-01 8.531594351466648130e-02 4.990179072322626502e-02 5.076065260879656371e-01 8.559010548759271586e-01
1.520530333400611877e+09 6.280871480703353882e-02 5.525206401944160461e-02 1.737199723720550537e-01 7.512779558718039874e-02 1.213666428170479678e-02 5.408001559982981155e-01 8.377014426289001170e-01
1.520530333450613022e+09 5.588541924953460693e-02 5.815652012825012207e-02 1.951079964637756348e-01 6.621243541420127054e-02 -2.056199044187227015e-02 5.696114075193310367e-01 8.189847143686108666e-01
1.520530333500615120e+09 4.688583686947822571e-02 5.885973572731018066e-02 2.128655165433883667e-01 5.790446778068764760e-02 -4.358785378818284817e-02 5.881341398058341774e-01 8.055094072746928902e-01
1.520530333550615788e+09 3.661199659109115601e-02 5.666309222579002380e-02 2.273806631565093994e-01 5.106629629345661031e-02 -5.822533967462892313e-02 5.911042919580097310e-01 8.028684569912203361e-01
1.520530333600618124e+09 2.514270320534706116e-02 5.144630372524261475e-02 2.389109581708908081e-01 4.849108668637495262e-02 -6.790869665598510407e-02 5.754907712471554193e-01 8.135400393587364221e-01
1.520530333650619030e+09 1.051444374024868011e-02 4.142111912369728088e-02 2.480877041816711426e-01 4.817732006338500128e-02 -7.340521297333081618e-02 5.380676338843772832e-01 8.383160751804283883e-01
1.520530333700541496e+09 -7.419572677463293076e-03 2.847445197403430939e-02 2.555401623249053955e-01 4.564537571571244262e-02 -7.868396005678174321e-02 4.892099198074997268e-01 8.674093546114741704e-01
1.520530333750542402e+09 -2.886107750236988068e-02 1.445414405316114426e-02 2.628197669982910156e-01 3.431675497144086318e-02 -8.493424739228799814e-02 4.322194944808691042e-01 8.971035851777863224e-01
1.520530333800544262e+09 -5.248517915606498718e-02 4.125778505112975836e-04 2.701995968818664551e-01 1.013934415645546643e-02 -8.648328394704300759e-02 3.625221215385572293e-01 9.278984571023899397e-01
1.520530333850545406e+09 -7.836586236953735352e-02 -1.057999208569526672e-02 2.774526178836822510e-01 -2.597876354572650065e-02 -8.505121299840517901e-02 2.882815193405360854e-01 9.534071326662326706e-01
1.520530333900547504e+09 -1.049878746271133423e-01 -1.972838118672370911e-02 2.846357822418212891e-01 -6.805164663389222379e-02 -7.698710500297255288e-02 2.100415687374251605e-01 9.722779944316329859e-01
1.520530333950549364e+09 -1.309759467840194702e-01 -2.433463372290134430e-02 2.932890355587005615e-01 -1.113465687789976372e-01 -5.722638393813917618e-02 1.286435380701897169e-01 9.837570445568825095e-01
1.520530334000561476e+09 -1.535814851522445679e-01 -2.618419192731380463e-02 3.018812835216522217e-01 -1.486238563405449520e-01 -3.248467396061163748e-02 5.648674341476642852e-02 9.867446189883846142e-01
1.520530334050551414e+09 -1.720865219831466675e-01 -2.638073638081550598e-02 3.117752075195312500e-01 -1.783460530104472863e-01 -1.371545905265756163e-02 6.230245818546849799e-03 9.838525070332493350e-01
1.520530334100215912e+09 -1.947343498468399048e-01 -2.521109208464622498e-02 3.249118924140930176e-01 -2.021449758797518592e-01 -5.734177177202007432e-03 -1.951775469649434311e-02 9.791443127498021815e-01
1.520530334150218010e+09 -2.054197937250137329e-01 -2.293339371681213379e-02 3.367643356323242188e-01 -2.203043996964033913e-01 -4.258397677963971124e-03 -2.803080897758705725e-02 9.750190312356398215e-01
1.520530334200218916e+09 -2.111412733793258667e-01 -2.306742407381534576e-02 3.493420481681823730e-01 -2.266081174416705035e-01 -8.008333099304374911e-03 -2.471301200240714341e-02 9.736395096483511091e-01
1.520530334250220776e+09 -2.173450589179992676e-01 -2.449955418705940247e-02 3.603782653808593750e-01 -2.021677634983785055e-01 -1.173501177659226451e-02 -1.397539297123343710e-02 9.791808685283667213e-01
1.520530334300222158e+09 -2.202378660440444946e-01 -2.605586498975753784e-02 3.606038689613342285e-01 -1.459802339690891571e-01 -1.159864438520292161e-02 -1.138151002674687952e-03 9.892188571550032394e-01
1.520530334350224018e+09 -2.208622395992279053e-01 -2.751771919429302216e-02 3.534930944442749023e-01 -8.067487568656905861e-02 -1.006800450581130275e-02 1.284066717187154656e-02 9.966069019351655456e-01
1.520530334400225163e+09 -2.191021591424942017e-01 -2.922674268484115601e-02 3.418053388595581055e-01 -2.187310151091427166e-02 -9.461524861221240826e-03 2.518247431114597340e-02 9.993987642403617810e-01
1.520530334450227022e+09 -2.166060358285903931e-01 -3.063917160034179688e-02 3.265425562858581543e-01 2.948146275651682136e-02 -7.674435501714338762e-03 3.491555261515021796e-02 9.989258483886804818e-01
1.520530334500227928e+09 -2.138082236051559448e-01 -3.165867179632186890e-02 3.105001747608184814e-01 7.791502441568781689e-02 -6.973200180355289442e-03 4.293427805835292599e-02 9.960106782646236390e-01
1.520530334550085783e+09 -2.117783874273300171e-01 -3.310738503932952881e-02 2.945906519889831543e-01 1.223410235194157814e-01 -6.049133083467738738e-03 4.844688020883048535e-02 9.912865285835330553e-01
1.520530334600087881e+09 -2.097866833209991455e-01 -3.407823294401168823e-02 2.772725820541381836e-01 1.642521126134102727e-01 -3.762944960315170537e-03 5.225253329358351545e-02 9.850262719905800157e-01
1.520530334650088787e+09 -2.087372690439224243e-01 -3.404168412089347839e-02 2.602908015251159668e-01 2.059721971416926811e-01 -4.235844861716913539e-04 5.580063199988029299e-02 9.769654876448916614e-01
1.520530334700090647e+09 -2.083883136510848999e-01 -3.330351039767265320e-02 2.431852072477340698e-01 2.489006597158074652e-01 1.858949840930333979e-03 5.987291611892563842e-02 9.666748366508465251e-01
1.520530334750091791e+09 -2.090406715869903564e-01 -3.254077211022377014e-02 2.265802025794982910e-01 2.917665953475807594e-01 2.593608642574888982e-03 6.320090193894070674e-02 9.543957109226730573e-01
1.520530334800093889e+09 -2.116749733686447144e-01 -3.193103894591331482e-02 2.100696861743927002e-01 3.352097055867023778e-01 2.035139695308156148e-03 6.550443493454499722e-02 9.398614155772130330e-01
1.520530334850094795e+09 -2.152403295040130615e-01 -2.990250475704669952e-02 1.943171173334121704e-01 3.778443974336802569e-01 -3.360090549427183042e-04 6.648889478188989288e-02 9.234786003457670089e-01
1.520530334900096893e+09 -2.195207923650741577e-01 -2.712737955152988434e-02 1.799206137657165527e-01 4.141049050724392999e-01 -2.060922543136005976e-03 6.524769159543925001e-02 9.078852454659034343e-01
1.520530334950927734e+09 -2.236438691616058350e-01 -2.505570463836193085e-02 1.685378253459930420e-01 4.324769035474447243e-01 -4.564075218422621039e-03 6.284796382314301877e-02 8.994403985582922756e-01
1.520530335000928640e+09 -2.273773699998855591e-01 -2.445665188133716583e-02 1.632035523653030396e-01 4.243764605744111407e-01 -7.876074368889932759e-03 5.975521718528257337e-02 9.034776705497544746e-01
1.520530335050930738e+09 -2.311228513717651367e-01 -2.631746605038642883e-02 1.650571823120117188e-01 3.933602601861883596e-01 -1.126101342343485516e-02 5.615473209469640931e-02 9.175987910553851101e-01
1.520530335100932598e+09 -2.345287650823593140e-01 -2.992447279393672943e-02 1.734751015901565552e-01 3.481307784176034259e-01 -1.429264283229100471e-02 5.130596998207496290e-02 9.359318238650827793e-01
1.520530335150933504e+09 -2.380651235580444336e-01 -3.372942656278610229e-02 1.866635680198669434e-01 2.945751751173532051e-01 -1.529534391335321715e-02 4.491460924056606824e-02 9.544496825584470878e-01
1.520530335200935841e+09 -2.413737475872039795e-01 -3.664550557732582092e-02 2.011546194553375244e-01 2.372312612946721744e-01 -1.566862545568619217e-02 3.768842028995270099e-02 9.705953872839683250e-01
1.520530335250936747e+09 -2.443070411682128906e-01 -3.831816464662551880e-02 2.165807783603668213e-01 1.778712577332152711e-01 -1.679228856884817933e-02 3.186650691715205153e-02 9.833943056851223163e-01
1.520530335300937891e+09 -2.462048828601837158e-01 -3.906159475445747375e-02 2.324882447719573975e-01 1.181381012879255676e-01 -2.003093565157940473e-02 2.835255779941437196e-02 9.923901869261085862e-01
1.520530335351457357e+09 -2.476741820573806763e-01 -3.754261136054992676e-02 2.478492707014083862e-01 5.861333799220261320e-02 -2.295457029235748597e-02 2.655586619142847118e-02 9.976634453977593076e-01
1.520530335401458502e+09 -2.483831942081451416e-01 -3.427970036864280701e-02 2.624664306640625000e-01 6.383800691092647757e-04 -2.570099353552132704e-02 2.561111532669982718e-02 9.993413441731993085e-01
1.520530335451459408e+09 -2.484242320060729980e-01 -2.983602695167064667e-02 2.761570513248443604e-01 -5.152672725876454585e-02 -2.881228452925296488e-02 2.637232377517051765e-02 9.979074852795241091e-01
1.520530335501461267e+09 -2.477312237024307251e-01 -2.366480417549610138e-02 2.883778214454650879e-01 -9.487856008596173840e-02 -3.022690435448477722e-02 2.731646734452006925e-02 9.946548163563956324e-01
1.520530335551462412e+09 -2.465778589248657227e-01 -1.681689918041229248e-02 2.992204427719116211e-01 -1.311598224629064169e-01 -3.181665650453618238e-02 2.918811038958752171e-02 9.904205447951170971e-01
1.520530335601512432e+09 -2.451816201210021973e-01 -9.622999466955661774e-03 3.083500862121582031e-01 -1.641977596003181550e-01 -3.282526170632554807e-02 3.246501495473162052e-02 9.853464470632329331e-01
1.520530335651465416e+09 -2.436826378107070923e-01 -2.582333749160170555e-03 3.163909316062927246e-01 -1.928724809105876181e-01 -3.440126907568336057e-02 3.713964410004533256e-02 9.799170401771262195e-01
1.520530335701467514e+09 -2.419551759958267212e-01 3.447777591645717621e-03 3.226567804813385010e-01 -2.134908781918312681e-01 -3.625965569346707718e-02 4.185513497501344021e-02 9.753743024983256849e-01
1.520530335750222683e+09 -2.390929609537124634e-01 5.927430931478738785e-03 3.268171846866607666e-01 -2.168495592664738403e-01 -3.813089431123032474e-02 4.684511115429471767e-02 9.743345622043301235e-01
1.520530335800223589e+09 -2.354278862476348877e-01 6.393137853592634201e-03 3.271037936210632324e-01 -2.000057123418744198e-01 -3.647946979306940923e-02 5.285519047552734995e-02 9.776877273209640951e-01
1.520530335850225687e+09 -2.300148457288742065e-01 3.395384177565574646e-03 3.219380378723144531e-01 -1.678702087340560867e-01 -3.386931868687895891e-02 6.312157962996081673e-02 9.832029945317953823e-01
1.520530335900226593e+09 -2.227605581283569336e-01 1.639919355511665344e-03 3.137919902801513672e-01 -1.255012416418331556e-01 -3.061427460261770608e-02 8.073889231356543017e-02 9.883286071974706211e-01
1.520530335950228691e+09 -2.122849524021148682e-01 8.008602308109402657e-04 3.028300702571868896e-01 -7.521122606488893358e-02 -2.367317648994673659e-02 1.014104920745031030e-01 9.917150620444862286e-01
1.520530336000229836e+09 -1.995393186807632446e-01 1.929705031216144562e-03 2.884255051612854004e-01 -1.976285853020899250e-02 -9.879402707204510900e-03 1.223111437166212873e-01 9.922458419905805238e-01
1.520530336050231695e+09 -1.857560425996780396e-01 4.470594227313995361e-03 2.721712589263916016e-01 3.382030476981970346e-02 7.118829939088656793e-03 1.427780975286598308e-01 9.891511128799641561e-01
1.520530336100232840e+09 -1.696462929248809814e-01 8.019214496016502380e-03 2.556478679180145264e-01 7.543631559324454061e-02 2.426748509590857805e-02 1.664724629520784316e-01 9.828567395788182504e-01
1.520530336150177479e+09 -1.498021632432937622e-01 1.167324744164943695e-02 2.401416599750518799e-01 1.003308483830668424e-01 4.053386155804454549e-02 1.891020021742303436e-01 9.759770282663545737e-01
1.520530336200179338e+09 -1.253608167171478271e-01 1.625227183103561401e-02 2.257141768932342529e-01 1.107672723684543920e-01 5.352419855571319274e-02 2.103001423568879313e-01 9.698657750769916763e-01
1.520530336250180483e+09 -9.696520864963531494e-02 2.208805084228515625e-02 2.159524559974670410e-01 1.134263273375892139e-01 5.906073341965077661e-02 2.338864493086771912e-01 9.638171127679870942e-01
1.520530336300182343e+09 -6.556870043277740479e-02 2.982719242572784424e-02 2.110013514757156372e-01 1.095315594389971586e-01 5.733315294476674928e-02 2.589810499803862354e-01 9.579376612344511210e-01
1.520530336350183249e+09 -3.183252736926078796e-02 4.010320454835891724e-02 2.117286175489425659e-01 9.565869212109158470e-02 4.590349758811984593e-02 2.843142520705638776e-01 9.528419016817090137e-01
1.520530336400185347e+09 8.454722701571881771e-04 4.828639701008796692e-02 2.209230065345764160e-01 6.892764355589338365e-02 2.415989078519617528e-02 3.087827169959350693e-01 9.483240550126771362e-01
1.520530336450186253e+09 2.974358759820461273e-02 5.558490380644798279e-02 2.389197349548339844e-01 3.180165922897210812e-02 -4.808157624228694312e-03 3.270016273024217157e-01 9.444762950080392017e-01
1.520530336500188351e+09 5.039450898766517639e-02 5.998341366648674011e-02 2.662956714630126953e-01 -5.992151934607705711e-03 -3.680538184719230055e-02 3.332323547657841667e-01 9.421070298641898155e-01
1.520530336550581932e+09 6.138699129223823547e-02 6.224576756358146667e-02 2.999203205108642578e-01 -3.703904569283604509e-02 -7.353106975162390646e-02 3.347194831360026379e-01 9.387140983731485644e-01
1.520530336600583792e+09 6.313261389732360840e-02 6.126582249999046326e-02 3.345223367214202881e-01 -6.105057887241231718e-02 -1.037651235763166896e-01 3.326962084855825674e-01 9.353175176419249448e-01
1.520530336650585651e+09 5.646240338683128357e-02 5.605569481849670410e-02 3.675737977027893066e-01 -7.967795088221991950e-02 -1.240709892088025512e-01 3.245968380748253113e-01 9.342883422647344505e-01
1.520530336700585842e+09 4.199050739407539368e-02 4.669687896966934204e-02 3.973869681358337402e-01 -9.201943333409451364e-02 -1.385532834141622316e-01 3.112451251165443966e-01 9.356612013091136770e-01
1.520530336750587702e+09 2.127618715167045593e-02 3.244389966130256653e-02 4.221402406692504883e-01 -1.003301889148403153e-01 -1.486799011150539418e-01 2.944881102614567703e-01 9.386718772347268924e-01
1.520530336800589800e+09 -6.209557410329580307e-03 1.420602854341268539e-02 4.401326477527618408e-01 -1.051906190291674731e-01 -1.536137748044447693e-01 2.727135399178963748e-01 9.439094591135528400e-01
1.520530336850590706e+09 -4.001646488904953003e-02 -5.626563448458909988e-03 4.486409127712249756e-01 -1.095093226680033255e-01 -1.554723880155074456e-01 2.485895387615818797e-01 9.497574880104155959e-01
1.520530336900593758e+09 -7.875047624111175537e-02 -2.648313716053962708e-02 4.465582966804504395e-01 -1.118977828948728298e-01 -1.546414708969007235e-01 2.218619614154020980e-01 9.562124093207353681e-01
1.520530336950593948e+09 -1.210625395178794861e-01 -4.694961756467819214e-02 4.315449595451354980e-01 -1.065030684748734385e-01 -1.537244795057509383e-01 1.975016736620740510e-01 9.622987944016151429e-01
1.520530337000258446e+09 -1.654204875230789185e-01 -6.501494348049163818e-02 4.031693935394287109e-01 -9.048382717967991262e-02 -1.490347051157216163e-01 1.787478880349132604e-01 9.683235648341136370e-01
1.520530337050259352e+09 -2.114010751247406006e-01 -7.975792139768600464e-02 3.625227212905883789e-01 -6.311385361651750125e-02 -1.417652374860381426e-01 1.597069508990883180e-01 9.748912497077385497e-01
1.520530337100266218e+09 -2.592015564441680908e-01 -9.003865718841552734e-02 3.125052154064178467e-01 -3.077395683082887259e-02 -1.328702063234137865e-01 1.405582365840912229e-01 9.806333942819396299e-01
1.520530337150262356e+09 -3.086409866809844971e-01 -9.380208700895309448e-02 2.568615078926086426e-01 1.487079660416055918e-03 -1.247132869143380285e-01 1.229896546957164327e-01 9.845394504533243607e-01
1.520530337200351238e+09 -3.603547513484954834e-01 -9.026066958904266357e-02 1.993495076894760132e-01 3.230531026170981035e-02 -1.142183725112909387e-01 1.023495458887986737e-01 9.876411801692571713e-01
1.520530337250265360e+09 -4.131975173950195312e-01 -7.968293875455856323e-02 1.422007381916046143e-01 5.884356596246089616e-02 -1.010856891998658524e-01 7.786996397293427519e-02 9.900784751193532074e-01
1.520530337300267458e+09 -4.660552144050598145e-01 -6.067193299531936646e-02 8.882863074541091919e-02 7.763028986547053367e-02 -9.017584464760733387e-02 5.023927566999280420e-02 9.916238552584584198e-01
1.520530337350269318e+09 -5.186541080474853516e-01 -3.481252118945121765e-02 4.125244542956352234e-02 8.946472714295392037e-02 -8.348570356129994541e-02 2.097718315144042264e-02 9.922631494140767838e-01
1.520530337400301218e+09 -5.701363682746887207e-01 -2.356435870751738548e-03 1.465871464461088181e-03 9.908436325622976826e-02 -7.819921591881955070e-02 -1.193182460247281355e-02 9.919298378158836194e-01
1.520530337450303078e+09 -6.194006204605102539e-01 3.408383205533027649e-02 -2.976528555154800415e-02 1.098826390344140869e-01 -7.346976128903673353e-02 -4.593485331496952040e-02 9.901605875139126711e-01
1.520530337500304222e+09 -6.670128107070922852e-01 7.275650650262832642e-02 -5.091115459799766541e-02 1.186063582474039951e-01 -6.819974601219386257e-02 -8.151155674541921137e-02 9.872371511162345570e-01
1.520530337550306082e+09 -7.120169401168823242e-01 1.108996868133544922e-01 -5.881080403923988342e-02 1.194961684594745277e-01 -6.642280947384199274e-02 -1.170835439173465858e-01 9.836666711080849224e-01
1.520530337600306988e+09 -7.553623318672180176e-01 1.460636109113693237e-01 -5.334626883268356323e-02 1.115729941301838585e-01 -6.423365229644831254e-02 -1.477387227598674913e-01 9.806114290027257985e-01
1.520530337650309324e+09 -7.936666607856750488e-01 1.745605766773223877e-01 -3.147987276315689087e-02 9.756456815310066144e-02 -5.228738701084791746e-02 -1.744382353388303775e-01 9.784265359507333670e-01
1.520530337700309992e+09 -8.269350528717041016e-01 1.939268559217453003e-01 4.591264296323060989e-03 8.004144221144710025e-02 -3.269606682439229334e-02 -1.987295210876223184e-01 9.762330214611728563e-01
1.520530337750312090e+09 -8.545452356338500977e-01 2.055908441543579102e-01 4.997134208679199219e-02 6.071014592715696934e-02 -1.538934344581983742e-02 -2.161444982607209353e-01 9.743505540417324307e-01
1.520530337800853968e+09 -8.734526634216308594e-01 2.088750451803207397e-01 1.041555181145668030e-01 4.313981326413388051e-02 -3.948525802158761762e-03 -2.258756052543007820e-01 9.731924663737018255e-01
1.520530337850854635e+09 -8.843545317649841309e-01 2.042666226625442505e-01 1.626560091972351074e-01 2.813707478845077145e-02 3.455557861048895105e-03 -2.298920303992186831e-01 9.728031756224601034e-01
1.520530337900856733e+09 -8.897050619125366211e-01 1.932990849018096924e-01 2.223659455776214600e-01 1.221713606747210253e-02 1.112302576030162367e-02 -2.333373719214207054e-01 9.722554657851244508e-01
1.520530337950857878e+09 -8.870614767074584961e-01 1.764913797378540039e-01 2.822271287441253662e-01 -5.844642607216257897e-03 2.183618296902232331e-02 -2.344611925212026216e-01 9.718626294223238204e-01
1.520530338000859737e+09 -8.792065382003784180e-01 1.564211100339889526e-01 3.388601839542388916e-01 -2.652035292723274248e-02 3.427721202544226076e-02 -2.294008592917313738e-01 9.723666949112321767e-01
1.520530338050861597e+09 -8.645603656768798828e-01 1.329761743545532227e-01 3.921875655651092529e-01 -4.953887132191019810e-02 4.644508862284880968e-02 -2.167629371180158360e-01 9.738596321148845769e-01
1.520530338100862741e+09 -8.438991308212280273e-01 1.074107363820075989e-01 4.404135346412658691e-01 -7.017682078174682092e-02 5.641733521732714834e-02 -1.956873271499160738e-01 9.765238185036062557e-01
1.520530338150863647e+09 -8.185998797416687012e-01 7.921602576971054077e-02 4.807902872562408447e-01 -8.026187889700586719e-02 6.218135002018070762e-02 -1.719673280827161976e-01 9.798564938692204684e-01
1.520530338200470686e+09 -7.892780303955078125e-01 5.124299973249435425e-02 5.094894170761108398e-01 -7.647319703150359804e-02 6.615162485141098947e-02 -1.489499325271849139e-01 9.836613900450938974e-01
1.520530338250472546e+09 -7.554281353950500488e-01 2.370293252170085907e-02 5.259346365928649902e-01 -6.378730950397125399e-02 7.306208254026093363e-02 -1.240110436625426749e-01 9.875294285695246366e-01
1.520530338300474405e+09 -7.172076702117919922e-01 -2.976630115881562233e-03 5.300123095512390137e-01 -4.922821272499149081e-02 7.992807612970417863e-02 -9.911177850594279914e-02 9.906386531321580424e-01
1.520530338350475550e+09 -6.766164302825927734e-01 -2.841107733547687531e-02 5.216572880744934082e-01 -3.692423707294115870e-02 8.465432731074629125e-02 -7.618093065373726658e-02 9.928074895914498210e-01
1.520530338400477648e+09 -6.326559185981750488e-01 -5.050808563828468323e-02 5.036655068397521973e-01 -2.570358365745961660e-02 8.203454703945763093e-02 -5.126777440859369567e-02 9.949780269867192217e-01
1.520530338450478315e+09 -5.851058959960937500e-01 -6.949382275342941284e-02 4.765366613864898682e-01 -1.074402146232031688e-02 7.115576669135803556e-02 -2.361459494210406060e-02 9.971277620120214680e-01
1.520530338500480652e+09 -5.350755453109741211e-01 -8.413969725370407104e-02 4.407373368740081787e-01 1.293007993324248213e-02 6.023440714222000336e-02 1.962766200164341656e-04 9.981004912856389355e-01
1.520530338550481558e+09 -4.833896160125732422e-01 -9.422102570533752441e-02 3.963300585746765137e-01 4.293764652325840481e-02 5.002959697863972738e-02 1.970241730426109533e-02 9.976297974146357550e-01
1.520530338600260019e+09 -4.311633706092834473e-01 -9.836377203464508057e-02 3.457902967929840088e-01 7.486685057383236919e-02 3.982268482500726792e-02 3.543801087355352014e-02 9.957676716201472322e-01
1.520530338650260925e+09 -3.780145645141601562e-01 -9.640233963727951050e-02 2.907219529151916504e-01 1.065739795813783891e-01 3.049999348254214815e-02 5.099082897991590035e-02 9.925279203295460650e-01
1.520530338700263023e+09 -3.247216641902923584e-01 -8.874120563268661499e-02 2.336544841527938843e-01 1.344608051677698979e-01 2.345466957013564099e-02 6.840899501263549010e-02 9.882764692890101399e-01
1.520530338750265837e+09 -2.713766098022460938e-01 -7.492388039827346802e-02 1.757007390260696411e-01 1.578236253957096269e-01 2.266894857453931669e-02 8.406049878371713024e-02 9.836217029842886372e-01
1.520530338800265789e+09 -2.188044637441635132e-01 -5.614496022462844849e-02 1.193483546376228333e-01 1.768316890772742567e-01 2.431309176703501038e-02 9.839213451433037605e-02 9.790088943275847555e-01
1.520530338850266933e+09 -1.665803790092468262e-01 -3.159318491816520691e-02 6.584764271974563599e-02 1.968265620857036491e-01 2.262512964694702103e-02 1.141177116666603625e-01 9.735114564554165906e-01
1.520530338900268793e+09 -1.153312325477600098e-01 -9.470467921346426010e-04 1.586942188441753387e-02 2.227949378977203132e-01 1.993826668362641205e-02 1.316987949546589154e-01 9.657226872018147557e-01
1.520530338950269699e+09 -6.541781872510910034e-02 3.589062392711639404e-02 -3.052692487835884094e-02 2.526210926291491132e-01 2.438292257381549644e-02 1.486782453342668231e-01 9.557629601579765710e-01
1.520530339000272036e+09 -1.766365766525268555e-02 7.794801890850067139e-02 -7.245082408189773560e-02 2.810290519105886342e-01 3.055969508267324108e-02 1.672764458179974711e-01 9.445143554722651436e-01
1.520530339050958872e+09 2.956343814730644226e-02 1.235934197902679443e-01 -1.078647971153259277e-01 3.043659238368905395e-01 3.386097672620691501e-02 1.889627221326385387e-01 9.330101330137238191e-01
1.520530339100959778e+09 7.443129271268844604e-02 1.699974685907363892e-01 -1.354062706232070923e-01 3.210406299950778752e-01 3.368767347286685809e-02 2.170082179356719043e-01 9.212521304706617897e-01
1.520530339150961876e+09 1.184598654508590698e-01 2.166625857353210449e-01 -1.547133326530456543e-01 3.317092728016325931e-01 3.634791153903536853e-02 2.500759714669672507e-01 9.089058235917597539e-01
1.520530339200963020e+09 1.615480184555053711e-01 2.622404098510742188e-01 -1.647855043411254883e-01 3.364120919755733130e-01 4.116253059831118805e-02 2.842759107416201192e-01 8.968387575363722108e-01
1.520530339250964880e+09 2.028243988752365112e-01 3.046845793724060059e-01 -1.650435179471969604e-01 3.364066998169408240e-01 4.136164388702136263e-02 3.192987068567384457e-01 8.849678426546653265e-01
1.520530339300966024e+09 2.428129166364669800e-01 3.414863646030426025e-01 -1.553966701030731201e-01 3.319043149120306513e-01 3.648536947940308334e-02 3.514724299723061551e-01 8.746287638341706527e-01
1.520530339350967884e+09 2.814917266368865967e-01 3.706381618976593018e-01 -1.357830315828323364e-01 3.225354495501363550e-01 2.560012928787682926e-02 3.796861104896033234e-01 8.666913952873952498e-01
1.520530339400969744e+09 3.179231584072113037e-01 3.915542662143707275e-01 -1.068260595202445984e-01 3.071970668113762071e-01 8.097664522944796051e-03 4.050459300650738892e-01 8.611052110569764606e-01
1.520530339451687574e+09 3.518525362014770508e-01 4.037269353866577148e-01 -6.885903328657150269e-02 2.840611636583285082e-01 -1.516237854928032848e-02 4.285429716026716851e-01 8.575723171067011208e-01
1.520530339501689434e+09 3.818872869014739990e-01 4.079166948795318604e-01 -2.580710127949714661e-02 2.539035694660110032e-01 -4.083856222152996290e-02 4.469705849570690948e-01 8.567861375111249789e-01
1.520530339551690578e+09 4.060119390487670898e-01 4.043738842010498047e-01 2.146557159721851349e-02 2.193015143532671685e-01 -6.827239461062918624e-02 4.580316686527626246e-01 8.587506718761040991e-01
1.520530339601692438e+09 4.257705509662628174e-01 3.953041434288024902e-01 6.942544132471084595e-02 1.839354670801872371e-01 -9.412999620520554056e-02 4.600036756988563069e-01 8.635414906696393667e-01
1.520530339651693344e+09 4.400751888751983643e-01 3.803280293941497803e-01 1.174217313528060913e-01 1.504536503077097132e-01 -1.188565961998723081e-01 4.549679258433842466e-01 8.696211790789335483e-01
1.520530339701695681e+09 4.481697976589202881e-01 3.591009676456451416e-01 1.640321314334869385e-01 1.190792248858094787e-01 -1.413688274623380314e-01 4.471019529258445924e-01 8.751770315270017697e-01
1.520530339751697540e+09 4.517916440963745117e-01 3.334707915782928467e-01 2.076842188835144043e-01 8.868901916326353552e-02 -1.583066073162203435e-01 4.331266222708666791e-01 8.828785902037245004e-01
1.520530339801698446e+09 4.500383734703063965e-01 3.015904426574707031e-01 2.476660013198852539e-01 5.907681743775311523e-02 -1.729468342858413998e-01 4.147184937599677768e-01 8.914078152481026418e-01
1.520530339851056576e+09 4.453718662261962891e-01 2.660607397556304932e-01 2.841148674488067627e-01 3.322084038369856746e-02 -1.863549830107933958e-01 3.967707800755623238e-01 8.981876998431215231e-01
1.520530339901057482e+09 4.373471438884735107e-01 2.289740592241287231e-01 3.199819028377532959e-01 1.344312001782962257e-02 -2.038918912016780827e-01 3.785960430869502735e-01 9.027249943284463285e-01
1.520530339951059341e+09 4.278306365013122559e-01 1.917836964130401611e-01 3.533334434032440186e-01 -6.229525166774652761e-03 -2.138531564027265908e-01 3.592084493295474301e-01 9.084037155599098412e-01
1.520530340001061440e+09 4.142169058322906494e-01 1.554137170314788818e-01 3.816858232021331787e-01 -2.942677330770608959e-02 -2.124593192664525898e-01 3.358757330291717302e-01 9.171600703430394796e-01
1.520530340051062346e+09 3.951794207096099854e-01 1.205440834164619446e-01 4.025304019451141357e-01 -5.869041344824231510e-02 -2.046412663168797885e-01 3.122540989927149457e-01 9.258373319064996387e-01
1.520530340101063251e+09 3.722175061702728271e-01 8.638636767864227295e-02 4.158731102943420410e-01 -8.715608483242757998e-02 -1.999745762585022901e-01 2.882419449596043126e-01 9.323789824383749147e-01
1.520530340151065350e+09 3.463125228881835938e-01 5.448852106928825378e-02 4.199106991291046143e-01 -1.058758092578892807e-01 -1.975254803557342231e-01 2.654825070400405607e-01 9.377062632189029356e-01
1.520530340201067448e+09 3.164871931076049805e-01 2.492811158299446106e-02 4.130842387676239014e-01 -1.101545592635837650e-01 -1.917584943108375239e-01 2.412300354565092564e-01 9.449353009210406107e-01
1.520530340250395536e+09 2.821805775165557861e-01 -6.689039291813969612e-04 3.956935405731201172e-01 -1.020264068556498011e-01 -1.840288128087362307e-01 2.180063201730063072e-01 9.529938366668261329e-01
1.520530340300397396e+09 2.457446902990341187e-01 -2.412274107336997986e-02 3.682268857955932617e-01 -8.794087483978506314e-02 -1.739398304483225910e-01 1.935866379868361187e-01 9.615277174938722249e-01
1.520530340350399494e+09 2.067597657442092896e-01 -4.420444369316101074e-02 3.318455219268798828e-01 -7.251745646653327826e-02 -1.650745761609612450e-01 1.714116825498346874e-01 9.685606010458706061e-01
1.520530340400400400e+09 1.662821471691131592e-01 -6.004589796066284180e-02 2.891934514045715332e-01 -5.703744565930230631e-02 -1.530258181990633293e-01 1.496097121534209484e-01 9.751649925969143595e-01
1.520530340450401306e+09 1.245197057723999023e-01 -7.159121334552764893e-02 2.420413494110107422e-01 -4.090075676849124625e-02 -1.413340179623261417e-01 1.289217240151514232e-01 9.806788529071843730e-01
1.520530340500403643e+09 8.219485729932785034e-02 -7.658038288354873657e-02 1.935671120882034302e-01 -2.304724993046635556e-02 -1.285787681080070854e-01 1.075249918111442354e-01 9.855834316781524329e-01
1.520530340550404549e+09 3.934335708618164062e-02 -7.643137872219085693e-02 1.449087858200073242e-01 -3.091225676091238512e-03 -1.164630803356553890e-01 8.236672967685232383e-02 9.897689210542482963e-01
1.520530340600406408e+09 -3.600647207349538803e-03 -7.140477001667022705e-02 9.702727943658828735e-02 1.651648938674474265e-02 -1.032027644124877963e-01 5.832478592467906647e-02 9.928114696873715506e-01
1.520530340650346756e+09 -4.629899933934211731e-02 -6.261103600263595581e-02 5.203457921743392944e-02 3.398889478024263999e-02 -8.970739170624938974e-02 3.583235085191305291e-02 9.947428720716248174e-01
1.520530340700347900e+09 -8.825351297855377197e-02 -5.084234103560447693e-02 1.134480629116296768e-02 4.930396449391348523e-02 -7.886993403255727897e-02 1.599124348827224429e-02 9.955365049673375877e-01
1.520530340750349998e+09 -1.299873441457748413e-01 -3.558949753642082214e-02 -2.388379909098148346e-02 6.137373318959863516e-02 -6.741496198103963389e-02 -3.032150921321541577e-03 9.958309564560932081e-01
1.520530340800350904e+09 -1.692561060190200806e-01 -1.759896613657474518e-02 -5.208148807287216187e-02 6.930749116439942348e-02 -6.097922099955595254e-02 -1.890240795395397785e-02 9.955504533916532672e-01
1.520530340850353003e+09 -2.076348960399627686e-01 2.599998551886528730e-04 -7.229418307542800903e-02 7.490436582569856561e-02 -5.743416656124988862e-02 -3.288733520722878639e-02 9.949919977942697225e-01
1.520530340900353909e+09 -2.430741786956787109e-01 1.797574758529663086e-02 -8.452989906072616577e-02 7.963879939687702747e-02 -5.190750073414193005e-02 -4.643126453641456541e-02 9.943879578271797026e-01
1.520530340950355768e+09 -2.747472524642944336e-01 3.433759137988090515e-02 -8.898910135030746460e-02 8.233562616875818307e-02 -4.445191715705117813e-02 -5.897537074412893127e-02 9.938645669154594353e-01
1.520530341000357866e+09 -3.024228811264038086e-01 4.761129990220069885e-02 -8.628058433532714844e-02 8.257949704304645699e-02 -3.601090438641828956e-02 -6.898055642371954399e-02 9.935419086625706386e-01
1.520530341050773859e+09 -3.243725597858428955e-01 5.740940943360328674e-02 -7.621265947818756104e-02 8.070824862599361438e-02 -2.598743083466234158e-02 -7.369659678761102117e-02 9.936697860276636485e-01
1.520530341100775719e+09 -3.387131392955780029e-01 6.444081664085388184e-02 -6.017144769430160522e-02 7.620416326689423425e-02 -1.692488732936143700e-02 -7.306675368481414801e-02 9.942674304208318770e-01
1.520530341150776863e+09 -3.453148007392883301e-01 6.918063014745712280e-02 -4.010526835918426514e-02 6.819845459221467177e-02 -1.059030046543238228e-02 -6.753480160306077340e-02 9.953270150557156359e-01
1.520530341200778961e+09 -3.446591198444366455e-01 7.181581854820251465e-02 -1.917912811040878296e-02 5.724019016225762035e-02 -7.916372967701220884e-03 -5.818324737355497211e-02 9.966321294210278570e-01
1.520530341250779629e+09 -3.383862972259521484e-01 7.245133817195892334e-02 4.749720392283052206e-04 4.414228086226896358e-02 -9.946998545869913805e-03 -4.377876705666063767e-02 9.980159997791636650e-01
1.520530341300781965e+09 -3.274012207984924316e-01 7.192573696374893188e-02 1.841617561876773834e-02 3.230959670952750218e-02 -1.798599632361254363e-02 -2.461706096825696730e-02 9.990128098307848870e-01
1.520530341350783825e+09 -3.127830326557159424e-01 7.059837877750396729e-02 3.483898937702178955e-02 2.526905099993809883e-02 -2.824170774162007916e-02 -5.716287767277402655e-03 9.992653326617315646e-01
1.520530341400784731e+09 -2.959480881690979004e-01 6.958644092082977295e-02 4.913184046745300293e-02 2.256196352312603987e-02 -3.512362743907371937e-02 1.242776208219852074e-02 9.990509693339627573e-01
1.520530341450786829e+09 -2.782517969608306885e-01 6.921096891164779663e-02 6.130890920758247375e-02 2.181369735043937538e-02 -3.836291521795694159e-02 2.938980320178270766e-02 9.985933550808575587e-01
1.520530341500712872e+09 -2.615041434764862061e-01 6.713423877954483032e-02 7.202007621526718140e-02 2.074094643352631523e-02 -4.031933781632984076e-02 4.375437951855729729e-02 9.980128848927956042e-01
1.520530341550713778e+09 -2.454963326454162598e-01 6.530659645795822144e-02 8.008837699890136719e-02 1.746384767910573801e-02 -4.168314783919307986e-02 5.695446105161289935e-02 9.973533569286149314e-01
1.520530341600715876e+09 -2.311965674161911011e-01 6.188215687870979309e-02 8.567588776350021362e-02 1.050180059317623420e-02 -4.217080966512939955e-02 6.694978938135016933e-02 9.968094405142247094e-01
1.520530341650716782e+09 -2.178852856159210205e-01 5.785027518868446350e-02 8.893553167581558228e-02 3.585030229227936880e-04 -4.482023080204086685e-02 7.779003838618818445e-02 9.959617102651635578e-01
1.520530341700718641e+09 -2.059852182865142822e-01 5.385510250926017761e-02 9.157136082649230957e-02 -9.359358738843213954e-03 -4.483855109153320889e-02 8.716465466614627122e-02 9.951403065482481436e-01
1.520530341750719786e+09 -1.951002329587936401e-01 4.981229826807975769e-02 9.315876662731170654e-02 -1.183877898729877344e-02 -4.642337240623899131e-02 9.849548451230279167e-02 9.939835780017738376e-01
1.520530341800721645e+09 -1.850524246692657471e-01 4.543092846870422363e-02 9.265428036451339722e-02 -5.500335265589889784e-03 -4.652750114488284766e-02 1.073703380706351046e-01 9.931145696503382858e-01
1.520530341850723028e+09 -1.756336241960525513e-01 3.926981985569000244e-02 8.967482298612594604e-02 7.632079964682714733e-03 -4.184484835035109929e-02 1.110705281140095119e-01 9.929018570868037852e-01
1.520530341900542259e+09 -1.663461029529571533e-01 3.112482838332653046e-02 8.532233536243438721e-02 2.555512762615739716e-02 -3.403473192279886372e-02 1.126164692779751814e-01 9.927266004909492958e-01
1.520530341950578213e+09 -1.564376801252365112e-01 2.106428146362304688e-02 8.005592226982116699e-02 4.425913572787523731e-02 -2.893372450078531000e-02 1.127757734382144605e-01 9.922124739271053206e-01
1.520530342000545025e+09 -1.454043835401535034e-01 9.265573695302009583e-03 7.347518950700759888e-02 5.721041657184577911e-02 -2.680783403457035266e-02 1.091146267556497712e-01 9.920193075228050938e-01
1.520530342050546169e+09 -1.342681497335433960e-01 -7.618230301886796951e-03 6.821254640817642212e-02 6.046369488244457413e-02 -2.107247087455138210e-02 9.871989188872810905e-02 9.930531081054434495e-01
1.520530342100548267e+09 -1.227396503090858459e-01 -2.712696418166160583e-02 6.455669552087783813e-02 5.605173648215099752e-02 -1.618553638057024235e-02 8.355203706211396242e-02 9.947940934445578254e-01
1.520530342150549173e+09 -1.102532967925071716e-01 -4.832867905497550964e-02 6.223004311323165894e-02 4.719097646371345212e-02 -1.691225820839827726e-02 6.487179927027568460e-02 9.966336523126894109e-01
1.520530342200551271e+09 -9.754445403814315796e-02 -7.116706669330596924e-02 6.126755475997924805e-02 3.324089814649818647e-02 -2.301866657615335779e-02 4.597667052745374461e-02 9.981239048568467664e-01
1.520530342250553131e+09 -8.488602936267852783e-02 -9.494500607252120972e-02 6.426259130239486694e-02 1.454131446286200877e-02 -2.680651373123344935e-02 2.580133351802437608e-02 9.992018075363759966e-01
1.520530342300672770e+09 -7.378550618886947632e-02 -1.184370219707489014e-01 7.068619132041931152e-02 -1.229024299485690372e-03 -2.919226889868124439e-02 1.344273598294028682e-03 9.995721554066575587e-01
1.520530342350674868e+09 -6.436433643102645874e-02 -1.403822451829910278e-01 7.855188101530075073e-02 -1.126321109966099687e-02 -3.425427105625939578e-02 -2.369539406418426364e-02 9.990687230067167857e-01
1.520530342400675774e+09 -5.741175264120101929e-02 -1.616104096174240112e-01 8.617893606424331665e-02 -1.639815024781368993e-02 -3.862210682444953969e-02 -4.932193762627785222e-02 9.979011874938723548e-01
1.520530342450677872e+09 -5.367166921496391296e-02 -1.818861961364746094e-01 9.143217653036117554e-02 -1.809696186743448357e-02 -4.473390909234475910e-02 -7.506723255523942151e-02 9.960101846592654962e-01
1.520530342500678778e+09 -5.157087743282318115e-02 -2.020970433950424194e-01 9.403818845748901367e-02 -1.647472065122647725e-02 -5.402507578523541715e-02 -9.597988413185722101e-02 9.937795211252338223e-01
1.520530342550680637e+09 -5.110894888639450073e-02 -2.234367132186889648e-01 9.443419426679611206e-02 -1.183257828373918304e-02 -6.168237420289671841e-02 -1.107560934211466036e-01 9.918610601157498152e-01
1.520530342600682735e+09 -5.222097411751747131e-02 -2.459245920181274414e-01 9.317394345998764038e-02 -3.482312605867751796e-03 -6.565642995103859736e-02 -1.198927591605358500e-01 9.906073051446134814e-01
1.520530342650683641e+09 -5.519890040159225464e-02 -2.697777152061462402e-01 8.948863297700881958e-02 9.129151485453538759e-03 -6.439113464256839003e-02 -1.281767904167045169e-01 9.896166686000545942e-01
1.520530342700642824e+09 -6.038592755794525146e-02 -2.965796887874603271e-01 8.359855413436889648e-02 2.546793104692838053e-02 -6.202988412323454104e-02 -1.365885522403598451e-01 9.883558293250106486e-01
1.520530342750643969e+09 -6.757406145334243774e-02 -3.265759050846099854e-01 7.502442598342895508e-02 4.222289305648938007e-02 -6.284259755951591975e-02 -1.481155843505174985e-01 9.860678520803818348e-01
1.520530342800646067e+09 -7.582881301641464233e-02 -3.594798147678375244e-01 6.566250324249267578e-02 5.551010939379501935e-02 -6.899672527980932335e-02 -1.589297899896774946e-01 9.833104298793887699e-01
1.520530342850647926e+09 -8.632463961839675903e-02 -3.944810926914215088e-01 5.655224621295928955e-02 6.175359862277589318e-02 -7.765979786564468357e-02 -1.698607592507524744e-01 9.804604894228845513e-01
1.520530342900649071e+09 -9.894242882728576660e-02 -4.311739802360534668e-01 4.917952418327331543e-02 6.001623478189228866e-02 -8.668720373028170056e-02 -1.802532600277260422e-01 9.779530369713090865e-01
1.520530342950650930e+09 -1.140912473201751709e-01 -4.687418937683105469e-01 4.512631520628929138e-02 5.516280608196073160e-02 -9.278579177753504270e-02 -1.908497831114658871e-01 9.756660401775223423e-01
1.520530343000652790e+09 -1.326955854892730713e-01 -5.068275928497314453e-01 4.481896758079528809e-02 5.559822626917419047e-02 -9.621967618339111183e-02 -2.038883758506937760e-01 9.726665108575761609e-01
1.520530343050653934e+09 -1.540321260690689087e-01 -5.419905185699462891e-01 4.768252745270729065e-02 6.153522081173039976e-02 -9.730046277027662449e-02 -2.197433419878300209e-01 9.687408839294238128e-01
1.520530343101131201e+09 -1.776783466339111328e-01 -5.734782814979553223e-01 5.199239030480384827e-02 6.243386028157330708e-02 -1.022060437542210432e-01 -2.359018001484166904e-01 9.643683312911034422e-01
1.520530343151133060e+09 -2.032613605260848999e-01 -6.040595769882202148e-01 5.796198174357414246e-02 5.156348297480024823e-02 -1.057036894703962393e-01 -2.543343729882767690e-01 9.599385209337697455e-01
1.520530343201133966e+09 -2.309635877609252930e-01 -6.338604688644409180e-01 6.443829834461212158e-02 3.573853010449926093e-02 -1.031371612804572319e-01 -2.764778327264715840e-01 9.548012837443463630e-01
1.520530343251136065e+09 -2.605258524417877197e-01 -6.631704568862915039e-01 6.851334124803543091e-02 2.361371550927384572e-02 -9.829100206798120631e-02 -3.030252750187980570e-01 9.476059065097163225e-01
1.520530343301137924e+09 -2.922125160694122314e-01 -6.926537156105041504e-01 6.770396232604980469e-02 1.489733481443005977e-02 -9.812356198150293252e-02 -3.295285291739286637e-01 9.389146843350338889e-01
1.520530343351140022e+09 -3.259033560752868652e-01 -7.221391201019287109e-01 6.298047304153442383e-02 9.327524244402836742e-03 -9.708870101087357929e-02 -3.579534850950643610e-01 9.286312960135411076e-01
1.520530343401141167e+09 -3.614600896835327148e-01 -7.513604760169982910e-01 5.590324848890304565e-02 5.455303836466700480e-03 -9.121994505771753581e-02 -3.871357369465400766e-01 9.174830148087637083e-01
1.520530343451143980e+09 -3.976995944976806641e-01 -7.806392312049865723e-01 4.892627149820327759e-02 7.432719359689384138e-05 -8.547643323135969973e-02 -4.129289566411395440e-01 9.067433212352729033e-01
1.520530343501403809e+09 -4.349646866321563721e-01 -8.094596266746520996e-01 4.468000680208206177e-02 -3.824766431656072274e-03 -7.637698362000581997e-02 -4.370734058034424496e-01 8.961689380213041511e-01
1.520530343551475525e+09 -4.727581739425659180e-01 -8.359060287475585938e-01 4.386893287301063538e-02 -8.313990919478424224e-03 -7.147732196579247022e-02 -4.574027243996031666e-01 8.863433971725687144e-01
1.520530343601406574e+09 -5.119552612304687500e-01 -8.603115677833557129e-01 4.702820256352424622e-02 -1.387232872321231443e-02 -7.147114986091392119e-02 -4.743865306346379818e-01 8.773008906787829186e-01
1.520530343651407719e+09 -5.537118315696716309e-01 -8.815968036651611328e-01 5.309528112411499023e-02 -1.334885085849856629e-02 -6.978057811482313300e-02 -4.968631679559635250e-01 8.649158753471246630e-01
1.520530343701409578e+09 -5.999479889869689941e-01 -8.977823853492736816e-01 5.983313918113708496e-02 -9.431943111566762697e-03 -6.941692394350063022e-02 -5.291868940048394254e-01 8.456083965600585950e-01
1.520530343751410484e+09 -6.478999257087707520e-01 -9.054571390151977539e-01 6.687901914119720459e-02 -9.237352103909912682e-03 -7.188931343033436172e-02 -5.633650618834068480e-01 8.230227244673919973e-01
1.520530343801412821e+09 -6.961884498596191406e-01 -9.074652791023254395e-01 7.246240973472595215e-02 -1.371702199657401020e-02 -7.765792643214432245e-02 -5.935471935026775947e-01 8.009262256006479674e-01
1.520530343851414680e+09 -7.447582483291625977e-01 -9.069714546203613281e-01 7.385102659463882446e-02 -2.023108601803855211e-02 -8.439210524424695103e-02 -6.218787179921450026e-01 7.782901360286027526e-01
1.520530343901415586e+09 -7.942805290222167969e-01 -9.049070477485656738e-01 6.964787840843200684e-02 -2.666677240291364173e-02 -9.224247558769302358e-02 -6.476326322466662289e-01 7.558784178664710307e-01
1.520530343951401711e+09 -8.453121781349182129e-01 -9.019733071327209473e-01 5.955442413687705994e-02 -3.125592176903033148e-02 -9.963818179660023644e-02 -6.696968365576762006e-01 7.352560419250407930e-01
1.520530344001402617e+09 -8.978027701377868652e-01 -8.993039727210998535e-01 4.577001184225082397e-02 -3.694492451762248358e-02 -1.087793372506248302e-01 -6.842324498999562410e-01 7.201583734454567454e-01
1.520530344051404953e+09 -9.505095481872558594e-01 -8.962697982788085938e-01 3.240859135985374451e-02 -4.101684355366291834e-02 -1.169340919467207196e-01 -6.939128702233240409e-01 7.093158430656391067e-01
1.520530344101405859e+09 -1.003594160079956055e+00 -8.922314643859863281e-01 2.403694950044155121e-02 -4.152794849622267609e-02 -1.237394637548440701e-01 -7.028663622893314145e-01 6.992444861173529036e-01
1.520530344151407719e+09 -1.055848717689514160e+00 -8.858483433723449707e-01 2.297392673790454865e-02 -3.715980831286152392e-02 -1.317527752993468415e-01 -7.130357090912869955e-01 6.876339377952173093e-01
1.520530344201409817e+09 -1.105481266975402832e+00 -8.772758245468139648e-01 2.908366732299327850e-02 -2.910760039093354679e-02 -1.393178907420292156e-01 -7.229137539298083892e-01 6.761205345926023513e-01
1.520530344251410723e+09 -1.153713464736938477e+00 -8.664860129356384277e-01 3.771010413765907288e-02 -2.845237442981199752e-02 -1.461659391822845433e-01 -7.341169815226653572e-01 6.624939532194367153e-01
1.520530344301412821e+09 -1.202343583106994629e+00 -8.537525534629821777e-01 4.586580395698547363e-02 -3.709328456470883939e-02 -1.501836442008035732e-01 -7.459624227376010497e-01 6.477723559385785146e-01
1.520530344351408720e+09 -1.251209139823913574e+00 -8.395376801490783691e-01 5.211438983678817749e-02 -4.812108881101800212e-02 -1.480245821563153652e-01 -7.585876838432827896e-01 6.327067328631600374e-01
1.520530344401410580e+09 -1.299356222152709961e+00 -8.238198757171630859e-01 5.466085299849510193e-02 -5.523648107730805973e-02 -1.419022975995325175e-01 -7.745659939989212317e-01 6.138893956036650668e-01
1.520530344451412678e+09 -1.348363876342773438e+00 -8.067010045051574707e-01 5.172530189156532288e-02 -5.705760355919153176e-02 -1.362062886589859301e-01 -7.922337045904930264e-01 5.920794153799393555e-01
1.520530344501413822e+09 -1.397420883178710938e+00 -7.876734137535095215e-01 4.418890550732612610e-02 -5.536853690756185498e-02 -1.321807902073718344e-01 -8.102245032532429114e-01 5.683298497781958947e-01
1.520530344551415682e+09 -1.446258664131164551e+00 -7.675030231475830078e-01 3.565985709428787231e-02 -5.469374321771684061e-02 -1.308205863952330572e-01 -8.267592731990689447e-01 5.443929397111879620e-01
1.520530344601417542e+09 -1.494029164314270020e+00 -7.462967634201049805e-01 2.719169482588768005e-02 -5.661354401131151598e-02 -1.315541608913245730e-01 -8.428729455195579368e-01 5.187037758661905418e-01
1.520530344651418686e+09 -1.539667367935180664e+00 -7.234433293342590332e-01 2.210237272083759308e-02 -5.925119895224973537e-02 -1.328437742740654348e-01 -8.583707002544768150e-01 4.919772027279119553e-01
1.520530344701420546e+09 -1.582449555397033691e+00 -6.991363167762756348e-01 2.269576489925384521e-02 -6.327730388322216903e-02 -1.361541890833735668e-01 -8.707157333620616502e-01 4.683077313947386910e-01
1.520530344751636267e+09 -1.622958660125732422e+00 -6.736097335815429688e-01 2.727398835122585297e-02 -6.160822865751745814e-02 -1.390308351714805435e-01 -8.838549888872142546e-01 4.423519092898617333e-01
1.520530344801638126e+09 -1.659541010856628418e+00 -6.442556381225585938e-01 3.301871567964553833e-02 -5.706624785404072753e-02 -1.390088878921226789e-01 -9.015660449363014362e-01 4.057075782639155137e-01
1.520530344851639509e+09 -1.690625667572021484e+00 -6.092549562454223633e-01 3.934789076447486877e-02 -5.715925009256003775e-02 -1.359624955255639978e-01 -9.188820338366434637e-01 3.659273532158406894e-01
1.520530344901641369e+09 -1.717564225196838379e+00 -5.722988843917846680e-01 4.462862759828567505e-02 -6.218264519724978068e-02 -1.332996018127312332e-01 -9.319075189006044146e-01 3.315311614454367617e-01
1.520530344951642275e+09 -1.742147088050842285e+00 -5.351033210754394531e-01 4.549589753150939941e-02 -6.835146083249303561e-02 -1.329431203680107865e-01 -9.424548517521428304e-01 2.990536021480552642e-01
1.520530345001644373e+09 -1.766439199447631836e+00 -4.961671233177185059e-01 4.130252450704574585e-02 -7.327243281780494721e-02 -1.318063067252280285e-01 -9.512236189965286304e-01 2.691317052291726797e-01
1.520530345051645279e+09 -1.791300296783447266e+00 -4.551066756248474121e-01 3.299037367105484009e-02 -7.989505919634237729e-02 -1.302600867857255651e-01 -9.573498360579868471e-01 2.452149683570185312e-01
1.520530345101647139e+09 -1.817479729652404785e+00 -4.122441112995147705e-01 2.253637276589870453e-02 -8.883170640988156952e-02 -1.302168795434587023e-01 -9.606132353192620155e-01 2.288552038904361485e-01
1.520530345151845455e+09 -1.843803286552429199e+00 -3.677904605865478516e-01 1.218264363706111908e-02 -9.668651538435046877e-02 -1.314553858017755983e-01 -9.624107648270022741e-01 2.171099238442190382e-01
1.520530345201743364e+09 -1.869025111198425293e+00 -3.218582272529602051e-01 4.980766680091619492e-03 -1.002649820972835865e-01 -1.334617644208700438e-01 -9.644277639355814946e-01 2.049731176347617811e-01
1.520530345251744509e+09 -1.892250180244445801e+00 -2.739436030387878418e-01 3.807084402069449425e-03 -1.032811202208524098e-01 -1.395297278175348654e-01 -9.656763782167537835e-01 1.932190410266640124e-01
1.520530345301746607e+09 -1.912139773368835449e+00 -2.277280986309051514e-01 8.070662617683410645e-03 -1.080961640995279222e-01 -1.485320432706002391e-01 -9.655335246700209595e-01 1.843867244871885969e-01
1.520530345351747751e+09 -1.929753541946411133e+00 -1.813278049230575562e-01 1.337743178009986877e-02 -1.133303184205646796e-01 -1.550883384712157809e-01 -9.659702048777659700e-01 1.732206958920846640e-01
1.520530345401749611e+09 -1.945025324821472168e+00 -1.329090297222137451e-01 1.648033224046230316e-02 -1.198827792233622264e-01 -1.567208940657885963e-01 -9.670539650797371767e-01 1.608518238393987221e-01
1.520530345451751471e+09 -1.958892464637756348e+00 -8.283248543739318848e-02 1.583073474466800690e-02 -1.214972394658570404e-01 -1.568028969098454184e-01 -9.693035148483700736e-01 1.452651659051547861e-01
1.520530345501752615e+09 -1.969923615455627441e+00 -3.101724199950695038e-02 1.028780918568372726e-02 -1.162007840943987819e-01 -1.608051578591701003e-01 -9.722306846260272417e-01 1.241232244720563566e-01
1.520530345551194668e+09 -1.977286458015441895e+00 2.262182720005512238e-02 1.442962326109409332e-03 -1.103237306987942395e-01 -1.665708513050356832e-01 -9.743885054989827044e-01 1.031981893817644214e-01
1.520530345601195812e+09 -1.982574582099914551e+00 8.006512373685836792e-02 -9.731613099575042725e-03 -1.086682775412924490e-01 -1.714839376558439932e-01 -9.753122541867336182e-01 8.689344863364360794e-02
1.520530345651197672e+09 -1.986279487609863281e+00 1.393657028675079346e-01 -2.024880424141883850e-02 -1.102156172273016516e-01 -1.740893243284686032e-01 -9.758695188762848138e-01 7.227798421532434514e-02
1.520530345701198578e+09 -1.987421870231628418e+00 2.000449448823928833e-01 -2.812466211616992950e-02 -1.079448365743098381e-01 -1.729150082349653617e-01 -9.776454971191469445e-01 5.155185880939174708e-02
1.520530345751200914e+09 -1.984473943710327148e+00 2.611624300479888916e-01 -3.079300560057163239e-02 -1.065047570313988473e-01 -1.698067726096421926e-01 -9.793994687017126832e-01 2.447605794206155969e-02
1.520530345801202774e+09 -1.977277040481567383e+00 3.212943375110626221e-01 -2.726978808641433716e-02 -1.083541392737849413e-01 -1.674274136248485312e-01 -9.798955508181373952e-01 -5.670198933936979394e-03
1.520530345851203680e+09 -1.964602470397949219e+00 3.788615763187408447e-01 -2.007832750678062439e-02 -1.075665013871352077e-01 -1.632623011426122261e-01 -9.796449747987012735e-01 -4.550375980732142972e-02
1.520530345901205778e+09 -1.944082140922546387e+00 4.353152215480804443e-01 -9.898567572236061096e-03 -1.039976807692933325e-01 -1.512297330148990315e-01 -9.787314730647543870e-01 -9.164471550147529344e-02
1.520530345951161385e+09 -1.917201161384582520e+00 4.901981949806213379e-01 1.985760638490319252e-03 -1.020368125215073279e-01 -1.327973916673408639e-01 -9.767513381413779339e-01 -1.338288649575622713e-01
1.520530346001474619e+09 -1.887596726417541504e+00 5.430508255958557129e-01 1.282837893813848495e-02 -1.059118067574746080e-01 -1.141794696366210671e-01 -9.730268081164559213e-01 -1.701898016614662168e-01
1.520530346051476479e+09 -1.857542634010314941e+00 5.940766334533691406e-01 1.888802088797092438e-02 -1.118749305437621577e-01 -9.910936652123378265e-02 -9.676833747361989202e-01 -2.031015008382495990e-01
1.520530346101478577e+09 -1.826798081398010254e+00 6.453402042388916016e-01 1.799246110022068024e-02 -1.162054278936024282e-01 -8.779990398998992196e-02 -9.615792331947331517e-01 -2.327076571065992971e-01
1.520530346151479721e+09 -1.795767664909362793e+00 6.962380409240722656e-01 1.112590264528989792e-02 -1.187068671584893959e-01 -7.935679707940627992e-02 -9.555132393872545205e-01 -2.580806614265971910e-01
1.520530346201480627e+09 -1.763894081115722656e+00 7.463842630386352539e-01 1.479857717640697956e-03 -1.189156428824767048e-01 -7.424902642111089190e-02 -9.501037247241244099e-01 -2.786558167681228437e-01
1.520530346251483679e+09 -1.731686115264892578e+00 7.951513528823852539e-01 -6.478632334619760513e-03 -1.191951170935825199e-01 -7.038563404118877709e-02 -9.459738616076817097e-01 -2.932095491908774942e-01
1.520530346301484585e+09 -1.698265194892883301e+00 8.433129191398620605e-01 -9.849525988101959229e-03 -1.182446170719190226e-01 -6.599017170960816414e-02 -9.427805454803236396e-01 -3.046774537688588524e-01
1.520530346351486444e+09 -1.663550615310668945e+00 8.891644477844238281e-01 -7.271301466971635818e-03 -1.146420602033686592e-01 -6.408298699736983406e-02 -9.393341451999713820e-01 -3.168626397530344141e-01
1.520530346401376247e+09 -1.627469539642333984e+00 9.321324229240417480e-01 -1.376293017528951168e-03 -1.121754487025466290e-01 -6.329620896283216780e-02 -9.349711426858146046e-01 -3.305135715581098976e-01
1.520530346451378345e+09 -1.588861107826232910e+00 9.744623303413391113e-01 4.738499410450458527e-03 -1.120626083822401226e-01 -6.182624272570545060e-02 -9.300334262402913943e-01 -3.444667089701632934e-01
1.520530346501379251e+09 -1.548897862434387207e+00 1.015227556228637695e+00 9.898398071527481079e-03 -1.105419652136498260e-01 -6.128575413105431108e-02 -9.239415164970610217e-01 -3.610493101508479019e-01
1.520530346551380396e+09 -1.506283044815063477e+00 1.055019259452819824e+00 1.229508873075246811e-02 -1.100693260472662832e-01 -5.794741885535767412e-02 -9.173759709045546940e-01 -3.780848689361002712e-01
1.520530346601382256e+09 -1.459887504577636719e+00 1.095349192619323730e+00 1.048792619258165359e-02 -1.063409180351213013e-01 -5.159563358694552182e-02 -9.111132246481644659e-01 -3.948445157494691604e-01
1.520530346651383162e+09 -1.409908771514892578e+00 1.135808706283569336e+00 6.595013663172721863e-03 -1.004691406469585824e-01 -4.186841408323505737e-02 -9.051572540684569290e-01 -4.109055038412936511e-01
1.520530346701385260e+09 -1.357965111732482910e+00 1.174911379814147949e+00 1.895617577247321606e-03 -9.569754933137755715e-02 -2.929851518385496317e-02 -8.992186537209813091e-01 -4.258983316006485498e-01
1.520530346751386166e+09 -1.303932309150695801e+00 1.211187362670898438e+00 -2.561511239036917686e-03 -8.717112518475994554e-02 -1.883542249922249071e-02 -8.907650825173155651e-01 -4.456276355447662540e-01
1.520530346801544905e+09 -1.247734189033508301e+00 1.243905782699584961e+00 -3.727578558027744293e-03 -7.520460189019219366e-02 -1.293526284951970577e-02 -8.791623538124300197e-01 -4.703727271733973980e-01
1.520530346851545811e+09 -1.192194342613220215e+00 1.272629618644714355e+00 -4.399125173222273588e-04 -6.623016850960784796e-02 -1.230711640518152884e-02 -8.672378407949699053e-01 -4.933159506424424356e-01
1.520530346901547670e+09 -1.135396242141723633e+00 1.296759843826293945e+00 5.100798327475786209e-03 -5.996915729181188925e-02 -2.016852992811641807e-02 -8.531074568210229581e-01 -5.178847339810424000e-01
1.520530346951548815e+09 -1.076804161071777344e+00 1.314583301544189453e+00 1.096387859433889389e-02 -5.590046003572055749e-02 -3.128389160765878557e-02 -8.352799126300118893e-01 -5.460805107770053679e-01
1.520530347001550674e+09 -1.016021251678466797e+00 1.327523946762084961e+00 1.637271046638488770e-02 -5.654643230604285836e-02 -3.833215144812448377e-02 -8.173358681731149877e-01 -5.720972170501411602e-01
1.520530347051552773e+09 -9.550268650054931641e-01 1.337930917739868164e+00 1.991233229637145996e-02 -6.485094148132090897e-02 -3.792826469393431599e-02 -8.002145908746528535e-01 -5.949894206434306332e-01
1.520530347101553679e+09 -8.930258154869079590e-01 1.347428679466247559e+00 1.951850578188896179e-02 -7.646837120265553844e-02 -3.458311424487595098e-02 -7.850685751382613375e-01 -6.136969355839402285e-01
1.520530347151555777e+09 -8.309729099273681641e-01 1.357125520706176758e+00 1.315320469439029694e-02 -8.471572113526285031e-02 -3.640758443635299518e-02 -7.742503705312862028e-01 -6.261262637201926440e-01
1.520530347201399803e+09 -7.696293592453002930e-01 1.366382122039794922e+00 3.156801685690879822e-03 -8.978338438321428749e-02 -3.733556302989289588e-02 -7.657933148784168420e-01 -6.356930064972104999e-01
1.520530347251402140e+09 -7.074650526046752930e-01 1.376628518104553223e+00 -6.674108095467090607e-03 -9.372189895896984591e-02 -3.396897212829121104e-02 -7.621874410645671505e-01 -6.396347545838320103e-01
1.520530347301403046e+09 -6.458935737609863281e-01 1.386798262596130371e+00 -1.333577837795019150e-02 -9.314479888769985894e-02 -3.013709200621462678e-02 -7.609735290097839888e-01 -6.413541067709586097e-01
1.520530347351404905e+09 -5.841140747070312500e-01 1.396912574768066406e+00 -1.371130999177694321e-02 -8.699271246902740007e-02 -2.816234713448167656e-02 -7.594925253949832422e-01 -6.440576480799751202e-01
1.520530347401407003e+09 -5.235134363174438477e-01 1.406055927276611328e+00 -6.859978195279836655e-03 -8.031679571931442385e-02 -2.828190061638633998e-02 -7.571857460402043882e-01 -6.476257348318129603e-01
1.520530347451407909e+09 -4.641129672527313232e-01 1.414255261421203613e+00 4.369297996163368225e-03 -8.007884880861057542e-02 -2.471272637734057628e-02 -7.556281086801470703e-01 -6.496174416538940122e-01
1.520530347501409769e+09 -4.038854837417602539e-01 1.422484278678894043e+00 1.589694060385227203e-02 -8.341823254765440288e-02 -1.805526147372250520e-02 -7.542208790946027808e-01 -6.510501298283454252e-01
1.520530347551411152e+09 -3.435661196708679199e-01 1.430536985397338867e+00 2.567694894969463348e-02 -8.799378858055395547e-02 -1.215892873347875630e-02 -7.521535360237996404e-01 -6.529734388703644088e-01
1.520530347601218224e+09 -2.849752902984619141e-01 1.436723947525024414e+00 3.128009662032127380e-02 -9.160344634416628384e-02 -7.710191073342980914e-03 -7.484975715531378970e-01 -6.567349137593792019e-01
1.520530347651220083e+09 -2.251242697238922119e-01 1.440379261970520020e+00 3.130641579627990723e-02 -9.201484390599665164e-02 -1.088248969008999770e-03 -7.441996504997029360e-01 -6.615882136278249392e-01
1.520530347701221943e+09 -1.623578518629074097e-01 1.441616892814636230e+00 2.653497084975242615e-02 -8.794043734541910629e-02 7.199864651444119398e-03 -7.385036161484468398e-01 -6.684512325997796767e-01
1.520530347751223087e+09 -9.856189787387847900e-02 1.439313888549804688e+00 1.945344172418117523e-02 -8.184018292073497181e-02 1.514949940829674740e-02 -7.313767279227233464e-01 -6.768757337800118679e-01
1.520530347801223993e+09 -3.428593650460243225e-02 1.433852791786193848e+00 1.170936133712530136e-02 -8.016031761174270687e-02 2.049265187039616895e-02 -7.226410310421740313e-01 -6.862538269139247804e-01
1.520530347851226091e+09 3.128815069794654846e-02 1.424711346626281738e+00 5.835060961544513702e-03 -8.194384631420104093e-02 1.974062785578761109e-02 -7.091163912851055073e-01 -7.000353257328396639e-01
1.520530347901226997e+09 9.669704735279083252e-02 1.411693215370178223e+00 5.978778470307588577e-03 -8.892784538669694372e-02 1.796006129308856669e-02 -6.944399701909027556e-01 -7.138083792688945106e-01
1.520530347951229095e+09 1.594309657812118530e-01 1.394758105278015137e+00 1.214812137186527252e-02 -9.874600450700966869e-02 1.601795711121951904e-02 -6.805829001796513955e-01 -7.258095946093158224e-01
1.520530348001162767e+09 2.218663841485977173e-01 1.373838782310485840e+00 2.134368196129798889e-02 -1.061471872028014879e-01 1.682605816086434058e-02 -6.625000973946792993e-01 -7.413118637710723879e-01
1.520530348051163912e+09 2.833384275436401367e-01 1.346833586692810059e+00 3.140274807810783386e-02 -1.058463395242738025e-01 1.878920092746936762e-02 -6.410722971226210376e-01 -7.599143558321196368e-01
1.520530348101166010e+09 3.414592742919921875e-01 1.315919399261474609e+00 4.042711481451988220e-02 -1.039188948538817825e-01 2.075820038259588649e-02 -6.204026921275574979e-01 -7.770910242758585218e-01
1.520530348151167870e+09 3.978664278984069824e-01 1.284363746643066406e+00 4.360225051641464233e-02 -1.072376092573316536e-01 2.681104516727128920e-02 -6.012865000264031590e-01 -7.913506226090989415e-01
1.520530348201169014e+09 4.549467861652374268e-01 1.251628518104553223e+00 3.983895108103752136e-02 -1.106316033004694499e-01 3.361763305834383764e-02 -5.821577091003659055e-01 -8.048123413776255841e-01
1.520530348251169920e+09 5.116231441497802734e-01 1.217778801918029785e+00 3.095100261270999908e-02 -1.132833885751183545e-01 4.232901066025727965e-02 -5.648859380670909758e-01 -8.162591535189821501e-01
1.520530348301183939e+09 5.673168301582336426e-01 1.183114647865295410e+00 2.029440179467201233e-02 -1.134271260763921874e-01 5.211114221838235999e-02 -5.507633380562451109e-01 -8.252747793189175729e-01
1.520530348351172924e+09 6.211879849433898926e-01 1.147613286972045898e+00 1.126925740391016006e-02 -1.092579232459832267e-01 6.034860107129355611e-02 -5.381249867649871010e-01 -8.335719831999484075e-01
1.520530348401174784e+09 6.734123826026916504e-01 1.110807776451110840e+00 7.391927298158407211e-03 -1.008434832518769475e-01 6.390609217153896127e-02 -5.255348970029555256e-01 -8.423536521563163015e-01
1.520530348451416731e+09 7.229343652725219727e-01 1.071581721305847168e+00 1.006472297012805939e-02 -9.192420476383542094e-02 5.988095657840728642e-02 -5.097465478617311252e-01 -8.533010421655649047e-01
1.520530348501418591e+09 7.679481506347656250e-01 1.031080245971679688e+00 1.700786314904689789e-02 -8.851454146891672703e-02 5.799763106756800762e-02 -4.960571977769499541e-01 -8.618170961826978616e-01
1.520530348551419735e+09 8.120762705802917480e-01 9.889308214187622070e-01 2.430695667862892151e-02 -8.974282278211104247e-02 6.296951952811613573e-02 -4.843163401081089781e-01 -8.679969746916077478e-01
1.520530348601421595e+09 8.555101156234741211e-01 9.453110098838806152e-01 2.980958297848701477e-02 -9.062655951070218430e-02 6.545768631899263890e-02 -4.693364765833074603e-01 -8.759140310335166157e-01
1.520530348651423693e+09 8.952413797378540039e-01 8.999788761138916016e-01 3.270947188138961792e-02 -8.910495278675646669e-02 6.395168237019673019e-02 -4.505059461647577534e-01 -8.860106557943239203e-01
1.520530348701424837e+09 9.334630966186523438e-01 8.524984121322631836e-01 3.211373835802078247e-02 -8.515063353705147609e-02 6.600539883625908266e-02 -4.317813055601348315e-01 -8.955208323101649937e-01
1.520530348751426697e+09 9.722488522529602051e-01 8.024978637695312500e-01 2.855020016431808472e-02 -7.871179277799598972e-02 7.062000031874172967e-02 -4.125370380712492513e-01 -9.047819966445262985e-01
1.520530348801427603e+09 1.008827805519104004e+00 7.499128580093383789e-01 2.358554862439632416e-02 -7.336353784529919819e-02 7.877397031338877198e-02 -3.934857890629984145e-01 -9.130067835023768508e-01
1.520530348851314545e+09 1.042444825172424316e+00 6.953049898147583008e-01 1.966288127005100250e-02 -6.980538102866239158e-02 8.751354778924111399e-02 -3.717229224995374781e-01 -9.215696699768207711e-01
1.520530348901315689e+09 1.071023583412170410e+00 6.386939883232116699e-01 1.877971924841403961e-02 -6.593846877761233571e-02 9.164078726933433394e-02 -3.444089980179095289e-01 -9.320067202162332087e-01
1.520530348951317549e+09 1.095356583595275879e+00 5.803406238555908203e-01 2.235086262226104736e-02 -6.444362840579274943e-02 9.339030172020137965e-02 -3.161307349894392771e-01 -9.419058491683459655e-01
1.520530349001319408e+09 1.114200353622436523e+00 5.212902426719665527e-01 2.933788113296031952e-02 -6.565057806459602407e-02 8.924650568326757127e-02 -2.830698008915263908e-01 -9.526786187620368551e-01
1.520530349051320553e+09 1.125558376312255859e+00 4.603266716003417969e-01 3.807971626520156860e-02 -6.625920896793090209e-02 8.449329693250930140e-02 -2.426282176419339853e-01 -9.641587773828111940e-01
1.520530349101322651e+09 1.131303787231445312e+00 3.972643911838531494e-01 4.713725298643112183e-02 -6.387984135554292120e-02 8.723512466648412900e-02 -2.003248821092760423e-01 -9.737450079464943231e-01
1.520530349151324511e+09 1.131791234016418457e+00 3.342098593711853027e-01 5.475075542926788330e-02 -5.785098773325262483e-02 9.384537048418616079e-02 -1.590068563806652513e-01 -9.811030166506019556e-01
1.520530349201325655e+09 1.129588723182678223e+00 2.716711759567260742e-01 5.813872441649436951e-02 -5.016413567481112223e-02 1.035126866632671699e-01 -1.196367484659952157e-01 -9.861317009447753135e-01
1.520530349251106024e+09 1.124000072479248047e+00 2.097823619842529297e-01 5.667554214596748352e-02 -4.162300217267733693e-02 1.112057896205836532e-01 -8.216744343865453604e-02 -9.895197366822711116e-01
1.520530349301106930e+09 1.116481900215148926e+00 1.493855863809585571e-01 5.169635266065597534e-02 -3.345384412296147775e-02 1.189961047908951047e-01 -4.789920844073190104e-02 -9.911742698379242267e-01
1.520530349351109266e+09 1.105859994888305664e+00 8.920390158891677856e-02 4.394429177045822144e-02 -2.631817016003997617e-02 1.311115680222941782e-01 -2.277678465172732966e-02 -9.907564426896708909e-01
1.520530349401110172e+09 1.093683123588562012e+00 3.003617003560066223e-02 3.595224395394325256e-02 -1.894150061684780201e-02 1.426497955287469865e-01 -6.292098022880135595e-03 -9.895719604417150261e-01
1.520530349451112032e+09 1.080758094787597656e+00 -2.826454676687717438e-02 3.234341740608215332e-02 -1.160621554662571997e-02 1.414263850251824273e-01 1.078573991282089604e-02 -9.898219744953772326e-01
1.520530349501114130e+09 1.064047336578369141e+00 -8.344767987728118896e-02 3.456530719995498657e-02 -6.956930482460812679e-03 1.341884831979533177e-01 2.881403906626892747e-02 -9.905123942929650038e-01
1.520530349551115036e+09 1.045880198478698730e+00 -1.352075338363647461e-01 4.013760015368461609e-02 -5.599941081730419080e-03 1.275018188255007123e-01 4.514215474720292831e-02 -9.907946874710470420e-01
1.520530349601117134e+09 1.025437593460083008e+00 -1.863694489002227783e-01 4.585599154233932495e-02 -5.548040138752416417e-03 1.251244489996288234e-01 6.524615448087811576e-02 -9.899777931037724299e-01
1.520530349650934935e+09 1.003018379211425781e+00 -2.372457683086395264e-01 4.990016669034957886e-02 -5.759504257033790445e-03 1.294322080463918556e-01 8.587218274345750912e-02 -9.878461924114619874e-01
1.520530349700936794e+09 9.781953692436218262e-01 -2.876695692539215088e-01 5.054507777094841003e-02 -7.401651844708530097e-03 1.338975668986679968e-01 1.070775789866701688e-01 -9.851654933090885358e-01
1.520530349750942707e+09 9.502996206283569336e-01 -3.383814394474029541e-01 4.688478261232376099e-02 -9.613828645926717972e-03 1.365603792139893635e-01 1.317870902922759768e-01 -9.817795067936555542e-01
1.520530349800939798e+09 9.193297028541564941e-01 -3.907425701618194580e-01 3.933423757553100586e-02 -1.019136989583925741e-02 1.380834145179824224e-01 1.586587145669660082e-01 -9.775768608690874606e-01
1.520530349850940704e+09 8.839964270591735840e-01 -4.424993693828582764e-01 3.013190999627113342e-02 -7.756422147533928446e-03 1.418709135799681720e-01 1.838452041019993655e-01 -9.726322134929260566e-01
1.520530349900985718e+09 8.457911610603332520e-01 -4.942256510257720947e-01 2.076598629355430603e-02 -4.194655289646299391e-03 1.495979965134676404e-01 2.053943493144177179e-01 -9.671690677311101103e-01
1.520530349950943947e+09 8.042747974395751953e-01 -5.437889695167541504e-01 1.344503276050090790e-02 -6.137507216288749443e-03 1.564539896138132935e-01 2.299286318081940061e-01 -9.605296999124508517e-01
1.520530350000945807e+09 7.605057358741760254e-01 -5.902076363563537598e-01 1.050548534840345383e-02 -1.620233881397526235e-02 1.604511963493974458e-01 2.568720999896518808e-01 -9.528953888302275077e-01
1.520530350051376581e+09 7.142618894577026367e-01 -6.316338777542114258e-01 1.302256155759096146e-02 -3.088387650907433932e-02 1.591141569942598200e-01 2.891653890640686897e-01 -9.434576031720790512e-01
1.520530350101378679e+09 6.648802757263183594e-01 -6.664728522300720215e-01 1.917033456265926361e-02 -3.943258773642680654e-02 1.536091369226952330e-01 3.279077308558937531e-01 -9.313032933063281060e-01
1.520530350151379585e+09 6.102641820907592773e-01 -6.980701684951782227e-01 2.669974230229854584e-02 -3.465616039215920624e-02 1.497507130441286805e-01 3.694962945770601803e-01 -9.164312100662386218e-01
1.520530350201381445e+09 5.513542890548706055e-01 -7.243239283561706543e-01 3.368047997355461121e-02 -2.110935737654447836e-02 1.482837789208469870e-01 4.095264951916170459e-01 -8.999190884052706840e-01
1.520530350251383543e+09 4.916621148586273193e-01 -7.471840977668762207e-01 3.771877661347389221e-02 -6.013795429404713774e-03 1.515732628960280437e-01 4.454443229533461279e-01 -8.823654205533101313e-01
1.520530350301384449e+09 4.314567148685455322e-01 -7.679282426834106445e-01 3.700426220893859863e-02 5.422195811503194816e-03 1.543881276090414978e-01 4.770346516984053653e-01 -8.652010442232124232e-01
1.520530350351386547e+09 3.704228401184082031e-01 -7.871323227882385254e-01 3.188649937510490417e-02 1.381404470169892047e-02 1.563605128600989436e-01 5.043887684661844117e-01 -8.490892370253387833e-01
1.520530350401387691e+09 3.087653815746307373e-01 -8.045572042465209961e-01 2.407360635697841644e-02 2.138852537773950138e-02 1.567573862571185195e-01 5.268235860403996940e-01 -8.351206871030893986e-01
1.520530350451514721e+09 2.473395168781280518e-01 -8.198943734169006348e-01 1.807998307049274445e-02 2.864932197875852057e-02 1.530859581450176032e-01 5.454519255917671394e-01 -8.235448394818661866e-01
1.520530350501515627e+09 1.860491782426834106e-01 -8.328102231025695801e-01 1.655631139874458313e-02 3.438378873779420614e-02 1.459619404283005462e-01 5.621392136234162340e-01 -8.133341081777446524e-01
1.520530350551517725e+09 1.253815740346908569e-01 -8.428961634635925293e-01 2.109313569962978363e-02 3.568106390711005271e-02 1.380386005582963371e-01 5.764899645533523298e-01 -8.045691562591984480e-01
1.520530350601519823e+09 6.736446171998977661e-02 -8.511837124824523926e-01 2.949472144246101379e-02 3.358766625914580417e-02 1.338552759597128883e-01 5.870158352167055282e-01 -7.977261704230637074e-01
1.520530350651520967e+09 9.591098874807357788e-03 -8.599832653999328613e-01 3.832802921533584595e-02 3.382659479283327275e-02 1.368414223590242174e-01 5.936516783659251395e-01 -7.922801722779644340e-01
1.520530350701522827e+09 -4.828088730573654175e-02 -8.700146079063415527e-01 4.546995460987091064e-02 3.308066124011741632e-02 1.390593708211441959e-01 6.018135212358018959e-01 -7.857408267975574123e-01
1.520530350751523733e+09 -1.066203564405441284e-01 -8.795490264892578125e-01 4.874967038631439209e-02 3.208833898538777929e-02 1.376901850271233241e-01 6.140817338080301058e-01 -7.764762556908478830e-01
1.520530350801525831e+09 -1.670100539922714233e-01 -8.881395459175109863e-01 4.733447730541229248e-02 3.560412187235142967e-02 1.334856109277363367e-01 6.262596642682183301e-01 -7.672762026099897437e-01
1.520530350851526737e+09 -2.303664237260818481e-01 -8.960326313972473145e-01 4.266973957419395447e-02 4.390544158322270268e-02 1.255516328089551770e-01 6.381184639108293810e-01 -7.583626610761313724e-01
1.520530350901570559e+09 -2.945986390113830566e-01 -9.020957350730895996e-01 3.746783360838890076e-02 5.666951151862911762e-02 1.174443225233597482e-01 6.476806047032155345e-01 -7.506698554374926502e-01
1.520530350951572895e+09 -3.598530888557434082e-01 -9.069824218750000000e-01 3.347419202327728271e-02 6.926488304249150962e-02 1.098707004040795354e-01 6.565651351325444418e-01 -7.430027109628943860e-01
1.520530351001573801e+09 -4.260116219520568848e-01 -9.093154072761535645e-01 3.249743580818176270e-02 7.545288514239965882e-02 9.933527377438948480e-02 6.706362840118212931e-01 -7.312224969697463939e-01
1.520530351051575661e+09 -4.918403029441833496e-01 -9.080512523651123047e-01 3.596913814544677734e-02 7.795218640212400740e-02 9.260585330146230143e-02 6.879567673576942877e-01 -7.155858430797717995e-01
1.520530351101577759e+09 -5.547860264778137207e-01 -9.018779397010803223e-01 4.440536350011825562e-02 7.743952198320727676e-02 8.845326792478126754e-02 7.079330477052809822e-01 -6.964265501796665925e-01
1.520530351151578665e+09 -6.149977445602416992e-01 -8.896071314811706543e-01 5.563291534781455994e-02 7.849675616453868909e-02 8.377813710651639545e-02 7.323919621718990580e-01 -6.711344848542670771e-01
1.520530351201581001e+09 -6.743006706237792969e-01 -8.710063695907592773e-01 6.739380210638046265e-02 8.588887194150621185e-02 7.904611015340265445e-02 7.561708794438617431e-01 -6.438791930380481920e-01
1.520530351251581907e+09 -7.312409281730651855e-01 -8.486492633819580078e-01 7.689615339040756226e-02 9.344026124879326045e-02 7.745566697678236967e-02 7.776900858358668511e-01 -6.168206121908875739e-01
1.520530351301682949e+09 -7.870923280715942383e-01 -8.258523941040039062e-01 8.077745139598846436e-02 9.743149009180075704e-02 8.195435521881364038e-02 7.959141862175084237e-01 -5.918709289844206189e-01
1.520530351351680040e+09 -8.427268266677856445e-01 -8.033130764961242676e-01 7.853396236896514893e-02 9.674028604007484100e-02 8.836760707526601644e-02 8.111662488827875439e-01 -5.699489448626985366e-01
1.520530351401684999e+09 -8.985759019851684570e-01 -7.813626527786254883e-01 7.144723087549209595e-02 9.641737831440902462e-02 9.407758318075365445e-02 8.221277845697217979e-01 -5.531356102623709026e-01
1.520530351451683283e+09 -9.551623463630676270e-01 -7.603672146797180176e-01 6.153182685375213623e-02 9.964214941559543237e-02 9.656287639997873651e-02 8.295245733543094024e-01 -5.409584412527025377e-01
1.520530351501759052e+09 -1.013759732246398926e+00 -7.404150366783142090e-01 5.244377627968788147e-02 1.029389059035836357e-01 9.284936685868791506e-02 8.347274705279803531e-01 -5.329283504105158942e-01
1.520530351551686049e+09 -1.071979403495788574e+00 -7.213663458824157715e-01 4.758930951356887817e-02 1.015456012375154649e-01 8.493243087130303293e-02 8.395192553221697551e-01 -5.269557789785709323e-01
1.520530351601688147e+09 -1.129718184471130371e+00 -7.023391723632812500e-01 4.784018918871879578e-02 9.601869711484357917e-02 8.096939676001503605e-02 8.445518201493723565e-01 -5.205349072589361414e-01
1.520530351651689053e+09 -1.183878779411315918e+00 -6.837439537048339844e-01 5.174461007118225098e-02 8.915035921812979047e-02 8.499317378013884761e-02 8.473253608688603444e-01 -5.165927861386697684e-01
1.520530351701694965e+09 -1.237221240997314453e+00 -6.655330657958984375e-01 5.506246909499168396e-02 8.815227705078854115e-02 9.819386354858090915e-02 8.473614580343282743e-01 -5.143595052588227912e-01
1.520530351751695871e+09 -1.291386723518371582e+00 -6.471853256225585938e-01 5.577556788921356201e-02 8.855610137465452780e-02 1.119396288318100230e-01 8.478178783265771790e-01 -5.107173206345558825e-01
1.520530351801698208e+09 -1.345241427421569824e+00 -6.281504034996032715e-01 5.333801731467247009e-02 8.397943978812309751e-02 1.192611041813929351e-01 8.519712389541677089e-01 -5.028610650241359670e-01
1.520530351851700068e+09 -1.398086667060852051e+00 -6.070736646652221680e-01 4.793843626976013184e-02 7.735413490867081021e-02 1.194559099120820617e-01 8.597246970269235566e-01 -4.905303953085602964e-01
1.520530351901700974e+09 -1.450623273849487305e+00 -5.819848179817199707e-01 4.045396298170089722e-02 7.495618333708234382e-02 1.137498092024566837e-01 8.692495768651977706e-01 -4.752343891235323858e-01
1.520530351951703072e+09 -1.500863313674926758e+00 -5.526461005210876465e-01 3.251609578728675842e-02 7.922587476918419025e-02 1.047341889251932889e-01 8.784180805519925528e-01 -4.594950339194022182e-01
1.520530352001703978e+09 -1.550414085388183594e+00 -5.202117562294006348e-01 2.523409761488437653e-02 8.634288195878520034e-02 9.538957020178301383e-02 8.864547782162118805e-01 -4.445713247718719452e-01
1.520530352051705837e+09 -1.598551869392395020e+00 -4.852286577224731445e-01 1.980153284966945648e-02 8.597845271439365222e-02 8.654272241537845634e-02 8.975907237697841046e-01 -4.236141587201833758e-01
1.520530352101805449e+09 -1.642824530601501465e+00 -4.479497671127319336e-01 1.952904090285301208e-02 8.024117987995579848e-02 8.187729755476992610e-02 9.100577113140745356e-01 -3.983119672748847151e-01
1.520530352151806593e+09 -1.682669162750244141e+00 -4.100987017154693604e-01 2.382432110607624054e-02 7.505238915529011123e-02 8.279226846407303220e-02 9.211315056878551788e-01 -3.728663680112229151e-01
1.520530352201808453e+09 -1.717566251754760742e+00 -3.699675500392913818e-01 3.101924806833267212e-02 7.419062032939595375e-02 8.636597854934000007e-02 9.325097926664392967e-01 -3.427275246978986334e-01
1.520530352251809359e+09 -1.748392820358276367e+00 -3.260532915592193604e-01 3.920669481158256531e-02 7.915304718308689702e-02 8.867595386350379805e-02 9.426741448234992049e-01 -3.118282011129114850e-01
1.520530352301811457e+09 -1.775530695915222168e+00 -2.808376848697662354e-01 4.548421502113342285e-02 8.500585485834198651e-02 9.019957995271914164e-02 9.520481579366759650e-01 -2.797183322300085262e-01
1.520530352351812363e+09 -1.799286842346191406e+00 -2.339610755443572998e-01 4.689064621925354004e-02 9.032974152673090007e-02 9.068696705455944751e-02 9.606125100067590683e-01 -2.466576928065972729e-01
1.520530352401814461e+09 -1.820723295211791992e+00 -1.852782219648361206e-01 4.308505728840827942e-02 9.755161485394542309e-02 8.929315346409205656e-02 9.673291382126599780e-01 -2.162978352840784491e-01
1.520530352451816559e+09 -1.840486764907836914e+00 -1.344381123781204224e-01 3.544288873672485352e-02 1.062686653814220311e-01 8.625736726838637014e-02 9.719746589673675663e-01 -1.911331987783584097e-01
1.520530352501468658e+09 -1.859266877174377441e+00 -8.323219418525695801e-02 2.596709318459033966e-02 1.144901213923529698e-01 8.319612577150833910e-02 9.744581562232248473e-01 -1.743608858953437091e-01
1.520530352551470757e+09 -1.876833200454711914e+00 -3.123690560460090637e-02 1.650352776050567627e-02 1.196706662425915668e-01 8.135874534630961608e-02 9.757121759659584947e-01 -1.644549660803932556e-01
1.520530352601471901e+09 -1.893693804740905762e+00 2.163892798125743866e-02 9.912333451211452484e-03 1.174365061659516651e-01 8.088875583430481242e-02 9.771991398055422939e-01 -1.573134366874647527e-01
1.520530352651473761e+09 -1.906370759010314941e+00 7.465879619121551514e-02 8.721463382244110107e-03 1.060074996102411959e-01 8.390494287799632467e-02 9.800222342929713060e-01 -1.458725158432439828e-01
1.520530352701474667e+09 -1.914983749389648438e+00 1.258689314126968384e-01 1.229905709624290466e-02 1.023507575954913651e-01 9.168760574304062050e-02 9.809714062198960915e-01 -1.371597811010837054e-01
1.520530352751476765e+09 -1.922995805740356445e+00 1.775767505168914795e-01 1.565646752715110779e-02 1.079851363342172188e-01 9.997968138762235168e-02 9.808943039195671121e-01 -1.272385090240295835e-01
1.520530352801477671e+09 -1.930200219154357910e+00 2.306384444236755371e-01 1.762178353965282440e-02 1.136299256745521846e-01 1.040451564093127917e-01 9.815873154103607057e-01 -1.129123006781750926e-01
1.520530352851479530e+09 -1.936572909355163574e+00 2.838674485683441162e-01 1.793866790831089020e-02 1.144473211968560639e-01 1.039685486827575528e-01 9.835831796183293063e-01 -9.304020812295156484e-02
1.520530352901098013e+09 -1.938755035400390625e+00 3.373826146125793457e-01 1.538304146379232407e-02 1.139448829523357076e-01 1.000012253933356687e-01 9.859990079501841365e-01 -6.944260140621706656e-02
1.520530352951099157e+09 -1.938350439071655273e+00 3.942805528640747070e-01 1.008959207683801651e-02 1.155146267082814843e-01 9.245912728852570539e-02 9.879236019299770799e-01 -4.598518834571507091e-02
1.520530353001101255e+09 -1.934274077415466309e+00 4.523410201072692871e-01 2.544569317251443863e-03 1.201065086683463651e-01 8.513407473763628941e-02 9.887764855641449913e-01 -2.544950862954194898e-02
1.520530353051102400e+09 -1.928200840950012207e+00 5.103127956390380859e-01 -5.131555255502462387e-03 1.220516673078553965e-01 8.104418708245769709e-02 9.891968058303246547e-01 -4.990950069778864184e-03
1.520530353101208210e+09 -1.919442057609558105e+00 5.682292580604553223e-01 -1.009018532931804657e-02 1.142730422517730243e-01 7.913866692118866342e-02 9.900359577656159260e-01 2.252877146186986826e-02
1.520530353151105165e+09 -1.906613945960998535e+00 6.236045956611633301e-01 -8.909648284316062927e-03 1.045352818652501292e-01 7.883043602823586182e-02 9.899880309642445919e-01 5.274311091023053261e-02
1.520530353201107264e+09 -1.889361977577209473e+00 6.754819750785827637e-01 -2.544093178585171700e-03 9.615986386482351655e-02 8.044822917986994837e-02 9.881273685118280303e-01 8.880127589855939252e-02
1.520530353251108170e+09 -1.865732789039611816e+00 7.252411246299743652e-01 5.520691163837909698e-03 9.616696743118031965e-02 7.932438011391505783e-02 9.834197500251296020e-01 1.317009960294351079e-01
1.520530353301110029e+09 -1.836212754249572754e+00 7.739275693893432617e-01 1.315666455775499344e-02 1.027494786961903883e-01 7.281196642709218680e-02 9.765426817854139241e-01 1.746578163840178111e-01
1.520530353351397753e+09 -1.801845550537109375e+00 8.201419115066528320e-01 1.885535940527915955e-02 1.132067629795062147e-01 6.418840384931295828e-02 9.674421840123896832e-01 2.170707217022070923e-01
1.520530353401398897e+09 -1.765285730361938477e+00 8.648930788040161133e-01 2.012936957180500031e-02 1.239030429236556985e-01 5.643688112944147961e-02 9.568164298833725656e-01 2.568369792453523703e-01
1.520530353451400757e+09 -1.726382255554199219e+00 9.085900783538818359e-01 1.584329642355442047e-02 1.337192678556811121e-01 4.989751145195694959e-02 9.455915858809764707e-01 2.923798017410614847e-01
1.520530353501401663e+09 -1.686192274093627930e+00 9.514171481132507324e-01 7.656608242541551590e-03 1.447585885244070669e-01 4.372821119206225793e-02 9.357069777894277962e-01 3.187244049496975595e-01
1.520530353551403761e+09 -1.644828081130981445e+00 9.942393302917480469e-01 -2.166478196159005165e-03 1.542775368882733089e-01 4.077875709202869597e-02 9.286484934748193698e-01 3.348843235337613522e-01
1.520530353601404667e+09 -1.602636456489562988e+00 1.034988403320312500e+00 -9.817941114306449890e-03 1.553689507490350341e-01 4.448350800017629447e-02 9.245664883313907678e-01 3.450485694995737429e-01
1.520530353651406765e+09 -1.559397459030151367e+00 1.074493765830993652e+00 -1.288754865527153015e-02 1.561528730780261665e-01 4.676089401279196617e-02 9.230571917069685384e-01 3.484180245892095074e-01
1.520530353701407909e+09 -1.514634609222412109e+00 1.110999464988708496e+00 -1.028782408684492111e-02 1.537793316978675606e-01 4.821083347559707716e-02 9.215241603121795411e-01 3.532999499562345935e-01
1.520530353751735926e+09 -1.469676136970520020e+00 1.144579172134399414e+00 -3.398152068257331848e-03 1.554937634866246643e-01 4.663314965394609740e-02 9.188574399911653146e-01 3.596498906478358126e-01
1.520530353801737785e+09 -1.424120783805847168e+00 1.176880002021789551e+00 3.649424761533737183e-03 1.632703911043062728e-01 4.125339711534502934e-02 9.139099276608770861e-01 3.693366766758761077e-01
1.520530353851738691e+09 -1.377298831939697266e+00 1.210311651229858398e+00 8.140794932842254639e-03 1.681227448282899550e-01 3.752064138814942967e-02 9.073182472440997071e-01 3.835368852654438276e-01
1.520530353901740789e+09 -1.329448938369750977e+00 1.241417407989501953e+00 9.245529770851135254e-03 1.676569856818312665e-01 3.585765463238713840e-02 8.996068715941668570e-01 4.016376978533049980e-01
1.520530353951741695e+09 -1.279871702194213867e+00 1.270647406578063965e+00 6.761964876204729080e-03 1.636697947395857611e-01 3.295459224599719267e-02 8.909175988837900739e-01 4.223648010179634760e-01
1.520530354001744032e+09 -1.226793169975280762e+00 1.297953128814697266e+00 2.643073908984661102e-03 1.588732837310974921e-01 2.688271635499613760e-02 8.822905678964794163e-01 4.422668347036469161e-01
1.520530354051744938e+09 -1.172097086906433105e+00 1.322719097137451172e+00 -2.324023516848683357e-03 1.559330514198969952e-01 1.748697636076622375e-02 8.750279496317525663e-01 4.579357776980182981e-01
1.520530354101746798e+09 -1.115242838859558105e+00 1.345328092575073242e+00 -6.717999000102281570e-03 1.490021827319655268e-01 9.212000495122078456e-03 8.668435403774493730e-01 4.757055445271551886e-01
1.520530354151896477e+09 -1.056513309478759766e+00 1.364855766296386719e+00 -7.376249879598617554e-03 1.369883268523728881e-01 6.930418775439232612e-03 8.562120195779286957e-01 4.980834720526961523e-01
1.520530354201897383e+09 -9.980831742286682129e-01 1.381140232086181641e+00 -3.205791581422090530e-03 1.289377938878689123e-01 1.133428125033155397e-02 8.433144566274619613e-01 5.216007157002339190e-01
1.520530354251899242e+09 -9.409444332122802734e-01 1.392980933189392090e+00 4.401198588311672211e-03 1.237714146624568495e-01 2.241202080394182061e-02 8.264959488039851365e-01 5.487101100276341459e-01
1.520530354301900387e+09 -8.823745846748352051e-01 1.399343013763427734e+00 1.264570187777280807e-02 1.223346634592781396e-01 2.935693532582283119e-02 8.056276342465179541e-01 5.789097644736522774e-01
1.520530354351902246e+09 -8.225800991058349609e-01 1.400982975959777832e+00 2.001881599426269531e-02 1.223139943651747191e-01 2.895966816073357319e-02 7.851901376034684521e-01 6.063638117604831512e-01
1.520530354401904583e+09 -7.631582021713256836e-01 1.399452686309814453e+00 2.397380210459232330e-02 1.249937432478509247e-01 2.167166240802351901e-02 7.663816320020748751e-01 6.297349421202534936e-01
1.520530354451905489e+09 -7.027626037597656250e-01 1.396559476852416992e+00 2.296770736575126648e-02 1.260362221646185443e-01 1.158206029572731062e-02 7.484411324992532588e-01 6.510119797400137909e-01
1.520530354501907349e+09 -6.417091488838195801e-01 1.392798304557800293e+00 1.790988631546497345e-02 1.244359189910457103e-01 1.255241637877991135e-03 7.332486215498011939e-01 6.684763162809891357e-01
1.520530354551593781e+09 -5.782249569892883301e-01 1.388484120368957520e+00 1.099320780485868454e-02 1.241551128259995446e-01 -9.568123597672119687e-03 7.226252788967877372e-01 6.799313680580730823e-01
1.520530354601593018e+09 -5.164264440536499023e-01 1.385141730308532715e+00 4.330576863139867783e-03 1.248868926491731313e-01 -2.207141981430459435e-02 7.178185148932094695e-01 6.845821325073579988e-01
1.520530354651594877e+09 -4.547694623470306396e-01 1.382318615913391113e+00 6.423553568311035633e-04 1.245808966271170076e-01 -3.650461269128742192e-02 7.185877683811090488e-01 6.832119968069211291e-01
1.520530354701595783e+09 -3.943538367748260498e-01 1.380609273910522461e+00 2.402686746791005135e-03 1.203362710525250623e-01 -4.497098988049080814e-02 7.198559150084314906e-01 6.821321379071036972e-01
1.520530354751596928e+09 -3.361938297748565674e-01 1.377301335334777832e+00 9.373577311635017395e-03 1.134353324585008482e-01 -4.218314104023761224e-02 7.200789261236029137e-01 6.832564292523618521e-01
1.520530354801598787e+09 -2.802179157733917236e-01 1.373916983604431152e+00 1.822960935533046722e-02 1.120749608038391770e-01 -3.920856387716115804e-02 7.213707376731024468e-01 6.822947680500507373e-01
1.520530354851599693e+09 -2.241978943347930908e-01 1.371147513389587402e+00 2.575485780835151672e-02 1.142241446849732722e-01 -4.069652191315618200e-02 7.239839048503060592e-01 6.790758009183226473e-01
1.520530354901601791e+09 -1.678339540958404541e-01 1.369320869445800781e+00 3.037105500698089600e-02 1.160180468673416704e-01 -4.261326795006845775e-02 7.245386810319043303e-01 6.780616652519529941e-01
1.520530354951359272e+09 -1.117002144455909729e-01 1.366988658905029297e+00 3.078803233802318573e-02 1.141671099600843342e-01 -4.226506628805039301e-02 7.225918946740527149e-01 6.804707847706554791e-01
1.520530355001360178e+09 -5.422345176339149475e-02 1.362778902053833008e+00 2.725305594503879547e-02 1.108547829415286179e-01 -4.309205741108648735e-02 7.182886650868435252e-01 6.855039644632454632e-01
1.520530355051362038e+09 5.145829170942306519e-03 1.356668591499328613e+00 2.134338021278381348e-02 1.067145008089518537e-01 -4.569672743133818688e-02 7.118239920906654916e-01 6.926979346751876987e-01
1.520530355101363182e+09 6.469821929931640625e-02 1.347949028015136719e+00 1.494218409061431885e-02 1.025017932928629638e-01 -5.056562205482849348e-02 7.036161922468615604e-01 7.013278507559663755e-01
1.520530355151365280e+09 1.249730363488197327e-01 1.336248517036437988e+00 9.369302541017532349e-03 9.681470579023135348e-02 -5.502033169347554653e-02 6.916341104747584234e-01 7.136118924673836572e-01
1.520530355201366425e+09 1.849865615367889404e-01 1.320423007011413574e+00 7.989614270627498627e-03 8.984258267811162657e-02 -5.765748073625571318e-02 6.746599296405484392e-01 7.303683348765095396e-01
1.520530355251368284e+09 2.428162992000579834e-01 1.302137613296508789e+00 1.255053468048572540e-02 8.712388378983500214e-02 -5.967456713117103712e-02 6.568219513878842397e-01 7.466145585816652552e-01
1.520530355301370144e+09 2.973047792911529541e-01 1.280967712402343750e+00 2.058849297463893890e-02 8.572950088064193452e-02 -5.753914182201236294e-02 6.355717088685152172e-01 7.651067263611642799e-01
1.520530355351371288e+09 3.508083522319793701e-01 1.255071997642517090e+00 2.923419140279293060e-02 8.581505084730554900e-02 -5.860616208244513736e-02 6.098129896864921129e-01 7.857030052275877363e-01
1.520530355401407480e+09 4.033447504043579102e-01 1.224253654479980469e+00 3.752578422427177429e-02 8.642794556566475717e-02 -5.964439099820501716e-02 5.816833716959309841e-01 8.066084626014068393e-01
1.520530355451408386e+09 4.522407948970794678e-01 1.192160964012145996e+00 4.241219162940979004e-02 9.051874175868326877e-02 -6.228172707451689466e-02 5.569226677737889597e-01 8.232645297732472667e-01
1.520530355501410723e+09 5.007238984107971191e-01 1.159121036529541016e+00 4.167509078979492188e-02 9.457248199882618833e-02 -6.796855300206013084e-02 5.357516862704010396e-01 8.363052386000041638e-01
1.520530355551411629e+09 5.494578480720520020e-01 1.124312639236450195e+00 3.650778904557228088e-02 9.223831667398785239e-02 -7.424337741269740332e-02 5.181133453528997679e-01 8.470764872281202340e-01
1.520530355601414442e+09 5.981115102767944336e-01 1.089078068733215332e+00 3.002127818763256073e-02 8.591040277006738168e-02 -8.569949918380498355e-02 5.059797795139486798e-01 8.539668970507847678e-01
1.520530355651415586e+09 6.463180184364318848e-01 1.053399682044982910e+00 2.457057684659957886e-02 7.777887636930991277e-02 -1.012464247242456372e-01 4.975236688920753325e-01 8.580033838881137020e-01
1.520530355701417685e+09 6.925051212310791016e-01 1.017007350921630859e+00 2.131951600313186646e-02 6.848261892197779477e-02 -1.145443707392187205e-01 4.891964835334752792e-01 8.619028475043030157e-01
1.520530355751418352e+09 7.375934123992919922e-01 9.788849949836730957e-01 2.106466889381408691e-02 5.765330127799015575e-02 -1.183095961668242518e-01 4.795486386840368542e-01 8.675897875395256476e-01
1.520530355801531076e+09 7.781150937080383301e-01 9.395030140876770020e-01 2.492320351302623749e-02 4.910423599162402897e-02 -1.127877680731246279e-01 4.696938090330062820e-01 8.742170320560153085e-01
1.520530355851532936e+09 8.151832222938537598e-01 9.009121656417846680e-01 2.930525690317153931e-02 4.792257554873237402e-02 -1.111904642535864879e-01 4.627306910476777224e-01 8.781915593846177925e-01
1.520530355901534081e+09 8.518052697181701660e-01 8.616016507148742676e-01 3.231193125247955322e-02 4.978249762138820672e-02 -1.095497570553836814e-01 4.516701254290506062e-01 8.840331732772185314e-01
1.520530355951535940e+09 8.872301578521728516e-01 8.214329481124877930e-01 3.264201432466506958e-02 5.064024914861074006e-02 -1.026980605972815236e-01 4.334907927571624575e-01 8.938536827190960432e-01
1.520530356001537085e+09 9.195595383644104004e-01 7.796761989593505859e-01 3.086278028786182404e-02 5.013198135366873920e-02 -9.839254073594064232e-02 4.142477298944102215e-01 9.034403747068255885e-01
1.520530356051538944e+09 9.513849020004272461e-01 7.348979711532592773e-01 2.677342295646667480e-02 4.739126572239988483e-02 -9.921209533333544273e-02 3.970393844178939924e-01 9.111919420703070704e-01
1.520530356101541042e+09 9.836695790290832520e-01 6.869454383850097656e-01 2.114510908722877502e-02 4.427282210328396111e-02 -1.019878925271394954e-01 3.813510896043031395e-01 9.177198556523088468e-01
1.520530356151542187e+09 1.012708783149719238e+00 6.366433501243591309e-01 1.554158609360456467e-02 4.326070106679820448e-02 -1.052685903131271722e-01 3.655432766301441871e-01 9.238101258089749246e-01
1.520530356201376200e+09 1.038985729217529297e+00 5.842354297637939453e-01 1.161983143538236618e-02 4.198010003254729755e-02 -1.059524648676780506e-01 3.449881755103058611e-01 9.316624416320489210e-01
1.520530356251379967e+09 1.061339974403381348e+00 5.294331312179565430e-01 1.136021129786968231e-02 4.065196570378620811e-02 -1.052506561320854656e-01 3.194687948184679049e-01 9.408556776708207892e-01
1.520530356301379204e+09 1.079256176948547363e+00 4.745483994483947754e-01 1.547604519873857498e-02 4.143726869393041939e-02 -1.037730715769971945e-01 2.907424934440387965e-01 9.502541264759682971e-01
1.520530356351380110e+09 1.091784119606018066e+00 4.206856787204742432e-01 2.282786369323730469e-02 4.221651125060434800e-02 -9.925610833932371757e-02 2.565931850919903057e-01 9.604821333577775455e-01
1.520530356401381969e+09 1.098139882087707520e+00 3.653601408004760742e-01 3.157360479235649109e-02 4.004737431287809513e-02 -9.787783195389095081e-02 2.170865573151262717e-01 9.704069066405681676e-01
1.520530356451383114e+09 1.100290179252624512e+00 3.076552152633666992e-01 4.022845253348350525e-02 3.574432582340775905e-02 -1.006911185195113051e-01 1.767408290588999287e-01 9.784407601721692993e-01
1.520530356501384974e+09 1.097348928451538086e+00 2.509575784206390381e-01 4.581004008650779724e-02 3.349582683884964190e-02 -1.082238202958657053e-01 1.389873852556341438e-01 9.837927327667915778e-01
1.520530356551385880e+09 1.092178344726562500e+00 1.945895999670028687e-01 4.565666243433952332e-02 3.097977201205401668e-02 -1.157153136270675647e-01 1.045325364108030397e-01 9.872806940023665101e-01
1.520530356601232529e+09 1.084534168243408203e+00 1.382469385862350464e-01 4.120582714676856995e-02 2.477460285139924251e-02 -1.192712303354888231e-01 7.428569138493203161e-02 9.897687753830572976e-01
1.520530356651234627e+09 1.076105833053588867e+00 8.232492953538894653e-02 3.446028381586074829e-02 1.596328509095589973e-02 -1.223624341092380968e-01 4.778766684154314714e-02 9.912058046368619202e-01
1.520530356701235533e+09 1.065487861633300781e+00 2.634952403604984283e-02 2.783058397471904755e-02 6.916253395075322961e-03 -1.268341760010769093e-01 2.600594819903331162e-02 9.915588474192401636e-01
1.520530356751237392e+09 1.053252935409545898e+00 -2.911926247179508209e-02 2.296385541558265686e-02 -1.188606600669580085e-03 -1.311550730694428513e-01 9.515970903763312783e-03 9.913154797138278296e-01
1.520530356801238537e+09 1.039638996124267578e+00 -8.556809276342391968e-02 2.229078114032745361e-02 -5.925274948634857639e-03 -1.330701163674412324e-01 -6.779361016538662174e-03 9.910657271397018686e-01
1.520530356851240635e+09 1.023300170898437500e+00 -1.389369517564773560e-01 2.587185800075531006e-02 -5.421358523088504189e-03 -1.286551182802207483e-01 -2.645202489484500818e-02 9.913217236553574230e-01
1.520530356901242495e+09 1.005030989646911621e+00 -1.899412423372268677e-01 3.079598583281040192e-02 -3.259736075746169377e-03 -1.312469377914616542e-01 -4.523856885837169300e-02 9.903116112258439907e-01
1.520530356951243639e+09 9.848597645759582520e-01 -2.413844615221023560e-01 3.458961844444274902e-02 -2.341071048831557845e-03 -1.381770167357569967e-01 -6.386243293049953529e-02 9.883436755969798870e-01
1.520530357001152515e+09 9.631850123405456543e-01 -2.923255562782287598e-01 3.613672032952308655e-02 -1.079250788710702565e-03 -1.421838801224623583e-01 -8.426198820592543937e-02 9.862466713731615764e-01
1.520530357051153660e+09 9.393233060836791992e-01 -3.416816294193267822e-01 3.472034260630607605e-02 3.853187595620068779e-04 -1.422776107764757159e-01 -1.070244218931921121e-01 9.840237324981644385e-01
1.520530357101155758e+09 9.125913381576538086e-01 -3.914401233196258545e-01 2.944319322705268860e-02 -1.347649653107929526e-03 -1.410227788614553668e-01 -1.300807673823737298e-01 9.814223115661363517e-01
1.520530357151156664e+09 8.837534189224243164e-01 -4.420407712459564209e-01 2.244433388113975525e-02 -6.536080302607132596e-03 -1.393289672552895098e-01 -1.553340208833451641e-01 9.779652654844470661e-01
1.520530357201158762e+09 8.511627316474914551e-01 -4.911489486694335938e-01 1.510031986981630325e-02 -1.329173995956226505e-02 -1.350180516953197185e-01 -1.814557625713559830e-01 9.739955141554272888e-01
1.520530357251159668e+09 8.150938153266906738e-01 -5.377315878868103027e-01 9.755362756550312042e-03 -1.984117013579496727e-02 -1.270767611983922851e-01 -2.103172263560617594e-01 9.691359497144156343e-01
1.520530357301161528e+09 7.757580876350402832e-01 -5.809223651885986328e-01 7.750179618597030640e-03 -2.532274185641895936e-02 -1.192873152240377099e-01 -2.405997577866877957e-01 9.629335655820194795e-01
1.520530357351163626e+09 7.353678345680236816e-01 -6.209073662757873535e-01 9.744890034198760986e-03 -2.844208518911290479e-02 -1.168611064054926874e-01 -2.694929699577282567e-01 9.554622277950824971e-01
1.520530357401658058e+09 6.932092905044555664e-01 -6.570868492126464844e-01 1.516185980290174484e-02 -2.840558281015465383e-02 -1.140901457502950939e-01 -3.024838596369551214e-01 9.458752963086745069e-01
1.520530357451659918e+09 6.476497054100036621e-01 -6.885814666748046875e-01 2.187860757112503052e-02 -2.824482630720782234e-02 -1.105759491480123730e-01 -3.385114891662036052e-01 9.340156106614981857e-01
1.520530357501662016e+09 5.981150269508361816e-01 -7.171888351440429688e-01 2.787469699978828430e-02 -2.970576357174704168e-02 -1.118988057583494150e-01 -3.735895373516293083e-01 9.203407425849787771e-01
1.520530357551662922e+09 5.467672348022460938e-01 -7.428659796714782715e-01 2.955348417162895203e-02 -3.310232957680130095e-02 -1.171723297556576532e-01 -4.061862796456940372e-01 9.056420855635024525e-01
1.520530357601665974e+09 4.924740791320800781e-01 -7.674227952957153320e-01 2.670012786984443665e-02 -3.872159276072611317e-02 -1.203491693941254465e-01 -4.359804144293346062e-01 8.910318703134262330e-01
1.520530357651665926e+09 4.360105991363525391e-01 -7.910426855087280273e-01 2.051655203104019165e-02 -4.646209540865364057e-02 -1.207205258180271412e-01 -4.615978512633102659e-01 8.776076868655785512e-01
1.520530357701666832e+09 3.793781399726867676e-01 -8.129899501800537109e-01 1.382933836430311203e-02 -5.535938852982903030e-02 -1.212175084723820240e-01 -4.818245348303555331e-01 8.660754998133031179e-01
1.520530357751669168e+09 3.215158879756927490e-01 -8.339189887046813965e-01 7.855643518269062042e-03 -6.447165457253412058e-02 -1.227175965497655924e-01 -4.971346853512636499e-01 8.565284010903718714e-01
1.520530357801671028e+09 2.634518444538116455e-01 -8.535459637641906738e-01 6.213890388607978821e-03 -7.048736721782176973e-02 -1.220395323230983736e-01 -5.079737515459749053e-01 8.497649977219394746e-01
1.520530357851585388e+09 2.050540447235107422e-01 -8.714861273765563965e-01 9.958727285265922546e-03 -6.544484815446928450e-02 -1.156600542149144317e-01 -5.188771385032255878e-01 8.444561793531656368e-01
1.520530357901559353e+09 1.496669650077819824e-01 -8.864694237709045410e-01 1.653591357171535492e-02 -5.617834492563480303e-02 -1.096923399421245726e-01 -5.290416947964142746e-01 8.395989931427834119e-01
1.520530357951560259e+09 9.428907930850982666e-02 -9.011622667312622070e-01 2.271036617457866669e-02 -5.201219457961160642e-02 -1.092057014120715458e-01 -5.375020184289139857e-01 8.345420460222201520e-01
1.520530358001562119e+09 3.796458244323730469e-02 -9.156175255775451660e-01 2.738575823605060577e-02 -5.192156722254144541e-02 -1.096892174304530676e-01 -5.469105076370549545e-01 8.283485516814941274e-01
1.520530358051563263e+09 -1.809963583946228027e-02 -9.296967387199401855e-01 2.966139465570449829e-02 -5.369077955606563896e-02 -1.098240829311089434e-01 -5.574458200126828356e-01 8.211638866568540251e-01
1.520530358101565361e+09 -7.484667003154754639e-02 -9.431967735290527344e-01 2.944942750036716461e-02 -5.576151894995171748e-02 -1.071062518345358844e-01 -5.678253085281321777e-01 8.142440192087888606e-01
1.520530358151567221e+09 -1.327608674764633179e-01 -9.560797214508056641e-01 2.586327120661735535e-02 -5.797690544514161326e-02 -1.016502011149322815e-01 -5.772568006223461889e-01 8.081339623995218435e-01
1.520530358201568365e+09 -1.920761168003082275e-01 -9.683471918106079102e-01 1.993064582347869873e-02 -5.942503898818050218e-02 -9.544748477006319287e-02 -5.862254890125676576e-01 8.023079947403600753e-01
1.520530358251625299e+09 -2.513568997383117676e-01 -9.792698621749877930e-01 1.380022708326578140e-02 -5.936569005105137714e-02 -9.022743478840433706e-02 -5.960219754257010116e-01 7.956711190346874574e-01
1.520530358301626205e+09 -3.109749257564544678e-01 -9.883225560188293457e-01 1.002274639904499054e-02 -5.616062709631611943e-02 -8.600376286152809635e-02 -6.103140527115601399e-01 7.854718924319302742e-01
1.520530358351628304e+09 -3.694895505905151367e-01 -9.948355555534362793e-01 1.177841518074274063e-02 -5.506214477489546760e-02 -8.564015609353295422e-02 -6.236536055998496142e-01 7.750420015066092905e-01
1.520530358401629210e+09 -4.262261390686035156e-01 -9.993960261344909668e-01 1.817197352647781372e-02 -5.460728100590279965e-02 -8.587627493375364629e-02 -6.355833141409135134e-01 7.652954730365897351e-01
1.520530358451631308e+09 -4.827528297901153564e-01 -1.001355171203613281e+00 2.713193558156490326e-02 -5.505978375618650333e-02 -8.398755162376930761e-02 -6.501091945175396791e-01 7.531749774048009938e-01
1.520530358501632452e+09 -5.399663448333740234e-01 -9.991655349731445312e-01 3.615271300077438354e-02 -5.605709832343070548e-02 -8.048287855847245653e-02 -6.655578656670129156e-01 7.398735266484872675e-01
1.520530358551634312e+09 -5.970780849456787109e-01 -9.941937327384948730e-01 4.256725311279296875e-02 -5.819148512253664862e-02 -7.894103150302897443e-02 -6.792688898040962764e-01 7.273072527816439869e-01
1.520530358601636171e+09 -6.543104648590087891e-01 -9.872964024543762207e-01 4.433440789580345154e-02 -6.125748311742785362e-02 -7.788707783433787557e-02 -6.922172061300578827e-01 7.148541553394250903e-01
1.520530358651798248e+09 -7.126782536506652832e-01 -9.787698984146118164e-01 4.026678204536437988e-02 -6.355157111748234444e-02 -7.570402613261849323e-02 -7.042989902653716827e-01 7.029886418335571374e-01
1.520530358701800346e+09 -7.712613940238952637e-01 -9.687648415565490723e-01 3.108950890600681305e-02 -6.767002469382950303e-02 -7.585585090705769529e-02 -7.136793111538148882e-01 6.930573558314773175e-01
1.520530358751801491e+09 -8.303995728492736816e-01 -9.578822255134582520e-01 1.917809806764125824e-02 -7.325617169550245611e-02 -7.889448047671968056e-02 -7.209212130389399675e-01 6.846033879913909770e-01
1.520530358801803350e+09 -8.887767195701599121e-01 -9.455673098564147949e-01 7.625952363014221191e-03 -7.719734559089526382e-02 -8.057040234941174883e-02 -7.284860248931440685e-01 6.759120443033689307e-01
1.520530358851805210e+09 -9.468690752983093262e-01 -9.314611554145812988e-01 -1.552002504467964172e-03 -7.554615517939215763e-02 -7.845439225917812121e-02 -7.376604768362153841e-01 6.663292787253323191e-01
1.520530358901806355e+09 -1.003996491432189941e+00 -9.148823618888854980e-01 -8.362439461052417755e-03 -7.110340471163953402e-02 -7.548875658600816274e-02 -7.468091998216324079e-01 6.569031683051044235e-01
1.520530358951808453e+09 -1.058716773986816406e+00 -8.970145583152770996e-01 -1.514466386288404465e-02 -6.790954301504489865e-02 -7.482966430101675726e-02 -7.554131988443747447e-01 6.474100048035974497e-01
1.520530359001810312e+09 -1.113408923149108887e+00 -8.777233958244323730e-01 -2.458085864782333374e-02 -7.017175579270103214e-02 -8.026891633386408487e-02 -7.639146744961271551e-01 6.364488949232551818e-01
1.520530359051805735e+09 -1.168070673942565918e+00 -8.576482534408569336e-01 -3.738753497600555420e-02 -7.213918313763360846e-02 -8.747199413090167575e-02 -7.706150023851224828e-01 6.271340419702762237e-01
1.520530359101810694e+09 -1.221784472465515137e+00 -8.367375731468200684e-01 -5.435789003968238831e-02 -7.061026514873233739e-02 -9.359997625598372173e-02 -7.780670595683487623e-01 6.171425165350129527e-01
1.520530359151808977e+09 -1.275630593299865723e+00 -8.138162493705749512e-01 -7.478137314319610596e-02 -6.906483055461005993e-02 -9.769191215373163040e-02 -7.871907049168621606e-01 6.049934987854863611e-01
1.520530359201809645e+09 -1.329415559768676758e+00 -7.893170714378356934e-01 -9.596353769302368164e-02 -6.862334361851954445e-02 -9.622208754676733755e-02 -7.983571848779034141e-01 5.904726512994367127e-01
1.520530359251811981e+09 -1.383020639419555664e+00 -7.627091407775878906e-01 -1.175562664866447449e-01 -6.955751471500476457e-02 -9.225895596061124693e-02 -8.115640522590596984e-01 5.727249132634131268e-01
1.520530359301812887e+09 -1.435204982757568359e+00 -7.338852882385253906e-01 -1.371003836393356323e-01 -6.883876485925947974e-02 -8.585452678238567059e-02 -8.245039837174261699e-01 5.550526150895234156e-01
1.520530359351814747e+09 -1.485746383666992188e+00 -7.028239369392395020e-01 -1.542135924100875854e-01 -6.342490395442350326e-02 -7.819371963048019070e-02 -8.387531748818810584e-01 5.351225424090139127e-01
1.520530359401816845e+09 -1.534149527549743652e+00 -6.693564057350158691e-01 -1.667019426822662354e-01 -5.908962843237740292e-02 -7.752075963936388980e-02 -8.511553000153935233e-01 5.157844539072159451e-01
1.520530359451918840e+09 -1.582152128219604492e+00 -6.342249512672424316e-01 -1.729096472263336182e-01 -5.084470973706504970e-02 -8.253757560953152439e-02 -8.621520897208224676e-01 4.972887876217132463e-01
1.520530359501869917e+09 -1.627794861793518066e+00 -5.962919592857360840e-01 -1.712880134582519531e-01 -4.154399628958702767e-02 -8.285139195047799832e-02 -8.739066397194090730e-01 4.771759929821388080e-01
1.520530359551871061e+09 -1.669587850570678711e+00 -5.541324019432067871e-01 -1.622481048107147217e-01 -4.059827336460528763e-02 -7.650392519001490699e-02 -8.858834524135588140e-01 4.557515094546230050e-01
1.520530359601872921e+09 -1.709337353706359863e+00 -5.085339546203613281e-01 -1.498312801122665405e-01 -4.403727826885828894e-02 -6.887008175827695478e-02 -8.977563880867437396e-01 4.328407300736882291e-01
1.520530359651873827e+09 -1.745577216148376465e+00 -4.612497687339782715e-01 -1.349987834692001343e-01 -5.145745305487637450e-02 -6.678487300226679246e-02 -9.079422272787092130e-01 4.105274938263608897e-01
1.520530359701876163e+09 -1.778531312942504883e+00 -4.114760458469390869e-01 -1.201680079102516174e-01 -6.001075562085247950e-02 -6.846802490416270537e-02 -9.172774893100185123e-01 3.877020071919233257e-01
1.520530359751878023e+09 -1.808739781379699707e+00 -3.588838279247283936e-01 -1.059560328722000122e-01 -7.078173437734261442e-02 -7.212728682078936582e-02 -9.254673302491657205e-01 3.650997414623691761e-01
1.520530359801878929e+09 -1.837738871574401855e+00 -3.036899566650390625e-01 -9.257756173610687256e-02 -7.964835312850844506e-02 -7.610858261940635361e-02 -9.324375707245536882e-01 3.441275929025080504e-01
1.520530359851881027e+09 -1.863161206245422363e+00 -2.461985349655151367e-01 -7.926269620656967163e-02 -8.344723615003889206e-02 -7.864190992682165704e-02 -9.390531908161037222e-01 3.240850406915997683e-01
1.520530359901825905e+09 -1.884947538375854492e+00 -1.870604902505874634e-01 -6.229878962039947510e-02 -8.269291825254689032e-02 -7.761843229462887794e-02 -9.460260535264222170e-01 3.035983634478692794e-01
1.520530359951827765e+09 -1.904822945594787598e+00 -1.259596943855285645e-01 -3.886394202709197998e-02 -8.038596683719644032e-02 -7.624354839794794669e-02 -9.526856393265163980e-01 2.830460921552631626e-01
1.520530360001828909e+09 -1.918758869171142578e+00 -6.499718129634857178e-02 -8.780371397733688354e-03 -7.836552208434928446e-02 -7.572814338148751989e-02 -9.586729390580892574e-01 2.628122698166225346e-01
1.520530360051830769e+09 -1.929210782051086426e+00 -3.976279404014348984e-03 2.433156222105026245e-02 -7.957251876304836935e-02 -7.486916853898037405e-02 -9.635839173218635478e-01 2.440673188664107818e-01
1.520530360101831675e+09 -1.936517238616943359e+00 5.642897635698318481e-02 5.915005132555961609e-02 -8.165294423203678376e-02 -7.038844903060369196e-02 -9.678352174317986778e-01 2.273175198704421585e-01
1.520530360151834011e+09 -1.940263867378234863e+00 1.155859753489494324e-01 9.410249441862106323e-02 -8.136052928967778264e-02 -6.197456669398577339e-02 -9.732866935762816141e-01 2.055544440389101002e-01
1.520530360201835871e+09 -1.939912319183349609e+00 1.732826381921768188e-01 1.289109587669372559e-01 -7.994263081011276917e-02 -4.920851480495255781e-02 -9.793818529752493784e-01 1.788823186137067645e-01
1.520530360251836777e+09 -1.935203552246093750e+00 2.294690459966659546e-01 1.646419614553451538e-01 -7.828380622034919467e-02 -3.135471302144120925e-02 -9.850164286335888475e-01 1.504365745984931890e-01
1.520530360301316261e+09 -1.928133845329284668e+00 2.832222580909729004e-01 2.024937570095062256e-01 -7.422572136038123325e-02 -9.980588830950168355e-03 -9.899326841104599817e-01 1.201008370702671135e-01
1.520530360351317167e+09 -1.917959213256835938e+00 3.336741924285888672e-01 2.423119395971298218e-01 -7.202289728347689712e-02 1.334975982296564799e-02 -9.933178052206164121e-01 8.918645643403637358e-02
1.520530360401319265e+09 -1.905203819274902344e+00 3.803888559341430664e-01 2.820144891738891602e-01 -7.046578849725017302e-02 3.605286044857187316e-02 -9.951157009433095890e-01 5.898733458160487775e-02
1.520530360451321125e+09 -1.889851450920104980e+00 4.238384068012237549e-01 3.209406733512878418e-01 -6.842163821103955379e-02 5.539682775518863650e-02 -9.956505110750876186e-01 3.049148561642309185e-02
1.520530360501322985e+09 -1.873440504074096680e+00 4.655067324638366699e-01 3.565352559089660645e-01 -6.555765781336544973e-02 7.067277189877629873e-02 -9.953410495043489847e-01 1.935971526208755695e-03
1.520530360551324368e+09 -1.854781746864318848e+00 5.071781277656555176e-01 3.851217627525329590e-01 -6.090926181398770289e-02 7.867231973769592268e-02 -9.945823215366278447e-01 -3.011201785295719233e-02
1.520530360601326227e+09 -1.833279371261596680e+00 5.483900904655456543e-01 4.039222002029418945e-01 -5.851916442388950534e-02 7.874286712739704541e-02 -9.932709671098539639e-01 -6.154554547928302310e-02
1.520530360651327372e+09 -1.809409976005554199e+00 5.911162495613098145e-01 4.126449525356292725e-01 -5.819057052541501407e-02 7.287803726554606398e-02 -9.912908846611118152e-01 -9.297865977760079448e-02
1.520530360700978279e+09 -1.783414959907531738e+00 6.331627368927001953e-01 4.089316427707672119e-01 -5.688392330993650298e-02 6.574518932427481088e-02 -9.884264399736446549e-01 -1.243179878803204325e-01
1.520530360750980139e+09 -1.754199624061584473e+00 6.760201454162597656e-01 3.943350315093994141e-01 -5.376263586208927109e-02 6.015617636800670714e-02 -9.844985977536152566e-01 -1.557347888273739600e-01
1.520530360800981045e+09 -1.721807003021240234e+00 7.180961966514587402e-01 3.701429367065429688e-01 -4.792365092853308889e-02 5.503174328640862700e-02 -9.801708528568758849e-01 -1.842279298107742658e-01
1.520530360850983381e+09 -1.687965512275695801e+00 7.590914368629455566e-01 3.395796418190002441e-01 -4.235575577523438551e-02 4.941249471802682675e-02 -9.766397146133694029e-01 -2.047907789876436124e-01
1.520530360900984049e+09 -1.652921080589294434e+00 7.985302209854125977e-01 3.046361804008483887e-01 -3.871298331009023763e-02 4.330824408007163950e-02 -9.730740752368545188e-01 -2.230527852771042319e-01
1.520530360950988054e+09 -1.616477131843566895e+00 8.357205390930175781e-01 2.678637504577636719e-01 -3.830268389918498051e-02 3.632145914651402352e-02 -9.685060430186542835e-01 -2.433304351040700142e-01
1.520530361000988245e+09 -1.579485774040222168e+00 8.698338866233825684e-01 2.307530939579010010e-01 -4.213422330300934521e-02 2.722551167657679544e-02 -9.630580668410944067e-01 -2.645801176069255134e-01
1.520530361051064253e+09 -1.542020678520202637e+00 9.004836082458496094e-01 1.939353644847869873e-01 -4.766580332894468364e-02 1.508303876946951241e-02 -9.567787983229988358e-01 -2.864870053145227025e-01
1.520530361101044178e+09 -1.504586100578308105e+00 9.266356229782104492e-01 1.562774628400802612e-01 -5.587498433866431441e-02 1.794361846658429089e-03 -9.503489073297698431e-01 -3.061237016760217089e-01
1.520530361151045322e+09 -1.466699957847595215e+00 9.495931267738342285e-01 1.180847063660621643e-01 -6.293263223250079863e-02 -1.116311538947208949e-02 -9.430321956491148905e-01 -3.265044358416888670e-01
1.520530361201047182e+09 -1.428279042243957520e+00 9.705442786216735840e-01 7.879120856523513794e-02 -6.730703389386911983e-02 -2.273819078980555269e-02 -9.339093143214364234e-01 -3.503799801525203095e-01
1.520530361251048088e+09 -1.388141512870788574e+00 9.896712303161621094e-01 3.853407502174377441e-02 -7.261478165607218593e-02 -3.224767003815608851e-02 -9.225078833576217940e-01 -3.777120416470617914e-01
1.520530361301050186e+09 -1.347630858421325684e+00 1.006449580192565918e+00 -1.811062335036695004e-03 -8.007008573446068589e-02 -4.023660340513934147e-02 -9.096163250798815492e-01 -4.056697403862714046e-01
1.520530361351051092e+09 -1.307467937469482422e+00 1.020552277565002441e+00 -4.138544946908950806e-02 -8.453578258279995095e-02 -4.967285922047404156e-02 -8.962554673310482167e-01 -4.325649613632396306e-01
1.520530361401052952e+09 -1.267914772033691406e+00 1.031917095184326172e+00 -7.870028167963027954e-02 -8.677824507206505222e-02 -6.145387459180325779e-02 -8.821013489097956350e-01 -4.589010435065347671e-01
1.520530361451055288e+09 -1.230497360229492188e+00 1.039197802543640137e+00 -1.124088168144226074e-01 -8.993682891970433690e-02 -7.766280119371035684e-02 -8.676990279189477073e-01 -4.826782086060311672e-01
1.520530361501690149e+09 -1.196093082427978516e+00 1.042146444320678711e+00 -1.410712152719497681e-01 -9.336088806535984552e-02 -9.776022503821711618e-02 -8.530926895164233636e-01 -5.039439910086831453e-01
1.520530361551692009e+09 -1.164431333541870117e+00 1.041383266448974609e+00 -1.641555577516555786e-01 -9.808681488849060881e-02 -1.148554857487970871e-01 -8.370303752310752632e-01 -5.258967057122191369e-01
1.520530361601692915e+09 -1.131832361221313477e+00 1.036237120628356934e+00 -1.809805184602737427e-01 -1.051245028725766167e-01 -1.267456912485512011e-01 -8.169011451760331832e-01 -5.527720033212665252e-01
1.520530361651695251e+09 -1.096048593521118164e+00 1.027051925659179688e+00 -1.894756108522415161e-01 -1.087068430336429053e-01 -1.349944574140474474e-01 -7.924477181019148331e-01 -5.847956333799133599e-01
1.520530361701696157e+09 -1.057341098785400391e+00 1.013891696929931641e+00 -1.899598836898803711e-01 -1.120523919027750642e-01 -1.373787472820816591e-01 -7.648340784128397907e-01 -6.193546429651227703e-01
1.520530361751698017e+09 -1.017201185226440430e+00 9.980257153511047363e-01 -1.820680499076843262e-01 -1.147859172342939327e-01 -1.352049709909467212e-01 -7.364190229237460583e-01 -6.528635628521891610e-01
1.520530361801700115e+09 -9.750561714172363281e-01 9.811624884605407715e-01 -1.672746390104293823e-01 -1.119139228115738210e-01 -1.286862892591171537e-01 -7.106752136042852053e-01 -6.825363386708049873e-01
1.520530361851701021e+09 -9.300118684768676758e-01 9.651226401329040527e-01 -1.475456506013870239e-01 -1.011822033788354058e-01 -1.178865757658709018e-01 -6.859809479239272756e-01 -7.108410905814265268e-01
1.520530361901939392e+09 -8.813688158988952637e-01 9.499776959419250488e-01 -1.227975785732269287e-01 -8.352384252350018856e-02 -1.053730488900039702e-01 -6.613866915508783695e-01 -7.378942556607400727e-01
1.520530361951941252e+09 -8.298211693763732910e-01 9.366830587387084961e-01 -9.329200536012649536e-02 -6.299037066661743178e-02 -9.339513007459977756e-02 -6.403930356630582743e-01 -7.597409576664165831e-01
1.520530362001942396e+09 -7.761326432228088379e-01 9.265987277030944824e-01 -5.962039157748222351e-02 -4.230922635351205136e-02 -8.307144402650129544e-02 -6.223252124810876307e-01 -7.771874899038766493e-01
1.520530362051944256e+09 -7.218369245529174805e-01 9.211181402206420898e-01 -1.981701143085956573e-02 -2.390381214636011151e-02 -7.131462225948699551e-02 -6.088877048562713057e-01 -7.896825914832620308e-01
1.520530362101945162e+09 -6.674847006797790527e-01 9.209749698638916016e-01 2.354193106293678284e-02 -3.551397422406462646e-03 -6.222874583234960094e-02 -6.000646863970672262e-01 -7.975194937477518842e-01
1.520530362151947260e+09 -6.129609346389770508e-01 9.262830018997192383e-01 6.859364360570907593e-02 1.447916778135745382e-02 -5.402233087261325978e-02 -5.942956814234009455e-01 -8.022995603320151048e-01
1.520530362201949358e+09 -5.595844984054565430e-01 9.376415014266967773e-01 1.138226091861724854e-01 2.912913313168957047e-02 -4.578468734935003948e-02 -5.894387685355070294e-01 -8.059883337584132779e-01
1.520530362251950264e+09 -5.070396065711975098e-01 9.542372822761535645e-01 1.567230224609375000e-01 4.283263666499384503e-02 -3.710905949560020650e-02 -5.859410943622497259e-01 -8.083695422745995618e-01
1.520530362301951408e+09 -4.535800516605377197e-01 9.749348163604736328e-01 1.941376924514770508e-01 5.461914236444764814e-02 -3.094984858949828901e-02 -5.858652746317877247e-01 -8.079732273660304998e-01
1.520530362351623297e+09 -3.987064957618713379e-01 9.995771050453186035e-01 2.231126576662063599e-01 6.034420666249376564e-02 -2.783135261558513859e-02 -5.890010461658874430e-01 -8.053954060890535782e-01
1.520530362401625156e+09 -3.430543541908264160e-01 1.028016924858093262e+00 2.421110123395919800e-01 5.977639057342927498e-02 -2.746143879198987073e-02 -5.942647331801590438e-01 -8.015747497319268833e-01
1.520530362451626301e+09 -2.881617844104766846e-01 1.060049891471862793e+00 2.507855296134948730e-01 5.596410929270152768e-02 -2.620980376086963839e-02 -6.023607528348000617e-01 -7.958282403271350613e-01
1.520530362501628160e+09 -2.325899451971054077e-01 1.095097422599792480e+00 2.514857351779937744e-01 5.414952910432399569e-02 -2.295992822875302444e-02 -6.133424444464113945e-01 -7.876240956408145921e-01
1.520530362551629305e+09 -1.775061935186386108e-01 1.133396029472351074e+00 2.464875131845474243e-01 5.341410471333616489e-02 -1.615013318367022541e-02 -6.277052565553774555e-01 -7.764484641678222054e-01
1.520530362601631403e+09 -1.230202913284301758e-01 1.172277927398681641e+00 2.366342842578887939e-01 4.999010373774029348e-02 -7.564715642154210516e-03 -6.393075844265607710e-01 -7.672871542650894217e-01
1.520530362651727200e+09 -7.059223949909210205e-02 1.211557030677795410e+00 2.236944437026977539e-01 3.963382887229476015e-02 -5.636936363863130975e-04 -6.480768278087463141e-01 -7.605427450944215462e-01
1.520530362701634407e+09 -2.096089161932468414e-02 1.248511791229248047e+00 2.086956053972244263e-01 2.180702183083645801e-02 1.342261350120169865e-04 -6.551818678831993203e-01 -7.551563783609961389e-01
1.520530362751363993e+09 2.690374478697776794e-02 1.282339215278625488e+00 1.921779066324234009e-01 -1.727530740255002386e-03 -4.601815269760409742e-03 -6.586376457214263569e-01 -7.524442109367984743e-01
1.520530362801365852e+09 7.308597862720489502e-02 1.313447475433349609e+00 1.748112738132476807e-01 -2.910106952062632354e-02 -9.748628504209606860e-03 -6.593320431378357771e-01 -7.512252317958507675e-01
1.520530362851366758e+09 1.191390305757522583e-01 1.340332746505737305e+00 1.594316065311431885e-01 -5.193025231687291993e-02 -1.774515579130682766e-02 -6.549815517161989842e-01 -7.536494710750405446e-01
1.520530362901368856e+09 1.661335378885269165e-01 1.362214922904968262e+00 1.492577791213989258e-01 -7.014187720378535496e-02 -2.527226159243653458e-02 -6.513467609188291485e-01 -7.551084868393960203e-01
1.520530362951369762e+09 2.152966558933258057e-01 1.378227472305297852e+00 1.454998850822448730e-01 -8.326091502230967278e-02 -3.029542001919292502e-02 -6.504251867013237653e-01 -7.543851032861509376e-01
1.520530363001371861e+09 2.671091854572296143e-01 1.388554096221923828e+00 1.503273397684097290e-01 -9.032942969320169324e-02 -2.972560019401356349e-02 -6.527352181172073609e-01 -7.515941177616335400e-01
1.520530363051373959e+09 3.192822337150573730e-01 1.393140912055969238e+00 1.625168025493621826e-01 -9.488882822763870795e-02 -1.878212421871919974e-02 -6.582110570996151377e-01 -7.465932938348865955e-01
1.520530363101374865e+09 3.725789487361907959e-01 1.393431782722473145e+00 1.814933419227600098e-01 -9.523188754822663193e-02 -1.824755278042699061e-03 -6.631210228396323680e-01 -7.424271458737866647e-01
1.520530363151649952e+09 4.248104989528656006e-01 1.386708736419677734e+00 2.058377712965011597e-01 -8.855403686408824804e-02 1.557936936956381795e-02 -6.643947157819143357e-01 -7.419535884718055918e-01
1.520530363201650858e+09 4.750548601150512695e-01 1.373709678649902344e+00 2.335011959075927734e-01 -7.890809233901414921e-02 3.287783660793988649e-02 -6.630943905001607241e-01 -7.436386152632337154e-01
1.520530363251652956e+09 5.237379074096679688e-01 1.354563832283020020e+00 2.612134814262390137e-01 -7.076990141545756730e-02 4.674844510579235363e-02 -6.595319078153977221e-01 -7.468760717195451759e-01
1.520530363301653862e+09 5.701954960823059082e-01 1.330763697624206543e+00 2.862543165683746338e-01 -6.680494548239598873e-02 5.480030180130610051e-02 -6.558122636212317946e-01 -7.499628664577838721e-01
1.520530363351655722e+09 6.140137314796447754e-01 1.302896380424499512e+00 3.062703907489776611e-01 -6.573994494010002021e-02 5.917665395023463670e-02 -6.496154701805577636e-01 -7.551000755983405810e-01
1.520530363401658058e+09 6.561628580093383789e-01 1.270485281944274902e+00 3.211104869842529297e-01 -6.682149053493430246e-02 6.626392635827120514e-02 -6.407182556344518387e-01 -7.619869404150051428e-01
1.520530363451658964e+09 6.982923150062561035e-01 1.233658552169799805e+00 3.308152258396148682e-01 -6.820666276725971533e-02 7.484415427861160208e-02 -6.294247125889613770e-01 -7.704354190370378275e-01
1.520530363501660824e+09 7.407097816467285156e-01 1.192874073982238770e+00 3.347584307193756104e-01 -6.960336967327455937e-02 7.875254122109388855e-02 -6.138799281657585372e-01 -7.823712941925646813e-01
1.520530363551745415e+09 7.816089391708374023e-01 1.147915959358215332e+00 3.309450149536132812e-01 -7.292732672475366051e-02 7.839340053322546575e-02 -5.956087770607259024e-01 -7.961069428524315539e-01
1.520530363601746321e+09 8.220694065093994141e-01 1.100261449813842773e+00 3.191073834896087646e-01 -7.695103767574214271e-02 7.723424913014843851e-02 -5.745047617673092466e-01 -8.112075488237372456e-01
1.520530363651748180e+09 8.619319796562194824e-01 1.049683213233947754e+00 3.001118004322052002e-01 -7.778260354992130865e-02 7.630633815511891904e-02 -5.492410305404652471e-01 -8.285297216836581269e-01
1.520530363701749325e+09 9.012650847434997559e-01 9.981895685195922852e-01 2.767781913280487061e-01 -7.473553410233572947e-02 7.740928659845267013e-02 -5.227631115816503415e-01 -8.456601749285750369e-01
1.520530363751751184e+09 9.375614523887634277e-01 9.445900321006774902e-01 2.504542469978332520e-01 -7.140152663995699700e-02 7.770773510041022181e-02 -4.912432268832677140e-01 -8.646059344813463721e-01
1.520530363801753283e+09 9.703761935234069824e-01 8.890601992607116699e-01 2.228250205516815186e-01 -7.288524406541567469e-02 8.015514053060933397e-02 -4.569630558954554389e-01 -8.828633304145833138e-01
1.520530363851754427e+09 9.967618584632873535e-01 8.305299878120422363e-01 1.930941939353942871e-01 -7.905456571536134680e-02 8.146993200368679577e-02 -4.187906068058986353e-01 -9.009591852409394308e-01
1.520530363901756287e+09 1.015343427658081055e+00 7.697427868843078613e-01 1.609181761741638184e-01 -8.947467483998625126e-02 7.965852780397846000e-02 -3.765675886917455584e-01 -9.186107187798681073e-01
1.520530363951779842e+09 1.024691581726074219e+00 7.093334794044494629e-01 1.262329518795013428e-01 -1.024502421002841251e-01 7.576978801675415820e-02 -3.345075183442544620e-01 -9.337385111950013972e-01
1.520530364001782179e+09 1.025231242179870605e+00 6.500542163848876953e-01 8.860189467668533325e-02 -1.166268038903306992e-01 7.011718142631652440e-02 -2.905124955504445050e-01 -9.471453211689367935e-01
1.520530364051784039e+09 1.016328454017639160e+00 5.932507514953613281e-01 4.900573939085006714e-02 -1.310891387541576469e-01 6.093195953625332034e-02 -2.461666516441217978e-01 -9.583866201205478719e-01
1.520530364101784945e+09 9.994720816612243652e-01 5.391671657562255859e-01 8.272323757410049438e-03 -1.482492314040251002e-01 4.911533500449060535e-02 -2.003154953679830153e-01 -9.672039865359280952e-01
1.520530364151786089e+09 9.767068028450012207e-01 4.873383343219757080e-01 -3.226987272500991821e-02 -1.675641757714779190e-01 4.319701890277196504e-02 -1.546777564714927611e-01 -9.726926833326570154e-01
1.520530364201787949e+09 9.478191137313842773e-01 4.402706027030944824e-01 -7.082135230302810669e-02 -1.851289117716510557e-01 4.324086742480315326e-02 -1.108737733598383762e-01 -9.754816860359531994e-01
1.520530364251789093e+09 9.131923317909240723e-01 3.973332941532135010e-01 -1.059839576482772827e-01 -1.983126671289250076e-01 4.026028083245805633e-02 -6.634515428111900648e-02 -9.770616747917801881e-01
1.520530364301790953e+09 8.742902278900146484e-01 3.602703213691711426e-01 -1.342904567718505859e-01 -2.079459798618531752e-01 3.430989629798800178e-02 -2.515577804034296872e-02 -9.772146577423509450e-01
1.520530364351791859e+09 8.317365050315856934e-01 3.302615582942962646e-01 -1.561806350946426392e-01 -2.168914157192021464e-01 2.273659705683468701e-02 1.421269727593003039e-02 -9.758274233581150092e-01
1.520530364401853085e+09 7.877452969551086426e-01 3.067978024482727051e-01 -1.699175983667373657e-01 -2.253002466998143272e-01 1.463819537285240314e-02 4.946505524904070555e-02 -9.729227771937700719e-01
1.520530364451853991e+09 7.443492412567138672e-01 2.874647378921508789e-01 -1.778337806463241577e-01 -2.335873753934914754e-01 1.166823648509652048e-02 8.848147504815849496e-02 -9.682312837785247428e-01
1.520530364501855850e+09 7.016896605491638184e-01 2.717066109180450439e-01 -1.800856590270996094e-01 -2.395779079390914224e-01 1.709297591252394860e-02 1.313305137171437986e-01 -9.618017219618466562e-01
1.520530364551857948e+09 6.609413623809814453e-01 2.581919729709625244e-01 -1.764513254165649414e-01 -2.424806633036863113e-01 2.216362002288074090e-02 1.785818620644654131e-01 -9.533207332335082995e-01
1.520530364601858854e+09 6.206967234611511230e-01 2.451339364051818848e-01 -1.672569960355758667e-01 -2.418839994907564794e-01 2.733210005007417898e-02 2.281486460301043184e-01 -9.427052998746949797e-01
1.520530364651860714e+09 5.817670226097106934e-01 2.313875406980514526e-01 -1.537603735923767090e-01 -2.370858469297414950e-01 3.480304900333429374e-02 2.758203546903236214e-01 -9.308609890333695569e-01
1.520530364701862097e+09 5.445597171783447266e-01 2.167892754077911377e-01 -1.358761489391326904e-01 -2.274448516594883840e-01 3.953560342661813914e-02 3.193262437433629919e-01 -9.190954931736096123e-01
1.520530364751863956e+09 5.103586316108703613e-01 1.996951103210449219e-01 -1.126167327165603638e-01 -2.125571464214454642e-01 4.036265879885781588e-02 3.592717256698172434e-01 -9.078073267021427029e-01
1.520530364802375555e+09 4.789710938930511475e-01 1.791571378707885742e-01 -8.369762450456619263e-02 -1.907678754106415797e-01 3.715668446424254950e-02 3.967315668721146382e-01 -8.971237720393610005e-01
1.520530364852377653e+09 4.520301222801208496e-01 1.546854823827743530e-01 -4.816528037190437317e-02 -1.634668599079660278e-01 2.977501115489896225e-02 4.298288033923350904e-01 -8.874904135802642591e-01
1.520530364902378559e+09 4.299196898937225342e-01 1.272379606962203979e-01 -6.671926006674766541e-03 -1.345083072031416360e-01 1.665772441363456979e-02 4.581068599390711871e-01 -8.785033525191972004e-01
1.520530364952380419e+09 4.132537841796875000e-01 9.700077772140502930e-02 3.951135277748107910e-02 -1.063084849309876984e-01 3.098822981267078218e-03 4.773799845726626745e-01 -8.722369251855902617e-01
1.520530365002382755e+09 4.004240036010742188e-01 6.365797668695449829e-02 8.659941703081130981e-02 -8.459401583209577580e-02 -1.030764506876374713e-02 4.944032557708173403e-01 -8.650451003397170435e-01
1.520530365052383661e+09 3.886115550994873047e-01 2.684615924954414368e-02 1.317904442548751831e-01 -7.195877027583286178e-02 -1.719347698859357079e-02 5.140746052797577903e-01 -8.545487814840612151e-01
1.520530365102385521e+09 3.771885633468627930e-01 -1.235712878406047821e-02 1.703375577926635742e-01 -6.837185915945909187e-02 -1.247121059314537823e-02 5.275788670695844562e-01 -8.466583117190749075e-01
1.520530365152386665e+09 3.671959042549133301e-01 -5.484100431203842163e-02 2.021445780992507935e-01 -7.030401783597307885e-02 -5.964101003480127942e-03 5.336547831647139306e-01 -8.427540251940428551e-01
1.520530365201843739e+09 3.568530380725860596e-01 -1.010303199291229248e-01 2.271302640438079834e-01 -7.211625845454341932e-02 -3.391656335273284233e-03 5.371314528981797620e-01 -8.404032033740181928e-01
1.520530365251845837e+09 3.447327315807342529e-01 -1.513035297393798828e-01 2.454834133386611938e-01 -6.855759336513264635e-02 -4.181970112293512294e-03 5.400839702782392893e-01 -8.388037151601408503e-01
1.520530365301846504e+09 3.305713236331939697e-01 -2.054397761821746826e-01 2.577301263809204102e-01 -5.792682431763374051e-02 -5.756058545222505693e-03 5.395781820480406443e-01 -8.399206726067821593e-01
1.520530365351848841e+09 3.148463070392608643e-01 -2.636207640171051025e-01 2.626487016677856445e-01 -4.343457224023354601e-02 -2.721134387789603867e-03 5.334940189162183932e-01 -8.446834703855481408e-01
1.520530365401849747e+09 2.981799542903900146e-01 -3.258939981460571289e-01 2.601712346076965332e-01 -3.311323927693887725e-02 8.784142628750223102e-04 5.229165251043726981e-01 -8.517400128828862549e-01
1.520530365451851606e+09 2.810946106910705566e-01 -3.903454244136810303e-01 2.503053843975067139e-01 -2.987888886883164133e-02 4.901259463074756316e-03 5.123057147145678725e-01 -8.582692376675488122e-01
1.520530365501852751e+09 2.647914290428161621e-01 -4.541482925415039062e-01 2.347888648509979248e-01 -3.287168052250669104e-02 9.888410995884697879e-03 4.998993916991126829e-01 -8.654029524599854417e-01
1.520530365551854610e+09 2.498082071542739868e-01 -5.181909203529357910e-01 2.168279886245727539e-01 -3.861570195045053999e-02 1.391874474311097752e-02 4.841377232466263503e-01 -8.740284669490021585e-01
1.520530365601534843e+09 2.363030314445495605e-01 -5.803225040435791016e-01 1.968529969453811646e-01 -4.361019014390805221e-02 2.223911185403593463e-02 4.680553087812169277e-01 -8.823422245032114253e-01
1.520530365651536942e+09 2.249215990304946899e-01 -6.409845352172851562e-01 1.769249141216278076e-01 -4.758708305566120011e-02 3.532208692254920623e-02 4.526349966226028698e-01 -8.897243278308993863e-01
1.520530365701538801e+09 2.141228765249252319e-01 -6.988440752029418945e-01 1.580944806337356567e-01 -5.204817221608577099e-02 4.869792952119872398e-02 4.389763408901464214e-01 -8.956669423217600290e-01
1.520530365751539707e+09 2.017428427934646606e-01 -7.547153234481811523e-01 1.406470090150833130e-01 -5.781500131081223487e-02 6.067157630768320320e-02 4.282992548559257373e-01 -8.997422596175143061e-01
1.520530365801545858e+09 1.865976452827453613e-01 -8.083145022392272949e-01 1.262420415878295898e-01 -6.450246079094984486e-02 7.297630387038465949e-02 4.213102034270528318e-01 -9.016715611094676674e-01
1.520530365851542950e+09 1.681313514709472656e-01 -8.591358065605163574e-01 1.163134425878524780e-01 -6.907790757994092257e-02 8.659209878962706441e-02 4.165246997519918559e-01 -9.023509437065480032e-01
1.520530365901544809e+09 1.444158703088760376e-01 -9.091121554374694824e-01 1.117716506123542786e-01 -6.914859546033158555e-02 9.762757361326176997e-02 4.124034366374852434e-01 -9.031116952325676239e-01
1.520530365951545954e+09 1.164485663175582886e-01 -9.572162628173828125e-01 1.148859933018684387e-01 -6.173093784102598458e-02 1.042448992615908482e-01 4.082650406422800859e-01 -9.047883447970389570e-01
1.520530366001907587e+09 8.417653292417526245e-02 -1.002177357673645020e+00 1.267503350973129272e-01 -4.568860771433811557e-02 1.091520793668610961e-01 4.046316494070564818e-01 -9.067919292721682289e-01
1.520530366051908493e+09 4.798943176865577698e-02 -1.041154742240905762e+00 1.460023671388626099e-01 -2.490630234075401003e-02 1.108928931329758588e-01 4.033844245393417571e-01 -9.079446284853354143e-01
1.520530366101910591e+09 5.822117440402507782e-03 -1.073697686195373535e+00 1.701794713735580444e-01 -3.302526222931767303e-03 1.097510838982505427e-01 4.105146860528072206e-01 -9.052190262244111940e-01
1.520530366151911497e+09 -4.295630380511283875e-02 -1.097520589828491211e+00 1.952185332775115967e-01 1.680516943829738624e-02 1.081949653091500568e-01 4.272518286758579809e-01 -8.974783065094317225e-01
1.520530366201913357e+09 -9.562035650014877319e-02 -1.110520958900451660e+00 2.177820354700088501e-01 3.570395763439690451e-02 1.093486042882910042e-01 4.482566485761502184e-01 -8.864728349795732987e-01
1.520530366251915693e+09 -1.512834727764129639e-01 -1.115015149116516113e+00 2.366933375597000122e-01 5.122083736699580003e-02 1.111778082047913813e-01 4.707370642068046118e-01 -8.737405433904055219e-01
1.520530366301916599e+09 -2.093432694673538208e-01 -1.112671852111816406e+00 2.483322769403457642e-01 6.238709318367712670e-02 1.126186841984849613e-01 4.952426498080865214e-01 -8.591621502280917255e-01
1.520530366351918459e+09 -2.690597176551818848e-01 -1.104918241500854492e+00 2.516928613185882568e-01 6.925469841022012518e-02 1.130247400333503627e-01 5.211962650408056286e-01 -8.430798587298936608e-01
1.520530366402119875e+09 -3.297859430313110352e-01 -1.092508554458618164e+00 2.472739666700363159e-01 7.379819131772576146e-02 1.143106362345066851e-01 5.467315034323232403e-01 -8.261788962183228557e-01
1.520530366452121735e+09 -3.906868398189544678e-01 -1.076623082160949707e+00 2.356865704059600830e-01 7.646763427039078576e-02 1.166593746056844988e-01 5.705065207512135528e-01 -8.093612302340936759e-01
1.520530366502123594e+09 -4.513503909111022949e-01 -1.057880878448486328e+00 2.178551554679870605e-01 7.502382932008581917e-02 1.172117208737285671e-01 5.940166662963284328e-01 -7.923238212285215187e-01
1.520530366552124739e+09 -5.108867883682250977e-01 -1.036244273185729980e+00 1.948323100805282593e-01 6.748873424908628793e-02 1.151583662434009919e-01 6.192854353337249318e-01 -7.737372751891470335e-01
1.520530366602126598e+09 -5.684830546379089355e-01 -1.009562849998474121e+00 1.689436882734298706e-01 5.790138249100628548e-02 1.135764198824631560e-01 6.459860391067752117e-01 -7.526286362021130660e-01
1.520530366652127504e+09 -6.224541068077087402e-01 -9.794461131095886230e-01 1.412195861339569092e-01 4.978952266532815640e-02 1.141571708515331240e-01 6.724805439795223938e-01 -7.295608691157569048e-01
1.520530366702129841e+09 -6.729617118835449219e-01 -9.460437297821044922e-01 1.126529946923255920e-01 3.934469146405634304e-02 1.163143203341046733e-01 6.998254122941849342e-01 -7.036812960752102386e-01
1.520530366752131701e+09 -7.181967496871948242e-01 -9.100027084350585938e-01 8.409952372312545776e-02 2.615491374520748091e-02 1.203110836821070645e-01 7.244140194018641177e-01 -6.782812780287050813e-01
1.520530366802132607e+09 -7.581207752227783203e-01 -8.719626665115356445e-01 5.607572942972183228e-02 9.785007364838798141e-03 1.266087252144332820e-01 7.483402841485169432e-01 -6.510463143670832675e-01
1.520530366852165699e+09 -7.930026650428771973e-01 -8.315960168838500977e-01 3.042269684374332428e-02 -5.013615052539162169e-03 1.376223033094554349e-01 7.711854702301431663e-01 -6.215367533797321320e-01
1.520530366902166605e+09 -8.242661952972412109e-01 -7.890880703926086426e-01 6.572418846189975739e-03 -1.678414004864796361e-02 1.504762697782179859e-01 7.922122700931442107e-01 -5.911640246076610428e-01
1.520530366952168703e+09 -8.544269204139709473e-01 -7.446768283843994141e-01 -1.434168033301830292e-02 -2.831218747536260252e-02 1.584997316814687196e-01 8.132970881317971301e-01 -5.591279831430386871e-01
1.520530367002169609e+09 -8.826998472213745117e-01 -6.995430588722229004e-01 -3.154755011200904846e-02 -3.981854137158969548e-02 1.599650876474942585e-01 8.346167449088087720e-01 -5.255859050762234919e-01
1.520530367052171707e+09 -9.100142717361450195e-01 -6.545032262802124023e-01 -4.389006271958351135e-02 -5.052097928733001453e-02 1.566855324398581939e-01 8.563125204588043493e-01 -4.895162325003912795e-01
1.520530367102177620e+09 -9.365493655204772949e-01 -6.110043525695800781e-01 -4.939094185829162598e-02 -5.903604691096399348e-02 1.513355295359592456e-01 8.762779374587886805e-01 -4.535959424291278186e-01
1.520530367152174711e+09 -9.621579051017761230e-01 -5.704745650291442871e-01 -4.635794460773468018e-02 -6.818331460493760876e-02 1.420885556325312271e-01 8.947957337394621957e-01 -4.177349313253591045e-01
1.520530367202176571e+09 -9.883854389190673828e-01 -5.332192182540893555e-01 -3.437918797135353088e-02 -7.815939579640124313e-02 1.294119448556809993e-01 9.107282345945628688e-01 -3.843406563059423298e-01
1.520530367252539635e+09 -1.016803145408630371e+00 -4.991557896137237549e-01 -1.338979136198759079e-02 -8.788539980540185925e-02 1.155822046289073923e-01 9.241320432430518705e-01 -3.534075227348564274e-01
1.520530367302540541e+09 -1.047041773796081543e+00 -4.685269892215728760e-01 1.502100471407175064e-02 -9.169507249860443798e-02 1.035675645535152900e-01 9.352384869447559756e-01 -3.258753531478142396e-01
1.520530367352542639e+09 -1.079380989074707031e+00 -4.420304298400878906e-01 4.719354212284088135e-02 -9.071464312523187801e-02 9.055254083923573727e-02 9.444064728008163545e-01 -3.027664198720546596e-01
1.520530367402544737e+09 -1.115106344223022461e+00 -4.189749062061309814e-01 8.104484528303146362e-02 -8.911806447247345997e-02 7.154308341581559760e-02 9.519528259793355041e-01 -2.841221126733973756e-01
1.520530367452545643e+09 -1.155112266540527344e+00 -3.987316787242889404e-01 1.140480116009712219e-01 -8.674481800119421271e-02 4.928466791084129550e-02 9.569966885972597259e-01 -2.724035537079820268e-01
1.520530367502547503e+09 -1.199524879455566406e+00 -3.812542259693145752e-01 1.441484540700912476e-01 -8.374080621782667433e-02 2.913613552987324995e-02 9.593801286251742999e-01 -2.678214550395796034e-01
1.520530367552548647e+09 -1.248190522193908691e+00 -3.662835955619812012e-01 1.684775948524475098e-01 -8.331363869492298957e-02 1.244231887175569796e-02 9.602702252400611149e-01 -2.660547327635947590e-01
1.520530367602550507e+09 -1.299830794334411621e+00 -3.530149757862091064e-01 1.864437460899353027e-01 -8.042822851181154198e-02 1.191051498498487489e-04 9.603079644528075276e-01 -2.670952999978105646e-01
1.520530367652264357e+09 -1.354461789131164551e+00 -3.422531783580780029e-01 1.963288187980651855e-01 -7.565326888086010282e-02 -7.587034154366464368e-03 9.588436952866983276e-01 -2.735649608947204880e-01
1.520530367702266216e+09 -1.411399722099304199e+00 -3.321996927261352539e-01 1.990586966276168823e-01 -6.814486054104754165e-02 -7.996822144896463536e-03 9.561160726400916854e-01 -2.848409809994187358e-01
1.520530367752267361e+09 -1.469048857688903809e+00 -3.244773745536804199e-01 1.940728425979614258e-01 -6.071889457362496245e-02 -1.439569182209733114e-03 9.523208826584981246e-01 -2.989917723531295146e-01
1.520530367802269220e+09 -1.526833772659301758e+00 -3.185729086399078369e-01 1.832946389913558960e-01 -5.360222414542214348e-02 1.047968640382901384e-02 9.486432925478643918e-01 -3.115973062198844623e-01
1.520530367852271080e+09 -1.583918929100036621e+00 -3.136092722415924072e-01 1.722058504819869995e-01 -4.118821859632015858e-02 2.733041344652887769e-02 9.442884869607537368e-01 -3.253856673903658403e-01
1.520530367902272463e+09 -1.640197873115539551e+00 -3.112616539001464844e-01 1.608882546424865723e-01 -2.350545318661701605e-02 4.650630089757648578e-02 9.370581573972366352e-01 -3.452631855593809584e-01
1.520530367952274323e+09 -1.695515751838684082e+00 -3.101980090141296387e-01 1.525194346904754639e-01 -4.889877950517236907e-03 6.394144110765809241e-02 9.276623672402011245e-01 -3.678724148519580961e-01
1.520530368002275467e+09 -1.749797224998474121e+00 -3.074657618999481201e-01 1.459478735923767090e-01 1.304354855919728079e-02 7.834999796537260586e-02 9.193041076095493924e-01 -3.854492202508912890e-01
1.520530368052124023e+09 -1.802531599998474121e+00 -3.018493652343750000e-01 1.426552683115005493e-01 2.985573161497440467e-02 9.038706045196658045e-02 9.132760683717877637e-01 -3.960626686926666529e-01
1.520530368102125168e+09 -1.853681445121765137e+00 -2.911497652530670166e-01 1.425816565752029419e-01 4.713077950425120788e-02 1.004485431396723027e-01 9.091945374837925309e-01 -4.013154280788011619e-01
1.520530368152127028e+09 -1.902245998382568359e+00 -2.742843329906463623e-01 1.459447443485260010e-01 6.184670161854817494e-02 1.081654623704221413e-01 9.061120503498943934e-01 -4.042723963614258120e-01
1.520530368202128887e+09 -1.948697328567504883e+00 -2.517976760864257812e-01 1.533275395631790161e-01 7.371326101455226432e-02 1.114827775809489330e-01 9.039217296909538568e-01 -4.062800167937763440e-01
1.520530368252130032e+09 -1.990612030029296875e+00 -2.241815030574798584e-01 1.653099209070205688e-01 8.387293377749965861e-02 1.073384322512511840e-01 9.042794393011145404e-01 -4.046263555413325275e-01
1.520530368302132130e+09 -2.027448654174804688e+00 -1.918919533491134644e-01 1.822196841239929199e-01 9.743744156270449375e-02 9.449456675362209734e-02 9.059281868421067418e-01 -4.010870754845294872e-01
1.520530368352133989e+09 -2.058897495269775391e+00 -1.541423201560974121e-01 2.037345021963119507e-01 1.122417878016393755e-01 7.400766381235829305e-02 9.095578643705317656e-01 -3.932291165845251957e-01
1.520530368402135134e+09 -2.083208084106445312e+00 -1.109589934349060059e-01 2.261615097522735596e-01 1.247548006341666488e-01 4.970652952375818195e-02 9.166401568956705770e-01 -3.764788485528947626e-01
1.520530368452048540e+09 -2.098518610000610352e+00 -6.273045390844345093e-02 2.461560219526290894e-01 1.346122104028125432e-01 2.816382399102811476e-02 9.273925958131030711e-01 -3.478926918745285923e-01
1.520530368502050400e+09 -2.104748964309692383e+00 -1.107637770473957062e-02 2.613385021686553955e-01 1.449109473110326285e-01 1.442439582936935055e-02 9.394469314501366908e-01 -3.102131801572897141e-01
1.520530368552051306e+09 -2.105528593063354492e+00 4.305642843246459961e-02 2.707785964012145996e-01 1.529451509870733417e-01 5.745213107720956169e-03 9.526969771159204958e-01 -2.625704536121214461e-01
1.520530368602053404e+09 -2.097805500030517578e+00 9.940094500780105591e-02 2.732074260711669922e-01 1.543254330865989621e-01 -1.138173221691756234e-03 9.663409720933385794e-01 -2.058336486535977117e-01
1.520530368652054310e+09 -2.083504438400268555e+00 1.556972414255142212e-01 2.695498466491699219e-01 1.501955792104944232e-01 -7.397534570204152872e-03 9.769299930308343871e-01 -1.516388907394162766e-01
1.520530368702056170e+09 -2.065770149230957031e+00 2.107878774404525757e-01 2.604776620864868164e-01 1.457665935452152894e-01 -1.201805597452402716e-02 9.837089276168970997e-01 -1.045199132396858466e-01
1.520530368752057552e+09 -2.044548511505126953e+00 2.657839953899383545e-01 2.469656467437744141e-01 1.404498151650116766e-01 -1.207144686386846417e-02 9.883787154582789336e-01 -5.688272514366281979e-02
1.520530368802058220e+09 -2.020671367645263672e+00 3.197838366031646729e-01 2.302765250205993652e-01 1.328308008044682409e-01 -7.974318359446662743e-03 9.910662932813415482e-01 -8.943764639553652973e-03
1.520530368851388931e+09 -1.994757890701293945e+00 3.712091445922851562e-01 2.143602669239044189e-01 1.237010526400036114e-01 1.030459370577903062e-03 9.913374921808102425e-01 4.412441870328567828e-02
1.520530368901391029e+09 -1.965520620346069336e+00 4.214240908622741699e-01 2.019994854927062988e-01 1.094200822240482263e-01 1.486982574610662237e-02 9.876164086077685589e-01 1.114448892370410032e-01
1.520530368951391935e+09 -1.932721018791198730e+00 4.677396416664123535e-01 1.953322291374206543e-01 1.035032220440660899e-01 3.273438498155019361e-02 9.773874388805334767e-01 1.814644245711212744e-01
1.520530369001394033e+09 -1.898038506507873535e+00 5.097939372062683105e-01 1.925549060106277466e-01 1.000289353565501221e-01 4.722214292437585531e-02 9.627220823562646634e-01 2.468409881941860951e-01
1.520530369051394939e+09 -1.864650011062622070e+00 5.499205589294433594e-01 1.926065534353256226e-01 9.169802951932294610e-02 5.709759976469849785e-02 9.456340216036951407e-01 3.067696736462160456e-01
1.520530369101396799e+09 -1.830859780311584473e+00 5.870360136032104492e-01 1.939607113599777222e-01 7.683587261276228486e-02 6.400802142233055769e-02 9.236372934061077844e-01 3.699910432738520716e-01
1.520530369151397943e+09 -1.796250104904174805e+00 6.211748719215393066e-01 1.959994733333587646e-01 5.700267846588405463e-02 6.555747551923438166e-02 8.949539069049117224e-01 4.376190313125042364e-01
1.520530369201399803e+09 -1.761156439781188965e+00 6.500204801559448242e-01 1.986849159002304077e-01 3.535012381709758816e-02 6.219643096498619905e-02 8.590647222000943328e-01 5.068429498302292613e-01
1.520530369251400709e+09 -1.724581360816955566e+00 6.761161088943481445e-01 2.011043280363082886e-01 1.811107510268722756e-02 5.685451652963111058e-02 8.188254930459767378e-01 5.709328899676560098e-01
1.520530369301536798e+09 -1.688037395477294922e+00 7.005787491798400879e-01 2.022996693849563599e-01 6.474408485402394567e-03 5.556433761784298347e-02 7.790811891340549966e-01 6.244222827200526238e-01
1.520530369351537704e+09 -1.651515483856201172e+00 7.261611223220825195e-01 1.999563276767730713e-01 -8.937519988629928896e-04 5.677716965849804315e-02 7.404190023852279534e-01 6.697426782875631757e-01
1.520530369401540041e+09 -1.617395877838134766e+00 7.523631453514099121e-01 1.992230713367462158e-01 -1.423635639257517715e-03 5.703985980918518245e-02 7.075157792982934568e-01 7.043904099989178880e-01
1.520530369451541901e+09 -1.584392070770263672e+00 7.792516946792602539e-01 2.000425904989242554e-01 -2.235313243071946742e-03 5.634663043074916028e-02 6.789415077355288597e-01 7.320235581507010814e-01
1.520530369501542807e+09 -1.551805496215820312e+00 8.050038814544677734e-01 2.046227306127548218e-01 -5.331401744666356725e-03 5.340109330633096424e-02 6.467263767932750484e-01 7.608317113192432091e-01
1.520530369551544905e+09 -1.518821239471435547e+00 8.252684473991394043e-01 2.139669954776763916e-01 -1.029089236072589474e-02 5.186211099057243951e-02 6.010765179816787152e-01 7.974405548434581048e-01
1.520530369601545811e+09 -1.484803318977355957e+00 8.393785357475280762e-01 2.256961315870285034e-01 -1.120585910834908001e-02 4.895596042822265848e-02 5.518055374067259988e-01 8.324592431749847643e-01
1.520530369651547670e+09 -1.452574372291564941e+00 8.461307287216186523e-01 2.379242181777954102e-01 -1.056946095712718754e-02 4.544029127156660325e-02 5.059275158945034656e-01 8.613134244193851874e-01
1.520530369701896429e+09 -1.417324662208557129e+00 8.522632718086242676e-01 2.493057548999786377e-01 -1.177518660677319244e-02 4.539372895877834269e-02 4.660668202294824813e-01 8.835057857381422020e-01
1.520530369751898527e+09 -1.382328391075134277e+00 8.571580052375793457e-01 2.599852085113525391e-01 -1.163451926561393825e-02 4.879938768596199516e-02 4.330474664060133261e-01 8.999739716026603498e-01
1.520530369801900625e+09 -1.346633553504943848e+00 8.620334267616271973e-01 2.700020670890808105e-01 -5.468841544521007604e-03 5.354347729473766387e-02 4.088174329738732959e-01 9.110277132491643171e-01
1.520530369851901531e+09 -1.309805035591125488e+00 8.685913681983947754e-01 2.773514986038208008e-01 4.214586782753850652e-03 5.989503702953254821e-02 3.879185869722595603e-01 9.197358271150076758e-01
1.520530369901903391e+09 -1.272845864295959473e+00 8.768149018287658691e-01 2.826432585716247559e-01 9.748631092622589076e-03 6.456969635774398308e-02 3.657391941243923195e-01 9.284236965875704017e-01
1.520530369951905727e+09 -1.235192894935607910e+00 8.862539529800415039e-01 2.870097756385803223e-01 3.523406015711713374e-03 6.561407276900844965e-02 3.437887341139292396e-01 9.367452617233000822e-01
1.520530370001906633e+09 -1.197113752365112305e+00 8.969547152519226074e-01 2.947646677494049072e-01 -1.479864445216776125e-02 6.664763920821975551e-02 3.257292701900386112e-01 9.429949813502794820e-01
1.520530370051908493e+09 -1.157316565513610840e+00 9.096058607101440430e-01 3.055716156959533691e-01 -3.495938079442353907e-02 7.038963824870472785e-02 3.076956944883865175e-01 9.482333574152496114e-01
1.520530370101929903e+09 -1.118881344795227051e+00 9.220405817031860352e-01 3.183227479457855225e-01 -4.890966047273546946e-02 8.061416454410377797e-02 2.866069081022221132e-01 9.533969172466325581e-01
1.520530370151930809e+09 -1.080929875373840332e+00 9.364642500877380371e-01 3.304003477096557617e-01 -5.423043518920216133e-02 9.646451952632144333e-02 2.709101065890833215e-01 9.562224482408040460e-01
1.520530370201932907e+09 -1.042676925659179688e+00 9.514055252075195312e-01 3.406792879104614258e-01 -5.816785368407125650e-02 1.195085146270969678e-01 2.588196583498872383e-01 9.567374771488055263e-01
1.520530370251933813e+09 -1.002929806709289551e+00 9.663106203079223633e-01 3.489414453506469727e-01 -6.276892681791514106e-02 1.421455996179949999e-01 2.448791191803005030e-01 9.570208499948410497e-01
1.520530370301934719e+09 -9.609062075614929199e-01 9.808304309844970703e-01 3.571451604366302490e-01 -6.676126122281315911e-02 1.601937377413885089e-01 2.303629317059736059e-01 9.575039530384257258e-01
1.520530370351936817e+09 -9.168390631675720215e-01 9.955541491508483887e-01 3.639599084854125977e-01 -6.728392632070402668e-02 1.752039736157643968e-01 2.184878967422144991e-01 9.576217833076272612e-01
1.520530370401937723e+09 -8.717057704925537109e-01 1.010791063308715820e+00 3.696265518665313721e-01 -6.557516393649097386e-02 1.887521854602858540e-01 2.057425053522821679e-01 9.579887952633029391e-01
1.520530370451939821e+09 -8.265973329544067383e-01 1.025219798088073730e+00 3.750413954257965088e-01 -6.260615203147956720e-02 2.010980274089912423e-01 1.928361684988917080e-01 9.583601959694959538e-01
1.520530370501882792e+09 -7.804910540580749512e-01 1.040408015251159668e+00 3.808793723583221436e-01 -5.863211495100687648e-02 2.160228125979862801e-01 1.826246026288057822e-01 9.573633970694188644e-01
1.520530370551883698e+09 -7.335215806961059570e-01 1.054669618606567383e+00 3.872695565223693848e-01 -5.528728871909523168e-02 2.357705175165404621e-01 1.753262198363129964e-01 9.542621733119168725e-01
1.520530370601898670e+09 -6.854032874107360840e-01 1.068301320075988770e+00 3.931410014629364014e-01 -5.080506474770429826e-02 2.517586299243246284e-01 1.664307083616744787e-01 9.520174667351642972e-01
1.520530370651886702e+09 -6.363024711608886719e-01 1.081065773963928223e+00 4.010516405105590820e-01 -4.425333215595115416e-02 2.581568825288735325e-01 1.581734338552027996e-01 9.520387762158231126e-01
1.520530370701888561e+09 -5.860479474067687988e-01 1.093028187751770020e+00 4.078362584114074707e-01 -3.847112829741989454e-02 2.551746335631742690e-01 1.537760923422257786e-01 9.538127657446079377e-01
1.520530370751889706e+09 -5.345821976661682129e-01 1.103494644165039062e+00 4.123933911323547363e-01 -3.842178981257279857e-02 2.461484591564804258e-01 1.498296808747986431e-01 9.568102052400176971e-01
1.520530370801891565e+09 -4.840767383575439453e-01 1.112370252609252930e+00 4.138953983783721924e-01 -4.143357435782960702e-02 2.296168387737820560e-01 1.438537612881432837e-01 9.616992573724505444e-01
1.520530370851892471e+09 -4.338540732860565186e-01 1.120285272598266602e+00 4.136267006397247314e-01 -4.517969481674741911e-02 2.114897068840519978e-01 1.342971173702591503e-01 9.670549019183980466e-01
1.520530370901941061e+09 -3.845848441123962402e-01 1.126585364341735840e+00 4.119743704795837402e-01 -4.562608714259826920e-02 1.889214737758972695e-01 1.242191965113190744e-01 9.730347003763438751e-01
1.520530370951941967e+09 -3.362285196781158447e-01 1.131676197052001953e+00 4.081062376499176025e-01 -4.100879860387730835e-02 1.588550145529565860e-01 1.174676221619919830e-01 9.794308145714295533e-01
1.520530371001944065e+09 -2.881044447422027588e-01 1.135890364646911621e+00 4.029554724693298340e-01 -3.115622087954898062e-02 1.225994135358288856e-01 1.111707751189862786e-01 9.857178767074377124e-01
1.520530371051946163e+09 -2.407981455326080322e-01 1.138729810714721680e+00 3.977178335189819336e-01 -1.649064844738227717e-02 7.985469222139580936e-02 1.057088610002105550e-01 9.910483960685518845e-01
1.520530371101947308e+09 -1.952590048313140869e-01 1.138796210289001465e+00 3.931575417518615723e-01 2.899007407846168616e-04 3.483308341426061272e-02 9.670395021639163757e-02 9.947034323203883810e-01
1.520530371151949167e+09 -1.497494429349899292e-01 1.136339902877807617e+00 3.901186585426330566e-01 1.454786305359943681e-02 -1.241150312957907745e-03 8.838033682073602459e-02 9.959797865870209099e-01
1.520530371201950073e+09 -1.059313863515853882e-01 1.130050420761108398e+00 3.901410102844238281e-01 2.515049972004508236e-02 -2.529743820490672201e-02 7.538370632867982812e-02 9.965163264112897323e-01
1.520530371251952171e+09 -6.547875702381134033e-02 1.122625589370727539e+00 3.926127254962921143e-01 3.689852058969285420e-02 -4.857079410387555446e-02 6.338892260179822269e-02 9.961230956211155618e-01
1.520530371301953077e+09 -2.616276405751705170e-02 1.115950584411621094e+00 3.951845765113830566e-01 4.448499923917995091e-02 -7.248505238865349254e-02 5.497280534027053356e-02 9.948592828616141803e-01
1.520530371351951122e+09 1.318937446922063828e-02 1.108255386352539062e+00 3.983692824840545654e-01 4.325683497447421755e-02 -1.014325550737918552e-01 4.381537516205559479e-02 9.929352929061396882e-01
1.520530371401953459e+09 5.138798803091049194e-02 1.097493410110473633e+00 4.012678861618041992e-01 3.395323014551086122e-02 -1.365551772085103477e-01 2.849951887954852575e-02 9.896401564022514474e-01
1.520530371451954365e+09 8.798247575759887695e-02 1.084413528442382812e+00 4.047450721263885498e-01 2.475332579764094251e-02 -1.717593915700834362e-01 1.381536624306051002e-02 9.847309886080567454e-01
1.520530371501956224e+09 1.255636364221572876e-01 1.068935751914978027e+00 4.054119586944580078e-01 2.568443712346473243e-02 -2.022762625725082475e-01 3.170126395526594656e-03 9.789865032716154047e-01
1.520530371551958323e+09 1.637378633022308350e-01 1.050881981849670410e+00 4.027238786220550537e-01 3.053275826261335132e-02 -2.239332466290397394e-01 -7.092214557490632981e-03 9.741002783182668434e-01
1.520530371601959229e+09 1.987481117248535156e-01 1.030594944953918457e+00 3.985208868980407715e-01 3.898188713758123786e-02 -2.358781765373024752e-01 -1.919396716143439291e-02 9.708107384723532185e-01
1.520530371651961327e+09 2.304010093212127686e-01 1.008138060569763184e+00 3.934596478939056396e-01 4.938383135507281446e-02 -2.415855844353841098e-01 -3.298716442642211227e-02 9.685605244778520140e-01
1.520530371701962233e+09 2.607463002204895020e-01 9.839694499969482422e-01 3.902747631072998047e-01 5.779122046505774657e-02 -2.428191683989313343e-01 -4.901939938981075828e-02 9.671070906464666050e-01
1.520530371751958847e+09 2.876286506652832031e-01 9.577193856239318848e-01 3.896061182022094727e-01 6.282705952784709003e-02 -2.393862956133227249e-01 -7.789310985454182823e-02 9.657533978717359746e-01
1.520530371801960707e+09 3.081447780132293701e-01 9.306185841560363770e-01 3.906311392784118652e-01 6.102683875255660723e-02 -2.337094586563141230e-01 -1.163092350601372116e-01 9.633938839987348235e-01
1.520530371851962805e+09 3.222637474536895752e-01 9.020818471908569336e-01 3.935638964176177979e-01 5.012674699373730058e-02 -2.240112586582350962e-01 -1.567895168708187403e-01 9.605848804918774020e-01
1.520530371901963949e+09 3.327205181121826172e-01 8.734822869300842285e-01 3.978132903575897217e-01 3.379685402199099353e-02 -2.064983379685729481e-01 -1.985804868280905966e-01 9.574873363786864378e-01
1.520530371951965809e+09 3.404024839401245117e-01 8.448868393898010254e-01 4.017240703105926514e-01 1.639272710959463128e-02 -1.818145976020066890e-01 -2.440338253521703582e-01 9.524296418532536279e-01
1.520530372001967669e+09 3.447578251361846924e-01 8.184345364570617676e-01 4.057130813598632812e-01 6.536463419951263603e-04 -1.546153973761813516e-01 -2.928497997537187203e-01 9.435743989876325122e-01
1.520530372051968813e+09 3.491580784320831299e-01 7.943127155303955078e-01 4.092963039875030518e-01 -1.353579364304730547e-02 -1.324208058498523577e-01 -3.373180273070702229e-01 9.319324336679110088e-01
1.520530372101970673e+09 3.570660352706909180e-01 7.705243229866027832e-01 4.137772917747497559e-01 -2.532318050562721440e-02 -1.132595233333687085e-01 -3.742452290102067369e-01 9.200388717149268203e-01
1.520530372151955128e+09 3.710712492465972900e-01 7.464615106582641602e-01 4.201561510562896729e-01 -3.308203372959300781e-02 -9.668779910935178246e-02 -4.027436587295802894e-01 9.095903440015264962e-01
1.520530372201977015e+09 3.913249671459197998e-01 7.219504117965698242e-01 4.279943704605102539e-01 -3.737084080476168330e-02 -7.988606148486429581e-02 -4.220239986769007134e-01 9.022845349327123232e-01
1.520530372251958132e+09 4.188484251499176025e-01 6.977978944778442383e-01 4.382305145263671875e-01 -4.190617370370658401e-02 -6.690990834050362934e-02 -4.327285231050841952e-01 8.980606672506443733e-01
1.520530372301959991e+09 4.523128867149353027e-01 6.723892688751220703e-01 4.512429535388946533e-01 -4.944432678432677392e-02 -5.597148585571682516e-02 -4.385366243875887249e-01 8.956048684496342727e-01
1.520530372351960897e+09 4.905712902545928955e-01 6.462320685386657715e-01 4.663540422916412354e-01 -5.722424398338923912e-02 -4.370662577948410815e-02 -4.435076423604649709e-01 8.933734313999737164e-01
1.520530372401962996e+09 5.345057845115661621e-01 6.201624870300292969e-01 4.802382588386535645e-01 -6.110869276157187419e-02 -2.832029926449808679e-02 -4.422064698007072137e-01 8.943808620408517651e-01
1.520530372451963902e+09 5.824995636940002441e-01 5.941774249076843262e-01 4.898571074008941650e-01 -6.049704541912289540e-02 -1.113853440078781121e-02 -4.344681822871078181e-01 8.985841302444058654e-01
1.520530372501966000e+09 6.336529850959777832e-01 5.668066740036010742e-01 4.935192763805389404e-01 -5.965420545801086022e-02 1.877916492048255096e-03 -4.243615261453988485e-01 9.035237375566679274e-01
1.520530372551956415e+09 6.854711174964904785e-01 5.384315252304077148e-01 4.911428987979888916e-01 -6.155624743293970635e-02 1.086125134954264368e-02 -4.125025456337159668e-01 9.088093922637467958e-01
1.520530372601958513e+09 7.397955656051635742e-01 5.080574750900268555e-01 4.826011061668395996e-01 -6.715535308272213566e-02 1.556800197822772597e-02 -3.950003347768309969e-01 9.160908969053958018e-01
1.520530372651960373e+09 7.944040894508361816e-01 4.758013784885406494e-01 4.691056907176971436e-01 -7.304501792827020057e-02 2.001860418415113765e-02 -3.726424327049888130e-01 9.248790721981359209e-01
1.520530372701961279e+09 8.491063117980957031e-01 4.427373111248016357e-01 4.479849934577941895e-01 -8.009172621802336522e-02 2.579565604685838537e-02 -3.491116607762698720e-01 9.332957451047143582e-01
1.520530372751963377e+09 9.035827517509460449e-01 4.095325469970703125e-01 4.231410622596740723e-01 -8.521658007231626419e-02 3.511766644756603162e-02 -3.240080111279227681e-01 9.415538713791069547e-01
1.520530372801964283e+09 9.572172164916992188e-01 3.773399293422698975e-01 3.958293199539184570e-01 -8.447558832207274770e-02 4.366060912766852459e-02 -2.980511066546636112e-01 9.498016445606792812e-01
1.520530372851966381e+09 1.008517622947692871e+00 3.454342782497406006e-01 3.688153326511383057e-01 -7.737952472093431733e-02 5.086884275942597788e-02 -2.726352513299429292e-01 9.576506616311284414e-01
1.520530372901967525e+09 1.056481003761291504e+00 3.149762153625488281e-01 3.464417457580566406e-01 -6.505984040350945574e-02 5.547093204002590677e-02 -2.474439133650296330e-01 9.651226360436691021e-01
1.520530372951617479e+09 1.100128531455993652e+00 2.854629456996917725e-01 3.306114971637725830e-01 -5.137184580414407703e-02 5.333029422324536001e-02 -2.237456268224753964e-01 9.718305961712436769e-01
1.520530373001619577e+09 1.140150308609008789e+00 2.553159296512603760e-01 3.226826786994934082e-01 -3.920445338889397974e-02 4.474777067791136514e-02 -2.012399603547463667e-01 9.777336683423840658e-01
1.520530373051620483e+09 1.176328301429748535e+00 2.230658382177352905e-01 3.224518597126007080e-01 -3.140866049366995705e-02 2.822833169863602984e-02 -1.848730020231972304e-01 9.818546890749344502e-01
1.520530373101622343e+09 1.208227396011352539e+00 1.860238909721374512e-01 3.293483555316925049e-01 -2.593026340078205191e-02 8.291670216776037342e-03 -1.816332212153771719e-01 9.829894417519998706e-01
1.520530373151624441e+09 1.228587150573730469e+00 1.457897722721099854e-01 3.421387076377868652e-01 -2.393298914272219691e-02 -6.951758480008395601e-03 -1.947811201643834811e-01 9.805300608916780458e-01
1.520530373201626539e+09 1.234025120735168457e+00 1.041741594672203064e-01 3.567428886890411377e-01 -2.625726097534996847e-02 -1.890676979986783898e-02 -2.156145220563753795e-01 9.759423487994605129e-01
1.520530373251627445e+09 1.229552030563354492e+00 5.914923176169395447e-02 3.730043172836303711e-01 -2.973349914167911293e-02 -2.766467596400645421e-02 -2.384631306029402209e-01 9.703019736533793349e-01
1.520530373301629543e+09 1.219542264938354492e+00 1.137091591954231262e-02 3.875887095928192139e-01 -3.228698458241618247e-02 -3.801618638622656504e-02 -2.618162459572234146e-01 9.638280829858036913e-01
1.520530373351456881e+09 1.204353809356689453e+00 -3.904050216078758240e-02 3.988222777843475342e-01 -3.594309648485367187e-02 -4.554821312428353891e-02 -2.883633224226835878e-01 9.557615018285769981e-01
1.520530373401457787e+09 1.180650830268859863e+00 -9.001353383064270020e-02 4.094554483890533447e-01 -4.258829758236833823e-02 -4.876242985443611511e-02 -3.160279117781717440e-01 9.465383358960455240e-01
1.520530373451459885e+09 1.150414705276489258e+00 -1.406211853027343750e-01 4.186768829822540283e-01 -5.010264443761963671e-02 -4.841855255176432532e-02 -3.426164782541136766e-01 9.368881030400043608e-01
1.520530373501460791e+09 1.115884184837341309e+00 -1.908567249774932861e-01 4.259948432445526123e-01 -5.481263291163994411e-02 -4.931324049633483558e-02 -3.697190955212286134e-01 9.262135660807442328e-01
1.520530373551462650e+09 1.075929284095764160e+00 -2.378987818956375122e-01 4.289809465408325195e-01 -5.524163274740070961e-02 -5.013863700672961665e-02 -3.968622949512149445e-01 9.148414058931544357e-01
1.520530373601464987e+09 1.035776257514953613e+00 -2.842270433902740479e-01 4.266302287578582764e-01 -5.433556315965316214e-02 -4.911085108349696332e-02 -4.209082628523433955e-01 9.041415846783071864e-01
1.520530373651465893e+09 9.938886761665344238e-01 -3.289090692996978760e-01 4.187674820423126221e-01 -5.383154121991290397e-02 -4.406770109711374145e-02 -4.455791202423518560e-01 8.925354057369132565e-01
1.520530373701466799e+09 9.519901871681213379e-01 -3.728690147399902344e-01 4.056093990802764893e-01 -5.254827231569200036e-02 -3.728659303264490743e-02 -4.733074417922919497e-01 8.785376796704226221e-01
1.520530373751468897e+09 9.068914055824279785e-01 -4.135456681251525879e-01 3.879550397396087646e-01 -4.584339151508948218e-02 -3.009376230450303003e-02 -5.073536513209426779e-01 8.599912914768740313e-01
1.520530373801615477e+09 8.571181297302246094e-01 -4.511744379997253418e-01 3.659814894199371338e-01 -3.346292131644693080e-02 -2.285480010379284735e-02 -5.450699051868072020e-01 8.374107053703278014e-01
1.520530373851583481e+09 8.041902184486389160e-01 -4.854773879051208496e-01 3.418453633785247803e-01 -1.809746126087341186e-02 -1.485699250513033455e-02 -5.831316428641639682e-01 8.120401706566952038e-01
1.520530373901585579e+09 7.492798566818237305e-01 -5.164759755134582520e-01 3.174885511398315430e-01 -3.645276422339902445e-03 -6.719323385370161265e-03 -6.191432684078117532e-01 7.852408393851787460e-01
1.520530373951586485e+09 6.943373084068298340e-01 -5.444409847259521484e-01 2.952920198440551758e-01 9.190943983205013962e-03 -9.257024462798461211e-04 -6.517086000529879186e-01 7.584131922907546564e-01
1.520530374001588583e+09 6.385384798049926758e-01 -5.688041448593139648e-01 2.772725820541381836e-01 2.083544212407741070e-02 3.083519586608674673e-03 -6.824881321613299745e-01 7.305931328156545224e-01
1.520530374051589489e+09 5.829681754112243652e-01 -5.886501073837280273e-01 2.638880312442779541e-01 3.077209739237264305e-02 5.864960138354450951e-03 -7.138041254054315887e-01 6.996444460001357557e-01
1.520530374101591349e+09 5.267542600631713867e-01 -6.028673648834228516e-01 2.569122910499572754e-01 3.966640296998251436e-02 6.774539108303445634e-03 -7.482447602511541618e-01 6.622012238375779569e-01
1.520530374151592493e+09 4.717110693454742432e-01 -6.090678572654724121e-01 2.537591755390167236e-01 4.748266788283599105e-02 6.410023967563079940e-03 -7.840117588386109615e-01 6.188940699717936367e-01
1.520530374201952934e+09 4.176474511623382568e-01 -6.077275276184082031e-01 2.542926371097564697e-01 5.300332660556463654e-02 6.348616528568601716e-03 -8.156063067628375185e-01 5.761394751321948782e-01
1.520530374251954794e+09 3.679807186126708984e-01 -6.007046699523925781e-01 2.571665942668914795e-01 5.839350642561190463e-02 8.744475724506909145e-03 -8.413359208453855542e-01 5.372779549235876528e-01
1.520530374301955938e+09 3.211105167865753174e-01 -5.918256640434265137e-01 2.626025974750518799e-01 6.487314814686943876e-02 1.425563377633086611e-02 -8.641200813574296813e-01 4.988834899552985203e-01
1.520530374351957798e+09 2.778728604316711426e-01 -5.822001695632934570e-01 2.693861126899719238e-01 6.789888676143739088e-02 1.968052090263971293e-02 -8.845153978062980649e-01 4.611235510328276499e-01
1.520530374401958704e+09 2.353296875953674316e-01 -5.731683969497680664e-01 2.764661014080047607e-01 6.525946182759702341e-02 2.524755994064017614e-02 -9.012394831745277335e-01 4.276343734153350007e-01
1.520530374451961040e+09 1.936806440353393555e-01 -5.686739087104797363e-01 2.842064201831817627e-01 5.648791305981158001e-02 3.206678416615051097e-02 -9.141057549290806383e-01 4.002393107091359870e-01
1.520530374501961708e+09 1.524313986301422119e-01 -5.692360401153564453e-01 2.930217385292053223e-01 4.470087132464934526e-02 4.114526806517464219e-02 -9.235442109618579032e-01 3.786488999290790192e-01
1.520530374551963806e+09 1.107751950621604919e-01 -5.760399699211120605e-01 3.036636114120483398e-01 3.113642103671696720e-02 5.213966145259225221e-02 -9.290704592893199720e-01 3.648836261941130199e-01
1.520530374602406979e+09 7.074837386608123779e-02 -5.909367799758911133e-01 3.177433609962463379e-01 2.117151999719113498e-02 6.597115989194052288e-02 -9.304482544903925900e-01 3.598133106477609533e-01
1.520530374652408123e+09 2.820236422121524811e-02 -6.110427379608154297e-01 3.326112627983093262e-01 1.192630088649724099e-02 7.773074686709610659e-02 -9.300376095595498382e-01 3.589508868123972851e-01
1.520530374702409983e+09 -1.392578426748514175e-02 -6.359401941299438477e-01 3.475923836231231689e-01 2.302579071696366636e-03 8.498390600200216027e-02 -9.283761799214368393e-01 3.617873718149116069e-01
1.520530374752412081e+09 -5.466082319617271423e-02 -6.656737923622131348e-01 3.614009320735931396e-01 -6.214790030240791192e-03 8.631647356019785111e-02 -9.228599643828282462e-01 3.752869953999696806e-01
1.520530374802413225e+09 -9.720238298177719116e-02 -6.994199156761169434e-01 3.708952665328979492e-01 -1.284965740700862689e-02 8.389277502038584855e-02 -9.139829001076730242e-01 3.967772005983570272e-01
1.520530374852415085e+09 -1.412262916564941406e-01 -7.352148890495300293e-01 3.749419450759887695e-01 -1.749607906643676700e-02 8.057237352019695764e-02 -9.053289221784838192e-01 4.166311588320870118e-01
1.520530374902416945e+09 -1.863129436969757080e-01 -7.719640731811523438e-01 3.731124699115753174e-01 -2.018664577481830286e-02 7.814215816327184372e-02 -8.962364732742639228e-01 4.361725420322302149e-01
1.520530374952418089e+09 -2.335217297077178955e-01 -8.098924160003662109e-01 3.651126325130462646e-01 -2.166513877637113797e-02 7.642754789815736638e-02 -8.848536468706521552e-01 4.590462670622461050e-01
1.520530375002441883e+09 -2.821389436721801758e-01 -8.489512205123901367e-01 3.513247072696685791e-01 -1.906616858564294872e-02 7.310568022573438185e-02 -8.725161822569681425e-01 4.827085584842282229e-01
1.520530375052443743e+09 -3.316631615161895752e-01 -8.889726996421813965e-01 3.326599895954132080e-01 -1.126336991725224515e-02 6.458863273839002273e-02 -8.595774314431988694e-01 5.067820876595828805e-01
1.520530375102444649e+09 -3.809259831905364990e-01 -9.287645816802978516e-01 3.106891512870788574e-01 2.532707787169954147e-03 5.015110650595883124e-02 -8.456738681545971081e-01 5.313324389004815407e-01
1.520530375152446747e+09 -4.280802607536315918e-01 -9.684993028640747070e-01 2.902550995349884033e-01 2.091378390217109653e-02 3.443794770192912247e-02 -8.305365618486698631e-01 5.555048702158813523e-01
1.520530375202448845e+09 -4.741902649402618408e-01 -1.007748365402221680e+00 2.752485573291778564e-01 3.468365143118814359e-02 2.185818503122809175e-02 -8.161381296955887432e-01 5.764007436909903692e-01
1.520530375252453804e+09 -5.198160409927368164e-01 -1.044876933097839355e+00 2.673207223415374756e-01 4.034308193089945066e-02 1.427560432454663165e-02 -8.032188114819535096e-01 5.941449181327767004e-01
1.520530375302451849e+09 -5.646635293960571289e-01 -1.077050089836120605e+00 2.657878696918487549e-01 3.872255012481297387e-02 6.888424580198074243e-03 -7.930772442975781988e-01 6.078499800904771933e-01
1.520530375352452755e+09 -6.088042259216308594e-01 -1.103268742561340332e+00 2.713364064693450928e-01 3.243608558176819257e-02 -2.075691104455604924e-03 -7.830900031842841225e-01 6.210584825694024369e-01
1.520530375402251959e+09 -6.528678536415100098e-01 -1.123856782913208008e+00 2.816230952739715576e-01 2.451067670880978377e-02 -1.114884701188426953e-02 -7.742760988352612728e-01 6.322748237198998478e-01
1.520530375452213764e+09 -7.008267045021057129e-01 -1.137715697288513184e+00 2.953908443450927734e-01 1.582441388859178594e-02 -1.714275865988950862e-02 -7.665151517222767996e-01 6.418023340022894763e-01
1.520530375502216101e+09 -7.481097579002380371e-01 -1.144967198371887207e+00 3.110105991363525391e-01 -3.972685621620404887e-04 -2.014620356193297379e-02 -7.585891961884175805e-01 6.512575558762764283e-01
1.520530375552217007e+09 -7.977181077003479004e-01 -1.145728230476379395e+00 3.270902037620544434e-01 -2.509282256920269266e-02 -2.121127295169173213e-02 -7.513189019450364770e-01 6.591208840079215703e-01
1.520530375602218866e+09 -8.498316407203674316e-01 -1.139171957969665527e+00 3.423288166522979736e-01 -5.267811136424357249e-02 -1.902143263866115305e-02 -7.464409984932601771e-01 6.630905198024276137e-01
1.520530375652220011e+09 -9.036543369293212891e-01 -1.125595569610595703e+00 3.570278584957122803e-01 -7.873421187262504006e-02 -1.331379641331956187e-02 -7.456723475192424955e-01 6.615107080395625783e-01
1.520530375702221870e+09 -9.582849144935607910e-01 -1.103606700897216797e+00 3.715466260910034180e-01 -1.001494442766158732e-01 -1.684882187363562125e-03 -7.512434090163067069e-01 6.523807097030520641e-01
1.520530375752222776e+09 -1.012277841567993164e+00 -1.073457956314086914e+00 3.861623704433441162e-01 -1.197740597888339309e-01 1.818465461622296303e-02 -7.611836279366042124e-01 6.371208499958692650e-01
1.520530375802224874e+09 -1.064035892486572266e+00 -1.037264823913574219e+00 4.015247821807861328e-01 -1.413266315979956889e-01 3.940589601112427787e-02 -7.738398664375243374e-01 6.161540551458534187e-01
1.520530375852258682e+09 -1.116384744644165039e+00 -9.983779788017272949e-01 4.155735075473785400e-01 -1.604916526895932838e-01 6.190434552173481458e-02 -7.861292588552954985e-01 5.936422068840054855e-01
1.520530375902259588e+09 -1.167664527893066406e+00 -9.586937427520751953e-01 4.254624545574188232e-01 -1.791999684198082865e-01 8.094157558840556210e-02 -7.948783179685080524e-01 5.740246443169157997e-01
1.520530375952261448e+09 -1.218192815780639648e+00 -9.176423549652099609e-01 4.303635954856872559e-01 -1.922087340250874798e-01 9.415392425311587543e-02 -8.056176174472097218e-01 5.524229317931080852e-01
1.520530376002262592e+09 -1.267123460769653320e+00 -8.740941882133483887e-01 4.293936789035797119e-01 -1.942127673489104922e-01 9.481232769930127147e-02 -8.211401191332602378e-01 5.282243162376505374e-01
1.520530376052264452e+09 -1.317506313323974609e+00 -8.277249336242675781e-01 4.204539656639099121e-01 -1.869556277663174393e-01 7.985809425238031556e-02 -8.386627824169440304e-01 5.052870623888460200e-01
1.520530376102265358e+09 -1.367203116416931152e+00 -7.789717912673950195e-01 4.037870466709136963e-01 -1.737691912798117466e-01 5.566435586913166811e-02 -8.564066170860987759e-01 4.829839064179872743e-01
1.520530376152267694e+09 -1.414265632629394531e+00 -7.276708483695983887e-01 3.806599378585815430e-01 -1.573421582034696953e-01 2.968760251952875726e-02 -8.747177302837798596e-01 4.574177345006525952e-01
1.520530376202269554e+09 -1.460150003433227539e+00 -6.740778088569641113e-01 3.532720506191253662e-01 -1.353479617791808476e-01 3.438723491155045320e-03 -8.932610114535360912e-01 4.286652188363064275e-01
1.520530376251949549e+09 -1.500880241394042969e+00 -6.201829910278320312e-01 3.232155740261077881e-01 -1.093093798372379577e-01 -2.766410001748708172e-02 -9.093729016371321361e-01 4.004086447841552765e-01
1.520530376301951647e+09 -1.536211252212524414e+00 -5.664944052696228027e-01 2.919440567493438721e-01 -8.059874120741426784e-02 -6.454312011268169280e-02 -9.228491122703997851e-01 3.710627231933104064e-01
1.520530376351953506e+09 -1.565290808677673340e+00 -5.122545361518859863e-01 2.611914277076721191e-01 -5.403446790768787894e-02 -1.019365715285566049e-01 -9.334268590872351057e-01 3.397109218107001172e-01
1.520530376401954651e+09 -1.587878346443176270e+00 -4.587179124355316162e-01 2.334830164909362793e-01 -3.176007540279430358e-02 -1.358062070109472830e-01 -9.424836483603151738e-01 3.037639615246323088e-01
1.520530376451956511e+09 -1.603415608406066895e+00 -4.050059914588928223e-01 2.090623527765274048e-01 -1.810748460433204629e-02 -1.673479190230397762e-01 -9.496889489209275892e-01 2.641168175210081848e-01
1.520530376501958609e+09 -1.610413789749145508e+00 -3.524390757083892822e-01 1.877875775098800659e-01 -7.852089376547903565e-03 -1.974745785819438104e-01 -9.552594162004117706e-01 2.200490474116053863e-01
1.520530376551959753e+09 -1.608717799186706543e+00 -3.011807501316070557e-01 1.678989976644515991e-01 1.698880818875701457e-03 -2.270776647147255412e-01 -9.586087540003958019e-01 1.717617674148661233e-01
1.520530376601961613e+09 -1.598377823829650879e+00 -2.513764798641204834e-01 1.494925767183303833e-01 1.401129501271523858e-02 -2.588879969791093028e-01 -9.581957713830553391e-01 1.210022823579910978e-01
1.520530376652663231e+09 -1.580570459365844727e+00 -2.035074681043624878e-01 1.323310136795043945e-01 2.788236476872375455e-02 -2.927408736616493590e-01 -9.533004507344445821e-01 6.887383575947531034e-02
1.520530376702664137e+09 -1.557782769203186035e+00 -1.599544137716293335e-01 1.181028708815574646e-01 3.905516678806924408e-02 -3.216978159926355829e-01 -9.459061772871787399e-01 1.570709720734076234e-02
1.520530376752666235e+09 -1.531441092491149902e+00 -1.188518106937408447e-01 1.076688393950462341e-01 4.876795782991766304e-02 -3.387098649240946058e-01 -9.388235685070152048e-01 -3.882809431268410827e-02
1.520530376802668095e+09 -1.503663420677185059e+00 -7.833372056484222412e-02 1.022154688835144043e-01 6.018709614246503525e-02 -3.385034505899309210e-01 -9.344642543699820392e-01 -9.257151128398724560e-02
1.520530376852669001e+09 -1.475855708122253418e+00 -4.032965376973152161e-02 1.049263477325439453e-01 7.475889611944722124e-02 -3.203735410611867618e-01 -9.329387121492963564e-01 -1.462780264158981824e-01
1.520530376902671099e+09 -1.448480963706970215e+00 -3.031079890206456184e-03 1.153767704963684082e-01 9.121255273151336607e-02 -2.871022128908916615e-01 -9.325368690184904219e-01 -1.990667664341403409e-01
1.520530376952672005e+09 -1.423027634620666504e+00 3.200648352503776550e-02 1.332867294549942017e-01 1.068884464517384364e-01 -2.446072749840550176e-01 -9.313994277443655712e-01 -2.474616071989291233e-01
1.520530377002721071e+09 -1.401421904563903809e+00 6.428031623363494873e-02 1.567415744066238403e-01 1.221227264159575748e-01 -1.993997407400726340e-01 -9.281933863645724925e-01 -2.894526223660660036e-01
1.520530377052897692e+09 -1.384165287017822266e+00 9.409341216087341309e-02 1.851822286844253540e-01 1.371145480217012824e-01 -1.556824519549456498e-01 -9.211613091007355703e-01 -3.292786319971579001e-01
1.520530377102899551e+09 -1.372130274772644043e+00 1.206799969077110291e-01 2.136043757200241089e-01 1.500094033823192174e-01 -1.163761053787104455e-01 -9.132478515964740362e-01 -3.604610139088391674e-01
1.520530377152900696e+09 -1.364583849906921387e+00 1.466934978961944580e-01 2.403465956449508667e-01 1.680647933717824283e-01 -8.015409403324079418e-02 -9.046433651975722690e-01 -3.833404860468332953e-01
1.520530377202902555e+09 -1.360240221023559570e+00 1.735541820526123047e-01 2.660346329212188721e-01 1.950965160860425873e-01 -4.558165964995201241e-02 -8.935774863828199743e-01 -4.017199740421248388e-01
1.520530377252903700e+09 -1.358319759368896484e+00 2.016128003597259521e-01 2.893251478672027588e-01 2.273612283722567795e-01 -1.391619143959312195e-02 -8.813448424467295039e-01 -4.139377732720518899e-01
1.520530377302905798e+09 -1.359408140182495117e+00 2.315126508474349976e-01 3.092403113842010498e-01 2.550906658851288533e-01 1.479946532315686361e-02 -8.738943920227967288e-01 -4.135436126885976837e-01
1.520530377352906704e+09 -1.363921880722045898e+00 2.642984986305236816e-01 3.248226046562194824e-01 2.788732870595058699e-01 4.010239135190389603e-02 -8.717509868718492649e-01 -4.008387516950454588e-01
1.520530377402908802e+09 -1.371807694435119629e+00 3.005356788635253906e-01 3.365339636802673340e-01 2.955529312406730558e-01 6.295560876366257386e-02 -8.743594054051903042e-01 -3.797113197413594099e-01
1.520530377451719522e+09 -1.382587194442749023e+00 3.386474847793579102e-01 3.434647023677825928e-01 3.014669579530324106e-01 8.152044194485873196e-02 -8.820669250684698426e-01 -3.527464110489490490e-01
1.520530377501720428e+09 -1.396879911422729492e+00 3.798490464687347412e-01 3.480131924152374268e-01 2.962671980962652829e-01 9.768184579630163900e-02 -8.934800818558327196e-01 -3.230748329116808759e-01
1.520530377551722288e+09 -1.411960005760192871e+00 4.228981733322143555e-01 3.518973290920257568e-01 2.813841151866401380e-01 1.109002549240103164e-01 -9.061244878688249349e-01 -2.957406391804832113e-01
1.520530377601723433e+09 -1.425200939178466797e+00 4.664915204048156738e-01 3.568009138107299805e-01 2.515614186298402721e-01 1.208239649883196543e-01 -9.203940101382461769e-01 -2.738490245428699121e-01
1.520530377651725292e+09 -1.435268759727478027e+00 5.095402598381042480e-01 3.630546331405639648e-01 2.106822183335328724e-01 1.278954535386543356e-01 -9.337430158733761587e-01 -2.595760700640480367e-01
1.520530377701726675e+09 -1.440068602561950684e+00 5.512340664863586426e-01 3.695082664489746094e-01 1.623435639823900545e-01 1.321273167048091224e-01 -9.456575648788138055e-01 -2.488347029683654621e-01
1.520530377751728535e+09 -1.439760923385620117e+00 5.923144817352294922e-01 3.746462464332580566e-01 1.105411069029246240e-01 1.359811055615727238e-01 -9.547913764056863428e-01 -2.401316933606714721e-01
1.520530377801730394e+09 -1.432692885398864746e+00 6.329665780067443848e-01 3.781391680240631104e-01 5.989156765296801271e-02 1.413916969508995647e-01 -9.587570591938331388e-01 -2.391783635770753091e-01
1.520530377851407051e+09 -1.418990254402160645e+00 6.723429560661315918e-01 3.791848123073577881e-01 8.751962516727515226e-03 1.491417617955980990e-01 -9.587715468402071561e-01 -2.417379966208194064e-01
1.520530377901409149e+09 -1.398999333381652832e+00 7.111148834228515625e-01 3.764984607696533203e-01 -4.558290228271899558e-02 1.574111770818294731e-01 -9.547668040057916139e-01 -2.481214829831612512e-01
1.520530377951411009e+09 -1.372960925102233887e+00 7.482852935791015625e-01 3.703799545764923096e-01 -1.003303879950147443e-01 1.617345180987289632e-01 -9.474733875165721741e-01 -2.570407338302885258e-01
1.520530378001411915e+09 -1.341213703155517578e+00 7.837155461311340332e-01 3.591268360614776611e-01 -1.545791050594354510e-01 1.579812339205662886e-01 -9.379931813700281840e-01 -2.670505976613659627e-01
1.520530378051414013e+09 -1.304021358489990234e+00 8.171934485435485840e-01 3.427100777626037598e-01 -2.021808322145189074e-01 1.461390700953617006e-01 -9.267212133692042109e-01 -2.809876793886481039e-01
1.520530378101416111e+09 -1.261873841285705566e+00 8.476269841194152832e-01 3.222009837627410889e-01 -2.428721588624862537e-01 1.326345030131960701e-01 -9.125771342507336126e-01 -3.010384977085760472e-01
1.520530378151417017e+09 -1.214516520500183105e+00 8.737555146217346191e-01 2.984522581100463867e-01 -2.732462927040895107e-01 1.199082677023146082e-01 -8.955196286547822959e-01 -3.301561229995620961e-01
1.520530378201419115e+09 -1.163448095321655273e+00 8.948404788970947266e-01 2.729621827602386475e-01 -2.981672928449404236e-01 1.109311114148001792e-01 -8.748867962637361106e-01 -3.651898789960814629e-01
1.520530378251420021e+09 -1.110543489456176758e+00 9.074969887733459473e-01 2.467126548290252686e-01 -3.187485909040155274e-01 1.059489912670344147e-01 -8.502077991616204811e-01 -4.053650765556351954e-01
1.520530378301511526e+09 -1.057950615882873535e+00 9.120658636093139648e-01 2.204880714416503906e-01 -3.308170299674663695e-01 1.040096016010631091e-01 -8.251635087682629432e-01 -4.459229521515366002e-01
1.520530378351513386e+09 -1.007126331329345703e+00 9.093029499053955078e-01 1.940181404352188110e-01 -3.343007431285096587e-01 1.026328090644830632e-01 -8.010749497568552258e-01 -4.857864186237730864e-01
1.520530378401515245e+09 -9.581853747367858887e-01 8.992342948913574219e-01 1.677888780832290649e-01 -3.297373311971324994e-01 1.005960259321408284e-01 -7.775419361018343078e-01 -5.259108950997912757e-01
1.520530378451516628e+09 -9.099318385124206543e-01 8.849771022796630859e-01 1.416705995798110962e-01 -3.204952466512617781e-01 9.931486808152621693e-02 -7.525308700285512353e-01 -5.666715481705143498e-01
1.520530378501517296e+09 -8.635269403457641602e-01 8.664169311523437500e-01 1.164791211485862732e-01 -3.069794538007001306e-01 9.780507527739031037e-02 -7.252296247724420164e-01 -6.084733137505955458e-01
1.520530378551519632e+09 -8.217407464981079102e-01 8.443215489387512207e-01 9.449338167905807495e-02 -2.909936329595111948e-01 9.600389072159855319e-02 -6.961864282622731714e-01 -6.491767214301198408e-01
1.520530378601571321e+09 -7.815721035003662109e-01 8.211977481842041016e-01 7.620740681886672974e-02 -2.727903092292917053e-01 9.267281620719210189e-02 -6.661953243643070621e-01 -6.878815204102746161e-01
1.520530378651522398e+09 -7.445002794265747070e-01 7.972450852394104004e-01 6.332208216190338135e-02 -2.529801097808915267e-01 8.848786240435199679e-02 -6.362934626887050138e-01 -7.233958747476888496e-01
1.520530378702209473e+09 -7.096529006958007812e-01 7.747857570648193359e-01 5.600725486874580383e-02 -2.300851808722017000e-01 8.316792607796209824e-02 -6.063031598030859115e-01 -7.566639835671382652e-01
1.520530378752210379e+09 -6.781752705574035645e-01 7.532277107238769531e-01 5.753916874527931213e-02 -1.999756757050539235e-01 7.454678841461474803e-02 -5.759271732225993423e-01 -7.891516942940691726e-01
1.520530378802212238e+09 -6.482765674591064453e-01 7.336314916610717773e-01 6.827932596206665039e-02 -1.625031338869263597e-01 6.405054608470076016e-02 -5.487138483844657966e-01 -8.175593994409756649e-01
1.520530378852213383e+09 -6.219098567962646484e-01 7.174623608589172363e-01 8.839986473321914673e-02 -1.231309975810080115e-01 5.461945341401851922e-02 -5.250417190378867671e-01 -8.403491334042063610e-01
1.520530378902215242e+09 -5.974596738815307617e-01 7.057577967643737793e-01 1.155013665556907654e-01 -8.406685759156472260e-02 4.482663274254258812e-02 -5.020118785415930152e-01 -8.595972372307775222e-01
1.520530378952216387e+09 -5.723892450332641602e-01 6.987493038177490234e-01 1.465395987033843994e-01 -4.704678012715186874e-02 3.778075762478838584e-02 -4.814424765813722917e-01 -8.743982825784593071e-01
1.520530379002218246e+09 -5.479096174240112305e-01 6.963621377944946289e-01 1.799079179763793945e-01 -8.788494887443504960e-03 2.711193687479121137e-02 -4.647153682841825839e-01 -8.850013173532610411e-01
1.520530379052220345e+09 -5.222157239913940430e-01 6.988175511360168457e-01 2.121062725782394409e-01 2.959766979927883415e-02 1.202577088929715661e-02 -4.551830297073948817e-01 -8.898245716113752923e-01
1.520530379102149248e+09 -4.940013587474822998e-01 7.059361934661865234e-01 2.412670552730560303e-01 6.641965215611614348e-02 -1.049668412275813617e-02 -4.537068507168645626e-01 -8.886103437629299107e-01
1.520530379152151108e+09 -4.618927240371704102e-01 7.188622355461120605e-01 2.655493617057800293e-01 1.022006940946107861e-01 -3.655277927365187252e-02 -4.582622932413759620e-01 -8.821647142382802453e-01
1.520530379202152252e+09 -4.267242252826690674e-01 7.366402149200439453e-01 2.831510007381439209e-01 1.354049467058568157e-01 -6.135876952883646124e-02 -4.678816874340005483e-01 -8.711987880922490435e-01
1.520530379252154112e+09 -3.869301974773406982e-01 7.589904069900512695e-01 2.946735024452209473e-01 1.656268737068015695e-01 -8.126236003579993816e-02 -4.810442476611211382e-01 -8.570651079933596650e-01
1.520530379302155018e+09 -3.421335518360137939e-01 7.854174971580505371e-01 3.028199374675750732e-01 1.910338911312007837e-01 -9.545074715483153893e-02 -4.982779487029835308e-01 -8.403060711093333079e-01
1.520530379352157354e+09 -2.953172624111175537e-01 8.155611753463745117e-01 3.064578175544738770e-01 2.114944439159880396e-01 -1.061976244204915765e-01 -5.171749777400853620e-01 -8.225097003438035514e-01
1.520530379402159214e+09 -2.458785176277160645e-01 8.481470346450805664e-01 3.066965341567993164e-01 2.234781798508091166e-01 -1.138859448903891264e-01 -5.379627267566460258e-01 -8.047879219443758725e-01
1.520530379452160120e+09 -1.948602199554443359e-01 8.840430974960327148e-01 3.019072115421295166e-01 2.238647389542827437e-01 -1.199426745793070598e-01 -5.628784640496693470e-01 -7.865533473177636070e-01
1.520530379501849651e+09 -1.449840366840362549e-01 9.226855039596557617e-01 2.901228368282318115e-01 2.138344616240913654e-01 -1.218007871174570794e-01 -5.887821050404474787e-01 -7.699188425176008987e-01
1.520530379551851988e+09 -9.535849839448928833e-02 9.613711833953857422e-01 2.758832275867462158e-01 1.948610042283132893e-01 -1.179597791586056571e-01 -6.162863200166268651e-01 -7.538606312126600040e-01
1.520530379601852655e+09 -4.640573263168334961e-02 1.000583171844482422e+00 2.584694027900695801e-01 1.686910820871090066e-01 -1.091143701393886417e-01 -6.459716493290528216e-01 -7.364495918367176541e-01
1.520530379651854753e+09 2.595805330201983452e-03 1.040118455886840820e+00 2.385338544845581055e-01 1.367471448451311189e-01 -9.576742622126026283e-02 -6.718380118685778335e-01 -7.216387629972056406e-01
1.520530379701855898e+09 4.902485758066177368e-02 1.077603101730346680e+00 2.179734557867050171e-01 1.011334939478366751e-01 -7.894591115507298973e-02 -6.920820959715092702e-01 -7.103252297007907057e-01
1.520530379751857758e+09 9.485732764005661011e-02 1.113510012626647949e+00 1.973024904727935791e-01 6.178520189725974360e-02 -5.930850599535741202e-02 -7.095448904630159426e-01 -6.994363004312401655e-01
1.520530379801859617e+09 1.400545686483383179e-01 1.146913409233093262e+00 1.778986304998397827e-01 2.157430756240723627e-02 -3.966647477161647228e-02 -7.239526591756153540e-01 -6.883702980990321629e-01
1.520530379851860762e+09 1.877750456333160400e-01 1.176446318626403809e+00 1.605177074670791626e-01 -1.492062051344994131e-02 -2.057199647150068436e-02 -7.323194415522209511e-01 -6.804868871398722652e-01
1.520530379901824236e+09 2.335537374019622803e-01 1.202639102935791016e+00 1.512366831302642822e-01 -4.713133116546881773e-02 3.702871318021874400e-03 -7.337354058155476366e-01 -6.777885220474501038e-01
1.520530379951826334e+09 2.782895863056182861e-01 1.221049666404724121e+00 1.507102251052856445e-01 -7.621088652094674953e-02 3.453619418358557652e-02 -7.302159693933513163e-01 -6.780735875330445861e-01
1.520530380001827478e+09 3.237384259700775146e-01 1.232940196990966797e+00 1.563946157693862915e-01 -1.014527954039206870e-01 7.016227983977837979e-02 -7.225366670770346778e-01 -6.802391855234638518e-01
1.520530380051829338e+09 3.670765757560729980e-01 1.233862519264221191e+00 1.686758846044540405e-01 -1.214844201298736354e-01 1.075861378607635560e-01 -7.079864244175275712e-01 -6.873296017533345736e-01
1.520530380101830244e+09 4.077914357185363770e-01 1.224928736686706543e+00 1.847995519638061523e-01 -1.383309078716631335e-01 1.466268463187660187e-01 -6.869935455019953174e-01 -6.981439653141837676e-01
1.520530380151832342e+09 4.455852210521697998e-01 1.206839084625244141e+00 2.014801204204559326e-01 -1.514670827377925522e-01 1.824496660598695086e-01 -6.615983153983909792e-01 -7.113771933816516180e-01
1.520530380201888323e+09 4.819424748420715332e-01 1.181394577026367188e+00 2.169411629438400269e-01 -1.599180435980128157e-01 2.122026133104235879e-01 -6.324474952379558479e-01 -7.276032132991487877e-01
1.520530380251835346e+09 5.166217088699340820e-01 1.148458003997802734e+00 2.281436473131179810e-01 -1.675917145203910663e-01 2.394691466685535397e-01 -6.019791138410647280e-01 -7.430939991125463662e-01
1.520530380301736355e+09 5.484807491302490234e-01 1.109630107879638672e+00 2.348406910896301270e-01 -1.742400870475503682e-01 2.629448244021456160e-01 -5.709946900542853809e-01 -7.579350073163249046e-01
1.520530380352160692e+09 5.776379108428955078e-01 1.064062714576721191e+00 2.351520657539367676e-01 -1.787618355341486220e-01 2.824543050020962287e-01 -5.397062766878442108e-01 -7.726453951496694561e-01
1.520530380402162552e+09 6.030989885330200195e-01 1.014266371726989746e+00 2.294761240482330322e-01 -1.811935150940755801e-01 2.994608869763045744e-01 -5.098438843107493401e-01 -7.858443235718798325e-01
1.520530380452163458e+09 6.251416206359863281e-01 9.610952734947204590e-01 2.197436690330505371e-01 -1.787128436011033439e-01 3.107981362104816903e-01 -4.799355234975837270e-01 -8.007047716513238100e-01
1.520530380502165556e+09 6.402977705001831055e-01 9.052578210830688477e-01 2.080897092819213867e-01 -1.695727862550180376e-01 3.144032671206137830e-01 -4.490191956572444076e-01 -8.190100229648689112e-01
1.520530380552166462e+09 6.503410935401916504e-01 8.469369411468505859e-01 1.954644620418548584e-01 -1.550748824779578927e-01 3.110051810316872278e-01 -4.135240991125499477e-01 -8.415612738529791859e-01
1.520530380602168322e+09 6.518707275390625000e-01 7.874210476875305176e-01 1.832459121942520142e-01 -1.395536283212946149e-01 3.038639252231293830e-01 -3.737740004607024158e-01 -8.651499848869889098e-01
1.520530380652170658e+09 6.450799107551574707e-01 7.283651828765869141e-01 1.711838543415069580e-01 -1.264653932950736415e-01 2.946180361348311183e-01 -3.330500376560299181e-01 -8.867267840209264174e-01
1.520530380702171564e+09 6.346077322959899902e-01 6.704995036125183105e-01 1.570518314838409424e-01 -1.177793622707048460e-01 2.847035718860755904e-01 -2.912891696319196422e-01 -9.056613702888972606e-01
1.520530380752134800e+09 6.168597936630249023e-01 6.164488792419433594e-01 1.418711841106414795e-01 -1.162275205312713056e-01 2.778095556113661657e-01 -2.434819597645745681e-01 -9.219704710842805406e-01
1.520530380802135944e+09 5.923122167587280273e-01 5.653395652770996094e-01 1.240992173552513123e-01 -1.187177719180851215e-01 2.724135580179348204e-01 -1.894753411233962570e-01 -9.358397507826794470e-01
1.520530380852137804e+09 5.612050890922546387e-01 5.175891518592834473e-01 1.036814451217651367e-01 -1.204149285802585539e-01 2.646658278308512413e-01 -1.300837327657166365e-01 -9.479084697497746070e-01
1.520530380902138710e+09 5.242142081260681152e-01 4.743405580520629883e-01 8.203777670860290527e-02 -1.180946555508274043e-01 2.530555622437041796e-01 -6.595982343590844899e-02 -9.579487650392154441e-01
1.520530380952140808e+09 4.813839495182037354e-01 4.365084767341613770e-01 6.176438555121421814e-02 -1.097959299371695369e-01 2.387107354765373723e-01 -2.302867866675253807e-03 -9.648609927533973174e-01
1.520530381002142906e+09 4.349684119224548340e-01 4.051633179187774658e-01 4.414948076009750366e-02 -9.646616935947655014e-02 2.235204716694150495e-01 5.831716167930180855e-02 -9.681590703843356849e-01
1.520530381052143812e+09 3.855515122413635254e-01 3.795650899410247803e-01 3.067001886665821075e-02 -8.159464218801826263e-02 2.090575150923182912e-01 1.169832294500165598e-01 -9.674462226796273212e-01
1.520530381102145910e+09 3.345626592636108398e-01 3.639678061008453369e-01 2.291249483823776245e-02 -6.972447719813963662e-02 1.963509005464766088e-01 1.745816900467689059e-01 -9.623440417202404618e-01
1.520530381152047634e+09 2.839789986610412598e-01 3.567877709865570068e-01 1.910429447889328003e-02 -6.261749360166968259e-02 1.860653547993402213e-01 2.312142922123736066e-01 -9.528896496001894034e-01
1.520530381202048540e+09 2.341809272766113281e-01 3.565153777599334717e-01 1.855703815817832947e-02 -5.808985878801990743e-02 1.746468961107626727e-01 2.869810114787730293e-01 -9.400882559821097662e-01
1.520530381252050877e+09 1.869105845689773560e-01 3.625059127807617188e-01 2.089506201446056366e-02 -5.381805029744562985e-02 1.611188226375791233e-01 3.428279489967229754e-01 -9.239119762405737513e-01
1.520530381302051783e+09 1.418250799179077148e-01 3.730178177356719971e-01 2.636084705591201782e-02 -4.859314788227084292e-02 1.490776517163199810e-01 3.942474069466341269e-01 -9.055294262769677527e-01
1.520530381352053642e+09 9.944012016057968140e-02 3.861660361289978027e-01 3.459815680980682373e-02 -4.360588360806154362e-02 1.365548731879963895e-01 4.359098393793770509e-01 -8.885009316008714020e-01
1.520530381402055740e+09 5.939818918704986572e-02 3.978858590126037598e-01 4.456004500389099121e-02 -4.117383616442124583e-02 1.198780406403359422e-01 4.700178881481608117e-01 -8.735085319608976162e-01
1.520530381452056646e+09 2.050156146287918091e-02 4.063192307949066162e-01 5.464911833405494690e-02 -3.899266376248495397e-02 1.003480578063098427e-01 4.991214622364637532e-01 -8.598183560509404799e-01
1.520530381502057791e+09 -1.788744889199733734e-02 4.111818075180053711e-01 6.509350240230560303e-02 -3.619561182948600325e-02 8.180611215745707543e-02 5.224010115323213244e-01 -8.479945877468665349e-01
1.520530381552262545e+09 -5.701316520571708679e-02 4.123396277427673340e-01 7.605098932981491089e-02 -3.445234287026680692e-02 6.464884687870119107e-02 5.406277991266864591e-01 -8.380663132947410165e-01
1.520530381602264404e+09 -9.693348407745361328e-02 4.095737636089324951e-01 8.826716989278793335e-02 -3.331483643576181597e-02 4.592889565608851421e-02 5.534384419797798715e-01 -8.309552028575695193e-01
1.520530381652265549e+09 -1.377623230218887329e-01 4.028976261615753174e-01 1.032492369413375854e-01 -3.217362444500745239e-02 2.381928789054962858e-02 5.627475142617932580e-01 -8.256589699183504161e-01
1.520530381702267408e+09 -1.799028962850570679e-01 3.930773437023162842e-01 1.211117655038833618e-01 -3.321786273537188222e-02 -3.126215701184831015e-03 5.691868746273073265e-01 -8.215309501915807333e-01
1.520530381752268314e+09 -2.224242836236953735e-01 3.799755871295928955e-01 1.403996646404266357e-01 -3.549388771288528727e-02 -3.099743627703013815e-02 5.746738870517773545e-01 -8.170246424803094820e-01
1.520530381802324533e+09 -2.645765841007232666e-01 3.643645346164703369e-01 1.612986922264099121e-01 -4.038199563630445049e-02 -6.135353113667146863e-02 5.798258467353210044e-01 -8.114228405111352238e-01
1.520530381852271557e+09 -3.046289086341857910e-01 3.465491533279418945e-01 1.808381229639053345e-01 -4.678611467232539345e-02 -9.705597182752065399e-02 5.790711653545888016e-01 -8.081260936644490966e-01
1.520530381902273417e+09 -3.431521058082580566e-01 3.256044387817382812e-01 1.976517289876937866e-01 -5.162100618175879951e-02 -1.309645708995450519e-01 5.684373701421334690e-01 -8.105939236854518004e-01
1.520530381952332497e+09 -3.800031542778015137e-01 2.999457120895385742e-01 2.101110666990280151e-01 -5.892034046407899905e-02 -1.574040895618728508e-01 5.506781747731761545e-01 -8.176220972413100752e-01
1.520530382002334356e+09 -4.147838056087493896e-01 2.701727449893951416e-01 2.155675143003463745e-01 -6.939774379497816448e-02 -1.753210519581590021e-01 5.301795290678003036e-01 -8.266535845527415161e-01
1.520530382052335501e+09 -4.476979076862335205e-01 2.374007105827331543e-01 2.145611792802810669e-01 -7.932261561692560692e-02 -1.854721350805348112e-01 5.089302777164989022e-01 -8.368380860021635836e-01
1.520530382102337360e+09 -4.808511435985565186e-01 2.021904587745666504e-01 2.088041454553604126e-01 -8.666976756006901372e-02 -1.908425124932310868e-01 4.872446060059139605e-01 -8.477382737227900922e-01
1.520530382152338505e+09 -5.122410058975219727e-01 1.653358489274978638e-01 1.998706459999084473e-01 -9.007512201493574067e-02 -1.892771897757471455e-01 4.650337100394815737e-01 -8.601187513079258107e-01
1.520530382202340364e+09 -5.428675413131713867e-01 1.277585923671722412e-01 1.890694499015808105e-01 -9.150621609726707073e-02 -1.835352245092748691e-01 4.448888688687477888e-01 -8.717885799530619151e-01
1.520530382252342463e+09 -5.715771317481994629e-01 9.099089354276657104e-02 1.786119192838668823e-01 -9.295706546530133063e-02 -1.714559215057245845e-01 4.255159541018319613e-01 -8.836843462263603843e-01
1.520530382302343607e+09 -5.990956425666809082e-01 5.534217879176139832e-02 1.682036519050598145e-01 -9.512233829485937375e-02 -1.523976639289047752e-01 4.040504436465666704e-01 -8.969224781302693739e-01
1.520530382352159023e+09 -6.258246302604675293e-01 2.082571946084499359e-02 1.585618704557418823e-01 -9.719302085779005229e-02 -1.330759914899588836e-01 3.838570548327870369e-01 -9.085692371198799133e-01
1.520530382402159929e+09 -6.528964042663574219e-01 -1.136263832449913025e-02 1.505714952945709229e-01 -9.636114060554801242e-02 -1.139188054418083934e-01 3.663120684431422913e-01 -9.184511445149469155e-01
1.520530382452161789e+09 -6.801664233207702637e-01 -4.100034758448600769e-02 1.447754949331283569e-01 -9.059085748934052329e-02 -9.082423947729816038e-02 3.509076257820333278e-01 -9.275818520382623777e-01
1.520530382502164125e+09 -7.064260244369506836e-01 -6.724844872951507568e-02 1.406590938568115234e-01 -8.100368552204356698e-02 -6.212560248771592519e-02 3.354395513940710005e-01 -9.365143457566086349e-01
1.520530382552165031e+09 -7.334643006324768066e-01 -9.150963276624679565e-02 1.372167915105819702e-01 -7.114252172882630509e-02 -3.094246491304925711e-02 3.198904271360815121e-01 -9.442729584679758759e-01
1.520530382602166891e+09 -7.621231079101562500e-01 -1.135031431913375854e-01 1.342234909534454346e-01 -6.195247501583945465e-02 2.246841597619121471e-04 3.059530832370062070e-01 -9.500287107315281698e-01
1.520530382652168036e+09 -7.940338253974914551e-01 -1.335613727569580078e-01 1.314158290624618530e-01 -5.168103476144807196e-02 3.627005365249759417e-02 2.901856717854651158e-01 -9.548852442804052210e-01
1.520530382702169895e+09 -8.277181982994079590e-01 -1.508274674415588379e-01 1.288253217935562134e-01 -3.956748437002205465e-02 7.581928165112129803e-02 2.725776657451997043e-01 -9.583252406398540257e-01
1.520530382752170801e+09 -8.648588061332702637e-01 -1.656352281570434570e-01 1.268091797828674316e-01 -2.796543280557475461e-02 1.094231190350730409e-01 2.579114038553505517e-01 -9.595448000744911665e-01
1.520530382802243710e+09 -9.069606065750122070e-01 -1.776766926050186157e-01 1.253337711095809937e-01 -1.672035766799943521e-02 1.347755889250039918e-01 2.496954706956982795e-01 -9.587534313802618113e-01
1.520530382852245569e+09 -9.524109363555908203e-01 -1.852674037218093872e-01 1.245772615075111389e-01 -7.099045643484596345e-03 1.538390758323130991e-01 2.476311532403374926e-01 -9.565364364428947663e-01
1.520530382902247667e+09 -1.001469135284423828e+00 -1.886094659566879272e-01 1.245912685990333557e-01 4.276388657580733462e-04 1.709935462987185184e-01 2.490013462420384571e-01 -9.532887043382193282e-01
1.520530382952248573e+09 -1.052817106246948242e+00 -1.890722513198852539e-01 1.239887177944183350e-01 3.361187456293018416e-03 1.894314333194897781e-01 2.520082751421749423e-01 -9.489975046064522690e-01
1.520530383002249718e+09 -1.105060338973999023e+00 -1.870789080858230591e-01 1.224016621708869934e-01 -2.441250379997192410e-03 2.053439527741677817e-01 2.593536860066182337e-01 -9.436967558015886270e-01
1.520530383052251816e+09 -1.158866047859191895e+00 -1.830757111310958862e-01 1.187269017100334167e-01 -1.257599637415434193e-02 2.169765268181226003e-01 2.650863984014449337e-01 -9.394105771746941169e-01
1.520530383102252722e+09 -1.210843205451965332e+00 -1.776674091815948486e-01 1.145980283617973328e-01 -2.228303925243003622e-02 2.182636338037849122e-01 2.722516268139133500e-01 -9.368796635735133771e-01
1.520530383152254820e+09 -1.264182925224304199e+00 -1.717734038829803467e-01 1.107117906212806702e-01 -2.659672719517768014e-02 2.149646459132454612e-01 2.847982980054492574e-01 -9.337948085972087586e-01
1.520530383202206612e+09 -1.318849325180053711e+00 -1.662088185548782349e-01 1.053858548402786255e-01 -2.785238881742263875e-02 2.113291526719125735e-01 3.008067685487251786e-01 -9.295587779497368475e-01
1.520530383252208471e+09 -1.373486280441284180e+00 -1.609403192996978760e-01 9.848184138536453247e-02 -3.357019573055126244e-02 2.023315831578747226e-01 3.187578249382988504e-01 -9.253801496985145647e-01
1.520530383302209616e+09 -1.428305029869079590e+00 -1.564056873321533203e-01 8.972651511430740356e-02 -4.402549191772656828e-02 1.883200853833449651e-01 3.372469842022785547e-01 -9.213369487592907303e-01
1.520530383352211475e+09 -1.483780980110168457e+00 -1.531389802694320679e-01 8.102932572364807129e-02 -5.805574737665842450e-02 1.688311847282219502e-01 3.553948407073861948e-01 -9.175075304641233664e-01
1.520530383402266502e+09 -1.540264248847961426e+00 -1.516709327697753906e-01 7.453843951225280762e-02 -7.029850153195950357e-02 1.464615041612164492e-01 3.714625301349224196e-01 -9.141240272451855997e-01
1.520530383452214718e+09 -1.593997359275817871e+00 -1.526440382003784180e-01 7.261118292808532715e-02 -7.831402334736176085e-02 1.253691081266522234e-01 3.825978972249772792e-01 -9.120133494163901178e-01
1.520530383502216578e+09 -1.644668102264404297e+00 -1.574520468711853027e-01 7.577935606241226196e-02 -8.418319200485663290e-02 1.028035038342472590e-01 3.902735033506610218e-01 -9.110604932526034094e-01
1.520530383552217484e+09 -1.694695353507995605e+00 -1.662104874849319458e-01 8.390291780233383179e-02 -8.912018451645631334e-02 7.936505682608266388e-02 3.964997756960804698e-01 -9.102454110511645213e-01
1.520530383602471828e+09 -1.741582512855529785e+00 -1.788500696420669556e-01 9.397646039724349976e-02 -9.388216513824690357e-02 5.650129126437729299e-02 4.000645547611001995e-01 -9.099132349725526092e-01
1.520530383652472734e+09 -1.785462379455566406e+00 -1.946811527013778687e-01 1.065032854676246643e-01 -9.721011674105885236e-02 3.374461086569788271e-02 4.027411344013024364e-01 -9.095114474825836126e-01
1.520530383702474594e+09 -1.825588226318359375e+00 -2.136841565370559692e-01 1.198266074061393738e-01 -9.798104718530294133e-02 1.431009868425804632e-02 4.024814822640547241e-01 -9.100569168478681581e-01
1.520530383752475739e+09 -1.860951304435729980e+00 -2.371663004159927368e-01 1.327439099550247192e-01 -9.672207843836411190e-02 -1.931925014173285294e-03 3.964529218056156434e-01 -9.129436937731114643e-01
1.520530383802477598e+09 -1.892163991928100586e+00 -2.655986547470092773e-01 1.438471823930740356e-01 -9.307641617901214748e-02 -1.661685682554256763e-02 3.834918473134147909e-01 -9.186918220299205018e-01
1.520530383852479696e+09 -1.919560432434082031e+00 -2.998864054679870605e-01 1.519656926393508911e-01 -8.589590656960424675e-02 -3.008991888402975934e-02 3.638771888693438927e-01 -9.269896878804436691e-01
1.520530383902480841e+09 -1.944632887840270996e+00 -3.386818170547485352e-01 1.580576151609420776e-01 -7.566653097293338237e-02 -4.314615523431527405e-02 3.416710155141370886e-01 -9.357744934205873832e-01
1.520530383952482700e+09 -1.965828895568847656e+00 -3.817244172096252441e-01 1.620490700006484985e-01 -6.297414550701355140e-02 -5.403881721661001059e-02 3.162554104446340664e-01 -9.450378715141458663e-01
1.520530384002530336e+09 -1.983790874481201172e+00 -4.264180064201354980e-01 1.636082231998443604e-01 -5.076964421404658173e-02 -6.284784339121421426e-02 2.860457812297432234e-01 -9.548038556939946186e-01
1.520530384052531481e+09 -1.996887922286987305e+00 -4.720858633518218994e-01 1.622434854507446289e-01 -3.989598778187413569e-02 -6.860540597640328586e-02 2.513536436056831858e-01 -9.646361771548218611e-01
1.520530384102533579e+09 -2.006104707717895508e+00 -5.181225538253784180e-01 1.587129384279251099e-01 -2.898131052306041067e-02 -7.459813170120535575e-02 2.156763618972128149e-01 -9.731797928984335933e-01
1.520530384152534485e+09 -2.008928537368774414e+00 -5.641955733299255371e-01 1.542710661888122559e-01 -1.685497798977570946e-02 -7.638688628367661104e-02 1.761520389146910281e-01 -9.812499235704664757e-01
1.520530384202536583e+09 -2.005474328994750977e+00 -6.093336343765258789e-01 1.491415649652481079e-01 -7.099738661308366110e-03 -7.283121194678227051e-02 1.319268914210201815e-01 -9.885547549818827218e-01
1.520530384252537489e+09 -1.995790719985961914e+00 -6.525850892066955566e-01 1.436956226825714111e-01 -2.923256388798782610e-03 -6.533220940869458038e-02 8.447481414441920800e-02 -9.942772061961039354e-01
1.520530384302539349e+09 -1.978417396545410156e+00 -6.930121183395385742e-01 1.362258940935134888e-01 -5.208716079199822435e-03 -4.536223997304190958e-02 3.340351836788078149e-02 -9.983983881307507691e-01
1.520530384352541447e+09 -1.956177949905395508e+00 -7.308247089385986328e-01 1.272919178009033203e-01 -1.528063802010113520e-02 -1.564233854340457350e-02 -1.851029038218207981e-02 -9.995895099972585962e-01
1.520530384402432442e+09 -1.929509997367858887e+00 -7.665202021598815918e-01 1.173547208309173584e-01 -3.064654616032998907e-02 1.742692764392029386e-02 -6.774627827526562285e-02 -9.970795019361228251e-01
1.520530384452434540e+09 -1.899826049804687500e+00 -8.005883693695068359e-01 1.070821061730384827e-01 -4.746380799716322374e-02 5.203861720018729264e-02 -1.142706046375938922e-01 -9.909497455300444457e-01
1.520530384502435446e+09 -1.866068840026855469e+00 -8.329356312751770020e-01 9.656655043363571167e-02 -6.203987213323533534e-02 8.375192114889451478e-02 -1.548431158747061720e-01 -9.824257119170759500e-01
1.520530384552437305e+09 -1.830340981483459473e+00 -8.651214241981506348e-01 8.681567758321762085e-02 -7.396981727002918672e-02 1.061714718776142902e-01 -1.883195454469692998e-01 -9.735460099528047140e-01
1.520530384602439404e+09 -1.792732954025268555e+00 -8.972034454345703125e-01 7.801511883735656738e-02 -8.570475129331661668e-02 1.212824626355823165e-01 -2.193072992150622569e-01 -9.642870777801570981e-01
1.520530384652440310e+09 -1.753534913063049316e+00 -9.280377626419067383e-01 7.223100215196609497e-02 -9.827438134988401852e-02 1.318098225251291000e-01 -2.476935978742376421e-01 -9.547859436692116564e-01
1.520530384702442408e+09 -1.714139223098754883e+00 -9.576165080070495605e-01 6.978952884674072266e-02 -1.101507198121551151e-01 1.362915426244838690e-01 -2.740686117454678716e-01 -9.456097664416408533e-01
1.520530384752443552e+09 -1.674945473670959473e+00 -9.859505891799926758e-01 7.093717902898788452e-02 -1.174691388257704805e-01 1.296394676846396310e-01 -2.974894141651480695e-01 -9.385598853038905620e-01
1.520530384802857399e+09 -1.637755990028381348e+00 -1.013523578643798828e+00 7.222757488489151001e-02 -1.159413426889470689e-01 1.064868392783730605e-01 -3.165312923469794093e-01 -9.354282971351343123e-01
1.520530384852858543e+09 -1.600894451141357422e+00 -1.041228890419006348e+00 7.611062377691268921e-02 -1.039078520405780220e-01 6.636092251409439480e-02 -3.328032212541264800e-01 -9.349018141870667487e-01
1.520530384902860403e+09 -1.562752842903137207e+00 -1.068017005920410156e+00 8.210942894220352173e-02 -8.594031403895274757e-02 1.774282892649689178e-02 -3.498617913866883811e-01 -9.326822510224307416e-01
1.520530384952861309e+09 -1.524494647979736328e+00 -1.094913482666015625e+00 8.941735327243804932e-02 -6.462151406266108955e-02 -3.076848502114609349e-02 -3.667595300838533690e-01 -9.275585196322783110e-01
1.520530385002916336e+09 -1.482170939445495605e+00 -1.120189785957336426e+00 9.763877093791961670e-02 -3.999899444154475514e-02 -7.338337130328149993e-02 -3.833879880977654753e-01 -9.197981364637446422e-01
1.520530385052864313e+09 -1.435991764068603516e+00 -1.144324064254760742e+00 1.063460558652877808e-01 -1.371160259025151762e-02 -1.106658889112929756e-01 -3.995477902756989774e-01 -9.099047292281134958e-01
1.520530385102866173e+09 -1.386686801910400391e+00 -1.166720151901245117e+00 1.158693656325340271e-01 1.403980928921345211e-02 -1.457035635919724237e-01 -4.136863195771415813e-01 -8.985749742266594398e-01
1.520530385152867317e+09 -1.333701252937316895e+00 -1.187132835388183594e+00 1.258799582719802856e-01 4.075072257164712164e-02 -1.752831754158338529e-01 -4.275157967889986477e-01 -8.859150244362596904e-01
1.520530385202869415e+09 -1.276502966880798340e+00 -1.203770756721496582e+00 1.355909407138824463e-01 6.382053001018800353e-02 -1.972681475513474170e-01 -4.447097836345081934e-01 -8.713469035066502277e-01
1.520530385252705097e+09 -1.215536475181579590e+00 -1.214881539344787598e+00 1.436049342155456543e-01 8.353840018365063513e-02 -2.127756081251184761e-01 -4.673145825373126172e-01 -8.540286630024308545e-01
1.520530385302706957e+09 -1.150822162628173828e+00 -1.218936681747436523e+00 1.481094360351562500e-01 9.809295593028687088e-02 -2.186796909693106139e-01 -4.961854992065112269e-01 -8.344800268020864387e-01
1.520530385352709055e+09 -1.083668708801269531e+00 -1.214722871780395508e+00 1.487904787063598633e-01 1.084858697878735706e-01 -2.195482695489114899e-01 -5.258086906434955576e-01 -8.145886042894413537e-01
1.520530385402710199e+09 -1.016752839088439941e+00 -1.201795697212219238e+00 1.451053172349929810e-01 1.145496722293068564e-01 -2.138369654573783751e-01 -5.578428053222305172e-01 -7.937024186345675858e-01
1.520530385452712059e+09 -9.530198574066162109e-01 -1.180610060691833496e+00 1.363399773836135864e-01 1.161617797297467974e-01 -2.038355061305367755e-01 -5.930249965938297896e-01 -7.702459871920229739e-01
1.520530385502712965e+09 -8.938117027282714844e-01 -1.151806592941284180e+00 1.222418174147605896e-01 1.115988327803556224e-01 -1.922383280590004850e-01 -6.292198805347678503e-01 -7.447633635504332661e-01
1.520530385552715063e+09 -8.388667106628417969e-01 -1.117540836334228516e+00 1.029512584209442139e-01 1.017640588412469654e-01 -1.826560168466709599e-01 -6.631424911279637513e-01 -7.186952708196030493e-01
1.520530385602715969e+09 -7.879127860069274902e-01 -1.079640865325927734e+00 7.956046611070632935e-02 9.028382264596374052e-02 -1.762280994876359308e-01 -6.929386597241609103e-01 -6.932737570246633174e-01
1.520530385652486563e+09 -7.418866157531738281e-01 -1.038494825363159180e+00 5.309328809380531311e-02 7.685694126923041380e-02 -1.728149807889853284e-01 -7.194002297328877527e-01 -6.683496857588167028e-01
1.520530385702487707e+09 -6.989687681198120117e-01 -9.950670599937438965e-01 2.491846866905689240e-02 5.698964806380106551e-02 -1.711815949259073433e-01 -7.430218648803702530e-01 -6.444901472341402204e-01
1.520530385752489567e+09 -6.594055891036987305e-01 -9.502032995223999023e-01 -2.063798950985074043e-03 3.145279253254570223e-02 -1.720453142804853064e-01 -7.632561060201581427e-01 -6.219736717088424349e-01
1.520530385802491426e+09 -6.231437325477600098e-01 -9.045751690864562988e-01 -2.366864494979381561e-02 6.392417058302325705e-03 -1.764291091205682505e-01 -7.822949349485321946e-01 -5.973663375291137223e-01
1.520530385852492571e+09 -5.891323089599609375e-01 -8.577192425727844238e-01 -3.787397220730781555e-02 -1.648818282381173117e-02 -1.775522926937603829e-01 -8.023315441367898648e-01 -5.696204143720906554e-01
1.520530385902494669e+09 -5.554978251457214355e-01 -8.100960254669189453e-01 -4.343287646770477295e-02 -3.818218642491449238e-02 -1.722939249260433958e-01 -8.215779956822982788e-01 -5.420945683956347461e-01
1.520530385952496529e+09 -5.228509306907653809e-01 -7.635675668716430664e-01 -3.883177787065505981e-02 -5.745181010341187527e-02 -1.651361120831809914e-01 -8.374800596883963388e-01 -5.177417344837217383e-01
1.520530386002497673e+09 -4.912657439708709717e-01 -7.213813662528991699e-01 -2.561501972377300262e-02 -7.150795633859866052e-02 -1.573245730553702870e-01 -8.513376210465879446e-01 -4.953381126906739040e-01
1.520530386052543879e+09 -4.604047238826751709e-01 -6.840963363647460938e-01 -4.539059009402990341e-03 -8.392600379192341475e-02 -1.430782618466788780e-01 -8.655737291971727920e-01 -4.725115408094818781e-01
1.520530386102545738e+09 -4.277244806289672852e-01 -6.506109833717346191e-01 2.160404808819293976e-02 -9.100552200181054319e-02 -1.261073437820836585e-01 -8.793539567908450483e-01 -4.500572757835273330e-01
1.520530386152546883e+09 -3.921001851558685303e-01 -6.206709146499633789e-01 5.106847360730171204e-02 -9.167528618923097283e-02 -1.095707904776551667e-01 -8.915863958249565790e-01 -4.297250080645624304e-01
1.520530386202548742e+09 -3.525231182575225830e-01 -5.953205227851867676e-01 8.303774148225784302e-02 -9.304726783342645580e-02 -9.001632697097342040e-02 -9.005581057742584328e-01 -4.150112829209213205e-01
1.520530386252549887e+09 -3.086356818675994873e-01 -5.751886367797851562e-01 1.140440553426742554e-01 -1.004496446856981834e-01 -6.734869173624338790e-02 -9.069332463062712568e-01 -4.035419548799129563e-01
1.520530386302551985e+09 -2.599947154521942139e-01 -5.600226521492004395e-01 1.414033323526382446e-01 -1.107749005015352811e-01 -4.666758533198343828e-02 -9.113113552078347945e-01 -3.937799788808677981e-01
1.520530386352552891e+09 -2.073663622140884399e-01 -5.508406758308410645e-01 1.629174649715423584e-01 -1.171300972406201513e-01 -3.323265438700217372e-02 -9.128427829825426221e-01 -3.897360447270475925e-01
1.520530386402554035e+09 -1.519549041986465454e-01 -5.472092032432556152e-01 1.769989132881164551e-01 -1.152173799698636147e-01 -2.683379495146967844e-02 -9.117551425719067071e-01 -3.933286956161026748e-01
1.520530386452757835e+09 -9.499543160200119019e-02 -5.495399832725524902e-01 1.834695488214492798e-01 -1.038661001532530381e-01 -2.595914337612759137e-02 -9.087259103761657908e-01 -4.034292700401657661e-01
1.520530386502759695e+09 -3.930188715457916260e-02 -5.578002929687500000e-01 1.833511590957641602e-01 -9.311922491976251659e-02 -2.727487826318859138e-02 -9.048688268253856082e-01 -4.144843751044443025e-01
1.520530386552760839e+09 1.893150620162487030e-02 -5.686705708503723145e-01 1.775330603122711182e-01 -8.228795792093650252e-02 -3.553460086680493291e-02 -8.997545637873775037e-01 -4.270921552384508990e-01
1.520530386602813721e+09 7.589147984981536865e-02 -5.832345485687255859e-01 1.674382835626602173e-01 -6.818965762070115788e-02 -5.341656086227294931e-02 -8.938303510664044049e-01 -4.399592539448703987e-01
1.520530386652763844e+09 1.293004751205444336e-01 -6.013624668121337891e-01 1.549945771694183350e-01 -5.714106809718012131e-02 -7.336758664833260835e-02 -8.867685604623363194e-01 -4.527622066180752580e-01
1.520530386702765942e+09 1.815765351057052612e-01 -6.210150122642517090e-01 1.423849016427993774e-01 -4.985578841487110779e-02 -9.032497080808783718e-02 -8.775360123550109970e-01 -4.682802014073578767e-01
1.520530386752766848e+09 2.345788329839706421e-01 -6.412294507026672363e-01 1.319105029106140137e-01 -4.317411862314288890e-02 -1.053302904096594383e-01 -8.662216231747993378e-01 -4.865199121801158655e-01
1.520530386802768707e+09 2.886593937873840332e-01 -6.616066694259643555e-01 1.255040168762207031e-01 -3.540379513785071180e-02 -1.191476495429929089e-01 -8.541046283899257352e-01 -5.050303878591109186e-01
1.520530386852674246e+09 3.435375392436981201e-01 -6.808484792709350586e-01 1.236959695816040039e-01 -2.596867715762122414e-02 -1.288902348483891847e-01 -8.423395987961048714e-01 -5.226633098538938649e-01
1.520530386902676105e+09 4.015658199787139893e-01 -6.972116231918334961e-01 1.277792453765869141e-01 -1.455883544314046790e-02 -1.323678155174004001e-01 -8.318415030882880812e-01 -5.388009980182931757e-01
1.520530386952678204e+09 4.580299854278564453e-01 -7.088207006454467773e-01 1.387285739183425903e-01 3.273583334731577032e-04 -1.309229993583893303e-01 -8.234403503022502679e-01 -5.520915237255796804e-01
1.520530387002679110e+09 5.124594569206237793e-01 -7.143725752830505371e-01 1.582257002592086792e-01 1.890039164116798578e-02 -1.272155430504969820e-01 -8.178805899944548985e-01 -5.608300288969020331e-01
1.520530387052680969e+09 5.651209354400634766e-01 -7.122949957847595215e-01 1.854444593191146851e-01 4.168337098191115392e-02 -1.194441658711801330e-01 -8.153549808114025632e-01 -5.649706568388839223e-01
1.520530387102682114e+09 6.127882003784179688e-01 -7.028456926345825195e-01 2.186474055051803589e-01 6.628409707754380487e-02 -1.072063137451019083e-01 -8.143815913963634578e-01 -5.664766971045922528e-01
1.520530387152684212e+09 6.564685702323913574e-01 -6.862589120864868164e-01 2.556279003620147705e-01 8.866746742969969231e-02 -9.368833174851910750e-02 -8.136091250026000754e-01 -5.669221890403356445e-01
1.520530387202685118e+09 6.958998441696166992e-01 -6.652567982673645020e-01 2.940627038478851318e-01 1.096714301525717195e-01 -8.372183992432610800e-02 -8.111276130603812806e-01 -5.683615277787049669e-01
1.520530387252606153e+09 7.326034307479858398e-01 -6.393796801567077637e-01 3.306371569633483887e-01 1.286620578620421562e-01 -7.341859206358226919e-02 -8.114301476579443007e-01 -5.653643963656648230e-01
1.520530387302607059e+09 7.635254263877868652e-01 -6.087563633918762207e-01 3.599885702133178711e-01 1.474992475835784911e-01 -6.374862010393973766e-02 -8.148482397604525085e-01 -5.569581955195687106e-01
1.520530387352609158e+09 7.937468886375427246e-01 -5.721698999404907227e-01 3.814488947391510010e-01 1.615683111084250390e-01 -5.688348316446768804e-02 -8.226018409087689776e-01 -5.422049073202431790e-01
1.520530387402611017e+09 8.229662179946899414e-01 -5.297111868858337402e-01 3.938515782356262207e-01 1.723978704565607423e-01 -5.614584689221534947e-02 -8.320174268411562046e-01 -5.242839112269422897e-01
1.520530387452611923e+09 8.500804901123046875e-01 -4.817311167716979980e-01 3.960163891315460205e-01 1.795240649734118621e-01 -5.828256823364307698e-02 -8.431774316712352668e-01 -5.034144128407654906e-01
1.520530387502614021e+09 8.750916719436645508e-01 -4.288132488727569580e-01 3.868757188320159912e-01 1.786005560491089883e-01 -5.769585278167056741e-02 -8.573664731692575147e-01 -4.792658559046885647e-01
1.520530387552614927e+09 8.977667689323425293e-01 -3.728606402873992920e-01 3.669689297676086426e-01 1.712233088359083055e-01 -5.702672400331027652e-02 -8.726193712211051112e-01 -4.538347322874445311e-01
1.520530387602617025e+09 9.180440902709960938e-01 -3.149003088474273682e-01 3.380345404148101807e-01 1.597043782381231403e-01 -6.117081671878603355e-02 -8.893747427352685087e-01 -4.239872754436224134e-01
1.520530387652619123e+09 9.348644018173217773e-01 -2.565813064575195312e-01 3.018574714660644531e-01 1.502407937692885331e-01 -7.425458726553396671e-02 -9.055912491349831228e-01 -3.896388708121152900e-01
1.520530387702457428e+09 9.448456764221191406e-01 -1.986403018236160278e-01 2.611541450023651123e-01 1.424690601913354560e-01 -9.230007023279633571e-02 -9.212545544962872368e-01 -3.499618689844161690e-01
1.520530387752458572e+09 9.467152357101440430e-01 -1.403259783983230591e-01 2.167449146509170532e-01 1.334192294742440055e-01 -1.100123962580306924e-01 -9.361835640542449655e-01 -3.060341750046166598e-01
1.520530387802460432e+09 9.392663240432739258e-01 -8.426187932491302490e-02 1.723071634769439697e-01 1.239863016743141255e-01 -1.264146544653518833e-01 -9.490732387424342109e-01 -2.605891778959332772e-01
1.520530387852464437e+09 9.228887557983398438e-01 -3.211654350161552429e-02 1.294024735689163208e-01 1.136310112296414349e-01 -1.440491244179695485e-01 -9.597586492523978441e-01 -2.126056871924126568e-01
1.520530387902463675e+09 8.984109759330749512e-01 1.626664027571678162e-02 9.008929133415222168e-02 1.036442884423627864e-01 -1.636524370809172013e-01 -9.672037800699104793e-01 -1.642942151423145425e-01
1.520530387952464581e+09 8.669728040695190430e-01 6.113702431321144104e-02 5.451570078730583191e-02 9.191012089376948691e-02 -1.834146619951000645e-01 -9.719388174972878325e-01 -1.150935553560215180e-01
1.520530388002466679e+09 8.279440402984619141e-01 1.033326089382171631e-01 2.541102096438407898e-02 8.348229306768661928e-02 -2.013369298397359175e-01 -9.738860468887160504e-01 -6.356189976975104572e-02
1.520530388052467585e+09 7.822407484054565430e-01 1.414328515529632568e-01 3.778003854677081108e-03 8.169037833886111377e-02 -2.134069945515663924e-01 -9.734798056102222930e-01 -1.100930662690415875e-02
1.520530388102494001e+09 7.315477132797241211e-01 1.772888600826263428e-01 -1.048507262021303177e-02 8.384875427670765435e-02 -2.163937999282662950e-01 -9.719437943685287351e-01 3.831932081022367681e-02
1.520530388152495861e+09 6.784708499908447266e-01 2.112934142351150513e-01 -1.423890516161918640e-02 8.264508727714194036e-02 -2.121230781182244507e-01 -9.702436192094735512e-01 8.246762190038843532e-02
1.520530388202543974e+09 6.264378428459167480e-01 2.443785369396209717e-01 -7.737296167761087418e-03 7.607131681112473676e-02 -2.037898015017597098e-01 -9.678509771844049370e-01 1.262828473138262741e-01
1.520530388252499104e+09 5.772898197174072266e-01 2.777135968208312988e-01 8.440185338258743286e-03 6.773745831579702781e-02 -1.914016701991065883e-01 -9.645043948337840289e-01 1.688440396704134483e-01
1.520530388302500963e+09 5.360978245735168457e-01 3.096551299095153809e-01 3.408833220601081848e-02 5.479308909727215182e-02 -1.754587126657564944e-01 -9.609331991540911444e-01 2.069283554768115985e-01
1.520530388352502108e+09 5.018293857574462891e-01 3.425691425800323486e-01 6.671933084726333618e-02 3.958288438912258705e-02 -1.585054341177824233e-01 -9.572588764613778611e-01 2.386727174489599590e-01
1.520530388402503967e+09 4.768938422203063965e-01 3.767617046833038330e-01 1.060527339577674866e-01 2.625352389309145232e-02 -1.413237085870941434e-01 -9.543577565336898161e-01 2.618007532807485327e-01
1.520530388452504873e+09 4.618307352066040039e-01 4.107005298137664795e-01 1.491463333368301392e-01 1.440422100109237970e-02 -1.226706765647581909e-01 -9.523049900250885047e-01 2.790333842066433645e-01
1.520530388502851963e+09 4.541857242584228516e-01 4.464013576507568359e-01 1.919381469488143921e-01 2.020914277868251802e-03 -1.006502552483528601e-01 -9.515036646196287640e-01 2.906995325750281189e-01
1.520530388552853823e+09 4.526654183864593506e-01 4.856577515602111816e-01 2.282843589782714844e-01 -8.266754419717543129e-03 -8.003479959600486027e-02 -9.519675340985509493e-01 2.954384972330378889e-01
1.520530388602854967e+09 4.565542936325073242e-01 5.286657214164733887e-01 2.557639181613922119e-01 -1.396260018147540104e-02 -6.620689828883494221e-02 -9.534916185949425804e-01 2.937267874817351410e-01
1.520530388652856827e+09 4.667964279651641846e-01 5.753942131996154785e-01 2.743402719497680664e-01 -2.113164470040266446e-02 -6.111465796064848716e-02 -9.550751506931582924e-01 2.892229394481874993e-01
1.520530388702857733e+09 4.775527715682983398e-01 6.233820319175720215e-01 2.794341742992401123e-01 -2.612387756911532799e-02 -6.245079998196774451e-02 -9.569405896641509646e-01 2.822802657919846747e-01
1.520530388752860069e+09 4.903163015842437744e-01 6.733980774879455566e-01 2.723786830902099609e-01 -2.527864418580041267e-02 -6.674710288992406759e-02 -9.590544640344572658e-01 2.740809176493493871e-01
1.520530388802860975e+09 5.059972405433654785e-01 7.250399589538574219e-01 2.572145164012908936e-01 -1.631333950328816770e-02 -7.167955043472880317e-02 -9.615149497785109300e-01 2.647355630740856336e-01
1.520530388852862835e+09 5.220486521720886230e-01 7.759045958518981934e-01 2.353221774101257324e-01 -2.020698904470739216e-03 -7.606786235102720728e-02 -9.638135110881258516e-01 2.554860327635583572e-01
1.520530388902232885e+09 5.377972126007080078e-01 8.247914910316467285e-01 2.117556035518646240e-01 1.496499084020287348e-02 -8.110873924581064875e-02 -9.658733342398878596e-01 2.455323271413152042e-01
1.520530388952235222e+09 5.531570911407470703e-01 8.742076754570007324e-01 1.886218339204788208e-01 2.910015455113576857e-02 -8.878097406562693306e-02 -9.670248922398211322e-01 2.369261012164362856e-01
1.520530389002237082e+09 5.652361512184143066e-01 9.245880842208862305e-01 1.661177873611450195e-01 4.318929113888267390e-02 -9.706568024123087002e-02 -9.669130495553706073e-01 2.319312256893439894e-01
1.520530389052237988e+09 5.773939490318298340e-01 9.704717993736267090e-01 1.487979292869567871e-01 6.140844408185758968e-02 -1.040671597181775793e-01 -9.663621005104282569e-01 2.270315395726100749e-01
1.520530389102240086e+09 5.869198441505432129e-01 1.012736558914184570e+00 1.357355117797851562e-01 7.800933001434978697e-02 -1.099268425449809461e-01 -9.662041698570419390e-01 2.197274126495550595e-01
1.520530389152241945e+09 5.919725894927978516e-01 1.053442955017089844e+00 1.276349723339080811e-01 9.239811681986180580e-02 -1.166573772590838165e-01 -9.664221465136589861e-01 2.094800206871933190e-01
1.520530389202242851e+09 5.920544862747192383e-01 1.093192934989929199e+00 1.264303922653198242e-01 1.008751998821474927e-01 -1.255270404657297112e-01 -9.667676787012985384e-01 1.985633691775864351e-01
1.520530389252245188e+09 5.856427550315856934e-01 1.132495164871215820e+00 1.320897042751312256e-01 1.049711791805001126e-01 -1.311282140726854895e-01 -9.670783311147127526e-01 1.911699361927634566e-01
1.520530389302933931e+09 5.716929435729980469e-01 1.171335458755493164e+00 1.448954045772552490e-01 1.108247385957279035e-01 -1.252781567798624263e-01 -9.678855291437653552e-01 1.876722228331146325e-01
1.520530389352935791e+09 5.495410561561584473e-01 1.207122921943664551e+00 1.639243364334106445e-01 1.158176189204378065e-01 -1.054746181792874660e-01 -9.699213925255216751e-01 1.863166025583511964e-01
1.520530389402937889e+09 5.191760063171386719e-01 1.238693237304687500e+00 1.886831074953079224e-01 1.148565446923211081e-01 -7.713318353233752922e-02 -9.722837474332968188e-01 1.884748275409024176e-01
1.520530389452938795e+09 4.800710976123809814e-01 1.263907313346862793e+00 2.181011736392974854e-01 1.081450459582522367e-01 -4.719079078750986617e-02 -9.734261800798655884e-01 1.962629619532383629e-01
1.520530389502939701e+09 4.312563538551330566e-01 1.282018423080444336e+00 2.504287362098693848e-01 9.989407063077861137e-02 -1.965011126910452821e-02 -9.717580821568035931e-01 2.128879459782912764e-01
1.520530389552942038e+09 3.763993978500366211e-01 1.291603446006774902e+00 2.811267375946044922e-01 9.244460122076093855e-02 4.221160206510001650e-03 -9.665774786260280527e-01 2.390902660599044105e-01
1.520530389602942705e+09 3.148757815361022949e-01 1.295164465904235840e+00 3.067024648189544678e-01 8.487831078986250721e-02 2.108421182352570797e-02 -9.592281605815206058e-01 2.687609798996737354e-01
1.520530389652947903e+09 2.499123215675354004e-01 1.293751955032348633e+00 3.237494528293609619e-01 8.022283425046508598e-02 2.881495905833799873e-02 -9.506142335380780573e-01 2.984402352131843017e-01
1.520530389702846527e+09 1.841973960399627686e-01 1.286852955818176270e+00 3.312522172927856445e-01 8.026784644008837233e-02 3.281899976146493425e-02 -9.398317043829199635e-01 3.304487154146966144e-01
1.520530389753402948e+09 1.168771758675575256e-01 1.274871587753295898e+00 3.282142579555511475e-01 8.447096180249827335e-02 3.699082370053220770e-02 -9.258086334401981476e-01 3.665715616652632236e-01
1.520530389803445101e+09 4.815580695867538452e-02 1.260855555534362793e+00 3.146411180496215820e-01 9.265167086380893258e-02 3.984575641338228974e-02 -9.080913486735533446e-01 4.064456741635185111e-01
1.520530389853405952e+09 -2.216582000255584717e-02 1.244003891944885254e+00 2.913126945495605469e-01 1.006316220899435704e-01 3.717969642923366763e-02 -8.877136498213875626e-01 4.477224840565500186e-01
1.520530389903408051e+09 -9.300311654806137085e-02 1.221182703971862793e+00 2.581709623336791992e-01 1.042934574604302972e-01 2.459681214313956185e-02 -8.641227404205950036e-01 4.917415592070144004e-01
1.520530389953409195e+09 -1.625781208276748657e-01 1.193605303764343262e+00 2.167620509862899780e-01 1.085187463010517106e-01 4.138797400521671867e-03 -8.402417652387710323e-01 5.312253081374789243e-01
1.520530390003411055e+09 -2.299319803714752197e-01 1.162306904792785645e+00 1.686798781156539917e-01 1.171961556270669780e-01 -2.217749469380165747e-02 -8.181312544285932464e-01 5.625250842073080682e-01
1.520530390053412199e+09 -2.936890125274658203e-01 1.128300309181213379e+00 1.182037964463233948e-01 1.314350283541352304e-01 -5.262806530659747128e-02 -7.959188622316335504e-01 5.886155662293803825e-01
1.520530390103414059e+09 -3.515921533107757568e-01 1.092204332351684570e+00 6.741841882467269897e-02 1.519236475075541326e-01 -8.952679702370205939e-02 -7.703742526812794589e-01 6.127215262649399197e-01
1.520530390152568579e+09 -4.013290405273437500e-01 1.053295254707336426e+00 1.887382380664348602e-02 1.760961099413947406e-01 -1.308099764660979047e-01 -7.398913435692612284e-01 6.359557451833584008e-01
1.520530390202569485e+09 -4.452787637710571289e-01 1.010145902633666992e+00 -2.647552266716957092e-02 2.014385312938740957e-01 -1.717377901199272916e-01 -7.031234503291856619e-01 6.599591374866112803e-01
1.520530390252571583e+09 -4.833473265171051025e-01 9.640443921089172363e-01 -6.415331363677978516e-02 2.265732433172899796e-01 -2.057254012586469671e-01 -6.637337791538997500e-01 6.824947582946957469e-01
1.520530390302572727e+09 -5.169048309326171875e-01 9.159173965454101562e-01 -9.283698350191116333e-02 2.525877347005373030e-01 -2.308391621945737326e-01 -6.214461303167390094e-01 7.047818276534297821e-01
1.520530390352574587e+09 -5.477771759033203125e-01 8.670774698257446289e-01 -1.109323576092720032e-01 2.795850628558931295e-01 -2.456921482759976405e-01 -5.808479773420819336e-01 7.239359005609571351e-01
1.520530390402575493e+09 -5.773198008537292480e-01 8.179737925529479980e-01 -1.172070652246475220e-01 3.045546051079671690e-01 -2.545368320435555387e-01 -5.431129223358058811e-01 7.399228657317071800e-01
1.520530390452577591e+09 -6.100132465362548828e-01 7.698871493339538574e-01 -1.129571646451950073e-01 3.245174472012973821e-01 -2.549855555049549971e-01 -5.095715810534181545e-01 7.549884745666667341e-01
1.520530390502578497e+09 -6.458684802055358887e-01 7.227471470832824707e-01 -9.940800070762634277e-02 3.369158675939367131e-01 -2.458478863664605163e-01 -4.798019047401239079e-01 7.719045583103638641e-01
1.520530390553324223e+09 -6.853617429733276367e-01 6.746656298637390137e-01 -7.695633172988891602e-02 3.359935830442363769e-01 -2.297227050953655481e-01 -4.560504488833929670e-01 7.914251569100007044e-01
1.520530390603326082e+09 -7.279880642890930176e-01 6.275178194046020508e-01 -4.824346676468849182e-02 3.200851116442089972e-01 -2.080149374412438579e-01 -4.398060189216613791e-01 8.129243340098196713e-01
1.520530390653327227e+09 -7.726676464080810547e-01 5.824484825134277344e-01 -1.297097001224756241e-02 2.935011400319869623e-01 -1.812043198305414160e-01 -4.301809092205849394e-01 8.342460432131671988e-01
1.520530390703329086e+09 -8.173515200614929199e-01 5.407628417015075684e-01 2.928254380822181702e-02 2.597143395315003045e-01 -1.527677352854346637e-01 -4.240174066160447008e-01 8.540607237100179550e-01
1.520530390753330946e+09 -8.616012930870056152e-01 5.039668679237365723e-01 7.747659832239151001e-02 2.197718063990939663e-01 -1.247226906393252982e-01 -4.206734686539718715e-01 8.713084622120929046e-01
1.520530390803333282e+09 -9.040538668632507324e-01 4.727042913436889648e-01 1.286813765764236450e-01 1.731353589557793893e-01 -9.781186402846206440e-02 -4.203203051992138728e-01 8.853179246868160268e-01
1.520530390853334188e+09 -9.449570775032043457e-01 4.477576911449432373e-01 1.811341792345046997e-01 1.228310241889727511e-01 -7.095984681809379413e-02 -4.222845773648939427e-01 8.952949097118744204e-01
1.520530390903336048e+09 -9.825391173362731934e-01 4.311815798282623291e-01 2.329131066799163818e-01 7.158144469444724378e-02 -4.284976739050797012e-02 -4.257497135525020737e-01 9.009867788264140920e-01
1.520530390953379154e+09 -1.016674160957336426e+00 4.208405911922454834e-01 2.821036577224731445e-01 1.747027543632697147e-02 -1.623981581455345713e-02 -4.292366072278252509e-01 9.028770640978948103e-01
1.520530391003381014e+09 -1.048641562461853027e+00 4.147466421127319336e-01 3.258971571922302246e-01 -3.661756908823889795e-02 7.173033325952000300e-03 -4.328899022021594489e-01 9.006742106879587206e-01
1.520530391053383112e+09 -1.080353260040283203e+00 4.111705422401428223e-01 3.638446331024169922e-01 -8.789784165555249162e-02 2.489818362576083285e-02 -4.346318098715904465e-01 8.959627446117270910e-01
1.520530391103384256e+09 -1.114273905754089355e+00 4.078796505928039551e-01 3.961863815784454346e-01 -1.338046908771344801e-01 3.932737845169611418e-02 -4.346385204628157028e-01 8.897409839572898438e-01
1.520530391153385162e+09 -1.149346232414245605e+00 4.052629768848419189e-01 4.195936024188995361e-01 -1.737297065465051860e-01 5.155542230617862071e-02 -4.325596782705224963e-01 8.832056115246318395e-01
1.520530391203387260e+09 -1.187472105026245117e+00 4.010964632034301758e-01 4.358003139495849609e-01 -2.070054398707696364e-01 6.223697548220255560e-02 -4.296329292121543464e-01 8.767501656021063905e-01
1.520530391253388166e+09 -1.231569886207580566e+00 3.939326405525207520e-01 4.473658502101898193e-01 -2.279609841298584627e-01 6.969957364055355542e-02 -4.274177145565564717e-01 8.720606953831375741e-01
1.520530391303389072e+09 -1.282405614852905273e+00 3.828077614307403564e-01 4.504772722721099854e-01 -2.261567350475187921e-01 7.036260318411745318e-02 -4.287471353152946807e-01 8.718245977401242186e-01
1.520530391352332830e+09 -1.336841821670532227e+00 3.678045272827148438e-01 4.420072436332702637e-01 -1.998658143317171842e-01 6.075900308311190517e-02 -4.350325980888619104e-01 8.758473830559299067e-01
1.520530391402366161e+09 -1.394444346427917480e+00 3.511372804641723633e-01 4.220982193946838379e-01 -1.550737974917884843e-01 4.288930192797803936e-02 -4.453386699596672549e-01 8.807872014000662775e-01
1.520530391452336073e+09 -1.449342489242553711e+00 3.341003060340881348e-01 3.926739692687988281e-01 -1.031097061179744312e-01 2.020233050030706065e-02 -4.549348484678215621e-01 8.843045504780474575e-01
1.520530391502337933e+09 -1.502803921699523926e+00 3.169237375259399414e-01 3.585602343082427979e-01 -4.650935526812476767e-02 -1.042822957106949574e-03 -4.616103466504243857e-01 8.858621113119684587e-01
1.520530391552339077e+09 -1.551174044609069824e+00 3.009540438652038574e-01 3.212054669857025146e-01 7.802829996504748351e-03 -2.207008035774055132e-02 -4.646935137269444516e-01 8.851621126647675197e-01
1.520530391602340937e+09 -1.594911575317382812e+00 2.858015596866607666e-01 2.823430299758911133e-01 5.125896654515944145e-02 -4.509659130718208370e-02 -4.645100255734646022e-01 8.829321898894243459e-01
1.520530391652341843e+09 -1.637468099594116211e+00 2.711464464664459229e-01 2.449650317430496216e-01 8.609562345781278381e-02 -6.758525205725490759e-02 -4.632332313456994921e-01 8.794513918931446961e-01
1.520530391702343941e+09 -1.679977297782897949e+00 2.566078603267669678e-01 2.117911726236343384e-01 1.174898564871102585e-01 -8.534027419981883578e-02 -4.612217130711413482e-01 8.753214852920380151e-01
1.520530391752424479e+09 -1.722653985023498535e+00 2.423717379570007324e-01 1.846113651990890503e-01 1.431926447009120584e-01 -9.967441565429183137e-02 -4.602533742325233268e-01 8.704755647777313587e-01
1.520530391802425623e+09 -1.768232226371765137e+00 2.265374064445495605e-01 1.651106327772140503e-01 1.593045823266375505e-01 -1.072527348546863935e-01 -4.630621476734262942e-01 8.652701013602630553e-01
1.520530391852427721e+09 -1.813559412956237793e+00 2.107743918895721436e-01 1.551565229892730713e-01 1.634400397997876897e-01 -1.089284882272414101e-01 -4.701040429334265580e-01 8.604790100057170266e-01
1.520530391902428627e+09 -1.860526680946350098e+00 1.942573785781860352e-01 1.553998589515686035e-01 1.563850746683312920e-01 -1.026134760395326639e-01 -4.778168962365779704e-01 8.583153247070145486e-01
1.520530391952430725e+09 -1.908004641532897949e+00 1.768935471773147583e-01 1.662653386592864990e-01 1.351901583175179333e-01 -8.919120529494312111e-02 -4.843376549497056538e-01 8.597590278618419957e-01
1.520530392002431631e+09 -1.954009413719177246e+00 1.596004813909530640e-01 1.855093687772750854e-01 1.027150853843911971e-01 -7.018783378808024498e-02 -4.932545503858881131e-01 8.609432198154703952e-01
1.520530392052433491e+09 -1.998686909675598145e+00 1.436565220355987549e-01 2.115678936243057251e-01 6.336258707113191779e-02 -4.993557250306455975e-02 -5.070400522199683957e-01 8.581386872780042419e-01
1.520530392102434635e+09 -2.039299011230468750e+00 1.313568353652954102e-01 2.430265247821807861e-01 2.312963397645454236e-02 -2.727277880744666608e-02 -5.247220264803436063e-01 8.505221987077096202e-01
1.520530392152436495e+09 -2.076353311538696289e+00 1.232737451791763306e-01 2.758435010910034180e-01 -1.655453003925033348e-02 9.000008211900773934e-04 -5.434899109936079942e-01 8.392519610831193910e-01
1.520530392203141689e+09 -2.109102249145507812e+00 1.190254315733909607e-01 3.076874911785125732e-01 -5.941215167036464212e-02 3.246351505653082697e-02 -5.582254187930015821e-01 8.269224257676470735e-01
1.520530392253142595e+09 -2.139441967010498047e+00 1.159035265445709229e-01 3.382397592067718506e-01 -1.032045488670188804e-01 6.643718779204800529e-02 -5.666696644105387870e-01 8.147517490673380491e-01
1.520530392303144693e+09 -2.167545080184936523e+00 1.130223348736763000e-01 3.684702515602111816e-01 -1.451147450644766912e-01 1.022144970640233852e-01 -5.698284325949560802e-01 8.023649199467760562e-01
1.520530392353146791e+09 -2.193634986877441406e+00 1.110325604677200317e-01 3.962653577327728271e-01 -1.845608409277458839e-01 1.369501581065434015e-01 -5.713574001288923565e-01 7.878658969066936191e-01
1.520530392403147697e+09 -2.217758178710937500e+00 1.106382831931114197e-01 4.218252599239349365e-01 -2.226491513512960096e-01 1.672546708829634465e-01 -5.717094011711135737e-01 7.717522860885778213e-01
1.520530392453149796e+09 -2.241240262985229492e+00 1.113062575459480286e-01 4.441269636154174805e-01 -2.579113016508031708e-01 1.942108846498703523e-01 -5.716353744454624186e-01 7.543188261251995153e-01
1.520530392503150702e+09 -2.266404390335083008e+00 1.115091070532798767e-01 4.649812579154968262e-01 -2.839958149501289886e-01 2.198107519162127432e-01 -5.748850257432582822e-01 7.352120902222802901e-01
1.520530392553152561e+09 -2.291572093963623047e+00 1.131704747676849365e-01 4.810879230499267578e-01 -3.008355510865695637e-01 2.393212626428859180e-01 -5.800156021476355894e-01 7.181957990094139932e-01
1.520530392602234602e+09 -2.318752050399780273e+00 1.132684946060180664e-01 4.919935464859008789e-01 -3.085248189859779999e-01 2.505501821009794572e-01 -5.866001877824642552e-01 7.056466977265699603e-01
1.520530392652235985e+09 -2.351479291915893555e+00 1.106873080134391785e-01 4.993136823177337646e-01 -3.049526181409817904e-01 2.524566920937498793e-01 -5.979689294584432657e-01 6.969237251725365345e-01
1.520530392702236652e+09 -2.387073755264282227e+00 1.054084599018096924e-01 4.991275370121002197e-01 -2.888125866391022534e-01 2.429712638749952358e-01 -6.107369253798090591e-01 6.960981703089269557e-01
1.520530392752238750e+09 -2.424587488174438477e+00 9.781644493341445923e-02 4.900000989437103271e-01 -2.581806040307207950e-01 2.212489870217771160e-01 -6.255629313295190119e-01 7.021842211204898376e-01
1.520530392802240849e+09 -2.461489677429199219e+00 8.965561538934707642e-02 4.729081094264984131e-01 -2.147761871684232549e-01 1.867125025928204618e-01 -6.470741600475228283e-01 7.073221770874381642e-01
1.520530392852241755e+09 -2.496019363403320312e+00 8.263917267322540283e-02 4.491589665412902832e-01 -1.646399961868910966e-01 1.396147176009486790e-01 -6.711188027395478262e-01 7.092256022551806094e-01
1.520530392902242661e+09 -2.526469230651855469e+00 7.767334580421447754e-02 4.193801283836364746e-01 -1.115323509776679906e-01 8.556789760056029981e-02 -6.916681411064473650e-01 7.084023236579382043e-01
1.520530392952244759e+09 -2.548859119415283203e+00 7.318846881389617920e-02 3.844051361083984375e-01 -6.515810414136619100e-02 3.308769201463686999e-02 -7.079234475331758203e-01 7.024984117665964423e-01
1.520530393002173901e+09 -2.564522981643676758e+00 6.925239413976669312e-02 3.476269543170928955e-01 -3.439398805346181864e-02 -6.445357483016924717e-03 -7.240389481028332019e-01 6.888708968905835617e-01
1.520530393052153587e+09 -2.573430776596069336e+00 6.559903919696807861e-02 3.108280897140502930e-01 -1.504696648162834327e-02 -3.176293568447158266e-02 -7.409462440795787641e-01 6.706439950530909133e-01
1.520530393102155685e+09 -2.574871063232421875e+00 6.077850610017776489e-02 2.742027342319488525e-01 6.110664714648274612e-03 -5.015139483490581307e-02 -7.578276733769591100e-01 6.504957454410625894e-01
1.520530393152156830e+09 -2.570166826248168945e+00 5.266923829913139343e-02 2.375506311655044556e-01 3.121214300997409569e-02 -7.234691691729656926e-02 -7.712564322590765853e-01 6.316290378381027582e-01
1.520530393202158689e+09 -2.564536571502685547e+00 4.037072136998176575e-02 2.009182721376419067e-01 5.847397663481944396e-02 -9.836097544818628302e-02 -7.807600886378540661e-01 6.142634585872760455e-01
1.520530393252159595e+09 -2.552222728729248047e+00 2.449348196387290955e-02 1.690194159746170044e-01 8.237472350711966262e-02 -1.261676874609632681e-01 -7.838099168554565344e-01 6.024434693868966351e-01
1.520530393302161694e+09 -2.537791490554809570e+00 2.913431031629443169e-03 1.445397436618804932e-01 1.021390215858861694e-01 -1.483164515644703196e-01 -7.825139428418319554e-01 5.960216268919545923e-01
1.520530393352163792e+09 -2.522767782211303711e+00 -2.326832525432109833e-02 1.290081590414047241e-01 1.198708260611854315e-01 -1.602644168060739505e-01 -7.801795566647022895e-01 5.926771137201829465e-01
1.520530393402920723e+09 -2.504679203033447266e+00 -5.304548516869544983e-02 1.257352530956268311e-01 1.291927195874860990e-01 -1.610831404006862755e-01 -7.788348478304533140e-01 5.922649262696185746e-01
1.520530393452923059e+09 -2.484327316284179688e+00 -8.498958498239517212e-02 1.343148499727249146e-01 1.216019393072186594e-01 -1.471735597171423271e-01 -7.802703505350453428e-01 5.955930588521208824e-01
1.520530393502923965e+09 -2.459984064102172852e+00 -1.161564588546752930e-01 1.545997411012649536e-01 9.598815649366125580e-02 -1.163373912776880237e-01 -7.837839892665686703e-01 6.024404894867491089e-01
1.520530393552925825e+09 -2.428190708160400391e+00 -1.450703740119934082e-01 1.844119727611541748e-01 5.137554524798611244e-02 -7.275559708807601000e-02 -7.858518314118010384e-01 6.119673810829691085e-01
1.520530393602926970e+09 -2.389801740646362305e+00 -1.703782975673675537e-01 2.178993970155715942e-01 -6.342972543977054914e-03 -2.015002976242721844e-02 -7.836965813773496548e-01 6.207845128040282434e-01
1.520530393652928829e+09 -2.344291925430297852e+00 -1.930484324693679810e-01 2.510891556739807129e-01 -6.781331346594501874e-02 3.823384956971546261e-02 -7.751323462834497358e-01 6.269843482966412918e-01
1.520530393702930689e+09 -2.292770385742187500e+00 -2.142842859029769897e-01 2.824561595916748047e-01 -1.227435046465412544e-01 9.597032121307459696e-02 -7.624076290342275408e-01 6.280591824850199067e-01
1.520530393752931833e+09 -2.237117290496826172e+00 -2.334914356470108032e-01 3.103450536727905273e-01 -1.661024913776858736e-01 1.439110701769791834e-01 -7.510974746748821929e-01 6.225368661980243967e-01
1.520530393802958012e+09 -2.179583311080932617e+00 -2.513275444507598877e-01 3.343177735805511475e-01 -1.983669859793887602e-01 1.773637113146256938e-01 -7.439925158789848503e-01 6.129174406869278835e-01
1.520530393852958918e+09 -2.122898340225219727e+00 -2.686553001403808594e-01 3.529904782772064209e-01 -2.210019389605599460e-01 1.956857021524946727e-01 -7.395568024010573671e-01 6.049140310582004076e-01
1.520530393902960777e+09 -2.065698146820068359e+00 -2.874746322631835938e-01 3.678681254386901855e-01 -2.322074018848247767e-01 2.023929668564722895e-01 -7.366998296666114054e-01 6.019885135499848383e-01
1.520530393952962875e+09 -2.015475511550903320e+00 -3.046215474605560303e-01 3.730235993862152100e-01 -2.347244334849151182e-01 2.017834516277366153e-01 -7.353440095638523744e-01 6.028740055541784715e-01
1.520530394002963781e+09 -1.969698905944824219e+00 -3.213791251182556152e-01 3.717845082283020020e-01 -2.344346995055652527e-01 1.979748824924378037e-01 -7.339756193019768560e-01 6.059093231170158411e-01
1.520530394052964687e+09 -1.927276730537414551e+00 -3.397409915924072266e-01 3.658617436885833740e-01 -2.257543237350207455e-01 1.885341133847318607e-01 -7.361281615692188973e-01 6.095942938954550527e-01
1.520530394102967978e+09 -1.888826966285705566e+00 -3.569547832012176514e-01 3.517974615097045898e-01 -2.020743645230958230e-01 1.669937079931105572e-01 -7.424569155493720984e-01 6.164712331051719341e-01
1.520530394152968884e+09 -1.852527260780334473e+00 -3.743113577365875244e-01 3.294296264648437500e-01 -1.658924273527926374e-01 1.316332590720077078e-01 -7.502787268382369312e-01 6.262860526205852318e-01
1.520530394202164888e+09 -1.817119359970092773e+00 -3.914899528026580811e-01 3.037231564521789551e-01 -1.245120038499105686e-01 8.879290130869391118e-02 -7.569397951257245127e-01 6.353382785016897794e-01
1.520530394252166748e+09 -1.779472231864929199e+00 -4.086125493049621582e-01 2.746882736682891846e-01 -8.231379211358862136e-02 4.455594752439108464e-02 -7.607513684163266232e-01 6.422589529315814172e-01
1.520530394302168846e+09 -1.739170432090759277e+00 -4.260689020156860352e-01 2.453540116548538208e-01 -4.503973530266128233e-02 -7.604323254637773612e-04 -7.596362160334672042e-01 6.487863001612318437e-01
1.520530394352169752e+09 -1.696508765220642090e+00 -4.436634480953216553e-01 2.155223488807678223e-01 -7.076399780279268859e-03 -4.460195770165013146e-02 -7.545545009237853984e-01 6.546816746106359775e-01
1.520530394402171850e+09 -1.650899171829223633e+00 -4.613411128520965576e-01 1.858525872230529785e-01 3.240999995551431534e-02 -8.834850906948812921e-02 -7.455167274614343809e-01 6.598097770746320645e-01
1.520530394452172995e+09 -1.602575302124023438e+00 -4.788617193698883057e-01 1.571717858314514160e-01 7.145800914325015074e-02 -1.317165145761332867e-01 -7.324760277166548761e-01 6.640959129053788379e-01
1.520530394502174854e+09 -1.550684452056884766e+00 -4.969855546951293945e-01 1.296344995498657227e-01 1.064451731428082137e-01 -1.703510766728129899e-01 -7.136485128336891304e-01 6.710854907694508986e-01
1.520530394552175760e+09 -1.496433019638061523e+00 -5.154626965522766113e-01 1.052273660898208618e-01 1.350144815028802570e-01 -1.991504017839599849e-01 -6.902662117362655669e-01 6.823802196642724249e-01
1.520530394602188826e+09 -1.439097046852111816e+00 -5.355951786041259766e-01 8.409045636653900146e-02 1.564623795149300556e-01 -2.182885612453435153e-01 -6.637155723950439734e-01 6.981054839967117953e-01
1.520530394652876616e+09 -1.382266044616699219e+00 -5.563540458679199219e-01 6.841185688972473145e-02 1.754879141340042470e-01 -2.272730832455251149e-01 -6.387920142745362462e-01 7.137896749912046035e-01
1.520530394702878475e+09 -1.323442339897155762e+00 -5.770063996315002441e-01 5.808866769075393677e-02 1.830722945866564144e-01 -2.292295642030788283e-01 -6.157970287914457108e-01 7.312539648997948838e-01
1.520530394752879381e+09 -1.261334419250488281e+00 -5.980610251426696777e-01 5.521140247583389282e-02 1.790784265640588124e-01 -2.169403690957867337e-01 -5.948685295583047150e-01 7.529935098904008139e-01
1.520530394802881718e+09 -1.199121236801147461e+00 -6.165831685066223145e-01 6.208620220422744751e-02 1.594372002793152110e-01 -1.915475765950913067e-01 -5.740117699528095585e-01 7.799998673226067325e-01
1.520530394852882624e+09 -1.138519406318664551e+00 -6.334370374679565430e-01 7.914440333843231201e-02 1.285093226438663583e-01 -1.589411582736260931e-01 -5.530162829135129021e-01 8.077103769500392216e-01
1.520530394902884722e+09 -1.078297257423400879e+00 -6.491385698318481445e-01 1.042663007974624634e-01 9.613541214708390403e-02 -1.273963858801132609e-01 -5.311505033295372824e-01 8.321101406717592575e-01
1.520530394952885628e+09 -1.017263650894165039e+00 -6.635416746139526367e-01 1.359096765518188477e-01 6.040395334683860279e-02 -1.021167322833868435e-01 -5.091968103650765798e-01 8.524330728695761472e-01
1.520530395002887487e+09 -9.536931514739990234e-01 -6.790033578872680664e-01 1.675541102886199951e-01 1.612939870361845482e-02 -7.965137057119732467e-02 -4.884472782880812658e-01 8.688007585151817924e-01
1.520530395053731441e+09 -8.901217579841613770e-01 -6.942511796951293945e-01 1.999555379152297974e-01 -3.040433597469377122e-02 -5.740368964825136311e-02 -4.691023706900407375e-01 8.807515873285092223e-01
1.520530395103732347e+09 -8.279324173927307129e-01 -7.075677514076232910e-01 2.287592589855194092e-01 -6.562879735555453287e-02 -3.758751631889931805e-02 -4.487326480095772951e-01 8.904600216657415634e-01
1.520530395153734446e+09 -7.650436162948608398e-01 -7.196106314659118652e-01 2.493294328451156616e-01 -8.377397348561829715e-02 -2.446847648091611885e-02 -4.238308735008904371e-01 9.015268191754509663e-01
1.520530395203735352e+09 -7.008361220359802246e-01 -7.306923866271972656e-01 2.588232457637786865e-01 -8.427621992193304323e-02 -1.770095489982683248e-02 -3.955096817367191875e-01 9.144158171225075238e-01
1.520530395253737211e+09 -6.381773948669433594e-01 -7.404571771621704102e-01 2.576389014720916748e-01 -7.446316964716813425e-02 -1.341833007215942689e-02 -3.681884205274939537e-01 9.266674008368055437e-01
1.520530395303738356e+09 -5.736401677131652832e-01 -7.497197389602661133e-01 2.473710328340530396e-01 -6.181803192398422492e-02 -1.353904664473118587e-02 -3.414777432647106981e-01 9.377569919759793926e-01
1.520530395353740454e+09 -5.124545097351074219e-01 -7.571108937263488770e-01 2.318340986967086792e-01 -4.489678663052313473e-02 -1.592927159487551175e-02 -3.154162307429164147e-01 9.477568982817489163e-01
1.520530395403742313e+09 -4.507357776165008545e-01 -7.613200545310974121e-01 2.125055044889450073e-01 -2.426463850936341760e-02 -2.455864772404860868e-02 -2.866122039865531823e-01 9.574244328749640376e-01
1.520530395452704906e+09 -3.895343840122222900e-01 -7.611297369003295898e-01 1.888733059167861938e-01 -3.113888029789580944e-03 -3.915085424372569123e-02 -2.580804084315279079e-01 9.653248246560016677e-01
1.520530395502706766e+09 -3.282002806663513184e-01 -7.556979060173034668e-01 1.631337553262710571e-01 1.866420149797717171e-02 -5.446851188263619054e-02 -2.350729377721419155e-01 9.702708604935575964e-01
1.520530395552708864e+09 -2.699678540229797363e-01 -7.455179095268249512e-01 1.368097662925720215e-01 4.174481109823290070e-02 -7.034474119075938281e-02 -2.165724861982021854e-01 9.728336683910089322e-01
1.520530395602709770e+09 -2.155081033706665039e-01 -7.299953699111938477e-01 1.094927340745925903e-01 6.583335552376423649e-02 -8.224141789022268445e-02 -2.036973100829023164e-01 9.733497441047987975e-01
1.520530395652711868e+09 -1.624871939420700073e-01 -7.082390189170837402e-01 8.098912239074707031e-02 8.853160069316819147e-02 -9.330770609894080414e-02 -1.955395092468600882e-01 9.722243197867229680e-01
1.520530395702713013e+09 -1.169243305921554565e-01 -6.791340708732604980e-01 5.450743809342384338e-02 1.050184589698670568e-01 -1.039798928146948159e-01 -1.935141987015423504e-01 9.699028611498878849e-01
1.520530395752714872e+09 -8.011712133884429932e-02 -6.429308056831359863e-01 2.995537221431732178e-02 1.139877435218635132e-01 -1.126624715886770794e-01 -1.980127557016764239e-01 9.670082266463676524e-01
1.520530395802716017e+09 -5.063493177294731140e-02 -5.995975136756896973e-01 6.958672311156988144e-03 1.162140063900237996e-01 -1.175310678653932878e-01 -2.100809799002751610e-01 9.636112985479882154e-01
1.520530395853078127e+09 -3.087898902595043182e-02 -5.493685603141784668e-01 -1.329549774527549744e-02 1.152509271162306947e-01 -1.194146541694484920e-01 -2.276963232823548122e-01 9.594851476349894881e-01
1.520530395903079271e+09 -1.728578098118305206e-02 -4.934240877628326416e-01 -3.164034709334373474e-02 1.166065245850569781e-01 -1.144166948074262918e-01 -2.512075708385515527e-01 9.540474279232311616e-01
1.520530395953081131e+09 -7.244993932545185089e-03 -4.339475333690643311e-01 -4.844710603356361389e-02 1.201967397115195901e-01 -1.076678662618388294e-01 -2.795210958411301072e-01 9.464820818785308898e-01
1.520530396003082991e+09 8.467636653222143650e-04 -3.708048164844512939e-01 -6.162565201520919800e-02 1.253130341577791684e-01 -1.048496634786847126e-01 -3.108323948030776163e-01 9.363153389107548019e-01
1.520530396053084373e+09 7.504032459110021591e-03 -3.057699799537658691e-01 -7.239937782287597656e-02 1.315427245773723164e-01 -1.095909229653565659e-01 -3.434771822980252076e-01 9.234228535481305844e-01
1.520530396103085041e+09 1.368029043078422546e-02 -2.384455949068069458e-01 -8.095268905162811279e-02 1.356214836174763905e-01 -1.161595619123671208e-01 -3.767861003476628001e-01 9.089257417096967551e-01
1.520530396153087139e+09 2.143364213407039642e-02 -1.681249588727951050e-01 -8.899147808551788330e-02 1.343336216667057326e-01 -1.164573174822083335e-01 -4.134307685723361825e-01 8.930101740139593236e-01
1.520530396203089237e+09 3.116787970066070557e-02 -9.641936421394348145e-02 -9.626345336437225342e-02 1.279511433017033184e-01 -1.100052802575172128e-01 -4.520339005671406007e-01 8.758953681697992932e-01
1.520530396253235102e+09 4.349421337246894836e-02 -2.328738756477832794e-02 -1.019237563014030457e-01 1.169223627683522448e-01 -1.006076711341561541e-01 -4.890733907251146872e-01 8.584954723691131662e-01
1.520530396303236961e+09 5.775224044919013977e-02 5.178400501608848572e-02 -1.062582954764366150e-01 1.073966610723351284e-01 -8.800265977296291287e-02 -5.250473197405097769e-01 8.396706503723380122e-01
1.520530396353237867e+09 7.478480041027069092e-02 1.278943419456481934e-01 -1.092094480991363525e-01 1.013061221642685972e-01 -7.894274330775057080e-02 -5.603265576630998002e-01 8.182537880563132138e-01
1.520530396403239965e+09 9.629507362842559814e-02 2.056001871824264526e-01 -1.099683269858360291e-01 9.892906624488442824e-02 -7.755760559127508613e-02 -5.945025460619551838e-01 7.942068876512696773e-01
1.520530396453240871e+09 1.208387315273284912e-01 2.834322452545166016e-01 -1.074871718883514404e-01 9.860582041478220539e-02 -8.096289880359783253e-02 -6.279307812556415014e-01 7.677400830680431998e-01
1.520530396503242731e+09 1.449940949678421021e-01 3.611498773097991943e-01 -1.013872995972633362e-01 9.845041577952118317e-02 -8.573823600531109423e-02 -6.608302156429567420e-01 7.390939700828442760e-01
1.520530396553244114e+09 1.697855591773986816e-01 4.369871318340301514e-01 -9.328313171863555908e-02 9.798104117387237966e-02 -9.090013617795705825e-02 -6.941131212680602403e-01 7.073498820928888486e-01
1.520530396603245974e+09 1.946280747652053833e-01 5.106846094131469727e-01 -8.272618800401687622e-02 9.792429254033752084e-02 -9.440226896543574275e-02 -7.259234223552448739e-01 6.741915376365240631e-01
1.520530396653247833e+09 2.183424383401870728e-01 5.815938115119934082e-01 -6.878863275051116943e-02 9.683488358928077355e-02 -9.609212781234102718e-02 -7.537323291146128534e-01 6.428661480745492263e-01
1.520530396703144550e+09 2.402005642652511597e-01 6.486782431602478027e-01 -5.220742523670196533e-02 9.449172646749512405e-02 -9.309019031836898717e-02 -7.774046562168651642e-01 6.148556989961300179e-01
1.520530396753146648e+09 2.584279775619506836e-01 7.107820510864257812e-01 -3.097403794527053833e-02 9.094717201024708764e-02 -8.542802786578548857e-02 -7.973409161333595563e-01 5.904897352350133577e-01
1.520530396803147554e+09 2.720071375370025635e-01 7.685659527778625488e-01 -5.095465574413537979e-03 8.577482314175163824e-02 -7.516975623604411905e-02 -8.139514839447117289e-01 5.696272195450429177e-01
1.520530396853149652e+09 2.805046737194061279e-01 8.183127045631408691e-01 2.763694152235984802e-02 8.067803390253908136e-02 -6.255461679744594994e-02 -8.277544524196468467e-01 5.517250594837942446e-01
1.520530396903151751e+09 2.852222919464111328e-01 8.616044521331787109e-01 6.631343066692352295e-02 7.833128862721733254e-02 -4.623617796970623528e-02 -8.404001862585036564e-01 5.342789084414857337e-01
1.520530396953152657e+09 2.875129282474517822e-01 8.977770209312438965e-01 1.098523885011672974e-01 7.288340333217285805e-02 -2.648592873534948502e-02 -8.506060668401408398e-01 5.200536742995783834e-01
1.520530397003154516e+09 2.860374152660369873e-01 9.245755076408386230e-01 1.582213640213012695e-01 6.354795030100517106e-02 -1.619421201562942997e-03 -8.566838009176204194e-01 5.119100514083030351e-01
1.520530397053155661e+09 2.809567153453826904e-01 9.399011731147766113e-01 2.100040763616561890e-01 5.561600392380167818e-02 2.602988360497577799e-02 -8.588515735355698455e-01 5.085305102966141133e-01
1.520530397102782011e+09 2.732355594635009766e-01 9.435549378395080566e-01 2.617068290710449219e-01 4.657402470830397656e-02 5.268829503137063136e-02 -8.570246395076064339e-01 5.104542791142170355e-01
1.520530397152783871e+09 2.634126543998718262e-01 9.359285235404968262e-01 3.115577697753906250e-01 3.995970986502955791e-02 7.610780702638937634e-02 -8.502392124657758288e-01 5.193304390103796742e-01
1.520530397202785015e+09 2.516265809535980225e-01 9.144015908241271973e-01 3.558710813522338867e-01 3.625867829543727439e-02 9.842675764717799536e-02 -8.393002016363740880e-01 5.334535154636003140e-01
1.520530397252787113e+09 2.385810464620590210e-01 8.818402290344238281e-01 3.926753699779510498e-01 3.333604292279189474e-02 1.168871134166203224e-01 -8.242166530808648917e-01 5.530759620012036804e-01
1.520530397302788258e+09 2.260450422763824463e-01 8.393946290016174316e-01 4.193439781665802002e-01 2.947985938279142418e-02 1.309308409068005441e-01 -8.056789632779239874e-01 5.769484040376734457e-01
1.520530397352790117e+09 2.147546410560607910e-01 7.853233814239501953e-01 4.346215128898620605e-01 2.202126913673371766e-02 1.412333529532962539e-01 -7.833626167482504732e-01 6.049059550049997735e-01
1.520530397402791023e+09 2.056388407945632935e-01 7.207514643669128418e-01 4.365444779396057129e-01 1.569874874295410644e-02 1.495522479707372121e-01 -7.587065296027140082e-01 6.338391565318527432e-01
1.520530397452793121e+09 1.982241868972778320e-01 6.516320705413818359e-01 4.258322417736053467e-01 1.338334211381483375e-02 1.531087476513193768e-01 -7.333444444950545371e-01 6.622571428642722857e-01
1.520530397502304316e+09 1.943115293979644775e-01 5.787869691848754883e-01 4.017971158027648926e-01 1.608060855100105699e-02 1.477883007386393277e-01 -7.081228476837715391e-01 6.902623159217378124e-01
1.520530397552306175e+09 1.955947726964950562e-01 4.995504617691040039e-01 3.642078936100006104e-01 2.266861784548008033e-02 1.306091646279449459e-01 -6.796415785383372876e-01 7.214670502539136665e-01
1.520530397602308512e+09 2.013819366693496704e-01 4.156525135040283203e-01 3.152541518211364746e-01 3.275294221337057138e-02 1.055804413941954234e-01 -6.501674040071040439e-01 7.517063003181746472e-01
1.520530397652309418e+09 2.129031717777252197e-01 3.298640251159667969e-01 2.581852376461029053e-01 4.401171488143162946e-02 7.507152698787841749e-02 -6.183517446268205209e-01 7.810687259811847083e-01
1.520530397702310562e+09 2.311471849679946899e-01 2.433518469333648682e-01 1.972619742155075073e-01 5.533778746900110818e-02 4.141135294460531607e-02 -5.852661418891478284e-01 8.078900743811159302e-01
1.520530397752312422e+09 2.552157342433929443e-01 1.579817682504653931e-01 1.346910297870635986e-01 6.945307971556807791e-02 5.835493752369067845e-03 -5.522490480355772835e-01 8.307606187551787036e-01
1.520530397802315474e+09 2.862744331359863281e-01 7.478059083223342896e-02 7.367984205484390259e-02 8.954595893520617134e-02 -2.961103038627136905e-02 -5.184310312270551391e-01 8.499023320233271006e-01
1.520530397852315426e+09 3.229421377182006836e-01 -5.722995847463607788e-03 1.621691137552261353e-02 1.150007188142922188e-01 -6.247632625767918224e-02 -4.819081473175283459e-01 8.663925674187928916e-01
1.520530397902585030e+09 3.634644448757171631e-01 -8.353078365325927734e-02 -3.494844585657119751e-02 1.410813546467025448e-01 -9.115727453540457825e-02 -4.414121546431789000e-01 8.814429717251108798e-01
1.520530397952586174e+09 4.068379104137420654e-01 -1.573780775070190430e-01 -7.691847532987594604e-02 1.644589827728957232e-01 -1.141781263503893473e-01 -3.996554797244055157e-01 8.945345694687680815e-01
1.520530398002588034e+09 4.500803649425506592e-01 -2.269169241189956665e-01 -1.077675074338912964e-01 1.865424764156723425e-01 -1.316721107680784986e-01 -3.584140447552769948e-01 9.052092201589361231e-01
1.520530398052588940e+09 4.898385703563690186e-01 -2.927228510379791260e-01 -1.272329986095428467e-01 2.072379060345545809e-01 -1.434851530251830543e-01 -3.185249739481401665e-01 9.137867924932432384e-01
1.520530398102591038e+09 5.246320962905883789e-01 -3.583864867687225342e-01 -1.386567056179046631e-01 2.238876957652169986e-01 -1.499361984535758086e-01 -2.798490808603185109e-01 9.214542462975937598e-01
1.520530398152591944e+09 5.508000254631042480e-01 -4.199366569519042969e-01 -1.381520926952362061e-01 2.319718847938528894e-01 -1.496700761628768639e-01 -2.429304518221589715e-01 9.299315612151615174e-01
1.520530398202593803e+09 5.669981241226196289e-01 -4.796553552150726318e-01 -1.263711452484130859e-01 2.280139622425677859e-01 -1.458177618552492505e-01 -2.086481462222160577e-01 9.397940010598084815e-01
1.520530398252596140e+09 5.714224576950073242e-01 -5.360997915267944336e-01 -1.014288514852523804e-01 2.118312832050931460e-01 -1.401468642280795651e-01 -1.762250932050093422e-01 9.510158150249689024e-01
1.520530398303365231e+09 5.646273493766784668e-01 -5.913933515548706055e-01 -6.339635699987411499e-02 1.827870185613549303e-01 -1.360101905778996756e-01 -1.455873003393051979e-01 9.627535883518312243e-01
1.520530398353367329e+09 5.459752082824707031e-01 -6.415476202964782715e-01 -1.366831269115209579e-02 1.451557698506123484e-01 -1.348318879408285376e-01 -1.227006814765649184e-01 9.724683579626509644e-01
1.520530398403368235e+09 5.146421194076538086e-01 -6.853384971618652344e-01 4.543486610054969788e-02 1.042982678592944551e-01 -1.308208214570889261e-01 -1.129351072672647727e-01 9.794148485403795235e-01
1.520530398453370094e+09 4.735964536666870117e-01 -7.206489443778991699e-01 1.122540831565856934e-01 6.244161362492640227e-02 -1.289929523673338796e-01 -1.078845199887017992e-01 9.837798501058463430e-01
1.520530398503371477e+09 4.260067343711853027e-01 -7.461105585098266602e-01 1.795042753219604492e-01 2.350406824833865815e-02 -1.201759182732927839e-01 -1.101963643127416986e-01 9.863377052182491500e-01
1.520530398553373337e+09 3.703417479991912842e-01 -7.611712813377380371e-01 2.450093775987625122e-01 -1.486526030293256785e-02 -1.047464590240026194e-01 -1.238665185863336710e-01 9.866429389254049998e-01
1.520530398603375196e+09 3.089948892593383789e-01 -7.672141194343566895e-01 3.069582581520080566e-01 -5.403305693006964922e-02 -9.105406992179032599e-02 -1.426983851500295830e-01 9.840867624275022596e-01
1.520530398653376341e+09 2.432626187801361084e-01 -7.646796107292175293e-01 3.608511388301849365e-01 -8.805559432840119605e-02 -7.474014041880930326e-02 -1.672036769708425130e-01 9.791338285061338409e-01
1.520530398703221083e+09 1.745243370532989502e-01 -7.548959255218505859e-01 4.045494496822357178e-01 -1.124795734367864675e-01 -5.982209287552304328e-02 -1.945213499827636305e-01 9.725898967007388096e-01
1.520530398753222942e+09 1.037825942039489746e-01 -7.399567365646362305e-01 4.358572363853454590e-01 -1.271049394054051818e-01 -4.689205116102630050e-02 -2.268297845824303605e-01 9.644655093589133976e-01
1.520530398803225040e+09 3.194316104054450989e-02 -7.191336750984191895e-01 4.541567564010620117e-01 -1.368869545644567087e-01 -3.789137310940399878e-02 -2.624297146953918913e-01 9.544405955107145845e-01
1.520530398853226185e+09 -4.140579327940940857e-02 -6.926317214965820312e-01 4.564218819141387939e-01 -1.438457181123066198e-01 -3.120052169645446197e-02 -2.996236897331315263e-01 9.426349141514587249e-01
1.520530398903227091e+09 -1.148290634155273438e-01 -6.613982915878295898e-01 4.451373815536499023e-01 -1.473028134906715636e-01 -2.848069964273523824e-02 -3.393408476710776389e-01 9.286218390644640497e-01
1.520530398953228951e+09 -1.874453127384185791e-01 -6.251377463340759277e-01 4.206141829490661621e-01 -1.420446097696232146e-01 -2.903606305351858277e-02 -3.790479759072876154e-01 9.139490510079517627e-01
1.520530399003230095e+09 -2.574381530284881592e-01 -5.845368504524230957e-01 3.826302587985992432e-01 -1.237694323514530181e-01 -3.223402977841033357e-02 -4.217478678608461706e-01 8.976473867251404393e-01
1.520530399053231955e+09 -3.223390877246856689e-01 -5.373033881187438965e-01 3.342297673225402832e-01 -9.706113193658331972e-02 -3.994912160698327330e-02 -4.651386597016576863e-01 8.789933057771061042e-01
1.520530399103232861e+09 -3.805716037750244141e-01 -4.829042255878448486e-01 2.801979780197143555e-01 -7.213772718377499393e-02 -5.567720816210530721e-02 -5.080987730110095857e-01 8.564647299642522693e-01
1.520530399152329922e+09 -4.292083084583282471e-01 -4.213636219501495361e-01 2.251249402761459351e-01 -5.039691286563120765e-02 -7.734132895016569698e-02 -5.485855647502241306e-01 8.309827604454342875e-01
1.520530399202332020e+09 -4.699016809463500977e-01 -3.516824543476104736e-01 1.691547781229019165e-01 -2.898909799114545230e-02 -1.008131395647039463e-01 -5.891526739337890062e-01 8.011837928249885277e-01
1.520530399252332926e+09 -5.017582178115844727e-01 -2.754727005958557129e-01 1.140271425247192383e-01 -1.143707557536351171e-02 -1.241104094081442732e-01 -6.295924469771639886e-01 7.668631887684617121e-01
1.520530399302334785e+09 -5.249639749526977539e-01 -1.945804953575134277e-01 6.170928478240966797e-02 3.011751150070843350e-03 -1.486843491103686798e-01 -6.687854965874722168e-01 7.284297174325633506e-01
1.520530399352335930e+09 -5.402050614356994629e-01 -1.096340045332908630e-01 1.455748546868562698e-02 1.521243357628052420e-02 -1.745341630116175324e-01 -7.056226374246015176e-01 6.865880142854744461e-01
1.520530399402342081e+09 -5.494599938392639160e-01 -2.292453125119209290e-02 -2.740938961505889893e-02 2.398245135567117145e-02 -1.978758650514182982e-01 -7.384479969155598456e-01 6.441774133796703827e-01
1.520530399452338934e+09 -5.534210801124572754e-01 6.406489759683609009e-02 -6.170074269175529480e-02 3.115004030315484188e-02 -2.126577587859084517e-01 -7.685442358412201136e-01 6.026160553557309285e-01
1.520530399502341032e+09 -5.568558573722839355e-01 1.496232151985168457e-01 -8.760432153940200806e-02 4.007406469584598452e-02 -2.178693677408883311e-01 -7.974045150924908842e-01 5.613136799054947446e-01
1.520530399553005934e+09 -5.581815838813781738e-01 2.345356792211532593e-01 -1.016054153442382812e-01 5.309124569494354934e-02 -2.143357358185818407e-01 -8.260562273669578293e-01 5.185292867427404584e-01
1.520530399603008032e+09 -5.591555237770080566e-01 3.160990476608276367e-01 -1.039211302995681763e-01 6.729869253254711081e-02 -2.060783416254373668e-01 -8.510892618921827024e-01 4.781732650286284469e-01
1.520530399653008938e+09 -5.625293850898742676e-01 3.933160901069641113e-01 -9.516285359859466553e-02 8.452213988988199755e-02 -1.942942815905767950e-01 -8.710508621436123811e-01 4.431434706373393317e-01
1.520530399703010798e+09 -5.692231059074401855e-01 4.628506600856781006e-01 -7.593310624361038208e-02 1.004034177829136454e-01 -1.762932936081108015e-01 -8.886658297569689502e-01 4.112333538864180182e-01
1.520530399753012180e+09 -5.817582011222839355e-01 5.252873897552490234e-01 -4.754211381077766418e-02 1.073009969278638231e-01 -1.562320551636483534e-01 -9.044539972839212849e-01 3.821531208753449760e-01
1.520530399803014040e+09 -6.006687283515930176e-01 5.808811187744140625e-01 -1.100084278732538223e-02 1.106899843909717324e-01 -1.361318605945431859e-01 -9.171869867635931151e-01 3.577483405944952843e-01
1.520530399853015900e+09 -6.260288953781127930e-01 6.355236768722534180e-01 3.059741668403148651e-02 1.083159701652707113e-01 -1.158856926954052458e-01 -9.270561564745365413e-01 3.397131725122270463e-01
1.520530399903017044e+09 -6.595203876495361328e-01 6.792334318161010742e-01 7.628282904624938965e-02 1.042331001623780645e-01 -9.164766892740497384e-02 -9.343005342771378841e-01 3.283575448503766037e-01
1.520530399953274965e+09 -7.012602090835571289e-01 7.173241972923278809e-01 1.247360706329345703e-01 1.022044229474447924e-01 -5.840271898490422692e-02 -9.399845305282744645e-01 3.202693564996341169e-01
1.520530400003275871e+09 -7.492592930793762207e-01 7.490094304084777832e-01 1.755478680133819580e-01 9.992577601870197834e-02 -2.101509214428974245e-02 -9.435422157293236189e-01 3.151210756611268482e-01
1.520530400053277969e+09 -8.026316165924072266e-01 7.720053195953369141e-01 2.278583645820617676e-01 9.350984108253704297e-02 1.436252080098710665e-02 -9.449290789363430365e-01 3.133028301778879032e-01
1.520530400103278875e+09 -8.602694272994995117e-01 7.866041660308837891e-01 2.794408798217773438e-01 8.381645275416338414e-02 4.585591983079381762e-02 -9.445857638600381190e-01 3.140537717925536709e-01
1.520530400153280973e+09 -9.217612147331237793e-01 7.944096922874450684e-01 3.292367458343505859e-01 6.998863424620348217e-02 7.146781283050039624e-02 -9.425013133981657854e-01 3.188811958211209552e-01
1.520530400203283072e+09 -9.857937693595886230e-01 7.962294220924377441e-01 3.768098056316375732e-01 5.245183206478316179e-02 8.867013113323546358e-02 -9.388643142008287201e-01 3.285121195299654517e-01
1.520530400253283978e+09 -1.051409006118774414e+00 7.920832633972167969e-01 4.193461239337921143e-01 3.544912364609967281e-02 1.007324496819675258e-01 -9.330657397713172374e-01 3.434889495730512610e-01
1.520530400303285837e+09 -1.118218779563903809e+00 7.816742062568664551e-01 4.562693536281585693e-01 2.027454883669522340e-02 1.140822643852819063e-01 -9.240536285956664209e-01 3.642788370210068294e-01
1.520530400352494240e+09 -1.186048269271850586e+00 7.670669555664062500e-01 4.879494011402130127e-01 6.284025596772136422e-03 1.312141341903856340e-01 -9.115631048527075286e-01 3.896101485873521564e-01
1.520530400402496099e+09 -1.257072567939758301e+00 7.481549978256225586e-01 5.142531394958496094e-01 -4.236588200737198030e-03 1.464937757712363731e-01 -8.958187585487432658e-01 4.195597416493772047e-01
1.520530400452497959e+09 -1.328885793685913086e+00 7.247695922851562500e-01 5.324167609214782715e-01 -9.876119240599402424e-03 1.538981244865093301e-01 -8.781736499072883007e-01 4.528011375391981508e-01
1.520530400502500296e+09 -1.400893807411193848e+00 6.967676877975463867e-01 5.407320857048034668e-01 -1.456716583033437415e-02 1.530119401339868346e-01 -8.581058545177001617e-01 4.899280419597887293e-01
1.520530400552501202e+09 -1.472735404968261719e+00 6.648932099342346191e-01 5.395504832267761230e-01 -2.032332285107424710e-02 1.472206694758199097e-01 -8.351207279030743447e-01 5.296096740563009941e-01
1.520530400602501869e+09 -1.541692018508911133e+00 6.274642348289489746e-01 5.282395482063293457e-01 -2.628972381234645495e-02 1.397755592998320140e-01 -8.104519843689149683e-01 5.682774185877685902e-01
1.520530400652504206e+09 -1.607378244400024414e+00 5.877158045768737793e-01 5.078768134117126465e-01 -2.840549627857862428e-02 1.328314875953426066e-01 -7.864400666415426455e-01 6.025453885519513886e-01
1.520530400702505112e+09 -1.670791387557983398e+00 5.471684932708740234e-01 4.797820150852203369e-01 -2.803826953502058447e-02 1.226435622131479136e-01 -7.622426412128062712e-01 6.349476891887049224e-01
1.520530400752291441e+09 -1.728962421417236328e+00 5.049160718917846680e-01 4.428851604461669922e-01 -2.353602237642317754e-02 1.061975938993002661e-01 -7.354967476616033339e-01 6.687396061845745088e-01
1.520530400802292347e+09 -1.781229853630065918e+00 4.585401415824890137e-01 3.966941535472869873e-01 -9.552892061665839429e-03 8.794653943616777270e-02 -7.078409616241927438e-01 7.008104747372135845e-01
1.520530400852294207e+09 -1.825516462326049805e+00 4.095235466957092285e-01 3.463706374168395996e-01 9.033281651911192339e-03 6.893199942344734044e-02 -6.788862466040578303e-01 7.309447608745393010e-01
1.520530400902295351e+09 -1.862608075141906738e+00 3.572779297828674316e-01 2.955288887023925781e-01 2.923592158161735996e-02 4.989859424488458928e-02 -6.490792583588578246e-01 7.585192862083158793e-01
1.520530400952297211e+09 -1.890393853187561035e+00 3.024987876415252686e-01 2.462624311447143555e-01 5.092345610403815892e-02 3.297279200088493178e-02 -6.182073571052825178e-01 7.836703772805170276e-01
1.520530401002299309e+09 -1.908544182777404785e+00 2.453895360231399536e-01 2.010436207056045532e-01 7.001053824896195932e-02 1.948059035418233526e-02 -5.830601665015329171e-01 8.091723384871408742e-01
1.520530401052300453e+09 -1.919868588447570801e+00 1.843868941068649292e-01 1.624256521463394165e-01 8.508659030811072110e-02 6.643206716122593974e-03 -5.406867783354459833e-01 8.368834731833951768e-01
1.520530401102302313e+09 -1.922459721565246582e+00 1.205228492617607117e-01 1.321042776107788086e-01 1.010578224710914769e-01 -3.985146622821336346e-03 -4.919355034832114670e-01 8.647374720321280295e-01
1.520530401152303219e+09 -1.917005896568298340e+00 5.478877574205398560e-02 1.104856953024864197e-01 1.155697577077356986e-01 -1.139699989159600850e-02 -4.404284160700865369e-01 8.902452189227647583e-01
1.520530401202755213e+09 -1.906295299530029297e+00 -1.246847957372665405e-02 9.833160787820816040e-02 1.226006623759105935e-01 -1.505695410693804262e-02 -3.907635654914523027e-01 9.121656656564184340e-01
1.520530401252756119e+09 -1.892396211624145508e+00 -8.036511391401290894e-02 9.802433103322982788e-02 1.190705299657152244e-01 -1.946772886154314597e-02 -3.451341175460301280e-01 9.307661668391155052e-01
1.520530401302758217e+09 -1.875292658805847168e+00 -1.457380056381225586e-01 1.131286993622779846e-01 1.074826694955228479e-01 -2.343090388474493302e-02 -2.999726173290596098e-01 9.475837152220448756e-01
1.520530401352759123e+09 -1.854025602340698242e+00 -2.052278071641921997e-01 1.420531421899795532e-01 8.671427349552882080e-02 -2.424023625814232183e-02 -2.547266433786873896e-01 9.628122261746155930e-01
1.520530401402760983e+09 -1.829781889915466309e+00 -2.589555680751800537e-01 1.800818443298339844e-01 5.824633808271794527e-02 -1.804281506859649331e-02 -2.110968885885802782e-01 9.755613381805240403e-01
1.520530401452763319e+09 -1.801742076873779297e+00 -3.033117353916168213e-01 2.267992049455642700e-01 2.751067888864188946e-02 -1.032742992781959974e-02 -1.695288037299568507e-01 9.850870476481060622e-01
1.520530401502764225e+09 -1.770280003547668457e+00 -3.374877572059631348e-01 2.788570523262023926e-01 -2.943628999666241929e-03 -7.165228077183810607e-03 -1.260802972551236800e-01 9.919897949066684983e-01
1.520530401552766085e+09 -1.735259294509887695e+00 -3.626768589019775391e-01 3.303862512111663818e-01 -3.081551052148105360e-02 -4.650144157788849847e-03 -7.976220180492217537e-02 9.963266390265008710e-01
1.520530401603037357e+09 -1.698083877563476562e+00 -3.816575706005096436e-01 3.789089322090148926e-01 -5.534143683657915397e-02 -1.066698215080804550e-03 -2.990726347904263185e-02 9.980189091971032322e-01
1.520530401653039217e+09 -1.658685445785522461e+00 -3.902735412120819092e-01 4.184773862361907959e-01 -7.826241891952726015e-02 4.719557281749796329e-03 2.045739071834495187e-02 9.967117009090069590e-01
1.520530401703041315e+09 -1.618779659271240234e+00 -3.907800912857055664e-01 4.483785629272460938e-01 -1.004589856914582663e-01 1.103651229189057947e-02 7.090730123680180630e-02 9.923499091659088167e-01
1.520530401753042221e+09 -1.578930974006652832e+00 -3.845683634281158447e-01 4.690117835998535156e-01 -1.205417020115625154e-01 1.578347882579268779e-02 1.255070667522221739e-01 9.846159434355937767e-01
1.520530401803044081e+09 -1.538613677024841309e+00 -3.695426583290100098e-01 4.756336808204650879e-01 -1.335383144330399841e-01 1.922395735735239405e-02 1.857587459481675196e-01 9.732890867289478720e-01
1.520530401853045225e+09 -1.498506426811218262e+00 -3.460053801536560059e-01 4.681483507156372070e-01 -1.377749136321503309e-01 2.172789336416679207e-02 2.479699387372086283e-01 9.586745439961749105e-01
1.520530401903047323e+09 -1.459982395172119141e+00 -3.141025900840759277e-01 4.462792277336120605e-01 -1.344145028943296849e-01 2.197326062156220935e-02 3.107051113598408576e-01 9.406977468901454031e-01
1.520530401953048468e+09 -1.423453569412231445e+00 -2.735714018344879150e-01 4.102084934711456299e-01 -1.240006364922086740e-01 2.746399628873450599e-02 3.668768935947965271e-01 9.215589595916323651e-01
1.520530402002281427e+09 -1.392834424972534180e+00 -2.272332310676574707e-01 3.637326061725616455e-01 -1.067688246013974301e-01 3.813677775834650729e-02 4.143282499107575623e-01 9.030382636418765596e-01
1.520530402052283287e+09 -1.370140314102172852e+00 -1.726075857877731323e-01 3.090238869190216064e-01 -8.104682409599196780e-02 4.875933941011694611e-02 4.600624567474174142e-01 8.828343417741365551e-01
1.520530402102285147e+09 -1.356785416603088379e+00 -1.098350659012794495e-01 2.494475394487380981e-01 -5.247611388325139348e-02 6.724835721893651641e-02 5.042657098385882053e-01 8.593253224501482546e-01
1.520530402152286291e+09 -1.352755308151245117e+00 -3.970681130886077881e-02 1.880855560302734375e-01 -2.567369052993244763e-02 8.778718635538643178e-02 5.492166140970670130e-01 8.306596067741173206e-01
1.520530402202287197e+09 -1.357762932777404785e+00 3.662933781743049622e-02 1.274382472038269043e-01 -3.849718433426791656e-03 1.082634389266434460e-01 5.940601743213325125e-01 7.970926650930041379e-01
1.520530402252289295e+09 -1.370487213134765625e+00 1.194425523281097412e-01 7.027870416641235352e-02 1.609026697703974662e-02 1.257853105559767481e-01 6.387286412688722992e-01 7.589103252557343193e-01
1.520530402302290201e+09 -1.389327883720397949e+00 2.070909440517425537e-01 1.752962917089462280e-02 3.655385799573446920e-02 1.407073968199810954e-01 6.813740410612555420e-01 7.173525354479668437e-01
1.520530402352292299e+09 -1.415520906448364258e+00 2.979690432548522949e-01 -2.568277530372142792e-02 5.871383748427230070e-02 1.552916292422533151e-01 7.206477403328163112e-01 6.731300242363007502e-01
1.520530402402566671e+09 -1.446359515190124512e+00 3.916811645030975342e-01 -5.989859998226165771e-02 7.870087912751312642e-02 1.729786873863949637e-01 7.562005058477939690e-01 6.261352412140502866e-01
1.520530402452568769e+09 -1.478120207786560059e+00 4.854557216167449951e-01 -8.546902984380722046e-02 9.441268269519040301e-02 1.880072171501578349e-01 7.877094600010876579e-01 5.790106547124547198e-01
1.520530402502570629e+09 -1.508433103561401367e+00 5.790219902992248535e-01 -1.001666933298110962e-01 1.067668808226834021e-01 1.949530266956040203e-01 8.151041365810721695e-01 5.349760714929622241e-01
1.520530402552571774e+09 -1.535354733467102051e+00 6.707255840301513672e-01 -1.018251851201057434e-01 1.221125829893751624e-01 1.887661006176038492e-01 8.382911996375713715e-01 4.967129361547666377e-01
1.520530402602573633e+09 -1.557209014892578125e+00 7.578565478324890137e-01 -9.278678148984909058e-02 1.323131491713400720e-01 1.778412636960692295e-01 8.576601276262437734e-01 4.639879534680647621e-01
1.520530402652671576e+09 -1.573972821235656738e+00 8.424097895622253418e-01 -7.396672666072845459e-02 1.397295063174135432e-01 1.605192922407872869e-01 8.745250772179742338e-01 4.357925093432709618e-01
1.520530402702576637e+09 -1.581315875053405762e+00 9.145348668098449707e-01 -4.250230267643928528e-02 1.424598685057816561e-01 1.398424199535873158e-01 8.885928933630133919e-01 4.129793618470398164e-01
1.520530402752577543e+09 -1.580170750617980957e+00 9.758851528167724609e-01 -1.479553291574120522e-03 1.412118049701558964e-01 1.162231690836734443e-01 9.009061875839409206e-01 3.935980719950079032e-01
1.520530402803416491e+09 -1.570218920707702637e+00 1.029559612274169922e+00 4.755061864852905273e-02 1.345839125826889249e-01 8.899908751491349135e-02 9.117388206508915127e-01 3.777547561759734829e-01
1.520530402853417397e+09 -1.552053093910217285e+00 1.071970820426940918e+00 1.012372821569442749e-01 1.248584586933395996e-01 5.895264322697194720e-02 9.202779933895989251e-01 3.660920185309836650e-01
1.520530402903419256e+09 -1.527469277381896973e+00 1.104390382766723633e+00 1.587045043706893921e-01 1.142414439615566657e-01 2.584587995347509271e-02 9.273545168659406146e-01 3.553793508623526165e-01
1.520530402953420401e+09 -1.498121857643127441e+00 1.126499652862548828e+00 2.184419780969619751e-01 1.028613700097288225e-01 -9.812711298564083182e-03 9.331176459102586973e-01 3.444048608071463291e-01
1.520530403003422260e+09 -1.465072274208068848e+00 1.141830921173095703e+00 2.792522907257080078e-01 8.961392577738089282e-02 -4.603678547475061750e-02 9.375033596615525155e-01 3.330726787252589749e-01
1.520530403053424597e+09 -1.429706931114196777e+00 1.147825121879577637e+00 3.379725515842437744e-01 7.249776908363135541e-02 -8.080074812817059082e-02 9.402701711182758215e-01 3.226566563470104065e-01
1.520530403103425264e+09 -1.391392946243286133e+00 1.146261930465698242e+00 3.945262730121612549e-01 5.485893602766497845e-02 -1.137869469078190421e-01 9.398888035681873809e-01 3.172570957102003320e-01
1.520530403153427362e+09 -1.350277662277221680e+00 1.137367725372314453e+00 4.462770223617553711e-01 4.026375616732770502e-02 -1.429340656922747088e-01 9.376545328994697615e-01 3.142493591672887443e-01
1.520530403202933073e+09 -1.306706547737121582e+00 1.124063491821289062e+00 4.891308844089508057e-01 2.534112067397788562e-02 -1.614724346308304415e-01 9.345833361958564289e-01 3.159722585329318711e-01
1.520530403252935171e+09 -1.257908940315246582e+00 1.106059908866882324e+00 5.228147506713867188e-01 1.042393925134597714e-02 -1.689041933300905185e-01 9.294081548529293801e-01 3.279682860565470981e-01
1.520530403302936077e+09 -1.204408168792724609e+00 1.083821177482604980e+00 5.458511710166931152e-01 -6.889736355166391560e-04 -1.729247559723660621e-01 9.207241480269727774e-01 3.498050847646905770e-01
1.520530403352938175e+09 -1.145118594169616699e+00 1.057243227958679199e+00 5.564016103744506836e-01 -7.590408795942479338e-03 -1.747816031449939966e-01 9.092788568502337965e-01 3.776317483759917271e-01
1.520530403402940273e+09 -1.079871773719787598e+00 1.028188705444335938e+00 5.554821491241455078e-01 -9.413513772688616305e-03 -1.721309776568703820e-01 8.967689382520656061e-01 4.075386897898215510e-01
1.520530403452941179e+09 -1.011300444602966309e+00 9.946974515914916992e-01 5.419930219650268555e-01 -7.253345845380014707e-03 -1.645298259525760087e-01 8.826191196539364681e-01 4.402962808920518611e-01
1.520530403502943039e+09 -9.416747093200683594e-01 9.573115706443786621e-01 5.167711973190307617e-01 -3.560253275104903904e-03 -1.541890737688275115e-01 8.653307803454578506e-01 4.768812165661899249e-01
1.520530403552945137e+09 -8.715400695800781250e-01 9.147754907608032227e-01 4.801898002624511719e-01 4.381486723531048851e-03 -1.419232054627907469e-01 8.464764440019596492e-01 5.131434848802576276e-01
1.520530403602946043e+09 -8.040451407432556152e-01 8.690215945243835449e-01 4.342451691627502441e-01 1.551745069377775087e-02 -1.220337958258392586e-01 8.275297190637576072e-01 5.477787194356512623e-01
1.520530403652253866e+09 -7.406654357910156250e-01 8.189359307289123535e-01 3.812033534049987793e-01 2.794361294528567227e-02 -9.431191629151035316e-02 8.063247244399520675e-01 5.832365349477196537e-01
1.520530403702255726e+09 -6.809405088424682617e-01 7.623773217201232910e-01 3.235784173011779785e-01 4.100838950728630944e-02 -6.481584751849388260e-02 7.813490442672179626e-01 6.193632931674131203e-01
1.520530403752256870e+09 -6.299547553062438965e-01 7.008543014526367188e-01 2.653167247772216797e-01 5.617085515911211108e-02 -3.905027131441508176e-02 7.510540046326197317e-01 6.566869828664717579e-01
1.520530403802257776e+09 -5.884934067726135254e-01 6.334254741668701172e-01 2.085632085800170898e-01 7.442576969990183366e-02 -1.593424147903780425e-02 7.157103810273738320e-01 6.942373911298038713e-01
1.520530403852260590e+09 -5.573179125785827637e-01 5.619484782218933105e-01 1.554650068283081055e-01 9.752822982290619558e-02 2.879413649109198621e-03 6.774876414961070736e-01 7.290339148384592516e-01
1.520530403902260780e+09 -5.366140007972717285e-01 4.875300228595733643e-01 1.085044220089912415e-01 1.250735413709784527e-01 1.679967026892521462e-02 6.381287786016884844e-01 7.595169795653646805e-01
1.520530403952262640e+09 -5.235934853553771973e-01 4.107199311256408691e-01 6.890347599983215332e-02 1.495538526834535586e-01 2.959862771253560232e-02 5.975003337990149044e-01 7.872426039634391470e-01
1.520530404002263546e+09 -5.163150429725646973e-01 3.331260681152343750e-01 3.690260648727416992e-02 1.643398657436497545e-01 4.334870235412369849e-02 5.545108763522427209e-01 8.146354930511194858e-01
1.520530404052744627e+09 -5.120391249656677246e-01 2.534755468368530273e-01 1.043070014566183090e-02 1.717067430092371894e-01 5.112136290319748561e-02 5.113426805324967628e-01 8.404951301024415899e-01
1.520530404102746725e+09 -5.114846229553222656e-01 1.749899238348007202e-01 -4.534425213932991028e-03 1.709290981548738653e-01 5.783916063947919239e-02 4.698853329586998862e-01 8.640865979580830691e-01
1.520530404152747631e+09 -5.112037062644958496e-01 9.719788283109664917e-02 -9.377569891512393951e-03 1.678280884570378939e-01 6.238847990990457199e-02 4.295336659450791350e-01 8.851227260211825820e-01
1.520530404202749491e+09 -5.102220773696899414e-01 1.935400255024433136e-02 -4.978979472070932388e-03 1.635941715492588988e-01 6.884335732577023803e-02 3.920210305336815360e-01 9.026721723895881899e-01
1.520530404252828598e+09 -5.065830945968627930e-01 -5.654496699571609497e-02 1.115733291953802109e-02 1.525138682856347905e-01 7.208741065298204798e-02 3.579202696275109452e-01 9.183877208432559280e-01
1.520530404302752495e+09 -4.996414482593536377e-01 -1.274611800909042358e-01 4.021652787923812866e-02 1.320520253662463006e-01 7.183078264729424178e-02 3.294291351122728972e-01 9.321368173182139616e-01
1.520530404352753401e+09 -4.884872138500213623e-01 -1.901163607835769653e-01 8.137115836143493652e-02 1.053417424839681732e-01 7.326811209905309541e-02 3.047808266412715961e-01 9.437391317264240964e-01
1.520530404402755737e+09 -4.727952778339385986e-01 -2.433158904314041138e-01 1.334527283906936646e-01 7.766629556239511289e-02 7.275871745839775084e-02 2.851440237322827032e-01 9.525581353897445425e-01
1.520530404453112364e+09 -4.515659809112548828e-01 -2.866971492767333984e-01 1.923914998769760132e-01 4.944326263789216441e-02 6.928522233527513452e-02 2.708154960205449990e-01 9.588607244333339219e-01
1.520530404503114223e+09 -4.243117272853851318e-01 -3.210740685462951660e-01 2.523527145385742188e-01 2.283573811142932189e-02 6.521322868663598227e-02 2.613248643448969899e-01 9.627746772450405111e-01
1.520530404553115129e+09 -3.915647566318511963e-01 -3.504052162170410156e-01 3.131251931190490723e-01 -9.043822245138233469e-04 6.227599552662451549e-02 2.571549897347562563e-01 9.643610287275596882e-01
1.520530404603117466e+09 -3.533211052417755127e-01 -3.737302720546722412e-01 3.716062605381011963e-01 -2.153816600509583790e-02 6.096342114245840299e-02 2.584146818367920040e-01 9.638679478533010991e-01
1.520530404653119326e+09 -3.099769949913024902e-01 -3.905577957630157471e-01 4.262773990631103516e-01 -4.353293633675048985e-02 6.056769366017509398e-02 2.632838103215133785e-01 9.618305844384305026e-01
1.520530404703120232e+09 -2.613244056701660156e-01 -4.005806446075439453e-01 4.752431511878967285e-01 -6.831018331013474776e-02 5.735715975449789950e-02 2.727874399366426728e-01 9.579305234169362970e-01
1.520530404753122330e+09 -2.076670676469802856e-01 -4.059500992298126221e-01 5.190824866294860840e-01 -9.471456218169868602e-02 5.412985850425490464e-02 2.844775172421092901e-01 9.524555907299845359e-01
1.520530404803123236e+09 -1.496658027172088623e-01 -4.060038328170776367e-01 5.579512119293212891e-01 -1.160321760791212797e-01 4.924918037674690802e-02 3.042975478170208969e-01 9.442002196245826706e-01
1.520530404852641821e+09 -8.866534382104873657e-02 -3.989915847778320312e-01 5.885482430458068848e-01 -1.302824700256502155e-01 4.525070038521995797e-02 3.294060363458862217e-01 9.340613017021716091e-01
1.520530404902642727e+09 -2.306124381721019745e-02 -3.874173462390899658e-01 6.111479997634887695e-01 -1.417827589958565171e-01 4.142488491762631037e-02 3.552974719829566363e-01 9.230088485835900025e-01
1.520530404952645063e+09 4.577354341745376587e-02 -3.737633824348449707e-01 6.254634857177734375e-01 -1.474066432246352865e-01 2.736181310132881558e-02 3.831485356264895392e-01 9.114383206582492569e-01
1.520530405002646923e+09 1.153338700532913208e-01 -3.560244739055633545e-01 6.294811964035034180e-01 -1.471880037789057016e-01 1.011662157337048402e-02 4.136933570442919428e-01 8.983825197814937491e-01
1.520530405052647829e+09 1.845943629741668701e-01 -3.346081376075744629e-01 6.218997240066528320e-01 -1.448203210954105147e-01 -1.176673826078820841e-03 4.453051334774308923e-01 8.835887211452942980e-01
1.520530405102649927e+09 2.550251185894012451e-01 -3.100020587444305420e-01 6.037986874580383301e-01 -1.393992960296098205e-01 -5.669929188530944963e-03 4.816368508831905815e-01 8.651945631132742509e-01
1.520530405152650833e+09 3.254657685756683350e-01 -2.789034843444824219e-01 5.748535990715026855e-01 -1.300081408927954429e-01 -2.086281924625216829e-03 5.213902977194415644e-01 8.433538333187099445e-01
1.520530405202652931e+09 3.951151072978973389e-01 -2.418596893548965454e-01 5.356813073158264160e-01 -1.180901505853294703e-01 9.050293089394714774e-03 5.602310440214737230e-01 8.198255825749400927e-01
1.520530405252326965e+09 4.615393280982971191e-01 -1.999253928661346436e-01 4.875045120716094971e-01 -1.034702979407050860e-01 2.129102764284323060e-02 5.968706309152032041e-01 7.953527767832715423e-01
1.520530405302330017e+09 5.229362845420837402e-01 -1.526023298501968384e-01 4.330916404724121094e-01 -8.616499818884749973e-02 3.254069469520388946e-02 6.294353166124084797e-01 7.715749338054642692e-01
1.520530405352330923e+09 5.763744711875915527e-01 -1.029478684067726135e-01 3.768598437309265137e-01 -6.961253253137827945e-02 4.636664294564033645e-02 6.575982540163995971e-01 7.487114037138089540e-01
1.520530405402333021e+09 6.219929456710815430e-01 -4.995200783014297485e-02 3.203605115413665771e-01 -5.461586753627049873e-02 6.300645768813517567e-02 6.857027087306780677e-01 7.230899588172033932e-01
1.520530405452333927e+09 6.610977053642272949e-01 6.379294209182262421e-03 2.643563151359558105e-01 -3.864576869272404180e-02 7.798985792219208235e-02 7.139541191218851113e-01 6.947615435617587876e-01
1.520530405502335072e+09 6.923074126243591309e-01 6.669963896274566650e-02 2.091868370771408081e-01 -2.285106667030508895e-02 9.314538541082587053e-02 7.427836062618575763e-01 6.626268031081505860e-01
1.520530405552336931e+09 7.131720185279846191e-01 1.312501430511474609e-01 1.565468162298202515e-01 -8.439802955813618945e-03 1.098938812013350308e-01 7.717160684652049074e-01 6.263436870226929409e-01
1.520530405602339029e+09 7.248907089233398438e-01 1.993997842073440552e-01 1.092416495084762573e-01 4.221508505040801398e-03 1.284169630695506381e-01 7.998208544802034581e-01 5.863257313136552851e-01
1.520530405652791739e+09 7.254645228385925293e-01 2.704131305217742920e-01 6.847929954528808594e-02 1.936209223633656579e-02 1.458528952346767882e-01 8.271421287294747904e-01 5.423909486862469320e-01
1.520530405702792645e+09 7.175142168998718262e-01 3.414869904518127441e-01 3.645050153136253357e-02 3.240235515010358308e-02 1.614933010238296107e-01 8.519879560141574437e-01 4.969773877270185491e-01
1.520530405752794743e+09 7.022963166236877441e-01 4.123120307922363281e-01 1.350331772118806839e-02 4.489046365660237514e-02 1.715067189640687995e-01 8.750511467188762937e-01 4.503951401257065834e-01
1.520530405802796602e+09 6.862947344779968262e-01 4.843705296516418457e-01 -4.834548570215702057e-03 5.564157266829927728e-02 1.755424165348348220e-01 8.957205966249756068e-01 4.046893724449740493e-01
1.520530405852855682e+09 6.642908453941345215e-01 5.541946887969970703e-01 -1.266368944197893143e-02 6.305197146359245441e-02 1.773054613796999357e-01 9.134943981940905067e-01 3.607148551522418312e-01
1.520530405902799606e+09 6.413056850433349609e-01 6.221720576286315918e-01 -1.381274033337831497e-02 6.617132109128878725e-02 1.775456989164856669e-01 9.286907854468258172e-01 3.187982215876495329e-01
1.520530405952800512e+09 6.183865666389465332e-01 6.887491345405578613e-01 -1.007372792810201645e-02 6.442771047435109921e-02 1.755830480327892351e-01 9.408761772014738733e-01 2.824388120306579597e-01
1.520530406002802610e+09 5.985555648803710938e-01 7.534399032592773438e-01 1.474303542636334896e-03 6.039462986687228752e-02 1.709362269319327221e-01 9.501399402693951890e-01 2.537072898250824493e-01
1.520530406052803755e+09 5.840395092964172363e-01 8.169248700141906738e-01 2.140726521611213684e-02 6.091437752269610040e-02 1.632120580063931015e-01 9.567550845521677338e-01 2.329613077657204934e-01
1.520530406103569508e+09 5.752971172332763672e-01 8.794524669647216797e-01 5.089672282338142395e-02 6.977859015618494143e-02 1.492114189611288555e-01 9.623127408924090354e-01 2.163818142163541625e-01
1.520530406153570652e+09 5.740645527839660645e-01 9.363034963607788086e-01 8.800916373729705811e-02 7.932198371070460496e-02 1.293490162283376932e-01 9.666842900478360701e-01 2.061512509679995775e-01
1.520530406203572512e+09 5.806952714920043945e-01 9.872658848762512207e-01 1.305704861879348755e-01 8.725991180866761454e-02 1.021694997472181871e-01 9.699050873914477622e-01 2.030547280038923486e-01
1.520530406253574610e+09 5.958665609359741211e-01 1.028810977935791016e+00 1.776551902294158936e-01 8.913573401475025082e-02 6.974106108903439794e-02 9.718954321923362061e-01 2.064225622442931174e-01
1.520530406303575754e+09 6.177287697792053223e-01 1.061947464942932129e+00 2.274901121854782104e-01 8.889330983068916003e-02 3.510810458322181221e-02 9.730696147259516593e-01 2.097639753556520270e-01
1.520530406353577614e+09 6.455317735671997070e-01 1.089997410774230957e+00 2.753708362579345703e-01 8.586040571485688278e-02 4.388395537018784272e-03 9.724083784643140493e-01 2.168655763543263226e-01
1.520530406403578520e+09 6.781626343727111816e-01 1.112686514854431152e+00 3.189009428024291992e-01 8.409647121790374269e-02 -1.995625595609662115e-02 9.699546092948138076e-01 2.274150111242796424e-01
1.520530406453580618e+09 7.152978777885437012e-01 1.129983305931091309e+00 3.547407984733581543e-01 8.293016454088671108e-02 -3.830240013805310401e-02 9.662925833095667993e-01 2.406951544876008431e-01
1.520530406503485203e+09 7.554253339767456055e-01 1.142310380935668945e+00 3.831783235073089600e-01 7.921205150194790545e-02 -5.408087533093911686e-02 9.618664006449005877e-01 2.561517853357957453e-01
1.520530406553487539e+09 7.975423336029052734e-01 1.146632194519042969e+00 4.023697972297668457e-01 7.210801685768833402e-02 -6.876084380354161030e-02 9.557240404706458525e-01 2.768825359800429209e-01
1.520530406603489399e+09 8.409609198570251465e-01 1.144198417663574219e+00 4.125767052173614502e-01 6.518707361135699097e-02 -8.294603893124799510e-02 9.475466517038148018e-01 3.017050594612112335e-01
1.520530406653490305e+09 8.846623301506042480e-01 1.138074994087219238e+00 4.120810627937316895e-01 5.669733670354459854e-02 -9.336559739482726272e-02 9.376942781533981197e-01 3.298449907944785431e-01
1.520530406703492403e+09 9.267685413360595703e-01 1.126528382301330566e+00 4.013247191905975342e-01 4.241839967193380273e-02 -9.487635936343358223e-02 9.261322177284070367e-01 3.625993258249043949e-01
1.520530406753493309e+09 9.653551578521728516e-01 1.109294056892395020e+00 3.826238214969635010e-01 2.922252123802618687e-02 -8.544485068375340386e-02 9.132991812634065898e-01 3.971521462207087683e-01
1.520530406803495169e+09 9.991286396980285645e-01 1.086324334144592285e+00 3.589736521244049072e-01 2.451605074939425255e-02 -6.949411081528739098e-02 8.975640211069502161e-01 4.346819064925155351e-01
1.520530406853497505e+09 1.027714371681213379e+00 1.057875871658325195e+00 3.327211737632751465e-01 2.908947300947659770e-02 -5.047375677855749782e-02 8.786439245683790311e-01 4.739103884235570385e-01
1.520530406902691841e+09 1.050735712051391602e+00 1.024271607398986816e+00 3.055966794490814209e-01 3.778802804078000566e-02 -3.020822678150663146e-02 8.571076003146427258e-01 5.128606920542664316e-01
1.520530406952692747e+09 1.067535042762756348e+00 9.842174649238586426e-01 2.770875394344329834e-01 4.833063281254256632e-02 -1.359451319087345497e-02 8.326692829233054427e-01 5.514899857830881658e-01
1.520530407002693892e+09 1.076792597770690918e+00 9.392499923706054688e-01 2.474246323108673096e-01 5.652776168222220510e-02 -1.818683056407743035e-03 8.039027112747801906e-01 5.920656512213791078e-01
1.520530407052695990e+09 1.076729655265808105e+00 8.884772658348083496e-01 2.168096303939819336e-01 6.258046413033917232e-02 7.771441912871391786e-03 7.706094716709194214e-01 6.341800472822309853e-01
1.520530407102697849e+09 1.066785573959350586e+00 8.327134847640991211e-01 1.850318312644958496e-01 6.925114671703891389e-02 1.694365326844856495e-02 7.321335337585237468e-01 6.774198698285652798e-01
1.520530407152698994e+09 1.044678330421447754e+00 7.733212113380432129e-01 1.518021076917648315e-01 7.908304149021049001e-02 2.564718797312640769e-02 6.899452904415698251e-01 7.190713389471357075e-01
1.520530407202700853e+09 1.009917497634887695e+00 7.119158506393432617e-01 1.178542077541351318e-01 9.243302518583690341e-02 3.302871338070906965e-02 6.447593974865839517e-01 7.580570950133945773e-01
1.520530407252701759e+09 9.636697173118591309e-01 6.499876379966735840e-01 8.376818150281906128e-02 1.094418090100794105e-01 3.743836271843091479e-02 5.983974914698663161e-01 7.928059672076994691e-01
1.520530407303184986e+09 9.051844477653503418e-01 5.891706347465515137e-01 4.927884787321090698e-02 1.283219324371899783e-01 4.110530444865252708e-02 5.500104498963269695e-01 8.242161977337068013e-01
1.520530407353184938e+09 8.359642624855041504e-01 5.326416492462158203e-01 1.729886792600154877e-02 1.470037660235124222e-01 4.152811954902710379e-02 4.971278477612633973e-01 8.541248216987258335e-01
1.520530407403186798e+09 7.556214332580566406e-01 4.797284007072448730e-01 -1.147550903260707855e-02 1.630523708739715361e-01 4.072422676700461486e-02 4.366735867343078392e-01 8.837825752724486339e-01
1.520530407453220844e+09 6.652395725250244141e-01 4.311758279800415039e-01 -3.608985245227813721e-02 1.762876451906677522e-01 3.753121072224178956e-02 3.688298937027306712e-01 9.118544751691929351e-01
1.520530407503189802e+09 5.650659203529357910e-01 3.882604241371154785e-01 -5.634022876620292664e-02 1.885777968518441983e-01 2.962824450995410128e-02 2.974809044898752419e-01 9.354494604871226304e-01
1.520530407553190947e+09 4.566755592823028564e-01 3.518767058849334717e-01 -7.123114168643951416e-02 2.009948552438660663e-01 1.772575561031473207e-02 2.271468092184840692e-01 9.527282890811010763e-01
1.520530407603193045e+09 3.417805135250091553e-01 3.236116170883178711e-01 -8.102824538946151733e-02 2.111801388816638703e-01 2.637996658725566806e-03 1.583741071048923310e-01 9.645276730681592303e-01
1.520530407653193712e+09 2.219545245170593262e-01 3.046789169311523438e-01 -8.553396165370941162e-02 2.138562135012171406e-01 -1.638120547431477433e-02 9.050396544431288381e-02 9.725256851584871409e-01
1.520530407703509569e+09 9.830135852098464966e-02 2.949094772338867188e-01 -8.502192050218582153e-02 2.076968318415124692e-01 -3.764104217252156603e-02 2.052567405417351706e-02 9.772532295632421206e-01
1.520530407753510714e+09 -2.575513534247875214e-02 2.937202453613281250e-01 -8.110403269529342651e-02 1.979806721285629068e-01 -5.382860824670074318e-02 -4.800663888636660936e-02 9.775487184895593762e-01
1.520530407803512573e+09 -1.490504145622253418e-01 2.999916672706604004e-01 -7.576576620340347290e-02 1.891949740151671888e-01 -6.210045781742494497e-02 -1.113169174038016462e-01 9.736310075413487919e-01
1.520530407853514671e+09 -2.699880003929138184e-01 3.138632774353027344e-01 -6.919312477111816406e-02 1.823413934960588789e-01 -6.316433732200943396e-02 -1.688966869427068196e-01 9.665587368848125305e-01
1.520530407903515816e+09 -3.882553577423095703e-01 3.323354423046112061e-01 -6.104490533471107483e-02 1.745613164658106342e-01 -6.064129437729514488e-02 -2.238562784567605379e-01 9.569427082147911046e-01
1.520530407953517675e+09 -4.984785020351409912e-01 3.602348864078521729e-01 -4.766995087265968323e-02 1.667221317306885608e-01 -5.494293503785189353e-02 -2.742824521129204607e-01 9.454914812643870903e-01
1.520530408003518820e+09 -6.027427315711975098e-01 3.924131095409393311e-01 -3.167598694562911987e-02 1.609182908057671391e-01 -4.628846662688781283e-02 -3.194541244229915367e-01 9.326905938898611970e-01
1.520530408053520679e+09 -6.998730897903442383e-01 4.253157079219818115e-01 -1.469669584184885025e-02 1.540305829459402143e-01 -4.044387644060264131e-02 -3.620261652810745634e-01 9.184638958759735461e-01
1.520530408103521585e+09 -7.882434129714965820e-01 4.594133794307708740e-01 4.770642146468162537e-03 1.462664695060965081e-01 -3.666061763246536431e-02 -4.032013070748937111e-01 9.026022518175574882e-01
1.520530408153603077e+09 -8.709499835968017578e-01 4.932852983474731445e-01 2.505575306713581085e-02 1.380070084918199602e-01 -3.521004533581921503e-02 -4.428614647630007006e-01 8.852050843406615854e-01
1.520530408203605175e+09 -9.488497376441955566e-01 5.257891416549682617e-01 4.528428986668586731e-02 1.282788520194839965e-01 -3.491870700305145514e-02 -4.799408335707899820e-01 8.671689664057251612e-01
1.520530408253606319e+09 -1.024199008941650391e+00 5.576083064079284668e-01 6.641358137130737305e-02 1.161190707498825775e-01 -3.609845753359241377e-02 -5.130742740092991694e-01 8.496870318662689270e-01
1.520530408303608179e+09 -1.093663573265075684e+00 5.846357345581054688e-01 8.866167068481445312e-02 1.045367049656547170e-01 -3.552964084872275302e-02 -5.415563210168490293e-01 8.333825490750211840e-01
1.520530408353609324e+09 -1.160228013992309570e+00 6.080105304718017578e-01 1.132021322846412659e-01 9.513729272526426362e-02 -2.985694276769983169e-02 -5.674988306401698157e-01 8.173142209233322797e-01
1.520530408403612137e+09 -1.224106907844543457e+00 6.274920701980590820e-01 1.421817243099212646e-01 8.343620249304227465e-02 -2.216322441077972841e-02 -5.912082544027200681e-01 8.018852732924740545e-01
1.520530408453613043e+09 -1.285091638565063477e+00 6.438318490982055664e-01 1.759884506464004517e-01 6.912022468364258099e-02 -1.065252572589104468e-02 -6.123069801290018654e-01 7.875208443721628537e-01
1.520530408503614187e+09 -1.341193318367004395e+00 6.556115150451660156e-01 2.136245071887969971e-01 5.249673328701483233e-02 2.091514576635768261e-03 -6.281117591156832880e-01 7.763474329329422829e-01
1.520530408553373814e+09 -1.390545129776000977e+00 6.628457307815551758e-01 2.554338872432708740e-01 3.816601256886575227e-02 1.855504324281137193e-02 -6.432238809445640637e-01 7.645012131039846670e-01
1.520530408603375673e+09 -1.436877489089965820e+00 6.682212352752685547e-01 3.001602292060852051e-01 2.317945507307293818e-02 3.356941941997598766e-02 -6.582284138521485861e-01 7.517121537796271902e-01
1.520530408653376818e+09 -1.477732300758361816e+00 6.703382134437561035e-01 3.444512784481048584e-01 6.958217374060228153e-03 4.575955876961666086e-02 -6.684393300135770266e-01 7.423250690116732775e-01
1.520530408703378677e+09 -1.512951374053955078e+00 6.682580113410949707e-01 3.886058330535888672e-01 -7.760372116403617404e-03 5.832764584169122801e-02 -6.727049440500449951e-01 7.375674346158506145e-01
1.520530408753379822e+09 -1.544025063514709473e+00 6.614936590194702148e-01 4.323080778121948242e-01 -2.283757474706735180e-02 7.198819272856453455e-02 -6.716702351642777069e-01 7.369906651252180474e-01
1.520530408803381920e+09 -1.571233868598937988e+00 6.484850645065307617e-01 4.741888642311096191e-01 -3.936806941583716191e-02 8.643676066967002913e-02 -6.673332241531708675e-01 7.386780147376378336e-01
1.520530408853382826e+09 -1.596163868904113770e+00 6.300901770591735840e-01 5.133484601974487305e-01 -5.584794727783124607e-02 9.986571430813857841e-02 -6.603101733051414124e-01 7.422252494494592234e-01
1.520530408903384924e+09 -1.618280053138732910e+00 6.065127849578857422e-01 5.488380789756774902e-01 -7.033377019733957902e-02 1.095261629450653140e-01 -6.501340158170951788e-01 7.485872974329020879e-01
1.520530408952877998e+09 -1.635901331901550293e+00 5.784382224082946777e-01 5.807256102561950684e-01 -8.178015432724113076e-02 1.163735784718359784e-01 -6.364390565540820610e-01 7.580992836590877415e-01
1.520530409002879858e+09 -1.650125503540039062e+00 5.457293391227722168e-01 6.101809144020080566e-01 -9.254904518313053496e-02 1.222241553377415718e-01 -6.185171391564051602e-01 7.706701490634256801e-01
1.520530409052890062e+09 -1.659572839736938477e+00 5.082640647888183594e-01 6.381805539131164551e-01 -1.031766693229906606e-01 1.312549628679911262e-01 -5.972475038232555322e-01 7.844884503973447165e-01
1.520530409102882862e+09 -1.665361642837524414e+00 4.680793285369873047e-01 6.637765169143676758e-01 -1.146602529134140430e-01 1.437239110443551682e-01 -5.723559497629072679e-01 7.991277310711640824e-01
1.520530409152883768e+09 -1.665912032127380371e+00 4.251779019832611084e-01 6.840274333953857422e-01 -1.287256928016242974e-01 1.549130978267728442e-01 -5.417183048802883816e-01 8.160716306134415676e-01
1.520530409202885628e+09 -1.660677433013916016e+00 3.792670965194702148e-01 6.958181858062744141e-01 -1.411988468677146669e-01 1.622791326487600938e-01 -5.069809073068138883e-01 8.346848078025342899e-01
1.520530409252886772e+09 -1.652678966522216797e+00 3.309704363346099854e-01 6.976242661476135254e-01 -1.495076793951583272e-01 1.647195886820777277e-01 -4.700449481883743341e-01 8.541502546910995086e-01
1.520530409302888870e+09 -1.640291571617126465e+00 2.800708115100860596e-01 6.892840266227722168e-01 -1.506918047033330155e-01 1.610013070101466437e-01 -4.329073951417470312e-01 8.740490526096714730e-01
1.520530409352901936e+09 -1.623296380043029785e+00 2.280336320400238037e-01 6.701411008834838867e-01 -1.420395996718186171e-01 1.546810596099882640e-01 -3.973400368558073215e-01 8.933193253447652138e-01
1.520530409402904272e+09 -1.600835680961608887e+00 1.770749837160110474e-01 6.401417851448059082e-01 -1.274533197419301378e-01 1.499905498721733899e-01 -3.614618269289051056e-01 9.113746945735451410e-01
1.520530409452906132e+09 -1.572841882705688477e+00 1.282914876937866211e-01 6.014086008071899414e-01 -1.116289260046029602e-01 1.467538110000731755e-01 -3.262271167193836474e-01 9.271343862423458981e-01
1.520530409502907276e+09 -1.537886977195739746e+00 8.386070281267166138e-02 5.556334257125854492e-01 -9.306157622870134261e-02 1.427928281208616923e-01 -2.917592367932849151e-01 9.411834566187804452e-01
1.520530409552909136e+09 -1.494723320007324219e+00 4.603347927331924438e-02 5.038210153579711914e-01 -7.081590250958372246e-02 1.356008434391982043e-01 -2.557003970670379545e-01 9.545757309664278933e-01
1.520530409602910042e+09 -1.444436311721801758e+00 1.528421882539987564e-02 4.466659426689147949e-01 -4.537269339158633841e-02 1.261718682958126447e-01 -2.182706083009888220e-01 9.666332913246127312e-01
1.520530409652912140e+09 -1.387581825256347656e+00 -8.029275573790073395e-03 3.851692080497741699e-01 -1.881771457552058532e-02 1.174838569290246465e-01 -1.821882650087398858e-01 9.760383563530380391e-01
1.520530409702913046e+09 -1.324655890464782715e+00 -2.323349379003047943e-02 3.216516971588134766e-01 8.161190413723779652e-03 1.059135508374617063e-01 -1.475631060200596756e-01 9.833315028319513651e-01
1.520530409752654076e+09 -1.257529616355895996e+00 -2.956495247781276703e-02 2.573935985565185547e-01 3.624651749881999813e-02 9.403763928043483433e-02 -1.162466714023630276e-01 9.880940358870918816e-01
1.520530409802656174e+09 -1.186565995216369629e+00 -2.764789946377277374e-02 1.935538649559020996e-01 6.326735781000296377e-02 8.296831718546707202e-02 -8.861595414999634546e-02 9.905860449497755349e-01
1.520530409852657318e+09 -1.113456845283508301e+00 -1.877172291278839111e-02 1.320749819278717041e-01 8.849515003137149727e-02 6.971009061690837394e-02 -6.525140987689183325e-02 9.914894680208082844e-01
1.520530409902659178e+09 -1.038667678833007812e+00 -3.462240099906921387e-03 7.390788942575454712e-02 1.133760258494299483e-01 5.742668204354669376e-02 -4.752500662806351250e-02 9.907519501353815317e-01
1.520530409952660322e+09 -9.623011946678161621e-01 1.693129166960716248e-02 1.861390285193920135e-02 1.397342906060903556e-01 4.912660011303997265e-02 -3.293409024471761343e-02 9.884210898649922195e-01
1.520530410002662182e+09 -8.838937878608703613e-01 4.252598434686660767e-02 -3.283934667706489563e-02 1.664170553872661718e-01 4.314801663195497183e-02 -1.667569322335639426e-02 9.849698135437859881e-01
1.520530410052664042e+09 -8.015542626380920410e-01 7.337915152311325073e-02 -7.928077876567840576e-02 1.926799340043364450e-01 3.896189326331642860e-02 4.774248969250182752e-03 9.804762212579161140e-01
1.520530410102666140e+09 -7.147209644317626953e-01 1.089965701103210449e-01 -1.182595342397689819e-01 2.208370510381450214e-01 3.275242364819078850e-02 3.066604506710871730e-02 9.742781272890647104e-01
1.520530410153222561e+09 -6.251782178878784180e-01 1.498709172010421753e-01 -1.492828428745269775e-01 2.502619247602501096e-01 2.674885196513837257e-02 5.784007725457907673e-02 9.660786683272880593e-01
1.520530410203224659e+09 -5.370917916297912598e-01 1.945867985486984253e-01 -1.702622473239898682e-01 2.753707767219445435e-01 2.289306559239377703e-02 8.648206295739066518e-02 9.571664931776338037e-01
1.520530410253225565e+09 -4.522469043731689453e-01 2.425559610128402710e-01 -1.830821931362152100e-01 2.935342574760598233e-01 2.323269165550837650e-02 1.147645074222659184e-01 9.487502250658721437e-01
1.520530410303227425e+09 -3.726786971092224121e-01 2.915942072868347168e-01 -1.873865127563476562e-01 3.040455831790434549e-01 2.800462352592478568e-02 1.446454950149395624e-01 9.411958909718899369e-01
1.520530410353231430e+09 -2.974304258823394775e-01 3.401641249656677246e-01 -1.828440278768539429e-01 3.066836747921851680e-01 3.447328716723975506e-02 1.769616072781700633e-01 9.345808181411454640e-01
1.520530410403230667e+09 -2.252841293811798096e-01 3.889687657356262207e-01 -1.705947667360305786e-01 3.040003086328526005e-01 3.603970147781743183e-02 2.120862537486013499e-01 9.280648540050442374e-01
1.520530410453231573e+09 -1.544407606124877930e-01 4.359605014324188232e-01 -1.507625281810760498e-01 2.975691397037728558e-01 3.636339856497985273e-02 2.460602985727240177e-01 9.217291575116104418e-01
1.520530410503232718e+09 -8.565331250429153442e-02 4.813421964645385742e-01 -1.225007995963096619e-01 2.875912514091142902e-01 3.378769414067005206e-02 2.782797839139073415e-01 9.158111299293240082e-01
1.520530410553234577e+09 -2.041751332581043243e-02 5.241137146949768066e-01 -8.847001194953918457e-02 2.717884487113685910e-01 3.627289839860101811e-02 3.043038255913284584e-01 9.122579118425419020e-01
1.520530410603875160e+09 4.126604646444320679e-02 5.621966719627380371e-01 -4.765519127249717712e-02 2.500026697893575345e-01 3.938530562364551263e-02 3.207596679126968331e-01 9.127215885688594321e-01
1.520530410653876066e+09 9.667117893695831299e-02 5.942582488059997559e-01 -1.914622960612177849e-03 2.277024945296478031e-01 3.752984414685778258e-02 3.294539693103213929e-01 9.155343613917296119e-01
1.520530410703877926e+09 1.455259621143341064e-01 6.225098371505737305e-01 4.878170788288116455e-02 2.064461732712719322e-01 3.061965516998079243e-02 3.359107713266489270e-01 9.184804668394724869e-01
1.520530410753879070e+09 1.910825818777084351e-01 6.466370224952697754e-01 1.013269647955894470e-01 1.871688484933688446e-01 2.162696400550370712e-02 3.424559206039125558e-01 9.204477383452565054e-01
1.520530410803881168e+09 2.329445183277130127e-01 6.675766110420227051e-01 1.550156772136688232e-01 1.683365002588697312e-01 1.881428319215047024e-02 3.464420819836278032e-01 9.226520087548775173e-01
1.520530410853882313e+09 2.668420672416687012e-01 6.845709085464477539e-01 2.117852419614791870e-01 1.482457756806106197e-01 1.747705716926846106e-02 3.471501627612890162e-01 9.258533938806764452e-01
1.520530410903884172e+09 2.937148809432983398e-01 6.992760300636291504e-01 2.692981958389282227e-01 1.232194606637740525e-01 1.312424153782600598e-02 3.438658427847693377e-01 9.308066399439282046e-01
1.520530410953885078e+09 3.141356706619262695e-01 7.125917077064514160e-01 3.268098533153533936e-01 9.442154123433300905e-02 3.522772269340594935e-03 3.406725157599205800e-01 9.354220435890305829e-01
1.520530411003417969e+09 3.287181258201599121e-01 7.242724299430847168e-01 3.814538121223449707e-01 6.442218114887332536e-02 -5.217363463475278157e-03 3.365318394099380273e-01 9.394513732801050843e-01
1.520530411053419828e+09 3.358677923679351807e-01 7.350724935531616211e-01 4.339225590229034424e-01 3.789631982946542466e-02 -1.297007394496632951e-02 3.316504324734302345e-01 9.425516626506112994e-01
1.520530411103420734e+09 3.375362455844879150e-01 7.449040412902832031e-01 4.803944826126098633e-01 1.982619444161455927e-02 -2.446997372947155511e-02 3.241727976012706014e-01 9.454735002605878513e-01
1.520530411153422832e+09 3.337357044219970703e-01 7.513676285743713379e-01 5.192891359329223633e-01 1.106140113664168777e-02 -3.231543784341900372e-02 3.108449027037526458e-01 9.498467267643643241e-01
1.520530411203423738e+09 3.222154080867767334e-01 7.545780539512634277e-01 5.495946407318115234e-01 9.552710717570900983e-03 -3.935791563589268599e-02 2.958897658904352523e-01 9.543631104752781091e-01
1.520530411253425837e+09 3.039628863334655762e-01 7.550095319747924805e-01 5.695714354515075684e-01 1.108957988579775504e-02 -4.587479578284710952e-02 2.785298762082119572e-01 9.592672372124865232e-01
1.520530411303426981e+09 2.791599333286285400e-01 7.528133988380432129e-01 5.800628662109375000e-01 1.211237627097681499e-02 -5.283099002707829922e-02 2.593871153653654060e-01 9.642512645655507697e-01
1.520530411353428841e+09 2.493744343519210815e-01 7.476717829704284668e-01 5.808653831481933594e-01 1.096955538588969929e-02 -5.978699845843483962e-02 2.386272727819696848e-01 9.692069997449495045e-01
1.520530411403009176e+09 2.154763936996459961e-01 7.392940521240234375e-01 5.720258355140686035e-01 1.032623659959226378e-02 -6.539739150214664287e-02 2.152101077988111399e-01 9.743208709268360579e-01
1.520530411453010082e+09 1.764978468418121338e-01 7.269449234008789062e-01 5.528358221054077148e-01 1.177009772934860775e-02 -7.000933146916628325e-02 1.878097684194258987e-01 9.796364882919191830e-01
1.520530411503011942e+09 1.320668309926986694e-01 7.126727700233459473e-01 5.244509577751159668e-01 1.614019640190000882e-02 -7.533717122546465528e-02 1.575181328329822439e-01 9.845058874992389519e-01
1.520530411553013086e+09 8.214547485113143921e-02 6.984331011772155762e-01 4.881379306316375732e-01 2.440005497211392843e-02 -8.018760984781869716e-02 1.244299538532583765e-01 9.886818351362220980e-01
1.520530411603014946e+09 2.662516944110393524e-02 6.855673193931579590e-01 4.440754354000091553e-01 3.754849894815826677e-02 -8.265421078082015038e-02 8.698947242013155279e-02 9.920641226024693449e-01
1.520530411653017044e+09 -3.352287784218788147e-02 6.757944822311401367e-01 3.935755789279937744e-01 5.703041427738654578e-02 -8.487378396957256932e-02 4.627782628492865813e-02 9.936812041275501217e-01
1.520530411703018188e+09 -9.925287961959838867e-02 6.707667708396911621e-01 3.368850052356719971e-01 8.049725732588967897e-02 -8.879955026648836403e-02 2.405451152654887285e-03 9.927885198974810699e-01
1.520530411753020048e+09 -1.693591624498367310e-01 6.716479063034057617e-01 2.765961289405822754e-01 1.050047343229194574e-01 -9.318808380281877468e-02 -4.550159680616686075e-02 9.890498427758942501e-01
1.520530411802906513e+09 -2.435723394155502319e-01 6.810324788093566895e-01 2.143835574388504028e-01 1.279411925704370956e-01 -9.480033916715750741e-02 -9.617222203778270917e-02 9.825450883525711498e-01
1.520530411852907658e+09 -3.210494220256805420e-01 6.997088193893432617e-01 1.534909605979919434e-01 1.487577135658719463e-01 -9.614541544016828867e-02 -1.496768023026735228e-01 9.727404877956595808e-01
1.520530411902908564e+09 -4.007171690464019775e-01 7.276998758316040039e-01 9.513571113348007202e-02 1.678884148643846608e-01 -9.915390434956569687e-02 -2.046324723453122607e-01 9.592223593455307951e-01
1.520530411952910662e+09 -4.806832373142242432e-01 7.646045088768005371e-01 4.383539035916328430e-02 1.841283349143951475e-01 -1.020117276907557546e-01 -2.617063690387590458e-01 9.419130215151230168e-01
1.520530412002911568e+09 -5.596815347671508789e-01 8.089115023612976074e-01 1.568899839185178280e-03 1.969645718288227099e-01 -1.049389221309900005e-01 -3.185624640197582402e-01 9.212549791365769458e-01
1.520530412052913427e+09 -6.354936957359313965e-01 8.590750694274902344e-01 -2.950327843427658081e-02 2.066612745046292332e-01 -1.057053755983684423e-01 -3.739325232903120133e-01 8.979376143226601714e-01
1.520530412102914572e+09 -7.072541117668151855e-01 9.121952652931213379e-01 -4.930333793163299561e-02 2.135482581004581881e-01 -1.031974477802057866e-01 -4.260902705168803095e-01 8.730375190132229068e-01
1.520530412152916670e+09 -7.733941674232482910e-01 9.661442041397094727e-01 -5.617496371269226074e-02 2.161960145760361274e-01 -9.727118868814575714e-02 -4.728995839911639965e-01 8.486245239171547050e-01
1.520530412203416109e+09 -8.332312107086181641e-01 1.016564488410949707e+00 -4.850395768880844116e-02 2.149377167703888369e-01 -8.749553563160533676e-02 -5.153437257961530626e-01 8.249649407317926064e-01
1.520530412253417015e+09 -8.901737332344055176e-01 1.061446070671081543e+00 -3.162606805562973022e-02 2.111990773985186198e-01 -7.290809684910923294e-02 -5.561573568994528927e-01 8.004800768829104518e-01
1.520530412303418875e+09 -9.431291222572326660e-01 1.098006248474121094e+00 -3.114997874945402145e-03 2.007660225998497139e-01 -5.973516647019164183e-02 -5.941647161739158634e-01 7.765906283945134270e-01
1.520530412353420019e+09 -9.927126169204711914e-01 1.126083612442016602e+00 3.506703302264213562e-02 1.862769720948737329e-01 -4.532910506055606858e-02 -6.282075040782503228e-01 7.540566913179339581e-01
1.520530412403422117e+09 -1.038830637931823730e+00 1.144412755966186523e+00 8.261724561452865601e-02 1.670577984108541636e-01 -2.862643772768018458e-02 -6.586292437913248143e-01 7.331300964194615855e-01
1.520530412453423023e+09 -1.079773426055908203e+00 1.151461005210876465e+00 1.397598385810852051e-01 1.445815927784472876e-01 -7.048019737400768037e-03 -6.843117085259053933e-01 7.146775314935992496e-01
1.520530412503425121e+09 -1.117452502250671387e+00 1.148460984230041504e+00 2.005055248737335205e-01 1.172953400141401176e-01 1.912496122529476483e-02 -7.041425872376921857e-01 7.000423243685394148e-01
1.520530412553426027e+09 -1.150442004203796387e+00 1.133700966835021973e+00 2.660800218582153320e-01 8.392746470670928161e-02 4.660690422641436403e-02 -7.171689632240261236e-01 6.902555000393038043e-01
1.520530412603427887e+09 -1.176628351211547852e+00 1.107269048690795898e+00 3.351306915283203125e-01 4.907795534055638814e-02 7.327621052710737992e-02 -7.243141754894397710e-01 6.838062053355690173e-01
1.520530412653629780e+09 -1.196315884590148926e+00 1.069011330604553223e+00 4.040991067886352539e-01 1.519569329308192301e-02 9.423506677768210549e-02 -7.235015975550381784e-01 6.836916566918569416e-01
1.520530412703630686e+09 -1.210671544075012207e+00 1.020980715751647949e+00 4.697184860706329346e-01 -1.298596431040343127e-02 1.117145562923894941e-01 -7.183908903588404060e-01 6.864879833564138112e-01
1.520530412753632784e+09 -1.223257660865783691e+00 9.675368666648864746e-01 5.286503434181213379e-01 -4.248679475761582558e-02 1.242376023553641712e-01 -7.094973973326471617e-01 6.923679178084540808e-01
1.520530412803633690e+09 -1.232946157455444336e+00 9.071611166000366211e-01 5.816885232925415039e-01 -7.236875817181238901e-02 1.336606942649666008e-01 -6.913012364006252408e-01 7.063994494620192688e-01
1.520530412853635788e+09 -1.238681197166442871e+00 8.398357033729553223e-01 6.250444650650024414e-01 -9.456051298583241504e-02 1.446136409298373060e-01 -6.656823865228633785e-01 7.259560348355108550e-01
1.520530412903636932e+09 -1.239454865455627441e+00 7.664982676506042480e-01 6.571382880210876465e-01 -1.137923913726442138e-01 1.533898932268761284e-01 -6.351540962076059893e-01 7.483996969482562545e-01
1.520530412953638792e+09 -1.235504746437072754e+00 6.876804828643798828e-01 6.768534183502197266e-01 -1.266509746080924093e-01 1.593121444924532060e-01 -6.006188414151253374e-01 7.731986669577156635e-01
1.520530413003640652e+09 -1.227712512016296387e+00 6.062458753585815430e-01 6.813659667968750000e-01 -1.343415345787471737e-01 1.598788459682290719e-01 -5.613772728133230583e-01 8.007787860998630824e-01
1.520530413053009033e+09 -1.217460274696350098e+00 5.245596170425415039e-01 6.717203855514526367e-01 -1.380713479772677499e-01 1.545954530174805108e-01 -5.188122007428742632e-01 8.293795567376830435e-01
1.520530413103010893e+09 -1.204662799835205078e+00 4.415677785873413086e-01 6.490769386291503906e-01 -1.389156508274583535e-01 1.427573786012109047e-01 -4.746885650734223305e-01 8.573176418333110504e-01
1.520530413153011799e+09 -1.189945340156555176e+00 3.575433492660522461e-01 6.159750819206237793e-01 -1.364247307231357120e-01 1.241228614353727111e-01 -4.331382967321244504e-01 8.822545120429871046e-01
1.520530413203013897e+09 -1.171795368194580078e+00 2.762846052646636963e-01 5.711426138877868652e-01 -1.272114567917150274e-01 1.018805322463924301e-01 -3.971247241232532255e-01 9.031774775204215455e-01
1.520530413253015995e+09 -1.150103330612182617e+00 2.001098394393920898e-01 5.159384608268737793e-01 -1.110646305836541781e-01 7.638427063848832188e-02 -3.648572656667513625e-01 9.212541813867246576e-01
1.520530413303016901e+09 -1.123677968978881836e+00 1.306625455617904663e-01 4.542104601860046387e-01 -9.152748726489566555e-02 4.718028147283665624e-02 -3.351017964448739228e-01 9.365380537567797870e-01
1.520530413353018999e+09 -1.091587185859680176e+00 7.114015519618988037e-02 3.871685862541198730e-01 -7.406538877976842628e-02 1.462610748091926552e-02 -3.062934044723001903e-01 9.489387469914094542e-01
1.520530413403020859e+09 -1.055737853050231934e+00 2.149808220565319061e-02 3.180506229400634766e-01 -5.718221171607115738e-02 -1.162066892700286749e-02 -2.779273521688421233e-01 9.588282127854623749e-01
1.520530413452940464e+09 -1.017779588699340820e+00 -1.902185194194316864e-02 2.488813698291778564e-01 -3.974987076050907203e-02 -2.627427425541705233e-02 -2.583441061647174797e-01 9.648771595891504349e-01
1.520530413502941370e+09 -9.800379276275634766e-01 -5.084938183426856995e-02 1.831294447183609009e-01 -2.200326230102668187e-02 -4.013169386492190793e-02 -2.414509998581028938e-01 9.693331306951016302e-01
1.520530413552943230e+09 -9.425884485244750977e-01 -7.101569324731826782e-02 1.221892759203910828e-01 2.051994379736704881e-03 -4.952019686536809906e-02 -2.304099584497270592e-01 9.718306387785249356e-01
1.520530413602944374e+09 -9.093018174171447754e-01 -8.327952027320861816e-02 7.217866182327270508e-02 3.464855979406959025e-02 -5.086049409122701814e-02 -2.250192152809821489e-01 9.724088852943107986e-01
1.520530413652946234e+09 -8.815349340438842773e-01 -9.376268088817596436e-02 3.809547424316406250e-02 6.699649717659281190e-02 -5.029036645603400524e-02 -2.204133182702989191e-01 9.718026124357046491e-01
1.520530413702947378e+09 -8.597835302352905273e-01 -1.040339469909667969e-01 2.460524998605251312e-02 8.770241490689588415e-02 -4.328266110500855746e-02 -2.183527475121790906e-01 9.709567319510432615e-01
1.520530413752949238e+09 -8.431735038757324219e-01 -1.160603687167167664e-01 3.374495357275009155e-02 9.085154146939532216e-02 -3.548054246185908256e-02 -2.174926605695037818e-01 9.711766425927086388e-01
1.520530413802951336e+09 -8.308039903640747070e-01 -1.310028582811355591e-01 6.569059938192367554e-02 7.895381398637017767e-02 -2.092605375141798688e-02 -2.222906462305104525e-01 9.715530166335857309e-01
1.520530413853107214e+09 -8.206346035003662109e-01 -1.472121030092239380e-01 1.189080551266670227e-01 5.904006886985537633e-02 -2.922596141928851879e-03 -2.345921070965676647e-01 9.702949407204112253e-01
1.520530413903189182e+09 -8.100693821907043457e-01 -1.620825380086898804e-01 1.905521154403686523e-01 3.588146744790596948e-02 1.325710780248341193e-02 -2.523750086756695321e-01 9.668731170026674260e-01
1.520530413953110218e+09 -7.965523600578308105e-01 -1.732424646615982056e-01 2.781867980957031250e-01 5.951293651897534946e-03 2.443868629005579302e-02 -2.706858175757987928e-01 9.623390883049521838e-01
1.520530414003112316e+09 -7.804032564163208008e-01 -1.770436763763427734e-01 3.771574795246124268e-01 -2.219841461149571829e-02 3.892901617507107254e-02 -2.892691571982882182e-01 9.561982622773214091e-01
1.520530414053113222e+09 -7.595488429069519043e-01 -1.723888218402862549e-01 4.779148399829864502e-01 -4.040283884808661824e-02 4.822143304085019927e-02 -3.030387015040085230e-01 9.508994948990490137e-01
1.520530414103115082e+09 -7.346915006637573242e-01 -1.623301804065704346e-01 5.708745718002319336e-01 -4.868835142328809679e-02 4.859886995157743778e-02 -3.111482218854018655e-01 9.478683338379148005e-01
1.520530414153116226e+09 -7.071928977966308594e-01 -1.480407714843750000e-01 6.510075330734252930e-01 -5.204952932593217424e-02 4.523139540833221589e-02 -3.241008916494960701e-01 9.435060039015997768e-01
1.520530414203118086e+09 -6.788729429244995117e-01 -1.304695457220077515e-01 7.160183191299438477e-01 -5.459243240518538848e-02 3.503604110577616254e-02 -3.385777950934820701e-01 9.386997490238055963e-01
1.520530414252894640e+09 -6.519357562065124512e-01 -1.092135459184646606e-01 7.643110156059265137e-01 -5.400563271541873600e-02 2.009621213274308954e-02 -3.511986050322332131e-01 9.345261225435790298e-01
1.520530414302895546e+09 -6.242266297340393066e-01 -8.397092670202255249e-02 7.989041805267333984e-01 -5.075703317146919302e-02 4.562631495610551015e-03 -3.596231168370703779e-01 9.317049531980908794e-01
1.520530414352897644e+09 -5.978616476058959961e-01 -5.351353436708450317e-02 8.212867379188537598e-01 -4.485912784118966518e-02 -8.376983534608580667e-03 -3.680125899164250480e-01 9.287002845155124531e-01
1.520530414402898550e+09 -5.706964731216430664e-01 -1.915052905678749084e-02 8.337693214416503906e-01 -4.193138786677179375e-02 -2.281056389646379454e-02 -3.766807690294101674e-01 9.251124445869831625e-01
1.520530414452900410e+09 -5.428223609924316406e-01 1.944814994931221008e-02 8.376474380493164062e-01 -4.029651767391496248e-02 -3.308575630057718209e-02 -3.871586655528909682e-01 9.205377184454092143e-01
1.520530414502901554e+09 -5.156124830245971680e-01 6.067194044589996338e-02 8.349756598472595215e-01 -4.218089131484381582e-02 -3.784226184977179663e-02 -4.054188952806661583e-01 9.123728705827366392e-01
1.520530414552903414e+09 -4.916134178638458252e-01 1.027706563472747803e-01 8.270103335380554199e-01 -4.698493278817163221e-02 -3.594238270620547099e-02 -4.272863518809791317e-01 9.021789926131819071e-01
1.520530414602905512e+09 -4.672738909721374512e-01 1.506258845329284668e-01 8.158710598945617676e-01 -5.162029404211251199e-02 -2.806018141074621830e-02 -4.505763705234872574e-01 8.908023943547093149e-01
1.520530414652705431e+09 -4.429136812686920166e-01 2.011909335851669312e-01 8.004669547080993652e-01 -5.794120334692579033e-02 -1.601345872288641170e-02 -4.766898855960323145e-01 8.770137621867072353e-01
1.520530414702707291e+09 -4.190764427185058594e-01 2.546195089817047119e-01 7.826912999153137207e-01 -6.607776602111968545e-02 -1.739155427918033080e-03 -5.032537367693333819e-01 8.616068596545400915e-01
1.520530414752708197e+09 -3.963779807090759277e-01 3.076944351196289062e-01 7.601153850555419922e-01 -6.976127956061037305e-02 1.284009048974277430e-02 -5.318411869467355446e-01 8.438681459904556759e-01
1.520530414802710295e+09 -3.741837739944458008e-01 3.607413768768310547e-01 7.327994704246520996e-01 -6.655130946430573569e-02 2.585311393683865575e-02 -5.624911536512307020e-01 8.237149032113372238e-01
1.520530414852712393e+09 -3.525956273078918457e-01 4.133012890815734863e-01 6.983012557029724121e-01 -5.635973278588422147e-02 3.533260796475833077e-02 -5.968622991838261616e-01 7.995815050060307572e-01
1.520530414902714252e+09 -3.307732939720153809e-01 4.648773670196533203e-01 6.554294228553771973e-01 -4.578586525137080115e-02 3.786495209986918270e-02 -6.288844151080571487e-01 7.752253171690504097e-01
1.520530414952715397e+09 -3.085986971855163574e-01 5.110749602317810059e-01 6.066607236862182617e-01 -3.826648687347004862e-02 3.420433353245403568e-02 -6.569088603680142135e-01 7.522210371426472086e-01
1.520530415002717257e+09 -2.833936810493469238e-01 5.554444193840026855e-01 5.534847974777221680e-01 -3.020317722367830277e-02 3.180821475432787232e-02 -6.850617232805424894e-01 7.271632834897752140e-01
1.520530415052718163e+09 -2.545404136180877686e-01 5.961655378341674805e-01 4.959450960159301758e-01 -2.123571105706938481e-02 3.541637821087705029e-02 -7.127887332890791017e-01 7.001620858247574741e-01
1.520530415103194714e+09 -2.220548838376998901e-01 6.340283751487731934e-01 4.367597699165344238e-01 -1.362656050170690282e-02 4.198415556736982690e-02 -7.362482511504215843e-01 6.752704348689745339e-01
1.520530415153196812e+09 -1.848765164613723755e-01 6.649820208549499512e-01 3.780578076839447021e-01 -5.390146151793454715e-03 4.749414210410383974e-02 -7.584072764902959340e-01 6.500258885281640087e-01
1.520530415203198910e+09 -1.439913958311080933e-01 6.911399364471435547e-01 3.183123171329498291e-01 6.012138108998337470e-03 4.741209480489059352e-02 -7.739432617710001461e-01 6.314489488635132153e-01
1.520530415253199816e+09 -1.007260009646415710e-01 7.114305496215820312e-01 2.599811553955078125e-01 1.762051028412983320e-02 4.128082282536276598e-02 -7.845236416411446312e-01 6.184723655833821443e-01
1.520530415303201914e+09 -5.506994947791099548e-02 7.257384061813354492e-01 2.027460187673568726e-01 2.854863146480868252e-02 3.378532412679931957e-02 -7.922509214864926763e-01 6.085901781321620962e-01
1.520530415353202820e+09 -1.028847321867942810e-02 7.354687452316284180e-01 1.460649669170379639e-01 3.889762491267015343e-02 2.624693618930692279e-02 -7.961530441999857821e-01 6.032730752552473152e-01
1.520530415403204679e+09 3.507625684142112732e-02 7.404693365097045898e-01 9.185418486595153809e-02 4.485100121039939380e-02 1.866357953911591469e-02 -7.979998563355321650e-01 6.006965022186180336e-01
1.520530415453205824e+09 8.257107436656951904e-02 7.409911155700683594e-01 4.209481179714202881e-02 4.610329454110159014e-02 9.707861643108649588e-03 -7.967402818554217836e-01 6.024825034170850913e-01
1.520530415503114939e+09 1.292051672935485840e-01 7.373706698417663574e-01 1.358354580588638783e-03 4.711928308386512110e-02 -4.037302064338312881e-03 -7.952023300058409516e-01 6.044970865992536080e-01
1.520530415553068876e+09 1.749977022409439087e-01 7.330116033554077148e-01 -3.040336444973945618e-02 5.704917343597960822e-02 -2.064695431560941222e-02 -7.929295320526775770e-01 6.062852895184595026e-01
1.520530415603070974e+09 2.207710444927215576e-01 7.317014932632446289e-01 -5.720193684101104736e-02 7.344496603144103075e-02 -4.550857971562038279e-02 -7.909994299158513709e-01 6.056853209462033094e-01
1.520530415653071880e+09 2.653851509094238281e-01 7.348591089248657227e-01 -7.846373319625854492e-02 8.721652168645696590e-02 -7.332501801495650007e-02 -7.899703047091313213e-01 6.024646361038832332e-01
1.520530415703073978e+09 3.090564310550689697e-01 7.451506257057189941e-01 -9.253257513046264648e-02 9.533610552159621498e-02 -9.311475225988929960e-02 -7.950010572328759517e-01 5.917888042994426945e-01
1.520530415753075123e+09 3.490563035011291504e-01 7.628821730613708496e-01 -9.942494332790374756e-02 9.789949524297415773e-02 -1.015643836354085533e-01 -8.023514640063474923e-01 5.799418014032108326e-01
1.520530415803076982e+09 3.895612359046936035e-01 7.869958281517028809e-01 -1.003623157739639282e-01 8.964446511056765876e-02 -1.044847171110540734e-01 -8.133583282895455735e-01 5.652389260899314261e-01
1.520530415853078842e+09 4.264980554580688477e-01 8.176161646842956543e-01 -9.385942667722702026e-02 7.346230204354435578e-02 -1.018212511662259512e-01 -8.242559422064908992e-01 5.521212409667801690e-01
1.520530415903361082e+09 4.633120298385620117e-01 8.505461812019348145e-01 -8.027158677577972412e-02 6.280453795291759955e-02 -9.028438153643350561e-02 -8.344216734904628119e-01 5.400414718079341592e-01
1.520530415953363180e+09 5.000081062316894531e-01 8.832996487617492676e-01 -6.251771003007888794e-02 6.103874643943255074e-02 -7.113996032677681602e-02 -8.439122897543961388e-01 5.282285723806497968e-01
1.520530416003364086e+09 5.323112607002258301e-01 9.181312322616577148e-01 -4.394330084323883057e-02 5.956234317118624250e-02 -5.121434027210935297e-02 -8.518326745133645295e-01 5.178904452274235570e-01
1.520530416053366184e+09 5.640739202499389648e-01 9.467928409576416016e-01 -2.341610938310623169e-02 5.879662601134988398e-02 -3.316407837198214609e-02 -8.581912036129544230e-01 5.088722420379866440e-01
1.520530416103368282e+09 5.917047858238220215e-01 9.694363474845886230e-01 -2.041426254436373711e-03 5.771163373111343892e-02 -1.862716268262167019e-02 -8.623326859367146380e-01 5.026974586246207855e-01
1.520530416153369188e+09 6.147879362106323242e-01 9.834801554679870605e-01 1.659158430993556976e-02 6.009953261003415231e-02 -7.636144492945591555e-03 -8.648281990144633946e-01 4.983993596171026330e-01
1.520530416203371048e+09 6.314564943313598633e-01 9.920979738235473633e-01 3.182892873883247375e-02 6.300302373991442662e-02 -9.566141189864045503e-04 -8.655790979154178721e-01 4.967922394130029340e-01
1.520530416253372192e+09 6.431840062141418457e-01 9.933641552925109863e-01 4.289216175675392151e-02 6.372211844542265136e-02 7.262000111655150521e-05 -8.656623920159777219e-01 4.965562499821533637e-01
1.520530416303375483e+09 6.500981450080871582e-01 9.862604141235351562e-01 4.968510568141937256e-02 6.521775449387678947e-02 -1.567509228337460618e-03 -8.649626209648956232e-01 4.975779855933480378e-01
1.520530416353376389e+09 6.528348922729492188e-01 9.698796868324279785e-01 5.319054424762725830e-02 6.936266745104954778e-02 -2.531489956131107062e-03 -8.630913752100082270e-01 5.002556246168288201e-01
1.520530416403378487e+09 6.501276493072509766e-01 9.451149106025695801e-01 5.246033146977424622e-02 7.268382964755661091e-02 -2.392625540901874726e-03 -8.611357347009241936e-01 5.031466810701282766e-01
1.520530416453380346e+09 6.449148058891296387e-01 9.088592529296875000e-01 4.929824173450469971e-02 7.721571791059797518e-02 4.378218981838798867e-04 -8.576945616207719558e-01 5.083282209219633918e-01
1.520530416503381252e+09 6.358817815780639648e-01 8.604469895362854004e-01 4.019723832607269287e-02 7.776549455025107138e-02 2.391166983965322540e-03 -8.502439256679465984e-01 5.206074116285408504e-01
1.520530416553383589e+09 6.243298649787902832e-01 7.986347079277038574e-01 3.568069264292716980e-02 7.622979956281975000e-02 2.332723819075843696e-03 -8.395506928020829429e-01 5.379016734253005971e-01
1.520530416603384495e+09 6.128076314926147461e-01 7.236919999122619629e-01 3.153519704937934875e-02 7.543001758406629731e-02 2.472498119515587154e-03 -8.254261273015609524e-01 5.594424971060596441e-01
1.520530416653386354e+09 6.013353466987609863e-01 6.364503502845764160e-01 2.907356806099414825e-02 7.299228222595620375e-02 1.082660812922144251e-04 -8.064373736551165850e-01 5.867971347801043125e-01
1.520530416703272581e+09 5.906440615653991699e-01 5.350985527038574219e-01 2.941925264894962311e-02 7.243656239742922442e-02 -2.451270077132809873e-03 -7.843807797845353535e-01 6.160306226216816228e-01
1.520530416753274441e+09 5.808098316192626953e-01 4.247302711009979248e-01 3.227731958031654358e-02 6.920060021464158329e-02 -7.612372205198350561e-03 -7.623679689792876024e-01 6.433882254080646179e-01
1.520530416803276539e+09 5.730846524238586426e-01 3.065100014209747314e-01 3.731920197606086731e-02 6.139554989782222000e-02 -1.363625423650926399e-02 -7.441323739667461412e-01 6.650651464614246722e-01
1.520530416853277445e+09 5.670377016067504883e-01 1.830836087465286255e-01 4.525783285498619080e-02 4.833427890863842974e-02 -2.301130860590863345e-02 -7.292605784487922183e-01 6.821387585228965156e-01
1.520530416903278351e+09 5.665034055709838867e-01 6.250067800283432007e-02 5.581063777208328247e-02 3.288492139418847104e-02 -3.727102969821721734e-02 -7.132978334263820885e-01 6.990963117620933032e-01
1.520530416953280687e+09 5.699315071105957031e-01 -5.171988904476165771e-02 6.921902298927307129e-02 1.961916776216268005e-02 -5.713784790083108189e-02 -6.933166048439632911e-01 7.180964002424893300e-01
1.520530417003282547e+09 5.776941776275634766e-01 -1.570989638566970825e-01 8.541623502969741821e-02 1.471596380629555494e-02 -7.480936411893944482e-02 -6.726739329655158084e-01 7.360005294550246990e-01
1.520530417053283453e+09 5.875586271286010742e-01 -2.524184286594390869e-01 1.045620441436767578e-01 1.115815043644128625e-02 -9.538604906589080723e-02 -6.480922591918711895e-01 7.554822439329820227e-01
1.520530417103391409e+09 5.984151959419250488e-01 -3.360579609870910645e-01 1.236263290047645569e-01 1.211634772389687600e-02 -1.149301691075386295e-01 -6.257269048338718331e-01 7.714337890666759234e-01
1.520530417153371572e+09 6.081586480140686035e-01 -4.078700244426727295e-01 1.407048255205154419e-01 1.554355788890175033e-02 -1.306176718972575368e-01 -6.062947220719739905e-01 7.842857461308108125e-01
1.520530417203373432e+09 6.167137026786804199e-01 -4.687236845493316650e-01 1.553786695003509521e-01 1.615705259526007548e-02 -1.417212265702424701e-01 -5.867950620025713659e-01 7.970731452007766560e-01
1.520530417253374338e+09 6.230557560920715332e-01 -5.168331265449523926e-01 1.692073494195938110e-01 1.279455719409963027e-02 -1.453826936609677600e-01 -5.693297641922582253e-01 8.090511672909667107e-01
1.520530417303376436e+09 6.259014606475830078e-01 -5.522217154502868652e-01 1.813138872385025024e-01 5.470237165371213441e-03 -1.444437636019754445e-01 -5.542764003157775177e-01 8.196851515764055351e-01
1.520530417353378296e+09 6.242311000823974609e-01 -5.752047300338745117e-01 1.908917874097824097e-01 -2.004696354199390559e-03 -1.396079691680514878e-01 -5.438931129348748561e-01 8.274574779644638944e-01
1.520530417403379202e+09 6.178233623504638672e-01 -5.842865705490112305e-01 1.969850361347198486e-01 -7.207976147272737028e-03 -1.346314988778470612e-01 -5.386462776838568667e-01 8.316745710475283992e-01
1.520530417453381538e+09 6.040968298912048340e-01 -5.814435482025146484e-01 1.973266154527664185e-01 -9.462919980972877773e-03 -1.323279733312656692e-01 -5.382595041455888740e-01 8.322718707348087941e-01
1.520530417503382444e+09 5.838665366172790527e-01 -5.681837201118469238e-01 1.921367496252059937e-01 -8.213689056626281501e-03 -1.320020626049769608e-01 -5.412045391653632631e-01 8.304249740746719732e-01
1.520530417553464413e+09 5.594889521598815918e-01 -5.417078733444213867e-01 1.831469386816024780e-01 -2.344942074567125945e-03 -1.309945521078698938e-01 -5.459068158066721077e-01 8.275389277976871183e-01
1.520530417603465557e+09 5.289378762245178223e-01 -5.079911947250366211e-01 1.700143665075302124e-01 3.802140100693611295e-03 -1.279456496780393970e-01 -5.541277063181430096e-01 8.225314216184771432e-01
1.520530417653467417e+09 4.944847226142883301e-01 -4.639355838298797607e-01 1.557357162237167358e-01 9.856539967505221003e-03 -1.217787919132352348e-01 -5.657802990201614701e-01 8.154541236027191831e-01
1.520530417703468323e+09 4.565688967704772949e-01 -4.105731248855590820e-01 1.404681354761123657e-01 1.553942814373847174e-02 -1.140287214940731708e-01 -5.781050296366758712e-01 8.078060110918776626e-01
1.520530417753470659e+09 4.169023633003234863e-01 -3.487320542335510254e-01 1.259339898824691772e-01 1.784150949072550729e-02 -1.077029571143795772e-01 -5.897635492274132529e-01 8.001629268908896364e-01
1.520530417803472519e+09 3.762944936752319336e-01 -2.794989049434661865e-01 1.124705150723457336e-01 1.837161110773315523e-02 -1.006367864892368236e-01 -6.014086976260432094e-01 7.923650039787045740e-01
1.520530417853473425e+09 3.359957933425903320e-01 -2.040085047483444214e-01 1.018739417195320129e-01 1.849804324141193432e-02 -9.299335760688746955e-02 -6.100139215729841746e-01 7.866975742459014764e-01
1.520530417903475523e+09 2.969453036785125732e-01 -1.223032623529434204e-01 9.457193315029144287e-02 2.189113819160176319e-02 -8.134778122246412446e-02 -6.179927232912332258e-01 7.816574125011184204e-01
1.520530417953455687e+09 2.596730589866638184e-01 -3.716556727886199951e-02 9.196401387453079224e-02 2.621158856434189360e-02 -6.469480158613545584e-02 -6.238023245485169177e-01 7.784588590031787936e-01
1.520530418003457546e+09 2.268007993698120117e-01 5.339714512228965759e-02 9.440840780735015869e-02 3.157679170788243311e-02 -4.328953954821715411e-02 -6.275636765648434645e-01 7.767192245899134928e-01
1.520530418053458452e+09 1.997373849153518677e-01 1.429718732833862305e-01 1.031632870435714722e-01 3.400680507086639714e-02 -2.317079400342699283e-02 -6.315711297200732321e-01 7.742251349693016760e-01
1.520530418103460789e+09 1.765796095132827759e-01 2.291006594896316528e-01 1.172410398721694946e-01 3.434917982768422029e-02 -7.503106986917551860e-03 -6.428041880078867454e-01 7.652232439688627652e-01
1.520530418153462648e+09 1.565722674131393433e-01 3.117720782756805420e-01 1.343850344419479370e-01 3.834231372977935093e-02 7.002481364581206874e-03 -6.576692123401280954e-01 7.522978395373079996e-01
1.520530418203464508e+09 1.401327997446060181e-01 3.854441344738006592e-01 1.523948907852172852e-01 4.441570996896344881e-02 2.187296630581341342e-02 -6.731328006338738179e-01 7.378624877060327991e-01
1.520530418253465652e+09 1.270573288202285767e-01 4.485443234443664551e-01 1.695403903722763062e-01 5.152897864671246442e-02 3.893958089433481595e-02 -6.882074514211755645e-01 7.226333629218694155e-01
1.520530418303467512e+09 1.161354407668113708e-01 5.000709891319274902e-01 1.833156496286392212e-01 5.552479204684700187e-02 5.445420702599744478e-02 -6.982944675498125031e-01 7.115733085175750539e-01
1.520530418353431463e+09 1.065475568175315857e-01 5.378084778785705566e-01 1.939147263765335083e-01 5.525998592659003145e-02 6.307098065695511402e-02 -7.065359125754512304e-01 7.026915323209306230e-01
1.520530418403432369e+09 9.579776227474212646e-02 5.622573494911193848e-01 2.003366500139236450e-01 5.679224416467387737e-02 6.710096430881204443e-02 -7.168902735789310920e-01 6.916215997490919865e-01
1.520530418453434467e+09 8.312822878360748291e-02 5.749120116233825684e-01 1.999629139900207520e-01 6.056016360120333730e-02 6.594337915831136043e-02 -7.262492984066166724e-01 6.815760367660204100e-01
1.520530418503435373e+09 6.776484102010726929e-02 5.749258995056152344e-01 1.921602785587310791e-01 6.764882979203239166e-02 6.259719445468056587e-02 -7.353441310767243611e-01 6.713972266588451587e-01
1.520530418553437233e+09 5.054592341184616089e-02 5.627490878105163574e-01 1.779549568891525269e-01 7.294146663910784645e-02 5.458178704296910017e-02 -7.416534370260235987e-01 6.645679425876769297e-01
1.520530418603439569e+09 3.036715835332870483e-02 5.402168035507202148e-01 1.579876989126205444e-01 7.339306540860361661e-02 4.470051593662074246e-02 -7.469853372147950976e-01 6.592633979002834321e-01
1.520530418653440237e+09 8.529789745807647705e-03 5.057224035263061523e-01 1.340189427137374878e-01 7.066256059178610549e-02 3.520724676407263609e-02 -7.497315478969366342e-01 6.570158737762500367e-01
1.520530418703442574e+09 -1.617146097123622894e-02 4.594035744667053223e-01 1.083026826381683350e-01 7.042522639642219417e-02 2.977894954087255408e-02 -7.474086190394833018e-01 6.599498903983146425e-01
1.520530418753342867e+09 -4.292093962430953979e-02 4.017364680767059326e-01 8.205822110176086426e-02 7.146895016861906647e-02 2.895778265790890926e-02 -7.440747111195167296e-01 6.636312682941789554e-01
1.520530418803344727e+09 -7.051350176334381104e-02 3.331483602523803711e-01 5.611674487590789795e-02 7.036744541735298619e-02 3.114365484333170980e-02 -7.404201351669613684e-01 6.677248825884609662e-01
1.520530418853345871e+09 -9.739741683006286621e-02 2.531654834747314453e-01 3.243150189518928528e-02 6.657354762905859369e-02 3.112866115778081463e-02 -7.352798011414550805e-01 6.737674548714771561e-01
1.520530418903347731e+09 -1.256760358810424805e-01 1.652035862207412720e-01 1.349138934165239334e-02 6.113933930475828199e-02 2.536241062659618309e-02 -7.278386099805047582e-01 6.825464725117492693e-01
1.520530418953349829e+09 -1.527442187070846558e-01 7.039058208465576172e-02 6.897858111187815666e-04 5.023820063466845343e-02 1.294484946354212268e-02 -7.197503667837922281e-01 6.922918196714110683e-01
1.520530419003350973e+09 -1.782595366239547729e-01 -2.714558877050876617e-02 -3.208268899470567703e-03 3.383751942559116987e-02 -7.505772599739979865e-03 -7.089050378553888310e-01 7.044517960514072863e-01
1.520530419053352833e+09 -2.009208500385284424e-01 -1.246827691793441772e-01 2.449350198730826378e-03 1.817303332227085053e-02 -3.054135098219198236e-02 -6.942184548619837470e-01 7.188864330818116599e-01
1.520530419103353977e+09 -2.202853858470916748e-01 -2.182756066322326660e-01 1.614382304251194000e-02 9.615876403293909316e-03 -4.803871954284427703e-02 -6.780861994556701688e-01 7.333477500159426565e-01
1.520530419153532982e+09 -2.365134954452514648e-01 -3.057837188243865967e-01 3.660620748996734619e-02 6.079341280076480496e-03 -6.372243160881747859e-02 -6.606948370426395378e-01 7.479203337419433328e-01
1.520530419203534126e+09 -2.506223917007446289e-01 -3.862939476966857910e-01 6.121355667710304260e-02 4.894390117944808632e-03 -7.622810268397230138e-02 -6.440103493982985983e-01 7.611937934418911977e-01
1.520530419253535986e+09 -2.639770209789276123e-01 -4.536262154579162598e-01 9.079074114561080933e-02 1.428653431590436293e-04 -8.888489414039855985e-02 -6.290954707562176340e-01 7.722294632148897220e-01
1.520530419303536892e+09 -2.776004672050476074e-01 -5.087617635726928711e-01 1.238537356257438660e-01 -6.801845559828679014e-03 -9.858802039207202605e-02 -6.149396349131576178e-01 7.823575797198011328e-01
1.520530419353539228e+09 -2.919504344463348389e-01 -5.520368218421936035e-01 1.591975837945938110e-01 -1.845002989715690406e-02 -1.065332450056762359e-01 -6.049918152049277298e-01 7.888568739894464832e-01
1.520530419403541088e+09 -3.069849610328674316e-01 -5.834122300148010254e-01 1.934491842985153198e-01 -3.678925494124068302e-02 -1.141757790828375752e-01 -5.954663414360145124e-01 7.943741425855345151e-01
1.520530419453541994e+09 -3.233541846275329590e-01 -6.040200591087341309e-01 2.222299128770828247e-01 -5.637662534776909790e-02 -1.169501476041747978e-01 -5.848411582618179283e-01 8.006904262527023697e-01
1.520530419503544092e+09 -3.414206802845001221e-01 -6.145562529563903809e-01 2.437021136283874512e-01 -7.255007209473489371e-02 -1.143279578705368449e-01 -5.774387624021626308e-01 8.051273692799545412e-01
1.520530419553544998e+09 -3.610351085662841797e-01 -6.144804954528808594e-01 2.575611472129821777e-01 -8.566391165591846768e-02 -1.128186245662533838e-01 -5.725017583891016670e-01 8.075737668053442064e-01
1.520530419603729486e+09 -3.816336095333099365e-01 -6.038116216659545898e-01 2.599806189537048340e-01 -9.075957896371271427e-02 -1.113135916412278242e-01 -5.702264662845794030e-01 8.088348164432965781e-01
1.520530419653731346e+09 -4.036256074905395508e-01 -5.828422904014587402e-01 2.506826221942901611e-01 -8.926324312545985684e-02 -1.119492695216992711e-01 -5.686694830726304328e-01 8.100089218657967605e-01
1.520530419703733683e+09 -4.281286299228668213e-01 -5.534947514533996582e-01 2.302693724632263184e-01 -8.423830257062892013e-02 -1.178958372357234302e-01 -5.664176731312617896e-01 8.112801609228924571e-01
1.520530419753734589e+09 -4.553174972534179688e-01 -5.141528844833374023e-01 2.010263204574584961e-01 -7.074236146733396680e-02 -1.232309419765219294e-01 -5.658748763499840129e-01 8.121547128161570317e-01
1.520530419803736448e+09 -4.846870899200439453e-01 -4.627022147178649902e-01 1.658797711133956909e-01 -5.358151388800962839e-02 -1.274502734483974331e-01 -5.672282025353589940e-01 8.118729059501268441e-01
1.520530419853738546e+09 -5.160560011863708496e-01 -3.975680172443389893e-01 1.280945837497711182e-01 -3.862811484688050828e-02 -1.317479093597043738e-01 -5.721113429672022299e-01 8.086030969338341423e-01
1.520530419903739452e+09 -5.490117073059082031e-01 -3.183625340461730957e-01 9.110369533300399780e-02 -2.714591329493708932e-02 -1.343839097338013211e-01 -5.796299269611123739e-01 8.032640985174780424e-01
1.520530419953740358e+09 -5.831924676895141602e-01 -2.247853428125381470e-01 5.632473528385162354e-02 -1.500001664024476315e-02 -1.321121472885579962e-01 -5.905246817967492179e-01 7.959911935621191148e-01
1.520530420003596544e+09 -6.169437766075134277e-01 -1.197309941053390503e-01 2.637529931962490082e-02 5.763944619798100225e-04 -1.265189280043717557e-01 -6.025802161570504856e-01 7.879655523702614461e-01
1.520530420053598642e+09 -6.480249762535095215e-01 -6.812269333750009537e-03 4.170469474047422409e-03 1.930431141590050956e-02 -1.161975295424853560e-01 -6.139227911046576391e-01 7.805282084916905783e-01
1.520530420103599787e+09 -6.749902963638305664e-01 1.082661449909210205e-01 -7.447410840541124344e-03 4.115055671864568942e-02 -9.747389225211589014e-02 -6.303590226494462101e-01 7.690597990893838221e-01
1.520530420153601646e+09 -6.975986361503601074e-01 2.208850234746932983e-01 -6.687576882541179657e-03 5.956325302852018971e-02 -7.625813776279161127e-02 -6.523588294673300370e-01 7.517079705109069865e-01
1.520530420203603506e+09 -7.149968743324279785e-01 3.281965255737304688e-01 5.739846266806125641e-03 7.586013070929180369e-02 -5.084772848225288522e-02 -6.752705765245144987e-01 7.318943896199875399e-01
1.520530420253604650e+09 -7.259935140609741211e-01 4.275903105735778809e-01 2.978046610951423645e-02 8.596047961889655142e-02 -2.554236598978338116e-02 -6.990544364893416240e-01 7.094232011344866473e-01
1.520530420303606510e+09 -7.316415905952453613e-01 5.149394273757934570e-01 6.322928518056869507e-02 8.921905223523915462e-02 -2.672300791997091456e-03 -7.225082802184487063e-01 6.855761114147009838e-01
1.520530420353607893e+09 -7.335057258605957031e-01 5.898853540420532227e-01 1.018318012356758118e-01 8.811884724524157719e-02 1.646566876170306101e-02 -7.454784775278953113e-01 6.604739132282902991e-01
1.520530420403699398e+09 -7.342801094055175781e-01 6.526664495468139648e-01 1.416819542646408081e-01 8.479129779570841741e-02 3.211940549632184838e-02 -7.642226450389116854e-01 6.385472014020671105e-01
1.520530420453700304e+09 -7.341054081916809082e-01 7.015590071678161621e-01 1.795188188552856445e-01 8.009509432126134254e-02 4.362511838436159556e-02 -7.781915363351609161e-01 6.213690993990131917e-01
1.520530420503702402e+09 -7.348378896713256836e-01 7.378121614456176758e-01 2.132677435874938965e-01 7.619633337308615029e-02 5.271639172096742598e-02 -7.896319432622838086e-01 6.065447180581561293e-01
1.520530420553704262e+09 -7.375348210334777832e-01 7.626062035560607910e-01 2.408663332462310791e-01 7.095039297798041988e-02 5.747204000068646679e-02 -8.009039377982601904e-01 5.917904094978815310e-01
1.520530420603705168e+09 -7.427136898040771484e-01 7.786425352096557617e-01 2.605428397655487061e-01 6.620341142474110707e-02 5.767279517592260873e-02 -8.083858005339291664e-01 5.820681699830707601e-01
1.520530420653707266e+09 -7.511249184608459473e-01 7.835441827774047852e-01 2.705233097076416016e-01 6.456284513591946383e-02 5.511038624232157679e-02 -8.143765098305839611e-01 5.740952748388843396e-01
1.520530420703708172e+09 -7.623494863510131836e-01 7.800693511962890625e-01 2.688723802566528320e-01 6.556838556926178341e-02 4.968352096369365450e-02 -8.175312634923272981e-01 5.699780414815380780e-01
1.520530420753710270e+09 -7.766238451004028320e-01 7.656986713409423828e-01 2.546775043010711670e-01 7.034910655138774949e-02 4.319933170367833836e-02 -8.174813604628570207e-01 5.700079352461450144e-01
1.520530420803355932e+09 -7.946160435676574707e-01 7.436061501502990723e-01 2.313324064016342163e-01 7.552252979090996743e-02 3.725875679346588032e-02 -8.164353452314691006e-01 5.712630388822282912e-01
1.520530420853358030e+09 -8.169171214103698730e-01 7.120912075042724609e-01 1.992674022912979126e-01 8.000047288048156569e-02 3.146314535685929004e-02 -8.137237209046360720e-01 5.748597227674473453e-01
1.520530420903359175e+09 -8.420358300209045410e-01 6.699976921081542969e-01 1.603273451328277588e-01 8.371100850272700233e-02 2.410009926985793097e-02 -8.095405243768563075e-01 5.805650623851593695e-01
1.520530420953361034e+09 -8.703950047492980957e-01 6.165259480476379395e-01 1.175898239016532898e-01 8.490850391602995650e-02 1.339809373983623028e-02 -8.009754759143252745e-01 5.924941552713411941e-01
1.520530421003362894e+09 -8.992325663566589355e-01 5.508167147636413574e-01 7.291947305202484131e-02 8.744283898153572265e-02 4.178880311587709895e-03 -7.892035961617410722e-01 6.078601571706820916e-01
1.520530421053364038e+09 -9.283657073974609375e-01 4.743252098560333252e-01 3.107991442084312439e-02 8.478477962808940449e-02 -4.014229222274338926e-03 -7.751707087697812248e-01 6.260238009632879130e-01
1.520530421103365898e+09 -9.569669961929321289e-01 3.884148001670837402e-01 -5.932117812335491180e-03 8.064692527762928886e-02 -7.861247344990891783e-03 -7.584222611879160025e-01 6.467070031846369194e-01
1.520530421153366804e+09 -9.831640124320983887e-01 2.926362752914428711e-01 -3.543471544981002808e-02 6.957369774973654053e-02 -1.387560872962959220e-02 -7.406847191829132315e-01 6.680966358489910384e-01
1.520530421203429461e+09 -1.005537152290344238e+00 1.893578022718429565e-01 -5.691909417510032654e-02 5.447662645362034289e-02 -2.448973834128699567e-02 -7.192642824134338753e-01 6.921643171462221744e-01
1.520530421253431320e+09 -1.023118495941162109e+00 8.248907327651977539e-02 -6.957210600376129150e-02 3.948279246686504929e-02 -3.694465174737335267e-02 -6.961081825998836070e-01 7.158977580100185367e-01
1.520530421303432465e+09 -1.035598516464233398e+00 -2.458740770816802979e-02 -7.169276475906372070e-02 2.743366898922842273e-02 -5.031377442887074308e-02 -6.702455969061859031e-01 7.399234810008268326e-01
1.520530421353434563e+09 -1.043213844299316406e+00 -1.292183995246887207e-01 -6.322303414344787598e-02 1.778730144388991283e-02 -6.361874025203820282e-02 -6.435615250647800378e-01 7.625384129684107393e-01
1.520530421403435469e+09 -1.047407150268554688e+00 -2.278313487768173218e-01 -4.298700019717216492e-02 7.410267626591718511e-03 -7.709970109829851481e-02 -6.176632470182769064e-01 7.826192160349082494e-01
1.520530421453437567e+09 -1.050648212432861328e+00 -3.166764676570892334e-01 -1.303433440625667572e-02 -2.627085661897946098e-03 -8.633770049874896213e-02 -5.925829411415438619e-01 8.008647562238901951e-01
1.520530421503439426e+09 -1.053340554237365723e+00 -3.940292894840240479e-01 2.547684870660305023e-02 -1.616503703227182426e-02 -9.101204756613345825e-02 -5.692005867658170848e-01 8.169860407626403642e-01
1.520530421553440332e+09 -1.056931257247924805e+00 -4.589365124702453613e-01 6.914789974689483643e-02 -3.548478828492034748e-02 -9.505220826254794086e-02 -5.474813170876482449e-01 8.306443974076762604e-01
1.520530421603610992e+09 -1.062139153480529785e+00 -5.114536881446838379e-01 1.149975880980491638e-01 -5.590280261725803779e-02 -9.733116180657895578e-02 -5.301510448667515751e-01 8.404411884406957078e-01
1.520530421653612852e+09 -1.068701028823852539e+00 -5.517753958702087402e-01 1.604957878589630127e-01 -7.569699307368393804e-02 -9.697000880309090964e-02 -5.153750486470947134e-01 8.480892298952604769e-01
1.520530421703613997e+09 -1.078984975814819336e+00 -5.805873870849609375e-01 2.016791403293609619e-01 -9.206316397287084285e-02 -9.363357496133933866e-02 -5.045792338316137382e-01 8.533211143908050467e-01
1.520530421753615856e+09 -1.091957569122314453e+00 -5.991017222404479980e-01 2.366250604391098022e-01 -1.053059700335674947e-01 -9.117325522908228952e-02 -4.968421420721449433e-01 8.565897361440799607e-01
1.520530421803616762e+09 -1.107863903045654297e+00 -6.093516945838928223e-01 2.631725668907165527e-01 -1.137209393315797290e-01 -9.179877551819162762e-02 -4.912548992441557183e-01 8.586670814346607505e-01
1.520530421853617907e+09 -1.127009630203247070e+00 -6.117622852325439453e-01 2.805108726024627686e-01 -1.164763127620473682e-01 -9.244316109554016891e-02 -4.878343661959928523e-01 8.601774012900917921e-01
1.520530421903620005e+09 -1.149170279502868652e+00 -6.065600514411926270e-01 2.875505387783050537e-01 -1.150894605019768674e-01 -9.146073996612383294e-02 -4.882363069100896791e-01 8.602410463009828590e-01
1.520530421953692913e+09 -1.173932194709777832e+00 -5.922822952270507812e-01 2.843898534774780273e-01 -1.110688866205713360e-01 -8.761198591653798773e-02 -4.929573706201870742e-01 8.584759012924351174e-01
1.520530422003623009e+09 -1.200849175453186035e+00 -5.694965124130249023e-01 2.727829217910766602e-01 -1.097889547290215595e-01 -8.453552461178186206e-02 -4.975639006982144341e-01 8.562886751674910757e-01
1.520530422053471804e+09 -1.231601476669311523e+00 -5.385822057723999023e-01 2.539361417293548584e-01 -1.067691663066059893e-01 -7.791084008794221805e-02 -5.036119791320369243e-01 8.537594629623125320e-01
1.520530422103473663e+09 -1.264777183532714844e+00 -4.990063309669494629e-01 2.303981781005859375e-01 -9.982353307325481095e-02 -7.076167214909907799e-02 -5.132137464232686686e-01 8.494937895485928925e-01
1.520530422153476000e+09 -1.300293207168579102e+00 -4.495979547500610352e-01 2.040119916200637817e-01 -9.050367450256970037e-02 -6.757764277588118595e-02 -5.221776180264082745e-01 8.453241285629169433e-01
1.520530422203476906e+09 -1.336934447288513184e+00 -3.908271491527557373e-01 1.768865734338760376e-01 -7.680611366776393667e-02 -6.665816303697677525e-02 -5.312658070619815653e-01 8.410791594437301288e-01
1.520530422253479004e+09 -1.375280976295471191e+00 -3.247214257717132568e-01 1.512029469013214111e-01 -5.927618519648297779e-02 -6.552852942391365620e-02 -5.410568307174605795e-01 8.363311853769824777e-01
1.520530422303479910e+09 -1.414074182510375977e+00 -2.519410550594329834e-01 1.282819211483001709e-01 -4.287016866800550524e-02 -6.468539277599164028e-02 -5.530138263485625538e-01 8.295502736224698026e-01
1.520530422353481770e+09 -1.452039241790771484e+00 -1.731816530227661133e-01 1.097166538238525391e-01 -2.807594722458227332e-02 -6.152089436935177791e-02 -5.679968962337078597e-01 8.202477958594658336e-01
1.520530422403482914e+09 -1.488374352455139160e+00 -9.018664062023162842e-02 9.615042060613632202e-02 -1.333576070149276697e-02 -5.296757082248503001e-02 -5.877015784512533703e-01 8.072319670414341841e-01
1.520530422453394413e+09 -1.521959185600280762e+00 -5.059446208178997040e-03 8.768124133348464966e-02 1.407936710147893221e-03 -4.078660989620336991e-02 -6.117254621994248076e-01 7.900167270787975538e-01
1.520530422503395796e+09 -1.551616072654724121e+00 8.013553917407989502e-02 8.425124734640121460e-02 1.480108536691491193e-02 -2.960505597105688239e-02 -6.402789708260372414e-01 7.674290247644157681e-01
1.520530422553397655e+09 -1.575187444686889648e+00 1.632528901100158691e-01 8.566940575838088989e-02 2.787773733820039096e-02 -2.180164759703971319e-02 -6.693050534573796728e-01 7.421443696069995877e-01
1.520530422603399515e+09 -1.592584609985351562e+00 2.417212873697280884e-01 9.095841646194458008e-02 4.154772921512790013e-02 -1.571047441279800963e-02 -6.979942094989367574e-01 7.147244578834178741e-01
1.520530422653400660e+09 -1.605056047439575195e+00 3.135842680931091309e-01 9.890163689851760864e-02 5.201356495535115754e-02 -1.063562855511113701e-02 -7.263648599825640595e-01 6.852558373690683657e-01
1.520530422703402519e+09 -1.612777352333068848e+00 3.773109018802642822e-01 1.100266873836517334e-01 5.777317794996170847e-02 -7.431346633583487023e-03 -7.528029262629027940e-01 6.556636250447208658e-01
1.520530422753403664e+09 -1.617989540100097656e+00 4.323689639568328857e-01 1.235621646046638489e-01 5.958930719460926728e-02 -8.103614596778781209e-03 -7.765713857069336257e-01 6.271525562411000010e-01
1.520530422803405762e+09 -1.621013164520263672e+00 4.757298231124877930e-01 1.393669992685317993e-01 5.863133693627346765e-02 -1.259546154553089353e-02 -7.967395107353210104e-01 6.013400641157724547e-01
1.520530422853580713e+09 -1.624204158782958984e+00 5.085724592208862305e-01 1.571923941373825073e-01 5.593464525668304099e-02 -1.622113213556272693e-02 -8.120967152804405842e-01 5.806092622090769373e-01
1.520530422903582573e+09 -1.628126621246337891e+00 5.301349759101867676e-01 1.765896230936050415e-01 4.632256127257818046e-02 -1.798998357715454396e-02 -8.214871193727476539e-01 5.680576498144418451e-01
1.520530422953584671e+09 -1.632948517799377441e+00 5.411446094512939453e-01 1.979127526283264160e-01 3.352840551289876930e-02 -1.495523721338820784e-02 -8.252220587389068607e-01 5.636139997146755176e-01
1.520530423003586769e+09 -1.637830853462219238e+00 5.425937771797180176e-01 2.212204039096832275e-01 1.638039196435695302e-02 -4.477382158061795660e-03 -8.247795079490778392e-01 5.651994330104920250e-01
1.520530423053587437e+09 -1.642403960227966309e+00 5.366845130920410156e-01 2.461157441139221191e-01 -4.837867673007800566e-03 1.225160960495174506e-02 -8.201004044902562296e-01 5.720680201281875821e-01
1.520530423103589773e+09 -1.645367741584777832e+00 5.248440504074096680e-01 2.731398046016693115e-01 -2.884084645801401545e-02 3.738998510807314823e-02 -8.127446529616261239e-01 5.807033008959818776e-01
1.520530423153590679e+09 -1.644559979438781738e+00 5.082581639289855957e-01 2.987475693225860596e-01 -5.936151222845243575e-02 7.184918791266829696e-02 -8.025069037268124372e-01 5.893187376395272459e-01
1.520530423203591824e+09 -1.639493346214294434e+00 4.884547591209411621e-01 3.232312500476837158e-01 -9.327881528636040864e-02 1.122811629522637994e-01 -7.892472528557561429e-01 5.964736179618530532e-01
1.520530423253315926e+09 -1.630193233489990234e+00 4.659599065780639648e-01 3.452766835689544678e-01 -1.281070628880980056e-01 1.514742726451773769e-01 -7.736500612453152126e-01 6.017555217028914827e-01
1.520530423303317070e+09 -1.616958141326904297e+00 4.423515200614929199e-01 3.644073605537414551e-01 -1.607085891097018160e-01 1.851678166895374122e-01 -7.568054690143588559e-01 6.059134518384249324e-01
1.520530423353318930e+09 -1.599939703941345215e+00 4.185566902160644531e-01 3.796946406364440918e-01 -1.897937763438147796e-01 2.125003887976328332e-01 -7.409380514214461977e-01 6.081387269182907396e-01
1.520530423403321981e+09 -1.579180240631103516e+00 3.953749537467956543e-01 3.908039033412933350e-01 -2.157290438833105728e-01 2.350254354379207600e-01 -7.238507400277189863e-01 6.117713057047805547e-01
1.520530423453322172e+09 -1.555675745010375977e+00 3.725996017456054688e-01 3.980484008789062500e-01 -2.367247188541148906e-01 2.524279191230328623e-01 -7.064718142937919110e-01 6.173646643104009346e-01
1.520530423503324032e+09 -1.530803799629211426e+00 3.499468863010406494e-01 3.995994925498962402e-01 -2.493875878043109451e-01 2.611792638851579973e-01 -6.913332820696640457e-01 6.258190763058765205e-01
1.520530423553359032e+09 -1.505589485168457031e+00 3.273462951183319092e-01 3.961947858333587646e-01 -2.547233070426733748e-01 2.562393511621334774e-01 -6.795219687568750944e-01 6.385196361444439583e-01
1.520530423603327036e+09 -1.481513023376464844e+00 3.046760261058807373e-01 3.864797651767730713e-01 -2.467975446385090865e-01 2.358248213673054816e-01 -6.724791469414128642e-01 6.566958371395629213e-01
1.520530423652983427e+09 -1.456793546676635742e+00 2.817424833774566650e-01 3.706027269363403320e-01 -2.247118400754645751e-01 2.028402891979262934e-01 -6.696190529795558177e-01 6.782114197613920981e-01
1.520530423702985287e+09 -1.430820107460021973e+00 2.590482532978057861e-01 3.482981324195861816e-01 -1.931006962753587797e-01 1.619333247422745647e-01 -6.664926678995093390e-01 7.016247166912515931e-01
1.520530423752986431e+09 -1.403280019760131836e+00 2.362257093191146851e-01 3.208529353141784668e-01 -1.566721674201882741e-01 1.171858069846655886e-01 -6.607960540735668964e-01 7.246170668139252369e-01
1.520530423802988291e+09 -1.375048160552978516e+00 2.146005332469940186e-01 2.897663712501525879e-01 -1.145999666931593330e-01 7.347440795284872206e-02 -6.546936102591243145e-01 7.435352282816053426e-01
1.520530423852990389e+09 -1.344465374946594238e+00 1.934153139591217041e-01 2.572725713253021240e-01 -6.918138996257469642e-02 3.051430539391217570e-02 -6.475562439781504809e-01 7.582570298613021675e-01
1.520530423902991533e+09 -1.312286853790283203e+00 1.735648512840270996e-01 2.246902734041213989e-01 -2.221769492889262565e-02 -1.262964217098770311e-02 -6.386531726470140446e-01 7.690702121643919753e-01
1.520530423952993393e+09 -1.278618693351745605e+00 1.564296633005142212e-01 1.939259171485900879e-01 2.999305844412116298e-02 -5.369667216483813010e-02 -6.301094152942282589e-01 7.740666693516490282e-01
1.520530424002994537e+09 -1.242536306381225586e+00 1.430833786725997925e-01 1.641203314065933228e-01 8.529815010382077456e-02 -9.825941097581264438e-02 -6.203092287640008529e-01 7.734893499291136676e-01
1.520530424052950382e+09 -1.205212473869323730e+00 1.337292343378067017e-01 1.374570727348327637e-01 1.425794656038605612e-01 -1.422726059924731279e-01 -6.086614110555237378e-01 7.674378725760978570e-01
1.520530424103253126e+09 -1.167055606842041016e+00 1.284196674823760986e-01 1.143208444118499756e-01 1.983182875349010221e-01 -1.833382258328511705e-01 -5.960334681744523522e-01 7.561752816600268989e-01
1.520530424153255224e+09 -1.128698706626892090e+00 1.262616217136383057e-01 9.475325793027877808e-02 2.451194352055269532e-01 -2.157562950255805800e-01 -5.836265030702707524e-01 7.434687542562400386e-01
1.520530424203257084e+09 -1.092176914215087891e+00 1.279453784227371216e-01 8.096974343061447144e-02 2.773786054045678795e-01 -2.337802685354435916e-01 -5.764023384972496444e-01 7.322350985047186844e-01
1.520530424253258228e+09 -1.060263156890869141e+00 1.334002166986465454e-01 7.507457584142684937e-02 2.874102740459322791e-01 -2.358953382613821481e-01 -5.754370389005947217e-01 7.284373260759677837e-01
1.520530424303260326e+09 -1.031615257263183594e+00 1.405020952224731445e-01 7.652641832828521729e-02 2.729481476156960240e-01 -2.195355459216411231e-01 -5.815872587284124373e-01 7.342068600025593028e-01
1.520530424353261232e+09 -1.007043123245239258e+00 1.490667909383773804e-01 8.787757903337478638e-02 2.349684827998652636e-01 -1.844986821091994245e-01 -5.935381634551862851e-01 7.473034838089159804e-01
1.520530424403263330e+09 -9.829258918762207031e-01 1.589994579553604126e-01 1.087585985660552979e-01 1.758714930852008362e-01 -1.352951837381423383e-01 -6.084044632874976433e-01 7.619766664597389383e-01
1.520530424453264236e+09 -9.574694633483886719e-01 1.694665104150772095e-01 1.343799233436584473e-01 1.034861132998520783e-01 -8.044913414996027190e-02 -6.201993229977357247e-01 7.734153870474534953e-01
1.520530424504722357e+09 -9.280009865760803223e-01 1.823077350854873657e-01 1.638299077749252319e-01 2.661998282740694541e-02 -2.018514944053789728e-02 -6.292190909163777324e-01 7.765096727554002820e-01
1.520530424554724455e+09 -8.953075408935546875e-01 1.951597929000854492e-01 1.931056231260299683e-01 -4.314242018455687055e-02 3.538881753622922371e-02 -6.326625525368857472e-01 7.724146928894599640e-01
1.520530424604726315e+09 -8.598694205284118652e-01 2.075935900211334229e-01 2.207745760679244995e-01 -1.008447452354789553e-01 8.287437751870829761e-02 -6.309076950807369633e-01 7.647990946628989706e-01
1.520530424654727221e+09 -8.229120373725891113e-01 2.188492715358734131e-01 2.451755404472351074e-01 -1.397635999237920590e-01 1.191561520850274170e-01 -6.267616360857440894e-01 7.572567590241459090e-01
1.520530424704729557e+09 -7.851942181587219238e-01 2.286078631877899170e-01 2.643482387065887451e-01 -1.595098162557919419e-01 1.403899433884611969e-01 -6.234611019907158047e-01 7.524251036601252718e-01
1.520530424754730225e+09 -7.479081153869628906e-01 2.362855225801467896e-01 2.775457799434661865e-01 -1.673172033949573423e-01 1.487284229528245127e-01 -6.224941304985792678e-01 7.499239075725441239e-01
1.520530424804732323e+09 -7.129210829734802246e-01 2.417167574167251587e-01 2.837387025356292725e-01 -1.612187008918410658e-01 1.391085965917373546e-01 -6.261590645378991571e-01 7.500547678230218285e-01
1.520530424854733467e+09 -6.747799515724182129e-01 2.459785640239715576e-01 2.819989621639251709e-01 -1.332320039968873104e-01 1.101128017071800608e-01 -6.322348911585435882e-01 7.552505851787955082e-01
1.520530424903374434e+09 -6.477684378623962402e-01 2.470707148313522339e-01 2.704870700836181641e-01 -8.840573292032670449e-02 6.666434339796584174e-02 -6.398528010518648168e-01 7.604792467202642348e-01
1.520530424953377485e+09 -6.177434325218200684e-01 2.478443980216979980e-01 2.520345449447631836e-01 -2.807855901727488238e-02 1.919148564595938439e-02 -6.507732525665764767e-01 7.585100231019582528e-01
1.520530425003378153e+09 -5.853675603866577148e-01 2.476989477872848511e-01 2.305175364017486572e-01 3.111051085363777252e-02 -2.860851658187320290e-02 -6.612146829470132436e-01 7.490052282519068516e-01
1.520530425053379536e+09 -5.497673153877258301e-01 2.468911409378051758e-01 2.093392014503479004e-01 7.970321553083194177e-02 -6.395644397336815168e-02 -6.735789462810642947e-01 7.320166486052201993e-01
1.520530425103381395e+09 -5.119982361793518066e-01 2.461176812648773193e-01 1.908493638038635254e-01 1.095294949255835176e-01 -8.317294693015669926e-02 -6.892278770735594806e-01 7.113722542417395545e-01
1.520530425153383255e+09 -4.725601971149444580e-01 2.447877675294876099e-01 1.776044368743896484e-01 1.208611360960658299e-01 -8.076511368417171877e-02 -7.106040755733442627e-01 6.884122529209543151e-01
1.520530425203384399e+09 -4.279027581214904785e-01 2.439942657947540283e-01 1.688590049743652344e-01 1.141803884321594131e-01 -6.094857406391712001e-02 -7.344664604213319015e-01 6.661885084067545870e-01
1.520530425253385305e+09 -3.903524279594421387e-01 2.418385595083236694e-01 1.696923971176147461e-01 9.813910348964161035e-02 -3.034244362187940580e-02 -7.587476083745449129e-01 6.432341092224593826e-01
1.520530425303732157e+09 -3.534857630729675293e-01 2.389267981052398682e-01 1.765023767948150635e-01 8.306470537251356423e-02 -7.456654587801767823e-04 -7.825608276002539165e-01 6.170074957486390010e-01
1.520530425353734255e+09 -3.151954114437103271e-01 2.377553433179855347e-01 1.848367601633071899e-01 7.508640076140266073e-02 1.819032264941585972e-02 -8.070348592410289124e-01 5.854279465078695566e-01
1.520530425403735161e+09 -2.773585617542266846e-01 2.388664931058883667e-01 1.925211846828460693e-01 7.287903723119756871e-02 2.606255693023142028e-02 -8.307785814591089890e-01 5.511953715764518202e-01
1.520530425453737020e+09 -2.410671710968017578e-01 2.422202378511428833e-01 1.987160593271255493e-01 7.021148773446053704e-02 2.509611861699488980e-02 -8.492718361136041283e-01 5.226642136254434634e-01
1.520530425503738165e+09 -2.066708356142044067e-01 2.472846955060958862e-01 2.040718495845794678e-01 6.111248782127799706e-02 1.709518160705177786e-02 -8.548381682633863221e-01 5.149997326972263201e-01
1.520530425553740025e+09 -1.719723045825958252e-01 2.520809471607208252e-01 2.096878439188003540e-01 4.684940510716475992e-02 4.214567870339270932e-03 -8.425007672182320828e-01 5.366375200220924180e-01
1.520530425603740931e+09 -1.426364034414291382e-01 2.551598846912384033e-01 2.175804823637008667e-01 3.456565875350428585e-02 -1.421565093350239499e-02 -8.110744401961791361e-01 5.837477048896446696e-01
1.520530425653743267e+09 -1.141352504491806030e-01 2.544486820697784424e-01 2.259240150451660156e-01 2.792368116780807180e-02 -3.437840004310988018e-02 -7.599588214345711634e-01 6.484604717053246148e-01
1.520530425703674793e+09 -8.192268013954162598e-02 2.502464354038238525e-01 2.324070036411285400e-01 2.522260170244133154e-02 -4.383674370704352535e-02 -6.976493770097581537e-01 7.146520181335944688e-01
1.520530425753676653e+09 -4.764808714389801025e-02 2.426213771104812622e-01 2.386175096035003662e-01 1.996799655687082897e-02 -4.111846725700710886e-02 -6.296998577853968326e-01 7.754925143861739478e-01
1.520530425803678513e+09 -1.010342780500650406e-02 2.327292114496231079e-01 2.443756908178329468e-01 5.857084031859659257e-03 -3.324798651245648717e-02 -5.603182548089208348e-01 8.275891005126858602e-01
1.520530425853679657e+09 2.933971211314201355e-02 2.212660461664199829e-01 2.475604861974716187e-01 -1.486885446221058310e-02 -2.748398825898680509e-02 -4.905527812029725765e-01 8.708510299760746642e-01
1.520530425903681517e+09 7.018582522869110107e-02 2.097172737121582031e-01 2.493196725845336914e-01 -3.497963409859154715e-02 -2.187953896353077646e-02 -4.304695143133473456e-01 9.016616373229499048e-01
1.520530425953682423e+09 1.126291230320930481e-01 1.989722847938537598e-01 2.495892047882080078e-01 -5.009820642472220809e-02 -1.960000792266912775e-02 -3.891103839529333475e-01 9.196190072537963056e-01
1.520530426003684759e+09 1.553304642438888550e-01 1.889794319868087769e-01 2.488449364900588989e-01 -5.185801184869461705e-02 -1.822050351267623380e-02 -3.751053556248095111e-01 9.253511398601238502e-01
1.520530426053685665e+09 1.937362551689147949e-01 1.823491156101226807e-01 2.475207895040512085e-01 -4.057196199022267830e-02 -1.808043216330512681e-02 -3.935707850060197188e-01 9.182205895441450938e-01
1.520530426103474617e+09 2.234092205762863159e-01 1.810718774795532227e-01 2.456819117069244385e-01 -2.543517893734718524e-02 -2.389625223417354838e-02 -4.339744059421433153e-01 9.002489854416663162e-01
1.520530426153475523e+09 2.500143647193908691e-01 1.845819950103759766e-01 2.443298101425170898e-01 -7.212914365950070551e-03 -3.152978146538497339e-02 -4.846189197399081161e-01 8.741271929057115031e-01
1.520530426203477621e+09 2.746510803699493408e-01 1.912993192672729492e-01 2.428309172391891479e-01 1.274989821549439920e-02 -3.773787235704626625e-02 -5.422780500184510855e-01 8.392543175662809940e-01
1.520530426253478527e+09 2.965162694454193115e-01 2.019890248775482178e-01 2.405603826045989990e-01 3.006046350260733330e-02 -3.874178100120567042e-02 -6.012733971971818692e-01 7.975372999188333756e-01
1.520530426303480387e+09 3.177386522293090820e-01 2.139829695224761963e-01 2.397615462541580200e-01 3.641846438117538054e-02 -3.948145024776730100e-02 -6.570296350027359233e-01 7.519487810127906124e-01
1.520530426353481531e+09 3.408498167991638184e-01 2.280839979648590088e-01 2.404326200485229492e-01 3.848450996160762694e-02 -2.809729608054858940e-02 -7.151772962408611267e-01 6.973169432815961022e-01
1.520530426403483391e+09 3.641974627971649170e-01 2.443392425775527954e-01 2.429362088441848755e-01 3.326501780330401448e-02 -1.200415223996598515e-02 -7.679376793847909610e-01 6.395475427993198014e-01
1.520530426453484297e+09 3.890901505947113037e-01 2.606536448001861572e-01 2.469631880521774292e-01 2.970703903938178361e-02 6.108664113184792896e-03 -8.125823895037537214e-01 5.820567294711356254e-01
1.520530426503486633e+09 4.147149920463562012e-01 2.776034772396087646e-01 2.500142455101013184e-01 2.837140096366972536e-02 1.974365103510546116e-02 -8.454507539431165286e-01 5.329336492549315851e-01
1.520530426553550959e+09 4.391577839851379395e-01 2.928457260131835938e-01 2.521068751811981201e-01 2.459778472548118655e-02 2.209867017023852201e-02 -8.608057520545792096e-01 5.078583020814529947e-01
1.520530426603552818e+09 4.707015454769134521e-01 3.068764209747314453e-01 2.536380887031555176e-01 1.824583633554476697e-02 1.480878485838810037e-02 -8.572265921273061196e-01 5.144029151329139182e-01
1.520530426653553963e+09 4.937026202678680420e-01 3.115623891353607178e-01 2.548324167728424072e-01 1.488897828153859515e-02 2.266293905438050010e-03 -8.353334580783015051e-01 5.495372562917028025e-01
1.520530426703555822e+09 5.145041346549987793e-01 3.070683479309082031e-01 2.550732493400573730e-01 2.386722746469372228e-02 -5.315487811659859799e-03 -8.002454152277511668e-01 5.991739116896169781e-01
1.520530426753558159e+09 5.458285808563232422e-01 2.943650782108306885e-01 2.531773746013641357e-01 3.541872498393764529e-02 -8.551467774410820288e-03 -7.513913785834407388e-01 6.588500455413900392e-01
1.520530426803559065e+09 5.802198052406311035e-01 2.741673588752746582e-01 2.497791796922683716e-01 4.456619255131945984e-02 -1.245389715356296466e-02 -6.931495793797386451e-01 7.193068994058506860e-01
1.520530426853559971e+09 6.162405610084533691e-01 2.482115477323532104e-01 2.459384649991989136e-01 4.726714548952933026e-02 -1.517108213101862543e-02 -6.317167257446246742e-01 7.736081912950095729e-01
1.520530426903562069e+09 6.527931690216064453e-01 2.175945043563842773e-01 2.415780276060104370e-01 4.305746482222969768e-02 -1.924220340014720643e-02 -5.740757785137559077e-01 8.174428376683074982e-01
1.520530426953597546e+09 6.905526518821716309e-01 1.828087717294692993e-01 2.376186847686767578e-01 3.729591235867921184e-02 -2.159866370086047441e-02 -5.238118297752576424e-01 8.507430162129850926e-01
1.520530427003599644e+09 7.298336625099182129e-01 1.466880738735198975e-01 2.345989197492599487e-01 3.070343071237045807e-02 -2.844924639767568847e-02 -4.776528731669655303e-01 8.775509514992492210e-01
1.520530427053601742e+09 7.690892219543457031e-01 1.105169281363487244e-01 2.318144142627716064e-01 2.580898942736379112e-02 -3.835154984486226215e-02 -4.348173640768182580e-01 8.993313708453203326e-01
1.520530427103602409e+09 8.082263469696044922e-01 7.554760575294494629e-02 2.293984293937683105e-01 2.225582061325712471e-02 -5.025633302522257428e-02 -3.922710621499825301e-01 9.182060734058629103e-01
1.520530427153604746e+09 8.473127484321594238e-01 4.482632130384445190e-02 2.278158515691757202e-01 2.095251804965257703e-02 -6.135582636993248962e-02 -3.446837800501810212e-01 9.364772001112254829e-01
1.520530427203605652e+09 8.864235281944274902e-01 1.712860167026519775e-02 2.251992374658584595e-01 2.150260957073492352e-02 -6.847816474729105651e-02 -2.964607973239292704e-01 9.523441470311830859e-01
1.520530427253607750e+09 9.235332608222961426e-01 -6.693345960229635239e-03 2.224836796522140503e-01 2.168412705755535033e-02 -7.142833049275733315e-02 -2.506088712137659602e-01 9.652061882860734077e-01
1.520530427303608656e+09 9.593576192855834961e-01 -2.750220708549022675e-02 2.194267660379409790e-01 2.178650982059653768e-02 -7.388956463676922548e-02 -2.061120612402917163e-01 9.754914138212104069e-01
1.520530427353592396e+09 9.913800358772277832e-01 -4.423522204160690308e-02 2.159919440746307373e-01 2.345418080988084103e-02 -7.654730636178860848e-02 -1.626075732125221163e-01 9.834374349317938080e-01
1.520530427403594494e+09 1.021609902381896973e+00 -5.840852856636047363e-02 2.115676999092102051e-01 2.736572032628636561e-02 -7.863898162683001514e-02 -1.223765994471739949e-01 9.889848309390111281e-01
1.520530427453595400e+09 1.046724796295166016e+00 -7.062423229217529297e-02 2.059088349342346191e-01 3.333792701369595046e-02 -7.806040032618399849e-02 -9.085179499901807620e-02 9.922404486155570469e-01
1.520530427503597498e+09 1.062931418418884277e+00 -8.017389476299285889e-02 2.027487307786941528e-01 3.869284667727516253e-02 -7.879985824739943467e-02 -6.952476462475432051e-02 9.937100950780720643e-01
1.520530427553598642e+09 1.074808716773986816e+00 -8.749966323375701904e-02 1.979423463344573975e-01 4.304196812935573435e-02 -7.907696362961146030e-02 -5.859871247447104997e-02 9.942134648550113862e-01
1.520530427603600502e+09 1.075628399848937988e+00 -9.223055094480514526e-02 1.958005428314208984e-01 4.668792330148662656e-02 -8.047205300575188680e-02 -5.845335023243056899e-02 9.939455177973482991e-01
1.520530427653601408e+09 1.067060351371765137e+00 -9.312528371810913086e-02 1.936212778091430664e-01 4.728392664960365255e-02 -8.133343975240960033e-02 -6.827781777990876710e-02 9.932206408738440961e-01
1.520530427703603506e+09 1.047175765037536621e+00 -9.104408323764801025e-02 1.927234679460525513e-01 4.253675120392007292e-02 -8.388769033036319600e-02 -8.758206078605754175e-02 9.917070448658314996e-01
1.520530427753677607e+09 1.016101479530334473e+00 -8.389158546924591064e-02 1.929567307233810425e-01 3.389310778137875901e-02 -8.573955894150550594e-02 -1.130693535310884901e-01 9.893004127005597947e-01
1.520530427803678751e+09 9.739785194396972656e-01 -6.809320300817489624e-02 1.937252283096313477e-01 2.269235341361041519e-02 -8.855513844979712168e-02 -1.448393103362797252e-01 9.852231314438367749e-01
1.520530427853680849e+09 9.226244091987609863e-01 -4.358015581965446472e-02 1.954757422208786011e-01 1.072318831362512742e-02 -8.989166295817131724e-02 -1.841265374838145230e-01 9.787246397006803544e-01
1.520530427903682709e+09 8.636800050735473633e-01 -9.026397019624710083e-03 1.974932998418807983e-01 -2.145574416325902491e-03 -8.552763563980041173e-02 -2.297188328967464388e-01 9.694893902796701823e-01
1.520530427953683853e+09 8.006507158279418945e-01 3.718811273574829102e-02 1.999440640211105347e-01 -1.585465996404293587e-02 -7.513046792879277125e-02 -2.810685553496393707e-01 9.566109500418088496e-01
1.520530428003685713e+09 7.358379960060119629e-01 9.494920074939727783e-02 2.014091908931732178e-01 -2.854623608319091857e-02 -5.942510720762454041e-02 -3.459110287218042368e-01 9.359483582161293169e-01
1.520530428053686857e+09 6.726164221763610840e-01 1.628959029912948608e-01 2.019477933645248413e-01 -3.788086238858424937e-02 -4.051033261584593981e-02 -4.207767781610440849e-01 9.054672032583301888e-01
1.520530428103691816e+09 6.148595809936523438e-01 2.417487651109695435e-01 2.013308405876159668e-01 -4.458484826104002624e-02 -2.660180236132405132e-02 -4.967125269756042516e-01 8.663608953329891005e-01
1.520530428153535128e+09 5.648732781410217285e-01 3.300179541110992432e-01 1.997657269239425659e-01 -4.424852795457974441e-02 -1.923100987028551756e-02 -5.695572389400499480e-01 8.205344524175742782e-01
1.520530428203536987e+09 5.254771709442138672e-01 4.255322217941284180e-01 1.982934325933456421e-01 -3.582842508236937229e-02 -1.493089587844861378e-02 -6.372685779836338993e-01 7.696636614905898455e-01
1.520530428253538132e+09 4.996668994426727295e-01 5.252601504325866699e-01 1.977425366640090942e-01 -2.336416964755399020e-02 -7.973560174552262597e-03 -6.987009681720127707e-01 7.149877586296949916e-01
1.520530428303539991e+09 4.870873391628265381e-01 6.236330866813659668e-01 1.979954391717910767e-01 -1.626027574709260418e-02 -6.761641179191606957e-04 -7.546721757119985163e-01 6.559001855776780410e-01
1.520530428353542089e+09 4.874911904335021973e-01 7.185816168785095215e-01 2.004960924386978149e-01 -1.225481017658651070e-02 9.398365775909195072e-03 -8.060257560318342396e-01 5.916789424692989741e-01
1.520530428403618097e+09 5.011254549026489258e-01 8.052223920822143555e-01 2.054214477539062500e-01 -1.138570496563741027e-02 2.257381308944888393e-02 -8.503626914876769582e-01 5.255892708292967397e-01
1.520530428453544140e+09 5.238336920738220215e-01 8.800709843635559082e-01 2.125593274831771851e-01 -1.009677899734029265e-02 3.579029034390202035e-02 -8.876159702954186104e-01 4.590806023428787852e-01
1.520530428503546000e+09 5.518053770065307617e-01 9.429254531860351562e-01 2.199705243110656738e-01 -8.130949218691771452e-03 4.621957960340754984e-02 -9.187879959846766420e-01 3.919518549012734887e-01
1.520530428553451061e+09 5.821718573570251465e-01 9.927394390106201172e-01 2.264387011528015137e-01 -5.992482903095799895e-03 5.075125764806283357e-02 -9.439466491419581384e-01 3.261182662309259905e-01
1.520530428603452206e+09 6.117244958877563477e-01 1.029243826866149902e+00 2.322458475828170776e-01 -4.428241130446230502e-03 4.807743507937470989e-02 -9.635357266073996119e-01 2.631878691502128054e-01
1.520530428653454065e+09 6.394098401069641113e-01 1.054184794425964355e+00 2.359068691730499268e-01 -3.544013194875354072e-03 4.103517945430759650e-02 -9.785176916048131668e-01 2.020066366088381082e-01
1.520530428703454971e+09 6.647291779518127441e-01 1.070632815361022949e+00 2.374187409877777100e-01 -5.314790267269460695e-03 3.274353361643515120e-02 -9.891216054252306433e-01 1.433110731651206504e-01
1.520530428753457308e+09 6.852692961692810059e-01 1.078217267990112305e+00 2.376433312892913818e-01 -6.506392003382874441e-03 2.610416977300403230e-02 -9.958903982675637589e-01 8.647863217023013527e-02
1.520530428803458214e+09 7.034974098205566406e-01 1.077684044837951660e+00 2.359142005443572998e-01 -8.521190548906130285e-03 2.130453959715259207e-02 -9.992975842038525069e-01 2.962843412208281124e-02
1.520530428853460073e+09 7.204685211181640625e-01 1.069991946220397949e+00 2.326300442218780518e-01 -1.232451066970766118e-02 1.713661420820286260e-02 -9.993866950642332769e-01 -2.794059088173770494e-02
1.520530428903461218e+09 7.357503771781921387e-01 1.053975462913513184e+00 2.288320809602737427e-01 -2.055269021241329375e-02 1.248430874125211823e-02 -9.960087121089870044e-01 -8.595565346899974868e-02
1.520530428953463078e+09 7.492997050285339355e-01 1.030000686645507812e+00 2.249517738819122314e-01 -3.132107368085002008e-02 6.269330397755097130e-03 -9.887369513554062905e-01 -1.462153441477990201e-01
1.520530429003444433e+09 7.606453895568847656e-01 9.963378310203552246e-01 2.216413319110870361e-01 -4.086614375186457815e-02 -4.705299769192549308e-04 -9.771126449028592065e-01 -2.087597089175304288e-01
1.520530429053445578e+09 7.685482501983642578e-01 9.535937309265136719e-01 2.176963388919830322e-01 -5.031950040589324574e-02 -4.882916355895960438e-03 -9.608836200437242958e-01 -2.722990520336610043e-01
1.520530429103447437e+09 7.735575437545776367e-01 9.028506278991699219e-01 2.136700451374053955e-01 -5.958963377973952591e-02 -6.449719696015618862e-03 -9.399848296259160074e-01 -3.359106975596000688e-01
1.520530429153448343e+09 7.752775549888610840e-01 8.452474474906921387e-01 2.091327756643295288e-01 -6.446631056986509845e-02 -6.748149432196860059e-03 -9.152497967285049274e-01 -3.976384876608158869e-01
1.520530429203450441e+09 7.720586657524108887e-01 7.808610200881958008e-01 2.052012383937835693e-01 -6.474330820078827431e-02 -7.215659375479768940e-03 -8.865610681591733488e-01 -4.580018676025900404e-01
1.520530429253451347e+09 7.630788683891296387e-01 7.125243544578552246e-01 2.026613205671310425e-01 -6.037917919658587762e-02 -6.589346362250627330e-03 -8.541387056355689289e-01 -5.164862115964568012e-01
1.520530429303453207e+09 7.476273775100708008e-01 6.420476436614990234e-01 2.016845941543579102e-01 -5.205442421127589453e-02 -5.036074809452591519e-03 -8.176202843458355574e-01 -5.733777511351318967e-01
1.520530429353455544e+09 7.246481776237487793e-01 5.710902214050292969e-01 2.025565654039382935e-01 -4.172019243546815775e-02 -3.493891060424583576e-03 -7.782800710826194290e-01 -6.265200309838768744e-01
1.520530429403550863e+09 6.936411261558532715e-01 5.009602308273315430e-01 2.058222293853759766e-01 -3.349526188163019086e-02 -2.011855109838815454e-03 -7.376706515713928880e-01 -6.743263525035446682e-01
1.520530429453552723e+09 6.552103161811828613e-01 4.347360134124755859e-01 2.105237096548080444e-01 -2.735071135604946746e-02 -2.872959583397898149e-03 -6.946676661820431198e-01 -7.188049236425300137e-01
1.520530429503554583e+09 6.098309159278869629e-01 3.688575327396392822e-01 2.166106700897216797e-01 -2.363453060675972661e-02 -2.390931360714314106e-03 -6.504453421430012039e-01 -7.591814995735214344e-01
1.520530429553555727e+09 5.582655668258666992e-01 3.087728023529052734e-01 2.225796878337860107e-01 -2.124983000739102956e-02 1.761942635110003608e-04 -6.060133372366679483e-01 -7.951705784116480658e-01
1.520530429603557825e+09 5.016885995864868164e-01 2.533302903175354004e-01 2.277601063251495361e-01 -1.852179620469577084e-02 2.936713052533182749e-03 -5.582284714207320642e-01 -8.294753115536782628e-01
1.520530429653558731e+09 4.385189116001129150e-01 2.015192657709121704e-01 2.326619178056716919e-01 -1.429769235275304105e-02 6.807617517597515377e-03 -5.084334368749892086e-01 -8.609556740068600167e-01
1.520530429703559875e+09 3.690797686576843262e-01 1.555016040802001953e-01 2.366019189357757568e-01 -8.617303705649470916e-03 1.243848086549411563e-02 -4.594781696305513252e-01 -8.880601544397550562e-01
1.520530429753561735e+09 2.942480444908142090e-01 1.153253614902496338e-01 2.393336892127990723e-01 -2.109392911434520602e-03 1.669181431402923591e-02 -4.104507072223236852e-01 -9.117275638792246006e-01
1.520530429803621769e+09 2.144719660282135010e-01 8.107211440801620483e-02 2.400750964879989624e-01 3.367465944637839347e-03 1.830952128412808438e-02 -3.605646863379768918e-01 -9.325484054833048653e-01
1.520530429853626013e+09 1.291853934526443481e-01 5.133360624313354492e-02 2.386657893657684326e-01 6.667841659668207084e-03 1.741619958603609145e-02 -3.076868340574475669e-01 -9.513049080222837350e-01
1.520530429903624773e+09 3.954615071415901184e-02 2.698815613985061646e-02 2.353657037019729614e-01 6.674689409967665861e-03 1.736839783538337081e-02 -2.524856216826170674e-01 -9.674217271291020159e-01
1.520530429953625917e+09 -5.315301567316055298e-02 9.066885337233543396e-03 2.309462130069732666e-01 4.717133511758439535e-03 1.983357609459129867e-02 -1.947743461388746766e-01 -9.806361873788393968e-01
1.520530430003662825e+09 -1.466648876667022705e-01 -3.709406126290559769e-03 2.266040891408920288e-01 2.043755809851216000e-03 2.230802948154232343e-02 -1.319957428948814182e-01 -9.909971234773935489e-01
1.520530430053628683e+09 -2.406289279460906982e-01 -9.202834218740463257e-03 2.235500067472457886e-01 -8.324571040057591803e-04 2.371851213554703602e-02 -6.762171878943644410e-02 -9.974287154204094508e-01
1.520530430103631020e+09 -3.340623974800109863e-01 -8.233078755438327789e-03 2.213903069496154785e-01 -3.779184863148641205e-03 2.311246941944001751e-02 -1.141643763766857857e-04 -9.997257216284878290e-01
1.520530430153631926e+09 -4.244489967823028564e-01 6.670370930805802345e-04 2.190270870923995972e-01 -5.823780987486600058e-03 2.426842685519028583e-02 6.732218949506252326e-02 -9.974190943803789011e-01
1.520530430203344107e+09 -5.124071836471557617e-01 1.503028813749551773e-02 2.166344970464706421e-01 -5.615582586961061391e-03 2.942039577511450579e-02 1.335575854198924883e-01 -9.905883488722512231e-01
1.520530430253346205e+09 -5.974507331848144531e-01 3.414741531014442444e-02 2.136324644088745117e-01 -4.424403731225202280e-03 3.487810369525594367e-02 1.992057789652072197e-01 -9.793268096815848089e-01
1.520530430303347111e+09 -6.790518760681152344e-01 5.816922336816787720e-02 2.100464701652526855e-01 -3.333782472830116618e-03 3.908199360559080904e-02 2.619968894534538961e-01 -9.642712863022269154e-01
1.520530430353349209e+09 -7.577031254768371582e-01 8.510459959506988525e-02 2.061716616153717041e-01 -2.360491401600664334e-03 4.152550291239705260e-02 3.217688599704326413e-01 -9.459042559591027688e-01
1.520530430403350115e+09 -8.330742120742797852e-01 1.151693835854530334e-01 2.022281289100646973e-01 -9.493415150051374160e-04 4.124535004587043252e-02 3.762991802634249594e-01 -9.255791953060288346e-01
1.520530430453351974e+09 -9.036255478858947754e-01 1.478900015354156494e-01 1.981053501367568970e-01 2.082415541630855838e-03 4.020171454275654060e-02 4.267933498729202246e-01 -9.034527780673351494e-01
1.520530430503353119e+09 -9.696874022483825684e-01 1.835361868143081665e-01 1.961396187543869019e-01 5.569387440433100876e-03 3.968243493517229631e-02 4.730900907586517712e-01 -8.801022965014491106e-01
1.520530430553355217e+09 -1.030448317527770996e+00 2.210200726985931396e-01 1.972470581531524658e-01 8.711664335614276861e-03 4.065523760796716651e-02 5.164680720215163445e-01 -8.552964334907058319e-01
1.520530430603527546e+09 -1.085842013359069824e+00 2.598105669021606445e-01 2.012913525104522705e-01 1.135119640399631126e-02 4.186712720804539739e-02 5.582510522741384040e-01 -8.285372994828660298e-01
1.520530430653528452e+09 -1.134388208389282227e+00 3.000732660293579102e-01 2.065357118844985962e-01 1.475165911815104480e-02 4.143035880763085849e-02 5.994913121475452522e-01 -7.991721219999776693e-01
1.520530430703530312e+09 -1.178005695343017578e+00 3.425652682781219482e-01 2.121109515428543091e-01 2.046288775958236481e-02 4.183591983613280108e-02 6.389948253917657750e-01 -7.677998692097767197e-01
1.520530430753532410e+09 -1.214816927909851074e+00 3.871565759181976318e-01 2.173057347536087036e-01 2.698087083081960810e-02 4.469564101079911977e-02 6.754408948648592537e-01 -7.355636816945235745e-01
1.520530430803533316e+09 -1.243677496910095215e+00 4.328251183032989502e-01 2.216515243053436279e-01 3.204113948274300155e-02 4.787611526386600230e-02 7.102057245122415097e-01 -7.016331461938856151e-01
1.520530430853534460e+09 -1.267868995666503906e+00 4.792553484439849854e-01 2.240667343139648438e-01 3.549207323452426011e-02 4.810440471189033479e-02 7.440523398292631096e-01 -6.654415034993147460e-01
1.520530430903536558e+09 -1.287267684936523438e+00 5.271036624908447266e-01 2.240622788667678833e-01 3.947530650294965582e-02 4.532574075204911374e-02 7.764279174420808394e-01 -6.273332180096391486e-01
1.520530430953538418e+09 -1.300846457481384277e+00 5.757326483726501465e-01 2.226103395223617554e-01 4.372606956266862632e-02 4.036951582781093256e-02 8.067632607694683600e-01 -5.878702017495389676e-01
1.520530431003695965e+09 -1.309624910354614258e+00 6.249235272407531738e-01 2.201209813356399536e-01 4.746166437358938922e-02 3.567157923511624085e-02 8.349316996787341516e-01 -5.471416505086609261e-01
1.520530431053698063e+09 -1.312339425086975098e+00 6.731899380683898926e-01 2.171691805124282837e-01 4.872434027189879308e-02 3.234316284790796775e-02 8.612354068002927576e-01 -5.048301026638525313e-01
1.520530431103700161e+09 -1.308087587356567383e+00 7.192057967185974121e-01 2.143252193927764893e-01 4.852753204904353829e-02 3.013852097307294017e-02 8.857660425588579356e-01 -4.606031546096969742e-01
1.520530431153701305e+09 -1.297836065292358398e+00 7.619830369949340820e-01 2.134370803833007812e-01 4.788704043575347374e-02 2.857972950859064692e-02 9.085279375099649668e-01 -4.140857606624619436e-01
1.520530431203703165e+09 -1.280290842056274414e+00 7.983502149581909180e-01 2.140136510133743286e-01 4.590401091798039512e-02 2.476622371215064788e-02 9.298071342939628892e-01 -3.643324703628955663e-01
1.520530431253704071e+09 -1.258822560310363770e+00 8.295488357543945312e-01 2.154537886381149292e-01 4.536965713344733031e-02 1.824138998854938840e-02 9.491527365763724466e-01 -3.109950619422474638e-01
1.520530431303706169e+09 -1.232724905014038086e+00 8.533098697662353516e-01 2.182518243789672852e-01 4.535690033195909771e-02 1.234170436365006167e-02 9.660289863449799119e-01 -2.541228668714555217e-01
1.520530431353708029e+09 -1.203263521194458008e+00 8.696516752243041992e-01 2.209572792053222656e-01 4.350513080788614984e-02 1.027863532981300107e-02 9.803529664472333538e-01 -1.921190111031574610e-01
1.520530431403708935e+09 -1.171400308609008789e+00 8.776133656501770020e-01 2.233069539070129395e-01 4.146365480815847326e-02 1.150503018432224960e-02 9.911564665000432983e-01 -1.255279193070457100e-01
1.520530431453562260e+09 -1.137788534164428711e+00 8.780086636543273926e-01 2.248030006885528564e-01 3.977890457460838552e-02 1.177884291477165370e-02 9.976781631535788231e-01 -5.401092831024283114e-02
1.520530431503564119e+09 -1.103030323982238770e+00 8.686950206756591797e-01 2.254624962806701660e-01 3.921865286955287383e-02 8.460596177077849694e-03 9.989932743940250770e-01 2.006871433177040767e-02
1.520530431553565025e+09 -1.068790912628173828e+00 8.478731513023376465e-01 2.257637977600097656e-01 4.051347641746997491e-02 2.031799315438797843e-03 9.948445116041204628e-01 9.294583235020224821e-02
1.520530431603567123e+09 -1.036892175674438477e+00 8.159484267234802246e-01 2.251098304986953735e-01 4.084430673339001922e-02 -4.333025816548351401e-03 9.852848741569180113e-01 1.659116760578596139e-01
1.520530431653568029e+09 -1.009218096733093262e+00 7.741560935974121094e-01 2.231684774160385132e-01 4.101209652399375599e-02 -7.188598049958980565e-03 9.697709531557648921e-01 2.404384129296773531e-01
1.520530431703570127e+09 -9.865124821662902832e-01 7.229006886482238770e-01 2.194137871265411377e-01 4.311619974202214600e-02 -7.594170343067575130e-03 9.488568091779544522e-01 3.126564849371230026e-01
1.520530431753571272e+09 -9.687896370887756348e-01 6.646344661712646484e-01 2.149196863174438477e-01 4.714858579117517379e-02 -8.226221509613357297e-03 9.229884836022671513e-01 3.818397560170421756e-01
1.520530431803573132e+09 -9.578382372856140137e-01 5.996781587600708008e-01 2.112423330545425415e-01 5.148424467505755692e-02 -8.792996508322284410e-03 8.934160224135733186e-01 4.461836691961654222e-01
1.520530431853524685e+09 -9.536699652671813965e-01 5.308475494384765625e-01 2.078326344490051270e-01 5.281213473386444507e-02 -8.447494637657612312e-03 8.597133444427701443e-01 5.079689790196108001e-01
1.520530431903525829e+09 -9.576206207275390625e-01 4.589000046253204346e-01 2.055144459009170532e-01 4.949908688501942350e-02 -8.286115995912389162e-03 8.213336420660510839e-01 5.682360681000173663e-01
1.520530431953527689e+09 -9.695197939872741699e-01 3.846240043640136719e-01 2.040503174066543579e-01 4.364822516082176446e-02 -1.011910408826513334e-02 7.777531228365220928e-01 6.269709052984826503e-01
1.520530432003528595e+09 -9.901615381240844727e-01 3.101585805416107178e-01 2.035498172044754028e-01 3.888960150885466954e-02 -1.472485146559037762e-02 7.302083313395768549e-01 6.819578949510515242e-01
1.520530432053530693e+09 -1.019497752189636230e+00 2.369898259639739990e-01 2.036614418029785156e-01 3.537188014817507775e-02 -1.857873195019238421e-02 6.796908815125461967e-01 7.324096984629600016e-01
1.520530432103531599e+09 -1.057207465171813965e+00 1.664408594369888306e-01 2.034766823053359985e-01 3.286317185635583005e-02 -1.995195526749714288e-02 6.263124007981858421e-01 7.786235984241399732e-01
1.520530432153533459e+09 -1.101650118827819824e+00 9.894919395446777344e-02 2.029201835393905640e-01 3.035084876205366294e-02 -1.836341416869960441e-02 5.704804012028121818e-01 8.205447719917361438e-01
1.520530432203535795e+09 -1.153139472007751465e+00 3.527611494064331055e-02 2.021813392639160156e-01 2.820033756589246376e-02 -1.511922746119694592e-02 5.155757307286698010e-01 8.562463522875554123e-01
1.520530432253696203e+09 -1.209172129631042480e+00 -2.254596911370754242e-02 2.005003690719604492e-01 2.617809667057529113e-02 -1.024385421865032543e-02 4.611271797719103116e-01 8.868886597431818730e-01
1.520530432303698063e+09 -1.268348455429077148e+00 -7.224723696708679199e-02 1.986055523157119751e-01 2.466276341357936941e-02 -3.810233751739734373e-03 4.057875065327334330e-01 9.136266905916824443e-01
1.520530432353700161e+09 -1.329851865768432617e+00 -1.157903820276260376e-01 1.976387798786163330e-01 2.506923004147209449e-02 9.931285885210745616e-04 3.505655965707702992e-01 9.362020668112810418e-01
1.520530432403701067e+09 -1.391590952873229980e+00 -1.509956717491149902e-01 1.967651247978210449e-01 2.691716299368761972e-02 4.300232930513716613e-03 2.959217099371810877e-01 9.548231856846425281e-01
1.520530432453701973e+09 -1.452342391014099121e+00 -1.782927662134170532e-01 1.962315589189529419e-01 2.835561363532591514e-02 6.154052105011770246e-03 2.397923187070712669e-01 9.703905042338053510e-01
1.520530432503704071e+09 -1.511098504066467285e+00 -1.981879025697708130e-01 1.963474452495574951e-01 2.771698382017405426e-02 6.652489959323825384e-03 1.806741728778990530e-01 9.831298777069794603e-01
1.520530432553704977e+09 -1.566914081573486328e+00 -2.112552225589752197e-01 1.970576941967010498e-01 2.482107817894557700e-02 5.816673807029926029e-03 1.169490431039155315e-01 9.928106575278772272e-01
1.520530432603708029e+09 -1.620645284652709961e+00 -2.186076492071151733e-01 1.987588554620742798e-01 2.230735610446763981e-02 1.771448705373828043e-03 5.233937334138058506e-02 9.983786024506656753e-01
1.520530432653547764e+09 -1.669264674186706543e+00 -2.187947779893875122e-01 2.015397101640701294e-01 2.218507088618432155e-02 -4.724610691879325280e-03 -1.125097669928394085e-02 9.996794067134209261e-01
1.520530432703550100e+09 -1.710725426673889160e+00 -2.112833112478256226e-01 2.047987729310989380e-01 2.212554929084736138e-02 -1.081976185561555823e-02 -7.315829289255197654e-02 9.970161769013646813e-01
1.520530432753551006e+09 -1.746456742286682129e+00 -1.984326243400573730e-01 2.083408534526824951e-01 1.887760035529056218e-02 -1.425038955544841862e-02 -1.354629929163437274e-01 9.905000455085757327e-01
1.520530432803552866e+09 -1.776554942131042480e+00 -1.804962009191513062e-01 2.119690328836441040e-01 1.127470795839942246e-02 -1.545088114104377353e-02 -1.978664463574185406e-01 9.800423565531771741e-01
1.520530432853554010e+09 -1.799998879432678223e+00 -1.575599759817123413e-01 2.155741304159164429e-01 1.067442162369188667e-03 -1.592055223735613922e-02 -2.603765245048033083e-01 9.653752959706848324e-01
1.520530432903555870e+09 -1.815512657165527344e+00 -1.289112269878387451e-01 2.197227627038955688e-01 -8.148675410570059910e-03 -1.717901523562229485e-02 -3.230347187115451546e-01 9.461960954429797788e-01
1.520530432953556776e+09 -1.823110580444335938e+00 -9.421005100011825562e-02 2.234177291393280029e-01 -1.289624202957261045e-02 -1.936322186007034124e-02 -3.852702819347664787e-01 9.225104673870199168e-01
1.520530433003559113e+09 -1.824562072753906250e+00 -5.453922972083091736e-02 2.260813713073730469e-01 -1.547918193135676412e-02 -2.445502585245203087e-02 -4.439107488616151898e-01 8.956034801643034671e-01
1.520530433053690434e+09 -1.817264795303344727e+00 -1.213722582906484604e-02 2.279368788003921509e-01 -2.025477152658757690e-02 -3.108791165233205228e-02 -4.971026921653761144e-01 8.668980328858969520e-01
1.520530433103691578e+09 -1.803993225097656250e+00 3.160784393548965454e-02 2.290448993444442749e-01 -2.632870145573696502e-02 -3.644683574854531288e-02 -5.454619512321640107e-01 8.369287230114483833e-01
1.520530433153693438e+09 -1.784766793251037598e+00 7.583587616682052612e-02 2.297186553478240967e-01 -2.906754614095402936e-02 -3.784780950881147521e-02 -5.887102487078224033e-01 8.069342378057223764e-01
1.520530433203694344e+09 -1.760068774223327637e+00 1.205311194062232971e-01 2.291703224182128906e-01 -2.717376361397529430e-02 -3.536914108114706107e-02 -6.289643323625030424e-01 7.761536439687856115e-01
1.520530433253695488e+09 -1.730941653251647949e+00 1.665990203619003296e-01 2.273540794849395752e-01 -2.574788629418539934e-02 -3.202077187813436032e-02 -6.666476339192748402e-01 7.442396446774001140e-01
1.520530433303697586e+09 -1.695978283882141113e+00 2.126831263303756714e-01 2.252933979034423828e-01 -2.946944811765973490e-02 -3.078440468675636144e-02 -7.000257895538521957e-01 7.128448400705643673e-01
1.520530433353699446e+09 -1.654323697090148926e+00 2.554698884487152100e-01 2.245862483978271484e-01 -3.458275042180087439e-02 -3.000148930194911079e-02 -7.293331731403291940e-01 6.826251288738108824e-01
1.520530433403700590e+09 -1.607520222663879395e+00 2.961593568325042725e-01 2.243459820747375488e-01 -3.554585829771531730e-02 -2.716608813497253458e-02 -7.573619231747024116e-01 6.514609834352613760e-01
1.520530433453702450e+09 -1.555764555931091309e+00 3.351255059242248535e-01 2.237686812877655029e-01 -3.512790502550667410e-02 -2.360213040174067439e-02 -7.832849791101667014e-01 6.202206149664842849e-01
1.520530433503793478e+09 -1.498678803443908691e+00 3.726328015327453613e-01 2.223406732082366943e-01 -3.488813942127565182e-02 -1.918556275975008552e-02 -8.066284324528366634e-01 5.897162909976229050e-01
1.520530433553795338e+09 -1.437009453773498535e+00 4.082012474536895752e-01 2.200696468353271484e-01 -3.341173600791561699e-02 -1.408825284823082141e-02 -8.280223230455444616e-01 5.595214111782332855e-01
1.520530433603796482e+09 -1.370814919471740723e+00 4.415810108184814453e-01 2.166877686977386475e-01 -2.909374215908695077e-02 -9.871898446520288237e-03 -8.483861079964095664e-01 5.284856777122218796e-01
1.520530433653798580e+09 -1.300133824348449707e+00 4.726053178310394287e-01 2.128290832042694092e-01 -2.260359027018286893e-02 -1.044394924631749516e-02 -8.684393851441892798e-01 4.951697042039429619e-01
1.520530433703799486e+09 -1.225270986557006836e+00 5.000889301300048828e-01 2.097612321376800537e-01 -1.466299647026462864e-02 -1.680005775683829014e-02 -8.879777517531894926e-01 4.593454767222933666e-01
1.520530433753801584e+09 -1.148319602012634277e+00 5.227522850036621094e-01 2.074981331825256348e-01 -8.590740158895248876e-03 -2.639489250604661746e-02 -9.056864388418602863e-01 4.230385128224922742e-01
1.520530433803803444e+09 -1.070702195167541504e+00 5.397199392318725586e-01 2.066716849803924561e-01 -5.540600941226592885e-03 -3.431037418224262142e-02 -9.222643910501351350e-01 3.849941466640862120e-01
1.520530433853804350e+09 -9.934005737304687500e-01 5.506982803344726562e-01 2.060252577066421509e-01 -6.659640843966736432e-03 -3.743249874299914293e-02 -9.382105943710971063e-01 3.439699664673026014e-01
1.520530433903630733e+09 -9.155995249748229980e-01 5.555958747863769531e-01 2.049816697835922241e-01 -1.113147980063888993e-02 -3.546097704033915332e-02 -9.534292358408227308e-01 2.993180607794614922e-01
1.520530433953631878e+09 -8.360865116119384766e-01 5.550539493560791016e-01 2.033756375312805176e-01 -1.614918308700810309e-02 -3.074714418013327344e-02 -9.672333805926818240e-01 2.515022951737038159e-01
1.520530434003633738e+09 -7.549237608909606934e-01 5.492748022079467773e-01 2.009795010089874268e-01 -1.926141225831961429e-02 -2.628866015552895272e-02 -9.791620937135184777e-01 2.004482441419759564e-01
1.520530434053634644e+09 -6.719525456428527832e-01 5.384066700935363770e-01 1.972991675138473511e-01 -2.094519696307988593e-02 -2.490026875353469615e-02 -9.885132904942895982e-01 1.475898026841008515e-01
1.520530434103636742e+09 -5.883041620254516602e-01 5.205700993537902832e-01 1.931091994047164917e-01 -2.538815654674631689e-02 -2.717714894988741692e-02 -9.946712079789152838e-01 9.615628996523836736e-02
1.520530434153637648e+09 -5.037044882774353027e-01 4.974329173564910889e-01 1.902097761631011963e-01 -3.001566012114308124e-02 -3.301052340476128694e-02 -9.980697522531365440e-01 4.319878620283434945e-02
1.520530434203640699e+09 -4.183146059513092041e-01 4.689516723155975342e-01 1.890092641115188599e-01 -3.332564018047236287e-02 -4.026054701691764853e-02 -9.985554761115275069e-01 -1.246800658250019067e-02
1.520530434253641844e+09 -3.318471312522888184e-01 4.373968541622161865e-01 1.884886771440505981e-01 -3.694165402672333620e-02 -4.550903545580975429e-02 -9.958495836722510708e-01 -6.962649344506804949e-02
1.520530434303478003e+09 -2.457833737134933472e-01 4.012580215930938721e-01 1.885034590959548950e-01 -3.995759707994160637e-02 -4.831635858669098421e-02 -9.898033546948183936e-01 -1.278993313641744733e-01
1.520530434353481054e+09 -1.595223546028137207e-01 3.606605231761932373e-01 1.877093017101287842e-01 -4.009708686224810331e-02 -4.921664949422209501e-02 -9.794196897016974601e-01 -1.915907525491642172e-01
1.520530434403481245e+09 -7.512822747230529785e-02 3.149602711200714111e-01 1.864791810512542725e-01 -4.230854211689220878e-02 -4.699923386129949143e-02 -9.642677133790974464e-01 -2.572719110494585681e-01
1.520530434453483105e+09 7.513373624533414841e-03 2.650434672832489014e-01 1.840893179178237915e-01 -4.599490088903027130e-02 -4.223581097267907480e-02 -9.449633508252268665e-01 -3.211617520204542719e-01
1.520530434503484964e+09 8.824854344129562378e-02 2.114932835102081299e-01 1.798370778560638428e-01 -4.891878070394028305e-02 -3.531902814723070910e-02 -9.210392871352144351e-01 -3.847676580725449824e-01
1.520530434553486109e+09 1.645498424768447876e-01 1.549064964056015015e-01 1.749711632728576660e-01 -4.872001219679070183e-02 -2.914344264114460820e-02 -8.929748919788812467e-01 -4.465118838932199408e-01
1.520530434603488207e+09 2.339812666177749634e-01 9.586812555789947510e-02 1.703891307115554810e-01 -4.624251473689919290e-02 -2.692224542185473607e-02 -8.612032206603906781e-01 -5.054362820934239497e-01
1.520530434653488874e+09 2.951684296131134033e-01 3.619848191738128662e-02 1.676258295774459839e-01 -4.706490574840213603e-02 -2.459368745003357587e-02 -8.276625502285522851e-01 -5.587081063790583224e-01
1.520530434703655720e+09 3.464875221252441406e-01 -2.405680716037750244e-02 1.668148487806320190e-01 -4.844295973096160446e-02 -1.956705560569012639e-02 -7.908381214781416979e-01 -6.097913377577220961e-01
1.520530434753657579e+09 3.889576196670532227e-01 -8.452092856168746948e-02 1.674263030290603638e-01 -4.399421578879870315e-02 -1.333990063883989594e-02 -7.466558419925662937e-01 -6.636200792972184459e-01
1.520530434803658485e+09 4.196778237819671631e-01 -1.427776813507080078e-01 1.706240326166152954e-01 -3.697473007155598068e-02 -5.991719377744548700e-03 -6.976249481739591474e-01 -7.154833333630593595e-01
1.520530434853722811e+09 4.384898543357849121e-01 -1.970109343528747559e-01 1.752759218215942383e-01 -3.219361657331500093e-02 -3.419652405819745993e-04 -6.452652920380966828e-01 -7.632798680711384565e-01
1.520530434903661728e+09 4.467636048793792725e-01 -2.456837296485900879e-01 1.800232678651809692e-01 -3.235220408469056952e-02 2.734783230080489996e-03 -5.873378878693576999e-01 -8.086903371035844001e-01
1.520530434953662634e+09 4.471944570541381836e-01 -2.871235013008117676e-01 1.841502636671066284e-01 -3.617429433615931139e-02 5.830227380079465622e-03 -5.257011216512769147e-01 -8.498798500803315115e-01
1.520530435003664732e+09 4.445873200893402100e-01 -3.236149847507476807e-01 1.870607435703277588e-01 -3.857052657016473568e-02 1.137679989252591596e-02 -4.631180713157299622e-01 -8.853838347999720693e-01
1.520530435053666592e+09 4.312715232372283936e-01 -3.478729426860809326e-01 1.876964420080184937e-01 -3.690701579623237305e-02 1.931671909400251713e-02 -3.990884268110841959e-01 -9.159657003042820378e-01
1.520530435103796482e+09 4.138795137405395508e-01 -3.628276884555816650e-01 1.884458065032958984e-01 -3.235025513953812548e-02 2.702112896030938599e-02 -3.313475950707858719e-01 -9.425667566930863162e-01
1.520530435153798580e+09 3.917858004570007324e-01 -3.684075474739074707e-01 1.894393265247344971e-01 -2.946919536018435815e-02 3.521062759273801274e-02 -2.605080867821792379e-01 -9.643792381373819111e-01
1.520530435203799486e+09 3.648411333560943604e-01 -3.627340495586395264e-01 1.897557228803634644e-01 -3.027293634587498866e-02 4.227887564617571758e-02 -1.871873912888513403e-01 -9.809469539896478185e-01
1.520530435253801584e+09 3.347324430942535400e-01 -3.456915915012359619e-01 1.902282685041427612e-01 -3.310192724950507953e-02 4.806864599372061980e-02 -1.139546177485730311e-01 -9.917701411004846701e-01
1.520530435303802490e+09 3.037860095500946045e-01 -3.180163502693176270e-01 1.903777867555618286e-01 -3.322619192611428462e-02 5.571874219124328675e-02 -4.447325682022035959e-02 -9.969019868404906948e-01
1.520530435353804350e+09 2.725915014743804932e-01 -2.812119722366333008e-01 1.894879788160324097e-01 -2.894761433735625750e-02 6.427642003294850581e-02 2.236369081700414346e-02 -9.972614716236485322e-01
1.520530435403806448e+09 2.433078140020370483e-01 -2.375653684139251709e-01 1.872371435165405273e-01 -2.357302111465226294e-02 6.950428721874875315e-02 8.624983877192189674e-02 -9.935665211980320155e-01
1.520530435453807354e+09 2.124002128839492798e-01 -1.885860562324523926e-01 1.840839982032775879e-01 -2.094638881015557438e-02 6.820662981997442642e-02 1.492497008819358151e-01 -9.862218975621396266e-01
1.520530435504085541e+09 1.794766932725906372e-01 -1.313106864690780640e-01 1.814147233963012695e-01 -2.109698228531094177e-02 6.495866993325069561e-02 2.118057184002928583e-01 -9.749223693155739667e-01
1.520530435554087877e+09 1.491681188344955444e-01 -6.790718436241149902e-02 1.782635748386383057e-01 -2.297622064044885920e-02 6.344086434881809899e-02 2.730497613720164196e-01 -9.596307507736719922e-01
1.520530435604088783e+09 1.221506968140602112e-01 4.422973433975130320e-04 1.752087920904159546e-01 -2.296954059032390444e-02 6.530702438113808461e-02 3.311571563362242232e-01 -9.410325874160025972e-01
1.520530435654090881e+09 9.961857646703720093e-02 7.244342565536499023e-02 1.723981499671936035e-01 -2.141293691819153022e-02 6.586645699563101197e-02 3.868972313093250737e-01 -9.195181501093705467e-01
1.520530435704091787e+09 8.106078952550888062e-02 1.481999754905700684e-01 1.697469651699066162e-01 -1.962586558069672957e-02 6.324579923471584930e-02 4.411051002525259723e-01 -8.950089858825883704e-01
1.520530435754093647e+09 6.743822246789932251e-02 2.260706722736358643e-01 1.669286042451858521e-01 -1.900707634298446150e-02 5.972567600810418931e-02 4.925771965241437789e-01 -8.680088018785767634e-01
1.520530435804095745e+09 5.876855924725532532e-02 3.042864799499511719e-01 1.638146191835403442e-01 -2.070631579084361573e-02 5.838829836385137084e-02 5.399185245590875093e-01 -8.394343583261776320e-01
1.520530435854096651e+09 5.508005246520042419e-02 3.830708563327789307e-01 1.605003029108047485e-01 -2.615339335691176798e-02 5.799527857551266957e-02 5.835886837657763282e-01 -8.095534546028420042e-01
1.520530435904098749e+09 5.707348510622978210e-02 4.603112637996673584e-01 1.572843044996261597e-01 -3.268289355810970881e-02 5.767557311366844353e-02 6.250693512421889864e-01 -7.777491002067106196e-01
1.520530435953834772e+09 6.275787204504013062e-02 5.363532900810241699e-01 1.548064053058624268e-01 -3.762123385424074457e-02 5.677451602373335959e-02 6.672762675282465361e-01 -7.416897463812800462e-01
1.520530436003837109e+09 7.275717705488204956e-02 6.107515096664428711e-01 1.528046131134033203e-01 -3.789714475869709887e-02 5.798481397923802017e-02 7.090343369058365042e-01 -7.017634051839926057e-01
1.520530436053838015e+09 8.653651177883148193e-02 6.822807192802429199e-01 1.520827859640121460e-01 -3.578714983538046346e-02 6.083775983937986936e-02 7.495919376285469227e-01 -6.581261079205614761e-01
1.520530436103839159e+09 1.044822037220001221e-01 7.476456761360168457e-01 1.523622274398803711e-01 -3.379985465629257307e-02 6.415050050722745367e-02 7.892101478929860470e-01 -6.098275375650208385e-01
1.520530436153841019e+09 1.253713369369506836e-01 8.082930445671081543e-01 1.528702229261398315e-01 -3.196351979562665063e-02 6.647572675474504311e-02 8.255347024734528416e-01 -5.595102913859323346e-01
1.520530436203842878e+09 1.476119905710220337e-01 8.630313277244567871e-01 1.535502672195434570e-01 -2.780414768854520824e-02 6.705291177052190299e-02 8.568213080899086398e-01 -5.104782878805973478e-01
1.520530436253844023e+09 1.699570417404174805e-01 9.103220701217651367e-01 1.546828448772430420e-01 -2.190816106542245803e-02 6.635961913734045314e-02 8.828829835738650766e-01 -4.643641574695328011e-01
1.520530436303845882e+09 1.906949579715728760e-01 9.490134119987487793e-01 1.561898142099380493e-01 -1.756980554427318639e-02 6.665444784352789198e-02 9.040352844111420039e-01 -4.218633559050564696e-01
1.520530436353955507e+09 2.078959792852401733e-01 9.802895784378051758e-01 1.567796766757965088e-01 -1.603206924728732899e-02 6.843334893687828824e-02 9.214360326461731310e-01 -3.821197289465884106e-01
1.520530436403957605e+09 2.201773822307586670e-01 1.005563259124755859e+00 1.561848223209381104e-01 -1.556556635177487949e-02 7.051835042954346378e-02 9.350251931150037610e-01 -3.471494831295222627e-01
1.520530436453978539e+09 2.252551913261413574e-01 1.025045752525329590e+00 1.550712436437606812e-01 -1.533548028450341244e-02 7.177229475215633758e-02 9.449891180583853689e-01 -3.187618664484321851e-01
1.520530436503960371e+09 2.212630063295364380e-01 1.038564443588256836e+00 1.549807488918304443e-01 -1.540870521478396489e-02 7.137866736611275797e-02 9.515704077099036429e-01 -2.986325782955523978e-01
1.520530436553961515e+09 2.085211724042892456e-01 1.045715808868408203e+00 1.565977334976196289e-01 -1.604546618394951316e-02 6.873744031905680563e-02 9.563195180019545827e-01 -2.836735567546489478e-01
1.520530436603963375e+09 1.864732354879379272e-01 1.049109458923339844e+00 1.608627438545227051e-01 -1.539753644137468666e-02 6.333386100757253112e-02 9.592289845523019887e-01 -2.750118054123671940e-01
1.520530436653965473e+09 1.552175432443618774e-01 1.048454642295837402e+00 1.687790751457214355e-01 -1.126624638696220419e-02 5.496523131849150728e-02 9.603176669463441284e-01 -2.732066499724766784e-01
1.520530436703966618e+09 1.151080802083015442e-01 1.043038129806518555e+00 1.814666092395782471e-01 -6.346649342376518843e-03 4.265701239284032387e-02 9.591842177902353273e-01 -2.794740339959623232e-01
1.520530436754030943e+09 6.750289350748062134e-02 1.033117771148681641e+00 1.999154835939407349e-01 -3.418834355449193452e-03 2.384980540623355891e-02 9.558950497975399196e-01 -2.927185544619499979e-01
1.520530436804032087e+09 1.352292113006114960e-02 1.019455671310424805e+00 2.252462953329086304e-01 1.547086495832746043e-04 -2.339715248964503117e-03 9.506502848111686443e-01 -3.102556007330593002e-01
1.520530436854033947e+09 -4.453071206808090210e-02 1.001550912857055664e+00 2.555127143859863281e-01 3.524402238318457246e-03 -3.618998297984188373e-02 9.427476121436297873e-01 -3.315189338759784166e-01
1.520530436904034853e+09 -1.043679118156433105e-01 9.769629240036010742e-01 2.877928614616394043e-01 3.748588337716404935e-03 -7.709678414107495881e-02 9.307114664979970753e-01 -3.575167130215406996e-01
1.520530436954037189e+09 -1.655474156141281128e-01 9.460907578468322754e-01 3.180016875267028809e-01 1.995012731178837963e-03 -1.209847988587136602e-01 9.123773442521867505e-01 -3.910578986092031473e-01
1.520530437004039049e+09 -2.271602600812911987e-01 9.079657196998596191e-01 3.422715365886688232e-01 -2.009679287076175658e-03 -1.584844554978964704e-01 8.865548180650936194e-01 -4.346253479955665133e-01
1.520530437054040194e+09 -2.877796590328216553e-01 8.620367050170898438e-01 3.575296700000762939e-01 -1.119038248012207276e-02 -1.849986863931910863e-01 8.554975173607590744e-01 -4.835020777228574151e-01
1.520530437104042053e+09 -3.459468781948089600e-01 8.094562888145446777e-01 3.631623685359954834e-01 -2.074042709718641048e-02 -1.987368615433381391e-01 8.189558990892354950e-01 -5.379449134387946918e-01
1.520530437153533459e+09 -3.986519873142242432e-01 7.515974044799804688e-01 3.573433160781860352e-01 -3.263951428088287393e-02 -2.015309906755779201e-01 7.781945973874153655e-01 -5.939133695261176182e-01
1.520530437203535795e+09 -4.447021186351776123e-01 6.873434185981750488e-01 3.402613997459411621e-01 -4.585414199075778241e-02 -1.955772710234983669e-01 7.331441947891174093e-01 -6.497280341560685013e-01
1.520530437253536701e+09 -4.811402857303619385e-01 6.185881495475769043e-01 3.134572207927703857e-01 -5.963776709942383847e-02 -1.807393491050608425e-01 6.848277706063841119e-01 -7.034113654375822033e-01
1.520530437303538561e+09 -5.067124366760253906e-01 5.499705076217651367e-01 2.774001359939575195e-01 -7.589381853328647232e-02 -1.569068266327078576e-01 6.336508922637850150e-01 -7.537286798296845003e-01
1.520530437353539705e+09 -5.223655104637145996e-01 4.817762076854705811e-01 2.342276126146316528e-01 -9.754280825700230306e-02 -1.276841225553334846e-01 5.811041197179647178e-01 -7.978096060160103642e-01
1.520530437403542519e+09 -5.287276506423950195e-01 4.154581725597381592e-01 1.872218698263168335e-01 -1.242305002626321042e-01 -9.749865235783658490e-02 5.265993912013676725e-01 -8.353166326485129689e-01
1.520530437453544617e+09 -5.260248184204101562e-01 3.535461723804473877e-01 1.408505737781524658e-01 -1.504192456786161147e-01 -6.400113363381251808e-02 4.682275812324889208e-01 -8.683552484992739240e-01
1.520530437503544569e+09 -5.164209008216857910e-01 2.989331483840942383e-01 1.011597067117691040e-01 -1.688698604235527312e-01 -2.772450382371812599e-02 4.053533254960899335e-01 -8.979994452323005749e-01
1.520530437553870440e+09 -4.993654191493988037e-01 2.511296570301055908e-01 7.253082096576690674e-02 -1.775181618568943964e-01 3.366646591256245401e-03 3.398715024155873343e-01 -9.235601386739525909e-01
1.520530437603872299e+09 -4.819635152816772461e-01 2.099062502384185791e-01 5.619910359382629395e-02 -1.811064686071904017e-01 2.516652720560194970e-02 2.784945751865544050e-01 -9.428721358321620061e-01
1.520530437653873205e+09 -4.647784531116485596e-01 1.759796738624572754e-01 5.320292711257934570e-02 -1.816016537407902087e-01 4.506193356748172674e-02 2.193860056567773498e-01 -9.575280894176079194e-01
1.520530437703875542e+09 -4.504769146442413330e-01 1.477551162242889404e-01 6.126767396926879883e-02 -1.796021436203207589e-01 6.179394113453398618e-02 1.644816077442376179e-01 -9.679206473466293037e-01
1.520530437753876209e+09 -4.408993422985076904e-01 1.247146278619766235e-01 7.836820185184478760e-02 -1.690256685583331475e-01 7.864721589750957309e-02 1.102940625170149985e-01 -9.762582437928356560e-01
1.520530437803878307e+09 -4.370016455650329590e-01 1.032730266451835632e-01 1.036740168929100037e-01 -1.477450884717498580e-01 9.426332105990503640e-02 5.517908774010753942e-02 -9.829756270688514430e-01
1.520530437853879452e+09 -4.400547444820404053e-01 8.748365938663482666e-02 1.360360085964202881e-01 -1.188362003847617393e-01 1.115219436022336086e-01 2.896530805032870685e-03 -9.866267904747917372e-01
1.520530437903881311e+09 -4.489672780036926270e-01 7.349989563226699829e-02 1.703378558158874512e-01 -9.124798369555872646e-02 1.289975053030891494e-01 -3.854966553853782923e-02 -9.866850421405715110e-01
1.520530437954482079e+09 -4.658479094505310059e-01 6.068832427263259888e-02 2.038151174783706665e-01 -6.561182811354039635e-02 1.458033687427358616e-01 -6.368087615117970501e-02 -9.850792920813465914e-01
1.520530438004481077e+09 -4.922615587711334229e-01 4.923201352357864380e-02 2.325349152088165283e-01 -3.910743677797588053e-02 1.644532025639214301e-01 -6.889644018728520447e-02 -9.831983691425888461e-01
1.520530438054484129e+09 -5.279482007026672363e-01 3.750400990247726440e-02 2.550642490386962891e-01 -1.276944029163389928e-02 1.834617287069504610e-01 -5.652863910511458229e-02 -9.813170988296388009e-01
1.520530438104484081e+09 -5.719475150108337402e-01 2.662116289138793945e-02 2.706910967826843262e-01 1.018679610003269710e-02 2.005632077301536809e-01 -2.893567464452417165e-02 -9.792003654120405853e-01
1.520530438154486179e+09 -6.234331727027893066e-01 1.523482427000999451e-02 2.821626365184783936e-01 2.703804558044952192e-02 2.133594481184166725e-01 1.137503158247542452e-02 -9.765333064705432609e-01
1.520530438204487085e+09 -6.805140972137451172e-01 5.969842430204153061e-03 2.835904955863952637e-01 3.681505260650814321e-02 2.254050244955476678e-01 6.090385490584162426e-02 -9.716624657211730964e-01
1.520530438254489183e+09 -7.418308854103088379e-01 -1.087487558834254742e-03 2.772602736949920654e-01 3.736787819363261015e-02 2.345271273572663850e-01 1.170538969021228115e-01 -9.643127363220302950e-01
1.520530438304490089e+09 -8.054345846176147461e-01 -2.815558342263102531e-03 2.661294639110565186e-01 3.007997493040044309e-02 2.429944807271054164e-01 1.753246331351829279e-01 -9.535775534587445090e-01
1.520530438354491949e+09 -8.681707978248596191e-01 9.885696927085518837e-04 2.509448230266571045e-01 1.699404105227387413e-02 2.533945529649029305e-01 2.343776754847022858e-01 -9.383866518289879499e-01
1.520530438403620958e+09 -9.280202984809875488e-01 9.397725574672222137e-03 2.338794320821762085e-01 -9.510844868016876544e-04 2.619740217215588141e-01 2.949871550296116474e-01 -9.188858937587773834e-01
1.520530438453622818e+09 -9.864384531974792480e-01 2.277748100459575653e-02 2.148399055004119873e-01 -2.673007020486446381e-02 2.657184036022224860e-01 3.590789181485098958e-01 -8.942827091447229648e-01
1.520530438503623962e+09 -1.039584279060363770e+00 4.212787374854087830e-02 1.957181096076965332e-01 -5.832625211863454867e-02 2.642779066476173000e-01 4.180723451219253151e-01 -8.671624707146871058e-01
1.520530438553626060e+09 -1.086471796035766602e+00 6.587312370538711548e-02 1.774572134017944336e-01 -8.965066881798246234e-02 2.583425062711176556e-01 4.731197985635245407e-01 -8.374840674551701225e-01
1.520530438603627920e+09 -1.127027630805969238e+00 9.214513748884201050e-02 1.607488840818405151e-01 -1.134813964087365290e-01 2.534173295283841387e-01 5.226523600386261403e-01 -8.060621193865146195e-01
1.520530438653629065e+09 -1.162712812423706055e+00 1.186772361397743225e-01 1.477554738521575928e-01 -1.294842996355375919e-01 2.498867137865929955e-01 5.668926404965055621e-01 -7.742242443709260735e-01
1.520530438703630924e+09 -1.193126082420349121e+00 1.456558108329772949e-01 1.394961029291152954e-01 -1.362106951008311417e-01 2.441533956388227677e-01 6.063936361265626074e-01 -7.443940649974225554e-01
1.520530438753632069e+09 -1.220913052558898926e+00 1.716407090425491333e-01 1.350151300430297852e-01 -1.370978181679792796e-01 2.288619536624914574e-01 6.418518308319594023e-01 -7.189246286482533499e-01
1.520530438804389477e+09 -1.247415661811828613e+00 1.962940990924835205e-01 1.328505873680114746e-01 -1.346887236989745551e-01 2.021332735084204746e-01 6.730022609897019503e-01 -6.986193843230091849e-01
1.520530438854391575e+09 -1.271578907966613770e+00 2.181147634983062744e-01 1.325103938579559326e-01 -1.318902167498800237e-01 1.661252903915751145e-01 6.985470947771080796e-01 -6.834027472848251961e-01
1.520530438904392481e+09 -1.296459794044494629e+00 2.367358654737472534e-01 1.339289844036102295e-01 -1.251152289589294031e-01 1.248892826548543000e-01 7.182562848498764696e-01 -6.729463246308458046e-01
1.520530438954394579e+09 -1.321597218513488770e+00 2.511183023452758789e-01 1.368836611509323120e-01 -1.129096587434263999e-01 8.552845491724260507e-02 7.333633834745002522e-01 -6.649168670899735512e-01
1.520530439004395723e+09 -1.346396327018737793e+00 2.619323134422302246e-01 1.421819627285003662e-01 -1.010211656755587856e-01 5.478825152191085790e-02 7.442835801425150555e-01 -6.579019105542734946e-01
1.520530439054397583e+09 -1.371292591094970703e+00 2.689568102359771729e-01 1.468710005283355713e-01 -9.162796763874996031e-02 3.642068696024675784e-02 7.500435489010300882e-01 -6.539973423949703157e-01
1.520530439104398727e+09 -1.396909475326538086e+00 2.714379727840423584e-01 1.513779461383819580e-01 -8.363083452105607440e-02 2.721861280402191122e-02 7.526639431827208959e-01 -6.525044208792567524e-01
1.520530439154400587e+09 -1.423647999763488770e+00 2.696695923805236816e-01 1.560157537460327148e-01 -7.307982245916022634e-02 2.403911510265577256e-02 7.521082554257971786e-01 -6.545339048626760414e-01
1.520530439204653978e+09 -1.451081275939941406e+00 2.634535431861877441e-01 1.614196747541427612e-01 -6.134469960485720158e-02 2.466094555508679259e-02 7.475775667135519109e-01 -6.608755157678061209e-01
1.520530439254654884e+09 -1.478951811790466309e+00 2.538432180881500244e-01 1.670653522014617920e-01 -4.902059256065226245e-02 2.786218188090412023e-02 7.396779160293612820e-01 -6.705947068567563729e-01
1.520530439304656982e+09 -1.506209135055541992e+00 2.416590303182601929e-01 1.715624332427978516e-01 -4.058917738209465165e-02 2.942741856327502764e-02 7.307675037661641726e-01 -6.807829324795942050e-01
1.520530439354658842e+09 -1.533465147018432617e+00 2.283553481101989746e-01 1.751520186662673950e-01 -3.588971306036083109e-02 2.685672461673284730e-02 7.237370823959645705e-01 -6.886183851773658438e-01
1.520530439404659748e+09 -1.559198856353759766e+00 2.161127924919128418e-01 1.769462376832962036e-01 -3.212289300069387510e-02 2.252984270714127046e-02 7.191344620833427514e-01 -6.937623161983926812e-01
1.520530439454660892e+09 -1.582971572875976562e+00 2.051293402910232544e-01 1.774476468563079834e-01 -2.633212293386186578e-02 2.104504198512629695e-02 7.152791545631708159e-01 -6.980253982177410110e-01
1.520530439504662991e+09 -1.604104280471801758e+00 1.953480392694473267e-01 1.776739656925201416e-01 -2.117549879520335548e-02 2.085608311004361060e-02 7.137821504805123007e-01 -6.997368531837498962e-01
1.520530439554665089e+09 -1.622772336006164551e+00 1.871592998504638672e-01 1.770631968975067139e-01 -1.959968623038616659e-02 1.872655273824182579e-02 7.162576520000031310e-01 -6.973092172584948178e-01
1.520530439604176998e+09 -1.638489723205566406e+00 1.808831989765167236e-01 1.753169447183609009e-01 -1.790559322510816564e-02 1.753138780821774864e-02 7.234746937701023173e-01 -6.898959397235436830e-01
1.520530439654178143e+09 -1.652568101882934570e+00 1.763053387403488159e-01 1.725858002901077271e-01 -1.559758273389887442e-02 1.961960449614177926e-02 7.347693414644008714e-01 -6.778538200646543332e-01
1.520530439704262972e+09 -1.664980769157409668e+00 1.745285093784332275e-01 1.688513755798339844e-01 -1.448784327808856631e-02 2.355865836931551882e-02 7.503205184365214775e-01 -6.604954289214551855e-01
1.520530439754182100e+09 -1.674337744712829590e+00 1.757750213146209717e-01 1.639720797538757324e-01 -1.461759434736745709e-02 2.935244592781411505e-02 7.685827327408677467e-01 -6.389094949882418994e-01
1.520530439804183245e+09 -1.680224537849426270e+00 1.798633933067321777e-01 1.583815664052963257e-01 -1.673920257249281521e-02 3.405001368528066952e-02 7.893143849468170492e-01 -6.128157940044440810e-01
1.520530439854185104e+09 -1.683265447616577148e+00 1.859735101461410522e-01 1.528403759002685547e-01 -1.827281614900664458e-02 3.897327346938496417e-02 8.104964057428150070e-01 -5.841598791624117437e-01
1.520530439904186010e+09 -1.682664036750793457e+00 1.922794133424758911e-01 1.483428627252578735e-01 -2.065135020886910144e-02 4.534010642947954722e-02 8.321755539545140357e-01 -5.522695391600119796e-01
1.520530439954188108e+09 -1.678457617759704590e+00 1.980972290039062500e-01 1.451330482959747314e-01 -2.400540622992063111e-02 5.340292071282101011e-02 8.536323531223641847e-01 -5.175748006171205784e-01
1.520530440004098654e+09 -1.671395778656005859e+00 2.032147198915481567e-01 1.432643681764602661e-01 -2.363062197699516975e-02 6.240850848971157827e-02 8.722405139334921120e-01 -4.845031038353704855e-01
1.520530440054100752e+09 -1.662077307701110840e+00 2.078322768211364746e-01 1.433920711278915405e-01 -2.051146451295964360e-02 7.081736405286181979e-02 8.878771984242708193e-01 -4.541346290368153960e-01
1.520530440104101658e+09 -1.650406718254089355e+00 2.124561220407485962e-01 1.444448977708816528e-01 -1.802793787830885702e-02 7.772869175212425430e-02 9.008748019603511903e-01 -4.266823585845296307e-01
1.520530440154103756e+09 -1.636154413223266602e+00 2.176920175552368164e-01 1.452963054180145264e-01 -1.701770463794663110e-02 8.238719051266460425e-02 9.134156313162180574e-01 -3.982394167275263297e-01
1.520530440204105854e+09 -1.618687629699707031e+00 2.239123433828353882e-01 1.457816511392593384e-01 -1.631348880371418994e-02 8.548646786536555353e-02 9.255458302499462997e-01 -3.684981004047270803e-01
1.520530440254106760e+09 -1.597441792488098145e+00 2.309100180864334106e-01 1.466915160417556763e-01 -1.397406453145500806e-02 8.761034636559904276e-02 9.362906525766891974e-01 -3.398366764016034214e-01
1.520530440304108620e+09 -1.573332428932189941e+00 2.386068105697631836e-01 1.476621031761169434e-01 -1.078352433467933205e-02 8.893601664153191755e-02 9.457768869972967840e-01 -3.122181618172827910e-01
1.520530440354109764e+09 -1.546180963516235352e+00 2.468336373567581177e-01 1.490917652845382690e-01 -1.037516656968647151e-02 8.842150293003739336e-02 9.545249319342113958e-01 -2.845279389695039574e-01
1.520530440404111624e+09 -1.515946388244628906e+00 2.552347481250762939e-01 1.500738114118576050e-01 -1.114761980164407501e-02 8.734126856128728023e-02 9.624166182366762357e-01 -2.569075443048389751e-01
1.520530440453976631e+09 -1.483649611473083496e+00 2.633345425128936768e-01 1.511866450309753418e-01 -1.054273675170702348e-02 8.573445960621227380e-02 9.696465207931100894e-01 -2.287445690101338192e-01
1.520530440503978729e+09 -1.449637532234191895e+00 2.709905207157135010e-01 1.519416421651840210e-01 -7.434148024734490295e-03 8.350152166622380745e-02 9.757945121894274765e-01 -2.019834134367687883e-01
1.520530440553979635e+09 -1.414517164230346680e+00 2.776802182197570801e-01 1.520520150661468506e-01 -3.678548981043236465e-03 8.132751064846967248e-02 9.810256691202583479e-01 -1.759572130271073453e-01
1.520530440603981733e+09 -1.378113865852355957e+00 2.830998599529266357e-01 1.518036425113677979e-01 1.149935780137052548e-03 8.059322945285052331e-02 9.850671427353535625e-01 -1.521385333085223390e-01
1.520530440653983831e+09 -1.340818762779235840e+00 2.873271107673645020e-01 1.512275934219360352e-01 6.755937096319739564e-03 8.214720767278851921e-02 9.880416012769207557e-01 -1.303072819594234821e-01
1.520530440703985691e+09 -1.302632927894592285e+00 2.908702790737152100e-01 1.495708525180816650e-01 9.253862334420022775e-03 8.443934489115234587e-02 9.903374336240393649e-01 -1.096181126876402678e-01
1.520530440753986597e+09 -1.263572931289672852e+00 2.929484844207763672e-01 1.473790109157562256e-01 1.092326601740606883e-02 8.706030681089953205e-02 9.919156670941524645e-01 -9.167603073141719627e-02
1.520530440803988934e+09 -1.223636388778686523e+00 2.940948009490966797e-01 1.450826376676559448e-01 1.113103680590410080e-02 8.992872953891138665e-02 9.930183094509725805e-01 -7.552192210395169969e-02
1.520530440853871346e+09 -1.182944655418395996e+00 2.948754429817199707e-01 1.422611474990844727e-01 1.140230922594092158e-02 9.319228895797157519e-02 9.937969478956601987e-01 -5.960546096089081036e-02
1.520530440903872252e+09 -1.141748309135437012e+00 2.954510450363159180e-01 1.385482549667358398e-01 1.389075269442574534e-02 9.712846758828608262e-02 9.942155499733180690e-01 -4.368693128140405113e-02
1.520530440953874350e+09 -1.099929690361022949e+00 2.954341173171997070e-01 1.347287893295288086e-01 1.665944571098309721e-02 1.011918016890094585e-01 9.943836718697202093e-01 -2.614947912344672484e-02
1.520530441003875494e+09 -1.057666420936584473e+00 2.952283322811126709e-01 1.304541975259780884e-01 1.835574830805654714e-02 1.049917152408326032e-01 9.942896107657283045e-01 -5.289249301725053136e-03
1.520530441053876400e+09 -1.014688014984130859e+00 2.942968010902404785e-01 1.260767281055450439e-01 1.781467809863195376e-02 1.098088562137947144e-01 9.935990029474108809e-01 1.963857640388439602e-02
1.520530441103878260e+09 -9.711249470710754395e-01 2.920228838920593262e-01 1.226951330900192261e-01 1.783364193194711747e-02 1.156172258043280665e-01 9.919720482294188679e-01 4.802159768568454307e-02
1.520530441153883219e+09 -9.274325370788574219e-01 2.880756855010986328e-01 1.208303645253181458e-01 2.171086832925372967e-02 1.212838407861244611e-01 9.892336454808454693e-01 7.896621308656630311e-02
1.520530441203881264e+09 -8.843887448310852051e-01 2.831286787986755371e-01 1.201500967144966125e-01 2.798164195571611890e-02 1.252125024260421493e-01 9.852480053606904598e-01 1.132485094049864721e-01
1.520530441253889084e+09 -8.424930572509765625e-01 2.782745957374572754e-01 1.198406890034675598e-01 3.605814707271044056e-02 1.255497822437357802e-01 9.799470042937706848e-01 1.504690366284641145e-01
1.520530441303927183e+09 -8.006875514984130859e-01 2.721934020519256592e-01 1.196901202201843262e-01 4.405946410946974534e-02 1.223888552368234822e-01 9.730817132030525896e-01 1.902411920852535854e-01
1.520530441353891850e+09 -7.599189877510070801e-01 2.652846574783325195e-01 1.197723299264907837e-01 5.075890864753284520e-02 1.172562223384530922e-01 9.643339365301599742e-01 2.318071836075667747e-01
1.520530441403892994e+09 -7.201978564262390137e-01 2.566848695278167725e-01 1.202335432171821594e-01 5.631275714543294841e-02 1.115567657823840347e-01 9.532631410504834868e-01 2.750878865116011540e-01
1.520530441453895092e+09 -6.816376447677612305e-01 2.471960484981536865e-01 1.212761625647544861e-01 5.959596845669590248e-02 1.061111015967945437e-01 9.401775579975231167e-01 3.182057732025577179e-01
1.520530441503895998e+09 -6.440715789794921875e-01 2.373166680335998535e-01 1.227681264281272888e-01 6.036093756950265676e-02 1.008531364336577585e-01 9.259593373095232893e-01 3.588655844972224451e-01
1.520530441553898096e+09 -6.083922982215881348e-01 2.283171415328979492e-01 1.253839880228042603e-01 5.884950140499787402e-02 9.547217036168466342e-02 9.116894455624020566e-01 3.952773149586662482e-01
1.520530441603899002e+09 -5.746428966522216797e-01 2.219896912574768066e-01 1.301354765892028809e-01 5.365371760236219839e-02 8.941161726083839134e-02 8.980438207169508802e-01 4.273688539872181891e-01
1.520530441654083014e+09 -5.420575141906738281e-01 2.193876057863235474e-01 1.367172598838806152e-01 4.354607275286924428e-02 8.093109655195966645e-02 8.854051153885692527e-01 4.556442458787924865e-01
1.520530441704083920e+09 -5.110414624214172363e-01 2.218935042619705200e-01 1.461514681577682495e-01 3.175139099671755311e-02 6.955023208518133770e-02 8.749827270581356231e-01 4.780793257782426919e-01
1.520530441754085779e+09 -4.819913506507873535e-01 2.298675328493118286e-01 1.594874411821365356e-01 1.809299668426435359e-02 5.643894308804340426e-02 8.667477635822049553e-01 4.952126851155307929e-01
1.520530441804087877e+09 -4.556030333042144775e-01 2.433708608150482178e-01 1.764507293701171875e-01 2.849361469155906740e-03 4.236525435851590943e-02 8.617603899221992769e-01 5.055354554563858960e-01
1.520530441854088783e+09 -4.322018623352050781e-01 2.632545232772827148e-01 1.957724094390869141e-01 -1.502606067063347144e-02 2.991631215989688439e-02 8.604320176789085339e-01 5.084643298408219048e-01
1.520530441904090643e+09 -4.114807248115539551e-01 2.888144552707672119e-01 2.161956727504730225e-01 -3.543672667944789550e-02 1.816246264143140526e-02 8.617772356112737286e-01 5.057216225703980994e-01
1.520530441954091787e+09 -3.951736390590667725e-01 3.189318180084228516e-01 2.375930547714233398e-01 -5.802006122710228614e-02 6.046063574220991027e-03 8.653836023964024404e-01 4.977030623915079111e-01
1.520530442004093885e+09 -3.823545575141906738e-01 3.528565168380737305e-01 2.579617500305175781e-01 -7.979041973596691373e-02 -7.145919273393847200e-03 8.710564851509421391e-01 4.846060507593593636e-01
1.520530442054029703e+09 -3.730740547180175781e-01 3.890890777111053467e-01 2.756837010383605957e-01 -9.576632339943691452e-02 -1.933834417054355534e-02 8.788727074434434794e-01 4.669449687686197947e-01
1.520530442104031801e+09 -3.686496019363403320e-01 4.266650974750518799e-01 2.892677485942840576e-01 -1.052649360185859695e-01 -2.697150695936186005e-02 8.887709692464829114e-01 4.452841736262490580e-01
1.520530442154033661e+09 -3.697155416011810303e-01 4.650303125381469727e-01 2.969849109649658203e-01 -1.118033951913823959e-01 -3.029988270033774980e-02 9.005729367203071378e-01 4.189872355800198789e-01
1.520530442204034567e+09 -3.766915202140808105e-01 5.034232139587402344e-01 2.986914217472076416e-01 -1.164556345668272125e-01 -3.024415797014547505e-02 9.137540871154842259e-01 3.880423229057141099e-01
1.520530442254037619e+09 -3.891996741294860840e-01 5.415015816688537598e-01 2.944076955318450928e-01 -1.191996945312921163e-01 -2.542193103396279616e-02 9.278737426072530825e-01 3.524137852385459402e-01
1.520530442304037809e+09 -4.076234102249145508e-01 5.782795548439025879e-01 2.842233180999755859e-01 -1.174932373395069785e-01 -1.424759662698504847e-02 9.426222663690214665e-01 3.121788079213043687e-01
1.520530442354039669e+09 -4.323325753211975098e-01 6.123485565185546875e-01 2.681523561477661133e-01 -1.119065266759676491e-01 2.667990059843119901e-03 9.568624897839490551e-01 2.681118922405782978e-01
1.520530442404041767e+09 -4.622658193111419678e-01 6.426025629043579102e-01 2.480067312717437744e-01 -1.026850026818806605e-01 2.333007898471634381e-02 9.697350690517830829e-01 2.202848008599836149e-01
1.520530442453713655e+09 -4.958841800689697266e-01 6.677203774452209473e-01 2.258891910314559937e-01 -9.333826664174939280e-02 4.780648299229590947e-02 9.802103518071698662e-01 1.678992983138569151e-01
1.520530442503715754e+09 -5.335137844085693359e-01 6.866161823272705078e-01 2.017114460468292236e-01 -8.368911115185181937e-02 7.525955454925270516e-02 9.873919517944454993e-01 1.113070781900975387e-01
1.520530442553716660e+09 -5.739130973815917969e-01 6.982349753379821777e-01 1.766476333141326904e-01 -7.615115937650637767e-02 1.039431948115426135e-01 9.902915563234376828e-01 5.214831399467574624e-02
1.520530442603718758e+09 -6.154106259346008301e-01 7.034006118774414062e-01 1.524558514356613159e-01 -7.199002758820781389e-02 1.292882106827379640e-01 9.889664590134713551e-01 -6.880221846800271129e-03
1.520530442653720617e+09 -6.563484668731689453e-01 7.022575139999389648e-01 1.303396373987197876e-01 -6.862756565338477832e-02 1.492302259050010405e-01 9.842725928267648250e-01 -6.502353357754840635e-02
1.520530442703721523e+09 -6.954293847084045410e-01 6.962165236473083496e-01 1.135641112923622131e-01 -6.432632257396331266e-02 1.649315182688671499e-01 9.765987245201489531e-01 -1.221255492157770350e-01
1.520530442753722668e+09 -7.312388420104980469e-01 6.868908405303955078e-01 1.027799844741821289e-01 -5.755696751559252061e-02 1.788258978871132832e-01 9.661452062269632046e-01 -1.768387237568045389e-01
1.520530442803724527e+09 -7.617952823638916016e-01 6.762552857398986816e-01 9.751789271831512451e-02 -4.942096063430314462e-02 1.922524884488368835e-01 9.530585482800600916e-01 -2.286393511308076887e-01
1.520530442853725672e+09 -7.865802049636840820e-01 6.652688980102539062e-01 9.780628234148025513e-02 -4.230529321876352888e-02 2.029117287988197738e-01 9.383141727094252982e-01 -2.767735640811374020e-01
1.520530442904376507e+09 -8.046987652778625488e-01 6.545911431312561035e-01 1.050206869840621948e-01 -3.533090288173340587e-02 2.068960076271029735e-01 9.229360248069372608e-01 -3.226993390806616180e-01
1.520530442954377651e+09 -8.158957958221435547e-01 6.458647251129150391e-01 1.187512874603271484e-01 -2.606051719563565877e-02 2.020154547154216218e-01 9.090184873955515776e-01 -3.635876717831900695e-01
1.520530443004379511e+09 -8.194387555122375488e-01 6.391845941543579102e-01 1.392067968845367432e-01 -1.338726446861922097e-02 1.865460693648026413e-01 8.977929805424682552e-01 -3.987343843252811326e-01
1.520530443054381371e+09 -8.180861473083496094e-01 6.362350583076477051e-01 1.655592471361160278e-01 5.482652224652666446e-03 1.673664904557521926e-01 8.875047406848164400e-01 -4.292944603172567652e-01
1.520530443104382515e+09 -8.123568892478942871e-01 6.372217535972595215e-01 1.938811987638473511e-01 2.359276666441649864e-02 1.496164221085072854e-01 8.776757228994058746e-01 -4.546907003992634033e-01
1.520530443154384375e+09 -8.023479580879211426e-01 6.417647004127502441e-01 2.230084985494613647e-01 4.186487380959015570e-02 1.331706582842464848e-01 8.690435493125413524e-01 -4.746327185427783313e-01
1.520530443204385281e+09 -7.898384928703308105e-01 6.505308151245117188e-01 2.532902359962463379e-01 6.405654194033656712e-02 1.202979691606849838e-01 8.608289479217597906e-01 -4.903046812650039277e-01
1.520530443254387617e+09 -7.734107971191406250e-01 6.623308658599853516e-01 2.804408669471740723e-01 8.519033676990017678e-02 1.144799907453668553e-01 8.533840960154546185e-01 -5.013706442422185550e-01
1.520530443304466486e+09 -7.542756795883178711e-01 6.762645244598388672e-01 3.038917183876037598e-01 1.025725519179512407e-01 1.142037053350747483e-01 8.482087772687258997e-01 -5.069302273933481429e-01
1.520530443354468346e+09 -7.325812578201293945e-01 6.921646595001220703e-01 3.235152959823608398e-01 1.157038779777670445e-01 1.156156482044803646e-01 8.465288671961785916e-01 -5.065910693199383585e-01
1.520530443404470444e+09 -7.094762921333312988e-01 7.095066905021667480e-01 3.380693197250366211e-01 1.274899922759080151e-01 1.158139421633270216e-01 8.478533778686145883e-01 -5.014759040141997248e-01
1.520530443454471588e+09 -6.850354671478271484e-01 7.280452847480773926e-01 3.477490246295928955e-01 1.370757319387192197e-01 1.141984916254541876e-01 8.532916316541662161e-01 -4.899615694857161752e-01
1.520530443504473448e+09 -6.587066650390625000e-01 7.476051449775695801e-01 3.519914150238037109e-01 1.431542744052822225e-01 1.104483648135183849e-01 8.633589503794839581e-01 -4.710831510775489450e-01
1.520530443554474592e+09 -6.304736733436584473e-01 7.707077860832214355e-01 3.486648797988891602e-01 1.460043398915984170e-01 1.071756787841564029e-01 8.762134959457232863e-01 -4.465937932087144513e-01
1.520530443604476452e+09 -6.001318693161010742e-01 7.908658981323242188e-01 3.404100537300109863e-01 1.449375407057619247e-01 1.080222991430923873e-01 8.901138038186312551e-01 -4.183559590032548403e-01
1.520530443654478312e+09 -5.669513344764709473e-01 8.081774115562438965e-01 3.267696797847747803e-01 1.436644151874919562e-01 1.139834785810449058e-01 9.021959620550881187e-01 -3.903981921972671243e-01
1.520530443704013109e+09 -5.310686826705932617e-01 8.220333456993103027e-01 3.095977306365966797e-01 1.413946299091181358e-01 1.242601646519645581e-01 9.126325835043732626e-01 -3.628618712949371883e-01
1.520530443754014015e+09 -4.917620420455932617e-01 8.310907483100891113e-01 2.894808053970336914e-01 1.343169175027746354e-01 1.354733518874195464e-01 9.232484441814958753e-01 -3.334939983228895066e-01
1.520530443804016113e+09 -4.492287933826446533e-01 8.364784717559814453e-01 2.671443819999694824e-01 1.243965675741044025e-01 1.424398990202291326e-01 9.337517435021935874e-01 -3.038816392108973918e-01
1.520530443854018211e+09 -4.039883911609649658e-01 8.390857577323913574e-01 2.436918169260025024e-01 1.130879879781808983e-01 1.440523099798149687e-01 9.440358759334824823e-01 -2.743288244334319836e-01
1.520530443904020071e+09 -3.554287850856781006e-01 8.383053541183471680e-01 2.202435582876205444e-01 9.932714879363462035e-02 1.446532971627702002e-01 9.537683181489506890e-01 -2.439990500550944796e-01
1.520530443954022169e+09 -3.039519190788269043e-01 8.336220383644104004e-01 1.966049820184707642e-01 8.672435046675812387e-02 1.505238171939971559e-01 9.614626172118460046e-01 -2.130988108779927059e-01
1.520530444004023075e+09 -2.495037317276000977e-01 8.245096206665039062e-01 1.724617183208465576e-01 7.481461046535253789e-02 1.627976602494269620e-01 9.672036803477576106e-01 -1.800464845532465941e-01
1.520530444054024220e+09 -1.927289664745330811e-01 8.123788833618164062e-01 1.481228172779083252e-01 6.406944090898991639e-02 1.793460653771006552e-01 9.707508449566307762e-01 -1.461947078089682328e-01
1.520530444104402542e+09 -1.326871663331985474e-01 7.974178194999694824e-01 1.242497935891151428e-01 5.299133883963731001e-02 1.976995506725092167e-01 9.724711828647059075e-01 -1.113849369061654104e-01
1.520530444154403687e+09 -7.124365866184234619e-02 7.809284329414367676e-01 1.016977131366729736e-01 3.923820438277971639e-02 2.156884728846425459e-01 9.729263450737057894e-01 -7.316538145206495647e-02
1.520530444204405546e+09 -8.446525782346725464e-03 7.621396183967590332e-01 8.138789236545562744e-02 2.867086375014405580e-02 2.320567632714343742e-01 9.716994616827260289e-01 -3.358267942416714308e-02
1.520530444254406452e+09 5.555057525634765625e-02 7.416122555732727051e-01 6.327607482671737671e-02 2.298829385148130205e-02 2.465613639638007115e-01 9.688356553801382720e-01 6.041937623500494119e-03
1.520530444304408789e+09 1.179694235324859619e-01 7.184101939201354980e-01 4.860677942633628845e-02 2.228822715445900882e-02 2.593219326717357553e-01 9.644197482152202516e-01 4.636722353342134090e-02
1.520530444354410648e+09 1.799762696027755737e-01 6.928746700286865234e-01 3.859732672572135925e-02 2.139248387960823033e-02 2.724765021506536655e-01 9.577650703339831706e-01 8.935875702663832743e-02
1.520530444404411554e+09 2.434504926204681396e-01 6.654274463653564453e-01 3.080530092120170593e-02 2.009712100754778435e-02 2.835929906730064731e-01 9.495154937082288527e-01 1.326327583079165984e-01
1.520530444454413652e+09 3.056785464286804199e-01 6.374631524085998535e-01 2.687399834394454956e-02 1.959064060028468252e-02 2.902733111202538407e-01 9.408499079154053479e-01 1.736636473984355111e-01
1.520530444505161524e+09 3.678620755672454834e-01 6.090659499168395996e-01 2.652219124138355255e-02 1.987589100330048805e-02 2.908516154538715037e-01 9.326962592424048459e-01 2.123392915593416141e-01
1.520530444555263519e+09 4.277737438678741455e-01 5.818059444427490234e-01 2.910257875919342041e-02 2.286476549790682905e-02 2.864493612297923097e-01 9.257191642754327709e-01 2.459024091849532356e-01
1.520530444605164289e+09 4.859341979026794434e-01 5.556248426437377930e-01 3.495729714632034302e-02 2.724143843325043876e-02 2.822049836089441377e-01 9.187009269141384049e-01 2.749670128314773976e-01
1.520530444655166626e+09 5.412432551383972168e-01 5.312970280647277832e-01 4.428923502564430237e-02 3.061969082186957736e-02 2.828845565616334712e-01 9.104331364437375784e-01 3.002503393139134835e-01
1.520530444705167532e+09 5.959333181381225586e-01 5.089343786239624023e-01 5.677640810608863831e-02 3.019810256085790623e-02 2.818481302202345828e-01 9.041504783251895772e-01 3.196273120955286373e-01
1.520530444755169392e+09 6.500324606895446777e-01 4.899942576885223389e-01 7.479482144117355347e-02 2.373993876288661709e-02 2.704307644673705213e-01 9.026611741996388716e-01 3.339257724849302167e-01
1.520530444805170536e+09 6.992004513740539551e-01 4.766493141651153564e-01 9.995656460523605347e-02 1.128690678511627514e-02 2.472697173656024650e-01 9.055702595723620352e-01 3.444891835561805782e-01
1.520530444855172396e+09 7.430287599563598633e-01 4.676646888256072998e-01 1.327562332153320312e-01 -7.556341913794444032e-03 2.169991080002803274e-01 9.109633361068401047e-01 3.507136853518275643e-01
1.520530444905173302e+09 7.799717187881469727e-01 4.630503058433532715e-01 1.706110239028930664e-01 -3.052019379090032195e-02 1.824160099835546167e-01 9.180174623985715154e-01 3.507660984244813096e-01
1.520530444954962492e+09 8.091554641723632812e-01 4.630728662014007568e-01 2.107554376125335693e-01 -5.414028215555909129e-02 1.442179265423711720e-01 9.274492473363330491e-01 3.407461124168623123e-01
1.520530445004964352e+09 8.272808194160461426e-01 4.678403437137603760e-01 2.520991563796997070e-01 -7.605793988836460906e-02 1.051944855253344052e-01 9.378852145454832367e-01 3.217462266009828986e-01
1.520530445054965258e+09 8.335428833961486816e-01 4.749439358711242676e-01 2.927187085151672363e-01 -9.558041418926194188e-02 6.812351960001442053e-02 9.477922345324254483e-01 2.965020247161010425e-01
1.520530445104967594e+09 8.283005952835083008e-01 4.809098541736602783e-01 3.312349617481231689e-01 -1.100588193054153480e-01 3.066281347755859740e-02 9.570208576412045920e-01 2.665669263101329012e-01
1.520530445154968500e+09 8.112819790840148926e-01 4.874199926853179932e-01 3.638964295387268066e-01 -1.197597470074341780e-01 -5.761938795935690923e-03 9.658818329729146335e-01 2.295575914469169532e-01
1.520530445204970360e+09 7.844027876853942871e-01 4.936122894287109375e-01 3.888851404190063477e-01 -1.280428743698406036e-01 -3.649565883037980685e-02 9.733127176896578803e-01 1.869102533121665688e-01
1.520530445254971504e+09 7.490501403808593750e-01 4.996068775653839111e-01 4.049642086029052734e-01 -1.335595726627642199e-01 -5.986177680820610469e-02 9.790167428456371113e-01 1.417907805727297577e-01
1.520530445304973364e+09 7.056281566619873047e-01 5.035628676414489746e-01 4.125986695289611816e-01 -1.354212713396209244e-01 -7.280446333469740849e-02 9.835145724340528250e-01 9.518232607564122705e-02
1.520530445353891611e+09 6.560217142105102539e-01 5.037883520126342773e-01 4.095148444175720215e-01 -1.388536272424150120e-01 -7.340880587593061335e-02 9.864403936398238315e-01 4.760427729945725106e-02
1.520530445403893948e+09 6.000292897224426270e-01 4.988474547863006592e-01 3.958567380905151367e-01 -1.405626187457514054e-01 -6.461757191939415668e-02 9.879495150548893712e-01 -4.740813578630836793e-03
1.520530445453895807e+09 5.391193628311157227e-01 4.844993352890014648e-01 3.719322085380554199e-01 -1.352759954466037362e-01 -5.010132522440515629e-02 9.875809472829041313e-01 -6.224254839328516309e-02
1.520530445503897667e+09 4.740636348724365234e-01 4.624174237251281738e-01 3.402315974235534668e-01 -1.256465909531081782e-01 -3.137392544878489509e-02 9.843789320778619789e-01 -1.192758528162539133e-01
1.520530445553898811e+09 4.063364863395690918e-01 4.298175573348999023e-01 3.023203313350677490e-01 -1.158281006651944306e-01 -2.446763373134780688e-03 9.781009246473343355e-01 -1.729058866820889495e-01
1.520530445603899717e+09 3.378438353538513184e-01 3.855036199092864990e-01 2.602047026157379150e-01 -1.116120758828613724e-01 3.638371641205342955e-02 9.666121709234877235e-01 -2.277715537984228156e-01
1.520530445653901577e+09 2.695991396903991699e-01 3.289235532283782959e-01 2.161322832107543945e-01 -1.135198857018079460e-01 7.784412128611888082e-02 9.483645050519895481e-01 -2.857591536398008669e-01
1.520530445703903913e+09 2.050246894359588623e-01 2.614002823829650879e-01 1.719834506511688232e-01 -1.145223083654630658e-01 1.203503011537716688e-01 9.232492462798086441e-01 -3.464264353980619493e-01
1.520530445753750563e+09 1.452249437570571899e-01 1.854143738746643066e-01 1.335657387971878052e-01 -1.123096345237316745e-01 1.622435555848526223e-01 8.930282576294428232e-01 -4.044305944654189577e-01
1.520530445803752661e+09 9.172656387090682983e-02 1.052070036530494690e-01 1.009908765554428101e-01 -1.108338394626170037e-01 1.988000423138556738e-01 8.592432787180056541e-01 -4.581434177022688514e-01
1.520530445853754759e+09 4.492072016000747681e-02 2.365646697580814362e-02 7.757288962602615356e-02 -1.108309849170361350e-01 2.270455656538142297e-01 8.236011259824598252e-01 -5.077873464154888383e-01
1.520530445903755665e+09 4.091862123459577560e-03 -5.500625818967819214e-02 6.413418799638748169e-02 -1.128881943756879225e-01 2.470184857254383859e-01 7.892681343120850901e-01 -5.507212865325152862e-01
1.520530445953756571e+09 -3.155061230063438416e-02 -1.275887936353683472e-01 6.099646911025047302e-02 -1.103991108841246294e-01 2.628352911007472703e-01 7.550771748938805983e-01 -5.904135042682003842e-01
1.520530446003758669e+09 -6.596898287534713745e-02 -1.952382028102874756e-01 6.202238425612449646e-02 -1.056907170872148083e-01 2.692410036285079467e-01 7.229654747249456559e-01 -6.274230443986242856e-01
1.520530446053760529e+09 -9.648618847131729126e-02 -2.550598978996276855e-01 7.424054294824600220e-02 -9.575593224647294122e-02 2.652091613580503382e-01 6.956288635196291592e-01 -6.607536503189046506e-01
1.520530446103761673e+09 -1.261273026466369629e-01 -3.030731379985809326e-01 9.579178690910339355e-02 -7.895755603297621716e-02 2.523775942189509514e-01 6.734321573123842608e-01 -6.903335308234288537e-01
1.520530446154954195e+09 -1.558374017477035522e-01 -3.415859341621398926e-01 1.228401362895965576e-01 -5.710001675968622709e-02 2.321758275791601933e-01 6.551908866269458009e-01 -7.166302221194501554e-01
1.520530446204900026e+09 -1.841893196105957031e-01 -3.689318895339965820e-01 1.535931825637817383e-01 -3.275916758997014094e-02 2.089766285395775747e-01 6.415596670149704694e-01 -7.373308615015947698e-01
1.520530446254902124e+09 -2.124424874782562256e-01 -3.885607123374938965e-01 1.857015192508697510e-01 -7.201398607719325731e-03 1.819202839477288558e-01 6.334241340941678677e-01 -7.520817884336278292e-01
1.520530446304903030e+09 -2.402524501085281372e-01 -3.984805047512054443e-01 2.190191149711608887e-01 1.926710168464705261e-02 1.531587013081328330e-01 6.303679609758989777e-01 -7.607939437070770916e-01
1.520530446354904890e+09 -2.663477957248687744e-01 -3.981394469738006592e-01 2.547091245651245117e-01 4.672283791503925587e-02 1.250688314684777480e-01 6.310820135107114703e-01 -7.641402070533527269e-01
1.520530446404906034e+09 -2.938341796398162842e-01 -3.899359405040740967e-01 2.857576012611389160e-01 7.256745199464592622e-02 9.912698986173859583e-02 6.355597668442427572e-01 -7.622149221583419676e-01
1.520530446454907894e+09 -3.213053643703460693e-01 -3.732969760894775391e-01 3.129605352878570557e-01 9.418181335069326920e-02 7.811977845597811720e-02 6.423347683739790703e-01 -7.565931083388947043e-01
1.520530446504908800e+09 -3.469509184360504150e-01 -3.486938476562500000e-01 3.352876901626586914e-01 1.135888206393773914e-01 6.304385278359808664e-02 6.504012104128309435e-01 -7.483991701929392226e-01
1.520530446554783344e+09 -3.719946742057800293e-01 -3.189040124416351318e-01 3.520019054412841797e-01 1.306278364956095783e-01 5.117525738410368119e-02 6.615730904269957469e-01 -7.366400120730756118e-01
1.520530446604785204e+09 -3.975740671157836914e-01 -2.839500904083251953e-01 3.635359704494476318e-01 1.414185274507220591e-01 4.107101887997780670e-02 6.783957881406076362e-01 -7.197868616020394184e-01
1.520530446654786348e+09 -4.221570491790771484e-01 -2.439422309398651123e-01 3.701603114604949951e-01 1.456666807904676841e-01 3.217665676828108251e-02 6.993193843656932973e-01 -6.990695813129704783e-01
1.520530446704788208e+09 -4.447339475154876709e-01 -2.003520131111145020e-01 3.721663653850555420e-01 1.470786695784114528e-01 2.490819102753429395e-02 7.219140115687474601e-01 -6.757126659131814650e-01
1.520530446754789114e+09 -4.641241431236267090e-01 -1.549616456031799316e-01 3.692598640918731689e-01 1.478589778963812496e-01 1.963272884719798744e-02 7.429956226812015618e-01 -6.524643923541141310e-01
1.520530446804791451e+09 -4.803676009178161621e-01 -1.097843274474143982e-01 3.619722723960876465e-01 1.463659215297512806e-01 1.647384045615929785e-02 7.614695214422433356e-01 -6.312446415692514190e-01
1.520530446854792356e+09 -4.930616617202758789e-01 -6.593523919582366943e-02 3.505610525608062744e-01 1.411911027711477973e-01 1.542878420881309796e-02 7.811124748429073561e-01 -6.080216499113278994e-01
1.520530446904794216e+09 -5.006334185600280762e-01 -2.336250059306621552e-02 3.356714844703674316e-01 1.325421861983266392e-01 1.692271519109495373e-02 8.039870449495643001e-01 -5.794402662411343163e-01
1.520530446954330206e+09 -5.032692551612854004e-01 1.731027290225028992e-02 3.189743757247924805e-01 1.221349910225821844e-01 2.270337615103499088e-02 8.280636165261051618e-01 -5.466975833721653411e-01
1.520530447004332066e+09 -5.026834607124328613e-01 5.703261867165565491e-02 3.000017702579498291e-01 1.113020031379349239e-01 3.319202510059741235e-02 8.504275696691756536e-01 -5.131111987803265162e-01
1.520530447054334164e+09 -4.994760453701019287e-01 9.483725577592849731e-02 2.785736620426177979e-01 9.840656469864031419e-02 4.648188710176592159e-02 8.704863479663234038e-01 -4.800094792813202615e-01
1.520530447104335308e+09 -4.932956099510192871e-01 1.298024505376815796e-01 2.550137341022491455e-01 8.365880762882338395e-02 6.177809704756902914e-02 8.881876938659803988e-01 -4.475570255244978868e-01
1.520530447154337168e+09 -4.852730631828308105e-01 1.614425778388977051e-01 2.301512956619262695e-01 6.774041281776299606e-02 7.648157582562831180e-02 9.038406910891075841e-01 -4.154922504236055469e-01
1.520530447204338312e+09 -4.757431745529174805e-01 1.903607845306396484e-01 2.052895575761795044e-01 5.220324991404402121e-02 8.675983049987251450e-02 9.188944765795007408e-01 -3.812879403046085525e-01
1.520530447254340172e+09 -4.646745026111602783e-01 2.166573405265808105e-01 1.831067502498626709e-01 3.812694687352875117e-02 9.253017034669262786e-02 9.329155705194482895e-01 -3.459090079487487923e-01
1.520530447304342031e+09 -4.533583521842956543e-01 2.404987066984176636e-01 1.650734692811965942e-01 2.799450182819647123e-02 9.470563210192087245e-02 9.454145260098004711e-01 -3.105455282647471282e-01
1.520530447354343176e+09 -4.423590898513793945e-01 2.616069316864013672e-01 1.523611694574356079e-01 2.154217103080677959e-02 9.508362418840089758e-02 9.559945470556260316e-01 -2.767118813466216687e-01
1.520530447404124022e+09 -4.331063032150268555e-01 2.798382639884948730e-01 1.450609564781188965e-01 1.743446638617748151e-02 9.724259240408335281e-02 9.639408453479598737e-01 -2.470990980846003715e-01
1.520530447454125166e+09 -4.272805452346801758e-01 2.950845956802368164e-01 1.419715732336044312e-01 1.353495866709643509e-02 1.019308581563622418e-01 9.701523322940741600e-01 -2.196163864418037848e-01
1.520530447504127026e+09 -4.263269901275634766e-01 3.081227242946624756e-01 1.428679823875427246e-01 1.359971258845519421e-02 1.046454774671219529e-01 9.754647078568188245e-01 -1.932174308622300607e-01
1.520530447554127932e+09 -4.299117922782897949e-01 3.191235363483428955e-01 1.484163850545883179e-01 1.507321636279897181e-02 1.021142528207360095e-01 9.802929646983632450e-01 -1.684374687598838849e-01
1.520530447604130030e+09 -4.369738996028900146e-01 3.284940421581268311e-01 1.567061692476272583e-01 1.627395050012194616e-02 9.481918428531675713e-02 9.848260481442355774e-01 -1.444373072415671977e-01
1.520530447654130936e+09 -4.463849961757659912e-01 3.363144099712371826e-01 1.670081168413162231e-01 1.626147705445993297e-02 8.531933294160998216e-02 9.888344425991083542e-01 -1.210893096855233109e-01
1.520530447704133034e+09 -4.573824703693389893e-01 3.425111174583435059e-01 1.770875155925750732e-01 1.355227030694845097e-02 7.399778527704381492e-02 9.920674179800595960e-01 -1.007119750873630287e-01
1.520530447754142046e+09 -4.690526425838470459e-01 3.470432460308074951e-01 1.850768178701400757e-01 8.230778614084059003e-03 6.054842265363036269e-02 9.945521030993171863e-01 -8.445269100679012042e-02
1.520530447804071665e+09 -4.808001220226287842e-01 3.490171134471893311e-01 1.905364394187927246e-01 5.170263927309830081e-04 4.631765450746173907e-02 9.961800937796191358e-01 -7.402451162868885215e-02
1.520530447854074001e+09 -4.917580485343933105e-01 3.498110771179199219e-01 1.936137229204177856e-01 -4.644765989759093612e-03 3.225031498907664218e-02 9.973079573979635182e-01 -6.569004066605259318e-02
1.520530447904074907e+09 -5.022585988044738770e-01 3.483774662017822266e-01 1.926939338445663452e-01 -1.349346135735086764e-02 2.483733897107877342e-02 9.978039133770163494e-01 -5.990311797348328582e-02
1.520530447954076767e+09 -5.120248794555664062e-01 3.444066643714904785e-01 1.876196861267089844e-01 -2.703354769968507182e-02 2.119044128070557073e-02 9.978095482175814990e-01 -5.653545774930778672e-02
1.520530448004077911e+09 -5.198236107826232910e-01 3.394405543804168701e-01 1.804653555154800415e-01 -3.563156344630163952e-02 1.701395024084392110e-02 9.976856689439138615e-01 -5.535542581815811741e-02
1.520530448054079771e+09 -5.264518260955810547e-01 3.334531486034393311e-01 1.730987876653671265e-01 -3.998865112592710908e-02 1.431854042530088765e-02 9.976251535333592324e-01 -5.422121557803317310e-02
1.520530448104080677e+09 -5.313247442245483398e-01 3.269854187965393066e-01 1.650721728801727295e-01 -4.277320229652645939e-02 1.472746216397172007e-02 9.975329692303323004e-01 -5.367988750012570032e-02
1.520530448154083014e+09 -5.345891118049621582e-01 3.200816512107849121e-01 1.555239558219909668e-01 -4.525581334863806870e-02 1.998112333085554082e-02 9.972270639235200074e-01 -5.559540490963204434e-02
1.520530448203885078e+09 -5.370935797691345215e-01 3.134488463401794434e-01 1.459074318408966064e-01 -4.633168061657316067e-02 2.824213872235455114e-02 9.968494623473554972e-01 -5.785245361624401228e-02
1.520530448253886223e+09 -5.385283827781677246e-01 3.069973289966583252e-01 1.366042941808700562e-01 -4.586317716750999002e-02 3.785702920748338501e-02 9.964348573919923346e-01 -5.984136774744876208e-02
1.520530448303888321e+09 -5.398431420326232910e-01 2.999643981456756592e-01 1.291432231664657593e-01 -4.859156636410640745e-02 4.340196159543562027e-02 9.959574384016821602e-01 -6.183777405688560547e-02
1.520530448353889465e+09 -5.395701527595520020e-01 2.941845655441284180e-01 1.244011521339416504e-01 -4.948524566783502748e-02 4.090557089154980841e-02 9.960621806097365027e-01 -6.113981591571009122e-02
1.520530448403891325e+09 -5.388448834419250488e-01 2.882026135921478271e-01 1.222064569592475891e-01 -4.996940549035230189e-02 3.552838081804626791e-02 9.962030163688382345e-01 -6.180892208263214643e-02
1.520530448453892231e+09 -5.380766391754150391e-01 2.819166183471679688e-01 1.219876110553741455e-01 -4.626771235030365664e-02 3.292277312936522926e-02 9.963464306011448057e-01 -6.379012487603315240e-02
1.520530448503894329e+09 -5.368579626083374023e-01 2.763899862766265869e-01 1.212921291589736938e-01 -4.717322652395369853e-02 3.331100083306870463e-02 9.963385722797976074e-01 -6.304374124584993799e-02
1.520530448553895235e+09 -5.346035957336425781e-01 2.713969647884368896e-01 1.196378916501998901e-01 -4.938296141649969190e-02 3.042150048962625683e-02 9.963826361600947035e-01 -6.210875774282345607e-02
1.520530448603929996e+09 -5.324712395668029785e-01 2.669200003147125244e-01 1.192962527275085449e-01 -4.600185534767736728e-02 2.413388531271759216e-02 9.967439188454662036e-01 -6.166802355245963596e-02
1.520530448653931856e+09 -5.311563014984130859e-01 2.627039253711700439e-01 1.187181994318962097e-01 -4.896333153079001493e-02 1.845095756878454771e-02 9.968060264659862613e-01 -6.033158319895613741e-02
1.520530448703933716e+09 -5.301506519317626953e-01 2.588683068752288818e-01 1.170504540205001831e-01 -5.220889488280253121e-02 1.339108077089609661e-02 9.968077784457661794e-01 -5.889960170425900116e-02
1.520530448753934860e+09 -5.289605259895324707e-01 2.560378611087799072e-01 1.145665496587753296e-01 -5.648664660339706295e-02 1.019876805267030083e-02 9.967428274177533298e-01 -5.664785853828694512e-02
1.520530448803936958e+09 -5.276262164115905762e-01 2.539656758308410645e-01 1.124665886163711548e-01 -5.896128684877507270e-02 9.106201430587193904e-03 9.968098914934009347e-01 -5.301588412500615050e-02
1.520530448853938818e+09 -5.262759327888488770e-01 2.525385320186614990e-01 1.112449914216995239e-01 -5.842933666358560152e-02 9.276989629207149299e-03 9.970937732762785721e-01 -4.799955597863551221e-02
1.520530448903939962e+09 -5.249547958374023438e-01 2.513301074504852295e-01 1.094115823507308960e-01 -5.822945593047904045e-02 1.292244401319920209e-02 9.972721650612311750e-01 -4.348068188115671029e-02
1.520530448953941822e+09 -5.236498713493347168e-01 2.500806152820587158e-01 1.075154691934585571e-01 -5.708681963343165133e-02 1.810420613256253503e-02 9.973528033638078272e-01 -4.123976681315217468e-02
1.520530449003905058e+09 -5.225752592086791992e-01 2.487914711236953735e-01 1.056034788489341736e-01 -5.700492154494584546e-02 2.246485147227706911e-02 9.972984210209061562e-01 -4.051701861182108177e-02
1.520530449053906202e+09 -5.216239094734191895e-01 2.479702830314636230e-01 1.036816164851188660e-01 -5.712566553399286984e-02 2.752073309219338695e-02 9.972215940906814513e-01 -3.909424339473689669e-02
1.520530449103908300e+09 -5.206184387207031250e-01 2.473763674497604370e-01 1.020726561546325684e-01 -5.550208355677440503e-02 3.230869421052614404e-02 9.972077680738783423e-01 -3.810950396399342965e-02
1.520530449153910160e+09 -5.198011994361877441e-01 2.469702064990997314e-01 1.010744720697402954e-01 -5.295454323979340017e-02 3.399217864687835433e-02 9.972943636828595082e-01 -3.800395120910453339e-02
1.520530449203911304e+09 -5.197421908378601074e-01 2.468203604221343994e-01 1.014744266867637634e-01 -5.009187160833902808e-02 3.471688398024548594e-02 9.974135905310720362e-01 -3.810081087576690229e-02
